Source,Dest,RateLimit,Latency,LeaseCost
704,415,11,15.531526,733
196,117,6,4.589945,299
519,709,18,2.601798,771
636,307,9,5.603638,915
678,889,20,17.622392,668
592,199,16,8.579623,607
531,35,5,17.516341,1054
102,892,15,3.305761,1113
984,18,13,20.344603,1021
885,959,8,15.699365,352
573,723,12,18.016680,1130
807,864,19,4.474276,555
490,635,12,2.324256,969
733,950,6,18.020680,105
921,264,12,7.882247,388
289,762,6,8.223145,1180
734,596,13,13.871215,1127
724,74,17,11.877520,1024
393,902,11,5.164311,319
973,516,15,16.378851,418
247,262,14,14.398613,716
505,272,6,10.175760,398
369,217,12,2.505196,334
365,708,12,4.051488,456
886,951,12,17.388613,701
852,843,20,7.452778,192
479,270,14,16.081803,239
226,513,13,0.279572,981
889,143,18,4.132238,1118
385,417,19,6.129195,164
444,778,12,8.705696,606
982,380,6,1.230633,1067
75,39,5,2.437330,226
671,415,12,8.738352,536
722,748,9,20.016204,209
894,398,5,12.535342,1084
993,596,18,13.414257,551
294,135,20,7.777619,788
781,684,9,13.036758,999
930,907,18,0.902602,649
275,704,14,10.518778,1045
706,626,17,13.548277,508
223,966,8,1.658367,174
475,479,18,10.933723,1183
191,986,7,10.990017,123
396,534,5,14.185450,224
35,926,11,4.602575,176
410,677,7,14.044466,483
17,672,7,3.785237,694
651,712,16,13.598676,907
317,770,11,3.403343,431
394,336,9,6.457064,899
279,785,16,4.516608,434
80,724,20,16.667138,990
151,515,7,17.724404,234
511,172,16,4.791092,937
877,401,14,8.639346,1140
761,941,8,11.662644,446
510,494,15,4.893641,613
974,131,18,4.193077,1072
224,746,12,10.288548,1000
750,636,18,10.108910,190
652,347,13,4.290826,980
140,255,16,5.790178,268
19,16,15,13.576479,1066
995,190,12,12.557188,620
719,879,14,0.802807,967
542,2,5,8.249698,119
253,922,15,13.523302,729
645,751,8,2.382434,121
791,236,6,16.835792,720
221,914,5,14.457058,855
181,785,17,10.591605,527
214,265,18,3.188099,948
794,756,11,0.273557,544
318,800,18,3.757095,942
703,363,14,13.835881,824
834,349,20,16.085673,681
93,358,19,7.887692,1190
182,171,19,1.690849,799
274,318,9,14.411695,842
109,689,13,15.541620,123
475,947,6,13.863958,971
796,319,14,3.978415,763
819,815,9,7.502194,1071
15,962,8,10.933929,259
625,417,7,16.817335,783
482,980,16,9.577859,618
653,447,7,6.582634,490
511,411,11,0.991958,651
297,253,12,9.093414,792
896,132,14,0.433672,580
714,889,10,3.013084,990
67,781,20,9.120931,1188
322,748,13,10.287181,511
734,317,7,20.312471,333
940,599,10,14.064636,938
30,161,6,1.730930,707
739,694,13,18.349118,1026
233,305,8,2.892315,270
714,612,20,10.790766,463
685,109,5,13.385565,1001
981,99,9,18.731681,364
983,747,18,14.126722,1108
247,990,7,0.610599,288
239,39,18,15.936937,655
431,40,14,5.544869,335
9,3,13,19.747164,917
276,700,5,20.465501,693
780,430,20,5.386689,964
208,483,15,10.484972,660
441,913,7,1.255674,1037
667,539,15,17.706797,664
19,259,17,15.475127,255
721,12,7,8.413685,824
135,804,14,2.736115,989
181,964,9,12.923885,381
388,588,20,5.351175,1014
934,59,17,17.061631,700
280,895,7,14.481625,461
613,449,11,7.069803,966
69,631,14,4.180225,830
359,53,18,20.099347,870
859,831,8,16.439587,855
276,349,8,12.631872,592
504,730,17,2.674557,778
742,941,8,9.717984,973
696,539,8,13.930460,975
178,943,17,7.401146,484
744,539,9,13.181250,775
22,647,12,20.495759,940
399,596,12,10.033183,983
946,309,8,9.429370,868
552,239,10,5.347071,714
487,801,17,6.106790,834
569,879,9,20.447493,386
774,565,14,18.381233,189
79,90,15,1.683105,834
797,29,11,6.404304,773
478,366,5,19.417385,278
431,243,16,9.842937,312
795,69,15,3.197031,338
272,320,16,3.836834,495
912,922,15,0.289660,922
269,227,17,8.965255,1170
671,513,9,6.157432,1171
550,724,18,2.921420,768
465,173,6,3.972299,377
8,887,13,11.519836,1145
688,751,13,20.025042,361
12,571,13,20.234068,152
512,127,15,4.162157,551
718,662,11,11.719480,716
610,885,8,6.422400,1197
418,430,10,11.356170,301
357,491,17,14.043231,486
754,582,15,20.237094,414
653,550,13,5.054126,145
803,710,11,10.093144,844
278,812,9,20.184021,337
412,745,20,8.156653,923
234,439,16,6.041867,216
848,512,13,20.016648,610
806,169,6,12.693796,849
895,490,15,14.845656,995
463,624,10,17.652953,895
926,941,6,9.269215,616
391,683,11,10.212167,940
877,917,15,9.628641,728
489,842,6,12.024808,394
939,195,10,3.218870,501
519,949,10,5.162412,483
407,766,20,8.228589,343
163,736,17,1.357748,547
75,710,8,8.811380,396
827,733,6,10.762172,1141
765,391,16,4.225833,1199
644,427,18,8.582317,128
561,82,11,20.359294,202
707,993,14,3.641609,794
648,158,11,4.066383,522
895,702,15,11.018632,599
223,930,14,5.043201,315
714,239,15,13.753345,889
825,962,9,4.843733,222
652,745,13,14.572343,487
643,805,9,20.001526,1096
900,313,18,12.858248,726
438,657,5,8.154943,408
340,832,11,18.727908,404
320,98,18,18.537392,330
929,582,18,6.026112,404
702,224,16,12.635215,1177
995,823,10,18.948765,932
759,806,11,7.469696,1105
380,355,16,10.070844,141
753,767,11,16.190987,300
862,548,17,11.030818,1032
975,536,8,15.237124,892
768,42,14,12.509701,168
474,462,19,9.324564,126
174,244,7,0.041343,877
266,715,20,7.873077,436
484,658,10,15.627423,229
484,767,14,5.822276,917
32,782,14,10.582541,432
801,478,15,1.679191,272
718,887,18,19.521383,816
850,466,16,16.635897,257
42,243,12,15.522632,318
986,555,9,17.084978,1053
34,812,6,0.487595,499
290,911,11,1.797021,807
809,259,18,9.959097,935
287,195,9,1.051918,124
719,871,13,13.158880,412
72,624,5,11.643723,784
889,270,8,7.653347,137
708,319,15,6.149979,931
973,448,5,10.315776,833
363,996,17,10.030848,863
961,964,9,2.865730,1041
413,775,10,7.579445,167
339,714,18,6.530069,1063
851,377,18,4.691483,969
276,88,11,5.812716,628
253,168,6,10.969625,770
919,868,14,10.407717,987
971,215,11,5.730095,722
831,613,18,1.242932,145
277,517,5,2.976367,544
643,541,9,10.203247,103
561,929,9,19.270969,1198
269,994,20,15.691912,783
483,284,16,2.421673,104
715,593,10,0.615216,477
611,85,18,7.625009,761
775,943,17,19.237774,1148
808,438,6,11.139154,738
109,143,6,4.432127,1167
124,317,9,7.609175,840
543,177,8,13.051630,744
560,852,14,9.071155,549
904,100,18,17.992775,235
755,738,6,5.199845,102
535,206,5,11.530645,138
303,351,8,8.054675,318
175,682,6,18.941949,531
172,593,12,13.203748,606
217,659,5,14.671010,334
497,574,19,9.791441,561
54,868,9,11.393298,193
435,323,5,16.824340,101
678,56,14,3.141640,674
143,219,17,2.147453,798
747,709,16,16.111917,535
763,261,10,15.677930,989
19,29,11,2.042310,539
576,92,20,1.008261,1152
606,293,7,0.961846,279
588,281,10,17.587330,249
192,877,7,15.186741,276
734,836,17,17.373086,522
934,377,11,12.098830,590
369,765,20,15.387937,1002
686,593,16,5.895984,745
314,35,13,9.456993,1047
797,412,5,5.488567,1006
371,629,16,19.488206,703
60,806,16,13.549109,983
61,184,15,20.309417,344
602,318,9,12.903557,994
210,834,19,19.329966,198
222,851,9,13.926828,248
196,481,14,11.998620,578
971,468,20,15.422800,471
761,481,5,18.557569,1026
752,758,15,10.518131,528
460,592,8,1.379207,518
255,238,7,20.443153,295
109,868,17,11.083301,221
825,508,19,4.875343,288
78,515,17,19.895173,971
50,897,9,19.855519,739
660,302,16,6.935857,164
768,343,6,0.930280,169
641,637,15,10.755647,834
630,450,15,2.125228,247
690,969,12,15.002261,378
580,823,7,7.703004,585
813,178,19,5.748197,799
346,688,8,6.090471,778
536,228,12,9.215934,115
16,371,6,18.075377,380
21,197,8,1.966644,546
580,112,11,11.504024,371
211,641,6,12.945916,643
486,232,17,7.448289,295
296,653,7,18.533502,1142
923,399,20,7.202829,926
394,651,16,7.964481,1131
345,822,12,1.947490,258
160,249,20,13.057840,201
315,615,10,5.480630,598
367,484,11,5.947328,594
381,412,19,4.603531,474
613,898,13,19.179853,475
163,142,8,2.042944,117
542,517,17,11.057890,285
498,161,14,19.669208,301
167,584,18,14.792430,216
129,444,12,0.599812,364
743,695,14,20.196221,938
138,812,13,12.132613,783
649,56,12,11.746716,967
622,26,16,20.232347,787
334,872,14,6.575784,737
577,308,9,5.980174,595
810,228,18,5.993264,514
485,386,9,7.181133,494
153,264,20,0.705277,653
411,597,18,9.715038,1190
44,377,16,1.349751,200
436,900,8,15.184873,1105
291,491,6,7.549701,358
990,183,7,6.995959,1057
830,382,18,17.540310,779
560,17,17,11.277413,851
684,889,10,17.961191,836
268,8,10,0.194329,182
260,37,15,8.331884,851
95,955,19,7.850271,1055
21,718,8,12.723978,122
403,886,20,5.812199,1026
649,969,18,2.529755,215
401,592,11,9.356028,265
492,206,7,11.017737,639
132,775,8,7.072645,981
992,615,12,1.402037,852
801,599,15,0.801619,377
381,770,8,13.972968,191
867,584,9,9.516322,1094
249,695,5,18.305298,209
249,269,7,18.412627,671
666,559,13,14.036900,906
779,164,6,6.562790,1086
261,177,17,9.965422,192
957,723,5,15.003515,852
367,733,16,18.078477,740
528,317,7,5.246597,776
201,100,17,13.778039,1194
802,244,8,5.035554,806
607,644,13,11.685890,824
685,635,5,12.973139,106
309,598,6,13.561875,700
215,811,18,18.266226,441
668,567,13,0.976127,517
74,456,20,18.720887,385
446,21,5,1.716564,709
868,984,15,3.011910,720
608,15,18,15.230927,133
686,2,12,11.697740,1063
94,280,8,18.858808,641
636,149,19,10.596159,260
994,761,9,11.588777,726
324,923,18,4.703285,925
804,876,10,6.868045,143
487,262,19,9.718419,436
861,505,5,3.121058,678
894,411,19,17.895385,1137
466,929,7,14.521818,133
878,840,16,14.353608,983
686,162,6,10.394408,673
577,451,8,9.685535,670
612,129,18,5.624272,127
171,772,12,15.091873,1185
770,144,16,16.548639,346
993,741,15,3.612286,147
538,870,14,11.524093,988
417,510,14,2.240633,344
980,362,18,18.899925,1055
246,671,20,10.353725,394
89,426,8,14.480217,800
920,689,16,15.217930,303
108,557,17,13.239667,275
958,683,10,10.442214,701
499,748,13,18.307951,937
196,265,8,10.463747,778
899,136,9,8.038497,952
387,295,11,7.614100,592
819,353,12,13.512693,454
468,236,14,7.318106,179
597,776,18,13.939382,549
750,835,18,11.523930,568
809,304,6,8.131137,706
48,641,19,18.267128,970
318,723,15,10.243738,1160
606,256,5,2.807914,161
769,672,16,11.805266,119
156,410,9,7.324999,486
2,672,8,14.291942,806
998,57,18,18.541184,733
538,496,17,18.712651,565
800,469,16,15.308473,764
103,515,12,13.718044,1094
236,71,11,1.897194,354
701,648,9,6.816182,492
509,90,12,13.401234,534
752,267,16,19.493179,383
423,79,17,3.125486,107
382,560,12,16.539012,358
407,760,5,2.954433,689
618,921,15,15.110010,1150
542,329,20,7.717282,506
667,700,14,17.550916,342
261,648,19,12.064688,569
973,972,14,19.700923,585
450,504,9,20.071307,1033
413,45,7,19.495590,464
173,357,18,2.110850,272
597,869,6,6.169739,192
393,32,10,11.822467,740
187,343,15,11.460283,925
820,89,6,6.031081,169
384,206,18,17.118053,572
427,122,8,17.919839,147
272,830,14,0.874391,876
935,594,9,1.055687,641
512,851,18,7.130147,127
838,628,15,7.032194,915
170,156,11,10.486823,521
388,299,20,6.574698,609
816,910,20,10.444317,794
463,332,11,4.723985,970
800,412,19,5.532733,1081
556,827,5,11.283336,129
798,157,19,0.914374,154
919,869,17,12.514249,360
269,390,6,15.053327,1151
122,745,18,7.962108,583
960,689,14,0.292337,135
272,718,8,5.187538,181
927,379,16,2.096267,898
583,80,20,3.323953,923
765,201,20,11.548021,777
204,571,16,18.241356,408
289,203,16,6.610665,1158
526,996,13,13.013359,694
441,7,14,2.712189,134
586,600,13,7.644547,302
692,409,7,10.066175,964
864,339,17,15.805981,947
689,203,11,9.400506,1177
956,754,15,17.452575,202
185,626,9,17.038935,639
926,253,9,8.726643,590
664,260,8,0.358894,419
877,408,6,3.150638,1069
949,287,7,15.861899,720
572,389,18,10.169917,1021
69,320,17,15.000220,334
93,88,15,17.031469,279
80,345,11,12.619777,1009
687,758,14,7.305778,309
938,532,5,20.106440,1157
407,307,16,11.558846,664
74,517,20,10.838909,1052
555,997,5,2.949755,372
179,144,5,6.066657,651
467,847,6,1.019041,413
315,957,12,6.258601,621
2,853,14,9.481808,316
237,872,9,13.732409,277
390,859,11,3.621537,535
828,771,13,14.890799,465
533,823,5,6.215120,1031
656,266,8,5.977417,1066
620,551,18,15.173535,1109
813,115,11,14.478362,754
799,840,11,12.993457,1072
808,583,16,10.614963,486
968,766,12,20.197021,576
906,877,7,12.051315,427
762,52,12,1.113232,1121
302,848,19,4.824908,1051
946,962,9,5.039155,690
352,609,9,10.416435,575
940,142,8,3.249914,671
155,945,14,17.184252,999
121,682,10,3.297945,196
747,913,8,7.286223,202
532,468,11,5.123686,504
800,632,15,7.375582,965
951,537,5,12.022073,989
372,433,8,13.220032,295
549,823,7,17.172917,182
559,718,18,15.166115,1042
719,316,6,4.314616,622
231,482,5,4.478473,759
328,742,6,8.060740,386
197,486,15,19.740689,571
460,726,10,19.302669,450
164,463,13,3.162103,868
1,225,7,0.547917,614
910,257,6,3.669071,596
427,623,5,18.080803,214
836,209,18,14.052175,801
351,789,7,15.865227,1093
561,97,8,13.162874,912
513,537,10,4.817059,510
526,44,13,13.556063,560
597,838,18,18.086657,911
394,349,16,12.459970,713
334,295,6,9.180751,993
65,41,15,5.512024,852
232,842,11,10.315758,620
169,355,11,2.031561,134
235,904,15,4.296757,1186
727,453,20,10.379001,767
108,872,10,8.099624,773
24,30,19,10.674576,548
266,912,18,4.361517,650
238,514,16,3.997273,1034
407,810,14,7.613327,1078
468,602,20,16.991068,823
228,426,17,6.800005,163
859,341,12,8.747386,516
221,831,7,19.989058,840
937,93,8,17.242294,684
689,415,17,20.359211,668
932,759,12,17.761506,906
18,748,16,20.483039,291
649,921,18,12.104012,166
707,564,15,10.700799,909
849,119,11,14.068161,420
997,502,5,10.573651,937
838,316,17,3.165740,1187
175,336,7,2.816645,106
908,589,9,11.312667,1117
229,775,6,8.485811,331
110,263,16,0.089435,858
618,443,20,13.532624,937
976,304,8,15.655533,284
602,104,8,16.394674,518
284,460,7,15.599593,759
433,262,14,0.785227,415
555,214,16,19.054303,760
49,657,7,15.096885,551
184,139,15,16.727321,1081
197,620,19,0.901607,280
739,943,10,12.113914,474
15,64,13,16.122439,496
836,550,9,0.496396,612
561,536,8,11.751414,1184
51,50,16,18.555920,850
819,290,6,8.649040,609
286,402,15,1.926729,274
66,559,5,0.499094,843
21,951,18,9.301909,220
427,110,17,18.257427,939
486,761,8,3.316546,1008
754,216,13,9.779627,797
369,845,6,7.344896,1086
417,906,20,12.494322,351
437,268,11,19.163645,943
987,206,13,4.042975,313
660,426,16,10.144545,1056
906,835,5,17.608035,527
542,406,8,4.752559,1035
625,145,16,16.468898,292
915,357,6,2.680155,1041
989,389,6,3.063847,1176
506,302,9,6.498485,1137
871,890,19,15.921901,1194
744,905,13,14.734293,166
440,437,8,14.550920,632
976,376,5,17.453190,140
945,427,14,20.189531,284
466,132,19,7.934815,459
525,137,7,17.669833,686
338,701,13,11.394349,305
750,694,14,4.174834,512
58,461,10,8.583621,711
448,894,18,1.326857,144
690,905,18,7.324179,299
823,332,12,13.880524,349
969,647,12,4.091853,581
897,645,17,2.581604,363
138,820,20,8.928559,1074
471,733,14,17.488981,229
104,259,10,5.722310,1036
317,269,15,5.765821,998
2,468,14,3.024623,852
65,446,5,16.703127,158
844,393,5,16.913437,885
476,123,13,18.161450,926
297,583,6,14.423139,994
26,65,13,19.068171,382
850,361,17,9.283731,290
467,216,11,7.474919,756
52,557,11,12.838193,973
60,347,5,9.845381,241
750,123,13,14.494642,933
75,202,10,6.259124,601
616,642,17,7.855809,1167
440,460,16,7.417119,892
551,579,5,16.852974,472
832,104,18,1.981538,1077
974,703,13,5.274967,107
651,47,18,7.821814,387
581,216,16,20.365352,594
263,816,5,2.323717,577
726,838,11,3.726365,512
759,295,12,6.882563,647
759,833,11,2.839040,1147
635,474,8,7.519497,941
774,228,18,19.518111,739
528,19,14,20.372882,290
363,527,7,12.954917,988
110,811,16,14.945511,507
888,167,5,10.779190,318
356,84,6,10.555233,632
540,466,15,0.877150,459
447,184,17,16.818478,263
751,493,15,1.025480,435
359,410,9,7.129731,1127
619,618,10,12.521038,966
825,320,19,5.037440,141
42,928,17,6.069111,244
888,661,7,16.439129,1118
725,664,18,16.463032,1001
944,252,8,15.849258,498
617,17,15,11.545276,808
134,891,9,16.724934,854
348,129,9,11.303129,591
62,444,7,18.940872,852
717,114,12,11.560278,637
550,1,19,19.217217,958
904,558,19,0.088510,887
480,541,16,11.484060,219
958,45,12,15.939305,992
192,713,20,2.065451,664
892,675,8,0.987771,550
926,924,5,12.338348,502
227,366,15,19.455360,1120
514,449,20,12.252734,962
324,715,9,15.773350,353
577,802,19,7.425327,1051
988,141,18,19.875623,206
993,453,15,9.370221,855
296,188,11,5.098724,192
454,263,18,11.497331,665
541,356,14,12.434996,442
386,774,13,16.297773,157
604,727,9,19.620086,855
663,333,18,1.100576,298
875,837,6,6.533540,344
360,955,11,2.887274,117
866,606,8,19.312650,878
336,154,8,9.698266,819
442,26,13,0.222257,880
363,746,13,7.586471,1133
378,574,18,14.362497,744
760,775,16,12.629469,966
132,184,10,16.227968,437
826,248,15,7.679434,788
546,805,10,6.627451,336
150,321,18,3.647104,435
936,297,20,19.634559,967
911,780,13,11.508780,717
493,808,6,4.222316,1040
686,592,9,20.014553,800
522,713,16,15.522446,344
338,180,14,12.278621,694
361,567,9,18.910500,537
654,374,16,3.945131,1190
248,27,5,8.102350,1168
507,960,17,18.997977,990
292,557,10,12.596871,654
582,673,7,6.120394,490
202,145,7,16.867120,1011
988,740,6,12.284244,533
621,535,17,15.530214,490
663,658,15,0.680657,714
319,380,11,11.283163,891
200,305,14,14.368109,343
869,639,13,18.230748,1176
817,268,18,16.640573,758
609,875,5,12.477112,539
903,909,10,19.856627,1115
337,421,6,6.180078,127
671,303,6,18.807114,536
371,746,9,9.416947,687
350,766,6,20.128929,837
255,264,12,9.799919,199
434,708,8,2.557359,1181
846,824,8,10.243344,727
639,701,9,10.799579,197
6,800,5,17.097647,1010
527,245,9,9.459432,489
815,507,9,5.279361,356
448,224,15,17.502249,172
978,30,17,8.165523,303
686,522,9,5.166359,1067
172,371,7,7.446337,579
5,828,6,12.846128,1016
613,435,13,3.681962,461
905,595,16,0.161221,682
469,993,10,2.531698,1139
164,895,5,4.422625,403
89,773,11,17.431852,906
462,425,20,8.375933,548
169,586,9,10.337544,542
783,408,8,19.721125,617
448,421,9,16.609007,794
166,676,7,19.258822,621
550,408,9,10.706193,809
170,466,18,17.680530,1192
278,651,16,15.748305,490
764,796,9,1.153446,1073
247,718,17,18.434031,617
96,546,13,14.694964,776
594,546,15,12.840632,770
152,512,20,11.882284,947
603,230,17,8.125757,726
304,271,20,11.493113,935
571,96,6,14.794845,618
397,295,13,19.572004,673
133,830,17,18.304896,611
146,393,16,0.091175,135
396,69,14,20.187251,381
300,987,8,18.985105,521
833,968,8,9.942434,649
861,804,16,16.435179,646
582,574,11,11.094790,695
897,605,14,16.484004,393
182,748,20,8.095523,421
670,729,20,9.066369,794
713,479,12,17.730113,198
9,480,6,9.895221,291
852,725,20,14.536133,386
104,289,14,12.390630,651
354,232,12,6.329318,139
37,983,16,0.237727,1063
660,94,11,15.479168,967
20,982,8,20.381392,554
353,55,16,9.849743,686
660,351,19,12.255444,381
947,974,8,0.001832,1159
901,164,11,9.006685,854
122,601,17,0.212169,800
384,630,15,3.446010,461
677,799,11,4.461052,732
808,752,9,4.898559,836
807,112,20,18.602308,621
416,694,10,0.070931,994
657,221,7,4.361536,1155
52,146,5,5.591285,173
418,830,16,12.619475,480
164,800,19,16.502233,1003
411,30,6,2.821895,632
287,298,5,3.936172,657
368,836,19,14.253789,1133
49,313,6,20.279633,286
740,67,18,5.557919,417
8,785,13,4.561325,1000
968,700,12,14.429571,165
169,712,11,14.712668,614
471,87,16,13.157690,1068
548,65,17,12.792521,174
882,501,11,4.605171,1045
99,896,7,10.030729,680
919,624,7,8.093822,623
422,664,15,2.540575,922
650,257,15,0.256666,580
54,37,16,8.914757,1159
110,253,12,14.146928,913
600,836,6,7.466364,1198
635,600,9,8.619747,339
292,508,6,8.728676,1136
327,978,11,11.376801,973
972,796,9,10.863553,159
703,391,12,16.176264,197
670,741,19,8.913004,276
986,502,20,13.623559,572
23,846,7,11.760505,1058
454,540,15,19.867564,1106
206,882,7,19.925837,185
137,729,17,4.374230,511
364,434,12,17.689158,527
825,461,19,15.610042,770
623,539,12,1.439355,744
733,819,19,16.804518,283
816,410,17,2.113956,666
159,618,6,18.375223,545
119,154,11,18.157146,983
95,610,15,17.634391,691
722,52,12,10.165181,974
877,653,19,13.747000,765
544,240,16,4.558720,749
19,554,11,11.752491,1191
891,440,12,11.951166,466
631,690,12,12.564300,1151
582,420,18,1.218340,339
343,889,11,7.698359,649
63,459,16,19.044946,596
202,217,11,6.829003,698
321,389,17,20.354462,850
930,714,6,12.608372,756
692,633,10,19.017694,379
288,972,8,3.474828,797
443,643,7,6.119938,203
542,348,15,2.453701,1157
651,870,8,8.421506,971
902,986,10,13.854168,795
320,47,17,18.243583,265
102,402,20,19.114725,144
637,835,11,9.276474,771
437,798,20,9.272714,583
947,307,19,0.987024,777
804,470,13,15.743418,244
403,619,17,8.357387,1152
12,46,11,11.236027,492
878,93,11,10.066647,339
887,660,20,15.759157,307
510,892,18,14.989741,237
243,336,5,14.475430,300
563,366,20,11.926389,1192
297,454,15,10.310265,108
358,79,8,2.653218,866
684,22,20,11.005954,922
382,988,19,5.838744,134
93,716,17,18.053353,636
649,857,16,16.638939,855
355,402,8,12.320820,641
715,885,13,8.766514,943
66,757,10,15.483072,547
302,736,16,8.000932,164
61,829,19,18.864983,828
626,830,8,13.811986,503
442,694,17,5.807650,1199
479,892,15,4.899795,437
815,743,5,5.449198,1088
25,622,9,7.349929,1007
73,800,7,11.929133,699
392,355,9,17.090684,463
380,716,11,14.081897,343
50,673,11,16.379866,472
933,482,5,18.099457,824
278,322,11,19.284642,730
825,857,6,6.705009,518
69,261,18,1.365977,688
411,23,17,5.487387,450
993,695,16,7.701436,343
375,780,11,16.479869,847
648,665,18,0.943138,907
802,364,12,13.140098,361
563,760,11,4.193603,792
879,252,5,2.239257,957
170,115,11,1.428213,923
891,620,9,13.355334,116
509,147,12,3.930584,605
745,29,15,5.904721,1031
61,494,11,1.037160,984
172,146,14,16.122226,935
774,460,7,16.763894,239
711,209,16,19.332291,851
592,824,15,5.433426,1197
543,5,5,10.994737,634
725,66,12,2.436427,963
329,976,14,8.314668,482
677,817,6,17.156131,136
623,416,8,20.278118,1111
5,693,20,1.636568,568
729,575,13,14.756877,955
404,828,18,7.497338,171
102,494,14,5.420285,1027
494,582,19,17.479395,802
731,506,16,19.089144,1049
245,15,8,6.318036,299
883,272,8,8.461034,885
963,847,18,17.467467,713
623,46,7,10.061476,1172
827,257,12,2.758522,549
721,781,20,2.164440,604
452,777,9,11.232960,1041
231,784,18,18.997943,1009
377,707,7,19.240628,463
980,355,19,19.439185,276
116,627,14,11.770526,914
704,90,17,12.852675,718
183,862,17,17.656803,835
854,99,14,7.013454,290
693,31,13,1.981354,943
936,941,9,11.483010,642
791,631,19,17.033992,168
785,42,16,11.761878,275
81,182,20,16.594706,670
782,596,14,4.414658,305
645,804,11,9.657318,854
789,271,10,12.892462,551
560,82,11,3.076874,434
522,689,15,5.532156,120
778,88,6,6.223951,909
277,433,7,5.616129,829
993,223,19,9.821429,225
245,971,19,18.533297,201
115,47,10,5.447978,854
18,525,12,20.044972,268
33,722,6,17.066902,763
786,408,18,10.798571,519
582,51,8,4.986297,468
689,327,17,4.248011,954
542,295,16,2.641643,747
427,71,13,4.705038,945
667,696,5,1.961437,194
431,838,13,15.540263,663
407,28,11,3.307515,520
107,396,12,9.176139,1153
685,712,12,7.930427,323
689,550,5,3.113901,886
290,449,8,15.159303,811
192,802,10,6.628307,238
595,637,17,16.535860,1140
450,713,20,0.405356,291
829,141,15,14.524764,1039
967,100,12,6.164916,447
414,474,14,17.488244,843
340,410,14,4.952503,1170
366,898,14,2.048755,102
420,659,14,0.702232,584
437,577,11,15.537937,421
802,509,15,19.502007,870
101,28,11,17.891668,493
998,379,15,0.517741,420
28,277,13,19.264454,294
422,514,6,19.306712,423
793,531,13,2.732913,1150
28,623,15,10.570137,297
315,879,20,1.122336,385
791,9,17,7.016580,1063
442,61,20,15.534568,270
834,253,14,15.841298,1140
585,734,7,11.021175,258
505,769,9,19.187823,606
329,936,7,20.159622,669
544,972,8,15.954190,580
141,488,9,12.883523,367
382,172,6,4.090779,448
200,236,14,9.928238,604
738,304,19,14.437028,1105
541,205,7,8.149142,853
463,569,11,12.160011,696
276,696,7,17.967191,448
281,444,9,7.623534,939
497,239,8,3.755847,612
794,873,18,6.853846,259
669,912,18,6.285057,606
986,50,12,3.372413,930
867,272,18,9.823307,1025
845,377,16,9.800570,154
912,438,20,20.054187,455
139,441,14,10.217336,448
258,272,14,19.857576,945
424,983,5,11.711448,115
459,958,13,3.212733,951
221,172,14,13.938239,572
174,972,12,4.875297,974
513,176,16,14.389418,423
374,21,13,6.918656,565
997,244,19,20.291437,525
567,382,10,19.991141,686
893,953,19,2.630429,725
391,213,5,3.492400,835
997,941,16,15.175863,815
862,665,8,8.910394,564
936,825,11,13.249921,982
307,240,5,20.260178,278
122,459,20,13.540284,316
689,519,15,20.064082,1145
858,675,14,8.258001,885
946,842,18,13.267544,311
778,635,20,1.531701,454
496,457,19,4.033682,272
40,328,9,0.037308,1117
376,600,9,0.506062,533
400,876,20,19.431036,670
564,239,10,18.080552,162
152,840,8,11.435670,1197
554,354,11,18.604448,707
689,685,17,8.358992,509
126,763,19,17.926946,894
185,407,12,0.301254,386
575,944,20,10.019068,1123
178,469,8,10.019414,1080
930,628,5,18.183153,353
442,552,7,7.141272,686
269,155,12,18.751071,835
999,507,18,19.441965,230
250,768,17,3.417169,1016
142,324,17,0.814727,124
250,600,18,11.808258,320
811,329,15,7.324443,142
454,555,11,18.764175,1151
69,677,10,5.022388,495
951,217,16,10.039377,1171
198,409,18,16.135796,702
896,731,12,18.402785,224
677,881,9,0.874723,577
47,61,18,18.496826,1035
307,810,7,11.942363,224
338,713,19,8.262015,979
337,302,13,13.392831,330
768,109,6,0.472325,646
909,121,19,12.473227,232
502,958,18,3.541107,475
699,979,8,1.739380,356
10,483,11,20.085476,533
707,604,11,13.962670,771
183,856,5,12.196367,472
517,100,5,18.738017,912
180,860,19,4.803817,740
662,742,15,19.390746,945
15,401,15,3.830231,579
196,750,12,0.213688,187
295,823,9,5.360926,651
721,59,7,11.249725,1010
358,277,8,19.269491,186
432,880,19,12.509136,278
99,824,19,10.616962,1013
462,240,11,13.463015,980
1,864,16,15.741803,723
358,382,16,12.797273,277
557,111,20,18.727704,759
463,394,6,2.432576,903
438,645,20,18.136472,366
56,721,17,0.404593,241
281,683,15,9.761625,1151
859,634,10,7.436373,371
868,824,15,9.547661,502
714,483,15,9.398812,412
182,443,12,11.287634,875
140,819,20,12.916239,899
176,752,11,19.608892,965
473,824,7,12.245103,744
830,198,14,16.428573,821
256,907,14,1.224301,251
769,832,16,7.137841,955
526,424,18,15.415366,635
484,734,15,5.339208,1140
594,989,9,15.560762,488
402,111,19,13.228560,938
455,833,7,15.027183,1184
852,329,13,17.498664,586
433,122,19,3.361883,237
45,821,13,13.917662,947
208,557,14,13.177444,138
911,220,17,6.200431,655
351,341,9,12.214662,468
710,124,8,15.950884,1045
626,117,14,18.890531,1123
365,529,13,8.642241,623
843,144,5,9.994977,412
673,731,13,8.552471,923
817,262,20,12.166449,1175
350,250,10,17.633788,178
94,663,12,1.633977,296
762,9,6,11.526988,1140
270,821,18,17.292610,937
132,838,6,6.931527,483
187,466,7,11.314118,1110
184,579,5,3.432790,618
890,824,8,15.663824,832
268,157,13,6.857073,1138
195,836,16,18.739844,473
70,494,13,7.028829,900
854,463,14,4.548322,348
683,396,17,2.852532,320
596,830,6,5.464644,1138
623,769,8,9.007419,515
117,449,17,14.112733,518
891,297,13,10.247125,1029
69,14,7,0.395618,809
560,612,8,3.978506,860
648,456,19,17.844725,782
701,282,5,3.739756,847
253,126,13,15.488907,612
22,822,18,19.422729,581
675,395,7,13.889247,1044
623,464,14,13.556841,693
742,262,19,16.507668,210
908,367,14,19.078735,535
538,907,13,8.020175,969
603,353,7,14.292838,915
727,165,16,16.927170,349
922,303,16,18.187014,607
465,492,17,19.117291,1053
152,909,12,16.171656,682
105,334,16,14.873893,579
296,655,17,12.104676,614
294,804,5,4.131657,1082
146,842,17,13.464229,438
68,659,12,8.125772,962
588,1,20,18.887282,525
672,631,9,8.342171,1157
684,352,14,10.066457,101
970,440,6,1.795281,186
994,491,8,7.284652,590
475,775,20,6.873988,1063
622,296,18,12.732832,245
373,968,11,6.408906,848
572,505,7,4.407321,714
506,283,11,6.423833,132
433,32,7,8.612424,1030
775,127,5,13.043465,952
912,723,16,11.154497,462
461,369,19,12.741003,192
264,882,18,20.466744,595
685,996,15,9.792243,194
449,149,12,11.159069,143
144,123,18,17.735955,905
689,294,9,16.843454,805
492,936,9,4.490327,533
856,304,9,13.612284,524
123,357,15,16.673220,695
2,464,6,9.778115,1002
893,460,13,17.205211,393
334,891,15,5.834431,250
593,474,8,1.759353,420
29,18,9,16.870692,620
693,140,16,15.194723,111
533,690,16,12.341335,406
678,169,7,8.307645,913
95,582,6,5.577730,213
717,783,10,12.918349,196
931,561,16,14.730447,118
220,99,8,6.975747,1175
153,980,6,15.726898,990
825,294,7,10.017692,1141
39,848,5,2.893850,772
113,962,7,10.843023,1175
730,446,8,10.660738,542
542,316,18,12.686923,339
366,257,20,14.093816,1077
736,210,12,18.027147,533
225,303,9,6.399386,522
469,758,13,18.971003,850
553,400,20,10.185085,215
713,347,19,18.039682,933
100,981,20,3.427345,186
265,520,6,9.759489,490
89,172,14,12.553421,683
659,470,5,2.729085,339
45,513,8,4.748789,113
979,477,20,2.745039,567
8,794,8,17.850019,457
554,259,11,7.677460,1060
750,343,6,9.889685,832
505,965,7,12.162101,138
691,299,17,11.115118,1128
82,445,19,2.440297,1050
830,58,16,18.893908,674
191,210,16,12.229808,1085
464,833,10,10.888287,1120
93,372,11,11.722835,737
250,552,15,10.591385,1047
726,740,6,1.466427,552
12,754,9,17.395891,1163
232,889,7,8.740538,522
335,824,11,2.804039,489
221,716,10,3.321779,554
349,432,12,5.824711,1048
182,657,6,11.565754,640
517,638,10,4.210061,743
520,759,15,8.813865,1168
766,96,5,16.238734,1065
132,734,14,11.692816,1096
640,6,13,2.528034,554
51,723,17,11.709715,273
258,696,14,5.224378,839
250,263,8,2.257115,869
468,9,6,1.309179,1014
151,683,18,7.380270,1079
589,908,9,7.984743,744
948,418,13,18.835114,378
413,375,20,12.087021,339
171,994,12,12.434982,806
989,987,9,17.948345,721
447,650,16,9.775373,179
285,647,7,6.164939,1112
373,876,19,19.960329,878
892,955,11,19.774059,230
126,551,14,2.101444,564
60,355,20,11.694054,384
9,396,8,5.336513,373
777,767,16,8.023106,968
36,932,11,17.890363,645
84,810,16,0.079625,360
238,202,13,7.032489,587
216,819,8,12.240099,844
362,757,6,20.221795,865
821,743,19,15.410563,1079
505,992,11,4.610750,328
662,203,11,16.697696,859
798,549,19,10.101359,886
963,799,7,4.092625,497
811,765,9,16.607067,374
824,278,20,4.500930,739
826,710,19,5.245423,1097
322,9,16,3.091257,777
958,259,6,5.209524,892
183,773,16,14.295548,212
796,776,6,20.141952,1053
841,847,15,15.306524,123
341,252,17,11.555077,636
218,828,13,20.171738,958
433,510,9,12.369078,899
91,733,6,18.810783,150
800,983,5,16.637346,738
450,514,5,11.018423,1069
399,676,20,17.805573,1105
674,942,17,17.218304,950
776,421,9,18.661877,981
276,760,14,12.670178,642
946,383,14,0.733817,149
302,451,11,1.229223,1014
313,981,8,5.009649,401
685,192,8,7.496006,375
568,677,19,5.799747,569
401,894,5,18.584174,517
96,89,6,18.793178,553
995,104,15,12.770846,544
175,294,20,8.834528,959
153,116,14,1.341794,405
424,380,12,13.375347,409
327,13,10,11.031800,404
21,130,12,10.655391,219
444,847,16,12.941582,1146
956,96,10,16.978933,512
508,223,11,1.206175,623
531,63,5,18.727643,137
685,669,17,3.881487,446
887,424,14,8.020660,700
984,207,14,18.557391,1186
448,601,17,11.636963,171
821,143,8,17.713912,1016
695,899,11,3.006964,490
392,733,13,10.095450,796
372,377,12,1.132696,1192
552,589,11,12.770939,412
160,87,14,14.738573,1054
848,409,11,8.915280,611
625,673,9,3.714860,1016
805,892,17,15.706090,531
680,812,15,1.442490,145
630,652,5,7.917152,280
661,829,8,10.321729,1198
506,106,5,4.897997,169
13,181,8,17.083922,999
525,174,12,18.535574,1124
522,250,14,7.211773,358
291,874,16,6.609430,345
759,615,15,14.943428,1081
713,41,9,0.114590,448
409,286,17,20.107114,806
286,227,8,8.381448,979
959,367,18,6.242874,943
199,590,15,11.688530,872
76,973,15,3.133256,397
863,2,20,14.328147,242
388,3,13,11.342425,1170
123,937,14,19.753934,1113
51,267,19,7.309647,1162
601,549,18,16.859419,282
322,558,7,13.579690,418
800,602,5,0.686993,799
30,171,12,8.725308,271
798,363,12,18.968279,129
852,984,10,15.308713,833
347,803,15,17.527209,197
337,982,8,14.149489,138
42,363,5,20.305590,730
426,596,18,0.820636,602
280,15,17,14.726110,951
451,130,10,16.726367,142
873,443,9,10.544808,1106
289,264,18,18.071420,341
363,957,12,1.479320,1031
330,969,18,19.485011,951
438,578,16,18.372993,442
98,716,6,15.784619,110
261,36,8,3.069076,208
144,151,14,11.041464,647
91,861,9,13.431245,431
60,896,20,16.744348,686
612,299,19,0.666920,832
47,274,18,15.144344,448
293,170,17,2.814012,295
786,800,10,8.941482,825
460,344,12,3.146111,155
941,672,20,10.868002,309
602,713,17,6.442823,1002
101,642,19,5.429347,901
310,856,9,4.031612,861
608,51,14,19.942530,1027
74,504,15,15.504600,1195
788,133,17,6.444208,787
633,631,15,12.703539,943
543,91,19,18.423609,433
517,166,15,17.244760,165
834,437,18,9.215796,296
973,685,5,5.909229,944
270,245,7,16.529077,1037
879,916,15,0.649363,373
286,176,20,0.609588,1153
256,284,12,6.728768,146
345,466,20,3.481796,836
94,484,5,13.159350,157
644,285,9,8.506708,597
834,721,18,4.950722,1142
681,431,16,19.282041,609
440,173,6,18.237488,353
930,663,18,12.973269,777
178,75,8,15.237360,312
15,110,9,3.839334,653
613,256,19,16.751992,132
145,553,19,17.257613,937
647,127,15,15.184129,360
970,950,14,16.718450,243
535,874,5,14.248436,389
844,313,8,15.043879,1187
869,444,13,14.866580,1006
77,389,19,16.030043,783
780,812,20,9.423645,165
668,713,18,5.339062,407
275,675,15,9.431078,1190
110,980,11,8.905185,1156
404,359,15,15.675125,811
68,828,10,5.703794,625
932,397,11,1.001053,681
270,226,12,20.060310,634
552,317,20,15.756255,1161
453,87,16,4.209529,957
247,825,9,0.278197,395
100,893,18,15.644711,465
373,753,13,15.247014,125
117,465,5,3.219223,1193
907,889,5,3.192631,483
78,433,20,14.362837,969
258,21,16,14.696251,728
255,813,16,4.052401,533
787,175,13,11.548721,659
459,340,9,14.409694,325
124,911,5,10.532077,533
588,540,12,3.464448,676
551,141,14,11.191633,654
993,167,17,15.437789,746
81,50,17,12.807102,102
106,590,15,10.963590,675
805,447,19,9.035603,187
970,663,20,16.681524,1037
753,444,6,12.748777,827
474,297,10,18.523664,1149
72,61,19,18.922297,162
322,264,19,12.436208,618
545,125,16,17.418733,853
545,999,8,16.385581,401
231,177,5,12.635588,375
690,357,8,8.285118,526
952,479,17,17.567964,779
417,428,14,5.490240,346
183,280,5,3.971087,533
90,187,13,1.440324,518
972,190,11,8.400726,1083
730,341,13,17.911365,381
521,550,12,5.443799,853
511,704,8,2.653750,1107
480,958,15,7.403999,391
292,716,7,2.025679,525
273,211,16,10.960503,1152
412,750,20,0.881014,103
829,375,19,19.555250,364
595,20,6,6.309487,1033
644,868,19,4.697958,102
259,218,9,18.023287,1013
986,787,19,1.204105,1171
658,723,14,6.226255,726
527,684,9,1.368110,527
12,906,9,3.295599,334
448,229,11,10.701933,581
772,920,17,17.546200,877
878,675,10,9.986532,247
789,462,18,9.080350,297
444,330,7,9.157552,120
589,498,18,19.542087,514
467,682,11,13.242646,359
124,806,5,4.659372,937
198,718,6,8.619866,1186
491,564,15,12.418391,107
19,687,6,19.194876,645
215,605,6,4.153745,1053
161,211,5,3.915791,722
474,779,6,15.110003,189
768,564,11,7.773787,897
730,496,9,8.179739,702
858,707,20,9.666949,419
712,940,20,19.950357,211
669,740,10,4.817808,602
666,210,9,17.367408,1032
725,335,9,17.694979,570
435,968,15,2.137893,489
673,60,11,0.967021,769
533,968,7,6.595584,987
216,410,15,15.951752,985
551,955,19,1.712225,1127
950,777,15,9.508190,396
829,40,8,8.140449,193
369,69,7,16.187993,877
742,457,8,15.721266,598
530,60,16,19.815107,980
991,427,13,4.833373,114
685,873,17,7.907692,575
388,637,10,8.661243,397
296,340,11,16.987967,364
636,643,17,15.241580,522
773,803,8,18.258350,1184
729,968,18,9.015683,717
490,146,20,20.336022,578
57,572,9,9.216545,914
857,39,16,11.790537,419
903,242,8,16.264890,793
155,978,5,15.489886,232
304,205,13,7.184851,1047
670,896,5,0.060460,887
22,242,5,0.792426,538
771,69,12,20.469870,467
565,963,10,20.298924,863
152,375,19,5.752576,1039
289,560,13,18.035561,1091
201,852,15,11.303535,654
344,660,15,9.252017,325
966,972,13,0.437705,951
392,415,8,10.140482,365
247,689,16,6.169523,973
815,359,5,15.402610,914
485,330,6,16.991082,509
131,718,17,17.918165,645
596,869,17,1.272731,292
750,491,12,8.419647,1064
543,211,17,15.646798,415
172,491,9,1.890208,1024
468,453,8,14.720637,374
58,121,19,2.581523,508
630,750,9,10.892732,416
716,561,6,5.746369,1049
417,959,17,5.311843,721
917,311,7,17.326640,927
237,330,18,13.072377,923
274,50,20,18.311883,359
256,869,14,16.790026,324
102,446,18,13.406689,775
80,159,11,1.151800,160
876,39,10,9.087686,1001
603,103,5,17.621511,670
619,398,6,11.457893,142
897,238,17,3.609158,353
138,399,17,5.747466,187
273,833,11,7.243745,193
980,258,12,4.927365,639
947,510,12,9.600874,361
303,279,9,16.823669,1184
597,512,12,13.692837,705
97,558,20,12.963875,923
831,119,5,11.077702,939
580,88,17,18.565381,774
750,221,7,0.963993,147
934,822,7,17.109405,677
806,935,8,5.730146,684
513,112,13,5.183222,672
990,871,13,7.803919,796
643,715,13,16.947973,855
844,712,15,7.491361,360
736,600,9,19.094181,331
982,335,9,10.542009,173
754,201,19,5.713862,1200
13,813,10,3.179330,372
666,725,20,8.441927,694
197,481,17,15.036329,561
910,632,20,15.311908,1028
844,638,7,4.482081,352
392,916,18,3.934527,790
451,804,19,14.415543,934
762,270,9,8.054870,877
25,406,8,14.644551,633
398,320,20,14.227624,342
919,406,12,15.120611,691
873,129,10,12.019064,634
475,398,6,8.018582,439
84,27,11,17.790087,1042
197,693,19,5.938729,716
33,361,6,2.164286,712
614,582,11,4.692433,905
31,754,17,19.536525,349
678,181,11,4.016013,335
87,517,14,6.786319,412
131,628,17,9.808884,165
419,600,20,2.170830,790
353,147,14,7.576756,675
857,386,13,11.142470,400
826,740,5,19.674185,1186
568,908,5,8.536833,448
140,811,5,11.026459,301
774,348,8,18.668571,113
434,911,7,9.604780,647
436,902,5,0.561153,285
206,242,20,8.503346,988
707,985,16,8.627868,646
77,464,16,1.118368,208
307,296,20,0.843819,103
403,369,12,16.642920,635
437,672,15,15.440130,420
519,5,17,0.742466,402
400,809,20,8.695319,576
18,186,5,12.735422,875
345,658,10,9.620159,1170
190,367,13,0.375002,555
377,964,17,14.279571,743
940,71,7,8.783268,718
895,307,10,4.958109,336
67,139,12,13.953193,1160
190,150,13,7.668232,1198
130,563,15,7.195322,871
168,96,18,9.698364,520
209,472,17,2.221248,215
860,611,19,11.232141,1174
880,140,12,6.171115,175
701,647,11,14.881982,188
408,96,17,5.377549,701
128,481,8,9.458588,553
976,488,10,4.034905,781
925,767,8,12.554217,124
39,87,5,17.302258,129
248,668,9,18.062560,596
86,191,15,11.904955,576
573,789,19,16.414641,1130
205,209,18,4.855317,485
157,261,11,5.850047,801
871,594,9,13.657913,311
602,416,15,6.456678,366
791,455,5,8.341634,342
734,132,8,18.411844,259
164,549,11,17.458794,126
815,842,13,14.377954,968
338,913,16,0.123213,1021
139,371,14,15.810340,623
504,795,19,9.975015,315
502,903,6,8.078956,630
652,386,5,0.708871,137
476,565,6,5.923040,640
405,51,12,5.057484,438
61,458,10,15.374752,512
507,241,15,12.264005,337
341,170,7,19.912511,765
851,935,9,15.317252,649
752,103,12,2.308793,1022
354,113,15,4.104978,500
995,912,15,3.448437,728
622,199,17,15.194290,626
806,752,18,11.507838,136
546,913,7,17.529467,332
841,929,14,7.957726,1126
163,685,14,18.243324,291
130,989,18,14.755817,1191
489,300,7,3.464373,1090
341,104,9,8.417612,260
600,418,15,14.147242,919
162,744,18,13.910473,125
56,469,12,20.419501,721
629,603,11,7.005812,635
685,61,19,16.691719,940
657,773,13,8.020137,352
495,110,6,5.938849,1044
331,478,12,1.130331,262
562,202,17,13.965651,942
161,101,14,5.241265,760
560,59,7,17.753193,274
555,853,15,14.687666,879
738,349,20,17.314392,1079
398,913,16,11.405766,386
705,510,20,11.380047,195
729,142,19,19.246066,931
373,792,17,3.928773,177
608,908,5,15.360928,1050
305,732,10,4.607753,648
259,392,19,2.860023,485
828,632,17,18.200745,499
791,191,7,13.089473,636
101,206,12,3.798850,524
444,429,18,8.971756,586
941,959,10,13.978199,937
415,554,9,3.961862,481
930,287,11,1.029560,487
186,278,14,11.512659,1096
573,465,15,17.524482,747
563,133,11,15.989303,419
504,802,20,18.140673,949
116,966,11,12.842184,1041
722,214,14,7.260451,704
683,413,18,12.841995,232
280,29,14,16.524990,140
431,650,17,16.863289,391
74,326,17,5.908246,506
957,243,6,11.113116,753
198,848,15,20.450375,922
910,953,5,12.773848,215
381,715,20,19.034488,263
245,434,11,10.964230,922
261,307,15,1.934553,1159
584,228,5,4.160237,414
643,745,16,20.319279,495
178,778,11,10.937953,602
883,633,14,11.082919,285
885,733,18,16.739360,718
791,561,5,12.102041,753
828,479,15,13.483182,409
19,599,20,8.904749,843
255,926,10,14.068146,1159
507,985,16,6.284152,1095
71,35,18,18.759288,1148
79,787,19,13.289264,775
689,321,11,18.949741,285
879,985,17,9.196472,629
108,571,14,9.989878,881
113,641,19,16.875281,986
955,106,17,9.151945,187
78,431,12,0.770877,672
957,940,13,4.518760,784
143,514,20,2.385390,387
286,175,12,0.074115,914
777,775,18,9.024083,899
911,957,8,10.985485,168
405,684,7,9.759408,715
329,834,8,4.768742,765
558,729,6,1.154664,1100
77,868,15,0.666112,888
783,323,16,12.325719,219
586,317,6,11.121829,940
779,675,18,17.547516,188
741,167,13,7.523383,181
359,172,10,6.343860,600
942,364,15,0.526256,1069
969,459,7,12.139869,447
985,180,17,10.956546,933
885,620,14,9.668596,309
54,278,18,1.151624,1053
825,875,8,13.319166,752
932,30,7,14.872085,998
581,94,9,7.925207,1115
970,905,7,14.859604,754
357,975,16,11.220295,667
255,689,9,2.710827,877
196,340,15,3.271216,624
143,557,15,7.339838,702
689,586,5,9.471555,402
545,377,15,18.939928,693
977,307,9,3.242644,952
108,64,14,12.731889,643
39,765,8,15.745797,833
646,990,17,16.673227,408
940,449,10,8.824530,310
162,461,8,4.928607,1155
619,301,14,0.098970,1198
268,617,13,7.783109,722
43,458,15,0.913377,362
55,90,16,8.697822,807
216,259,14,14.334220,460
150,434,5,14.758965,174
761,398,9,6.164086,303
424,890,10,10.049501,1077
206,93,19,5.215696,373
593,196,6,20.147705,696
836,901,12,1.155967,658
227,241,7,5.965892,120
646,499,6,12.875992,159
362,691,5,3.945848,399
915,115,12,7.672060,1108
375,188,9,2.552327,1176
74,587,10,7.834669,1111
161,948,8,3.297034,263
984,729,18,14.207843,511
641,914,11,18.612249,840
811,515,7,15.983140,1030
28,936,18,0.176270,384
962,390,9,18.287674,940
297,314,6,4.849550,282
330,551,9,13.329421,1102
196,743,9,17.283452,688
495,12,7,4.593844,1058
441,490,9,0.719736,579
197,42,15,4.679525,435
528,448,16,13.209285,695
383,646,11,9.363881,724
57,262,5,6.307269,908
300,646,7,16.206709,1102
804,454,19,5.806741,950
314,379,5,1.231237,673
18,57,15,0.707780,1141
16,129,16,17.896656,1111
402,564,15,0.659645,435
241,201,7,3.969285,329
228,51,7,7.876892,477
267,784,15,9.904725,130
246,611,7,17.108213,431
942,881,19,2.147200,499
341,753,14,17.038650,868
44,755,6,7.508173,1164
558,404,16,11.429575,848
313,676,16,13.926660,314
799,898,8,0.957870,407
620,313,20,5.094227,1090
336,737,14,8.304330,1162
459,368,6,12.899880,805
142,183,12,16.825011,486
412,994,14,16.999284,773
466,495,16,5.069077,796
999,845,12,11.065977,695
303,253,12,9.348325,612
833,689,14,11.272475,1061
632,130,13,8.204216,805
264,944,14,8.814723,1091
950,981,15,8.896060,545
128,403,11,17.134259,474
798,786,14,2.958369,740
409,670,11,11.625922,678
245,496,7,5.887645,647
900,503,6,6.250856,667
356,405,10,14.464002,404
18,935,14,1.524698,378
412,726,18,1.389728,449
435,818,7,5.940386,798
516,270,12,0.561872,1111
395,372,8,16.248594,871
375,769,18,17.137909,312
468,228,14,5.874003,377
774,116,7,19.489585,499
815,963,20,13.676067,862
901,716,5,10.252971,1032
947,79,10,18.400575,739
655,750,7,14.393547,181
629,711,10,9.134020,890
65,933,7,13.528995,844
715,248,5,8.867080,998
218,568,20,15.081313,376
336,152,19,8.800420,1061
562,356,6,5.407278,1106
720,848,17,9.510033,1067
962,846,14,2.827675,813
539,167,11,17.000966,626
288,723,13,3.521844,975
480,138,7,18.365486,142
300,289,16,1.211699,1121
826,15,12,16.975965,333
60,124,20,7.958002,394
524,491,19,1.157283,672
595,15,20,3.456100,584
996,843,9,14.620508,331
748,337,12,1.148120,246
631,344,15,14.894141,864
834,838,11,1.931557,266
112,490,8,9.650229,884
787,644,6,4.636199,523
760,149,16,13.763297,146
203,880,8,1.250612,983
391,900,5,3.557918,779
564,211,14,19.157521,691
646,320,12,13.749527,328
192,835,20,8.904776,1022
986,270,11,14.541898,772
45,320,19,5.740424,523
92,6,14,6.594194,746
770,819,11,12.798450,253
980,976,5,6.613059,241
957,912,11,11.304769,658
467,829,18,18.225717,239
629,62,10,18.803256,486
418,720,7,0.895263,552
296,466,20,11.827662,1040
850,879,17,13.629126,843
540,400,20,4.238689,739
90,25,10,19.716728,1191
230,409,12,8.646028,478
152,745,12,4.278362,899
811,178,15,14.123042,102
380,546,18,5.131845,1173
777,261,20,17.136095,753
318,759,7,13.176481,1172
287,853,6,9.092756,710
777,40,11,14.314990,1042
570,943,16,9.770607,409
801,604,5,13.347356,166
582,364,12,16.588718,780
781,537,12,0.260917,462
620,839,16,1.553988,300
890,622,19,12.711519,1007
682,109,9,9.476944,897
671,557,7,5.363236,808
17,565,20,0.664398,1129
614,727,10,20.385404,405
106,932,8,2.123630,907
802,159,14,14.566365,569
678,537,18,6.100754,215
188,333,15,15.927692,372
807,670,10,1.617731,651
16,622,7,9.325124,585
587,209,16,9.984438,604
766,261,11,8.884457,285
146,475,11,17.400954,757
214,622,8,16.099335,922
945,366,19,1.855577,960
840,518,16,13.654315,1165
819,367,17,7.092218,699
429,5,17,7.313742,452
413,976,6,16.017676,773
251,479,5,19.404049,550
226,316,16,17.348320,712
328,417,20,2.832406,1095
173,293,16,12.690523,733
354,525,8,5.547422,829
248,802,11,14.618781,959
608,204,15,0.404645,897
834,434,12,19.881413,1077
945,318,5,19.878083,361
944,415,19,3.504720,434
918,287,7,13.451936,406
170,714,18,9.574655,941
116,550,10,11.502790,179
219,307,17,11.479760,294
544,865,16,15.599166,977
639,173,19,20.102896,635
546,588,12,7.288649,589
622,637,14,20.346951,413
304,653,5,12.919262,851
561,85,10,7.673960,207
310,525,12,20.295137,324
164,335,18,4.242104,332
97,197,18,14.198575,795
556,120,11,10.339288,847
276,95,11,7.811995,547
706,434,5,10.800593,331
331,980,16,18.774099,993
922,365,11,19.005414,612
98,319,17,13.383926,732
408,559,7,18.152353,835
95,920,16,13.570841,872
887,875,17,18.657887,111
554,893,19,14.385985,584
155,197,20,1.285962,1130
232,964,6,3.353877,167
222,273,8,10.652086,1091
484,273,5,17.089487,774
58,590,14,12.475008,774
798,980,10,18.093320,965
330,221,7,5.724753,1111
60,392,13,14.552094,1099
656,776,11,6.864427,466
414,531,13,12.788728,308
891,113,10,9.300239,881
401,48,15,7.073691,1054
992,6,7,12.544210,186
453,127,19,10.506446,622
779,349,15,18.279280,146
220,195,16,4.284991,423
830,525,12,7.353570,834
757,282,14,11.779486,190
285,219,11,9.742702,798
854,575,17,3.624946,737
817,525,14,11.372022,650
772,727,15,19.302129,1136
24,413,14,0.902271,1131
918,982,18,17.819763,599
847,48,18,3.447669,965
916,364,13,7.738685,644
36,486,20,16.154254,513
789,551,8,19.369757,289
53,886,8,17.589846,856
46,866,13,17.732119,463
329,376,11,13.129421,1099
654,579,12,6.428340,360
721,695,5,12.192624,213
456,993,20,9.525069,432
558,999,19,19.392037,829
44,226,16,19.613114,249
593,975,9,13.174706,154
747,82,8,3.306261,262
923,198,6,19.878132,254
715,53,18,8.606764,688
353,347,15,4.464613,143
782,502,6,2.309515,1190
973,512,16,9.192601,158
812,613,17,3.249054,363
567,762,16,6.274569,492
601,567,8,6.087088,191
93,968,6,4.678814,282
17,849,6,19.828448,422
270,782,5,13.570525,492
867,12,7,12.730488,650
386,18,17,2.747607,174
657,517,14,9.878714,858
642,909,9,3.172317,992
348,975,10,18.321879,103
370,231,12,10.519768,171
323,594,16,12.828356,208
52,282,12,15.931792,1154
961,803,17,2.073695,365
770,959,10,9.075345,203
165,928,18,16.182536,474
368,420,17,2.120294,1160
423,35,12,16.769685,318
517,74,17,12.649349,788
0,393,6,13.543037,625
475,725,11,13.843153,1003
301,333,10,6.967056,398
697,789,16,11.897318,626
468,501,17,3.720795,122
187,660,17,4.660920,366
396,789,19,6.318177,864
538,792,15,13.213420,743
542,953,9,13.493807,235
589,351,16,17.904201,888
555,326,5,14.150535,121
401,190,17,0.901280,754
208,731,9,10.785398,379
401,206,8,8.767871,306
410,600,10,14.598745,792
641,588,19,20.153242,1029
334,483,15,5.059222,646
706,468,9,5.304844,634
164,211,16,9.067167,705
385,861,11,19.183777,210
145,445,8,9.152962,1141
72,133,5,5.116503,739
916,417,11,9.180334,781
685,128,13,2.530897,732
238,183,20,15.800464,827
5,908,16,9.556594,392
650,823,15,19.675177,836
594,869,9,19.614369,371
351,94,14,0.320235,387
137,373,8,8.103005,150
57,745,15,14.755458,439
805,963,16,13.766531,449
495,662,8,17.155576,781
200,546,16,8.129873,180
79,421,16,5.023327,398
20,46,19,2.460409,1166
117,340,19,11.369841,765
268,913,12,16.328569,947
397,486,17,8.339938,620
506,304,11,19.970746,597
345,429,19,14.196812,928
98,149,6,1.802566,606
507,559,11,2.379072,712
640,600,13,13.494952,739
827,305,13,7.301175,349
753,231,5,8.622537,708
216,359,20,8.924614,929
93,825,14,0.754050,180
39,196,14,7.214876,646
690,872,5,19.990523,115
4,0,7,19.733334,193
653,297,10,16.687195,780
584,412,14,1.123355,328
987,420,5,19.260787,880
759,481,20,2.785215,294
645,809,6,20.161103,937
910,496,20,15.140373,583
536,12,13,8.589318,644
356,601,10,16.761025,611
196,598,5,12.623319,351
129,259,5,10.298098,251
574,564,14,10.399272,112
714,47,19,8.850086,391
546,380,13,8.898380,973
380,855,18,13.034126,121
14,250,13,5.490452,287
891,829,20,6.455063,891
764,781,18,16.727765,371
577,385,13,18.464603,305
236,45,10,19.823536,1076
700,860,5,9.885237,760
60,945,8,9.976430,1042
144,122,5,8.747120,713
965,463,13,15.194047,208
702,249,8,5.737150,1171
211,274,9,14.095904,1047
234,5,9,5.468231,947
956,839,7,13.113768,956
113,716,10,5.364718,1140
551,966,6,6.296833,831
242,775,17,10.628358,893
112,29,9,0.747666,527
402,429,18,12.062664,1067
742,187,12,19.685261,466
74,611,15,20.475366,287
568,456,6,1.078845,210
652,967,5,2.625238,812
29,318,15,10.805625,782
557,897,12,1.899042,672
293,264,7,10.160880,693
814,429,7,15.909705,1070
375,677,5,5.373035,760
470,286,20,14.745966,283
366,878,20,2.006271,146
523,651,19,14.407240,1043
379,961,5,1.438914,238
324,524,8,8.151207,1092
296,351,17,19.700260,522
579,773,8,9.090993,980
702,228,13,6.883956,636
213,917,16,9.097324,764
842,562,6,4.014203,903
713,632,5,5.935094,114
114,197,8,11.488206,852
499,721,9,7.058299,260
960,48,10,9.208397,730
597,205,18,4.248940,1178
20,65,9,15.855526,799
301,972,18,19.720443,253
399,890,14,7.360558,913
92,162,16,6.439149,313
94,875,19,11.627724,217
717,792,14,19.358040,936
351,487,10,15.894512,470
168,718,17,5.556410,528
549,220,20,17.194539,749
521,4,12,4.385248,956
571,949,7,10.181674,1116
602,441,10,8.163398,178
251,708,17,12.057435,1189
587,120,18,18.036182,1157
967,238,19,15.552325,660
990,163,14,13.719077,539
340,434,15,13.657937,966
767,876,9,20.169490,1041
471,210,20,5.041979,353
632,639,6,2.927878,1175
700,302,5,14.191749,1033
122,383,19,15.067055,415
468,670,12,17.505067,962
204,560,19,3.166217,300
903,574,6,14.526227,440
701,862,17,12.771645,494
510,103,13,5.864817,412
963,8,18,10.281010,869
701,386,17,1.967724,872
465,431,16,18.714990,440
20,568,7,5.678781,368
130,721,9,14.741176,1192
854,546,6,0.830311,482
141,424,9,7.417772,817
638,456,11,14.332136,803
736,859,17,1.150553,646
968,792,5,17.155443,507
354,865,12,10.258928,374
619,202,18,5.489920,352
504,563,19,18.012059,802
739,714,12,0.695702,293
322,401,10,20.017448,726
497,431,6,17.252225,846
466,138,15,18.819167,1095
345,165,17,19.193465,609
941,711,14,4.956672,935
429,851,14,10.729325,1189
847,687,12,11.782393,1028
209,949,20,6.373173,282
115,155,19,12.038807,806
366,299,12,19.971013,648
857,883,20,10.121835,715
96,233,14,4.066847,854
296,974,7,12.301396,398
784,127,8,12.226902,526
210,562,12,15.085705,903
124,433,14,9.595418,393
845,829,12,16.247820,628
555,236,14,3.355049,953
24,671,7,1.944015,920
619,256,13,15.068618,661
418,254,7,17.325449,788
726,382,15,15.855625,396
675,198,6,0.202797,1149
481,366,9,17.782467,924
892,282,19,16.597509,1107
446,173,6,2.439623,311
589,406,18,14.295838,197
276,658,6,17.060529,790
729,122,5,12.155195,208
73,145,6,2.380645,595
848,214,11,4.029094,363
560,352,13,3.431820,498
320,653,6,17.112324,952
290,527,8,11.837448,1069
584,362,16,12.271020,1184
36,633,6,20.440137,404
49,339,15,9.247328,508
653,172,10,13.615882,790
847,343,10,17.201985,923
301,457,7,15.415346,417
140,16,8,7.214284,503
965,789,6,19.061034,552
91,355,10,9.239626,853
423,367,9,11.358225,246
250,366,5,2.732528,299
477,677,17,6.842247,701
462,498,18,2.666707,202
182,685,14,18.981851,632
448,150,12,8.106033,632
309,86,8,11.472755,282
822,881,10,15.317436,230
716,798,10,7.205655,378
786,371,16,16.460003,379
503,643,12,16.460233,449
361,223,12,1.164808,909
196,9,8,6.303922,555
522,94,14,4.603879,490
310,315,16,8.311244,391
317,5,20,10.828669,1112
546,312,9,7.556257,256
993,397,9,11.492744,505
953,516,17,0.144019,688
526,31,9,11.277800,929
731,390,18,0.644090,280
95,178,6,3.007902,985
88,950,15,18.443456,843
967,675,5,12.729517,1001
374,55,20,9.794965,937
105,109,10,0.892634,1170
898,273,7,1.424144,313
641,554,10,11.129289,342
618,638,5,1.311978,301
123,39,14,5.430300,764
41,3,17,18.024468,969
454,69,10,8.189669,1109
779,485,6,16.246500,471
24,491,7,12.480589,992
599,198,8,1.260418,590
18,506,10,12.283061,1166
692,367,7,7.302251,180
294,91,14,7.031941,1043
350,726,12,18.063289,694
474,772,18,5.433627,161
326,776,5,7.324564,343
477,452,13,7.913783,120
557,754,20,2.164630,184
640,718,16,8.903027,253
487,778,10,12.726068,268
724,985,11,10.049100,1048
480,467,7,19.320625,848
832,115,11,12.572044,274
127,332,13,20.038214,779
949,336,17,12.211338,116
709,381,15,5.578270,387
831,257,10,4.379261,896
68,355,13,0.261117,181
319,267,15,10.577491,358
219,757,15,5.492981,587
730,975,20,11.450876,950
198,242,20,15.211235,896
314,89,11,16.424265,194
998,520,20,15.435482,1162
500,124,18,6.305894,889
461,398,19,5.096315,735
981,187,14,12.609905,1126
697,588,6,2.376496,784
577,736,16,17.050093,782
786,790,10,16.215367,518
371,80,20,0.498637,330
87,675,11,11.573431,1093
981,703,11,7.671824,940
921,670,11,6.245313,138
426,324,5,18.336483,196
205,902,7,6.292196,1074
948,491,10,10.693431,500
606,744,18,14.688510,1152
393,339,9,11.699451,280
957,306,14,0.645902,156
745,871,13,3.154908,300
422,124,15,12.891254,616
969,951,13,16.979939,110
568,503,9,2.960793,215
77,400,8,12.766041,307
340,577,8,16.638085,506
388,864,13,9.375006,248
891,612,17,6.789604,818
749,425,10,10.954539,424
559,577,18,9.231890,933
651,210,16,16.000636,178
118,607,7,4.763219,568
729,642,17,14.487485,187
443,933,15,7.202038,845
774,767,10,16.646055,431
693,117,13,12.926985,1152
939,563,8,6.742646,673
580,923,10,0.070414,123
754,761,18,17.218469,703
926,278,19,11.528947,791
128,665,20,19.299634,136
951,721,10,4.982211,643
118,732,11,4.443882,139
305,541,14,12.441128,1062
88,38,19,1.430450,254
399,133,11,19.629174,641
807,652,11,10.603424,302
908,313,12,0.097366,107
638,972,15,9.248001,477
779,440,20,17.914486,923
506,781,14,7.778248,1187
107,356,18,13.469907,316
555,129,7,19.714515,183
217,721,17,12.788112,1132
984,79,10,3.621071,722
0,189,9,0.562145,657
647,330,8,6.066268,109
544,74,20,5.608639,636
587,102,17,11.465971,106
901,527,8,16.142876,793
427,223,14,5.384374,444
824,174,16,20.400141,1055
187,444,7,8.012284,345
357,644,5,12.980467,1140
431,492,9,2.771991,1110
709,145,8,17.895951,512
927,11,14,6.718120,285
363,667,8,8.289685,1107
972,295,14,18.059024,604
71,363,14,2.933823,971
31,131,12,17.845105,621
979,676,10,11.847674,1082
580,724,19,6.824732,1045
522,290,7,19.590512,239
582,555,10,14.582016,637
699,865,18,3.346532,967
752,324,10,9.141916,164
509,458,8,11.247633,115
125,15,19,14.079252,728
875,289,9,3.744916,681
859,844,16,1.464535,530
551,843,7,5.111687,446
430,950,15,1.966280,168
322,313,15,19.447382,226
67,638,14,20.094921,450
612,887,8,19.923427,642
792,307,12,8.462708,1014
885,893,5,12.562875,658
754,147,11,18.905536,997
546,731,20,16.454769,260
565,529,15,11.026776,640
545,302,20,8.520049,124
365,986,19,10.180030,273
333,935,5,17.297725,767
886,416,8,13.780890,352
723,503,8,6.449669,743
575,253,6,18.985661,1152
778,453,12,14.529167,1185
256,254,17,15.577519,767
167,368,11,12.588036,858
521,964,19,7.024480,953
749,742,16,1.215247,346
919,13,12,19.090154,1161
194,94,18,4.976705,975
921,13,8,17.397415,456
690,54,6,4.765216,456
39,462,20,12.549976,985
711,233,6,11.426108,196
882,709,7,12.374552,347
877,217,12,17.624380,283
820,589,5,16.961234,288
452,113,14,11.084179,618
470,38,5,17.513640,1178
920,619,17,5.878716,908
463,741,9,10.456262,918
0,855,10,8.521348,470
352,811,14,13.686295,481
90,485,14,5.013326,779
442,872,8,8.971793,776
241,906,14,17.139262,707
206,545,6,14.756799,673
180,165,8,17.869236,824
211,362,7,2.638632,1187
102,830,8,1.646104,1075
977,79,13,8.323000,373
957,629,16,12.968547,359
207,236,20,15.089805,916
217,229,10,6.528061,976
991,869,8,13.352491,334
134,940,13,13.003164,325
204,984,11,11.823058,1052
861,180,10,4.266121,855
574,280,16,3.221144,920
496,247,10,2.354055,127
763,357,8,19.175961,636
283,836,16,9.317147,854
57,918,8,11.210977,1148
900,729,13,8.314687,735
937,428,14,1.809493,1194
512,492,11,19.748329,537
551,840,11,18.027698,816
456,171,8,13.505556,264
428,188,9,4.717324,221
420,596,11,10.857113,435
905,336,9,1.059441,508
999,126,12,14.931964,123
592,486,17,4.333159,572
160,860,12,7.285893,419
330,772,13,19.521226,1169
547,405,12,8.578528,1200
315,624,13,5.377132,123
854,656,13,15.523088,478
793,874,20,7.505057,486
7,422,9,18.044404,272
6,702,11,19.307548,762
333,84,11,4.651965,641
638,177,15,0.154026,317
156,338,6,8.707306,675
576,74,19,1.143861,912
694,37,18,3.887168,731
88,23,19,1.789922,486
451,252,9,10.239764,697
275,163,12,7.680159,182
115,808,14,10.915790,515
521,80,17,19.533613,930
818,609,11,19.307612,194
416,153,15,2.060749,421
245,960,16,6.552763,244
226,796,16,4.693258,768
346,593,12,1.665804,329
530,1,16,16.533463,763
506,141,10,19.017292,1140
295,125,12,2.678641,746
613,484,19,8.477456,391
552,763,10,14.463533,715
61,444,19,20.252166,113
480,846,18,6.429647,325
935,344,6,0.246895,426
12,17,12,15.128020,638
528,840,8,0.842476,681
49,971,13,12.415365,983
150,116,6,6.071611,911
931,716,20,4.242140,792
61,527,9,18.373060,1171
505,195,15,1.816267,168
460,876,16,19.752399,166
442,765,13,12.277978,476
240,505,15,2.248809,728
395,972,19,15.040378,182
914,655,15,15.286136,917
845,529,8,7.019070,1050
945,218,11,12.308726,577
479,759,5,16.704185,781
27,177,5,6.059714,349
640,117,9,10.277292,1146
186,10,19,8.966167,334
859,466,8,1.073016,1185
27,683,13,7.494414,136
789,785,11,2.492807,1175
995,471,18,9.391156,446
85,869,6,17.953796,754
356,91,18,11.183580,122
560,567,20,5.578658,823
838,661,5,5.943762,140
974,511,11,12.291962,726
910,357,13,14.498047,1126
815,761,13,19.345670,839
812,85,19,18.697518,1145
336,901,5,1.763536,883
684,950,16,10.935846,663
78,966,5,3.273719,226
97,689,18,15.420654,185
700,537,13,14.823688,539
88,349,12,4.607354,198
906,967,20,7.929915,525
75,635,14,3.914505,663
129,49,7,1.450315,475
805,222,18,0.013932,504
765,724,6,7.433921,251
455,61,17,16.146318,807
20,539,17,19.219710,736
235,589,10,19.096655,753
15,900,11,11.467185,905
659,574,5,12.099558,167
311,218,8,4.956323,901
122,344,20,1.588090,500
880,134,19,14.411529,566
85,785,16,17.609847,525
179,506,5,9.626886,846
207,835,12,20.200336,570
220,53,10,20.320674,460
396,249,7,3.473300,751
674,461,19,14.144021,749
472,114,5,17.322519,525
724,436,12,18.808313,106
224,368,18,0.715405,700
677,178,5,16.742817,897
223,338,5,8.100506,1127
137,408,8,2.374030,711
867,528,7,8.357123,1074
619,752,7,4.056347,322
411,988,19,11.820697,514
722,45,5,16.115172,874
444,854,15,0.365447,772
963,744,8,4.189598,504
994,190,5,4.700625,481
377,700,20,6.874253,334
515,886,15,13.970129,644
731,145,20,8.879989,581
421,537,7,9.952143,138
97,0,13,0.436321,583
534,881,8,19.145339,1108
910,242,20,14.150530,421
526,443,18,11.717515,970
148,689,15,18.320656,309
494,505,12,14.158072,685
923,144,12,4.842030,190
259,20,14,8.359153,833
0,886,9,14.089752,808
265,259,19,4.883591,937
957,201,7,17.034035,179
452,267,10,16.618325,1087
965,393,15,7.502781,766
881,537,14,7.314465,111
996,964,6,15.887078,875
698,211,11,12.472329,1012
118,936,8,11.624461,424
246,355,17,17.223731,870
344,794,19,7.519639,1146
919,937,19,0.944436,937
310,104,18,17.155967,959
167,232,20,10.711129,434
839,664,19,4.191084,774
292,18,11,19.181999,735
566,58,19,1.357179,738
985,128,19,3.306266,132
280,520,14,17.090914,1028
592,655,11,9.121849,408
577,124,6,4.719537,648
704,251,17,16.289549,685
15,851,9,5.540691,1091
480,307,19,10.443523,210
733,790,13,19.947420,1162
633,561,7,6.496659,419
761,633,15,16.252252,923
625,133,8,11.602370,1102
447,66,9,13.642549,1063
315,999,15,15.611336,389
681,785,10,13.505755,374
67,698,17,17.979045,1101
642,476,8,0.329497,1128
524,343,13,1.342309,1040
618,916,8,4.199545,1025
799,497,6,5.899216,1036
5,498,13,6.708166,190
528,887,20,12.001519,196
527,81,11,7.348566,782
648,450,8,17.386431,1051
540,257,13,15.321791,162
906,101,12,19.868881,838
881,598,13,3.583308,532
195,733,19,16.822150,1051
990,207,9,14.220666,1134
675,403,8,7.674059,1181
20,883,12,4.081156,1086
335,842,10,20.133285,526
461,541,13,13.909527,443
4,29,11,18.822998,434
415,647,17,9.041979,1080
204,166,14,18.194495,406
464,957,14,11.302813,459
91,945,5,18.548124,327
239,41,8,0.052847,1067
297,827,6,6.276652,844
834,240,18,8.401555,878
772,368,10,7.952205,136
900,3,17,16.154882,1155
162,652,9,0.268895,341
502,434,18,18.514601,1045
860,974,12,17.405330,360
420,768,16,3.938566,936
65,908,19,9.302218,228
376,917,7,1.886690,232
523,682,5,10.357386,776
772,656,11,19.856509,1073
459,953,9,13.551635,928
215,384,10,17.486325,377
579,938,20,17.105085,790
859,679,12,13.722159,284
562,49,9,17.260413,1040
493,209,9,2.746618,310
912,535,8,17.314637,736
388,749,15,11.076686,536
722,475,18,9.406761,225
452,778,18,4.616381,487
178,726,17,14.236962,349
572,319,17,0.147357,1047
676,707,15,2.207684,263
174,337,13,10.802273,541
141,481,20,11.501981,1143
674,124,5,12.322999,890
994,429,7,20.471577,681
276,993,10,11.125057,1052
966,109,8,7.653825,867
409,585,9,11.267816,633
808,793,17,13.020352,868
600,582,14,4.741197,541
49,503,15,0.646230,291
985,763,19,8.483980,810
945,965,20,16.808332,221
804,151,15,17.996064,1012
388,315,16,15.270499,409
497,895,13,6.591072,1199
123,7,8,7.470557,324
65,76,13,6.445090,321
949,456,9,0.285658,526
792,960,5,2.488458,415
844,176,17,10.190232,845
962,31,7,16.648595,898
757,29,9,4.559823,757
223,126,8,4.041218,515
640,782,19,11.545263,1156
542,466,6,4.877994,909
15,149,17,11.888832,1082
266,694,17,9.097898,1172
284,763,18,2.888270,661
23,631,16,8.592326,369
682,480,18,1.648195,200
408,933,17,9.484733,698
627,569,20,14.802395,1198
864,440,5,7.784399,489
264,2,20,1.574313,349
866,79,12,0.277059,428
40,650,14,2.642660,708
82,454,16,18.318457,106
709,617,11,12.258025,576
952,689,20,18.633781,995
167,365,18,18.632468,1184
464,678,5,2.388157,578
888,838,15,6.419224,877
396,465,14,15.093367,285
934,942,9,14.006282,226
505,456,20,15.148281,823
837,47,13,14.064035,662
603,102,5,6.974042,421
559,808,10,12.292871,257
874,504,13,6.599745,871
476,88,12,4.848952,237
367,176,11,17.172690,939
992,788,6,18.214816,680
147,746,13,2.698771,1068
939,196,6,12.578849,1038
998,454,11,8.127665,759
627,833,11,12.727472,626
993,564,19,8.458174,748
309,749,12,13.834870,273
813,466,6,1.014667,829
402,940,5,3.600107,272
170,719,6,11.065306,574
393,163,9,11.801109,781
407,360,16,12.553090,213
719,516,6,9.290046,287
792,624,20,11.809551,1014
545,801,17,6.100103,676
254,736,18,5.781646,975
628,897,7,19.281819,1046
707,69,19,2.460721,149
505,801,17,12.105315,1099
757,376,20,2.700907,616
415,193,20,5.656198,1002
279,593,7,3.628651,1178
77,166,8,18.032611,305
488,789,9,2.706042,777
794,556,5,13.050341,1102
573,340,7,20.251274,857
791,158,7,1.519794,1080
227,750,9,5.168385,215
482,914,7,9.520925,834
191,189,15,19.705344,589
426,232,5,2.494386,1113
157,344,14,6.229294,897
912,891,17,18.232882,472
878,165,10,11.081920,350
111,105,6,16.575043,860
894,14,7,14.538527,1017
454,505,12,2.118122,895
396,566,11,18.850598,103
331,710,12,9.581836,400
644,157,11,3.197805,850
132,499,11,7.699576,771
107,290,5,17.588572,511
772,897,10,16.863159,494
669,821,5,10.424634,619
715,516,7,10.708629,256
414,515,15,0.829102,237
321,193,20,10.276070,666
973,664,19,3.152103,655
789,330,15,4.767958,259
785,115,5,14.779659,968
467,298,13,0.146145,816
59,765,6,17.819405,128
24,127,17,11.844637,1016
915,598,20,18.847007,414
848,578,14,13.907011,460
979,632,6,3.660787,960
750,664,7,18.257339,417
908,688,5,9.106148,1134
289,94,18,15.726210,421
440,584,7,13.125622,281
367,325,7,3.942892,563
350,491,13,0.350615,310
66,44,14,13.867922,220
942,431,19,5.217582,857
988,233,7,3.728103,1147
307,748,8,6.902320,797
936,477,17,19.781919,1115
281,938,9,9.004615,249
104,608,15,11.037435,532
226,250,17,3.143381,616
661,556,10,10.391242,299
299,109,10,19.575601,854
429,304,11,3.580264,632
719,28,14,0.727340,486
883,974,6,19.249565,1181
299,863,16,1.907442,1083
702,581,11,14.159841,900
874,669,10,6.681292,562
782,69,8,11.791139,820
379,171,10,3.992021,772
434,656,10,5.833162,925
716,788,20,10.212183,525
984,762,9,19.260565,451
807,77,15,14.491694,255
593,665,10,13.087058,271
39,684,9,1.281824,462
492,108,13,17.176661,765
227,46,16,3.963735,391
872,582,9,18.153860,174
366,120,17,16.159968,599
747,148,9,16.870573,765
341,498,18,0.821266,787
756,911,20,15.660825,1082
817,710,19,5.299486,526
24,378,16,14.704735,641
773,412,8,18.337610,1005
934,360,5,18.415471,835
117,409,16,17.272680,673
907,843,17,6.388283,919
834,911,9,17.334016,1072
169,690,19,7.398743,372
570,273,17,1.765780,402
44,397,6,19.970639,126
545,222,19,0.574763,657
372,317,8,15.172356,858
437,622,10,11.097717,348
284,736,16,15.758840,324
355,654,6,16.498145,497
621,598,19,6.961899,325
149,550,16,10.166352,465
31,222,14,19.876965,1190
555,926,10,10.100196,602
502,247,11,10.562733,451
952,431,7,9.493907,851
535,670,9,1.788576,330
246,733,17,5.672714,392
734,287,19,10.764212,139
680,696,5,1.741735,503
600,780,11,10.347643,122
912,768,13,18.714706,326
813,225,14,14.661744,479
869,700,17,3.373064,857
760,182,14,4.076217,514
76,485,7,7.695812,1168
166,833,13,1.472642,466
389,55,11,17.212280,1120
763,844,5,13.615906,880
31,989,18,4.279086,634
53,52,12,0.373366,1170
671,319,17,10.477721,792
683,335,11,18.303857,607
400,916,14,8.638850,1063
587,961,16,4.338643,1046
816,317,15,15.186998,1073
232,896,14,3.925228,228
974,48,9,2.462703,219
192,208,8,13.018726,1174
155,793,7,16.927261,488
564,639,16,18.912104,813
151,836,5,5.799968,330
698,953,19,6.228949,650
214,945,6,5.478641,534
110,803,6,16.686138,738
328,438,8,17.463956,1060
436,937,16,8.025425,920
179,596,15,1.127313,864
170,415,20,17.697469,264
114,506,19,12.717182,124
456,436,8,8.752534,1182
45,103,12,4.925788,180
49,868,7,15.517345,1076
895,479,15,20.083211,711
790,157,12,5.490039,1133
812,659,13,1.248993,823
982,477,5,0.331210,1169
360,363,8,3.501809,467
208,471,20,15.727846,684
956,332,14,6.583149,1164
796,719,16,2.570169,650
644,587,17,15.002955,567
875,787,20,6.104899,486
574,453,17,4.623233,511
685,956,16,4.621849,1121
235,752,19,14.111802,220
856,658,17,3.970473,936
952,352,14,4.951837,626
488,173,10,19.564706,309
577,476,15,16.594106,980
510,733,10,17.915930,206
476,743,18,8.059429,875
108,894,5,6.410002,742
439,776,14,13.664164,119
552,588,18,17.042623,799
97,274,10,3.663320,774
899,407,11,9.689688,1171
874,920,20,10.190652,1079
674,576,15,16.181272,778
911,69,5,6.671807,253
890,508,18,14.128380,821
344,313,13,17.623400,385
406,808,12,16.722281,787
21,359,9,1.165329,1100
156,637,19,3.077840,583
612,575,10,3.188859,1119
679,663,7,17.376575,710
90,258,20,14.359846,853
343,7,18,19.648953,1083
814,900,18,12.418046,872
978,935,17,6.513568,155
877,198,8,13.617871,143
83,127,8,18.167485,1099
612,746,7,9.306619,126
735,184,19,13.882165,131
864,748,20,18.672798,253
653,428,20,5.265896,182
305,723,15,20.024720,1022
876,445,18,2.404781,768
77,188,11,15.352542,354
176,275,10,5.987236,1010
124,870,6,9.410250,277
899,291,14,15.247398,530
855,128,6,13.780397,1011
328,784,16,17.146276,615
916,40,18,19.985048,198
419,452,8,8.256814,1138
186,956,10,0.630165,1017
770,787,5,10.522080,1131
78,984,13,11.620139,607
622,823,14,12.200354,457
555,208,10,19.023082,679
251,581,10,14.208389,567
681,648,6,18.007670,1016
763,822,7,14.578778,116
777,864,12,19.058921,117
408,138,16,17.961754,743
641,976,20,17.383721,541
39,414,20,5.847989,843
324,59,9,15.290277,474
153,491,18,16.181401,272
639,155,14,5.735409,1141
259,511,9,9.269432,713
656,633,5,5.150587,757
465,25,9,20.166322,1157
808,700,14,15.117874,1108
57,769,18,5.705002,537
141,750,10,7.817504,365
124,376,19,11.647104,589
262,656,18,14.228809,719
754,841,18,1.362346,653
388,771,13,11.837100,609
131,93,12,16.944597,1186
890,299,16,16.570469,981
121,744,5,17.472424,1073
806,0,17,0.116574,520
405,941,5,1.218517,399
814,208,15,4.702847,1075
813,997,19,3.845460,492
942,33,5,17.239895,1039
309,594,17,5.216549,377
42,267,12,17.361595,848
494,232,8,15.245456,975
230,458,14,11.398250,1073
312,628,8,16.973568,402
113,410,18,2.053439,515
356,351,15,13.909531,1127
177,289,18,7.021445,333
90,942,14,4.221309,1009
873,859,15,0.685294,496
212,583,14,9.591563,666
600,766,14,5.999930,620
913,323,13,18.321890,882
810,190,12,19.465216,1096
394,680,13,8.663950,589
613,592,8,15.500890,478
366,265,12,2.250204,405
295,387,6,5.655115,1191
158,340,15,11.068597,878
860,992,11,15.485418,529
621,553,16,20.055596,1041
301,744,6,10.971240,543
315,869,18,6.570000,870
875,711,14,16.266300,1173
474,17,5,3.085371,1078
974,863,13,13.402961,277
722,926,17,17.044915,1098
675,437,19,1.868006,745
167,932,13,10.537129,1124
656,854,14,4.212603,526
555,661,18,18.388028,624
943,302,13,16.145517,178
903,876,16,18.134377,817
181,797,20,10.534508,203
992,586,10,15.842663,185
144,223,13,4.111417,633
622,725,6,16.530831,1107
302,896,7,6.212561,365
14,427,18,13.874598,556
85,881,11,11.739131,213
929,657,20,19.667918,116
889,702,17,14.540362,656
267,912,5,19.501641,613
247,487,14,13.985559,590
501,368,8,18.397888,390
568,440,18,12.966735,647
182,106,6,12.168773,1098
471,732,12,7.841074,924
136,672,15,9.153673,723
944,433,5,0.805644,889
117,993,6,4.522086,398
67,143,14,4.330691,957
186,839,19,3.651766,342
119,60,17,4.524541,683
64,822,13,7.771002,625
318,628,6,17.389571,1189
213,689,15,4.861073,874
271,806,20,18.878467,681
835,242,5,0.697794,772
627,271,14,16.435152,1144
681,714,19,4.205336,1093
498,600,20,16.503452,1187
791,333,20,0.479031,195
740,910,19,17.575641,658
999,317,9,10.852058,303
614,34,20,16.281521,897
843,938,16,13.534437,139
505,677,17,5.282503,427
391,85,15,10.870261,645
325,263,12,19.044541,1083
479,796,12,8.321261,611
374,461,9,0.707218,420
803,700,18,1.750129,781
186,784,7,8.541280,187
566,585,20,10.424950,1028
224,177,19,4.394366,170
946,522,20,10.326157,962
241,121,17,6.610629,266
305,12,17,19.577883,491
769,622,7,11.417769,784
599,38,17,13.657950,1104
45,286,11,20.392281,276
325,339,9,1.846261,1126
823,340,7,1.226106,1139
806,627,5,15.056491,663
540,114,5,7.434225,638
205,40,15,8.194348,516
500,851,10,7.449000,913
69,34,16,1.937888,721
886,610,5,10.933710,593
584,222,10,12.065208,509
622,651,12,0.972838,759
798,262,13,11.639445,905
615,871,5,10.028190,482
786,395,18,9.980860,740
486,701,13,1.649981,399
429,694,10,11.400541,526
8,723,18,3.422391,293
684,907,16,7.652114,1108
178,488,9,12.214445,392
263,640,7,5.484031,913
315,358,20,0.168255,887
886,363,10,6.024729,819
152,99,18,19.863238,845
552,522,15,4.794528,970
115,983,14,5.925166,846
323,641,17,20.038017,1034
675,994,14,6.145718,564
891,660,6,3.827277,696
25,963,19,16.807590,887
824,113,7,0.747784,973
128,113,18,16.179325,890
752,264,18,9.080665,391
644,56,15,15.198942,625
441,890,7,4.144187,712
528,587,19,3.308684,1179
570,909,5,5.340601,386
64,942,20,9.029733,909
574,202,10,3.262817,859
707,523,10,8.392084,312
519,893,15,19.952633,1200
88,400,15,4.558097,834
547,887,16,11.194314,154
37,108,11,0.959890,215
819,322,15,7.202375,460
994,577,17,1.230205,845
227,818,18,13.628210,1112
165,785,7,1.186067,622
27,385,14,9.534770,103
886,272,7,10.778057,701
581,205,10,20.223359,227
968,735,13,19.866536,342
227,802,16,4.124425,1019
658,981,16,0.518815,491
103,516,20,16.072918,1051
833,352,13,18.532952,205
22,220,16,19.155914,819
591,131,20,1.781418,328
363,403,13,2.747543,1160
796,492,13,11.016166,666
671,431,16,13.794609,206
106,195,10,6.367102,1020
720,783,10,0.214915,203
712,523,11,1.671898,162
993,660,13,13.833114,151
656,883,18,9.222320,392
836,8,13,17.143813,1075
376,9,15,9.616855,473
125,499,5,9.165418,481
708,120,9,16.887839,437
203,670,15,5.784533,765
594,447,12,6.698955,362
460,866,15,17.065551,487
932,669,8,17.176362,632
561,25,12,6.792955,375
934,82,11,9.241128,334
873,312,5,5.324254,736
43,123,8,15.488342,621
732,685,8,9.971364,482
681,951,7,13.559046,863
417,730,14,1.966142,1187
287,19,9,18.914682,274
433,928,10,15.694694,269
310,968,5,3.310217,649
847,562,15,11.840995,464
891,687,9,4.092995,1047
2,252,19,16.237563,839
865,575,20,9.704008,911
302,618,8,12.096061,731
299,717,5,19.003867,214
695,205,13,3.487646,272
797,687,12,5.262254,400
248,507,11,0.902153,248
692,658,13,3.044051,198
151,287,20,18.346949,421
129,491,6,10.911621,317
815,555,13,18.885619,364
709,873,14,6.743337,868
876,636,15,2.428952,741
266,577,7,2.589740,382
304,147,15,5.853018,1152
93,57,11,6.927052,1078
316,689,13,12.480387,238
154,891,20,8.915352,652
736,530,13,4.317422,594
790,773,13,2.593074,464
53,189,17,9.602329,1155
51,534,14,13.673547,851
434,531,8,18.280200,853
802,700,12,18.832213,109
677,273,7,5.538145,1162
190,732,18,10.366996,1025
904,519,12,19.195228,949
482,957,5,16.159407,218
884,537,6,17.691543,856
951,829,13,4.141235,1144
641,759,12,3.172965,280
14,153,13,6.695707,1157
72,602,16,5.861107,1091
730,166,7,10.236626,151
357,220,12,10.076037,393
273,673,19,10.747830,554
571,622,17,4.580454,603
863,563,20,15.650145,956
19,306,11,1.065886,1034
163,91,7,12.700604,208
202,644,8,8.319601,637
251,35,13,16.336553,903
313,394,8,16.870060,993
940,452,6,8.309221,749
5,688,14,6.055556,1020
990,501,13,12.863979,475
144,686,14,0.949224,334
874,312,10,5.668937,1103
174,44,12,4.937769,720
625,568,9,19.655836,824
258,286,10,0.592864,273
665,767,8,0.318138,422
967,887,11,7.059570,740
161,396,15,8.010235,912
426,769,12,19.048133,103
996,721,6,8.622627,332
582,557,12,6.927878,716
120,223,10,17.320170,133
538,616,5,2.122900,118
915,485,8,0.132020,514
162,784,8,0.214814,313
414,382,5,0.314973,562
117,459,10,16.998251,173
549,865,17,9.488728,1056
638,976,13,15.333947,171
969,895,5,6.813242,1110
581,693,7,20.189568,737
323,28,18,2.784998,710
803,232,6,18.340065,529
981,220,7,14.885792,225
305,633,15,1.146590,892
832,787,6,17.401935,106
305,586,11,10.572896,244
283,663,5,17.231096,911
958,445,7,15.172259,1018
450,412,7,5.816172,441
292,555,8,6.299650,753
673,67,7,5.377593,732
442,138,8,19.704211,331
422,143,10,15.795328,1020
177,587,13,14.076537,586
20,748,6,0.321000,760
260,88,16,8.840629,226
112,149,5,0.406766,558
939,930,8,11.909147,581
97,334,10,15.483270,946
72,545,15,17.435516,1011
429,642,7,9.740774,200
588,182,16,11.982773,400
422,275,14,10.683364,110
116,432,10,17.836144,293
624,142,20,16.955447,890
60,337,5,0.579090,744
484,206,6,8.143351,182
48,131,14,19.817729,363
122,580,12,4.275992,329
65,354,11,8.627188,489
315,22,18,9.792992,439
920,929,19,19.034422,150
62,121,10,14.586610,661
49,111,10,11.679869,1109
707,829,16,12.310545,1007
359,166,10,6.404639,1036
509,724,10,15.984677,373
335,561,8,13.919486,1047
8,436,15,16.166737,490
187,381,10,14.509958,986
180,464,18,9.683967,770
719,358,8,6.936965,199
33,982,5,12.198317,1118
862,163,9,18.988806,836
107,607,20,12.182522,860
744,721,20,18.222167,705
51,511,11,11.157586,189
929,172,5,18.422543,1038
32,684,14,11.893940,908
125,226,19,19.220091,1173
833,461,18,6.307755,801
449,628,18,2.616208,884
104,110,9,17.291014,1040
228,590,19,10.348457,994
519,947,20,7.804876,438
932,424,5,10.383136,335
408,211,9,13.984910,326
74,231,16,15.875252,108
14,450,5,13.243483,334
950,918,10,14.058970,805
122,148,15,5.301548,809
855,689,20,14.916339,469
79,218,16,7.352470,261
303,249,13,14.490401,559
755,155,19,10.216045,868
756,483,8,6.752577,584
149,261,20,8.174411,683
345,661,19,15.313673,493
259,224,15,1.910549,1106
105,796,14,7.544524,695
971,911,9,16.569924,1023
133,462,13,16.423142,678
120,371,6,14.981863,1066
288,452,8,2.065735,184
672,791,11,18.303950,746
318,16,15,13.912314,1000
246,789,17,12.239068,478
773,424,7,9.634000,513
992,374,20,4.425047,1092
617,493,9,4.458909,1132
378,329,14,19.901240,223
345,955,12,17.028614,555
224,464,19,13.313618,786
939,868,15,2.885907,132
690,466,15,15.917321,496
811,539,10,7.843203,845
717,333,6,19.967111,215
383,392,8,3.999201,463
587,800,18,12.846380,1039
143,119,5,18.781969,1074
352,805,10,14.268075,277
31,571,13,13.902970,1011
818,326,8,19.421603,1129
365,555,9,15.359831,576
89,487,18,6.451293,835
533,783,5,6.614284,262
81,906,8,2.035965,390
350,67,13,6.333366,554
211,528,19,11.652765,815
413,353,20,14.153672,348
885,379,8,15.083690,615
116,429,20,13.343357,884
263,594,9,16.827815,180
352,440,11,15.044104,1009
518,391,20,6.827010,462
467,459,14,13.306820,552
505,973,20,18.856707,379
737,239,15,7.238353,448
608,983,20,14.851052,934
971,676,11,4.909638,1189
902,610,14,12.243830,1104
109,532,17,18.814280,706
330,634,12,0.642317,1107
268,397,15,3.636514,997
173,824,17,8.022458,711
541,61,18,19.957862,284
770,76,18,15.259912,155
116,951,17,14.665459,315
502,47,13,13.678964,1176
690,767,12,10.449236,916
897,330,17,5.494348,505
586,652,15,0.201274,948
441,57,20,2.345997,573
12,252,9,10.430654,604
613,972,9,7.419999,1124
703,879,18,17.946384,758
481,911,8,13.857160,661
444,602,17,1.302932,192
154,416,7,13.874942,232
458,965,16,8.525156,332
556,636,11,2.330277,909
311,700,7,15.734209,694
960,863,8,6.495767,171
455,364,18,9.087206,343
540,567,13,4.119328,149
187,98,19,14.448067,332
203,924,17,1.937557,260
146,180,14,20.415628,271
216,305,15,1.091022,952
274,684,19,2.529172,630
249,935,8,4.494070,1024
249,684,10,16.073032,528
382,181,20,10.998255,151
450,39,5,9.897219,165
219,969,12,2.653494,1024
625,788,13,1.148943,582
95,824,16,17.809681,393
130,811,14,15.033507,516
691,241,8,13.236695,149
579,652,5,4.116713,912
797,553,19,14.511958,849
487,894,16,5.523092,920
615,747,8,7.000569,354
269,794,19,0.017954,857
921,512,17,15.321615,113
653,296,16,6.277300,511
127,324,19,13.613136,535
84,92,7,1.607103,305
854,736,9,11.405410,968
360,225,8,20.157993,872
493,201,9,17.849940,333
268,164,11,14.218374,708
275,469,9,16.584492,867
355,187,14,14.278752,354
559,644,14,7.587118,167
25,786,11,12.126030,105
466,606,15,20.066613,294
962,773,14,13.407126,583
783,515,11,7.831901,742
730,671,20,12.718441,1059
312,205,19,11.053683,1083
89,30,7,20.128227,204
469,312,19,9.090624,787
221,164,19,17.782803,771
624,773,17,7.035757,987
807,789,5,3.666566,1100
312,789,7,8.632883,978
700,433,11,4.927138,1012
835,747,18,9.313118,516
83,786,10,10.921698,1025
901,105,12,13.344898,441
137,865,14,10.736286,1092
256,770,18,19.874216,293
782,720,8,15.859796,215
548,108,11,19.514050,986
512,686,10,20.360979,992
625,433,15,18.835735,550
888,506,7,6.339155,174
673,539,6,15.579357,644
503,151,6,10.499668,1128
645,384,5,8.606207,1115
8,89,11,2.503191,572
640,30,6,16.799918,321
445,620,8,20.399892,396
271,124,5,0.749949,586
956,233,5,12.409106,773
344,477,18,15.171006,268
471,722,14,16.654491,1115
607,831,16,9.445208,674
975,738,12,2.119542,433
943,511,19,17.298408,519
997,275,17,11.544075,1054
217,879,18,10.110025,587
907,221,9,16.167932,627
872,854,15,6.373369,792
517,439,20,19.417293,120
330,407,5,9.602150,887
997,639,5,11.460499,1108
300,64,13,15.672992,997
301,460,8,1.609363,864
237,108,17,3.140050,887
45,179,7,15.467272,298
232,149,10,7.800772,992
933,251,5,17.933442,1167
465,318,10,2.202099,199
840,120,17,19.466563,1003
880,696,19,15.356688,800
610,418,19,14.333255,368
197,191,9,2.827858,126
195,421,10,13.957292,573
470,333,13,10.528069,431
910,467,14,2.742954,780
157,257,19,0.828791,874
684,265,7,11.521052,361
11,255,5,4.637198,1102
506,714,11,1.171591,421
652,13,8,11.715582,1128
796,990,8,2.233847,355
214,754,11,4.613716,243
211,233,17,11.710228,766
187,782,11,15.453685,233
559,79,11,0.124457,211
825,486,12,12.230156,488
258,439,19,6.590080,163
942,838,17,5.920528,270
394,851,12,9.658522,1120
295,156,18,5.936093,653
545,622,7,2.570575,378
326,779,11,17.616596,169
762,279,12,12.536120,1145
594,112,11,2.967449,754
715,919,6,12.440501,877
839,357,8,19.074939,397
607,505,9,8.699611,392
222,502,10,13.653903,1029
349,239,20,11.789957,626
878,818,16,4.946913,1022
440,125,13,0.302696,508
57,269,10,6.028389,1090
500,338,18,14.728724,1126
893,810,10,2.678567,1116
491,808,17,14.146036,439
806,504,6,1.324166,117
635,787,19,0.667654,641
60,502,19,0.332330,112
515,470,10,12.298296,637
118,387,19,17.661291,695
899,135,8,13.853113,398
633,523,8,12.371001,266
586,271,14,16.480342,708
504,782,12,7.843319,1033
119,198,13,5.909311,215
789,420,6,5.646838,911
311,487,13,11.269341,1183
75,981,16,9.100934,908
911,606,17,11.049037,429
587,472,16,17.670985,765
456,249,5,6.613494,436
347,470,14,7.374145,875
252,691,17,0.363471,651
198,882,15,4.541108,882
550,989,9,5.115807,536
62,496,14,8.089838,1126
87,545,17,4.116782,320
864,57,19,8.907372,903
990,671,16,5.628195,949
182,469,7,0.797567,156
102,60,14,9.846753,880
700,279,12,18.972674,605
747,381,20,10.396047,654
500,442,16,15.083070,1185
559,455,14,4.479211,1027
719,297,13,6.658904,1157
312,619,5,6.810184,688
307,643,14,12.476883,214
169,929,8,7.419985,888
57,738,18,13.178856,1178
699,171,19,12.639276,279
3,987,10,15.645394,1040
407,218,12,13.445434,1200
267,458,18,11.401801,641
756,312,15,2.047918,452
418,51,10,13.546870,838
415,811,20,0.919873,519
910,865,15,7.043375,443
136,275,18,9.298916,1086
582,171,19,19.563942,899
206,344,12,15.642746,1007
597,279,16,2.095135,1028
941,340,9,4.017687,424
651,427,8,1.913666,238
981,617,19,11.953322,605
812,439,8,18.298094,1010
583,728,6,2.607573,671
541,351,12,10.355913,492
884,623,10,16.134017,257
381,638,5,17.725255,636
180,795,6,15.722744,116
825,469,20,4.863064,207
882,88,6,18.622449,1172
957,702,13,14.928134,662
40,115,8,5.236853,728
417,597,15,0.464733,568
353,193,18,13.806514,384
722,313,5,13.652336,530
960,872,14,0.072763,432
269,718,20,2.810062,328
468,335,17,15.263016,814
243,590,13,18.227025,712
514,421,19,0.631155,563
787,634,18,18.140103,357
802,436,16,16.618384,793
93,332,5,7.200053,598
460,134,7,17.726293,566
481,535,20,19.565416,1014
82,281,8,5.335795,651
450,229,12,6.858755,334
378,702,15,9.360989,651
583,800,19,14.118516,334
363,902,17,13.849362,256
800,345,17,6.658201,622
854,108,18,15.883897,741
736,495,5,19.656248,1129
928,797,17,18.649142,957
371,269,11,12.691069,1156
726,786,20,4.741002,167
235,881,13,12.052842,800
902,853,10,6.161727,683
996,340,7,11.420339,584
184,912,11,12.871907,130
986,964,5,19.630186,1088
834,525,17,13.794840,353
930,499,16,10.470522,955
281,864,17,19.465445,848
874,582,18,8.540266,970
542,129,11,15.234440,702
881,889,6,6.917957,870
935,626,9,1.653342,256
933,856,11,18.909392,792
364,899,10,8.239007,429
70,609,12,19.725775,520
101,2,18,8.039195,170
458,473,11,19.627124,563
570,321,10,12.225757,1096
963,851,16,15.120102,107
785,619,8,5.928345,1070
505,322,10,1.883266,947
762,620,12,4.702127,434
767,696,19,0.545337,999
910,564,10,9.209530,251
22,482,15,4.561234,840
501,462,12,2.757056,666
691,589,5,12.537854,927
339,715,7,3.413288,264
249,828,19,11.674042,1016
95,10,10,1.647754,912
487,98,5,12.299509,908
307,294,9,16.049100,975
997,642,19,10.554839,221
607,540,8,1.259382,906
535,385,10,12.074260,1006
4,186,5,10.311599,284
922,271,16,14.351575,120
291,773,12,7.489421,619
98,637,8,4.046107,763
185,903,19,11.798250,556
924,260,19,7.863806,511
32,676,18,13.400983,842
625,554,19,17.220819,1154
958,729,17,16.633259,548
521,331,12,6.554086,1005
20,156,6,13.598357,643
853,240,5,20.383430,588
608,947,15,8.418966,235
880,609,13,3.631655,709
656,113,15,0.859560,625
239,295,7,15.250581,325
100,619,8,3.568218,939
995,729,5,18.026184,1125
725,626,19,5.435470,330
572,812,7,4.034087,750
979,751,8,12.895637,828
921,148,8,12.416089,228
796,356,7,8.736627,732
933,407,17,14.084834,719
465,243,19,17.854991,473
451,308,19,13.625528,525
113,331,14,10.578137,163
794,652,18,0.393739,384
117,416,13,0.825950,578
835,234,19,2.451365,879
45,99,6,3.399877,924
736,673,9,11.735356,526
25,49,5,3.622975,502
311,856,5,20.217556,709
476,344,9,12.236693,523
117,757,6,0.584937,752
449,695,20,5.006802,238
872,200,6,19.383459,365
45,384,16,11.583131,1116
248,441,10,19.937177,173
414,875,11,10.624420,1131
765,848,19,8.992661,692
900,467,13,17.965822,412
421,454,8,17.230537,1107
841,208,11,20.175048,330
589,980,14,2.841722,430
294,701,12,4.842275,973
321,35,6,8.585663,1128
785,608,12,7.256019,344
737,415,10,16.520663,725
566,797,11,11.837712,500
888,875,5,9.356266,515
244,540,15,13.175830,397
468,942,12,8.192509,795
280,307,16,17.552097,1180
836,32,10,3.711308,801
224,330,12,12.809777,197
458,482,16,14.185517,1069
770,563,9,6.370963,1042
105,275,19,0.973008,1198
844,700,14,19.460346,861
561,241,8,15.251735,960
348,393,10,5.625168,696
25,940,8,18.820785,225
760,742,10,1.817808,464
686,557,20,13.001216,507
101,668,7,0.112021,603
487,728,12,17.106056,1160
896,81,16,0.851450,348
538,725,9,12.235311,321
782,645,13,4.513837,861
694,211,14,15.231899,300
597,264,13,0.133704,689
475,409,7,6.058555,608
735,102,12,12.776840,614
875,540,13,5.579314,1136
138,188,16,1.773711,879
388,345,9,19.170411,864
448,114,20,13.283464,336
677,463,7,0.686399,307
107,576,19,0.473299,1082
476,340,7,1.193999,846
996,380,7,0.918419,932
904,965,8,19.281521,728
64,152,20,17.471129,225
158,511,15,11.873529,897
327,518,13,9.722468,239
344,426,9,6.345536,1115
392,174,7,10.758735,1016
215,718,10,8.128536,840
124,827,13,20.211448,705
950,605,12,12.086698,1060
11,511,9,4.740930,686
873,816,17,3.609859,1138
541,607,12,9.319072,633
80,329,9,8.546285,376
804,912,12,14.651411,1188
463,164,15,13.669396,1107
78,509,9,12.162727,150
195,240,5,5.775628,183
280,771,16,16.040838,586
250,672,7,1.871729,1053
634,661,12,0.203307,720
109,936,13,4.863506,272
162,595,11,18.913009,168
88,116,13,7.376947,1165
67,908,16,3.143907,577
161,69,20,11.496916,1031
685,835,7,17.851796,107
419,261,15,1.362475,502
437,581,16,8.115547,962
278,652,11,0.280050,702
990,193,19,7.984085,874
75,55,17,8.296193,150
541,435,15,18.593192,732
177,338,15,19.564468,238
12,195,15,19.041801,667
665,724,20,2.698228,196
769,723,16,10.581666,303
823,81,9,11.516945,163
643,922,7,19.972044,614
807,537,8,13.590282,770
268,103,17,0.202288,1092
273,519,6,5.574269,774
575,878,9,4.998197,155
174,561,10,9.706751,1102
243,993,5,5.622543,511
45,602,7,7.549740,272
993,917,10,6.216173,551
991,640,13,17.341210,782
698,17,18,1.739876,851
3,923,5,2.415287,1144
368,994,20,7.841712,162
697,76,20,11.342389,115
933,863,15,5.215822,1192
929,729,7,10.167009,644
290,411,20,10.978164,805
982,314,20,14.936973,1181
245,119,20,19.472267,738
985,49,5,18.255673,615
39,661,9,1.422263,910
970,908,14,16.462144,540
491,536,12,18.922046,121
611,599,14,3.872467,755
749,466,5,15.185222,346
394,579,15,12.322558,1047
777,955,19,10.392939,918
770,77,17,2.566313,515
896,45,14,7.166656,996
838,285,12,12.212152,390
738,914,19,14.535660,1013
344,59,10,2.902370,890
612,51,6,13.568497,260
778,892,17,10.457696,712
421,244,17,6.705890,163
786,348,11,0.153057,888
912,828,19,13.890267,318
288,800,8,7.864155,310
675,986,15,5.589655,1156
194,21,7,6.885689,983
463,797,18,16.162948,648
665,7,5,4.379369,299
25,753,5,1.203067,837
27,55,5,3.449339,386
928,957,15,15.080801,576
353,831,14,0.288530,436
159,234,5,4.887088,143
770,580,5,15.668702,964
777,325,9,3.042148,657
847,455,19,9.553565,961
325,884,8,7.878853,499
137,809,14,15.899518,655
758,418,18,17.107994,882
725,765,17,7.210329,1057
966,69,9,8.394528,230
8,286,10,5.472868,877
530,170,6,4.301623,478
275,866,11,14.783419,373
136,732,19,9.121084,240
668,549,5,19.431238,1068
886,385,13,5.389189,632
610,757,12,4.371739,924
43,422,11,11.938520,297
184,724,12,18.820795,217
288,970,9,10.922183,604
392,527,16,20.107299,786
246,86,16,20.332843,146
315,377,6,13.106377,687
853,707,15,14.076517,983
714,61,19,14.058031,266
103,220,8,10.656538,825
335,384,17,15.156588,784
940,721,9,18.085800,545
339,283,13,7.352525,851
984,447,12,5.075383,655
16,192,8,6.937539,122
111,213,18,13.599807,570
830,593,17,0.586593,1051
438,91,20,18.351670,229
712,375,19,6.744951,1053
897,62,20,16.636712,138
582,16,18,11.280001,844
506,441,17,6.292017,1026
75,304,19,12.839009,480
642,248,16,17.125355,1168
605,340,6,0.535217,899
538,833,9,19.136735,786
848,16,13,1.632517,153
956,311,9,10.809787,447
226,987,10,10.710036,697
873,404,9,19.401462,618
522,140,14,9.465615,224
534,713,18,19.755108,892
91,8,16,9.613609,260
568,561,16,7.052021,806
827,368,7,13.439978,624
514,709,11,1.345859,101
233,386,5,16.314888,951
372,546,19,16.829902,637
801,781,12,0.815482,553
879,920,8,18.940172,825
708,631,5,1.439023,687
7,797,15,13.452652,246
507,944,9,18.527193,335
44,643,18,10.275788,685
57,638,14,7.241110,715
616,580,19,3.364380,545
160,174,16,13.395918,315
512,285,20,8.614264,1073
148,413,8,16.569150,496
989,677,14,14.234273,241
523,585,6,2.075003,129
938,434,7,8.151690,834
683,153,10,10.676582,597
648,263,13,18.848244,818
863,129,12,11.629215,392
991,339,8,4.346761,940
795,60,5,2.955692,613
685,716,12,8.728546,554
254,783,16,17.672494,137
955,148,12,10.572578,1168
970,734,14,16.912762,101
902,325,13,6.904578,712
737,230,10,10.425310,604
117,66,10,16.331556,804
760,291,9,12.839388,1124
88,477,18,5.921572,521
745,193,18,17.355959,781
812,153,15,5.960741,679
49,668,11,12.402318,1150
249,34,14,14.405578,939
812,171,5,19.924699,582
589,236,9,12.493501,733
342,305,14,6.861090,618
305,553,16,16.302136,362
901,895,19,17.765858,231
142,173,12,13.640824,807
884,892,5,2.527020,347
38,408,15,3.692584,179
416,389,19,3.537386,866
627,767,20,13.952369,1060
537,716,15,3.665872,782
669,966,14,8.588990,1128
560,165,13,18.979281,356
845,508,9,7.437967,662
118,178,13,5.875033,388
335,236,20,6.530754,336
170,257,17,20.489079,854
792,112,16,3.875749,273
101,951,13,6.146365,315
326,893,19,11.908786,867
469,602,5,17.912305,520
539,957,18,15.771337,534
200,314,9,5.896450,438
755,622,15,6.689635,1052
11,756,17,1.990272,812
649,715,10,1.581297,716
540,176,14,4.636848,743
148,506,18,10.781210,1136
325,170,9,16.642724,887
435,585,16,7.287462,702
997,250,12,18.536415,891
925,895,5,4.917629,776
12,883,20,14.349971,310
788,505,10,13.959121,797
915,256,18,10.247553,352
715,662,18,1.032805,263
967,136,15,15.670505,647
149,660,8,2.685332,428
687,231,14,14.377992,354
0,639,13,20.359485,689
15,690,16,16.232379,1179
741,42,9,12.894497,966
894,245,20,0.731118,283
488,427,17,15.694260,1145
637,222,11,16.543307,150
280,158,19,17.929317,614
319,122,15,4.548659,1036
737,623,13,17.149036,385
980,87,7,11.226771,1134
690,837,10,8.870072,620
993,200,13,15.945369,709
51,793,8,9.587985,952
24,75,15,12.184585,497
363,112,20,13.606984,573
514,831,17,2.808949,548
194,856,20,19.488726,1012
55,806,7,18.038329,1182
251,863,18,3.935245,500
879,243,16,17.441283,591
432,695,14,16.281889,193
226,421,16,16.299697,485
455,153,5,15.708534,1128
969,802,17,5.801359,1005
148,892,10,5.886441,591
319,378,5,17.965334,196
236,267,14,15.375752,211
338,917,11,17.934523,832
722,308,20,10.572128,121
856,351,15,4.487554,238
182,504,16,14.744957,950
163,228,11,13.580036,548
561,141,17,14.604335,405
423,688,11,7.275886,962
798,728,6,17.028196,848
117,430,13,7.436618,558
528,730,19,2.140175,997
469,31,12,9.434485,1017
177,545,20,16.168642,842
313,566,17,16.999364,1075
470,921,10,12.965764,768
116,459,12,8.376529,1150
541,919,8,1.265847,395
625,1,15,6.297317,530
912,186,13,16.582381,854
497,298,17,12.772147,668
285,733,5,3.168051,658
875,576,13,4.273389,966
635,197,20,13.427378,484
830,283,14,5.628818,381
575,315,12,18.164227,368
126,402,7,3.321880,676
211,643,19,14.525386,212
512,925,20,17.790247,260
106,302,19,18.856518,884
428,579,11,5.442772,615
256,629,8,11.690591,704
445,271,5,12.828856,1139
0,384,8,12.387177,1062
474,495,10,17.319812,910
768,940,8,1.744481,910
412,137,9,2.389340,519
163,127,12,19.022058,399
317,436,15,10.090346,122
60,959,19,5.296321,314
93,992,13,17.705684,807
13,561,15,7.964687,708
349,892,20,6.038622,266
733,809,7,2.552600,902
121,200,5,4.474536,827
18,909,17,19.097119,193
604,719,14,12.796865,614
850,667,12,8.698084,1096
146,418,16,13.540314,292
934,25,13,9.649662,384
110,876,14,0.002045,1115
918,154,16,11.050750,145
819,687,12,0.908703,168
719,147,13,16.702178,779
571,997,20,16.420594,599
870,948,20,2.815697,763
134,33,13,11.347036,682
951,111,12,5.930723,619
745,484,17,2.658536,277
840,448,18,19.456256,626
714,689,15,2.493380,347
564,828,7,17.961369,201
166,950,6,16.186004,981
430,357,19,13.331378,245
36,381,11,14.163246,1084
268,994,9,12.586904,850
703,882,18,19.444964,281
284,983,12,0.724744,1083
313,263,5,12.147670,436
563,195,10,9.453990,949
794,285,17,8.094110,1052
447,743,20,2.528071,602
277,635,11,9.432989,327
4,789,6,1.066821,744
473,777,19,3.712859,355
347,790,16,0.274773,645
630,490,5,0.105297,304
884,459,8,16.215022,731
486,514,11,10.178407,505
842,539,6,10.599134,278
229,238,9,10.714812,146
613,673,10,18.632764,730
405,665,11,2.174195,1036
752,608,7,1.080684,985
403,950,16,15.929139,723
834,173,20,9.329280,1026
295,35,9,4.683490,609
807,105,13,5.678811,308
684,440,12,8.405392,178
603,559,18,3.796655,235
333,866,19,0.429903,154
745,317,10,17.526536,435
561,669,8,12.379313,524
663,124,13,19.151410,941
546,225,20,16.545370,511
113,333,12,13.921579,1186
343,517,10,3.548508,530
92,777,6,9.457370,272
858,908,10,20.257881,201
624,598,8,15.210677,226
788,199,10,17.074769,983
676,789,18,12.442861,731
568,897,15,7.606654,698
572,929,10,0.931444,443
10,988,18,17.859485,922
303,34,8,0.920232,1075
87,301,12,0.935044,464
185,418,6,0.846178,336
210,298,5,3.450813,839
966,918,19,10.939324,408
925,231,13,10.675032,175
419,884,8,11.957424,112
51,663,14,12.556111,786
462,451,5,1.520413,251
540,800,5,17.401351,159
1,803,5,9.185933,1080
904,317,8,2.051811,829
313,759,19,17.572051,1150
76,699,8,3.858909,792
964,714,14,12.600551,1034
342,273,17,1.744575,464
511,425,8,13.336250,968
784,907,18,14.201536,583
460,364,17,6.568297,386
16,300,16,14.085065,871
45,736,14,16.520924,148
189,418,7,15.048643,196
178,180,10,19.710034,269
387,356,9,12.838901,355
961,836,14,11.317054,287
41,494,12,19.457203,918
682,462,13,4.981144,896
188,21,5,10.715610,120
206,41,13,9.564354,747
197,173,7,13.593517,1081
908,741,17,8.059193,781
741,555,15,16.877004,1155
227,90,9,2.326385,990
936,973,14,6.954514,1036
624,885,6,18.142085,611
407,759,9,8.502521,224
646,424,16,1.573673,383
160,486,19,1.445999,869
498,831,19,3.625650,493
912,367,14,18.375207,992
94,528,7,4.334431,473
875,267,9,17.567935,1162
400,566,5,18.555177,596
153,556,7,8.914826,336
497,703,8,1.523910,1036
782,170,10,9.010420,949
639,486,10,14.582637,938
230,41,15,8.208497,724
500,480,6,12.254965,1055
82,211,5,10.086703,917
395,26,7,3.485788,1043
643,261,9,5.392546,993
572,294,8,6.057126,291
743,251,9,0.711438,570
246,634,14,12.855366,586
877,880,18,11.843720,481
918,456,8,4.771161,166
572,588,16,14.053416,589
601,523,6,12.951604,405
16,790,6,17.704468,379
18,949,18,13.495974,424
974,142,20,18.642142,315
684,492,8,7.418877,959
289,943,10,1.740471,940
840,98,6,10.090446,194
833,554,8,7.917849,1137
372,989,20,1.021721,820
954,127,19,1.871257,531
732,397,14,0.579449,383
623,497,10,12.388670,814
849,889,20,17.524400,616
410,810,14,13.200375,348
589,2,10,16.597917,454
920,262,18,16.813976,406
627,839,10,6.815834,729
929,669,5,12.751882,734
246,967,16,19.199113,504
480,825,5,19.907598,792
638,290,19,0.016081,510
851,308,13,4.039487,1019
725,754,17,7.831804,586
265,420,13,16.265867,1113
363,536,8,20.144166,988
353,513,6,13.612143,107
639,913,6,9.312265,177
545,967,15,1.464747,163
998,19,11,18.895495,413
275,416,14,3.127356,780
718,51,19,10.738361,122
516,118,12,1.577367,274
766,966,7,0.642627,1096
434,43,12,6.653231,829
285,914,18,5.961144,863
968,204,11,14.289939,1147
404,527,5,20.231662,238
313,231,15,13.697810,741
364,585,18,13.470348,242
343,433,7,0.022741,1076
95,775,18,4.467026,128
688,218,12,3.323866,1120
41,695,10,13.094424,693
403,206,15,10.291359,459
543,772,16,4.713007,1037
766,119,14,15.985743,1056
365,406,20,12.448269,1046
466,707,16,12.033148,958
181,26,20,5.521545,963
225,190,12,8.044754,681
260,512,7,12.700347,759
464,635,5,9.299121,182
216,965,18,1.302298,1032
807,219,13,6.035845,884
901,572,11,20.059620,1159
139,479,12,0.794153,1070
622,773,13,0.213989,894
3,575,12,5.881772,231
961,207,5,18.697200,609
336,608,9,6.175564,1086
265,756,7,18.897357,956
423,595,19,12.321735,156
189,376,17,3.799108,1074
401,556,12,4.317081,1072
485,872,19,12.326928,737
744,349,6,7.352971,1034
734,197,15,2.937421,461
284,780,19,6.461900,934
811,111,11,14.576019,918
884,554,15,20.142280,431
936,752,19,20.008354,114
734,552,20,8.068807,648
119,959,20,16.793232,1114
735,748,20,5.725809,189
77,619,7,2.698892,240
51,349,19,3.322412,1075
281,593,16,5.634663,899
203,193,9,0.453972,572
540,839,17,10.129194,1109
57,937,14,16.895583,105
888,962,10,4.645794,718
974,165,13,18.504545,656
436,901,16,15.912497,547
127,808,10,13.926581,396
36,373,10,12.448836,615
760,325,19,0.506647,175
969,23,9,5.717527,217
546,751,14,12.788049,794
184,575,9,1.156780,510
223,404,20,10.785054,903
7,670,5,0.597153,286
994,395,17,18.260733,847
841,924,16,17.502035,1023
318,505,12,4.190549,752
517,256,17,4.933243,350
152,336,5,15.336404,280
610,590,12,12.290966,744
216,398,17,6.447687,742
555,202,20,2.172671,1116
140,242,9,13.062513,142
30,372,14,19.777784,409
518,94,16,0.440492,1086
579,66,19,8.246117,431
942,293,12,5.930299,893
542,917,11,0.862314,261
319,900,15,5.679557,819
511,217,6,4.011540,655
916,112,10,9.711262,1178
916,801,7,7.818915,487
176,687,20,15.562156,201
220,332,12,17.247752,263
30,976,20,14.063744,981
390,747,8,4.307790,426
489,997,6,1.015218,805
139,684,7,4.240462,889
10,414,14,1.581121,1129
935,712,7,8.414894,1032
409,228,9,18.689562,1010
483,384,15,15.720372,164
477,645,13,16.604625,240
917,344,14,1.271829,353
814,398,5,19.562487,719
91,295,6,10.508414,608
562,638,10,5.683995,403
239,951,5,5.937922,604
650,56,16,10.140101,488
721,65,14,5.296840,578
792,819,6,0.759981,946
671,113,16,2.999663,1172
681,388,7,17.990768,285
578,382,5,8.491182,1153
954,759,9,15.504547,200
750,341,16,2.664250,276
244,119,14,3.346585,937
783,313,11,9.062539,957
811,613,6,19.546714,921
669,316,9,17.553409,199
37,716,19,3.869804,472
337,623,20,9.989169,246
590,204,15,12.128053,316
62,825,16,5.895862,424
458,230,14,17.983265,216
466,561,15,13.312029,1032
714,844,11,10.282714,840
14,374,15,0.522344,1182
727,687,6,3.702276,209
667,787,8,2.510425,635
344,745,6,15.337686,1180
63,404,12,18.868035,539
552,441,11,18.133319,1066
894,640,10,0.757848,1130
809,713,5,13.126619,196
599,1,13,13.127242,1021
581,503,16,12.444245,639
191,322,12,16.089173,983
705,896,8,17.301738,293
86,75,7,11.985483,798
82,737,16,0.936554,561
926,439,17,8.488912,504
914,152,7,10.595500,568
188,388,7,20.074956,416
218,279,20,19.123507,862
358,197,6,15.800073,727
431,690,13,19.058387,775
505,499,19,18.784804,470
273,546,19,15.030268,1000
47,46,20,9.378856,690
964,969,8,8.176495,284
142,384,18,15.269179,700
532,495,18,4.432407,687
106,965,13,13.823772,1042
758,916,5,3.065238,329
632,185,16,14.654137,624
371,723,14,0.215565,550
693,872,7,3.619721,145
444,7,14,7.223870,1070
520,515,8,9.645777,363
743,337,8,5.475735,1057
286,804,17,18.591572,827
975,42,17,16.895849,385
653,53,20,1.378991,455
679,654,18,6.298639,650
172,925,10,4.292891,949
267,215,20,8.141190,1097
499,190,8,6.998478,328
544,344,13,3.214118,757
160,409,19,18.236460,1171
503,519,20,15.288818,1009
606,348,18,1.558940,144
285,957,6,5.387955,515
770,869,17,17.069558,832
973,625,15,6.407900,1125
785,185,8,5.212092,811
560,506,9,0.125861,169
91,143,14,3.561636,194
186,878,15,1.427365,304
969,962,7,6.413192,826
873,291,13,18.162487,645
740,967,20,7.889099,1083
261,378,20,7.993944,136
25,788,16,11.469640,858
102,167,15,15.693450,170
260,383,14,7.729510,221
384,12,5,4.928586,122
458,728,6,16.438776,334
944,884,9,5.207367,1187
54,776,14,0.639851,773
870,15,16,19.102510,340
390,843,10,4.016507,318
908,663,14,12.541926,328
327,275,17,4.334089,690
610,329,12,17.949714,444
32,695,13,7.091306,645
646,522,18,16.645946,249
35,0,18,4.823998,1019
767,445,10,19.494680,577
612,372,10,9.116473,672
673,225,10,14.078726,963
319,394,17,3.508409,287
513,530,17,4.851146,894
385,502,13,11.488354,808
763,317,12,12.480128,410
364,573,10,4.185944,739
825,465,20,16.251703,316
251,877,9,11.122298,1041
424,109,19,8.217364,408
861,332,20,9.605235,762
535,44,5,12.964263,414
667,304,14,10.806042,1070
560,797,7,13.099698,455
93,207,19,2.883170,621
786,250,10,12.525304,805
210,183,19,20.432560,698
809,897,8,3.601183,1062
132,630,17,15.162370,1134
377,421,7,9.593281,195
892,264,9,12.892835,664
621,20,6,16.243946,838
983,215,6,16.609117,239
537,272,19,6.217675,567
421,280,8,17.179014,291
937,169,7,12.138009,222
103,477,20,2.856032,342
872,282,17,9.886957,769
698,90,11,14.521371,345
201,409,7,5.083362,313
866,974,15,7.232561,1165
848,863,9,6.777807,765
128,651,15,4.435089,259
490,914,13,5.566508,954
37,422,17,1.601188,206
904,835,12,20.222150,403
202,64,15,6.069298,441
2,732,9,16.399670,907
706,738,13,16.364237,1196
968,324,8,13.635373,679
39,13,9,15.993648,331
79,304,15,4.197446,280
205,190,14,4.835190,746
416,832,5,14.825897,345
480,131,14,1.625645,253
545,456,19,4.911568,699
949,178,14,1.705366,481
360,984,10,13.612479,973
856,244,18,10.029040,1131
653,980,9,8.194479,622
465,827,5,0.543874,479
566,315,15,19.966840,627
131,94,11,11.600160,467
975,414,8,8.353972,969
911,64,17,13.687564,1019
427,982,19,13.992911,965
335,978,5,3.553333,1169
419,661,14,4.248193,1087
546,966,5,12.503209,905
210,949,10,17.797402,863
677,216,16,6.821373,263
213,676,19,14.067717,127
902,121,17,15.936027,722
970,994,17,9.600032,990
240,667,20,6.765205,339
587,869,15,18.739624,1051
96,772,6,8.344666,1063
845,652,10,11.953862,538
558,17,5,2.877049,298
944,234,10,0.900188,1045
459,505,14,3.348627,652
172,462,5,15.426230,659
64,124,14,19.076873,989
287,441,12,11.708034,963
596,406,10,1.309626,301
884,610,12,10.583682,1187
937,398,13,15.262324,576
362,846,7,16.056084,360
401,511,12,10.398630,1197
517,705,9,4.298381,365
335,987,7,17.676243,795
407,471,6,16.506533,600
772,141,17,1.459026,1179
269,311,7,17.551773,374
658,19,10,3.257960,487
150,430,11,16.582684,203
846,963,16,2.983293,281
432,568,7,10.157751,525
648,457,11,12.962836,1072
596,859,8,5.215314,1139
729,110,20,20.016519,170
828,775,10,14.732205,956
108,188,20,4.227443,584
812,851,19,13.188736,994
838,604,10,1.285939,825
659,522,5,1.512995,663
88,317,10,6.833405,1102
189,989,18,17.565135,1074
129,743,11,12.922868,100
494,374,18,19.658452,1133
136,234,18,3.805247,364
778,660,11,20.034452,548
312,701,18,15.027126,851
570,757,8,18.176758,446
101,784,10,15.246003,1051
334,511,6,2.983962,565
579,333,15,12.717832,636
532,713,8,5.023197,273
937,575,15,15.508609,968
157,650,20,3.174106,1186
528,422,14,4.777880,334
482,621,18,1.958049,137
718,979,13,18.395961,730
788,409,6,12.051610,684
958,465,13,0.650302,994
522,581,15,7.859915,391
733,520,19,1.209415,581
882,291,13,14.356062,374
257,109,19,8.806928,538
31,235,19,9.032240,115
344,581,14,0.872305,1040
918,321,9,1.340137,820
842,203,18,5.755866,759
868,945,17,18.250260,843
302,285,9,5.797401,262
8,172,14,7.393902,1162
186,133,11,15.313409,379
271,925,19,0.975784,246
976,153,20,14.161265,984
378,824,20,17.177173,1017
80,857,9,17.458394,996
168,733,19,1.318206,340
785,800,7,2.121636,376
844,806,7,9.126224,317
419,882,11,0.576648,1095
320,208,13,6.848193,829
484,388,7,5.959281,835
433,439,20,11.406249,914
489,498,15,19.289117,885
765,869,7,6.610081,154
410,287,18,20.374691,919
131,917,14,8.034834,989
830,750,6,2.576089,113
989,829,13,5.006063,196
806,184,11,1.525263,180
629,327,16,12.178703,1190
590,149,13,16.771439,105
915,91,14,11.383275,697
223,328,11,18.663150,841
117,484,14,1.138197,1054
27,750,11,0.619544,112
787,749,20,5.985222,218
8,498,17,8.822607,657
890,728,14,18.156940,1003
358,329,20,7.526096,100
328,144,8,0.404442,1063
160,37,12,19.728648,404
475,482,13,2.161206,337
870,129,20,9.647713,747
739,815,20,19.888980,161
787,257,20,8.142074,765
941,718,12,5.595141,786
958,537,20,18.009202,1161
638,200,7,2.944254,284
362,845,7,2.053744,130
582,245,17,17.253568,174
531,831,17,16.445114,565
528,402,5,8.896337,551
136,431,8,15.756798,837
218,782,5,9.805514,1028
120,725,6,7.384273,759
867,227,17,9.295780,1053
497,269,17,2.603634,700
452,234,20,7.807342,924
292,856,19,17.858086,869
658,671,18,8.829349,501
772,537,6,14.293036,211
996,233,8,19.561892,635
791,462,20,20.428998,1098
330,213,7,14.861227,920
149,835,14,6.909130,344
791,298,10,18.373390,279
306,49,20,0.109907,272
813,323,5,10.001277,1184
751,495,12,5.913225,518
623,198,8,3.987457,340
549,87,17,20.230889,438
391,896,17,11.648679,702
245,835,17,13.616599,1090
331,457,19,10.562350,1034
422,820,9,15.759932,398
651,406,12,9.949221,422
103,174,12,0.182145,449
254,209,17,14.130515,569
781,272,14,10.883814,390
860,489,20,15.904850,944
749,134,16,4.209887,635
598,777,17,3.092331,517
931,215,19,8.591326,824
752,384,16,5.078400,911
622,938,17,17.091006,1037
132,520,13,17.107401,826
917,11,20,8.412824,369
405,598,6,18.360617,660
936,582,14,10.481581,295
227,20,19,13.333929,664
619,805,19,0.885410,576
248,75,19,13.802044,1086
137,560,18,19.185889,1046
346,570,13,6.032619,184
988,890,19,1.223792,259
232,921,12,18.201539,271
716,123,7,16.140632,113
712,911,15,18.164009,1080
674,632,6,4.041119,135
494,180,15,6.804648,109
309,134,5,20.064363,945
792,616,16,17.411376,443
440,454,17,16.297839,1168
175,926,15,8.799597,1096
821,938,15,15.714493,248
703,517,7,2.933280,776
897,784,8,4.156812,174
409,593,13,19.902497,240
778,406,13,12.540620,934
337,628,14,4.715661,1026
856,837,10,17.780099,468
756,139,6,18.622629,958
213,965,17,9.594241,600
97,205,14,15.646698,390
975,756,6,9.226119,769
824,772,6,20.332788,1044
346,708,14,6.844521,313
225,528,5,3.195248,1033
551,339,9,3.640195,726
60,301,13,7.847263,1095
294,435,19,5.820205,525
277,837,10,20.204649,1152
975,358,9,10.470004,797
97,590,15,8.119210,168
80,495,6,10.747908,966
113,655,19,13.327015,611
829,565,13,3.168492,1176
695,578,12,4.219145,284
868,733,13,2.466589,134
737,333,11,4.022619,385
432,471,8,2.940859,514
169,42,19,3.874151,983
594,705,14,16.027027,423
873,187,9,13.707421,532
548,708,10,7.995072,709
467,485,15,8.118352,861
65,191,17,18.391131,500
50,472,16,19.195568,142
622,906,20,11.408146,581
907,186,18,17.941110,1144
268,137,7,16.779802,234
183,318,20,8.577544,287
43,459,7,10.835386,520
328,523,7,5.916704,855
329,743,13,16.238924,869
550,948,17,1.275398,606
243,295,7,16.598022,120
614,224,16,7.788501,1036
572,186,8,2.980615,102
822,251,7,6.140504,814
449,519,15,17.183076,313
984,535,9,13.794805,877
18,881,13,2.435453,1182
588,378,14,14.475124,1133
244,798,13,18.767134,410
858,929,17,16.896738,248
443,860,9,14.908567,1105
971,612,5,14.095296,227
83,860,17,14.951282,986
418,698,10,14.904199,666
151,938,14,3.102967,1170
104,918,12,3.624785,1063
865,943,14,12.395764,231
547,132,19,4.207543,683
211,723,19,8.218650,1068
849,588,10,3.482621,1109
285,851,10,14.530652,303
879,232,17,14.466806,1156
899,152,16,18.828796,972
999,937,12,2.249351,877
557,567,14,10.131291,898
442,532,16,12.425789,843
550,889,11,12.279966,1117
710,823,19,13.077966,104
684,819,14,2.587991,664
445,899,16,17.570039,378
677,583,20,4.001573,800
450,771,12,0.251896,131
184,224,8,16.348101,100
591,381,14,9.837762,451
455,410,9,3.352985,256
501,930,6,19.616050,1177
872,926,10,9.434345,309
479,798,20,13.996917,635
77,388,20,9.636703,1179
884,766,14,7.740648,1051
508,388,6,6.366362,1148
286,949,7,2.592136,769
685,768,12,9.811610,467
296,534,19,13.160616,219
464,522,12,20.183383,718
277,303,5,4.128039,1007
184,206,20,1.964838,413
884,422,7,17.271479,1021
522,573,11,10.012132,295
123,367,16,5.306998,200
453,170,8,17.289134,652
577,857,7,5.621450,1017
517,201,16,4.469519,1159
565,445,18,6.318954,445
358,609,5,18.201198,272
539,617,19,0.389712,557
558,273,13,14.696705,502
752,382,10,4.469842,828
694,129,20,18.342647,104
35,147,7,9.193966,1123
956,664,14,0.101323,578
602,933,12,6.718192,711
984,85,11,17.831882,339
420,971,8,9.741001,462
398,381,20,17.885059,672
614,56,17,4.531346,874
609,870,15,13.411241,1069
881,229,7,9.075642,727
422,641,18,18.604356,545
9,832,11,6.775323,749
618,497,15,15.201494,655
276,565,13,15.896154,890
28,35,18,0.959482,894
876,33,14,1.011111,1114
537,924,9,5.354924,772
579,456,12,9.307043,1097
756,64,5,15.325150,857
489,129,15,18.870305,980
568,718,16,11.690827,498
419,965,7,2.028437,209
158,789,13,12.283788,433
814,157,16,7.375909,966
285,530,19,14.171057,525
283,4,6,12.186046,269
705,967,5,16.684333,454
376,628,20,1.126744,669
599,343,20,7.093258,442
282,597,6,14.939285,767
610,74,12,3.489652,641
596,106,8,6.139497,295
54,480,13,5.161499,586
312,94,5,5.039457,678
238,214,8,6.184426,1048
574,936,16,20.262713,827
897,82,15,16.631711,996
608,112,16,8.729459,243
246,164,17,12.414411,1087
553,980,9,16.046880,788
379,670,17,14.882796,308
220,464,14,9.555705,408
633,513,16,14.992081,151
762,823,14,1.473195,807
665,917,8,18.532702,700
121,247,19,12.103996,279
625,690,8,6.103532,349
914,322,20,18.326776,655
80,602,16,5.181681,1077
540,63,11,11.057536,805
898,435,11,14.743712,605
786,712,7,14.041693,680
458,152,16,11.731083,1090
593,471,5,10.951617,198
260,847,7,18.694430,673
374,290,17,6.305633,1161
658,49,20,12.762290,662
585,318,20,2.669147,867
707,612,6,2.479778,584
483,986,13,6.922497,729
452,658,15,2.047110,691
897,843,17,8.697888,943
443,328,20,4.419129,605
360,963,9,12.287315,599
957,955,14,19.809140,820
446,557,20,17.816454,209
737,904,16,4.143785,181
104,979,7,0.208684,266
836,708,19,11.076536,494
185,983,6,4.831773,657
94,52,17,18.872467,512
433,786,17,9.842068,768
632,767,12,14.169053,571
58,839,14,17.355268,325
856,75,15,11.594033,650
561,594,10,16.851054,585
670,198,16,7.418365,775
38,184,16,19.394738,599
154,751,5,2.322104,851
819,425,6,4.129777,560
858,389,12,15.162550,1015
842,667,14,15.005792,389
93,111,16,4.695345,749
120,304,11,5.776881,197
331,184,20,3.715110,433
695,519,20,14.099497,609
65,810,6,17.483531,1045
262,685,13,19.805263,292
200,313,9,8.441117,284
78,412,20,15.196335,877
192,507,15,13.727572,201
9,216,12,4.878754,699
792,968,18,2.559198,352
348,155,12,6.513141,795
224,326,6,5.995631,724
93,926,20,5.480143,1057
239,670,8,8.829095,417
928,37,18,12.731477,1050
578,177,6,9.212684,463
750,574,9,19.431996,532
149,460,14,9.203253,244
775,841,19,9.231761,701
535,639,11,15.052562,455
382,373,5,6.746467,1120
950,465,10,13.610509,121
376,735,12,8.969367,322
748,46,8,0.645616,103
782,626,7,4.623999,487
854,793,16,10.643815,1039
216,460,8,10.769079,971
523,176,18,19.228038,946
476,514,16,6.220580,969
919,207,7,18.621896,254
666,859,15,19.235801,337
896,496,8,4.244152,948
513,789,10,20.066026,761
734,29,11,18.531934,666
985,680,6,6.292466,812
758,370,20,0.634561,763
120,739,10,10.048646,938
331,880,19,17.221968,205
938,569,13,13.130089,433
858,25,20,15.786040,575
507,274,10,19.751013,1124
588,122,17,12.791767,288
440,558,15,16.192587,840
627,884,13,1.828494,254
436,161,11,7.741557,1040
419,283,13,7.784037,1068
349,792,13,0.681334,349
682,747,18,3.158510,951
917,549,15,1.274834,1037
856,597,15,15.013138,772
659,321,8,6.203499,1082
231,345,14,9.583274,132
740,882,7,1.274813,807
964,368,12,15.613864,629
53,667,13,11.154321,444
86,92,9,14.004259,1048
825,778,8,3.203211,190
460,102,11,2.753615,842
855,642,5,13.627430,997
513,630,12,19.031613,524
241,879,13,9.477481,592
55,588,15,15.572911,726
342,687,6,6.450357,422
713,234,11,6.581198,271
471,464,15,10.542001,308
589,553,11,9.519466,913
14,881,8,8.021490,690
996,767,7,16.605135,489
694,881,17,0.554687,499
625,89,5,10.719162,470
499,139,20,13.215048,742
312,288,8,15.025846,748
618,167,20,15.642249,282
476,506,19,18.486449,622
596,499,11,0.351656,732
829,595,9,10.371695,933
414,507,6,14.902325,292
836,941,17,4.859387,223
403,475,13,5.387501,547
702,282,10,11.000113,906
939,860,8,17.995032,726
324,84,5,9.342206,478
154,202,5,14.152884,1042
896,743,10,11.538560,1172
901,672,19,20.258361,1190
450,139,5,13.247981,1011
852,773,12,13.245093,821
97,882,9,8.044494,501
972,113,11,7.303182,707
895,713,16,19.395771,732
115,782,17,18.469078,757
196,110,12,13.226839,236
718,751,5,1.229102,662
591,112,10,17.035637,1191
470,722,6,3.617333,773
613,729,5,5.060774,315
151,871,11,6.689773,899
978,529,19,13.040249,1163
702,918,7,8.336007,400
860,963,16,7.200573,423
121,696,8,18.102890,589
534,778,15,14.446723,810
340,639,11,8.607315,132
364,511,6,11.896135,462
191,389,15,5.301457,313
194,734,5,10.136390,489
713,979,20,20.338882,187
834,763,11,13.311663,953
286,208,6,6.857864,364
818,475,16,8.890564,529
260,652,18,3.979383,648
47,198,11,5.343169,694
32,285,20,14.764616,1105
751,772,6,8.855817,219
465,711,8,4.660943,988
381,108,7,6.202540,131
411,730,7,19.440391,1176
901,261,8,18.906375,924
138,699,19,17.477954,1109
612,749,6,4.623773,497
403,353,6,14.886998,845
807,777,18,2.673355,759
541,871,6,16.596536,278
144,404,11,15.429237,119
838,412,7,18.028303,356
727,63,20,9.721377,137
666,293,7,18.555273,382
913,667,6,11.601908,718
393,549,9,6.546148,501
434,832,6,9.436967,986
190,180,7,3.260160,703
744,482,10,12.924071,490
9,137,8,8.647120,344
331,272,8,5.752395,108
270,969,11,12.334257,975
363,705,20,1.538971,1146
682,795,15,2.260850,630
838,323,8,0.420468,1102
21,284,9,8.424020,835
81,974,7,6.688748,414
102,515,13,9.822891,1059
162,545,8,1.386226,962
954,242,5,11.512726,1032
651,929,8,14.644213,650
198,524,7,17.431458,1058
826,343,5,3.571195,383
504,302,17,16.454058,753
563,513,16,3.539089,616
383,961,13,5.966899,482
378,478,6,1.358811,1173
308,389,12,18.654223,597
741,607,9,2.996811,387
432,248,18,12.787329,906
284,199,10,7.863714,456
548,761,9,16.558811,658
993,318,12,4.472856,290
214,366,18,19.840789,378
889,286,12,19.684981,434
175,936,10,19.899247,939
612,453,14,16.092508,1149
569,262,17,5.662265,155
304,524,17,4.705591,110
733,527,15,1.916152,578
712,587,19,10.079778,1049
164,323,12,18.276962,1189
818,962,6,4.912377,615
261,694,18,0.694002,932
512,874,9,19.768766,478
466,295,15,13.554197,308
705,616,6,17.885319,239
188,669,19,7.589851,880
762,892,19,5.257675,670
868,129,19,14.339515,449
121,314,14,19.825866,115
442,683,13,12.486373,261
179,344,12,12.291086,283
583,413,14,6.674633,597
934,127,18,18.356460,1198
761,133,18,4.213985,993
907,56,14,6.853371,872
237,20,11,20.185647,418
500,400,17,8.814009,765
8,878,14,13.941600,1193
892,422,8,9.766792,594
770,390,9,9.115828,824
368,979,19,16.763689,711
88,147,11,4.669659,1091
488,485,11,13.637696,1031
831,844,5,3.923131,163
41,542,18,10.405977,868
665,699,10,15.618365,228
965,50,7,14.083555,625
168,338,19,17.911709,1032
360,301,9,18.257747,484
395,700,9,15.861913,699
444,145,10,1.921012,891
272,607,15,14.252706,492
931,193,13,6.955848,1074
795,51,18,11.493363,1167
610,2,17,18.578616,1098
974,629,20,6.399533,472
164,849,20,0.743130,759
384,639,18,6.760159,1004
275,916,9,5.749640,249
674,120,5,20.122163,680
200,582,15,20.041608,1141
21,734,9,16.292095,145
767,330,8,18.055424,293
403,717,11,16.415309,1141
192,566,15,3.074114,398
54,208,14,0.202653,322
800,465,18,0.885137,689
200,861,17,3.375643,530
108,751,5,6.601775,927
633,583,8,9.966837,1164
390,335,7,16.100489,354
757,387,14,10.385957,606
58,52,11,7.072843,527
761,321,17,3.621589,676
326,595,9,5.189991,562
531,715,5,8.232738,791
145,602,13,11.851946,450
550,638,10,1.787379,567
413,789,7,1.207460,373
338,403,6,14.890396,802
836,523,5,3.363297,786
900,45,19,6.103628,798
753,367,15,6.609092,783
827,533,15,5.326662,1035
947,590,12,8.820286,370
140,252,5,18.549640,531
815,563,9,3.356190,673
727,818,9,9.240500,364
688,199,11,6.016270,1154
999,65,13,16.216536,681
510,170,18,4.081274,212
346,885,8,14.643834,511
958,858,19,5.110451,438
549,558,18,13.484893,985
509,612,7,8.032015,159
292,417,15,12.685871,356
427,516,10,18.366298,1089
284,95,18,19.634292,1138
325,498,6,14.483013,630
170,35,19,5.637604,852
182,682,6,6.674136,395
799,516,5,17.040546,576
305,924,7,6.198254,980
383,365,19,2.252066,1180
299,965,15,15.608148,1069
684,629,7,18.424605,230
185,169,16,18.008858,687
108,836,20,16.631342,382
268,744,18,6.369276,455
504,85,19,3.787591,495
793,834,20,16.179800,457
259,489,13,12.630547,473
837,644,13,19.430347,351
798,997,9,3.865286,1042
852,489,14,20.157443,852
307,256,14,2.876741,1085
247,853,7,3.381703,115
70,815,14,19.366081,740
883,316,5,3.277975,330
690,235,17,10.325350,1143
985,840,15,0.501957,391
987,122,18,3.364288,997
792,488,11,0.061241,989
214,38,11,6.026290,1172
942,497,7,4.292635,1114
908,943,9,6.855103,553
499,655,15,2.523908,1068
415,655,17,8.348846,631
150,147,15,7.688226,825
98,682,12,0.710993,725
713,172,17,7.382580,148
585,959,8,3.219717,1172
535,700,18,8.045846,156
230,95,9,14.624017,682
930,723,12,16.720092,102
453,690,17,1.979562,730
137,553,14,1.187636,834
91,637,14,6.450220,600
409,116,16,13.112033,538
240,661,14,15.482449,1049
177,487,6,2.507735,721
450,670,11,15.530926,156
482,341,16,11.826408,933
688,552,12,9.696417,729
194,953,12,3.446063,572
115,827,10,19.106321,627
150,688,10,5.632413,832
45,236,10,6.847097,1097
584,155,14,20.403263,495
262,196,8,15.338022,302
821,115,16,8.198443,763
542,700,8,0.462596,984
808,487,12,2.235773,673
525,996,13,7.820106,178
357,99,9,1.437824,106
44,277,14,7.614042,259
357,187,7,5.028197,1094
575,832,8,15.726814,1051
280,981,6,17.460935,227
8,863,20,3.783264,1130
964,228,9,20.346983,325
109,457,12,7.711800,1007
736,997,5,19.553142,705
78,94,5,1.897282,706
987,579,13,4.584969,918
613,959,8,15.221640,1129
747,804,18,3.382074,205
85,936,14,17.375967,619
447,370,12,4.030275,787
182,378,6,11.760376,159
163,578,5,7.960782,663
27,387,16,15.291950,933
340,447,20,8.762650,966
680,261,8,12.504063,126
619,360,18,11.966772,977
635,708,9,12.603408,963
416,542,11,5.529569,756
116,865,16,20.269989,1058
464,576,6,1.595772,705
594,40,12,12.473139,257
795,125,17,3.612334,617
70,634,5,15.953222,878
866,901,12,0.085671,1077
295,471,13,5.067843,970
440,747,6,9.379873,854
209,153,8,9.420863,955
821,13,20,19.077389,809
725,339,12,6.874075,1052
313,383,20,1.389096,335
901,253,5,0.765722,1131
724,115,19,19.922488,707
6,127,14,16.162553,401
847,967,15,11.927621,185
469,385,7,8.307208,151
422,232,20,14.207432,136
819,936,7,10.380632,905
707,896,18,20.399227,880
999,640,5,10.671659,410
787,482,18,1.406461,892
926,936,16,4.187765,410
42,884,16,13.124595,637
355,781,20,10.760144,414
122,986,18,1.184661,536
657,264,14,17.688105,1164
812,537,16,7.995583,890
394,272,5,10.605280,874
81,791,19,12.614290,319
316,881,5,7.656175,242
776,454,13,5.529682,741
907,455,16,8.795351,564
487,330,10,4.244280,558
381,157,5,3.693017,535
466,859,9,17.101335,704
798,35,7,9.091948,342
142,792,7,8.035837,788
474,119,15,0.073244,184
163,573,9,9.699210,223
144,908,14,18.786016,635
352,387,18,10.355752,143
197,776,16,17.397611,673
924,307,13,4.177795,474
569,876,13,4.586083,1031
844,475,14,9.557004,846
787,306,18,15.843145,977
657,110,19,15.183916,366
82,604,9,4.040316,985
714,345,16,9.310748,670
876,403,9,13.771725,871
555,13,5,0.356677,199
125,968,18,1.391332,1033
134,923,8,16.803189,256
672,447,9,5.829495,728
389,372,18,5.787961,121
729,852,14,14.936461,295
126,938,14,4.628258,1085
612,61,16,0.664422,127
362,443,6,12.061527,188
845,300,13,9.618398,1000
106,97,12,8.187732,208
349,386,16,5.170073,795
480,229,15,1.920240,690
813,245,7,14.809837,291
527,763,12,10.494356,989
39,937,11,10.313178,879
715,477,20,2.103837,325
314,571,9,15.051230,1001
495,705,5,11.782754,788
158,122,8,11.487954,1086
970,726,15,8.852628,245
804,873,9,10.673168,987
690,180,13,7.641697,609
609,613,20,9.373700,1045
264,829,10,16.776761,1044
464,642,8,13.546033,911
929,85,18,9.663308,1144
616,612,10,9.045798,174
590,661,6,14.132275,279
852,868,18,4.407574,836
914,891,11,7.303965,363
832,445,6,18.274799,763
323,146,13,7.617173,1116
74,473,11,6.655326,339
209,476,9,10.808998,141
871,360,6,12.691093,1035
469,179,16,3.192704,700
954,31,13,5.640751,1159
710,407,6,13.383695,973
8,533,17,20.299796,248
915,882,13,17.860038,398
723,647,5,18.308366,1002
364,847,19,9.595731,1111
846,624,14,4.951540,1003
115,560,15,7.735492,387
843,754,8,16.868579,914
582,868,12,9.794405,657
579,290,12,17.228623,275
899,946,9,10.846853,845
631,205,15,16.708215,1139
877,429,8,15.394479,865
442,619,7,6.809682,1157
157,71,13,9.219305,774
441,224,13,19.584279,229
107,736,12,19.958811,282
495,735,12,9.026729,1172
278,494,9,19.900932,379
149,428,15,17.312345,738
302,44,14,12.241348,650
826,990,17,6.646922,143
290,983,10,10.679145,126
958,262,11,2.059820,856
787,249,8,2.701365,748
862,425,10,14.419994,1104
586,920,10,8.349749,810
673,654,8,0.818430,837
746,427,18,15.589847,1139
918,609,20,17.374546,1145
891,613,19,15.972915,931
806,877,5,13.590149,473
565,952,15,19.671393,773
888,447,13,8.350544,256
830,838,8,16.618170,228
0,831,7,6.082067,452
334,909,17,14.568352,706
382,878,14,13.459365,961
573,79,14,11.231207,344
543,44,16,0.638741,884
613,752,19,2.439955,129
176,675,13,10.803450,1014
47,744,15,7.979813,303
548,662,18,14.628447,394
956,429,17,12.288506,1067
768,337,15,0.296371,1047
373,573,20,10.411786,940
337,41,13,9.317120,329
984,924,19,12.918151,177
678,732,6,0.873974,1098
491,675,16,8.467928,792
661,153,18,11.429057,312
949,754,20,10.680291,1107
987,792,10,10.472167,593
214,834,17,7.578007,1023
361,45,20,2.283342,115
748,583,17,15.224007,524
52,518,6,18.363251,464
779,274,6,18.063262,593
405,8,13,20.184573,420
176,783,7,2.989302,553
304,241,5,14.106384,259
761,928,9,10.170148,400
698,327,17,6.876322,310
725,985,16,8.906382,969
725,364,8,0.941923,1092
616,164,19,6.630140,434
158,455,15,1.523545,807
809,152,18,19.938985,634
560,224,5,8.507054,259
426,540,15,14.070233,1154
970,771,17,4.874857,204
802,535,7,6.745552,382
750,456,18,12.584132,584
150,404,13,4.475410,735
871,110,10,11.707182,984
993,417,18,14.380696,389
781,355,19,17.906826,1105
834,288,11,1.939292,131
604,254,13,1.489198,768
719,904,20,11.982475,860
402,403,8,16.321221,451
831,340,20,12.476496,950
174,340,8,6.188378,820
653,356,20,18.578159,340
58,878,16,12.914246,1082
207,67,9,2.968277,122
188,573,15,8.662497,923
549,403,13,12.373557,862
857,568,16,0.917753,646
455,301,20,11.172009,449
950,290,13,2.830210,959
590,700,10,9.851352,806
436,269,9,19.178480,602
994,21,16,0.764239,946
173,443,18,14.858598,293
790,151,5,7.199851,191
492,40,17,9.513855,427
591,52,17,15.715343,330
39,725,14,14.010933,808
349,805,9,13.891345,585
563,518,19,15.904036,369
868,232,9,6.356710,231
558,762,14,3.036910,627
492,854,16,7.994722,452
788,285,6,4.881258,159
106,910,12,14.996057,420
62,351,11,1.054373,1145
621,261,11,13.027305,395
515,640,9,0.159325,710
78,227,19,3.960446,461
320,438,14,2.542378,844
401,129,8,18.859824,204
653,44,5,7.049933,796
474,167,20,5.760504,862
963,306,20,9.075914,575
334,308,12,2.548547,292
708,456,8,19.699862,494
320,648,20,14.702871,526
856,447,7,4.792492,509
312,854,19,18.623144,773
932,560,13,11.409935,773
690,138,9,7.863702,550
307,532,8,0.257849,1145
975,131,6,9.845785,273
530,175,14,19.403528,165
455,534,11,1.866715,115
521,627,12,9.490128,873
355,293,12,14.002899,1110
883,149,6,6.729787,1029
234,108,18,20.004364,209
581,124,18,15.685974,124
93,0,12,7.694118,908
749,122,16,15.270686,152
603,717,18,5.906477,264
475,581,9,5.248458,157
432,146,9,17.867928,934
407,952,15,19.116721,614
225,634,15,11.618278,143
654,254,19,1.692039,275
605,284,15,4.530163,966
992,520,6,2.903929,1051
903,53,6,18.029670,1071
665,39,18,12.011327,1013
421,837,8,3.308985,706
109,462,8,2.506956,695
714,599,11,0.822747,135
727,434,7,18.950496,290
856,540,17,17.124885,816
181,422,19,18.013835,535
831,305,13,5.330952,508
115,42,6,11.326002,876
889,869,16,4.884065,672
532,559,5,3.791007,370
561,872,12,13.010071,941
15,486,19,11.600105,370
35,766,17,7.860065,352
667,685,7,14.910663,650
491,610,12,14.116850,247
200,163,18,12.254026,634
85,755,7,15.309757,834
929,164,17,8.891073,881
572,245,14,0.241023,1028
137,256,7,1.660555,873
870,699,7,2.946438,856
724,894,20,9.983801,1040
168,635,8,6.903070,345
599,111,13,13.925121,798
129,305,20,18.991260,443
760,524,9,16.254516,802
663,962,11,3.930570,500
503,620,10,16.351754,682
79,446,17,6.850811,1028
870,289,10,6.784500,219
274,677,20,12.992527,545
113,905,11,1.630651,915
505,749,19,0.069768,676
64,257,13,16.288363,969
670,694,14,13.388933,1199
357,138,13,20.380506,215
289,152,9,16.114681,1007
714,67,12,8.396774,611
348,176,7,5.158990,900
430,277,17,1.336229,969
352,57,18,2.182978,107
331,627,20,14.221579,1072
350,459,6,2.706718,1042
622,600,11,20.238514,509
731,533,18,4.735680,951
277,1,11,9.517191,552
272,191,19,7.650443,868
426,360,20,2.147493,1082
654,109,8,9.392257,365
723,19,10,19.161913,428
84,344,10,0.128127,509
308,311,8,11.392854,707
949,946,18,7.160467,153
305,20,17,4.922194,914
37,787,5,19.697909,748
214,463,15,3.003782,970
679,704,9,8.630965,885
539,17,19,6.277708,989
315,184,9,2.193628,332
132,315,6,13.583621,926
168,811,14,20.037176,847
17,455,19,3.548187,1175
601,906,13,18.244220,544
405,303,5,2.891217,738
725,169,19,12.174117,759
502,427,6,5.366226,330
485,652,9,12.878105,369
251,302,13,14.114553,734
978,841,16,3.592868,333
617,356,15,11.951516,361
769,337,20,3.733938,532
469,961,17,2.804341,908
394,31,19,0.657660,291
935,862,19,11.776871,843
823,736,12,9.329433,576
67,446,9,5.954800,829
598,989,8,19.583379,1129
482,779,11,16.085773,441
847,775,11,19.847361,835
518,999,13,17.252699,760
930,849,16,1.063492,278
995,989,11,5.854966,962
999,5,15,12.869913,722
428,215,15,1.915657,857
244,715,15,2.385360,799
144,477,14,15.120509,220
848,722,6,2.248849,1036
624,240,19,3.277946,767
951,177,6,7.642229,436
193,938,14,2.930732,457
934,296,14,16.704411,700
934,74,14,9.463632,486
108,851,11,11.306267,131
824,179,6,9.126251,458
488,610,6,9.383324,819
13,37,18,3.055811,112
37,335,10,14.431495,666
772,159,11,8.962013,405
122,587,13,2.116540,778
380,328,17,14.229434,866
884,708,18,8.437667,696
922,620,20,11.720136,634
770,508,14,13.269646,730
370,983,19,14.647967,978
703,53,6,19.292823,261
156,38,17,11.861317,775
317,361,20,1.249405,969
135,592,9,19.510120,874
203,208,15,4.759883,328
131,999,20,10.667642,206
136,659,15,16.549733,587
912,301,6,19.657623,439
717,89,10,19.503974,1132
327,228,18,17.891716,300
534,589,10,9.136025,838
43,926,9,7.154961,1176
446,690,6,6.943102,858
311,365,14,19.327073,748
686,65,17,13.868785,749
547,950,8,2.058798,362
24,791,11,15.907670,538
572,414,9,4.853555,766
191,586,9,2.378620,992
730,919,18,7.726292,666
336,968,5,14.252283,832
390,429,8,16.974002,206
222,548,16,4.963921,874
69,435,16,14.909416,540
925,933,13,7.648563,857
498,807,17,2.509354,384
764,445,16,15.434011,754
871,634,7,15.848706,108
14,756,5,8.086509,1018
277,427,20,13.679874,738
690,833,6,1.461665,520
105,153,17,8.020645,159
545,836,16,14.434264,243
305,466,12,7.416538,820
931,100,12,0.366291,175
797,478,6,18.523801,797
312,620,9,4.625261,175
878,892,11,0.039232,468
507,238,20,0.792911,969
346,427,17,4.377607,200
117,702,5,4.911070,352
982,387,7,0.369202,502
945,829,6,4.510508,816
678,480,13,8.970294,644
119,229,17,12.683437,598
546,564,6,9.874676,474
385,55,9,13.679943,450
128,300,10,7.592269,538
730,221,6,15.959938,611
75,527,10,13.310809,904
670,507,8,12.805137,1147
366,163,8,2.176059,142
639,168,14,19.755197,623
10,942,7,13.791623,318
127,39,18,11.040911,355
476,282,14,0.492685,475
532,641,20,7.062571,920
515,859,6,8.003511,870
407,944,20,9.400119,749
421,565,8,13.964711,264
584,904,11,16.409685,1078
88,163,7,16.905204,180
199,952,11,7.273549,474
375,221,9,17.892487,1141
578,842,13,17.869322,1026
427,114,8,3.517455,204
898,758,19,1.927957,156
121,300,20,15.845907,385
468,868,18,8.430782,662
663,338,14,2.173624,169
904,124,19,9.548595,957
740,234,20,20.423091,697
358,866,11,11.065528,388
29,579,15,10.682697,1091
998,48,6,1.078362,754
661,33,17,11.060058,792
770,372,8,1.744329,1092
215,88,18,7.841743,1169
223,283,15,17.624496,997
261,409,16,12.910730,1004
625,53,19,13.517912,1130
446,294,10,0.372978,1088
182,34,18,12.177616,814
986,121,20,15.204991,553
200,611,15,7.824662,620
416,130,16,0.226226,1166
715,739,8,8.973569,925
785,724,19,6.992705,368
693,802,10,3.519880,768
520,889,15,3.549754,453
644,315,5,4.570794,177
740,877,6,5.868808,245
292,48,15,9.643264,160
899,27,19,12.714758,1038
10,299,5,10.026555,1030
123,682,17,1.875708,469
913,319,18,14.487424,926
944,186,7,12.961600,669
692,698,14,10.211410,514
274,942,6,14.462614,495
490,37,15,9.230971,943
61,746,15,7.504332,406
387,506,20,9.069830,1184
165,552,9,6.026718,1009
866,238,16,6.705722,642
599,679,19,13.823778,829
28,23,13,19.307910,459
591,467,17,6.163145,388
323,314,7,5.566533,896
206,61,14,11.474357,170
520,623,17,16.537099,687
335,632,7,2.012049,1142
497,515,12,9.375389,337
19,691,20,1.999667,938
640,469,14,15.474215,273
663,773,19,12.266347,1152
620,702,11,7.251026,876
346,550,6,1.625493,1154
140,434,20,10.526686,850
146,926,15,1.729331,600
380,780,12,9.254031,283
985,244,15,0.651911,1041
60,31,6,8.903193,352
132,13,8,20.435060,701
936,341,15,17.909084,1197
598,830,6,6.311961,1192
465,576,16,19.356820,871
35,665,11,2.924913,1114
325,840,17,16.976836,460
452,457,18,19.757635,299
172,997,20,9.485089,226
664,583,7,16.870852,234
496,219,6,7.641484,640
372,569,11,20.276503,610
213,273,19,9.343124,492
133,337,13,18.802011,820
682,505,7,15.865113,580
627,889,7,9.186462,491
912,275,18,14.572458,517
485,39,13,9.565731,233
633,369,19,11.324269,438
105,788,8,9.838444,927
246,713,17,15.050391,225
59,873,18,9.893323,460
252,390,16,7.454935,853
601,408,15,3.406254,1007
26,433,13,12.339588,939
940,79,12,5.422916,421
527,783,14,17.305556,1195
138,125,15,18.825827,1009
251,654,19,5.363995,211
6,113,7,2.057353,664
902,635,13,10.694216,1173
976,195,17,7.825043,257
778,953,19,10.232135,606
214,707,7,7.526960,498
715,582,11,14.915246,810
833,389,12,3.509109,626
988,638,8,17.962142,414
258,609,12,5.214691,170
532,611,10,17.080183,530
848,41,6,0.589045,700
912,559,18,1.239225,1034
875,178,6,6.971417,1114
874,834,9,20.010498,541
187,16,19,16.477077,400
378,709,7,0.930545,814
506,820,14,15.140947,179
215,797,8,2.171889,635
606,144,8,2.419847,878
636,360,16,10.250051,994
479,291,10,6.066873,616
116,219,19,0.813897,1001
738,825,12,0.004465,907
656,609,19,2.765104,1093
590,428,10,17.377003,1112
366,779,5,11.196636,402
397,189,6,4.589590,991
499,179,6,4.767286,847
154,983,5,9.308448,327
33,217,7,9.712386,512
373,999,19,19.527049,629
154,864,18,16.800375,230
679,20,7,6.491448,706
662,563,13,10.814951,943
474,274,16,18.739843,1194
876,329,6,6.618486,379
651,810,9,13.670161,1043
295,715,17,18.204608,938
625,772,10,16.327352,882
727,66,18,19.616358,297
907,803,12,6.710011,907
259,162,5,1.685399,381
300,360,14,13.221892,976
98,158,16,16.599831,887
46,58,5,16.108186,1074
328,375,18,10.633503,1015
392,250,18,2.461867,388
378,708,14,3.264701,986
622,309,15,15.282272,464
356,62,11,12.067251,1068
717,705,18,2.449975,364
888,615,11,16.896369,466
839,673,16,6.591590,639
459,171,19,3.356667,449
201,850,11,8.196335,652
108,463,6,14.061231,787
156,252,10,5.861382,766
965,409,17,7.133296,1089
37,389,11,3.781951,953
807,46,14,10.795156,584
722,43,17,19.535011,480
509,379,9,11.351752,658
212,737,7,16.716752,736
101,709,10,4.265146,589
474,964,9,16.672242,1028
769,150,14,9.968016,570
111,502,12,18.351752,779
990,323,11,19.883925,814
20,180,10,4.961052,783
707,518,14,13.642429,1142
465,906,14,13.817219,854
772,211,9,14.445804,422
149,169,9,3.013224,877
97,264,17,4.719922,974
645,287,20,7.368380,339
783,782,10,11.506041,180
907,414,19,0.787837,504
97,456,16,6.010063,1114
368,598,16,2.576349,289
193,758,16,12.057818,419
484,369,19,6.472908,878
696,857,17,16.676627,1140
660,87,8,2.102658,423
259,87,12,4.691394,625
90,772,19,0.781029,450
489,471,18,10.099500,762
723,640,8,9.401965,410
621,390,12,7.625710,799
85,341,12,11.412235,672
601,891,5,18.770958,463
927,314,12,9.795026,641
807,581,18,15.478348,365
141,48,8,19.955719,1136
615,800,12,15.865738,640
985,226,14,9.710426,372
670,234,12,8.698288,1026
597,343,12,8.413710,766
982,638,20,9.184332,250
426,311,17,10.462596,960
531,986,16,12.467616,915
239,129,16,9.069357,1056
740,734,16,17.512577,221
919,393,5,4.010913,610
589,300,6,13.101847,1052
649,124,11,16.535008,392
983,586,18,13.102773,1182
709,768,16,19.022055,532
324,170,12,17.352188,471
670,911,12,5.305128,307
10,634,12,0.259531,137
394,380,17,17.282106,353
55,410,9,12.170143,587
671,358,20,17.130448,829
131,430,18,15.309124,471
901,28,8,13.355331,907
821,64,7,5.277970,783
569,853,19,4.616605,875
242,682,11,9.859142,607
531,813,7,8.461423,451
628,852,18,3.573687,972
703,239,9,13.799364,387
142,6,16,15.675393,607
73,741,14,15.112079,695
802,686,16,8.039818,456
174,412,11,6.167216,937
217,857,6,17.788721,597
562,10,17,12.391056,713
682,16,7,4.229677,1140
438,528,19,6.959729,942
642,623,16,1.401990,264
0,519,17,11.071481,591
939,115,7,4.058649,726
784,651,20,2.275837,255
566,482,11,15.749779,525
184,735,12,10.987220,446
418,462,14,17.527211,108
724,844,7,2.625528,780
43,483,19,10.810156,269
594,970,9,14.364732,1122
281,176,6,15.288744,835
621,892,20,9.978538,342
548,309,9,9.739348,204
654,493,6,3.040323,647
87,394,17,9.401545,874
963,983,14,5.518548,855
54,425,6,8.910506,970
751,842,14,19.739174,187
886,637,7,16.766802,518
974,418,5,13.446875,749
760,965,11,20.436800,860
545,214,15,19.194001,796
927,488,11,15.287935,771
593,896,9,15.048381,770
504,111,12,0.753045,959
445,750,12,8.068718,784
607,634,19,19.203663,850
726,813,11,2.018412,1047
202,524,12,9.975280,790
996,932,17,20.418824,775
506,77,15,14.584278,373
262,850,9,3.010712,466
436,198,12,18.842927,441
368,216,5,0.102720,838
927,322,8,19.894437,1107
366,670,6,13.300620,652
959,432,8,17.725306,551
142,537,10,17.311027,526
367,405,5,3.144335,937
153,204,13,11.815977,857
936,233,8,19.990248,1026
722,540,19,13.151491,977
327,195,5,14.651035,728
464,298,8,7.080841,508
565,562,13,9.490450,170
347,570,16,8.533619,1134
19,590,15,14.777897,550
268,38,6,3.518598,563
508,213,13,5.209425,174
170,866,18,20.206538,366
680,245,8,12.706505,1103
343,495,20,7.223229,372
38,99,6,14.692469,548
430,955,19,18.457579,1150
769,229,7,8.470203,528
789,372,8,0.944972,548
205,868,7,19.824888,1068
171,786,18,13.196893,601
119,472,15,1.813013,657
861,340,12,1.614948,625
354,907,16,9.008474,292
61,374,5,11.756107,601
349,567,12,3.637982,674
553,197,19,8.763227,787
518,460,17,7.880803,1094
921,772,14,1.525224,1172
679,502,5,15.489589,931
907,88,19,3.726037,274
282,208,9,9.954123,258
173,182,18,13.017771,687
105,820,8,7.424857,399
45,495,14,10.814352,1117
934,144,12,9.542675,727
446,458,5,3.110481,416
549,7,20,14.549513,299
784,17,17,20.483724,319
639,265,13,14.707332,251
39,652,14,17.951532,499
810,648,8,11.830605,489
742,29,5,11.352635,299
549,447,14,2.625671,439
43,652,9,11.706714,1005
98,333,19,16.859900,809
281,542,12,11.039406,585
576,186,18,1.008475,1124
833,251,11,9.614249,1176
329,1,7,16.471515,698
942,732,17,17.110576,321
751,1,20,9.814757,351
356,375,8,7.100500,888
319,652,5,18.427979,473
287,201,8,18.393107,289
103,91,15,3.973793,594
794,61,6,7.832849,969
971,87,12,1.454612,252
81,655,11,18.149285,258
469,462,11,3.476152,1082
117,335,20,19.319331,984
573,146,9,13.305887,855
933,964,11,8.892950,919
71,845,8,7.645149,552
496,46,18,4.487865,751
86,899,5,2.994008,369
410,192,8,6.767870,320
42,642,13,10.387712,364
702,134,14,5.487631,500
646,568,5,19.642953,235
911,34,9,4.079623,1183
159,528,14,3.361146,1038
204,663,20,16.967335,1091
757,605,10,20.387975,1086
10,44,13,0.150233,332
206,683,11,3.622800,408
529,770,17,15.380889,438
308,81,15,11.447992,444
285,376,20,16.284640,1087
474,71,9,12.087339,590
797,567,18,17.145776,629
987,448,12,15.361502,253
887,371,10,2.155314,303
402,557,20,13.554528,1030
491,911,16,10.631619,326
207,730,10,6.842305,1121
928,148,14,3.786223,240
428,302,20,4.898797,624
702,940,15,11.195210,464
332,914,9,4.124857,969
702,655,13,17.277563,956
184,730,6,3.845783,1157
377,327,6,19.736180,893
245,101,11,10.062868,1153
362,583,13,10.371980,311
896,224,15,16.897518,634
124,754,10,12.258686,1195
47,801,11,0.887959,336
789,620,5,5.913003,121
238,250,5,10.947382,422
140,304,19,0.225850,455
71,588,16,9.791827,848
377,760,20,18.323048,165
690,950,12,8.739966,232
483,211,12,17.890560,515
408,866,18,11.380018,797
397,806,19,7.693882,755
892,279,13,10.380549,993
443,856,8,5.684197,324
468,489,19,2.688070,945
990,811,20,0.698282,695
540,769,20,7.593619,252
185,49,11,15.817374,204
697,128,16,18.447602,540
933,257,16,9.281337,331
145,664,8,16.809492,349
795,947,8,13.700770,660
50,651,15,10.750080,662
853,409,19,4.913416,117
829,159,7,7.203835,676
241,6,10,7.991898,313
207,228,6,9.444587,453
449,524,17,1.262593,1173
829,623,9,17.483595,368
474,832,16,5.208642,764
389,462,8,14.095740,623
345,61,5,0.749945,739
178,105,15,0.312705,113
897,30,14,6.008677,330
2,45,17,5.344391,1145
420,23,8,14.762126,1169
144,629,20,3.608802,1107
938,121,16,12.544750,1017
665,655,8,12.646884,1111
750,205,15,1.021472,564
405,992,18,7.438654,726
400,534,7,3.996554,652
837,585,16,5.231604,729
815,587,15,16.710598,519
531,275,16,4.769603,931
41,877,9,10.115437,300
164,832,12,7.250166,482
29,307,16,0.315462,263
355,672,13,0.107267,612
338,853,20,11.915843,335
48,779,14,8.068114,935
921,668,7,9.327396,799
414,408,20,1.558444,1139
728,374,17,12.254834,603
833,217,16,16.950082,120
998,556,12,2.055738,402
289,617,7,3.632374,105
883,942,14,11.412852,612
264,275,19,17.139621,765
451,842,8,2.283007,618
652,478,8,19.872253,890
150,369,10,6.962413,122
389,283,12,9.266171,347
459,93,7,6.208575,109
156,492,13,6.632166,320
647,343,12,18.029987,819
955,475,13,15.029281,659
547,759,9,5.939583,399
233,771,12,19.833381,322
693,311,19,7.095551,719
619,275,8,2.116491,160
204,545,7,15.534393,603
563,747,14,19.373758,160
724,142,14,12.236339,231
864,171,20,15.277295,424
711,489,6,18.981396,340
999,407,13,8.128415,975
145,5,5,17.610750,104
950,540,15,7.745634,1057
866,176,14,9.408062,368
832,55,7,2.880943,596
705,773,13,8.350982,324
903,717,19,16.237133,780
223,858,8,19.992001,1189
705,568,11,14.697473,262
798,148,5,0.229093,778
208,761,8,13.484666,1171
840,756,8,19.830481,508
153,487,15,11.893963,116
422,372,14,19.840557,209
317,45,7,15.688403,1063
768,773,7,1.825709,915
980,467,18,8.465313,797
501,822,11,1.973502,703
796,145,20,13.695876,826
670,428,12,0.693325,449
432,47,15,15.445572,263
492,185,5,14.993283,1116
598,410,19,14.752989,973
157,88,14,9.455206,163
317,677,12,8.227955,689
224,206,11,5.407432,929
95,434,8,14.801314,577
790,118,6,10.297443,494
674,578,19,7.203980,518
503,371,17,0.555571,562
770,421,5,13.175764,267
666,584,15,9.124477,961
5,667,8,11.294856,541
747,403,7,16.876721,396
285,739,19,16.005683,496
450,652,14,6.925908,162
936,873,15,14.287267,1092
759,130,16,0.673527,330
839,577,19,13.833237,114
937,816,15,0.991366,847
57,154,13,18.140019,267
710,275,16,10.316728,988
611,650,20,12.390181,613
999,843,17,5.331761,859
416,891,13,4.499067,649
570,686,16,20.358437,932
791,958,13,7.805222,507
857,487,18,20.358773,384
1,529,8,8.647574,651
78,252,9,14.981453,1045
112,275,13,16.020153,457
743,404,20,10.016957,697
227,436,11,14.000225,376
862,581,15,19.345373,574
844,235,11,17.099990,670
836,391,17,4.488397,546
696,222,20,13.707110,626
258,590,20,16.455450,360
257,986,19,14.115350,707
282,493,12,17.272516,108
105,36,9,19.162940,706
388,395,20,4.477628,810
680,689,13,0.860903,251
287,714,20,10.589701,273
147,732,20,7.193913,644
18,889,11,9.342661,473
433,728,10,10.500325,750
261,558,7,17.240664,256
782,334,19,0.151732,180
475,817,19,15.227966,576
786,216,10,6.032197,409
410,657,5,14.702904,279
91,528,5,18.926526,983
574,34,18,17.364713,498
108,609,13,4.717721,123
138,813,13,12.305973,688
867,479,10,3.831547,591
734,113,17,14.173328,167
530,444,9,5.167150,194
719,505,10,9.333900,201
664,615,7,10.283470,808
32,629,11,17.852613,344
5,965,12,14.346754,136
810,797,18,4.092550,118
180,625,15,16.172297,285
657,379,19,18.699340,941
228,707,5,16.188402,675
438,209,17,19.037422,1099
152,720,10,4.382943,612
836,997,13,16.858156,169
596,516,5,11.088774,1001
59,199,17,13.484817,510
650,832,13,12.510892,786
683,856,20,7.372612,631
512,81,15,16.353688,236
814,438,6,0.883053,164
833,951,12,4.432278,1176
472,541,18,0.579050,582
619,851,16,6.158050,760
861,349,15,17.424500,170
730,952,5,7.091169,665
315,729,10,0.679293,815
979,442,20,1.283346,228
666,785,9,7.206928,247
444,579,5,12.065503,1107
986,486,16,0.720858,559
757,864,6,13.016960,1065
998,871,17,15.806854,741
770,458,19,16.633377,1115
580,77,8,16.248190,390
206,436,13,17.458747,513
559,376,15,6.755360,213
783,388,17,3.275941,254
145,551,9,3.360989,1198
210,46,6,13.363733,398
842,627,8,1.503234,264
233,515,8,0.285870,243
13,506,6,15.181774,925
187,113,5,1.480321,1197
58,251,13,11.869877,494
666,713,20,6.649413,1130
567,80,12,10.763408,330
391,653,8,3.560369,380
318,672,12,10.135603,845
390,937,20,18.284628,815
125,853,20,19.725529,341
354,475,8,9.041650,781
568,785,16,19.968063,928
534,661,5,8.290986,332
856,403,16,0.991995,1024
736,2,20,11.191771,936
708,901,20,16.626460,570
473,688,7,18.999570,1140
80,224,5,19.335762,319
420,564,16,15.737008,646
99,396,14,8.775621,459
317,3,7,19.809154,786
282,533,14,0.718014,284
928,771,12,15.928296,888
96,559,10,7.137856,470
900,348,8,5.355995,1156
586,958,13,3.602661,162
159,645,5,1.897180,747
695,999,5,11.799313,647
916,967,9,18.475829,1087
164,151,18,7.711172,677
286,687,10,20.242206,903
135,551,16,18.265199,984
96,982,12,1.777630,442
675,226,15,17.992343,909
717,186,10,7.998434,652
545,830,10,9.589793,279
253,837,15,5.756874,741
942,623,13,0.994236,450
384,417,5,6.710644,912
167,858,20,4.242953,517
245,170,14,15.533264,1090
957,275,13,6.979767,463
876,38,6,8.334953,1012
477,170,20,5.566790,927
954,255,16,0.710720,988
337,436,14,5.220027,761
390,285,20,16.562457,572
990,421,13,13.322377,494
534,432,16,10.090008,237
318,752,18,7.340833,615
795,238,19,13.432656,167
93,146,6,1.142867,854
937,958,15,8.728372,150
280,152,19,2.809976,1171
207,105,16,0.603428,795
23,235,7,3.511851,1189
962,735,17,6.456365,593
634,315,14,12.921185,289
661,458,7,0.820777,1052
872,493,15,10.974342,327
439,612,14,5.890647,371
692,296,12,8.190099,605
575,369,18,2.092718,1190
317,658,19,14.575123,784
659,141,12,7.467602,971
269,140,20,7.355791,381
309,456,16,14.313700,209
152,491,6,2.820915,729
119,727,9,4.551751,1095
170,576,5,3.444420,836
618,277,8,10.643107,786
120,13,6,13.557512,691
629,861,5,3.237962,995
808,890,8,15.566896,839
908,298,14,15.651012,459
968,256,19,3.032442,406
677,204,10,0.085795,300
521,445,13,5.658942,474
976,13,19,4.072018,227
802,335,10,16.490169,301
449,274,19,7.220926,476
419,430,10,4.390601,1194
773,375,13,6.940709,235
524,262,13,10.373925,1127
646,696,13,18.381960,118
169,51,11,12.708776,261
148,922,13,2.311790,151
850,925,6,11.577012,936
397,700,7,11.966612,639
376,581,6,7.364942,914
789,957,11,3.381466,171
349,301,19,0.305454,648
257,790,16,13.680864,1163
769,434,5,1.815602,194
471,983,5,1.070006,663
789,100,13,19.796743,1106
665,266,19,11.362809,334
76,868,17,14.503136,682
292,900,5,12.333865,566
499,392,10,20.008739,1010
270,938,14,2.612890,937
7,323,16,6.916954,1032
141,338,13,14.777745,1146
820,555,11,9.094908,1105
444,183,17,12.385358,336
239,467,8,13.670628,698
245,891,15,15.938333,727
120,675,15,12.929793,598
708,372,20,1.499191,144
546,902,19,18.705188,795
207,662,20,19.190104,1083
921,942,16,4.638908,590
117,864,8,19.654999,1016
352,315,17,8.698602,523
71,268,14,17.859685,490
414,616,20,3.545255,530
349,555,18,12.201904,450
950,673,8,1.406115,505
337,138,13,8.314167,582
579,201,18,15.096389,173
225,850,9,7.039524,283
256,732,20,15.773181,520
295,250,8,10.705790,657
833,671,20,11.285835,959
239,699,16,6.484444,689
843,196,11,2.318211,398
933,9,6,15.002360,659
219,336,19,19.713927,646
881,31,10,0.212248,885
73,839,19,10.018686,899
877,153,16,12.074168,195
191,185,20,2.893488,1108
805,520,20,18.483071,889
462,777,16,13.427235,791
606,644,5,20.470105,241
738,616,6,4.556517,557
557,908,6,20.033270,285
947,913,18,2.605532,1106
24,968,14,19.121913,1086
556,552,12,9.170053,1156
260,807,17,18.988644,1094
86,367,6,2.497540,406
343,806,7,5.100876,728
836,691,12,15.468751,700
796,735,9,4.570954,617
87,92,8,10.561389,486
418,256,14,20.400437,360
736,808,5,9.154057,354
242,514,6,8.032082,227
241,684,17,8.036280,1081
805,581,13,18.302141,454
730,899,16,16.088908,1116
589,331,20,15.418971,357
978,605,18,6.721649,1170
976,922,18,2.953144,1045
489,658,20,14.566074,639
774,30,19,4.945243,103
365,168,8,17.090305,746
160,803,13,18.651827,437
911,599,6,7.104416,701
988,56,8,17.365122,131
771,651,12,5.151434,1156
919,8,18,15.911607,821
290,975,18,7.007966,273
851,306,7,18.739385,1148
175,617,10,11.505117,189
739,742,15,0.855942,534
979,626,11,7.411240,117
143,256,15,3.590001,784
20,123,15,2.902287,803
500,230,17,4.818181,283
667,873,9,7.394827,1007
107,178,16,3.596299,109
680,234,19,14.615729,841
157,169,6,2.101678,550
818,557,5,9.225725,774
536,897,19,2.284377,1028
49,411,18,13.170702,521
312,25,9,19.488011,316
161,502,17,13.218638,644
646,396,10,6.117729,680
225,12,18,6.379089,1191
986,389,13,5.382700,519
848,958,12,10.414286,1174
304,284,8,16.730258,932
670,393,16,4.342491,614
190,76,8,13.349073,514
906,904,10,20.155256,626
123,922,19,1.550081,136
67,819,18,2.147582,1028
708,774,7,0.059622,1141
586,489,17,12.794749,550
38,897,6,17.248722,447
51,631,9,15.117472,937
513,507,9,12.018225,226
1,556,14,14.968436,650
199,365,14,2.414384,1105
954,422,8,20.459918,314
700,691,10,5.500964,652
56,583,12,19.650586,191
253,358,15,1.537854,928
846,901,18,5.460685,173
45,924,6,14.156639,206
263,123,10,8.976912,664
716,974,15,18.950143,893
687,513,15,2.310787,842
116,13,19,2.388146,994
405,89,13,16.238105,699
117,109,11,2.908174,674
365,633,20,11.041828,617
859,153,14,9.015369,999
584,234,16,7.403346,736
964,919,20,16.119002,354
83,645,18,7.728940,531
544,173,7,6.797125,159
611,299,7,11.367425,261
113,592,11,11.789706,1001
26,174,6,20.284259,877
491,293,19,9.656784,638
305,943,15,2.379089,1127
309,272,10,5.888657,105
484,60,9,3.571467,1157
858,748,17,2.451167,853
903,62,15,0.530852,1027
660,846,20,19.057479,369
543,477,5,17.245170,134
543,481,8,17.968127,863
328,781,19,6.719755,1055
162,46,15,6.497755,239
113,519,16,1.238498,702
46,639,10,15.097913,198
361,126,19,12.739276,1063
263,920,10,10.933665,505
555,335,18,3.711256,564
74,756,8,0.665225,114
946,215,7,9.919753,520
252,430,12,6.254668,930
256,943,16,15.844493,810
948,863,19,5.174948,1159
365,218,11,16.179762,225
39,780,14,13.028349,608
103,451,6,3.739203,979
401,781,12,11.334046,877
964,28,13,17.524119,1124
227,369,17,11.272632,364
734,795,9,19.658882,420
959,911,14,13.324109,423
98,801,18,6.051036,614
749,545,5,7.346602,117
839,230,12,8.739970,542
750,11,16,6.704314,803
590,440,15,11.197085,723
890,25,17,8.798179,443
204,803,14,0.295570,258
504,537,10,0.755395,166
999,935,18,11.503235,633
195,785,9,1.691153,556
316,406,10,15.227584,742
292,264,12,7.870642,778
502,853,18,3.435883,978
24,822,20,2.879989,978
311,777,18,9.856617,304
533,415,9,9.609918,1181
500,336,15,6.800702,153
598,495,8,15.863980,369
426,89,19,16.817423,1172
130,180,17,8.241061,571
699,947,12,0.633617,621
127,950,5,19.132670,859
806,898,11,7.810562,197
960,536,6,8.041083,341
150,288,14,0.171916,469
839,586,14,16.299102,1153
356,207,5,16.658523,407
898,606,14,13.453281,383
705,970,14,12.231682,1174
589,722,15,8.140580,939
987,232,20,0.687930,966
531,767,12,5.048478,360
857,330,15,5.686254,538
525,268,7,16.246247,508
887,873,20,1.395246,1033
117,54,7,4.995194,435
583,961,16,17.676411,974
299,429,11,14.569863,1200
920,550,12,9.310610,565
166,99,9,19.049212,1192
36,4,14,3.904423,1060
332,148,13,2.808140,815
89,895,9,20.197848,736
326,801,7,6.921859,795
34,182,18,8.312217,777
597,860,8,17.554891,785
553,515,11,9.157044,820
192,360,20,7.703910,106
989,560,11,6.675667,969
706,126,6,7.864716,532
177,905,13,8.470647,561
354,741,19,5.049835,1173
403,114,8,14.950572,305
879,512,17,5.053631,324
634,631,6,6.218410,1003
158,740,18,8.781604,320
942,392,5,9.550119,165
535,938,20,11.729212,544
677,22,20,17.464086,774
535,907,18,7.322170,1167
620,9,15,14.614139,917
412,909,15,3.423418,551
958,932,7,7.488517,138
225,664,9,12.936508,850
99,301,13,11.016213,1151
187,929,19,11.388491,663
653,358,17,0.521818,828
935,398,5,6.702191,521
146,199,10,15.872471,869
272,331,13,2.535695,587
754,829,20,1.366737,819
332,234,6,13.629734,617
263,593,9,19.340277,1123
574,95,11,14.206349,1191
560,916,6,17.111431,286
404,150,6,1.162911,855
660,258,13,16.345899,450
605,696,12,2.937680,154
975,114,14,16.210673,215
510,677,14,0.888328,246
529,51,14,15.854473,907
963,389,15,15.827770,932
799,6,16,3.077168,723
147,881,16,15.481176,138
329,353,8,0.942168,298
701,166,19,12.447413,1182
989,586,12,17.949021,367
271,929,10,18.061780,395
399,963,20,4.744238,202
425,187,12,11.165444,859
172,297,12,7.076087,515
883,986,16,11.530607,414
74,137,14,15.089421,834
742,705,7,17.929901,170
290,529,19,4.223730,156
692,402,7,17.742971,765
813,849,20,4.796304,622
429,133,13,8.135257,740
20,603,6,14.900637,1011
963,333,12,16.639854,1002
63,494,13,11.223554,188
944,545,16,1.684548,633
243,451,14,16.814147,238
75,594,19,12.405612,725
873,28,8,12.275849,399
814,712,5,6.941168,737
362,240,13,2.358378,1179
185,937,19,15.454247,862
496,361,19,16.762589,201
351,101,19,15.569667,802
238,377,10,10.306872,1117
765,175,10,17.555553,376
936,640,19,12.431277,700
234,7,13,4.651822,1123
64,131,12,18.023421,506
403,893,13,15.371249,176
560,648,14,3.408542,1197
79,442,14,5.523111,1154
566,463,7,10.348129,282
717,117,13,13.899392,918
36,903,17,2.824741,334
258,719,11,5.068169,155
210,465,17,16.577464,820
390,617,13,11.388802,347
522,779,11,17.513770,237
213,996,9,14.976755,471
987,234,20,18.298130,353
777,109,18,10.233457,837
586,522,12,4.318821,355
894,504,16,18.733457,232
479,378,14,13.892404,143
538,560,12,5.480905,355
441,695,13,12.878160,650
877,279,17,5.390697,360
540,137,11,8.306557,131
30,446,16,4.088862,663
445,691,5,8.853878,427
100,21,11,0.935796,887
723,494,9,11.187895,816
95,707,16,18.483054,545
233,567,7,17.550253,1020
995,570,10,7.391177,778
366,664,17,13.860369,1165
601,520,17,16.266178,100
783,400,12,8.562419,1052
991,262,9,10.604978,153
152,142,7,12.261367,199
780,655,20,8.639271,309
465,117,11,10.693730,1123
980,773,16,6.241881,749
825,539,11,14.280254,295
419,282,9,9.373591,763
846,550,13,1.659785,1062
33,968,15,19.082192,932
628,536,12,18.249749,1084
411,735,5,6.309576,707
675,522,18,10.405729,840
126,416,17,1.424148,1190
483,683,16,1.177333,404
67,235,16,6.989735,758
465,326,5,17.378505,779
283,10,12,16.738343,1049
715,202,5,10.273377,671
274,126,20,0.866259,144
56,878,20,11.126171,320
621,98,20,11.453423,320
842,724,7,6.660883,975
366,508,17,9.024568,366
269,642,14,18.261680,911
88,21,10,2.649602,859
884,508,12,18.744205,757
796,75,9,9.045043,1060
397,574,8,8.578845,1174
815,296,6,14.945760,775
125,390,10,15.163337,519
709,841,16,10.722622,798
811,963,12,12.155862,446
871,768,12,0.527038,783
149,203,19,12.963742,997
151,936,5,7.450651,428
83,661,15,17.318023,130
518,843,17,5.494684,355
366,33,7,3.852548,286
587,391,10,13.244561,344
808,997,5,16.750821,293
262,46,7,17.608732,941
902,797,9,3.100889,349
574,687,6,9.326538,1055
564,698,18,19.050703,1179
719,771,13,13.881600,1136
992,602,19,10.806607,259
416,456,10,11.655762,767
734,259,18,16.378934,714
717,677,6,0.953403,1133
443,638,10,15.279667,331
214,906,20,6.575316,1053
179,278,8,2.100214,862
48,507,17,13.285558,965
326,39,15,14.348049,148
626,215,11,19.685959,397
174,376,17,8.131473,790
843,853,5,4.167078,1035
919,508,17,14.838206,531
264,152,9,6.642441,613
856,827,10,19.593593,994
446,388,17,18.554927,625
962,987,16,20.317421,890
328,496,7,8.244532,179
909,629,17,9.124729,692
468,881,16,2.154695,443
272,132,10,0.534668,957
26,558,9,0.955979,677
807,84,7,18.284228,819
991,265,15,6.013801,516
118,862,9,11.250926,756
672,477,14,19.595366,114
61,296,20,9.123530,307
713,508,14,2.130861,124
998,108,10,15.837631,599
332,218,15,20.357683,794
756,751,19,1.550730,997
209,400,7,12.651178,980
443,94,6,2.978099,492
924,438,13,7.499608,575
977,832,13,11.514781,495
661,11,9,8.611029,119
940,49,17,14.704769,571
769,446,18,16.225302,848
806,179,6,5.965605,159
194,942,19,4.825653,893
554,828,10,2.848909,1139
958,120,9,15.594684,314
492,665,11,12.792437,618
54,77,11,15.717249,224
679,311,6,14.813028,995
594,64,6,10.862596,123
989,754,9,11.218329,780
229,671,12,8.106484,508
763,94,13,18.830591,452
163,192,14,5.654032,1066
247,943,13,4.779822,694
268,852,13,7.011195,574
522,352,9,2.821565,1093
66,111,8,12.276275,447
655,755,12,17.590424,203
536,76,17,10.615879,789
800,994,6,18.333055,257
620,959,20,19.727515,202
740,966,18,20.217077,1047
235,749,7,19.956565,774
485,465,14,0.977851,232
23,479,14,3.427661,958
793,170,13,15.933869,906
417,700,20,3.163010,516
875,288,10,13.728693,785
527,799,17,9.751609,370
242,27,6,15.289479,384
463,425,19,11.761364,200
413,451,9,6.279525,208
672,513,7,1.009221,965
93,11,19,2.293889,462
889,868,5,18.262864,292
11,428,10,7.531243,664
35,676,12,0.459774,864
93,251,7,11.660342,378
571,603,20,1.508172,1193
627,456,10,3.524462,921
41,11,12,4.215470,740
767,810,16,18.822039,867
620,337,16,6.927310,687
566,525,20,18.047583,943
803,327,7,17.248482,687
900,601,11,9.883658,1084
798,664,16,1.060932,1197
668,193,15,11.429949,202
513,165,10,4.071888,1173
291,131,15,5.202290,346
147,502,16,3.793383,957
468,100,12,19.781297,1164
543,234,7,12.304631,846
109,744,11,0.462532,777
606,254,10,13.874122,774
831,401,6,2.606871,157
913,708,8,1.193421,875
919,332,5,6.670427,1149
724,999,7,18.785847,999
499,528,15,11.735008,1045
397,182,5,10.687558,969
32,631,8,4.795524,186
856,935,15,2.574909,506
359,244,5,16.938017,961
663,4,19,20.453399,802
271,999,9,17.490950,681
480,537,14,3.002654,401
163,323,5,2.802591,665
262,330,9,4.817993,533
457,898,17,1.890085,980
601,312,18,13.545853,958
924,268,16,6.171416,1066
637,290,9,6.819312,436
856,588,14,12.887631,847
378,768,15,6.099892,210
308,463,15,17.035553,972
51,398,6,14.976803,691
85,175,20,11.896966,502
936,490,20,10.578227,657
883,268,6,11.947429,662
39,645,16,16.164033,851
29,682,5,14.110988,684
485,470,12,0.246654,511
341,214,11,7.727854,477
421,289,6,0.108337,618
894,883,13,20.357553,487
886,959,15,18.261885,130
204,921,13,1.914385,234
654,906,7,13.818260,355
484,449,9,18.638448,369
585,996,12,7.634692,345
209,772,8,17.028947,1066
594,821,19,2.084104,1013
306,175,18,6.920090,401
299,740,13,1.690794,216
727,894,20,8.296038,268
883,770,8,1.636210,274
523,886,7,12.959921,721
795,532,8,17.637843,332
440,247,20,1.941837,828
293,21,19,9.602093,553
801,197,17,4.860366,266
361,144,6,10.133385,770
134,696,18,19.046642,982
523,359,5,4.674818,639
354,459,17,10.852000,1114
929,364,5,9.349985,317
514,26,7,11.858833,716
547,467,9,11.300560,392
614,847,11,17.002540,797
286,335,8,11.939132,1104
982,701,15,3.041357,1170
239,580,13,7.053876,315
536,401,19,14.889803,324
154,231,19,6.729618,522
195,313,19,19.152343,223
275,942,18,13.531434,1087
269,358,9,14.971009,172
656,375,14,3.980424,622
375,114,16,4.821850,865
126,809,18,19.866013,833
859,385,8,0.372981,956
979,771,14,15.893292,1026
696,938,5,20.442200,1123
438,15,13,6.921221,243
966,460,19,13.889213,1094
331,225,20,15.861100,663
764,244,16,15.221388,749
552,344,12,3.721677,182
135,494,7,13.458770,603
518,279,9,13.174344,774
915,832,20,2.668594,281
76,585,20,1.268964,990
684,244,19,0.822415,700
791,93,16,5.900410,563
873,56,12,14.249685,446
691,93,20,2.786902,269
416,723,13,17.455695,818
560,256,14,12.769738,416
174,565,10,8.951234,802
753,612,20,12.117419,765
262,307,9,9.339097,858
596,857,17,7.259302,655
367,524,13,12.473026,1019
642,273,9,16.000229,432
969,809,11,8.062794,494
831,834,7,12.679308,1071
161,807,10,8.728624,241
185,380,8,3.465933,816
828,415,8,14.057381,497
896,182,19,19.025634,665
42,413,14,7.199874,210
413,961,9,13.769510,590
733,502,15,5.439117,990
50,399,8,4.892699,889
767,874,9,19.467567,939
969,578,10,4.269664,454
562,727,15,8.272772,331
66,637,15,19.453818,1079
262,782,16,6.828726,719
51,446,16,19.884071,215
569,90,13,3.450588,1092
88,557,18,16.827000,549
89,938,12,2.862123,120
83,829,18,5.296353,475
733,558,14,19.670617,1079
458,418,9,19.067144,1123
783,404,15,8.025905,1124
178,505,15,4.201814,270
39,595,11,17.752951,730
997,992,19,19.790795,222
203,146,14,8.801919,740
771,634,10,6.861003,295
759,823,12,10.585650,1018
200,659,13,11.756527,728
187,999,16,17.432222,1114
996,106,9,3.244622,1101
142,868,20,10.399982,958
170,903,13,14.188737,561
844,993,14,19.684249,316
971,450,19,18.206148,593
42,550,18,1.375536,721
978,559,8,1.784563,297
418,619,6,6.684955,656
619,404,12,18.515919,1089
655,16,20,10.994786,553
884,153,11,16.107176,623
201,944,5,11.890681,1011
477,189,16,16.491456,559
654,339,6,18.505750,1193
112,378,14,19.009787,813
139,810,19,9.401518,826
286,452,17,13.824245,303
201,9,14,9.413356,117
919,713,8,0.709541,1029
337,437,6,4.924118,624
561,948,11,5.785218,241
791,325,11,6.127806,844
927,144,9,4.876526,751
140,163,10,17.061606,225
768,506,18,15.028125,1008
36,714,12,13.898078,634
431,694,6,11.492944,660
923,498,13,2.882941,713
983,413,9,15.310674,909
177,757,6,2.271941,253
312,983,15,15.598959,732
379,742,12,16.509835,178
580,813,13,0.004697,516
143,704,20,11.675037,158
696,377,16,5.412842,519
742,608,11,16.328826,247
157,870,7,9.860367,509
839,39,9,2.152962,398
472,362,15,16.012208,566
655,142,20,1.042667,430
103,862,18,3.921493,829
348,27,12,0.791958,982
47,204,10,4.045895,176
548,124,12,15.535644,753
391,833,10,11.141154,915
680,243,12,14.494338,889
39,64,19,19.972952,926
351,472,8,12.847316,1173
565,560,8,13.576609,335
427,299,19,5.196652,947
852,647,6,5.613156,756
776,344,7,5.408493,657
968,518,20,20.393343,691
989,704,14,0.541470,510
589,820,16,18.869783,494
294,261,6,8.016256,249
459,211,20,14.535196,560
580,186,5,18.674952,834
890,827,12,16.595908,901
567,565,12,11.248712,1183
96,313,13,11.680528,547
765,532,15,6.134224,412
77,877,12,19.401625,1057
989,908,12,13.023986,655
140,345,8,7.906122,1032
985,266,17,5.542406,568
550,445,16,6.740366,1062
530,150,8,3.473548,161
474,91,9,12.769316,1069
442,503,20,7.237346,882
230,849,7,17.958740,856
315,355,14,5.821362,747
411,210,15,11.546171,483
428,117,20,7.083277,379
538,58,16,0.197158,1016
509,766,16,9.919201,927
257,81,5,7.828875,414
474,54,8,11.366581,416
88,619,9,12.753693,427
299,574,15,3.799300,422
848,830,10,3.296449,966
165,918,11,5.222276,223
616,609,20,1.117141,596
762,824,8,2.752673,920
351,147,13,10.379612,424
980,705,13,8.772454,876
649,123,6,0.517537,480
570,688,9,12.189617,694
733,193,18,11.482987,1124
531,584,9,1.401359,970
776,315,14,14.616663,533
522,749,9,4.805996,1130
966,886,5,8.121173,343
672,613,12,0.111418,1114
560,301,6,5.870750,938
425,781,13,1.421984,287
294,844,6,15.049409,824
14,382,8,4.244024,148
859,773,5,4.723730,522
143,603,15,10.677970,817
279,375,9,10.811961,144
540,9,12,18.565908,172
777,404,14,20.222588,249
591,490,20,15.955668,589
855,436,17,13.581667,892
826,301,18,0.089241,1081
741,333,15,13.668001,801
954,720,17,17.862671,135
423,532,6,3.777052,935
176,476,7,15.833647,1186
375,574,17,15.598710,578
819,253,14,15.398208,1071
269,717,20,3.569061,396
449,911,18,17.180889,940
921,853,15,1.038697,328
952,715,16,2.927671,1031
48,443,6,1.132616,189
556,780,20,10.207116,342
199,793,5,18.623267,673
328,758,9,18.451924,275
694,190,12,13.367315,1032
132,390,13,6.374026,299
612,187,7,12.536162,404
187,321,5,9.890294,392
16,876,18,20.431567,359
743,926,10,0.320379,157
710,981,17,11.764252,778
525,513,14,14.186358,1001
210,196,9,19.493426,757
947,550,19,2.982678,767
820,326,16,0.368705,609
600,150,11,11.758289,883
762,486,9,15.150834,174
704,726,8,11.545627,307
541,446,17,0.459644,626
925,371,17,14.356952,855
950,295,6,2.184087,198
625,86,9,2.507883,402
741,627,9,15.940391,863
151,467,7,11.932295,758
714,0,18,11.635038,1049
685,832,11,4.560046,821
878,216,18,9.178944,910
532,448,18,6.439335,985
960,586,12,1.163500,784
679,678,11,20.263653,281
356,111,12,0.186732,950
938,811,7,14.805456,633
35,819,12,18.855488,428
135,142,10,17.947575,222
899,903,6,11.555750,1064
898,950,7,2.310978,407
256,533,10,12.352241,1055
220,920,16,1.393733,376
836,82,11,4.220604,853
115,929,15,17.010119,627
343,766,16,19.498615,370
792,914,18,12.217827,120
502,158,15,2.497995,707
892,63,16,2.428675,172
754,235,20,18.334117,1125
799,136,8,10.655045,1142
309,356,5,6.779051,141
74,745,13,14.100924,895
873,439,6,4.649197,462
373,115,16,3.463981,556
595,677,7,9.381653,897
713,960,8,16.597342,513
715,866,13,4.463700,229
307,5,6,2.317742,331
814,134,10,3.229516,1096
693,141,7,15.722860,716
582,672,17,7.625639,626
375,941,9,10.088062,859
452,830,15,12.184100,922
24,97,16,13.594390,924
425,490,9,1.840428,843
811,440,11,5.715731,936
254,788,19,11.627806,1076
8,208,11,15.230860,1152
902,437,7,6.370991,629
722,368,14,18.810535,392
742,481,15,13.473354,727
450,576,19,12.033939,719
127,698,5,1.462090,697
904,192,14,17.635962,492
724,402,15,11.093267,497
694,817,12,10.709365,435
86,619,9,19.919851,133
924,125,20,12.275997,898
946,304,13,4.687411,881
32,599,15,17.654003,160
810,227,19,13.738379,1011
831,327,13,0.155567,163
817,185,5,17.450607,364
633,808,9,18.150432,228
871,975,16,1.972640,254
109,185,18,11.206875,563
167,579,16,0.964173,1058
59,703,10,17.010209,973
468,348,18,5.368719,558
214,424,17,14.286681,126
802,156,13,11.636682,964
619,403,5,4.832408,837
452,522,8,2.002186,418
386,852,9,2.253631,768
114,138,17,19.594740,176
720,794,19,4.247296,706
512,145,10,14.082706,213
642,609,18,16.430210,870
67,232,5,15.967890,189
593,31,14,15.842478,820
613,870,5,7.315274,822
97,709,15,12.936561,322
99,516,12,10.804698,799
939,982,19,7.062765,181
183,980,11,7.414470,1187
535,962,19,4.931217,438
717,608,11,2.170022,718
259,248,12,13.079836,658
459,660,11,9.032928,251
675,224,8,1.967505,733
603,709,16,4.201563,816
201,171,6,16.931287,255
912,157,7,9.424775,206
871,62,8,18.114681,849
669,828,16,17.051113,450
708,253,9,0.259293,906
264,522,11,2.054893,341
203,765,9,11.139098,254
346,894,8,16.393489,377
371,273,8,1.348759,560
64,858,12,5.914606,998
623,254,20,0.870347,514
780,478,6,10.761333,635
910,709,10,18.487454,589
569,199,7,14.158448,235
685,564,10,17.795251,635
805,802,19,16.579680,485
527,139,13,16.940855,386
591,293,14,9.851444,626
846,503,17,14.168998,278
311,551,9,9.667434,214
762,691,18,11.474095,791
632,92,14,10.319290,724
795,913,19,6.421243,433
105,573,10,20.025317,547
846,940,10,16.393900,899
501,536,14,18.423027,234
595,636,7,19.961603,948
190,434,20,0.123428,477
700,426,9,5.719104,971
943,948,7,10.580097,275
271,25,12,15.860497,566
134,973,10,6.899290,348
932,887,18,1.420674,1168
901,195,14,19.185254,153
204,184,11,11.121030,1138
296,284,18,3.750536,613
641,147,16,0.765191,946
893,118,11,16.688333,917
164,396,16,13.288057,279
500,601,9,2.069880,1126
907,252,20,16.929515,1002
498,397,11,11.190540,299
472,403,8,2.093388,614
555,44,9,13.512813,315
844,760,11,20.067884,406
894,782,14,12.177326,1006
343,746,9,2.881893,1137
185,14,10,4.861939,673
621,817,12,9.137141,727
221,617,8,15.732319,1024
65,684,17,16.678263,243
973,731,16,1.156406,1171
299,577,14,11.839060,960
487,182,16,1.244547,489
776,759,6,16.666517,861
754,938,11,17.928768,1196
510,90,16,3.111090,144
724,838,17,10.420662,687
492,436,8,1.779075,585
29,790,15,12.368287,142
623,628,11,2.143038,1178
775,628,9,7.099432,1138
914,217,11,6.777150,714
256,392,5,7.732765,596
133,615,8,5.688864,786
834,337,5,12.754839,960
88,877,11,3.476838,937
717,685,18,16.811051,872
686,631,6,3.115816,147
285,80,7,8.200978,949
529,366,10,10.856241,909
186,930,7,6.228730,1198
821,964,10,7.231525,103
419,601,7,3.270181,649
790,618,13,8.349168,738
133,758,7,10.036046,900
706,429,13,13.935851,306
78,303,6,10.329087,644
704,573,13,17.012192,278
236,864,16,10.091152,841
551,50,20,19.414624,1037
342,956,20,4.032491,224
902,818,17,12.411350,1076
121,549,7,11.094006,526
747,757,9,11.560240,453
676,860,19,17.773450,1088
136,828,8,2.960585,1185
863,243,11,13.895663,1170
692,613,11,9.374477,983
343,581,18,14.403248,362
515,719,9,12.940169,542
668,479,20,9.881423,185
239,12,20,1.241544,154
344,41,16,20.495001,104
976,124,18,10.938224,1135
503,855,13,2.839774,998
951,142,7,0.025521,823
869,968,20,11.248646,447
908,192,11,18.492192,966
441,520,14,15.139052,331
474,403,9,10.365496,544
612,77,10,12.679318,133
573,495,17,0.623698,410
500,155,10,2.021030,512
370,863,11,5.556394,524
972,996,7,1.850930,365
521,66,16,1.825533,966
68,658,8,6.528270,796
129,383,9,4.654247,370
652,611,19,4.773168,695
709,523,7,7.213598,674
956,746,9,15.532770,100
725,562,14,13.105418,592
928,487,8,15.330182,136
357,523,16,8.269347,893
638,658,11,11.194714,323
447,198,6,7.241554,125
487,716,17,6.676824,278
470,747,18,0.385660,1190
872,994,10,18.676700,636
480,566,18,14.254720,478
785,400,12,10.990169,560
470,468,6,9.139431,318
753,669,17,2.393917,945
529,837,10,19.439338,209
514,315,5,5.251853,209
689,258,7,20.225281,684
759,458,8,2.946861,423
699,946,20,7.785736,926
622,412,18,18.264794,842
280,676,16,10.045935,507
301,190,7,8.477344,966
932,619,6,10.050256,245
873,721,10,19.194301,947
325,890,13,17.938052,687
921,114,12,10.510108,846
97,850,17,9.621356,1045
30,132,17,3.798916,1108
171,922,13,17.009359,383
665,45,14,9.648172,796
447,30,5,9.582043,893
172,741,19,14.859613,689
958,88,16,18.462497,531
779,578,17,19.078431,333
405,858,16,18.952297,318
363,144,7,12.724577,1094
56,647,5,19.825461,375
598,241,18,6.303395,562
914,351,14,18.008956,1185
298,427,10,9.218340,622
701,91,7,8.902436,923
594,890,20,3.886936,727
153,80,7,11.155492,303
807,987,11,0.262747,333
960,859,19,15.796846,179
260,611,9,13.609324,323
627,935,19,13.580418,219
780,119,9,18.053254,896
254,119,20,11.217290,871
341,913,16,8.176184,1101
892,224,13,5.973790,991
580,974,13,18.219999,871
357,863,5,6.900987,1063
732,353,10,13.287175,738
646,241,8,1.505893,297
187,987,7,16.718325,358
447,816,9,10.857978,631
108,506,14,0.747572,736
980,174,5,5.374878,482
890,982,5,2.961829,908
743,928,18,9.390169,1199
315,111,10,11.796141,636
571,20,19,6.059177,235
99,584,14,7.987648,186
704,77,7,13.317436,682
352,662,9,5.701549,810
992,923,17,10.483949,496
675,71,6,13.858429,209
993,117,14,2.146617,533
463,553,18,9.418349,625
414,723,19,5.093559,456
159,233,10,17.822812,941
604,523,5,16.353191,438
27,311,5,13.528989,718
236,414,6,5.274046,906
465,598,14,16.274210,681
568,687,6,15.767343,101
885,598,7,12.018804,678
980,736,5,20.184845,501
518,594,15,2.673937,421
301,270,18,17.368508,253
112,375,18,17.138948,318
477,817,6,4.289919,264
89,553,17,11.280571,271
162,932,8,4.611114,862
715,308,11,16.439881,1086
539,906,14,9.122452,560
982,917,9,15.636489,679
296,594,11,18.771332,827
553,483,8,5.592031,446
370,94,16,2.562007,908
730,184,7,19.499421,335
733,49,12,4.435412,357
609,641,19,4.816420,277
516,284,13,5.329485,990
182,19,13,13.138725,221
629,9,6,15.703396,705
452,860,17,17.253208,899
327,370,17,6.039818,1059
101,754,16,13.779603,971
37,869,12,12.186515,1124
975,791,10,6.439330,813
50,687,20,0.235201,160
456,40,16,17.434668,690
43,444,8,0.898886,736
548,608,19,19.248269,874
604,910,5,14.380968,395
112,701,7,9.563576,741
776,458,9,3.395222,870
154,869,17,1.318241,1020
693,482,16,15.164806,120
968,496,18,0.685952,393
967,495,18,3.848148,301
325,268,10,11.261346,750
225,902,18,1.510164,199
451,327,16,14.893978,958
363,884,5,15.486492,123
995,274,7,13.923400,1171
559,594,12,2.837617,635
773,339,13,7.494257,364
114,150,8,11.986001,1187
263,923,9,15.747978,1056
705,923,14,0.895208,730
602,26,15,11.458454,810
974,620,13,16.022441,1093
499,535,7,15.821960,846
324,436,20,3.312139,259
258,970,17,8.119647,429
261,240,5,0.257314,1160
782,621,15,7.019366,370
276,602,7,12.664541,1053
883,790,5,5.468921,821
374,750,18,17.920852,899
874,813,9,5.208043,663
516,950,16,2.905466,303
100,281,16,18.849786,719
139,103,5,8.470568,683
184,539,18,8.031356,440
622,295,20,1.677508,536
974,120,19,5.088597,195
474,619,7,19.626079,778
270,942,15,10.229408,990
565,105,9,9.676201,1175
32,710,18,18.005881,1107
723,688,6,6.499977,427
526,865,10,8.907747,807
984,155,18,11.673893,693
314,170,14,11.133628,606
189,769,17,7.991790,535
63,546,12,17.452567,549
215,772,13,1.555371,763
330,338,19,19.340076,1143
571,879,5,19.235753,603
901,447,9,7.242979,559
488,808,8,8.246654,596
114,327,13,5.353278,872
815,342,11,0.757438,190
292,860,9,3.251393,550
26,231,16,1.932774,832
758,255,18,1.362133,1023
845,95,16,1.465847,1008
398,598,14,12.373665,352
432,930,10,0.487763,257
854,233,15,1.760534,572
120,228,10,6.311750,1133
987,6,16,15.615607,947
290,725,16,17.718960,581
943,503,7,12.092630,269
234,739,5,10.634876,421
358,11,18,9.867034,469
302,49,18,6.056171,789
844,243,9,10.020669,1003
176,359,5,11.052103,153
275,480,16,16.921997,122
628,605,6,7.365460,722
547,748,9,16.688833,818
57,601,8,4.612030,1181
994,36,19,12.725430,153
771,670,7,10.159274,821
354,490,6,9.122157,229
192,909,8,13.680987,766
660,92,13,20.279111,855
292,294,13,17.557283,141
53,806,12,13.123630,1105
473,123,5,17.604258,680
612,899,10,15.024880,476
557,155,7,15.564415,247
548,586,17,8.160997,377
616,84,16,5.519150,256
93,701,9,10.185632,1128
633,958,17,4.802019,904
169,321,11,16.161465,1143
763,77,13,8.813546,917
239,329,12,16.996529,157
54,345,14,6.743934,321
445,551,13,2.238199,366
47,256,17,4.532960,116
795,254,18,13.449276,1156
123,660,19,7.204467,277
698,707,9,19.363568,716
700,889,12,15.696047,925
124,303,11,15.581942,691
97,711,19,7.490222,351
381,810,10,9.171158,985
855,953,8,0.388677,467
268,88,19,3.681719,1190
638,561,8,12.765853,901
668,239,19,6.317945,837
74,519,10,10.816120,640
972,99,6,1.061287,1003
919,142,10,4.641098,840
831,570,5,16.022155,1142
738,851,10,0.407505,776
344,890,11,5.607281,956
51,883,15,20.426024,1113
903,366,7,3.707546,152
195,206,5,18.000458,318
351,29,10,3.952904,1031
571,252,10,12.824194,338
609,530,9,12.252050,130
322,471,7,12.368065,159
576,494,10,2.902746,1016
313,230,11,4.511754,843
325,450,15,3.018250,984
920,700,19,13.379481,271
441,308,16,13.318384,758
938,198,17,3.298128,530
760,911,15,6.769517,766
265,185,5,13.238588,910
753,622,20,5.859775,599
980,815,17,7.988455,522
925,345,20,9.814007,778
376,317,8,2.532297,773
443,259,16,5.474595,533
100,568,7,5.558563,880
883,825,18,17.415137,149
537,799,7,17.931171,1131
690,381,16,14.238316,410
670,671,11,0.154611,480
17,486,10,4.896569,609
881,587,12,6.356073,385
20,967,12,5.452768,847
987,434,12,0.397970,330
353,167,15,17.651647,967
236,825,19,1.625874,429
767,513,10,14.440222,845
112,571,11,2.213585,719
17,422,10,20.025945,978
741,316,18,4.444975,720
274,69,15,8.687115,661
761,683,16,8.020560,647
129,748,15,9.500558,888
257,723,14,12.708424,606
141,118,18,0.434281,719
261,534,11,3.279580,137
560,904,11,7.780763,668
216,291,6,14.218827,1194
867,452,9,18.424421,1004
147,574,15,6.344320,797
618,664,6,4.411343,750
934,238,19,7.327260,531
914,967,18,0.477569,877
258,937,16,2.698007,832
719,524,20,16.787930,540
460,414,12,12.238680,462
751,511,19,6.913547,252
176,41,20,9.759459,366
564,425,19,14.928500,1147
447,306,17,0.712187,1193
181,594,16,5.918613,909
694,900,7,19.002066,223
155,127,8,10.333630,318
848,318,15,14.904867,410
731,181,15,15.013027,222
809,609,8,15.163382,701
908,211,6,6.012228,521
709,49,13,14.682375,286
638,993,11,19.729970,307
974,96,10,17.929508,927
380,82,19,7.228994,381
999,807,5,2.654302,100
885,951,17,3.253508,1095
786,715,14,17.662891,230
428,304,19,11.309987,438
262,619,17,19.811586,778
828,444,12,2.615526,826
609,343,8,17.553413,1169
217,202,14,7.056001,1052
417,93,11,3.354263,1000
108,716,20,9.304939,447
335,369,5,3.409941,804
977,784,8,11.653033,348
917,724,9,10.059509,473
139,329,5,18.489095,596
966,976,8,8.157481,351
548,731,20,1.919282,1040
769,6,18,10.013233,611
386,490,18,6.104249,1135
953,685,6,11.317177,994
459,115,20,14.006958,1147
844,553,19,4.748049,415
942,794,8,11.366612,191
566,901,20,15.854747,1073
735,163,19,20.362567,669
137,356,10,17.134772,604
589,959,13,1.698864,404
515,634,12,6.898596,696
976,32,13,13.085969,707
341,739,19,8.653090,1025
910,81,7,0.229663,1038
226,797,16,5.075349,645
823,84,6,11.003321,733
913,439,18,10.865594,997
889,767,19,5.312045,284
425,307,10,16.610795,924
218,39,9,16.822906,659
17,471,18,18.650089,202
760,555,13,9.660210,673
912,784,10,4.006844,568
793,84,15,20.485532,357
112,126,16,19.430044,1032
335,806,11,18.874303,919
431,781,7,20.349845,935
214,675,10,0.769043,123
757,550,19,4.235579,130
114,646,5,2.971784,646
425,305,6,7.728168,499
930,337,15,7.873331,811
247,435,20,4.788090,654
142,631,17,12.059305,733
945,13,13,4.780317,537
776,290,8,2.949391,1152
702,840,11,1.001782,1095
393,9,11,18.212873,256
707,753,8,0.717230,680
18,480,8,1.627339,199
31,522,9,5.743507,843
783,955,18,10.123060,722
64,397,13,6.265229,1041
197,14,12,14.417961,721
849,185,16,6.097347,809
380,293,6,19.662461,943
775,178,19,9.111999,863
828,809,13,10.104039,492
389,326,20,10.276190,389
284,510,15,6.280160,366
623,756,13,5.889969,572
364,577,6,4.706532,1141
630,230,13,2.233606,881
208,897,12,19.598635,1025
527,155,11,8.532936,489
951,813,5,7.249387,1082
81,33,16,1.936216,240
794,79,20,9.480600,762
109,363,13,10.988125,1097
319,964,15,20.025013,145
724,860,16,0.653805,314
122,354,8,16.569068,1027
839,608,10,11.284034,683
85,677,7,2.852156,693
236,743,5,16.080548,1160
676,522,19,3.779820,788
471,823,7,18.883594,489
956,734,9,13.659830,925
425,753,20,4.192623,941
146,116,20,8.440641,330
38,97,7,4.877747,191
377,871,20,10.378051,1039
444,409,12,7.499610,1010
638,856,16,5.491079,592
872,550,17,9.931589,773
355,321,19,13.904466,567
681,19,9,9.727794,726
33,214,11,10.938102,1133
262,572,19,2.076329,482
925,67,19,18.929848,521
94,733,6,2.319598,107
671,567,5,16.239345,832
984,658,9,8.337718,848
790,35,11,17.326701,298
52,973,14,15.113673,1169
871,287,6,3.536346,335
663,830,12,15.893064,451
21,897,6,0.085596,998
517,165,5,3.954659,716
70,648,14,19.208297,868
901,795,19,3.557894,634
364,756,10,7.886541,292
271,654,10,0.855075,797
901,825,6,20.370901,850
330,710,8,4.685603,922
821,783,5,13.226015,1119
366,1,13,20.386930,820
378,857,6,14.909399,870
406,14,20,20.121126,582
64,426,14,17.874703,362
443,434,14,15.652633,1017
700,554,12,7.573869,291
864,397,6,4.730114,746
8,964,16,1.212656,1085
914,112,8,0.500880,571
825,23,13,12.006214,874
206,323,20,7.588003,855
719,148,19,8.135660,1117
106,902,12,1.016506,968
496,532,8,20.344401,113
480,16,14,12.133577,992
970,319,20,2.448031,950
629,150,14,19.471557,108
901,575,16,14.079282,501
747,537,8,0.174628,1185
939,677,19,9.153722,792
658,97,14,6.944958,745
785,686,16,19.951186,994
219,627,7,9.790096,707
33,729,17,4.293378,1081
2,184,20,12.753783,990
235,506,13,19.281959,969
280,240,10,12.341595,1198
674,897,9,5.818797,1068
308,138,19,13.478125,499
85,318,5,8.241184,875
486,42,19,11.183596,870
249,776,11,13.486237,643
803,564,8,19.448311,1103
667,650,12,19.717691,809
424,122,12,1.027164,930
243,176,17,14.947647,476
813,337,12,7.255524,180
246,880,8,8.924004,231
642,249,13,2.621844,488
646,164,9,1.465308,971
480,639,5,6.632621,474
291,19,17,18.970144,819
399,554,18,11.173842,400
361,433,20,7.662474,683
64,163,14,3.376958,867
505,168,16,9.251528,913
796,236,17,17.623024,1148
791,780,10,5.640072,874
426,195,13,3.276158,706
832,847,6,12.472071,658
632,356,18,3.892225,312
498,328,8,14.248663,405
172,574,5,0.409177,1194
17,627,10,0.893913,683
227,695,11,3.181894,879
277,201,5,14.094670,1123
974,588,6,15.428412,836
232,880,11,6.339625,139
75,405,20,19.323237,849
294,117,16,15.883195,1132
445,352,15,10.755102,1170
903,105,17,18.189967,443
376,949,17,7.037230,815
378,88,11,12.917167,1138
291,421,16,9.337455,477
730,45,8,19.831283,740
112,689,16,17.509441,422
852,338,16,13.574629,211
443,275,12,20.374257,715
899,102,14,14.244805,361
196,751,7,6.823409,228
662,929,6,12.102935,249
135,120,11,15.802163,1123
622,99,9,7.900405,692
702,347,7,15.566381,806
938,339,14,17.430729,307
790,307,10,0.889949,955
702,246,10,19.864655,543
496,513,20,7.807194,438
872,822,8,4.840307,154
441,31,6,8.217193,389
19,20,9,7.720317,823
882,207,15,3.906284,482
725,675,19,12.027961,243
384,907,19,3.194572,358
175,125,20,0.742542,408
713,845,12,19.542152,640
868,398,17,6.587109,279
348,222,5,2.545473,689
211,626,8,3.686655,955
177,318,20,2.944271,1189
480,305,9,12.450588,254
737,208,10,20.039756,1002
310,740,5,6.879634,679
704,324,9,3.857979,1200
340,929,19,12.163582,576
499,532,10,19.807553,298
49,498,19,8.593737,285
31,510,7,19.744609,154
153,856,18,17.151467,733
480,745,10,20.417620,766
144,975,14,14.773225,331
827,259,20,16.946663,379
976,816,8,4.965773,670
359,159,7,10.160348,363
708,781,14,7.371368,654
949,446,17,0.630588,857
253,529,13,11.133252,626
161,608,16,11.349442,888
740,569,11,0.795067,376
53,137,15,2.171307,1003
636,27,12,16.244104,436
526,209,19,15.019514,482
241,291,7,13.764248,294
566,660,19,18.198836,323
917,455,15,15.992890,515
50,738,10,18.194735,290
175,225,9,19.371428,1156
781,566,19,0.701005,1089
440,578,8,20.415834,501
306,386,7,12.845536,972
314,513,9,20.211339,170
433,268,16,14.665196,1130
440,812,19,10.573906,810
454,362,17,10.552789,678
769,2,14,20.040495,1120
580,601,8,6.344623,998
867,511,7,5.962276,937
372,246,18,0.557922,898
839,328,18,20.287358,142
604,793,15,4.342034,567
63,414,10,12.752648,1131
276,210,6,9.675587,137
886,609,16,8.034032,255
253,133,14,16.649446,984
75,637,13,2.806324,691
119,600,19,4.410588,260
27,598,19,12.793661,144
974,551,9,11.401541,828
927,1,11,0.904830,253
100,169,14,16.511894,555
8,859,7,12.754885,1043
428,721,16,12.496713,479
385,871,8,7.005946,1159
116,145,15,8.896638,871
955,478,15,13.955902,1000
380,900,17,16.102796,1036
238,864,6,2.692969,236
677,309,15,13.408002,1039
981,598,17,17.848477,1033
108,291,7,0.553647,591
173,274,9,11.838374,885
315,187,15,0.496883,604
135,429,11,19.669074,178
546,989,16,8.783362,761
755,372,16,1.071991,310
915,294,11,1.046926,505
620,660,11,14.394387,758
597,141,12,11.681398,976
320,321,5,17.754435,406
759,789,5,2.362711,872
104,528,14,4.466983,1103
208,753,15,5.384654,415
659,104,11,6.279274,978
713,823,5,1.388886,966
998,348,17,19.449469,1062
518,596,18,5.619837,729
854,200,12,15.167193,264
212,476,16,1.128716,680
542,77,19,0.469653,753
810,756,8,11.615990,1148
602,367,9,19.249560,716
142,719,16,1.950567,259
89,239,11,19.146744,432
924,592,8,17.637066,693
694,162,6,9.791146,333
516,619,18,6.111066,303
395,6,12,3.307167,1159
480,936,16,8.268712,866
826,483,16,4.396243,405
222,989,16,0.569385,410
18,265,15,18.377136,254
881,462,8,2.932345,492
708,932,16,16.169540,368
386,404,14,1.328366,1005
504,839,17,15.606589,1093
9,730,11,10.500655,700
106,942,18,6.163799,376
155,838,5,8.891933,499
832,139,12,18.403683,738
335,207,12,6.237994,965
595,201,10,1.329789,118
583,518,16,14.858516,677
24,67,5,12.680602,450
233,709,8,4.397981,1160
697,928,5,13.118728,324
635,909,11,11.579064,935
946,761,12,19.403207,974
524,481,16,1.702043,463
974,283,7,7.487974,276
795,378,10,1.159630,318
136,199,20,14.972044,463
523,206,20,3.768595,942
764,217,18,6.619857,743
336,872,11,5.690720,1138
475,955,20,4.913402,779
755,247,18,17.039655,163
598,633,14,6.105048,1058
299,906,10,7.054969,918
591,433,20,5.046366,934
830,61,7,6.191389,875
722,871,15,14.702013,417
510,610,8,12.549319,1190
416,473,6,17.729354,358
752,58,16,17.084482,427
699,357,18,11.743619,234
559,503,6,19.851922,346
892,374,7,20.194306,898
997,499,18,6.727586,650
701,545,16,15.209571,1085
841,588,12,7.148155,911
254,974,12,11.292073,810
240,431,15,11.702658,332
506,63,9,0.233150,452
582,6,10,0.291932,1138
978,256,11,17.026899,495
370,415,15,8.207122,442
653,807,5,19.295851,678
950,381,17,10.856141,715
22,204,20,20.247774,1117
943,881,18,9.594553,1146
909,628,14,0.392214,1143
416,513,7,2.584067,602
761,247,19,8.951626,810
402,157,15,11.667770,921
20,611,17,20.494903,960
666,829,5,10.790807,1183
457,18,14,16.636372,582
59,64,9,18.896644,1112
659,301,18,6.323942,1103
361,757,18,1.101187,984
183,162,15,5.777198,290
62,272,18,0.196532,1175
281,65,16,10.448277,583
845,721,20,3.396222,198
507,120,6,6.675826,449
818,385,17,0.208201,845
820,652,9,9.906383,390
228,575,15,7.670459,851
740,354,9,6.421400,767
804,175,19,10.672425,613
618,157,16,15.228263,305
379,730,7,11.864256,381
742,833,12,13.390852,1112
9,65,19,7.886996,535
20,763,18,18.547512,174
931,490,8,5.439662,461
216,205,6,14.513262,429
819,833,19,6.943255,308
312,337,6,8.509708,916
243,561,13,6.694300,950
588,520,11,13.279382,1050
57,515,15,2.870392,835
907,490,7,17.814863,917
742,41,20,15.422285,945
563,682,10,1.727181,612
722,37,19,16.525995,931
718,162,5,5.156858,816
479,14,17,0.512618,1088
865,570,6,6.341958,338
835,503,11,5.638857,431
35,254,11,14.424807,164
993,712,19,14.998438,519
444,515,15,16.973683,216
995,679,18,1.833588,252
630,760,15,10.734933,102
292,936,8,11.185687,1077
880,798,15,7.878132,748
388,710,9,17.402630,119
735,478,14,19.380065,675
107,903,5,10.932135,269
707,964,8,2.280613,538
955,171,9,3.246582,880
420,600,6,15.304200,1142
83,416,8,11.522383,166
757,941,20,8.422880,975
530,112,16,4.054705,898
642,940,7,4.673407,954
823,952,5,9.192874,680
448,27,17,2.388418,708
175,168,6,8.335621,1078
61,7,14,11.376578,550
510,763,18,11.947051,374
36,675,16,17.771738,1020
858,560,6,19.692375,794
526,104,17,3.317065,870
227,329,14,3.793791,864
506,383,19,1.119284,959
944,528,18,7.913921,385
222,395,7,1.256755,286
175,557,5,7.141994,763
277,777,10,11.673983,757
294,567,17,15.014091,1100
794,964,17,15.510373,828
943,776,17,17.702328,1190
853,772,13,12.921932,340
43,174,5,9.897372,991
656,881,15,7.980212,1131
495,783,17,12.325135,991
45,773,19,13.473567,1169
96,378,17,19.605711,920
435,620,19,11.766363,886
778,197,10,16.455931,1079
872,584,7,17.239752,300
370,114,7,14.516210,790
698,197,15,12.725590,326
660,969,6,7.857980,725
849,387,13,11.216100,575
79,85,13,13.829878,122
869,340,13,11.554594,941
995,561,12,3.415619,603
103,642,11,20.122035,619
541,731,17,8.613915,422
965,671,16,3.199291,514
241,761,6,3.665688,371
774,58,20,6.558051,425
974,572,12,13.642906,332
68,121,13,0.275709,402
558,698,14,18.798108,1025
26,629,15,2.675517,1191
10,519,14,0.856490,221
235,314,12,13.765384,803
428,612,10,0.522770,226
44,109,19,1.407070,499
792,269,12,9.106607,870
154,935,9,4.467640,836
938,751,12,3.199826,1055
410,711,17,0.140419,462
293,50,18,3.546890,674
391,842,6,13.149278,515
540,930,20,20.352137,241
401,961,19,9.661315,187
685,763,17,17.240661,955
925,255,19,12.114440,965
671,784,11,6.369381,116
321,23,16,19.789265,958
471,113,9,17.708704,589
69,101,5,1.230978,592
631,377,8,3.721524,286
684,667,14,0.732329,615
536,40,5,3.559975,1061
507,687,15,5.333836,898
618,180,15,13.844047,445
291,662,19,10.843302,928
4,261,11,10.139331,444
993,386,17,13.918142,212
491,558,13,12.644733,988
829,651,12,17.329195,1151
297,120,17,14.276545,348
240,174,12,0.738153,898
262,425,18,2.636954,420
97,142,14,15.463140,1141
978,531,16,4.932192,246
341,850,19,7.272370,411
370,972,13,15.480581,721
655,110,17,15.360702,944
721,118,20,12.195116,456
385,688,18,0.616066,390
800,978,17,10.436008,827
1,827,14,18.214376,727
398,650,14,19.995854,1126
257,400,15,20.336936,173
321,40,8,5.275461,687
71,525,7,19.856046,423
320,879,13,19.267737,601
745,159,9,9.870395,523
707,584,14,1.676778,453
930,224,9,20.477690,121
613,759,20,18.131391,591
516,395,5,3.522805,246
372,411,5,14.640067,1028
300,963,20,1.786584,996
435,396,10,1.609812,952
287,970,16,9.100136,948
159,432,7,2.052518,423
163,345,14,2.084573,1021
888,618,17,2.676743,159
820,255,10,13.438744,310
942,288,13,3.944208,1200
576,259,5,2.986732,466
890,906,6,17.425795,326
422,595,12,6.284789,397
830,364,20,11.077949,146
459,705,9,17.245715,451
356,901,15,10.263197,259
326,546,19,0.298581,952
319,36,16,16.614965,786
84,110,5,0.512282,331
313,495,8,11.472365,216
936,749,18,11.480972,453
367,457,8,18.883412,230
3,913,19,18.151679,842
894,621,14,3.192396,1050
712,795,11,13.835203,837
69,164,5,19.014326,833
377,80,15,11.120938,947
634,27,18,12.926464,333
297,230,5,20.061028,364
976,879,11,8.407502,489
95,503,19,16.282342,193
924,144,11,6.922968,273
744,220,20,11.935592,721
340,557,10,3.496984,716
789,887,18,15.389657,888
263,315,14,9.140430,1140
134,484,17,7.960907,394
975,579,16,16.887435,633
715,494,12,16.739770,405
330,916,18,11.882723,167
467,427,20,18.384561,342
495,136,9,11.951446,312
337,925,12,7.462399,162
580,592,19,17.637363,483
663,331,14,13.761203,222
772,109,14,4.190818,860
147,919,14,9.143217,435
613,362,16,5.162566,951
553,376,15,15.133169,1160
853,993,19,13.193277,893
281,834,18,2.837489,313
630,272,9,17.584401,375
882,332,19,13.400199,1001
161,251,8,3.962883,852
924,183,17,18.358989,1108
468,307,8,18.797723,336
509,848,5,1.961529,606
195,501,11,5.559619,224
681,892,19,5.392187,115
157,741,12,7.049160,1075
540,193,7,3.837542,1165
630,379,9,0.631137,1158
175,755,11,1.955815,482
716,111,5,7.802091,692
484,928,7,0.069841,1102
311,804,16,1.510588,762
713,352,9,15.725661,644
743,217,7,15.868365,871
1,791,8,17.064244,315
152,885,18,6.932355,852
436,721,8,13.835598,764
801,784,13,10.369716,912
214,141,16,1.976086,1003
80,872,10,0.205678,454
360,186,10,16.034136,660
38,646,12,0.176903,672
848,1,19,4.637079,217
504,891,14,13.951435,1169
576,676,12,14.588310,194
385,391,14,2.406652,313
912,18,13,4.044008,954
356,106,14,12.542750,1017
119,316,15,1.321269,1054
361,571,11,18.262153,927
95,323,13,9.780186,1133
511,736,12,19.176468,224
239,966,6,13.791518,235
766,221,19,10.628206,642
921,421,6,12.700395,838
629,552,10,0.562820,837
576,968,13,13.204531,124
958,772,11,15.501192,541
684,351,9,9.216936,586
514,524,20,11.061768,805
35,190,7,20.442667,971
476,261,19,4.764333,425
175,524,20,11.841516,326
568,567,18,3.814874,787
746,182,16,1.422707,204
345,235,13,12.853684,652
810,694,17,9.135926,707
938,302,15,3.619533,984
606,726,6,19.184181,328
99,282,7,9.056129,788
252,515,6,10.581005,191
71,427,9,0.192537,701
68,417,7,4.346656,1197
454,33,17,6.394460,557
343,91,19,0.377461,492
640,835,17,12.003290,531
704,47,17,6.118978,926
542,691,15,6.777581,597
655,377,13,17.668144,1053
13,993,20,7.893982,626
815,652,19,19.226181,152
591,311,10,11.677998,1199
201,511,11,1.676414,352
930,311,19,13.848023,427
386,148,11,12.269229,784
278,875,8,5.702692,395
153,738,8,9.386311,1160
763,557,9,13.166222,598
472,616,20,3.562550,106
588,171,11,12.827341,282
254,522,16,17.151076,869
440,564,9,16.076563,243
957,986,6,17.290127,819
594,756,9,13.125908,391
62,238,10,1.365291,449
424,877,8,0.075702,295
290,973,6,19.464592,659
82,773,9,17.979081,1170
666,338,17,15.590620,911
476,140,9,8.144814,583
811,251,10,0.737396,350
962,179,6,2.945653,1044
625,478,5,15.298948,1019
69,90,9,20.135330,682
222,801,16,2.518468,677
101,205,15,15.643329,974
732,952,18,13.199507,1173
880,767,7,1.036136,630
695,981,8,17.900125,190
815,390,19,2.808848,1053
695,480,14,18.397541,235
93,297,16,13.462930,1099
193,669,11,7.818720,128
213,785,8,9.848466,590
580,582,7,5.751558,1075
190,285,12,0.993276,574
607,475,5,0.846169,862
99,462,20,19.404923,253
243,426,15,0.455652,430
826,751,16,7.190715,361
169,964,20,18.579048,1019
645,471,14,9.576559,953
302,951,10,3.770407,1109
112,530,15,13.565197,537
686,39,8,19.765538,893
690,445,11,6.418430,815
146,451,18,15.749045,1052
377,176,11,5.824545,1199
826,548,8,4.145750,1061
432,617,12,0.211373,656
558,190,7,18.803535,1101
6,859,18,12.605467,334
453,136,8,4.293717,957
325,508,11,4.089409,824
650,696,19,7.262192,1111
640,714,6,13.106295,636
495,386,12,20.295547,487
380,268,7,13.944438,575
252,655,14,3.468089,486
274,342,16,14.265140,404
124,430,12,10.905444,755
181,13,7,6.912794,975
475,570,14,6.884058,641
471,109,17,12.982427,994
308,750,11,4.346141,1020
434,486,17,10.051449,249
450,469,9,16.296183,221
143,943,10,6.620031,155
481,17,16,13.918275,917
464,244,8,1.887652,146
723,960,16,9.046545,926
998,847,9,10.384827,1056
131,542,6,12.328482,144
563,29,9,20.232573,642
950,340,20,2.191595,276
296,395,19,10.521812,1117
428,734,17,7.989570,543
966,904,19,17.067012,720
512,417,8,9.005273,180
72,248,8,10.928631,1155
769,850,9,19.933383,832
659,117,15,15.182099,775
811,584,12,18.753279,164
888,883,6,10.837121,692
624,834,9,0.589426,626
202,113,14,14.366451,543
812,139,11,1.827050,413
262,524,11,11.062103,824
208,524,7,4.376132,602
857,104,11,10.599222,729
572,53,15,6.875060,768
724,294,19,9.011610,297
100,962,13,15.912534,565
164,898,13,12.918244,596
719,754,14,12.060735,622
272,417,13,0.118993,515
482,146,15,1.590249,769
379,167,6,17.784424,489
482,644,14,12.531208,226
716,809,5,16.863942,1172
126,379,13,10.143204,598
89,682,20,3.452546,1007
64,682,18,14.175642,1189
172,279,5,15.713640,471
484,189,13,2.120950,372
88,89,11,13.604316,1099
551,409,19,9.573681,929
973,722,13,10.392844,266
892,291,17,13.202569,728
862,651,7,11.214679,154
913,941,20,9.843742,907
788,872,6,7.690804,485
621,299,6,5.924396,683
981,35,9,10.750388,630
239,366,7,16.170641,1159
513,216,20,2.332854,589
976,580,12,16.353638,323
563,7,12,2.583598,173
444,541,16,6.821647,395
726,819,20,15.092991,856
481,682,19,10.584144,815
160,668,15,19.997483,413
829,973,20,8.816286,1113
649,536,10,18.979356,672
270,381,18,3.267679,649
661,619,6,19.835176,832
254,698,7,19.868895,396
75,446,11,3.531192,282
143,973,16,15.282255,1186
800,756,19,13.442649,507
50,251,12,14.347309,246
395,595,20,3.439011,695
431,833,8,7.224445,892
58,138,17,15.230235,504
166,911,12,14.303932,302
246,724,5,4.755165,716
897,719,8,10.108558,1060
887,715,5,2.390863,1032
526,201,5,0.693159,1142
713,593,20,0.016252,133
78,861,8,20.070475,1007
883,548,7,4.816055,928
87,891,10,18.906087,564
468,306,17,16.815154,620
283,278,10,7.145025,820
877,956,18,17.020374,745
90,98,6,11.494231,129
719,874,10,1.776178,684
484,707,12,0.474451,175
432,590,6,15.533591,508
937,424,15,8.733959,328
101,670,12,14.254236,337
412,368,18,3.306935,180
892,871,17,3.080171,440
886,90,11,9.688553,603
652,56,5,12.453832,1172
883,336,5,4.762750,166
738,390,10,13.482990,1148
624,631,16,15.169972,883
107,932,18,2.380813,1189
268,411,11,10.391674,956
495,61,13,20.072757,929
755,646,10,3.389186,834
916,989,19,0.249893,1150
33,802,11,9.304748,836
369,256,19,14.414088,1057
292,298,9,11.463377,844
524,743,10,11.158669,1127
760,756,7,15.938365,1122
133,705,14,20.377888,306
91,904,16,5.659872,365
567,861,20,10.256730,526
922,754,14,7.350888,530
598,371,13,5.003016,306
364,859,17,17.636437,913
518,138,5,5.527628,392
731,671,6,10.452956,125
336,938,6,14.503093,670
665,139,14,7.709700,344
377,195,15,13.593653,1091
794,524,11,1.310379,278
195,773,14,7.313069,510
147,739,9,4.541291,176
589,838,9,13.202323,433
774,802,13,6.631250,624
311,898,11,3.962019,808
720,807,5,11.035208,1135
465,981,13,4.449518,590
780,416,18,7.883863,660
858,693,10,3.096379,504
691,183,13,0.048383,623
871,170,17,15.330128,951
42,13,7,2.894788,429
494,805,7,0.513503,431
54,634,8,13.963623,647
885,453,5,4.567319,1133
386,735,5,0.371106,532
671,525,9,12.850062,944
120,242,8,6.434350,1129
490,94,15,10.067559,585
558,876,20,9.575026,123
389,414,16,4.027117,925
7,753,5,10.146594,572
572,31,17,3.799023,575
338,795,13,6.201333,1114
311,976,20,13.997427,1058
207,768,17,19.387985,448
793,798,12,20.114616,1000
900,157,7,7.420896,1074
272,63,20,16.957033,906
556,223,20,14.237896,965
466,195,10,12.267480,589
350,387,8,6.784461,1102
533,718,12,18.896448,788
169,770,5,7.564478,284
908,487,6,10.029403,310
107,534,8,19.679721,101
343,630,5,2.778293,241
240,569,7,11.906879,260
639,933,5,12.362300,552
515,630,8,20.445463,1167
451,465,5,3.350729,663
147,93,5,18.604180,930
39,289,12,10.003615,195
824,437,5,8.797737,1035
445,602,11,9.517753,825
191,476,16,9.274065,425
782,105,5,7.875434,315
172,675,14,8.517634,748
510,397,9,11.599236,739
476,850,11,13.586371,495
224,940,17,0.287525,822
524,942,11,2.776962,1176
641,492,15,10.106112,378
955,519,13,17.916915,1116
624,171,8,5.283192,517
358,371,7,9.848990,292
557,219,12,5.133481,211
169,840,8,10.862129,747
422,183,18,15.192748,103
446,417,13,19.622276,738
435,147,20,11.151012,653
545,33,8,18.052740,871
154,579,8,13.358783,198
697,268,11,8.498509,800
788,557,20,15.030635,617
676,571,6,8.540010,1146
653,877,6,8.434813,567
266,443,14,4.001489,717
466,896,13,2.801645,945
796,161,19,2.641935,764
575,652,5,14.573662,169
936,784,20,1.976916,594
264,75,19,14.017443,418
699,409,13,16.110453,647
705,897,18,11.287573,184
768,81,19,13.314654,751
609,652,20,2.601742,789
337,516,9,5.129982,943
399,169,20,1.170557,262
816,981,9,1.684288,940
543,265,16,13.311926,333
29,554,6,7.411268,257
294,926,16,8.139770,1072
927,534,14,1.356386,484
274,976,6,0.156998,801
880,124,20,8.211357,176
73,254,17,14.014450,363
241,565,15,17.309468,682
314,334,14,11.750607,279
120,762,18,15.965797,947
515,120,7,17.051173,477
146,427,8,7.281536,688
398,774,16,0.692760,332
486,271,9,14.716294,775
616,778,9,17.944623,175
342,101,10,0.047770,196
392,245,19,8.615332,701
745,257,17,6.409042,605
41,806,15,8.572162,171
215,687,20,19.842702,1069
760,848,9,18.694913,572
961,412,18,0.726239,1169
193,371,20,0.924522,416
83,153,16,16.989583,421
130,835,7,1.560262,1109
611,41,17,15.424714,390
579,784,18,0.408543,1116
817,757,9,19.329260,537
506,624,18,10.932228,756
640,464,6,3.543617,1187
589,940,19,0.284706,648
121,465,8,12.665758,768
149,623,6,14.582622,333
838,123,15,1.799229,221
500,889,17,13.109664,969
860,967,17,1.561178,191
854,224,19,12.597467,820
320,469,20,16.807818,898
95,634,17,7.172808,983
221,848,15,13.814383,571
692,819,20,1.068387,565
420,352,7,9.848837,1121
481,30,8,9.073748,1153
323,274,18,16.181527,534
678,799,5,14.163391,312
408,969,19,8.048134,847
398,684,20,0.868590,234
526,594,18,3.820606,114
752,174,18,8.894105,1198
960,251,17,5.013051,1030
369,229,20,5.416009,624
772,329,19,15.441070,237
806,280,6,11.892275,236
415,794,16,10.664582,1078
8,812,20,1.843518,1077
12,820,11,20.011300,1097
746,803,19,3.324187,227
89,736,17,4.538260,206
840,953,15,17.583345,145
832,479,18,15.916603,664
267,625,5,6.960811,747
949,749,10,0.898299,946
422,313,6,3.907686,379
758,589,10,4.811693,878
608,622,15,4.806157,1098
566,610,15,4.265325,432
609,193,6,12.691277,663
939,742,14,18.499816,954
341,990,8,16.654619,854
940,492,20,17.705708,822
853,273,16,6.590342,552
635,789,20,19.442194,1011
14,953,10,4.411331,1067
957,62,16,9.963247,818
782,309,7,10.774010,996
566,288,8,1.359657,927
805,503,15,11.835907,685
932,628,17,2.127915,766
92,848,8,4.734804,1016
507,770,5,8.058541,469
977,86,10,7.225050,819
329,791,16,5.386381,259
860,699,8,0.955510,792
850,319,13,18.545151,640
788,857,13,10.374470,306
491,243,14,10.568951,1018
192,257,18,3.780771,670
993,32,6,12.833540,846
164,140,10,1.324519,585
366,246,13,14.011337,282
61,540,20,5.550394,991
794,929,10,0.115061,708
267,184,18,19.334856,980
634,456,15,2.580576,749
563,214,7,17.986698,1031
195,202,8,16.477983,104
633,755,16,1.849208,271
829,785,8,18.637007,1113
988,817,8,3.220682,788
859,159,6,11.822529,1190
648,172,17,15.755304,154
694,908,7,16.072173,856
288,795,5,1.206309,562
841,81,13,12.403719,975
587,98,19,15.456741,1152
988,983,14,0.631765,421
328,686,14,8.348171,979
42,753,13,0.650938,891
745,180,18,16.597141,172
937,799,11,13.534335,855
591,691,7,12.344317,165
661,571,18,17.083640,758
745,989,12,8.360577,723
923,357,7,12.452880,412
43,561,19,8.644328,230
534,560,5,9.142642,827
968,362,9,0.382712,143
567,148,10,9.199649,976
401,109,14,10.559424,729
565,10,9,6.946856,748
247,312,8,17.727873,888
955,95,12,11.405495,524
985,779,8,4.561650,410
70,583,7,3.365445,977
283,686,7,19.398027,999
541,272,14,11.531931,755
444,852,14,13.102137,375
892,158,13,14.518771,1067
632,282,11,16.742618,773
349,35,12,4.012309,993
342,698,7,4.931186,1117
262,575,10,10.257740,612
101,304,10,6.145050,766
651,284,8,16.468918,161
15,14,13,2.811729,1155
996,515,6,8.137752,1119
489,909,5,18.764583,783
244,938,15,11.722484,586
647,956,11,17.968475,828
113,157,19,14.958177,685
0,740,18,5.636824,606
525,477,8,19.847749,767
997,347,13,16.246919,826
846,272,5,14.558347,208
257,351,12,1.708307,1182
85,861,18,4.822717,265
624,570,7,6.037010,111
256,973,19,10.390184,1058
633,156,10,19.218996,287
220,859,9,2.003238,380
609,464,12,0.352491,490
68,564,9,5.131898,396
843,632,6,5.383666,555
932,945,20,2.119095,1155
246,75,6,10.654068,643
715,454,17,12.457558,129
305,734,16,5.852314,1109
575,811,20,1.839319,1186
927,55,6,14.345821,952
300,973,7,19.364676,918
983,241,5,3.801875,992
825,10,16,8.839949,475
463,263,18,8.391888,112
231,618,14,4.235812,258
469,607,19,5.057877,772
273,490,8,15.637115,133
931,42,14,10.720533,361
639,49,9,3.419170,950
793,376,12,1.816302,907
313,741,18,2.227207,1100
913,157,18,11.706300,969
393,57,7,10.857123,432
514,809,18,12.102920,393
482,19,6,11.531956,925
512,653,9,16.162182,603
421,81,19,0.417130,157
70,602,17,2.793517,837
53,214,9,9.874929,187
215,545,5,7.438811,591
980,80,6,19.687763,834
153,446,20,1.088111,188
291,321,15,10.948153,1163
696,296,10,2.604400,660
721,317,15,12.599674,1015
903,261,15,3.526442,745
910,147,19,20.126849,918
929,527,19,15.133269,267
41,628,18,19.298440,235
291,386,14,12.426762,940
713,739,13,12.757307,542
978,46,19,6.741639,1197
385,673,13,6.819579,1179
950,146,12,1.492101,1129
208,743,20,1.135038,641
194,354,17,1.141428,158
782,481,13,5.331542,1122
752,476,17,12.709501,108
887,698,16,16.733988,252
701,284,19,12.860232,576
661,358,18,0.904863,227
846,478,16,4.863021,925
389,147,19,7.075170,468
595,694,8,6.730308,924
863,210,8,10.972116,716
962,624,20,20.144396,851
511,805,9,2.699920,707
938,205,18,18.663537,319
369,797,20,13.942796,196
558,871,8,19.218882,863
109,402,20,5.225271,383
910,956,15,19.531235,916
703,214,13,16.359189,438
748,596,6,12.434849,236
889,918,7,5.287864,1162
603,851,6,17.048845,904
544,701,8,13.313701,707
521,27,16,2.360699,602
860,684,18,19.851354,1179
226,533,16,2.132123,118
836,115,14,7.690472,774
578,121,9,6.356773,219
684,305,17,12.432629,318
530,808,6,20.443531,602
925,832,13,1.150653,614
318,792,8,7.506320,1027
889,416,18,10.545011,372
440,793,15,2.435343,200
848,217,19,3.465606,804
507,27,10,4.574251,1055
333,415,5,13.678500,249
254,362,12,16.315316,924
998,23,14,8.431183,624
321,552,20,10.893006,381
439,229,11,2.512696,478
493,301,7,11.141529,811
309,113,13,7.266465,374
779,35,11,15.507927,464
27,398,17,3.933113,425
504,738,9,15.963908,676
552,81,8,10.636128,422
344,465,12,18.278305,190
838,22,15,4.108793,567
618,811,19,17.586482,725
454,113,19,1.141809,1136
470,463,8,16.097389,207
86,679,8,10.585640,1084
763,438,19,18.124905,1191
785,248,6,15.478366,259
237,925,6,6.445136,1089
714,35,10,6.564469,946
871,383,17,6.451463,295
842,131,10,13.669005,1123
627,695,13,5.405341,581
457,793,12,17.858669,187
71,92,18,0.394351,473
764,333,17,15.440431,1157
950,834,8,9.869888,920
741,532,20,10.138793,155
727,691,16,7.610340,1193
208,580,17,10.428695,965
828,985,9,15.765626,574
499,969,16,6.408461,1154
888,523,6,12.014792,938
805,54,16,9.427119,600
938,675,17,15.033533,618
731,565,12,14.901183,231
632,636,9,9.063206,589
400,228,17,16.982934,786
412,402,15,1.349027,152
348,946,15,7.469921,679
677,595,18,10.373136,398
356,312,5,12.114179,149
87,318,5,15.010262,924
675,539,5,17.712202,207
100,755,18,3.708000,554
821,644,14,16.407888,733
774,132,19,20.313880,631
123,348,17,6.688865,927
991,747,7,15.783424,409
262,162,12,7.326169,916
667,103,11,16.372889,272
956,866,7,2.874822,526
626,171,8,6.700090,636
224,992,12,6.972370,386
303,585,5,15.681640,1073
263,903,8,8.382433,599
885,34,19,19.328451,1026
606,480,12,13.324315,1018
907,693,15,16.504068,811
684,291,15,16.278535,773
659,198,6,17.306399,830
253,901,15,11.886077,418
228,742,9,14.889676,337
778,488,14,11.131163,258
262,513,18,18.566323,318
87,450,11,17.869587,811
752,370,13,13.045272,575
338,767,5,12.697200,794
190,341,14,12.505111,409
283,708,7,8.953251,991
504,139,16,1.721264,627
447,368,12,7.141844,650
779,882,20,0.547112,453
932,620,14,6.174876,726
688,540,6,4.024279,412
753,340,14,16.129491,712
602,80,20,4.353103,1163
767,859,8,10.543365,1029
692,175,9,19.680734,546
982,860,9,15.108241,725
954,331,5,5.836628,711
5,978,19,3.605788,858
935,312,19,17.792683,740
234,495,12,7.061091,1186
567,532,5,19.707378,120
35,227,17,2.497319,499
315,172,8,12.771653,1040
170,677,13,16.753995,1198
816,898,13,7.752383,1190
607,875,7,13.459914,138
638,572,6,4.824034,757
899,842,11,13.846056,536
894,459,19,1.053701,145
518,57,8,12.424821,621
399,4,8,6.534169,675
306,128,18,12.783580,817
63,5,12,11.080226,675
704,639,13,14.370592,733
770,975,6,15.449995,486
403,804,9,17.549956,350
617,97,12,1.246213,1199
622,682,9,9.227281,1171
27,896,17,4.458792,138
269,367,9,4.401986,572
516,711,20,11.112630,120
326,13,11,14.542084,679
259,742,18,4.082838,417
825,606,8,15.038016,1008
18,539,13,12.983700,656
306,722,6,19.544504,960
870,580,16,17.301792,1196
866,851,20,1.733893,262
313,102,12,11.141057,1112
445,741,10,13.931162,750
613,329,9,6.806920,623
54,410,5,1.479093,364
193,651,20,0.503884,515
286,274,14,14.112643,370
996,724,7,12.204364,505
939,88,19,3.042801,919
196,659,12,10.678267,897
75,496,9,11.330944,811
564,441,16,7.399536,351
779,98,17,11.458053,302
404,684,8,9.050440,145
190,699,18,1.986715,877
584,31,8,13.493102,924
570,495,10,17.960879,815
259,900,16,1.407420,405
151,745,6,0.795779,384
322,316,13,14.078554,676
105,422,11,14.561472,118
840,207,18,7.573154,1053
817,617,10,16.384008,491
651,516,15,2.499317,1067
963,395,13,15.098691,836
946,208,13,15.725090,399
455,108,6,4.882440,660
950,266,20,8.489670,479
229,192,10,5.225498,453
194,170,12,12.505072,1181
942,694,10,19.535448,628
490,185,16,19.882250,513
789,586,15,11.099023,758
206,101,11,14.660425,933
397,731,20,6.458876,309
183,89,8,14.524968,214
948,156,12,12.747502,483
69,256,12,8.360371,728
397,317,15,0.070824,272
416,896,5,6.400797,875
670,636,18,8.621697,999
97,234,11,11.639286,313
810,785,11,19.560795,909
895,933,18,17.888918,211
463,990,8,5.516259,1178
577,572,9,9.748406,987
990,668,19,1.685497,739
935,209,14,5.505267,171
383,940,20,15.700299,692
889,448,18,2.937147,1079
562,476,17,17.669790,282
214,665,11,12.422024,435
180,644,20,18.630624,1112
130,412,13,1.006394,1085
226,965,17,6.815700,1150
895,699,14,3.778081,297
547,620,18,0.032161,272
816,11,7,6.580491,568
478,872,17,11.642340,1195
453,206,16,9.079512,648
379,820,18,15.274643,228
536,532,16,15.634574,253
29,617,13,15.827295,451
939,289,11,6.546302,395
492,96,9,8.591124,795
797,788,6,12.185207,945
654,202,6,15.604767,744
147,321,17,14.256190,1190
783,822,18,19.029575,904
412,845,12,4.746763,912
94,580,13,15.267298,1147
173,347,5,6.495398,182
707,124,17,1.469408,864
256,332,8,14.028843,722
547,141,15,0.974786,269
978,136,6,0.735197,1149
178,616,6,11.637874,1170
929,193,5,17.172344,374
343,924,11,5.966803,1176
770,824,17,8.819402,596
839,953,17,18.657981,273
135,170,10,3.000276,1151
542,611,15,5.245968,816
430,382,16,17.055762,512
531,486,20,17.758577,267
528,105,15,18.680328,263
291,639,16,13.077937,1179
958,49,13,1.540698,784
191,26,14,7.956377,1104
41,238,11,12.995987,1069
176,467,10,8.778753,840
347,820,17,0.966076,905
452,820,14,11.216072,667
836,851,13,16.918784,540
83,34,9,19.437427,808
994,857,5,9.139236,896
445,787,6,7.030105,462
759,443,17,16.975060,769
124,139,11,13.322964,270
181,675,9,0.375485,884
895,516,16,2.528071,444
530,738,10,12.240982,288
892,324,16,14.320467,1166
951,513,10,5.461326,383
934,903,12,11.643519,114
104,597,11,6.480773,483
744,187,8,19.630100,861
482,755,18,9.597387,1107
170,371,18,13.630843,378
926,528,10,5.495181,150
842,158,7,13.506191,477
563,646,17,9.770818,897
747,408,18,18.721030,162
918,696,20,17.573820,836
982,711,16,5.938048,676
105,710,5,15.245832,986
901,363,8,11.683645,701
721,149,15,2.378393,798
928,261,14,19.685821,592
208,664,9,15.692190,519
652,860,19,15.121047,272
685,412,15,14.291924,595
691,822,17,16.039266,325
75,360,11,0.235031,927
965,820,11,14.332204,397
515,732,8,17.926073,314
796,453,19,17.948335,969
475,317,14,20.330941,484
615,667,8,13.162500,397
910,595,13,1.346392,951
888,709,10,15.531498,398
757,861,12,17.601543,183
111,140,8,9.865773,392
606,599,17,19.932089,1166
530,92,6,6.650557,438
169,448,10,19.690389,290
139,396,20,9.798408,380
688,328,12,19.046327,163
598,675,11,19.030772,651
325,514,8,14.436348,1013
405,517,8,11.179977,1029
628,25,8,4.442876,571
460,142,5,4.573449,402
403,712,8,8.060734,747
150,128,14,10.441171,494
236,801,6,15.480932,1039
494,436,13,15.255468,996
61,185,5,9.116566,426
598,367,15,2.490644,730
602,586,8,4.547607,574
825,848,16,18.645502,367
264,219,18,4.903489,669
212,232,18,19.664467,1072
128,623,7,1.836928,611
468,978,5,1.952004,180
666,118,7,11.307727,1198
140,342,18,4.497772,209
982,456,17,2.675764,192
445,645,18,11.517644,927
626,152,15,2.708149,317
714,258,10,15.166521,332
927,94,18,11.786824,1036
869,250,7,2.946441,528
122,864,7,1.988032,194
224,503,10,0.401794,783
739,229,20,7.314273,1006
440,587,11,4.661011,120
466,824,8,4.517228,114
965,781,6,6.077472,1032
158,41,13,5.567659,803
228,840,17,5.370841,503
749,606,19,4.180266,751
823,752,6,9.232121,170
920,624,5,12.297594,639
252,631,10,18.256262,1178
382,806,6,1.183856,281
220,31,10,3.432044,869
998,324,12,8.921198,566
746,399,12,13.801705,769
647,917,8,7.950807,762
448,55,7,0.652916,986
802,53,11,2.838041,894
545,42,19,14.644861,475
748,8,8,3.691259,227
43,241,7,10.768393,1150
746,815,20,10.291227,972
687,380,12,4.318128,774
815,299,16,8.120205,616
518,854,15,12.970180,584
432,487,9,6.277490,442
692,220,5,15.163891,271
492,895,18,20.476552,811
285,385,12,0.891749,935
169,970,20,5.927110,152
703,763,5,1.360506,580
733,559,20,5.033362,772
127,243,20,8.890851,290
510,301,19,2.543824,158
900,300,11,3.644536,111
780,10,13,2.860404,414
935,95,8,18.976986,877
266,871,9,1.922075,1164
817,335,8,1.972414,600
670,737,20,19.489795,597
672,769,15,4.617476,584
181,514,11,15.407208,631
255,701,7,12.747462,1059
327,17,6,6.409659,319
756,207,20,10.465408,811
639,44,13,13.680989,279
262,288,16,10.618059,741
11,153,7,17.700482,1060
773,958,11,6.248112,1017
305,213,17,12.901171,976
469,657,17,16.607131,933
217,818,20,8.465232,359
280,928,18,17.347672,772
87,812,16,10.034062,694
368,992,13,18.861081,713
303,607,5,3.527740,303
553,240,7,0.359109,325
310,370,12,4.521969,830
215,947,10,2.088250,851
379,793,9,18.723404,340
910,56,20,8.590877,256
813,46,19,16.582921,557
439,382,18,7.332700,588
634,924,5,8.929933,654
55,953,14,6.594643,465
609,514,14,16.209280,437
307,69,9,3.481775,986
909,894,10,3.540782,860
688,296,6,12.532699,330
251,693,7,18.317167,426
57,524,20,6.875228,400
69,343,11,1.971509,1094
3,171,13,3.797472,1039
432,412,17,16.074612,1180
833,860,9,19.018986,330
21,598,15,11.470491,465
500,148,14,19.152840,871
692,118,8,17.225210,536
567,534,5,7.228930,1117
558,153,6,3.014636,1079
552,71,12,19.578321,594
251,616,8,10.109348,408
639,936,14,6.251664,1124
168,487,17,3.885744,882
134,163,20,4.435186,144
138,231,11,15.935731,976
623,987,5,11.092429,891
313,773,7,11.394899,340
993,523,17,7.348745,814
871,6,19,10.499917,457
548,122,20,11.244748,264
140,337,10,3.839870,668
735,551,18,11.069147,520
428,141,7,5.035976,210
747,594,12,14.416755,913
545,698,12,10.453476,547
340,498,7,6.237920,293
275,203,5,5.737254,1158
915,458,19,18.068886,540
794,136,13,19.017659,454
908,672,16,0.734344,1065
943,219,13,13.454532,980
550,357,6,3.001574,1056
879,541,20,11.992887,1058
8,757,12,15.093688,909
439,306,5,8.295239,568
248,11,13,3.659351,461
260,819,14,9.900155,818
762,694,20,8.730666,969
417,223,17,2.683360,335
450,638,17,4.913738,366
988,137,15,11.103644,348
236,299,14,5.595732,878
249,345,15,4.072015,1018
214,55,13,7.182696,546
928,698,15,7.468739,851
845,515,17,18.379853,1134
418,239,7,8.883301,1022
723,662,17,2.611770,125
350,163,14,8.906644,300
895,145,15,13.861746,1160
134,326,9,4.788927,248
873,529,6,2.758622,235
581,402,12,3.180546,665
967,368,14,12.306325,151
46,130,12,18.419128,348
235,643,5,7.658697,865
709,550,19,17.269625,525
435,183,16,14.086251,617
518,943,12,0.186305,959
861,551,15,16.207804,128
739,675,19,0.190753,590
575,667,18,18.248011,651
449,922,15,10.510697,875
949,262,20,16.791563,880
838,739,13,13.344180,619
851,164,6,16.579399,363
686,685,16,3.609389,332
211,109,19,16.693328,390
853,300,7,9.452388,1083
278,993,14,12.888727,1093
35,793,14,7.439693,552
748,502,17,14.867738,961
372,402,17,20.076579,539
149,837,10,19.278913,376
451,175,15,12.333053,1057
162,680,20,6.324195,344
597,456,19,12.954699,429
616,494,6,0.652075,192
965,871,19,7.793879,972
978,504,16,11.446682,722
302,376,12,11.404580,417
382,85,8,17.165889,197
263,396,11,1.791497,700
650,130,16,12.678929,428
282,621,8,20.003302,301
343,380,18,13.019968,170
287,597,20,9.387928,1150
988,44,15,5.410172,539
583,17,17,18.644724,1067
437,795,19,17.144144,890
85,349,8,11.024070,432
629,701,18,18.953222,768
164,624,9,12.294284,533
506,895,20,20.441445,601
711,192,19,12.965550,943
525,606,12,5.987444,124
661,261,10,13.198565,453
201,596,17,17.215174,1043
265,363,17,2.367291,396
826,261,5,7.351848,1041
658,630,19,5.823347,278
170,496,9,0.127371,790
245,979,19,20.432990,246
654,213,20,11.498104,916
998,843,14,16.572595,596
216,905,20,1.302138,1156
214,961,6,14.724366,959
136,576,15,3.777263,247
603,672,5,7.078592,906
645,911,14,1.965061,504
919,67,11,4.701883,609
262,198,16,11.183462,760
4,676,18,15.524812,608
624,683,14,13.828696,223
902,747,14,8.244368,898
40,523,15,1.428445,746
602,124,20,0.089149,689
116,63,8,13.169538,552
244,26,8,18.549178,366
601,959,12,17.904870,182
701,336,6,9.059746,416
830,556,16,12.227370,171
511,868,18,4.702122,1125
667,564,17,13.818929,356
562,438,20,3.528109,341
814,732,19,6.891229,894
310,452,11,18.588762,315
286,28,19,2.800611,437
541,810,16,10.764119,108
67,768,18,16.897452,355
737,226,20,9.492989,827
957,659,11,7.486347,561
990,728,12,16.667412,114
130,324,19,8.704144,442
544,174,14,2.680227,918
707,456,11,3.012431,309
249,572,18,7.925453,957
582,871,17,6.091245,561
873,62,8,0.400199,471
123,277,11,12.763104,948
722,512,15,3.389800,305
403,385,13,14.668852,427
242,576,17,10.098702,905
6,421,19,1.187721,654
686,151,9,15.548749,733
828,870,7,6.381009,1042
737,542,16,16.040786,636
635,517,5,15.171578,582
695,418,9,3.488614,952
804,527,7,5.316790,498
671,377,19,9.328343,879
777,840,13,9.368092,1068
916,785,19,9.507865,642
906,724,15,19.548118,835
625,323,8,8.140267,1035
419,619,15,16.056343,797
304,90,9,16.268677,294
728,546,13,14.565652,967
939,704,18,0.531637,464
433,729,18,5.565201,487
291,762,16,11.137850,805
825,273,14,6.882846,1117
785,682,8,19.063871,534
450,321,17,14.653632,727
801,186,7,7.932437,866
213,349,6,2.006432,277
520,864,10,15.968978,493
89,613,19,1.882220,748
65,932,13,12.008441,897
568,657,19,6.904499,974
615,558,6,15.240204,142
232,210,13,8.822428,241
279,790,11,2.756889,953
752,421,8,19.185772,482
484,845,6,14.314363,730
530,948,17,13.299559,551
134,610,13,5.099328,1164
412,661,18,7.283331,500
515,156,7,10.221302,138
786,307,9,17.114812,411
868,486,17,1.123455,394
840,866,9,20.282730,1029
926,190,16,18.529940,624
29,388,17,5.429444,137
888,636,19,18.117380,456
994,496,19,10.491286,102
847,777,17,17.846347,499
948,930,11,2.792694,845
293,401,19,2.839930,1116
150,158,19,4.548531,147
160,187,13,14.815201,199
575,839,10,12.790911,669
732,835,14,18.466855,324
146,677,6,13.688347,1147
777,232,12,8.625115,412
542,368,20,4.590276,335
899,952,8,3.974129,967
466,136,19,20.439861,428
29,408,18,10.789622,899
736,156,20,13.596210,943
40,206,9,8.410242,388
438,56,16,7.175559,368
210,940,16,13.524924,303
791,843,17,4.659817,748
792,468,15,1.366124,266
677,664,16,2.574914,1062
114,211,10,4.861631,1148
788,284,8,18.814394,1114
254,87,13,3.375783,1124
904,262,14,11.970735,126
517,945,13,0.384948,367
578,290,12,4.479448,958
323,367,6,6.850784,1065
47,327,12,7.732711,683
665,659,5,18.979897,198
725,947,8,19.344198,1138
979,41,9,5.258352,339
378,412,12,11.612053,854
127,501,15,18.971160,155
59,802,10,2.604611,475
233,437,20,17.843739,997
903,447,5,5.716414,838
992,816,9,11.850908,1160
698,950,15,18.013985,925
229,816,13,13.464211,772
986,407,18,11.791706,572
713,579,10,10.258323,575
77,855,9,0.793093,266
393,796,18,17.315170,558
601,329,5,19.230399,272
320,166,10,10.708894,223
694,844,18,20.373014,847
369,746,9,5.080128,743
113,891,20,9.525268,1012
247,501,5,9.336149,667
889,502,14,16.769452,528
561,866,18,11.013346,731
664,819,13,6.000343,1017
809,380,15,3.854136,611
933,582,19,1.752718,1082
730,999,15,7.855553,966
931,909,14,16.980138,502
26,932,12,17.961809,428
976,949,17,6.312620,1101
943,553,18,1.674321,1060
466,719,7,13.842932,1171
376,31,19,9.982841,522
945,216,17,1.429344,745
742,721,13,5.992594,158
454,532,13,3.893290,1025
845,206,19,16.429684,842
357,49,13,16.876419,314
780,1,9,8.729739,382
366,708,10,10.565592,495
732,946,16,4.638995,185
372,51,16,11.972199,423
201,428,13,7.432244,280
456,635,10,15.139967,869
739,176,14,4.113916,599
362,748,20,16.102698,712
353,238,9,8.734076,1016
144,883,6,6.479616,1015
607,710,13,4.174054,850
159,438,12,10.037986,464
908,920,12,9.064902,344
133,975,11,17.226980,996
119,186,17,8.560760,608
324,285,20,13.928426,239
849,189,7,12.065961,1060
669,553,16,18.968793,612
476,330,19,15.761385,857
497,863,13,10.350224,201
694,753,19,0.686198,1058
908,724,15,14.344586,1192
281,89,13,1.280532,1032
468,71,12,15.453218,582
128,58,11,11.527020,191
456,744,16,9.493492,288
842,43,7,18.552859,1098
65,803,17,2.631954,701
751,781,10,13.674432,737
973,46,12,0.928379,954
381,115,16,16.728796,372
259,518,19,18.633125,216
39,5,6,11.021617,1165
385,201,8,20.190427,1071
75,365,20,9.251784,598
184,992,10,7.397635,1061
259,712,13,17.769683,668
681,266,9,16.957023,883
540,551,7,7.643605,587
441,355,12,8.750148,830
471,810,16,16.871990,190
253,601,20,16.345671,641
186,326,19,8.809942,384
23,173,7,2.142522,190
695,43,20,3.495150,582
153,232,16,14.047831,847
709,91,14,16.005364,608
527,306,16,0.769458,699
27,725,16,15.951500,635
228,339,18,15.704589,490
401,568,19,14.202322,934
437,653,9,14.570381,682
479,311,9,4.439117,826
646,936,5,16.768495,362
135,549,10,15.807839,237
658,58,14,17.003700,527
880,379,15,7.029191,301
442,467,10,1.784635,778
659,964,20,11.092006,312
675,177,5,18.913672,694
314,123,19,20.480777,750
701,654,12,7.416757,763
489,615,16,16.965355,1060
918,552,19,6.128800,1185
551,759,14,15.869149,1061
67,828,7,19.585856,1096
233,793,8,2.587066,929
919,138,13,20.473518,447
748,841,6,18.757322,355
592,970,11,10.114859,281
747,40,15,10.054143,785
62,248,17,3.675375,714
632,827,12,10.904487,875
351,296,9,17.447961,563
390,89,16,6.553298,1157
218,648,19,1.902924,1016
659,793,20,11.966537,879
730,311,15,17.631441,1030
674,325,17,15.183311,935
439,658,18,15.995736,687
801,326,16,9.774210,201
269,357,14,18.481611,434
948,758,18,13.259304,663
538,700,11,1.640932,1012
822,475,17,3.829192,746
8,675,16,7.316786,1033
509,243,7,4.576953,886
674,675,20,16.357412,659
802,631,18,7.582061,1036
478,672,19,0.317852,317
762,388,7,15.844906,927
42,804,12,5.133667,726
754,132,7,19.184124,885
518,588,7,15.212396,512
483,940,8,5.549804,924
867,642,8,16.679730,1159
205,752,13,15.795700,245
946,621,8,11.606574,104
269,756,12,12.089615,1059
264,752,13,16.311146,1013
899,425,6,16.536872,230
471,289,15,18.477834,1115
326,829,5,3.658632,567
4,919,6,18.257836,188
667,889,12,3.622919,1029
280,202,7,18.790599,156
648,139,8,2.468842,1137
876,514,16,0.534877,179
376,436,14,13.220091,147
143,922,13,8.768965,1025
639,125,16,15.439506,1037
527,755,14,12.095723,214
272,748,20,14.279973,417
484,926,6,10.354122,309
917,576,18,10.367883,1080
402,187,17,13.067853,999
267,735,7,11.796637,189
150,115,18,0.579268,1090
654,26,8,2.127398,838
364,179,17,8.712889,1038
283,765,7,19.496974,1075
50,949,14,15.834492,946
208,744,15,11.262151,330
994,180,12,8.129069,583
375,532,8,3.523264,317
336,871,6,7.396201,134
434,267,5,0.522102,646
231,0,12,16.812064,785
497,877,16,0.150257,1107
252,273,10,17.515613,950
492,124,16,19.153215,184
223,748,20,4.364504,512
745,76,15,19.987981,998
433,911,16,17.271780,858
844,167,12,4.031794,1019
513,615,12,19.784882,294
171,629,18,4.290023,615
673,599,7,15.493597,1154
491,12,14,9.546793,475
758,158,17,2.233398,168
312,611,19,15.446075,986
336,158,10,18.125149,222
441,74,17,0.806793,1188
651,136,14,5.666623,529
574,619,19,5.446301,372
232,333,7,1.425129,1056
773,855,16,7.073120,1042
892,203,19,10.578972,589
996,811,10,9.615483,103
670,80,6,0.155523,833
97,999,11,9.571265,442
995,427,10,10.478240,570
424,304,19,6.584794,877
556,97,9,4.548461,362
403,746,8,11.772134,112
893,890,7,18.816108,882
643,299,10,13.406080,109
180,439,7,10.410074,127
381,111,13,17.287864,911
281,38,16,2.700657,598
105,494,8,16.938921,983
596,467,13,13.777229,635
478,719,13,9.108738,582
297,704,17,5.094339,678
596,537,8,14.529311,785
540,484,20,18.178297,1150
227,945,13,14.243540,641
447,659,17,13.727706,827
316,80,14,8.188676,573
992,541,6,3.158920,595
682,935,17,16.010308,800
688,167,10,3.483308,970
803,859,15,1.245317,1143
662,183,20,6.346431,1133
910,60,8,6.295057,632
313,793,15,0.184598,292
609,58,18,11.866818,915
464,196,11,3.592989,859
322,133,14,1.675514,846
668,878,10,6.118521,709
833,489,9,19.651735,1081
57,781,7,19.246862,770
394,370,7,16.944211,236
88,450,16,2.803151,838
382,246,8,7.080945,755
251,921,20,1.676746,242
920,493,9,13.876490,572
42,946,5,13.425483,440
164,307,13,1.065404,760
630,653,10,7.382140,662
679,397,17,10.990398,590
281,364,13,7.758122,286
894,207,16,2.819916,964
875,525,5,5.775470,715
846,812,20,3.717380,660
346,777,5,14.268889,937
935,889,19,9.848844,335
808,20,16,4.469716,644
267,531,7,3.373433,599
950,997,19,10.265479,223
185,476,6,9.323531,392
505,834,17,0.116860,755
760,628,16,18.861583,502
715,183,6,11.915011,432
896,924,17,14.730894,176
945,25,20,13.820158,716
414,403,7,19.902176,404
955,339,15,5.585050,799
988,416,17,0.486134,475
307,973,5,16.165412,657
916,903,5,4.036876,159
650,229,5,19.586625,166
925,950,16,5.300624,319
182,637,11,4.763954,955
840,155,6,19.774119,536
568,323,18,19.371287,541
182,511,9,8.440541,380
920,771,8,8.977657,1100
508,551,15,11.520238,1158
930,74,11,19.561521,1188
690,144,20,6.628650,1038
941,446,12,5.731176,884
256,689,11,9.196512,402
427,560,9,19.892714,312
626,772,17,13.466894,733
494,145,18,19.134122,861
631,357,13,0.135555,1142
692,127,6,6.437226,230
925,330,14,16.195738,1050
931,960,14,6.142819,855
192,740,17,7.756160,807
971,266,11,8.705536,402
630,257,8,2.671973,992
462,654,14,10.470639,783
771,616,8,5.300794,426
134,158,20,8.747550,527
662,167,9,1.203544,372
634,28,12,14.406193,183
655,153,12,13.401880,291
551,76,13,3.562724,314
738,670,17,18.915066,546
917,595,17,3.343083,1030
209,256,14,13.280853,783
243,215,6,15.753781,663
310,648,14,6.667519,139
748,312,9,13.921153,738
512,132,8,6.231733,1146
610,982,16,11.665794,591
140,897,9,1.881527,810
628,61,8,3.572269,305
886,106,13,13.112286,193
440,251,12,0.636816,260
673,855,14,15.156400,576
357,53,14,4.737074,747
236,906,8,10.887398,446
497,140,19,4.263642,555
280,244,17,6.666504,898
219,351,17,19.196729,204
986,215,11,13.188438,103
769,17,15,1.180733,1182
752,477,12,10.355069,495
564,220,17,2.243116,326
251,923,11,16.513740,770
612,925,9,7.593132,1063
767,932,10,16.463199,516
984,822,15,2.219262,1130
80,748,7,5.218658,1069
146,745,18,14.067837,900
983,579,11,3.697886,844
229,435,5,8.453382,1164
77,82,14,7.745008,454
182,446,7,9.321473,188
70,670,13,2.659746,420
534,990,14,13.932704,991
401,963,7,5.226392,135
345,258,20,7.166696,325
927,962,19,13.255473,505
52,535,16,7.221461,1152
961,587,19,5.837916,950
457,39,5,8.009561,1079
148,486,11,13.623820,212
798,74,10,0.393360,699
314,539,8,14.519862,727
162,218,18,9.052459,1192
711,881,8,19.364040,186
656,979,18,16.952310,259
687,574,12,0.632358,580
743,362,7,5.229321,1153
943,810,13,0.694312,753
800,524,12,16.031481,118
19,572,12,3.613135,167
97,182,15,4.211091,1090
677,27,10,20.064681,357
14,258,10,15.319086,982
241,92,18,1.743463,727
296,673,9,10.557065,1185
573,372,15,14.826264,313
524,115,8,1.769891,294
477,312,9,14.169775,1122
919,174,16,18.571141,1101
645,603,10,6.105262,671
62,944,8,16.713303,284
379,34,6,18.083513,861
653,555,11,8.664885,1147
422,242,17,15.462085,929
415,400,5,4.405399,757
485,963,17,13.640946,1004
491,171,9,10.760874,515
102,261,14,16.724538,233
411,49,16,10.935697,834
66,602,15,9.629783,574
624,967,18,17.345643,489
399,274,20,16.014942,1081
354,732,17,17.412395,254
772,506,15,11.479298,911
448,256,9,5.214704,201
215,265,11,1.597737,979
298,17,7,2.638970,844
199,775,15,11.366042,653
625,898,15,8.636163,950
784,846,12,15.734313,1124
209,478,10,5.104759,662
486,357,7,11.115601,280
215,238,11,18.889228,295
661,393,17,19.481303,227
311,241,11,15.062604,897
923,463,7,1.322182,869
967,426,12,16.457447,1069
442,124,12,20.344171,1188
103,63,15,17.321023,728
443,376,6,1.757193,354
874,673,7,8.459759,251
925,47,20,12.791345,826
304,528,8,13.588220,229
982,373,15,20.376163,878
629,373,7,2.167965,643
462,665,5,0.894632,367
414,613,18,18.611133,279
746,979,11,19.407153,654
161,40,9,10.149687,530
346,470,18,15.473557,958
190,917,14,5.753258,547
141,523,10,17.789681,311
670,309,19,18.493741,239
495,752,18,9.345752,374
200,981,6,14.817069,1018
822,341,15,6.680904,984
575,414,17,13.123215,918
731,563,5,4.107079,598
362,166,19,0.605252,306
479,528,18,15.759945,958
383,843,17,4.111292,310
58,328,14,16.786180,966
423,530,16,3.438706,394
732,760,16,0.947893,738
586,166,13,8.915332,799
230,505,8,5.967383,583
130,643,6,18.509838,501
287,486,11,19.347524,802
66,58,5,5.159432,1119
364,260,20,5.607751,1173
325,330,13,7.983893,482
726,207,17,3.962482,1009
32,978,8,10.347652,639
45,661,16,7.796103,664
654,963,11,16.349961,750
478,134,15,12.571756,210
51,69,19,14.475549,598
354,548,8,2.770019,1002
478,79,17,19.354986,186
280,49,17,4.344461,955
848,477,8,17.624541,577
392,702,7,11.870134,139
166,983,12,19.358481,1088
493,567,6,5.533883,153
733,940,10,8.266463,1150
861,848,8,10.168015,1032
804,691,6,3.861516,864
22,272,9,14.020919,569
128,458,6,20.321425,1058
87,427,11,13.731048,945
602,648,13,19.288601,720
163,199,14,7.995630,372
617,573,6,2.114644,626
10,141,13,1.372410,179
200,846,16,6.706485,489
270,519,10,8.589755,490
617,414,18,14.488333,1134
894,331,15,3.966911,1195
249,832,5,17.520560,371
6,352,17,0.587759,992
194,530,18,10.694967,911
987,948,7,11.692644,1156
24,609,9,4.475022,998
552,420,9,2.907024,490
496,164,19,0.265567,629
812,837,15,20.265341,1068
570,427,17,19.656999,1002
34,299,10,10.945529,690
605,840,16,13.573676,359
16,924,18,10.630440,216
476,293,6,7.080125,277
181,430,19,0.097463,903
902,499,19,4.372318,873
428,849,12,8.362498,441
211,367,14,14.014998,382
173,606,19,3.060809,808
30,278,15,4.014143,1199
792,258,18,19.566644,352
464,239,5,20.012748,852
188,830,12,3.072333,508
604,170,16,1.300426,1114
583,890,9,15.371667,1029
734,208,7,8.150726,334
197,483,16,12.133089,320
498,834,19,9.255775,544
207,843,14,0.224574,433
171,576,11,12.480803,802
411,466,6,5.654001,562
65,146,11,2.699031,1174
671,921,6,19.725505,907
60,307,15,14.023570,689
896,944,16,6.289487,1084
117,602,14,17.929367,352
498,815,15,9.702382,334
857,188,19,19.408730,157
803,449,19,2.373612,893
455,599,10,0.319960,850
378,726,12,0.006788,798
592,470,8,20.067476,1022
806,414,6,12.068416,778
8,555,5,1.787893,245
730,79,8,3.666118,872
160,329,18,16.729649,173
954,176,18,9.119566,302
753,248,13,5.030976,174
716,117,16,10.535046,1120
820,654,8,12.000695,733
583,338,5,2.592250,321
334,572,8,11.403961,190
8,919,5,20.001419,523
776,55,10,0.366483,211
959,501,16,14.216641,473
678,147,13,6.486522,654
506,339,16,1.186183,508
180,561,16,6.600347,333
211,587,14,12.339674,661
194,568,8,17.710033,607
455,972,14,18.630959,366
645,942,8,7.096298,590
125,635,10,18.964769,126
421,299,8,6.320000,630
197,985,16,18.394148,267
447,422,18,13.902429,1079
139,755,11,15.550008,604
234,924,15,13.050579,403
352,623,11,17.340045,731
757,283,5,8.579202,184
780,828,11,4.977938,584
710,38,19,2.207914,766
938,686,13,20.482270,1141
135,573,9,8.657900,229
513,242,15,15.690796,680
269,949,8,6.076602,639
847,362,15,3.325783,445
736,466,8,18.703749,716
725,864,13,5.023219,731
91,386,10,10.800545,1043
809,60,17,4.201640,265
614,869,18,9.707839,617
612,93,16,5.860113,699
203,711,16,14.838415,185
210,897,19,0.131071,187
151,559,14,10.574976,987
639,920,16,5.658756,523
363,217,15,19.392313,929
863,822,15,2.290310,919
619,379,14,0.251043,583
934,499,20,1.219741,400
114,313,8,16.241192,202
151,175,11,18.313341,377
475,336,14,9.383490,875
893,804,13,3.251367,796
723,100,20,10.035844,987
881,295,9,13.586935,973
836,766,14,17.282052,717
26,50,10,3.638718,881
158,153,7,14.210331,402
820,842,15,7.084548,557
525,618,13,18.800158,1028
693,80,14,2.601441,597
530,6,12,17.043996,707
746,910,17,1.729613,1024
475,935,8,8.419898,807
511,466,17,15.098249,903
448,671,15,7.894419,859
736,976,8,11.097188,561
842,891,11,4.430633,291
62,348,16,8.888214,974
802,347,5,6.369282,377
439,959,10,2.143179,186
136,989,6,9.533853,841
835,898,16,20.090974,1036
322,187,5,15.239896,258
53,937,14,18.978938,1111
681,772,16,12.403197,294
379,832,5,16.251690,589
535,208,7,10.415486,367
56,181,18,8.188763,802
26,589,19,20.100530,618
433,57,16,4.852354,584
809,241,10,14.213571,852
739,484,10,6.734393,300
660,656,7,16.489522,717
495,323,8,19.030700,361
227,348,20,7.542672,513
943,676,5,18.482983,914
687,997,12,5.434069,1106
613,929,16,7.379372,409
683,898,18,14.543394,829
128,802,11,5.540093,949
395,507,13,7.381950,718
607,791,5,3.920271,945
37,374,12,7.098237,794
296,3,13,16.383660,836
742,278,16,5.059424,719
590,311,9,6.356187,391
620,59,20,0.981004,1104
651,824,11,3.198528,827
376,191,19,4.761463,1086
776,464,16,15.769438,852
302,463,13,6.269035,271
602,446,15,5.962505,460
224,904,18,4.405774,767
192,889,12,5.296596,800
333,32,18,4.010557,223
550,880,18,2.041534,336
636,650,8,17.045704,535
166,219,14,8.006793,907
459,688,14,1.380941,196
676,825,16,11.156515,105
11,872,10,12.955301,728
547,143,14,13.181041,1128
82,564,15,16.756496,835
816,923,20,9.168954,607
616,196,5,7.250551,218
221,901,19,3.331856,855
739,330,10,3.727037,1053
731,661,10,3.760263,719
437,44,7,7.336664,378
251,516,14,10.021696,474
544,187,9,12.718909,900
289,956,9,1.873089,611
124,951,8,1.732218,161
328,898,8,9.889608,345
582,281,5,2.714994,296
679,323,17,15.784631,912
659,624,5,15.438663,833
205,204,18,6.250826,719
664,687,15,15.504931,723
196,914,11,5.686131,394
5,480,14,9.621054,1140
513,56,20,2.283116,1002
418,827,18,15.196902,492
666,103,8,6.896442,214
408,970,17,12.914234,469
775,418,6,12.837292,690
201,1,12,18.344019,1180
298,508,12,13.633699,1123
300,730,14,2.378063,376
141,61,9,8.858552,425
175,266,14,10.338865,258
726,958,7,1.548505,410
590,676,13,0.028681,1156
118,206,17,17.422911,1092
915,173,13,15.224812,413
66,920,10,18.529522,376
615,436,14,14.126889,187
65,911,10,6.748121,740
226,364,6,19.620846,556
220,240,5,9.513165,758
954,703,15,5.044588,624
690,839,13,8.762793,707
510,124,10,16.684520,1077
767,383,12,17.556360,695
428,404,13,1.849075,513
288,325,19,3.455423,528
583,392,16,13.647709,161
420,441,14,19.991095,756
456,943,10,17.308106,730
854,35,17,8.473093,169
722,301,12,20.082030,798
906,349,19,3.906975,206
98,278,7,10.995350,380
340,137,14,17.450827,316
225,372,9,12.908199,837
211,922,8,3.653152,580
44,453,6,7.990841,289
910,748,9,9.938617,567
332,180,16,7.151237,1197
359,388,17,1.529105,642
241,718,7,6.034749,1075
595,689,13,18.893722,976
650,646,16,7.353542,998
917,763,19,1.750042,465
902,668,20,3.057533,533
666,128,13,16.070027,327
790,599,6,12.880868,893
683,122,17,19.390150,1009
356,582,17,11.811447,128
413,149,11,10.622944,880
108,528,6,0.212225,986
469,780,10,13.675329,857
477,644,16,4.291359,353
199,220,8,7.460460,409
566,382,13,5.557837,777
314,103,20,16.768475,528
828,589,19,16.543519,325
114,8,15,7.717522,669
448,882,20,14.473999,1126
312,340,20,12.863645,301
525,179,15,17.682216,846
500,271,15,19.943027,289
47,824,12,8.254773,875
753,595,11,0.615266,936
809,311,14,19.202401,822
26,200,13,15.062875,964
397,190,17,19.092312,162
905,392,17,0.230850,606
900,899,9,15.710122,121
494,297,17,18.227058,917
747,28,12,4.726158,939
729,737,7,1.902234,921
465,701,17,10.472450,698
711,546,19,12.127780,361
863,426,7,16.330294,111
986,103,19,4.848916,1082
821,339,18,0.160676,1045
820,144,6,8.551489,1078
472,22,7,1.808960,147
542,557,7,18.872542,135
596,605,19,15.300517,1008
344,849,15,17.828059,1121
718,956,17,18.175168,270
758,688,14,1.794065,131
301,582,8,0.084287,919
328,727,13,14.080950,780
20,775,17,16.259999,971
650,25,14,7.841713,875
558,510,5,4.727419,900
4,797,16,3.969827,372
974,933,18,5.117297,631
370,891,18,17.848282,1193
66,95,19,19.692315,709
24,981,16,8.644141,920
49,104,9,12.107399,346
572,648,5,18.719371,1121
471,718,7,15.934730,639
447,497,12,14.021162,1115
572,283,19,18.873500,769
433,818,9,6.243433,927
4,917,8,1.216753,786
128,125,18,9.724793,487
284,605,7,4.391473,230
72,573,14,16.178074,655
332,46,8,3.602932,856
802,800,15,12.641244,915
968,731,5,10.298033,589
788,440,14,3.193005,208
277,763,18,0.676677,576
889,218,16,4.980622,963
263,607,15,17.890126,1073
14,728,10,11.461358,376
910,623,16,15.679733,234
874,906,6,16.022949,505
81,684,5,12.359033,385
148,879,19,9.251598,331
198,459,17,14.125126,1108
600,363,19,14.876253,349
900,250,6,16.519255,1121
113,450,19,19.683541,491
270,550,10,16.540014,291
989,805,7,8.411031,583
820,32,6,11.495873,970
552,211,12,6.207400,260
607,527,13,5.893852,272
434,926,11,19.903881,981
498,380,9,7.988700,558
732,528,16,0.899166,946
729,164,20,13.818403,1033
390,974,16,2.093590,422
405,121,5,10.761999,1008
845,2,13,8.574361,721
688,295,6,19.823382,948
24,810,15,7.858332,326
14,513,15,17.858180,663
828,884,13,16.333427,152
345,355,15,5.816323,587
93,222,12,19.104291,359
476,96,6,4.835267,192
884,281,10,11.083077,417
576,100,19,3.940985,212
170,270,8,13.421657,185
451,225,8,6.718327,1095
877,142,19,12.364223,311
967,712,12,18.223573,131
59,872,18,5.560140,343
363,66,8,9.524580,655
337,903,6,16.332596,120
219,878,7,17.811261,722
968,734,9,2.229420,657
314,19,19,20.180956,337
949,119,15,8.605116,1012
690,516,17,16.766442,454
902,380,10,3.439780,1190
463,200,11,2.765506,627
146,321,16,5.547782,112
475,454,16,15.134942,186
317,889,20,7.744520,378
783,555,20,15.818172,645
808,670,15,7.643515,1170
2,345,6,7.773204,678
612,498,17,15.813495,1192
859,49,15,18.463346,647
409,897,11,16.823820,998
57,141,7,1.606884,905
65,866,6,0.290146,1173
98,834,11,4.698874,965
186,321,16,2.810347,212
362,127,12,19.898881,729
197,406,17,5.810566,903
65,886,7,8.616437,1148
673,115,11,0.051893,1177
850,803,20,1.708565,157
438,796,19,18.682257,431
140,425,18,16.252982,806
374,993,13,12.700618,766
642,290,14,10.956409,522
586,56,9,1.727718,121
138,370,13,15.018239,1175
957,422,7,4.080189,1108
953,664,5,2.616189,133
906,31,15,1.153266,685
669,444,17,14.725504,411
635,698,9,2.344721,420
328,512,14,16.109836,582
710,668,18,7.555216,825
210,186,6,11.841781,207
523,113,5,3.550587,1105
952,646,12,20.167716,234
971,4,17,1.205035,409
92,926,8,2.965999,719
977,940,5,8.846001,412
547,359,14,18.715567,509
447,263,13,6.078227,1128
955,905,10,7.820749,398
643,458,16,1.133512,1185
238,665,11,12.707026,208
302,855,17,19.500927,648
718,215,13,6.795290,247
411,197,12,13.619825,683
473,318,18,2.492629,316
606,473,19,20.059711,119
995,401,20,6.316706,542
910,925,5,13.810090,852
955,794,11,14.473689,898
832,970,18,12.533068,352
566,712,15,3.909060,1175
187,88,17,3.503673,1104
975,592,7,9.895267,995
189,463,12,11.002082,545
994,248,19,16.314296,1049
723,965,6,13.857752,696
776,549,12,3.812806,141
610,659,18,12.964307,578
297,420,5,12.005084,1097
374,798,16,15.540931,560
57,326,7,2.823649,996
185,714,5,16.477578,1091
47,947,8,0.008269,903
194,260,6,13.891414,1162
620,205,18,19.204786,326
187,808,8,18.605094,116
678,210,5,3.368460,1141
921,103,20,8.986991,629
777,747,7,10.773247,658
584,387,10,11.924233,366
655,759,5,13.047222,725
582,923,5,11.056927,611
347,98,6,11.333919,879
676,264,18,4.861123,516
689,711,8,15.373362,1097
201,519,18,15.769557,296
290,541,16,18.279937,1168
833,542,17,4.206916,405
210,655,14,16.396415,154
105,760,9,18.323243,484
805,61,17,0.153939,722
98,556,14,1.991880,353
887,650,20,16.642952,747
297,424,10,2.376361,1116
257,145,20,13.761676,850
614,308,9,4.041687,600
502,987,17,19.942424,802
170,273,8,9.578223,896
889,820,16,6.163626,318
26,289,13,0.531942,213
665,633,15,18.370915,521
709,574,9,2.443983,1128
111,878,13,2.678375,184
551,822,17,0.900586,945
975,839,13,12.075760,1034
902,354,15,6.655442,1055
680,129,20,20.104296,1198
263,534,14,11.466174,1057
75,962,17,9.810811,1020
397,519,12,5.276130,407
102,853,17,15.365212,942
138,344,15,8.458301,795
814,774,16,9.231470,1046
794,110,15,9.270713,866
227,247,12,5.941651,575
959,566,13,8.119075,272
310,134,16,4.380173,180
498,780,18,9.869871,216
990,375,17,9.189608,188
793,962,19,18.531452,258
626,804,12,1.524945,459
37,637,13,15.704835,776
738,262,14,11.477009,186
920,608,9,7.917096,997
169,418,6,19.745996,155
304,251,16,14.139741,442
259,684,20,19.296419,686
194,970,13,5.887558,730
296,214,14,12.008070,340
914,535,9,16.843252,230
580,277,16,3.716327,884
250,240,10,0.878674,454
785,302,11,14.928021,577
678,85,8,15.286005,155
433,303,13,19.459260,1016
332,209,15,9.159481,150
598,494,13,16.059292,1101
323,722,7,10.718900,579
866,840,20,14.262848,717
511,169,5,0.701502,691
410,557,19,18.234698,178
191,370,7,7.361759,563
745,15,14,16.980747,101
303,101,14,14.817245,242
201,321,12,2.911259,986
886,131,18,15.653908,571
126,99,6,4.452630,1049
715,960,10,18.214136,789
223,758,7,4.134788,824
568,551,12,19.321721,976
132,713,5,9.428026,1038
612,950,8,10.949628,1164
352,96,7,12.809538,762
469,812,6,5.952791,393
950,965,19,18.916906,887
404,336,6,12.166140,163
630,436,20,14.421982,264
220,997,6,10.086424,781
69,852,19,1.667676,545
889,91,20,19.280890,556
654,236,14,19.229115,844
664,234,9,2.697316,260
916,183,14,8.984035,1063
443,503,6,12.272243,961
95,79,10,15.979218,335
511,374,13,19.903814,685
76,99,6,5.893594,1126
827,81,17,14.893312,857
356,420,16,18.916346,545
949,820,5,11.170024,1188
634,166,5,17.196493,822
373,675,9,17.631837,124
848,902,9,3.014844,551
282,363,7,13.754844,934
606,889,14,18.002279,573
287,34,16,4.081847,922
549,385,5,15.311342,1066
247,59,17,8.300177,715
424,700,12,5.357994,650
751,604,14,15.788750,423
792,221,13,2.801512,978
453,966,13,19.624280,578
476,803,6,4.229766,768
407,290,9,18.184317,710
218,300,16,15.617249,824
321,689,13,17.307914,844
348,96,5,19.049140,420
263,584,9,8.821263,601
454,110,20,3.239977,872
42,426,8,18.815761,548
665,719,16,3.260928,1189
695,892,20,6.663668,968
454,58,8,13.405120,204
687,183,7,12.410747,162
142,85,10,3.240452,1039
247,390,9,19.798581,164
395,190,5,10.665236,498
543,228,18,13.741639,755
138,516,12,1.506506,550
760,491,12,3.916276,894
89,723,10,17.782246,853
905,885,13,4.269499,1078
705,288,14,9.732180,249
324,769,10,18.412399,1154
825,777,9,13.974077,138
450,730,5,1.745523,529
345,892,7,0.946860,209
336,33,11,9.716163,371
848,532,19,14.314115,911
294,783,8,5.474790,652
200,199,7,12.626462,524
341,432,9,11.584180,643
228,296,6,2.884591,534
948,326,19,18.324568,899
313,488,11,9.504445,163
191,555,13,1.611371,746
452,896,14,15.382245,736
322,920,15,19.028630,218
545,602,5,15.424626,461
410,615,10,8.817054,636
528,413,8,13.381300,614
133,66,5,16.660416,472
557,671,14,14.811727,388
27,680,15,3.072141,319
260,529,17,11.234745,709
737,228,8,3.188688,1065
819,303,15,6.948759,634
858,594,5,19.148712,486
96,338,20,5.819504,206
423,993,20,14.293103,1069
551,807,19,19.956561,835
485,982,18,20.154921,356
683,275,15,5.917760,645
925,762,9,20.066022,869
62,815,6,15.409154,1074
807,374,9,20.025235,555
527,585,10,7.243847,524
222,636,6,2.644869,1196
570,240,7,10.843240,435
512,969,16,18.655032,636
825,811,9,0.122386,694
25,123,13,19.600893,586
161,324,18,8.621133,966
349,768,18,1.248233,432
890,412,9,4.951726,151
727,153,16,11.823625,264
461,213,9,17.905504,801
358,566,20,18.058172,603
676,167,6,2.369262,1024
261,636,7,9.360777,1132
716,542,14,8.863392,815
632,756,12,12.822230,854
273,98,17,19.596799,344
673,975,5,10.453465,1148
323,703,12,9.569929,602
32,169,11,4.095805,1112
620,670,20,14.060696,623
391,908,14,9.971347,187
834,630,13,9.710943,425
634,6,8,13.655628,689
695,466,13,13.168371,1072
415,664,9,7.551821,295
683,430,15,16.096469,208
827,372,8,0.977827,757
327,652,19,18.004936,685
613,691,15,7.692245,158
698,596,8,13.111754,264
106,3,10,16.677195,816
723,593,8,2.859479,782
258,499,14,9.824207,1004
895,317,17,14.113899,129
90,92,16,14.542829,484
262,332,14,8.000843,852
518,188,18,17.664933,1015
611,914,10,9.381151,868
210,911,5,3.890931,591
407,472,9,17.892517,291
580,55,9,8.044837,1158
497,967,11,13.056765,291
713,893,12,5.374431,1064
795,84,13,2.382076,1186
54,572,7,4.697973,669
840,250,10,17.599050,1056
84,529,12,0.039971,719
524,442,9,2.433205,1009
136,645,13,5.617719,724
109,984,5,11.958678,434
920,735,10,11.599774,158
545,470,6,8.968763,436
951,280,8,13.550196,479
282,227,7,9.504597,1158
632,369,15,3.080975,864
355,115,5,19.461114,1126
73,551,17,6.006679,1028
273,754,17,2.527352,305
373,52,10,4.953189,155
954,624,20,12.760264,336
512,361,20,6.518568,561
862,113,17,5.098849,732
328,959,19,10.486187,859
170,469,8,10.671720,748
382,709,15,11.606833,648
645,412,19,16.810706,574
862,546,15,8.884623,714
358,753,10,7.985817,653
680,305,5,16.121572,782
827,436,11,2.912663,274
876,567,15,18.882502,613
927,570,19,2.435904,961
704,488,14,10.251150,541
634,176,18,19.359718,727
356,961,15,4.675026,426
671,178,18,8.775866,458
81,37,7,20.095340,903
675,485,10,10.879628,965
438,94,14,12.691441,390
63,316,17,5.221402,937
549,972,13,7.940965,302
859,416,19,2.622104,421
894,897,13,14.806272,1175
137,451,7,8.177096,194
999,121,17,17.292982,398
954,281,11,5.167686,1085
902,581,5,9.199967,431
153,705,20,2.700160,1098
316,76,12,6.105967,520
617,294,16,4.278333,361
424,711,18,18.856694,274
106,519,20,15.606868,117
811,857,19,0.579140,724
594,361,19,16.909512,788
994,77,20,10.964129,1005
537,372,20,15.696295,628
980,284,14,2.549629,226
26,334,15,13.455941,1058
178,963,15,1.191243,800
530,260,11,4.530306,862
133,914,17,0.192259,234
46,220,8,0.965580,511
682,713,18,2.366234,940
860,468,17,9.400405,1013
493,52,13,18.616926,982
748,157,19,10.421221,725
376,736,16,9.191980,888
653,420,20,7.915354,321
728,719,19,3.752661,373
905,157,8,18.528265,622
38,488,8,11.811361,346
121,824,16,5.549924,607
274,113,5,2.627347,1080
235,325,16,16.982180,918
349,842,17,3.792768,912
174,715,9,16.038489,111
146,858,5,20.056807,623
315,192,15,17.487719,233
474,584,5,4.787596,467
405,507,19,1.143767,795
302,645,11,16.614618,1050
558,812,5,18.348914,787
425,782,15,14.179289,230
685,96,19,19.747251,898
150,689,9,10.540879,579
840,746,6,9.386407,1058
460,694,13,18.770275,929
344,955,16,7.177689,956
679,964,15,7.990348,451
988,54,12,18.438404,1099
409,807,7,8.132412,333
569,710,12,14.756278,361
310,866,11,5.255722,845
30,997,10,4.724503,176
684,856,20,19.078783,428
255,612,7,10.033030,553
974,745,16,4.332700,1025
283,159,6,16.883711,1040
213,331,13,13.891688,422
631,275,7,6.059548,944
18,261,8,6.440098,567
583,601,8,5.953731,230
719,682,18,7.639227,629
876,870,7,2.897107,629
180,467,5,2.634204,381
753,863,20,5.921933,1167
133,928,12,16.436913,391
333,407,11,12.249997,659
144,718,8,14.800170,181
664,770,17,11.863871,446
508,654,6,11.261517,497
232,812,11,0.639528,173
298,556,18,18.622002,1169
879,115,6,8.282994,715
400,914,13,20.482823,160
461,607,11,9.887378,545
149,163,11,17.528126,955
203,262,16,11.998217,521
441,363,8,4.982068,223
381,877,11,14.196835,958
853,205,9,5.458023,1171
951,325,20,3.485156,668
769,497,13,9.034037,933
414,640,8,9.858896,457
551,45,5,18.163727,280
484,618,12,0.605187,1011
275,167,17,18.802744,387
999,753,8,13.255517,458
968,793,16,3.056893,279
431,289,11,2.912104,896
666,252,8,12.139719,967
810,429,9,20.168966,940
909,270,17,3.744267,149
132,542,10,10.089970,768
824,374,20,11.009067,482
20,416,18,15.358535,577
420,364,17,3.007184,298
137,860,11,15.821270,772
60,657,17,14.274392,486
168,858,10,9.197055,832
408,757,8,2.045200,267
84,935,15,13.576713,498
496,69,5,1.126820,639
22,522,19,5.686400,694
116,31,15,17.316756,979
788,510,13,10.902256,702
622,362,5,1.101029,886
120,499,10,8.373039,676
26,575,9,0.403424,574
654,564,12,19.725302,461
465,412,11,0.173787,433
559,385,9,16.403308,791
853,115,18,3.867734,546
534,731,10,5.792482,296
145,805,15,20.295740,468
810,186,18,11.393994,628
671,476,10,7.474515,777
378,615,14,10.700270,281
142,682,12,19.733993,314
911,57,5,16.080349,289
492,741,12,2.805870,128
189,532,20,13.216616,768
727,997,11,0.462096,300
361,209,17,13.581366,791
225,812,6,19.745879,587
326,777,13,6.708826,653
506,502,18,18.717003,758
204,855,9,13.991322,869
845,38,10,9.145298,894
834,926,5,14.705086,881
464,705,7,12.545939,198
732,801,20,1.985761,856
672,362,8,7.037602,278
392,456,8,13.182116,316
784,743,19,3.075965,960
198,816,20,1.169815,890
547,187,12,10.395612,328
945,335,20,16.855810,470
454,570,12,11.718276,1177
507,891,15,10.358691,995
305,327,9,20.439522,665
52,877,8,8.973711,950
832,358,13,3.955853,395
652,185,17,12.115563,791
20,76,19,15.997811,666
148,344,10,6.013230,1055
924,628,15,5.552927,369
265,682,19,18.906817,694
775,358,5,13.298520,168
543,370,13,16.940263,830
401,574,13,13.772402,888
83,548,5,2.591111,1192
815,527,19,8.378467,636
735,13,20,18.712201,462
610,560,13,8.939184,491
481,859,15,2.478394,452
248,0,15,12.533730,446
13,916,16,19.694743,147
195,348,10,17.334236,1126
493,532,12,0.115113,425
779,723,19,19.248559,921
328,837,20,17.591036,122
430,199,10,2.678468,390
499,281,13,4.359933,105
979,415,18,16.624732,974
726,383,15,2.170435,449
805,596,19,5.474254,843
263,699,14,0.963298,391
307,173,7,4.555490,116
255,800,13,3.695415,472
295,664,17,0.327226,495
602,210,6,19.926706,324
889,860,6,18.773924,815
587,898,11,7.449737,1103
989,657,20,6.018246,663
250,734,18,12.851309,205
797,17,10,14.374846,400
688,137,17,12.292001,659
639,161,16,20.213700,250
539,858,14,2.977250,790
539,489,16,12.351871,1033
321,427,6,7.348305,150
3,609,18,13.095710,1138
556,511,10,12.402973,608
380,653,18,12.445002,897
883,532,10,0.079400,939
676,639,18,12.638807,841
291,908,11,16.584961,318
879,431,16,16.163096,151
705,928,7,0.767469,319
398,345,12,8.790673,1156
351,574,13,8.899248,1001
546,137,18,3.550587,249
617,74,5,1.955798,922
667,382,12,18.332769,918
619,731,10,2.394401,337
607,31,9,12.777436,139
319,330,5,15.438222,192
711,417,15,13.772189,611
846,167,18,20.436849,588
208,489,20,2.401982,650
34,174,13,19.299665,1000
406,515,6,6.471222,577
802,232,14,10.687149,424
720,520,5,1.962555,1189
217,786,13,18.299385,394
623,454,13,17.675822,118
760,609,7,20.218469,712
501,750,6,13.342401,794
668,481,15,9.002117,360
547,622,14,9.881578,344
35,182,10,9.845815,947
817,877,18,3.147712,713
629,765,20,6.059603,425
933,415,18,12.454146,322
235,487,20,11.896930,698
831,966,16,9.634543,823
31,889,13,15.094157,805
524,132,19,11.230944,811
94,552,16,13.882843,885
622,668,5,15.223946,429
199,123,11,2.323285,293
874,728,14,18.712925,725
654,897,18,11.725944,816
986,382,8,1.974255,848
883,574,11,17.560665,574
484,65,20,4.002630,571
203,476,9,17.533182,661
561,907,14,12.056069,268
697,266,10,1.227305,1161
150,344,8,2.799465,215
522,365,12,9.136195,558
377,203,13,7.383831,951
209,399,11,16.831740,762
205,634,11,16.338679,367
696,531,7,3.561372,422
800,890,12,13.013308,831
140,121,16,14.469343,1099
807,569,12,10.311233,297
142,572,20,12.468530,115
760,455,13,15.266038,516
445,606,16,3.938296,104
485,536,13,15.247825,316
969,876,12,13.244877,660
650,782,16,3.339498,428
536,877,5,7.445536,670
788,846,10,14.391439,905
716,996,20,0.511357,462
775,926,17,19.942475,270
568,722,14,16.348691,1072
932,963,5,13.651857,506
268,894,15,15.252779,468
13,351,7,9.798958,427
