Source,Dest,RateLimit,Latency,LeaseCost
1035,1226,15,10.371775,224
1975,1834,20,1.137248,1067
660,1118,13,5.371343,418
1907,288,14,20.123893,908
1491,1373,18,19.133577,897
1449,1448,18,18.498117,575
200,629,8,10.581202,817
1449,1997,9,5.381052,732
526,1755,13,5.580935,183
748,1240,9,4.464944,588
1350,305,8,14.528809,617
651,494,10,8.684487,301
691,2216,20,14.654083,1033
1366,2131,18,13.111756,500
209,1197,9,8.566918,963
317,565,13,16.847370,115
2000,2223,7,0.292635,321
2312,964,11,1.109510,429
146,1110,17,11.060314,567
1150,2455,11,12.487679,166
2196,296,13,0.813364,140
1673,297,6,8.526304,638
1441,1065,11,15.338428,396
287,2441,6,8.174186,109
1851,1528,19,12.231568,1009
660,1635,11,2.767918,1134
988,948,15,14.033419,400
935,1589,18,18.596334,1037
2050,110,12,14.449620,766
2081,1282,18,12.848875,942
2219,1652,10,19.816389,312
2028,202,6,9.822683,1003
1812,1333,20,20.232994,279
673,1340,5,10.966840,146
1893,1729,6,18.997677,572
1238,561,6,13.881428,254
255,1712,10,13.790747,243
1070,461,13,14.610355,923
1271,1658,16,15.804451,536
1925,415,9,6.898083,424
1406,787,16,16.101435,917
479,550,9,14.852028,1198
995,2032,17,10.566613,297
305,1277,7,15.648903,357
1902,2193,11,7.005406,563
2362,1903,20,8.680845,726
787,1277,12,11.245293,362
1165,2436,7,14.460976,325
2209,561,16,12.798673,652
2044,1875,15,12.194455,642
204,1631,10,11.372390,330
2000,350,9,9.688864,410
382,49,5,18.936825,829
476,1193,18,9.698686,891
2199,1479,17,16.153132,697
5,85,8,0.364044,378
2306,1616,13,11.720443,810
1879,540,19,0.407398,971
591,160,11,11.551491,344
2286,146,17,14.061736,299
1962,2030,11,7.951345,336
664,2033,13,15.806319,974
1890,1068,9,8.272350,450
2398,458,17,7.448825,763
1966,1687,15,7.166971,1145
2368,1961,13,7.349035,1094
1920,961,20,3.506005,1093
1023,206,15,6.533286,421
540,1757,15,14.131355,700
53,1189,20,6.919346,844
1979,1990,10,13.014363,313
1506,2049,18,4.554892,502
2205,39,20,10.003799,687
362,1563,11,7.140004,1003
1551,1205,20,5.548017,614
1176,1634,12,3.038514,453
886,808,6,8.445483,556
2082,120,13,5.202496,616
1887,1108,15,2.721011,735
240,52,11,18.233732,474
2140,367,17,16.016363,1157
835,1112,20,15.337258,716
849,1254,10,6.505002,249
1816,2477,8,12.290722,461
437,1715,17,8.590645,133
404,185,11,11.306031,460
180,1849,16,18.264927,1085
2102,584,9,12.152233,255
386,1787,14,12.047302,679
824,1713,6,6.974456,818
2046,2452,6,16.129258,1106
599,2458,16,18.845812,858
2290,619,20,11.960415,132
428,599,5,15.999257,955
1260,1079,5,20.482247,397
534,24,5,3.288349,1160
1855,1393,18,14.362499,155
666,2495,13,8.826949,1196
868,656,17,9.921727,816
1662,1278,13,4.863299,585
2283,363,5,17.455562,834
1348,1690,7,10.504220,121
647,2016,16,2.890385,894
32,382,13,13.484664,249
2010,1514,11,16.568761,300
2411,771,11,5.238223,527
1470,2467,18,17.032792,896
149,1926,9,11.182591,409
2239,449,12,6.730437,775
1124,1031,8,16.129222,176
1577,1501,14,13.606677,496
133,2063,10,14.348942,1046
2079,602,5,14.069695,403
874,524,9,9.177111,654
1826,2002,12,12.637479,917
2353,571,19,16.255004,866
1348,468,12,16.292766,296
2359,1971,11,7.163160,920
1347,650,8,12.572373,124
1618,1129,14,15.650507,949
207,999,14,16.029900,638
2007,2366,9,17.173848,606
1744,1380,8,19.728829,387
1394,1219,17,9.669612,427
1667,594,11,18.019681,427
1312,2493,9,11.583008,728
226,2241,6,1.850878,834
185,205,15,0.603454,541
965,781,14,7.515255,110
2270,2367,7,4.997067,879
2107,1200,8,1.434241,815
2455,389,8,6.564075,868
1529,467,10,18.917747,845
598,35,16,4.654942,960
2120,1093,20,10.531727,403
1200,750,20,14.856752,1033
515,356,14,3.552162,173
1676,484,9,18.194858,708
910,1404,20,15.400990,690
1474,2442,8,11.724804,674
887,2467,5,2.606832,794
130,507,11,13.582250,513
352,1429,13,18.145428,317
986,783,20,8.824729,492
1867,1384,7,10.073315,975
1275,1712,10,11.931953,816
306,2467,9,19.572643,819
1377,1301,9,0.850169,984
1776,1019,6,13.865712,872
209,695,17,9.839956,1184
538,1032,16,16.568476,538
1870,586,12,12.800177,424
263,1274,20,14.289404,1033
1398,2441,12,3.464943,199
1702,2239,12,4.841271,897
2032,1159,14,16.118981,1048
1806,2317,20,8.976979,597
1173,979,15,5.988582,648
1908,2192,19,15.705893,617
1427,1222,18,19.960894,745
669,2349,8,10.871140,272
912,1297,20,11.351856,377
870,1019,17,0.434822,541
552,409,16,3.228616,172
1015,189,16,13.535371,573
674,2069,16,6.011964,678
2365,1913,11,6.080395,326
2496,1610,11,7.222647,560
64,1402,6,19.937447,1193
232,1769,20,1.674888,295
1576,1620,7,4.615018,318
958,2238,16,7.900192,691
1135,558,19,12.578356,370
488,1786,8,13.660639,838
1792,2064,20,14.755068,360
277,1632,16,13.224386,882
879,1607,17,6.902048,1174
2262,2250,10,11.654614,790
1422,1097,15,19.747855,537
699,851,18,13.810180,1105
690,801,6,7.269346,1095
523,2323,14,6.773909,423
690,1756,8,19.436436,778
2447,470,15,16.872043,508
1683,2310,17,16.526854,534
1042,910,19,7.295086,923
1890,1228,5,15.733409,532
312,1974,7,11.245689,956
2118,2438,13,10.555152,918
1800,1922,5,8.768166,771
154,1185,12,6.371544,600
59,436,8,4.156337,102
1766,665,16,8.779602,522
763,1210,15,6.395739,939
293,1212,17,15.788976,412
1855,80,17,1.198679,668
753,2004,12,6.921419,190
390,1795,19,7.405473,1148
1626,2126,12,7.651863,993
357,107,8,3.772389,933
496,2465,13,18.333535,1017
2165,85,17,0.501176,126
906,726,19,8.918979,196
1606,2023,9,2.543432,634
1896,632,13,4.004305,391
422,128,5,17.872836,692
1027,1604,9,12.792813,124
2024,1419,14,5.537356,326
2402,933,5,6.545164,812
1344,749,17,9.186087,136
1372,1258,15,20.419390,991
25,1223,16,19.773265,423
915,349,18,15.890447,454
2090,924,5,14.638697,1030
1329,796,19,7.743700,1041
1065,572,17,1.805898,545
1842,708,12,3.449700,190
1766,1337,14,17.807087,753
2258,1269,17,4.415698,567
2301,698,14,12.576366,1021
1817,151,5,10.611661,138
2256,362,11,11.102457,385
176,1244,5,19.060779,397
154,2350,20,20.393167,1149
1386,1913,14,5.837415,860
8,295,5,12.167054,468
1825,75,10,1.755548,1056
1587,929,14,19.342454,938
1933,2346,20,11.138055,990
1095,290,10,11.879289,221
358,270,18,19.871992,236
479,927,15,1.721618,698
444,587,7,12.000937,717
2130,1455,12,8.373922,1096
250,2062,9,2.528062,931
1846,297,17,0.051062,689
517,84,12,0.719581,434
877,610,18,4.075024,293
1707,263,20,8.040776,290
1483,1118,6,9.430808,340
1647,141,14,4.368788,647
1436,2326,10,8.593958,159
2170,716,17,1.742895,578
808,87,13,0.020111,847
141,1525,14,10.692613,258
2358,261,15,14.547763,890
1990,1964,11,5.363299,484
2019,48,5,7.437629,209
998,1442,6,16.834623,154
2390,1515,9,13.726125,151
408,1472,9,0.190826,1044
340,480,19,14.116316,915
399,1835,18,16.555443,1033
959,2336,11,16.885058,749
1113,924,17,5.012126,926
2050,1717,14,9.283907,416
1466,787,5,8.499274,607
2151,1993,11,8.114947,394
2057,929,15,17.245513,1146
1369,151,17,17.313929,827
2006,153,7,17.432018,1190
555,1507,10,18.363779,793
2031,526,18,15.184273,1138
224,556,18,19.002744,847
337,492,12,10.640826,744
1086,195,13,9.595535,1146
2380,1880,10,9.872315,136
1244,2263,18,15.541150,799
2388,1282,11,12.156271,366
1170,168,11,4.891032,239
2104,2493,7,17.812752,926
385,1351,6,10.432433,1098
1882,594,7,10.571431,946
307,2426,17,18.389341,418
117,2421,14,6.192203,885
1718,845,5,7.048563,223
1098,113,6,13.070442,788
1370,1311,15,9.225435,830
784,259,7,19.884635,625
1706,1829,9,16.888061,279
1847,939,12,11.033974,995
446,2334,20,13.015920,481
1722,561,12,12.642317,690
571,1148,12,0.281990,118
928,248,10,5.231336,123
2293,239,11,2.314099,567
981,1402,8,13.156701,220
1872,1578,12,4.767930,960
951,908,7,13.387087,296
2321,2260,20,8.181322,1195
1769,878,17,13.353287,923
2311,971,19,16.863894,650
1022,237,7,5.104788,1141
1136,1592,6,12.613692,454
2124,668,12,9.929666,521
1631,725,12,8.450954,1117
516,561,10,18.429091,662
1086,2339,10,4.877556,279
355,585,15,0.325303,697
1293,1889,13,3.459482,648
402,1540,9,3.754973,284
1822,1803,6,9.111256,630
613,73,8,14.256422,775
2226,2462,17,16.651618,679
236,1479,14,1.158093,610
1920,1432,17,0.540773,911
2070,2467,14,17.887716,727
1415,801,14,6.321057,392
1778,729,12,4.684848,1000
940,1214,11,19.545235,485
896,384,9,5.486086,137
1257,1029,14,14.107696,621
2476,112,11,0.525829,172
227,1090,19,16.871560,915
2283,728,12,10.576246,505
587,2476,7,19.145952,475
2174,2075,11,0.686335,1042
1542,1402,5,8.948467,705
1706,1712,19,7.387659,1064
1671,670,5,9.117358,110
186,650,5,18.780359,547
1707,239,20,1.620026,521
2168,53,16,12.530367,783
52,1009,19,19.832311,412
2423,2139,17,2.157051,541
1481,947,8,3.076972,642
516,382,20,10.047394,246
1938,555,16,16.415938,1192
1539,1097,8,14.012825,982
1499,1647,8,5.176004,615
1925,621,11,1.698133,1055
1461,756,19,18.524406,374
1739,23,14,2.034089,374
672,362,5,10.646284,833
1399,1253,12,15.013558,958
410,198,15,18.365936,387
442,2002,13,1.727727,1153
1809,24,18,14.013505,504
1833,1849,6,11.932914,681
793,454,15,12.590329,321
252,1877,17,20.386766,983
610,507,7,13.155044,769
1610,1320,19,13.492960,854
1587,130,12,0.112580,440
1495,309,9,11.183354,336
2029,2063,11,6.356435,835
958,119,11,9.368162,1148
2195,2283,9,0.445161,118
96,209,13,5.669279,1056
2461,1668,20,11.557306,769
39,2061,20,0.624178,855
6,1189,16,17.945566,204
702,479,16,10.085563,801
373,2337,14,2.990504,1194
1903,640,9,11.671239,457
2309,2099,7,15.366246,985
2192,868,11,0.808266,636
655,2326,9,6.269181,1048
1264,132,5,10.779184,1085
1028,2290,20,19.326395,614
2322,371,18,0.619541,1067
2100,1803,17,16.453748,855
405,259,5,10.677555,736
1129,623,5,10.624993,773
323,2106,14,0.516713,289
1931,1158,12,20.215005,948
360,1793,10,4.581301,1193
1854,1643,9,0.876108,692
2175,1407,8,16.549280,559
1276,1492,17,4.560245,1179
906,2076,19,17.798442,371
1678,2459,5,5.479262,198
1724,1805,5,3.783877,1123
1666,272,13,15.253975,811
397,2395,15,17.000275,660
1365,1249,16,14.173301,1083
1901,491,9,5.443771,661
1539,2248,7,12.074218,531
1936,968,9,7.981110,508
1118,2047,10,17.677937,825
804,1170,8,1.045796,493
180,1494,17,9.688905,848
1021,1876,18,14.490489,718
1063,2023,9,15.972870,536
1376,120,15,1.541064,1081
1977,796,16,8.619710,650
2407,1515,9,3.826532,250
140,1923,15,9.712010,734
43,391,11,0.809685,493
877,5,15,9.336206,867
1603,2497,5,14.483646,1095
1439,1346,12,5.148005,1105
1057,2000,12,7.885110,922
1508,259,13,4.816910,836
2259,590,6,8.784269,201
577,1754,15,14.682346,466
890,1273,6,16.408525,819
986,1881,9,7.160192,1146
643,2373,10,1.632783,986
1234,381,5,11.490596,640
1355,2016,8,15.581431,119
145,360,13,18.888759,821
450,1842,20,6.745519,1145
1181,941,10,14.359905,784
2041,2140,8,13.287785,1111
1397,1471,11,19.926127,757
1809,2402,12,10.342834,433
262,2447,18,0.928815,271
1081,2377,10,7.324173,1040
29,257,7,17.826387,218
1812,752,6,0.662175,498
876,1441,14,7.041314,796
1553,1397,16,1.844523,213
1057,735,6,4.228583,1026
2005,2087,11,2.508728,333
625,2185,5,17.029197,752
1862,106,16,12.193849,403
447,128,12,17.452112,1036
1568,869,5,12.889664,792
2240,857,16,3.213683,536
1093,1278,11,6.134313,1186
626,801,12,6.363769,999
2276,2367,7,12.933273,609
830,974,20,16.212494,407
532,2001,11,6.871941,397
2228,1390,18,7.497113,705
66,1997,7,15.728672,149
123,2299,18,20.307878,772
592,1465,13,7.998351,230
1441,1835,20,15.278015,1059
185,970,12,14.136598,735
2383,35,5,14.720799,309
943,632,6,7.780509,881
1813,1458,6,17.154950,278
503,2418,8,12.619905,325
1427,1863,10,5.740840,418
507,1844,12,19.711697,679
2491,1300,12,11.069182,586
17,1511,12,0.638481,745
1501,1387,12,3.766174,862
1022,371,13,16.104377,1052
203,1927,17,4.180002,561
329,1146,20,15.466818,825
1616,2128,6,12.848705,375
1791,2077,12,5.192816,408
2274,1064,12,5.348954,355
1151,43,9,8.367479,212
2181,384,19,5.892713,258
2169,1934,14,20.461774,730
974,2079,8,17.148827,176
801,1964,16,4.375511,202
221,1619,12,3.340859,188
863,959,11,16.927859,857
1895,1454,19,3.907177,1132
1331,146,13,19.689553,982
182,1018,9,2.207516,720
1282,186,13,1.489819,682
2163,1388,20,8.646445,258
617,448,7,1.852967,425
1252,1169,18,19.573587,154
712,789,20,19.623258,436
1184,5,18,14.951428,609
492,594,18,9.106526,837
402,975,18,12.143019,294
989,2070,17,3.156293,899
829,1334,18,14.000348,433
667,484,6,17.997231,782
1379,2108,5,18.800023,995
1487,1998,18,2.623766,797
2207,2022,14,5.725029,670
876,2420,17,4.042818,1184
1081,2265,19,15.487850,747
744,1907,5,12.163910,159
2318,756,18,3.550721,359
2161,2365,20,11.635820,370
1341,880,14,15.296098,659
1080,2351,7,0.102790,274
1297,388,20,15.482246,1022
2042,325,5,13.990356,503
1364,402,6,18.726669,364
937,888,6,9.594673,514
400,624,10,12.966933,794
674,899,17,11.012160,162
527,1466,17,8.878089,332
2174,1612,7,16.878365,283
980,2094,6,14.736903,1007
373,1849,18,6.488193,235
2408,526,12,9.887850,124
627,546,14,15.226380,191
2088,983,9,9.980342,820
1872,2407,11,14.886823,511
356,2353,10,9.511690,677
933,385,16,4.623193,280
716,66,12,5.274325,173
1542,447,12,12.783059,136
1170,2204,6,10.252071,1020
523,2170,9,13.068390,486
1974,388,17,18.490303,717
1636,1605,16,11.010904,458
1830,587,10,0.915133,687
1553,1653,11,17.196791,1023
2076,2205,16,7.170613,909
641,1519,13,6.051493,200
2091,1119,17,0.842846,806
515,672,15,17.270503,526
1716,1258,12,7.296114,523
2095,247,5,18.535362,844
813,523,20,9.293555,1133
678,1265,14,17.894686,496
1401,987,14,0.617127,1076
962,1301,11,18.707890,1045
1249,595,13,2.586000,314
2122,1018,17,16.831551,508
2221,1172,14,16.155127,1012
1642,571,11,18.712571,465
853,1192,10,7.747255,344
2077,331,6,13.788203,1132
234,590,6,10.886813,858
1037,1887,9,10.580710,1127
1899,1157,18,15.009704,119
1872,1824,8,3.560845,815
2304,2045,6,1.239748,879
1411,1698,11,15.070435,1035
298,942,19,5.963834,1166
2489,2492,13,9.393245,667
1902,2095,10,12.633971,270
2468,438,10,16.889333,251
14,2271,14,14.174049,707
2311,572,17,7.697110,555
525,276,9,1.859238,104
1721,1546,12,19.673900,826
1902,2440,9,12.697723,940
419,1505,6,18.463597,980
950,712,12,9.544863,937
1498,1083,9,2.616845,142
716,1387,8,3.586962,1123
1499,123,15,5.157678,910
1026,462,7,10.937357,998
2228,493,14,6.640760,148
409,1848,20,2.100655,750
849,38,6,10.315187,965
901,2092,13,3.696935,126
1164,1404,13,15.094007,731
2462,128,5,10.970301,1096
1703,2049,9,20.428786,564
1157,716,11,3.551481,203
396,165,13,18.751111,126
1688,54,20,16.083631,599
274,1069,6,5.826635,1080
1906,1217,17,18.858676,278
2063,1887,8,5.063194,625
1583,924,18,9.349919,494
2241,1043,19,15.043094,771
570,1094,9,13.103727,1129
1915,2469,8,15.555635,317
484,1652,11,5.733260,644
2172,2266,18,2.771333,1045
970,1355,11,10.879194,355
2124,1563,7,9.563955,984
436,2287,10,17.494403,243
2138,2473,11,13.496229,264
2443,1266,9,19.994617,449
2356,2177,19,9.448693,955
2486,1861,19,6.689449,891
150,1101,12,16.741274,881
1209,2442,11,18.997912,1037
92,2363,11,18.568925,1184
418,1165,7,4.300969,526
815,1313,7,0.294221,1048
1331,845,16,19.001620,711
467,1876,16,0.662722,324
935,147,12,7.687677,561
1388,1121,19,14.033161,171
100,1725,19,1.466692,493
453,2058,10,7.929206,845
567,2423,15,6.288451,319
1092,750,8,13.235878,946
452,314,8,16.812914,1151
1607,1088,19,15.039830,756
2056,2132,6,5.316159,482
375,697,18,5.525819,813
1944,703,18,9.607575,731
2201,368,15,12.599252,172
1117,153,7,1.082589,1029
983,17,9,14.632720,625
308,1399,10,15.388554,427
1457,214,20,16.656434,128
164,1280,8,5.254875,1036
1114,1132,7,4.432287,534
821,911,14,11.419457,531
280,1565,17,7.128786,107
92,1200,7,2.526783,702
886,1767,17,4.154802,449
418,763,12,13.178473,967
116,958,20,9.442537,858
498,904,16,11.871891,123
342,2055,10,2.135390,1009
1187,241,19,14.425727,715
2393,643,5,0.965442,1040
2060,953,9,4.444247,879
1122,658,18,13.141355,224
1085,1816,18,18.001903,300
936,1897,9,19.260303,469
1242,1899,18,18.527175,252
2379,1589,12,12.543115,503
1909,1937,8,16.247755,1148
1452,1321,5,8.406188,1194
432,908,13,10.700589,795
2018,276,17,11.851767,902
926,2222,7,10.867178,678
496,891,6,4.142709,666
1208,1351,12,0.868186,147
816,1118,7,19.233755,1003
371,1878,12,11.250718,155
761,594,6,8.415306,412
165,869,19,12.684951,466
1011,1526,17,6.564638,1118
2300,614,5,19.039422,981
2149,740,7,13.570184,282
1648,2004,19,13.621531,998
909,2007,18,5.175966,367
448,1932,10,0.357127,812
1542,1407,15,18.273768,398
938,2039,15,2.652966,431
2093,1378,12,9.115377,270
824,2309,15,2.339545,597
1711,1409,12,0.026673,1097
389,2343,17,11.446708,1078
244,10,16,11.098065,894
1135,1400,6,13.971096,1155
114,1111,7,16.617087,311
1784,2351,9,10.512934,1083
2395,120,11,18.954606,123
529,1504,10,1.476834,350
916,1687,9,18.994721,666
1122,2472,16,16.050415,457
1789,765,8,4.723819,735
2005,2251,9,17.715422,1188
352,2152,17,1.977512,1193
2015,1142,15,3.871901,533
1326,621,6,5.394841,1055
2095,1402,13,7.314482,752
1576,1516,9,15.871048,714
280,1987,5,14.909444,405
1027,2392,15,6.835574,1032
233,134,7,17.164994,178
1498,796,8,19.597932,579
500,352,5,12.435117,346
884,2355,16,3.169571,340
1894,1182,15,0.534719,690
660,27,16,15.303147,697
1318,925,20,11.776297,1028
2497,1751,14,15.889818,860
1915,1540,17,3.780370,461
838,1979,9,5.085247,851
1688,936,15,16.520050,464
391,808,8,6.600169,1017
1287,444,9,6.097770,1172
688,2394,17,15.999129,650
1873,1403,13,16.573653,193
1086,514,18,12.136460,387
1076,2440,15,11.042874,675
1784,1847,8,4.558593,472
450,1425,5,11.064087,497
1417,655,13,8.141013,821
937,1755,8,20.297595,373
69,28,7,19.899352,658
2401,2021,18,16.577777,421
1394,934,14,10.328349,741
1682,378,9,7.271760,322
364,349,8,16.970892,1188
1852,186,17,8.076176,784
1338,1967,9,7.270198,830
1645,1576,13,11.435686,452
950,1069,19,14.737197,320
763,1479,20,4.526247,1056
1598,1398,15,20.051728,1000
671,2112,20,12.258059,770
2189,47,9,8.173955,1094
2274,897,11,18.906969,471
1054,282,16,0.507499,838
759,299,20,8.132941,509
1866,646,11,10.934591,485
1916,258,14,13.728703,381
660,1108,13,1.858850,578
1770,618,17,20.133228,1032
2061,582,16,11.676169,804
1754,745,18,1.813555,106
2000,77,15,16.950919,680
613,658,15,7.260401,998
1269,711,20,4.768448,593
562,1717,16,1.348456,1177
77,1964,11,3.788862,856
1306,716,8,18.011428,290
1840,908,11,16.987801,195
1149,1566,18,8.926152,713
894,449,10,12.215012,908
2270,19,13,20.367545,449
1078,308,20,18.348431,166
816,539,9,15.848957,518
2206,2125,16,8.719819,1181
2346,1021,11,12.033357,386
1407,1260,11,8.370489,367
465,2405,12,8.644805,382
1187,2025,15,13.859928,242
1166,2348,12,8.380813,441
1651,1305,15,9.562365,1044
802,2156,20,13.356425,918
422,1920,10,16.328884,442
1237,140,19,14.733108,987
173,2248,12,11.200552,666
1081,1792,14,14.485604,754
1365,1597,8,12.486514,268
1280,2379,10,15.788816,764
577,1986,5,11.665631,435
678,2344,7,15.561010,728
241,254,18,9.657242,538
738,1361,15,10.670642,246
2075,2029,12,9.523999,261
984,1803,15,0.669462,536
174,1555,15,5.247580,430
2469,560,18,7.849029,1017
2422,515,19,10.237136,1048
2010,1746,10,10.168682,921
2349,1457,14,3.980503,695
1351,2243,14,1.880352,985
667,456,16,11.878539,534
730,1676,16,17.255022,586
1577,1784,12,16.142164,1052
222,24,12,2.263098,631
434,2131,16,13.973003,880
650,262,9,17.963544,765
1253,887,8,10.882385,439
89,93,20,15.889043,112
2186,1651,6,14.243808,931
1970,52,20,9.550706,1194
1031,883,5,1.296801,629
1332,1650,10,10.851990,758
638,2369,20,9.040631,100
2406,2252,7,9.623147,583
1713,305,14,14.640091,111
1589,960,15,17.388319,285
820,1692,17,7.669318,339
1436,2020,17,9.413520,363
280,2403,11,9.704998,558
1736,925,6,16.655387,824
553,313,15,19.654549,157
366,51,18,1.375368,561
2075,1806,20,7.076337,281
2002,2279,13,16.830233,552
76,203,19,9.917463,416
745,131,6,10.372898,505
2091,2307,19,19.237979,154
784,251,17,3.465467,915
1738,677,9,16.112719,674
1080,556,18,14.368605,607
1809,1759,5,14.599518,581
1893,1794,12,3.290277,619
219,1761,12,18.032730,703
163,1902,8,1.383265,1072
1253,956,20,17.598093,209
2241,397,15,10.801002,1112
1560,447,17,9.750444,565
1661,1606,10,15.312652,815
644,1666,13,8.942939,160
93,1772,6,19.724483,221
634,1199,11,15.152766,760
2092,216,8,20.444744,800
1500,667,14,4.461140,421
1270,205,8,19.306977,333
2067,818,20,17.338827,711
1984,2431,17,16.060800,683
135,1481,14,8.034687,607
516,1972,6,15.199547,1112
2040,1086,7,10.299191,1154
2376,1661,11,17.343953,299
2176,1136,13,13.533684,1167
2286,515,19,5.639381,1170
194,342,16,10.975890,334
934,910,11,7.342286,1050
970,2062,12,4.546763,938
1522,1558,13,3.744727,177
1464,1834,18,6.331135,1002
415,2040,11,8.751449,213
1285,1078,15,12.673121,176
2181,2240,11,3.163439,538
2006,239,14,20.285923,1047
1343,141,8,1.068560,609
1856,1239,17,13.400475,1077
1633,1676,14,4.932349,905
994,555,14,11.365288,524
703,1433,20,9.021123,642
1632,1457,10,14.145846,588
2443,1532,20,8.610315,1045
1041,148,8,18.232683,515
618,938,12,9.414334,908
1367,2322,12,4.465497,577
954,832,13,7.975991,938
654,2482,15,14.642023,205
1706,1537,14,12.993238,449
634,721,20,6.135819,286
1583,1109,15,9.033734,428
235,1356,10,5.321287,231
2401,1629,18,8.064916,552
1979,2257,20,5.017122,844
1578,2088,13,0.969450,930
376,256,11,12.900922,1126
100,1593,18,10.936975,598
1525,1094,17,4.544430,598
1097,2368,9,0.369638,153
1537,2012,12,2.811273,945
328,1009,14,2.193535,548
2389,32,5,6.599835,703
892,2195,6,20.198869,640
544,2219,15,1.965364,946
471,1277,19,13.944515,905
312,609,10,2.121844,877
455,1407,10,8.482030,740
2480,744,12,2.408487,653
18,895,6,5.500237,242
1739,1710,5,20.127319,691
1866,957,20,2.741404,413
78,233,16,1.812260,1069
2142,1822,9,14.058586,491
1007,544,11,10.079172,887
2212,1400,6,15.707238,758
176,167,17,9.626968,931
1015,755,16,0.654001,529
145,154,18,11.315222,1113
1653,1565,18,13.159176,841
915,1107,16,7.731372,411
2495,1198,19,11.985907,363
766,2038,16,14.981107,392
2244,62,14,12.853508,494
2060,1457,14,16.404287,272
1832,1454,13,7.294122,396
1334,2084,10,14.687012,552
1455,1717,8,13.807353,570
558,1997,10,9.900204,112
258,2207,15,6.609742,531
2352,2351,14,17.588392,234
1735,817,11,5.361002,1046
2236,166,13,0.484005,991
968,669,10,14.263952,889
343,939,8,15.999591,552
921,2009,15,13.641862,1010
2147,115,16,7.470808,648
1616,1602,8,15.591344,569
2051,511,15,5.166796,125
1837,273,17,2.358990,551
995,174,16,12.713781,413
1800,1628,5,3.018896,637
69,479,12,0.599966,828
1944,720,18,10.133760,526
591,126,17,2.997554,776
503,1966,17,9.434010,238
885,2044,7,4.300807,915
2056,2357,15,16.906709,817
179,662,20,0.103043,147
460,1340,12,1.357838,583
421,297,17,20.017640,785
1105,1013,10,16.767592,231
2047,2092,5,8.531718,308
1944,2472,19,14.214009,1160
1583,199,11,11.799772,670
865,1799,17,16.983351,1062
153,914,6,10.140136,746
1119,661,18,11.935554,1103
2049,2131,15,10.373524,888
2491,2327,18,0.309264,326
365,770,7,5.590501,334
296,1031,16,4.352590,1160
2118,2059,18,11.425316,786
116,375,13,19.972433,1011
643,1149,8,8.363298,894
1952,2498,15,9.391428,598
1944,740,13,17.530124,355
1960,2106,16,16.936315,515
1768,376,5,6.775782,1179
887,2327,7,3.281619,227
1568,1476,16,15.157982,875
226,2001,18,11.509272,301
2157,1898,14,13.695557,1040
249,1472,13,3.545428,863
79,1304,11,15.700547,1131
2353,688,18,10.103109,971
1579,2238,9,1.282074,964
107,1835,14,3.261990,190
457,2374,13,10.622461,961
1491,1428,17,3.834943,811
2010,1057,11,14.046870,968
678,891,20,8.412900,717
207,968,6,6.227969,675
1724,1712,5,0.381475,1093
60,1947,6,17.203712,434
1837,694,11,9.036775,401
1655,1037,20,4.591101,1131
2000,1197,6,19.907624,1088
2412,2260,6,0.980024,474
2210,664,15,10.776051,598
381,83,16,3.926089,1016
1506,1965,11,13.515230,679
952,1457,5,18.933067,367
836,1724,10,6.219143,328
1940,1356,9,2.323346,241
1469,1069,6,19.320745,352
1919,1669,16,15.208657,205
214,1078,18,15.110888,934
1280,1018,5,7.752861,277
955,267,11,6.110755,592
2392,1713,16,7.085878,525
506,1724,13,2.729338,267
1786,726,12,10.236579,914
1615,481,17,20.106446,455
315,1489,15,18.116077,988
2363,1126,16,18.051556,121
434,2196,15,2.891592,855
1309,1771,18,2.053662,585
777,751,10,9.735956,778
1965,2132,15,8.420582,757
820,603,20,18.426085,746
457,249,5,13.509534,784
1614,85,12,11.836598,552
729,2005,13,16.763845,1147
1748,252,5,18.915690,1060
948,1708,13,5.969708,131
693,1364,7,3.622891,564
1285,165,5,6.022872,973
1328,1283,5,19.560645,131
1559,1658,15,3.673593,446
2197,2470,17,5.318683,971
23,1901,13,17.947045,586
154,2343,11,3.168071,1018
632,1558,10,19.379741,744
1835,398,16,2.944116,657
1923,775,13,9.429642,462
2341,368,20,10.597165,699
2431,551,10,8.944287,255
1221,658,17,4.979739,521
430,189,8,6.487993,320
590,1407,5,9.385145,912
761,2213,17,18.724702,696
514,411,5,14.029027,610
1422,985,17,11.113050,403
1740,464,14,6.484191,410
1111,727,8,15.624894,647
599,495,16,9.540451,974
2182,2086,20,2.961102,837
778,766,12,1.034473,596
1631,411,17,5.583487,1018
1588,1197,18,7.731639,887
338,1195,5,8.985060,1178
1207,2445,10,9.049762,766
1047,1246,10,5.592626,761
1642,2421,17,20.154865,100
823,1428,5,19.654319,654
2376,391,17,3.531366,755
901,1699,11,19.936594,594
11,594,17,3.618001,881
1273,1754,9,19.018358,512
54,1307,9,8.667434,1197
612,2321,8,7.928701,724
955,806,18,10.920424,1083
2382,2296,7,11.648872,531
533,131,10,13.691955,1198
2352,1796,8,13.325170,1049
1663,571,19,8.645039,1130
2062,1021,15,16.434725,438
601,123,7,3.314424,235
1149,2349,8,4.030614,859
1297,1645,9,19.473414,1045
1688,1503,10,14.632467,1141
2106,2115,12,3.931491,956
1588,2405,8,6.599958,646
1143,2287,7,3.202621,481
1910,102,10,12.661173,102
2309,941,14,20.443117,127
983,1001,19,13.544181,1143
1295,1411,8,18.316073,1071
141,381,18,13.845684,714
2492,1385,10,12.298503,1099
1378,1722,15,7.793105,548
929,316,17,20.450038,1062
1804,463,11,0.005982,116
2361,2401,16,19.064125,296
1173,478,15,18.262703,1124
1570,16,12,4.725095,586
1381,441,12,10.912990,396
389,1148,13,13.685771,1200
1269,2131,14,2.426435,375
1921,1952,15,17.065924,257
811,1927,9,0.461855,375
1500,2078,7,4.107652,992
823,1694,14,0.783952,599
1389,1028,20,19.582970,176
1692,799,19,7.368256,1147
543,1789,7,19.953614,318
1022,2112,6,11.222062,1086
1829,1121,7,2.318788,845
2203,741,13,8.897459,152
153,2103,6,17.416772,438
2027,443,14,2.315636,384
2336,845,16,20.044184,543
1996,844,9,15.844526,819
523,1921,6,0.829757,125
1241,2274,6,13.308838,769
301,1256,20,0.949753,290
851,1749,20,14.517594,193
581,27,12,4.550148,1178
984,1767,14,7.349433,849
1524,459,18,6.104812,755
845,1293,6,1.019203,1106
2150,2304,7,11.928664,829
1857,1713,19,15.735064,399
2478,37,11,7.950257,305
1089,492,17,18.379634,111
198,738,18,2.708508,387
1252,1804,5,8.676244,704
2066,896,9,0.537588,1134
196,1080,19,12.181685,771
406,249,18,18.847751,670
2074,1155,8,7.550699,823
1998,3,18,12.670937,945
1415,896,11,0.717921,787
403,1394,6,18.307635,1105
1496,1157,11,13.981245,230
1825,1095,15,14.505952,1074
605,140,16,17.669659,121
321,847,20,14.015176,843
1573,1190,20,12.999844,469
1695,906,8,16.900190,838
1477,1164,10,9.906970,817
1275,1146,9,9.094934,611
1313,1376,16,16.793862,1163
1488,1575,16,15.423609,531
1733,2391,17,16.907077,264
1531,1493,14,4.059259,762
1719,2003,15,18.606601,733
703,149,7,17.067017,907
653,870,17,8.696348,1056
1237,1879,12,15.049128,809
2498,651,20,20.287651,384
283,1897,10,2.279266,1086
1110,1613,17,17.089857,246
277,1832,20,6.755944,653
702,2133,12,2.513048,1109
1279,409,7,16.837592,711
109,1697,17,11.419096,766
2419,1607,5,4.526513,986
1306,756,13,1.442741,486
854,631,8,6.860300,882
312,515,13,17.599470,790
294,1531,13,19.047927,514
691,912,13,16.189619,564
1187,1659,13,2.954067,137
338,1218,9,14.989494,682
2308,1042,16,5.377238,1171
1743,1483,20,5.132009,449
1322,2150,6,13.597060,611
1976,199,7,0.203109,229
2017,1405,20,16.845301,995
1463,2108,17,17.186562,214
1997,845,10,9.562395,243
555,1379,19,11.880149,119
573,418,12,16.896057,327
2059,1910,15,3.229798,677
1378,836,20,11.035792,315
2091,1807,9,6.945798,177
1235,1350,13,14.907816,1041
1159,1490,15,4.627308,852
990,1980,6,4.106554,756
2075,260,10,19.329231,786
1922,503,19,7.729026,229
1124,1943,15,7.787781,1081
743,1359,8,17.313257,176
37,323,7,13.216307,716
1530,484,12,14.161580,814
1141,2278,7,12.715005,872
707,156,8,13.923881,379
315,1262,8,9.541783,571
1479,56,18,6.075144,1143
1093,1687,11,16.858423,845
2144,1558,12,13.150211,828
1347,1856,9,18.289278,986
250,2270,10,8.211520,1124
988,1346,19,0.350922,530
1975,1509,10,8.620574,867
1852,1817,7,10.906768,1009
566,2306,9,1.443824,1076
1151,1163,12,10.937194,1126
2165,241,6,18.639831,649
33,1972,13,6.854099,917
1947,1813,11,13.435622,993
2095,1476,12,16.483917,100
1932,503,19,17.275158,978
1498,1641,9,13.521673,647
1498,990,17,0.034291,1183
1599,2303,11,20.331951,840
1718,1017,20,7.231663,770
2276,1227,5,13.963562,1168
1100,286,9,1.606932,1194
727,888,12,12.594719,623
1937,2351,7,17.934969,785
740,2172,14,2.711701,511
2421,1039,5,13.934456,730
1263,430,20,11.434260,657
708,958,9,0.599363,577
82,445,8,17.331165,953
319,128,12,15.880643,1104
1808,1835,20,6.745011,607
923,2253,16,1.725935,391
2207,2107,12,9.230543,854
2491,1716,14,1.756048,594
374,1129,9,0.818191,258
308,2187,9,14.998484,859
737,722,13,13.127031,642
2342,711,17,8.079561,1043
760,721,12,7.896975,236
2459,2033,13,9.513848,200
1164,1192,18,9.444824,654
347,2098,9,18.280359,850
82,711,7,9.722487,308
790,214,9,0.375328,432
77,2057,12,2.889028,876
330,1853,5,14.145523,872
2172,1505,9,3.484350,300
80,1013,16,17.273543,205
883,680,6,16.067582,485
2272,1575,6,11.516181,906
701,1796,5,2.032796,367
303,850,20,20.091615,232
749,1917,17,6.047029,273
917,1221,20,17.384692,115
1300,352,14,19.727319,275
49,1322,20,9.145421,337
1872,1300,11,6.480194,1053
1324,1547,8,19.565867,503
643,2465,9,18.202454,966
1623,1840,8,10.069469,1068
985,564,9,10.842842,443
960,1174,17,4.388643,1118
1702,1384,11,6.371479,647
262,1699,18,7.126211,1131
1093,2199,17,20.111275,1197
949,417,6,10.666882,207
173,1190,10,3.541519,728
1804,1530,13,9.652180,146
1282,332,8,10.531879,308
163,579,5,9.781395,1168
662,334,11,16.287100,338
1841,2176,10,5.322359,580
771,936,18,7.036660,232
550,1206,15,20.460210,406
1765,1263,20,6.365438,753
86,1729,9,1.362179,696
2335,206,12,20.275143,231
2157,2075,5,1.048456,1114
1303,477,8,5.817861,756
2238,1160,18,2.069260,684
2316,233,10,8.495155,729
1447,625,13,15.651819,668
2152,1815,16,10.290511,178
1027,32,17,12.692246,1034
2415,582,19,9.956987,569
958,838,18,6.689332,250
884,554,16,12.256815,278
1031,873,11,2.865093,412
2154,455,15,17.666929,721
1227,1293,15,2.837471,326
1460,727,11,15.579796,803
2197,1074,20,1.969057,160
1569,1980,19,15.067174,726
346,1425,19,0.124101,684
486,308,11,14.826119,975
864,1428,7,14.276282,743
1747,637,15,5.394619,313
1537,275,16,0.200913,233
954,159,18,14.010425,1023
1744,900,19,18.625412,377
1826,973,14,8.578159,694
664,2296,9,7.703912,1133
159,1474,8,20.377974,623
461,1516,15,20.236911,423
1549,2188,14,13.657253,592
1625,1799,11,1.488619,414
1618,340,7,18.849091,511
2191,2324,15,14.488614,1082
2387,1018,6,2.429144,239
1378,1444,5,8.651137,166
888,2465,17,5.292666,110
992,471,6,5.096229,955
1918,1825,7,16.175895,140
2330,1075,13,10.166170,192
386,9,8,4.143525,704
1106,540,18,19.949999,757
1690,905,17,10.320689,1186
1739,2054,16,1.787463,927
2224,1263,20,20.360095,347
518,1655,8,8.081120,996
1724,2443,18,11.254894,1106
1531,1231,16,16.392088,285
1575,499,10,15.688871,399
2155,2025,8,5.704994,1180
826,548,14,14.555498,1104
893,639,19,0.185657,867
2461,376,14,5.314440,178
1680,635,16,15.864693,917
2117,1743,6,15.924396,179
1862,2456,18,17.371467,808
1994,1866,5,5.172667,981
432,1409,12,16.991446,716
1768,2459,17,10.461251,396
1216,1508,16,15.034891,204
2425,2293,5,20.164016,125
694,2028,14,10.551071,145
560,1343,19,13.870609,1133
1551,2171,19,19.312366,936
673,2099,17,8.637925,390
2007,2275,17,15.590036,752
1874,1545,12,7.869619,730
112,756,12,1.065081,166
2076,784,20,12.497093,369
683,1714,8,20.082613,502
625,1420,15,18.974345,411
1065,1003,19,6.120132,1098
948,241,6,5.313919,1109
260,1693,10,8.275641,293
736,2405,6,15.999198,423
170,383,6,14.897766,172
694,1062,11,2.569658,818
702,819,5,14.598165,692
692,54,7,15.921780,672
270,1112,18,18.394399,795
2376,2391,6,1.051822,1011
936,1270,8,5.281297,164
159,95,14,0.689509,854
1674,1986,13,6.449657,1077
1062,1539,5,11.189829,1183
519,1489,18,20.236584,593
1503,1960,5,1.323032,1004
359,572,15,17.057125,865
2248,956,8,7.269962,532
1832,1365,16,12.963806,509
944,1248,9,20.335382,708
1474,1016,15,5.816199,276
218,1416,20,17.777268,1103
875,2122,11,6.235500,578
1160,1564,15,8.688351,299
2080,2014,19,16.789237,943
980,1701,17,4.968537,177
103,1577,15,7.545962,525
409,1654,18,19.989299,654
2495,1266,6,12.646113,363
157,33,7,16.064141,1017
2042,1312,7,9.067620,1095
2326,1307,9,1.188458,487
586,727,18,13.214447,454
558,1897,14,16.741572,902
2227,1783,5,11.068722,106
792,764,18,5.882274,982
313,2452,15,4.665157,370
1178,1022,17,7.528997,1061
908,761,17,12.099517,788
778,1425,16,19.951421,843
810,382,9,0.047746,1179
1498,1747,7,0.069033,679
1234,1383,20,19.208537,759
251,2409,19,5.493955,1074
2290,891,20,11.259966,1010
1321,2056,7,11.450784,286
1404,1656,9,12.345137,108
17,83,15,3.511480,649
87,1064,7,7.459466,600
383,2313,5,20.187996,473
1191,1866,15,16.467738,803
882,2137,6,20.133672,316
540,1725,5,7.444142,109
547,2476,14,12.227642,1061
2047,100,12,0.326129,963
1220,1795,17,2.675955,459
441,2039,5,9.083133,379
1115,1285,19,5.412435,1059
1917,2203,8,19.629791,606
2115,826,20,9.718264,1146
1933,1095,14,9.644721,1086
778,246,16,20.312058,947
24,653,5,13.667217,264
246,360,7,17.549557,693
1243,227,18,19.352537,821
753,151,19,5.931517,999
1331,1531,9,15.355762,135
1662,119,9,2.869297,913
792,71,14,3.496042,959
443,1965,17,9.759146,580
862,1172,10,1.031900,1136
1681,2412,11,3.899056,763
1782,1886,15,16.806361,212
1606,2280,8,14.919628,441
2141,708,18,14.182336,770
127,1415,17,17.276640,181
1261,1585,15,20.397903,967
333,2021,13,12.797474,797
1579,1669,11,15.709397,698
228,2243,14,6.218192,670
416,1617,12,1.215328,1018
1092,2162,14,3.653843,1171
1713,8,11,15.717275,397
613,345,15,17.457727,1068
2290,1714,15,5.089246,415
441,2455,18,19.608593,382
710,1232,16,0.857623,480
1167,2488,8,13.713167,203
1211,91,10,1.079078,809
714,751,18,9.267122,1018
1804,2070,16,19.402007,850
1078,1748,9,9.482319,584
432,162,6,4.714656,1124
1658,2143,7,12.614702,296
188,521,16,3.958679,117
276,752,15,10.301104,775
642,2331,12,0.596588,260
1384,2211,5,15.598429,813
318,1642,15,4.844874,1168
2375,1408,18,2.665644,689
2186,81,17,5.385631,1029
783,487,20,20.250887,1057
1111,1331,19,16.884223,185
973,2248,18,12.728735,959
2030,2452,11,1.228192,836
1783,2058,17,5.726376,403
1688,1711,14,20.303966,221
2450,965,10,19.676225,544
898,1608,11,13.256926,175
2070,790,16,9.781836,1126
994,1033,11,10.830863,398
565,1230,5,9.945309,708
794,2440,9,19.760253,239
1059,1132,6,2.693919,326
1946,619,18,10.070232,114
671,251,19,15.695065,940
829,932,17,11.811317,918
1163,47,10,20.365259,1099
2223,149,15,7.135429,186
1084,2346,10,16.192319,384
53,1859,16,11.705597,380
2033,1816,16,8.072741,967
438,1296,5,10.425323,605
850,727,6,4.194127,237
2277,107,20,8.075247,747
1350,1249,9,10.727663,707
354,1447,8,10.321237,1193
419,2020,19,12.035455,189
127,1997,16,0.055603,217
1477,1634,10,10.707639,987
1118,2279,5,1.627119,1168
1658,2473,10,17.462245,930
1110,159,13,13.542212,622
743,782,16,19.537132,179
153,2247,17,1.157718,454
662,2291,5,9.650339,700
313,1778,12,14.021513,700
2498,508,18,5.610137,355
443,93,9,5.131353,860
893,574,10,7.939677,1149
1198,1889,13,12.652035,783
2348,1042,11,15.633163,394
559,459,9,13.565203,313
984,226,7,11.524851,177
950,2431,8,2.316490,551
2232,1827,10,17.037776,1061
640,1302,13,6.678053,392
1710,1277,16,12.285127,242
2287,1200,20,9.091067,497
661,731,16,7.966149,208
965,684,8,3.751746,688
2388,1032,17,18.212716,147
8,2072,11,1.680975,1150
600,1489,5,10.372188,438
2120,1611,18,17.391460,352
6,649,8,4.032853,1067
2073,2467,17,10.810525,164
2433,1645,16,5.492146,434
1422,1318,15,15.557511,173
969,31,19,13.089716,276
532,1121,8,16.422877,674
1092,1931,19,11.742021,1042
1765,2195,15,18.323988,636
333,1973,12,5.473184,587
447,1111,10,7.633040,591
45,1228,15,10.222055,1023
432,2383,11,13.981797,574
1991,1614,8,16.528460,107
1757,568,17,14.732793,181
1106,1051,20,11.573564,827
388,1514,5,14.092862,211
1239,2130,18,12.408043,206
1299,506,18,4.327339,167
1017,477,14,15.987101,233
913,1842,6,11.580384,520
873,948,16,10.172058,395
512,997,13,14.503958,1172
1116,1178,9,19.275697,1156
1013,2432,6,15.189076,464
2346,587,12,4.320358,382
1719,2117,18,6.880835,389
894,2157,11,19.856692,813
1940,260,10,1.242494,564
1890,117,14,19.852344,280
1933,804,17,8.424788,831
1488,1945,17,19.589754,1090
269,208,19,15.945790,835
433,1159,9,0.837689,347
1477,992,6,1.433735,253
779,1974,16,9.388867,327
2489,1917,12,1.242178,914
1365,2416,17,8.760049,652
1966,589,5,17.911476,975
1968,964,11,13.077050,494
2257,1056,9,6.979717,567
880,2071,8,13.197926,989
1435,1858,11,16.474020,355
666,2226,20,19.859581,1004
2203,1099,13,3.004660,1169
1375,2480,11,11.741555,422
886,1123,16,0.811068,908
1352,1437,9,4.980158,374
18,1983,15,20.063906,100
765,1889,6,4.221429,662
2152,1676,19,6.649254,103
1788,56,8,6.067145,142
995,1929,6,5.279036,1199
834,1414,20,1.752448,1190
1733,380,11,2.024464,408
2132,724,13,14.609249,1068
2252,504,18,3.013349,707
1258,861,15,13.104682,596
513,2416,20,20.191432,123
1933,708,16,8.518410,334
552,1236,8,14.144235,860
1199,752,17,7.368712,130
1786,1878,16,6.773694,219
2476,2072,10,14.727256,960
1186,2185,12,17.834261,971
1682,155,7,10.066409,616
1801,1026,19,4.328616,960
1468,1908,9,10.081903,394
508,230,18,9.293817,327
2286,1795,8,2.487048,1073
1404,314,10,15.388250,393
716,1328,9,11.516882,192
1272,700,18,19.659730,942
730,647,14,6.386584,303
533,2113,17,6.771677,1001
544,1594,16,1.031784,1171
57,2233,8,17.833827,774
222,2047,8,9.148190,1031
2125,1634,14,20.335473,188
397,987,19,1.133497,1064
99,894,19,16.776306,763
259,151,11,10.623419,831
995,235,15,0.784575,1088
597,1969,15,4.726671,252
998,1932,9,1.632384,400
2084,1000,17,1.736465,1179
647,1156,11,10.052122,1142
1276,1186,10,4.873064,433
699,737,9,20.184213,757
1281,1176,15,11.273658,206
2391,1580,16,2.453638,107
2213,1350,17,1.823000,974
1900,2264,14,4.538442,259
792,117,5,16.858946,301
1699,2086,13,19.184705,324
1973,698,13,2.315164,654
1116,632,13,17.865393,670
1149,951,15,14.657947,686
1636,2066,15,14.611098,828
1582,913,8,11.232060,910
1501,646,12,4.308192,1181
838,661,7,1.359308,930
503,2209,11,20.484309,114
2033,901,8,5.067283,833
1813,2466,6,11.066898,126
1703,492,12,4.369708,907
1046,2276,15,16.590487,922
2109,2110,15,18.139355,340
572,981,19,13.070946,311
1567,1129,17,7.199841,874
1895,1905,9,4.214509,532
1765,63,11,6.069147,886
1211,996,10,19.498276,864
550,2298,11,0.226013,912
1344,2183,7,7.789065,745
1213,1187,11,5.695620,530
770,210,5,19.054775,1055
2140,493,16,19.699449,418
1399,84,10,8.650020,216
1456,1068,7,14.998126,134
1885,1956,18,4.642104,847
452,986,16,4.389617,196
1293,1436,5,5.809944,244
1570,1988,16,1.220691,562
1501,2432,17,12.852637,489
2128,923,13,7.922849,697
1852,82,14,20.236066,726
2270,91,6,6.482386,254
2027,11,17,3.759707,953
872,612,10,0.247158,578
2278,326,16,10.196657,580
2256,143,13,3.448261,327
606,2493,18,16.549140,878
2464,1747,17,10.181901,185
1162,1795,13,2.022643,438
740,2351,14,0.070449,544
923,1162,7,9.971455,581
1680,1648,9,5.958738,671
14,1958,13,5.640395,540
2024,2476,12,8.880498,120
465,68,8,14.431124,479
1646,785,9,19.935728,309
919,1387,12,8.477263,515
2410,2005,8,11.990216,1135
178,353,15,11.521148,1085
769,801,15,4.412609,653
776,168,7,13.909886,849
2407,476,7,12.737118,511
2495,326,14,14.151157,486
1751,421,6,4.913572,620
1180,1992,14,2.151528,1047
1537,1369,20,2.879169,598
282,752,6,13.268785,551
1892,1814,6,1.985885,975
1897,655,13,9.864924,324
1090,1153,11,10.004603,462
1845,492,14,15.725077,315
2148,1531,5,1.790364,125
1990,2110,5,13.709900,379
132,2202,12,3.934078,818
1256,1451,11,16.188486,1066
188,2001,19,4.291588,1022
2170,592,10,5.357806,520
140,713,15,12.196213,433
1166,1665,8,8.528464,829
1113,787,8,9.345025,125
134,1017,8,2.723142,351
1932,2245,7,11.266437,540
215,2129,5,17.278191,697
934,1753,17,18.726394,895
57,15,18,7.614184,726
1714,1928,12,16.317308,1096
1480,1216,8,18.522065,175
1113,985,12,7.915795,168
1294,86,5,11.593557,191
2010,722,12,1.059911,646
460,616,9,9.392534,499
1216,1874,10,4.954127,811
1027,1495,8,3.503874,254
1239,2428,14,19.186421,399
339,1867,12,2.112953,616
2326,281,18,2.332333,803
763,500,10,18.704810,794
1584,420,14,4.098399,970
2116,1852,12,15.434464,1061
2170,1403,5,18.736858,294
2119,2137,8,10.257922,1026
2323,1561,12,19.122158,279
1714,1501,17,3.557428,243
2474,2154,13,20.321508,638
750,404,18,18.438174,476
260,638,13,2.996665,761
1045,1649,12,15.253523,278
1860,2102,18,0.474186,162
1174,1215,18,11.568549,792
1508,1065,11,9.979885,855
152,2251,9,15.641434,823
1933,1320,16,4.699262,645
845,724,18,9.816825,586
2390,137,7,4.155098,934
864,1703,17,2.088721,745
2119,639,14,1.219684,281
1321,2165,7,17.497667,792
1034,1791,16,7.157574,1133
2161,2111,19,3.293116,538
2283,1775,20,5.339088,876
1277,2345,17,1.771003,903
357,2276,19,15.488573,511
1981,1956,19,1.443895,770
2272,109,13,17.690545,435
53,561,12,8.036152,1128
2345,348,10,12.971128,985
888,2219,10,3.924166,260
2235,1596,12,4.242433,642
576,463,11,8.808705,1047
2336,1094,12,19.674374,451
1387,774,17,7.099053,1124
719,1031,20,7.214672,305
695,1468,5,18.558859,731
1163,1631,8,12.052574,720
333,958,10,5.942593,655
2005,2427,7,15.820688,228
2415,964,15,17.530502,895
536,1477,17,11.252485,852
1034,2068,18,2.465483,408
73,1411,12,0.760528,575
1626,2015,7,5.435654,182
816,1899,8,7.560165,1153
2184,1355,14,1.498818,318
2122,1601,20,15.317781,1102
2383,131,6,2.159224,1019
1789,2471,12,3.036798,370
1086,1040,19,15.323464,387
767,1689,6,19.721699,743
572,133,12,5.850019,494
268,1607,16,11.196387,1191
897,446,17,15.271253,687
1139,2208,15,0.286676,695
420,2212,16,4.578300,999
1404,1977,13,3.871803,749
1484,2071,12,3.666980,824
703,49,14,17.048826,578
1688,637,19,5.170291,855
2404,1267,20,14.753962,437
2259,179,5,11.716807,1107
2380,199,17,19.012127,813
1534,1724,10,0.058549,1117
421,2199,20,4.531195,593
1203,271,14,5.328294,636
1774,283,15,9.759639,1006
2012,2388,6,17.234246,591
198,197,11,6.001327,141
1299,2394,20,7.777373,342
1553,358,13,17.543500,228
652,715,7,18.430031,103
1850,1943,17,9.545315,584
1816,2278,20,12.198741,690
154,1013,15,16.431773,624
1397,823,18,5.699683,356
1511,686,13,14.946908,173
879,140,19,17.801133,827
1700,81,16,6.625009,912
2491,1503,6,16.939220,745
794,188,20,15.641264,958
1689,2129,5,1.654815,915
419,1338,19,1.512715,495
432,902,10,9.322539,1137
910,1626,18,18.050786,1167
1148,467,13,6.464033,1185
452,1882,9,15.522099,1074
1551,1466,15,3.903166,160
757,140,18,17.950614,317
1481,541,15,0.627184,241
2210,1813,18,1.702949,740
236,692,12,18.913555,1168
2263,364,7,12.180307,494
2438,1839,17,10.575261,381
1724,637,7,14.476364,316
852,1714,19,9.764984,257
1513,895,13,12.014286,127
1090,1155,9,7.732999,844
832,2309,13,6.313304,431
2008,395,17,1.327551,783
1345,1552,12,15.689277,320
672,1920,15,20.302535,944
459,2033,9,9.209586,472
1505,1076,8,9.463559,336
449,601,20,6.172247,731
767,12,20,12.653994,665
823,949,14,9.389482,797
1011,111,8,1.849079,873
1,1060,15,5.313465,786
1768,1748,10,8.911915,168
496,1799,6,8.173497,423
62,751,7,18.259957,505
504,1225,19,1.919419,1083
1865,636,8,4.025344,177
1448,2457,13,18.484353,618
1128,140,13,4.959958,282
755,727,5,10.242118,200
2397,1570,5,20.414482,176
180,905,16,7.304015,311
288,1217,13,18.774825,941
1362,309,9,3.873924,378
464,311,20,12.036894,476
2280,955,19,19.443208,356
2308,402,7,1.708116,1183
934,1604,19,13.251025,1099
1681,2029,13,3.474306,958
2112,71,19,6.764540,109
646,2407,11,18.793924,1082
1907,744,10,9.875289,360
413,825,13,20.301340,815
1859,713,18,10.962974,645
32,393,8,17.848519,586
1225,633,10,8.924116,317
105,1614,13,6.246165,681
1122,1843,17,11.085735,522
1616,1005,7,11.632534,163
656,54,15,15.055969,430
1615,346,10,18.673783,986
1137,2315,13,15.827088,446
947,81,7,10.687388,120
142,1622,16,19.398561,118
323,1769,9,18.827835,543
1410,1695,17,6.241271,366
503,415,14,4.277612,351
129,349,5,7.035240,394
1962,1710,10,0.575131,370
1528,385,16,6.175841,1138
2202,2245,5,7.447592,476
1882,1465,8,14.299963,149
1887,173,8,19.817469,714
1012,1784,17,13.928219,445
1690,1831,16,3.999344,980
2245,575,19,5.723601,782
782,2419,18,18.436939,469
1843,1523,6,19.783604,605
922,169,16,13.128098,257
459,1244,17,7.197405,554
2487,1558,11,12.546960,613
564,618,15,17.335945,591
1251,1349,13,5.199925,636
21,1140,12,14.143260,786
1789,1374,18,2.665800,663
521,1000,15,19.354853,772
2009,1074,19,20.124130,794
811,1084,11,8.274933,514
1507,2089,10,16.131781,768
671,360,14,13.749039,554
1747,1417,13,10.171049,257
1095,718,12,10.312801,172
850,762,13,8.304212,468
910,1763,9,19.175935,770
1758,185,9,14.903465,1044
1567,169,10,16.772621,279
1403,724,15,5.541950,582
1937,68,19,7.632184,308
2219,1981,16,15.779921,1023
1944,2089,8,4.674236,762
2373,716,9,13.830954,952
290,458,17,7.430882,997
2408,2407,5,14.195306,719
2443,2252,16,7.074374,650
2117,2367,6,14.872516,1088
1452,1637,17,1.757447,873
185,1572,16,11.869325,590
1794,163,19,3.985803,826
1691,1788,8,14.733809,576
1420,2417,5,5.148414,470
381,2199,11,17.893799,719
890,283,7,18.739743,893
2120,1971,7,18.008907,1159
2116,1480,5,13.293197,693
418,1033,8,9.811217,417
1808,1353,15,16.292220,629
345,331,13,0.787740,431
724,1860,11,19.026500,1009
38,1237,19,4.356829,166
310,2455,11,5.484295,677
1228,2279,20,10.655048,755
38,2440,5,9.015863,1197
2107,625,11,4.317750,924
842,1192,16,2.731562,795
861,1630,13,14.231471,1018
2096,962,8,3.107378,223
1226,530,7,14.609181,966
1611,279,15,7.881012,937
372,1854,17,0.870926,323
2202,603,14,16.454115,530
2252,0,15,12.656516,721
528,1466,6,11.006398,812
801,1133,17,4.263765,312
2088,2395,18,17.177568,1185
676,975,19,12.518273,149
801,2207,16,7.885928,202
16,1485,17,12.037496,948
2048,970,5,2.860978,1179
2440,114,9,2.630185,1154
2281,1057,11,10.390559,615
2072,2146,8,2.605716,793
157,840,10,7.188586,560
1801,432,12,8.426115,426
1165,2410,9,17.503847,1036
2199,1978,10,13.842962,695
1000,2389,17,11.898749,199
64,808,18,20.331420,353
1024,1131,10,7.053947,267
1862,1184,7,14.885709,993
445,1568,14,0.038661,519
1367,2045,10,19.992656,955
653,2355,7,12.169722,450
1899,332,13,19.968593,416
2133,279,20,11.369149,956
101,1021,18,17.557490,727
2358,1739,20,5.769859,982
1510,38,14,1.244872,741
911,1162,18,12.668378,960
1342,1231,5,6.743455,783
2098,1867,9,3.723917,1080
1557,2342,18,16.893069,1054
776,1706,6,6.922607,608
1810,1677,13,4.755276,388
1608,43,14,16.123460,135
2337,1537,16,13.597385,1194
694,265,19,20.230955,214
1833,2005,7,13.168056,882
1065,1697,13,14.734697,427
262,470,10,15.397898,955
1675,896,15,10.267348,118
1556,347,8,9.043983,747
522,1860,18,9.392408,943
652,966,13,3.455905,261
1189,1035,11,12.236838,336
1555,520,8,15.320882,1141
915,2296,17,16.030003,1025
1295,1755,17,19.832586,1002
919,1979,17,11.158848,572
14,1999,18,6.561994,555
2442,290,14,12.545452,377
1198,30,14,8.389627,349
367,2115,13,8.555348,1147
47,345,19,6.023081,915
1278,1547,14,10.762520,369
962,676,15,4.876842,373
2006,1019,15,15.998189,769
511,1653,9,14.846687,1018
1087,1120,11,18.204212,1140
796,127,10,4.872988,1140
1039,2202,19,6.223137,1111
718,448,17,5.716125,287
1786,2039,16,15.674434,228
1375,810,8,1.473765,342
768,1983,9,3.628166,699
2163,1829,7,16.340019,804
433,2204,11,9.965078,701
1470,1124,10,9.111390,785
1593,1462,20,5.834679,434
1632,34,6,13.989016,717
214,933,19,1.999737,524
1313,1100,15,4.182722,280
839,2180,16,4.331438,207
493,2075,18,12.941346,712
300,967,18,13.914776,1007
1058,692,6,5.740319,519
1016,1767,11,10.000997,680
525,828,20,7.304994,1108
2027,2306,10,5.342691,1120
1162,247,10,3.931041,818
1435,1020,13,8.089003,1074
1669,237,19,16.792630,828
1754,2217,19,6.753538,1102
26,1385,19,20.336861,872
1100,387,8,14.691007,169
2341,582,20,17.168880,280
152,555,9,1.412114,672
2250,1211,9,7.294311,1017
1531,147,14,7.045478,769
1530,1995,20,7.740194,1071
1966,826,8,5.361207,407
2296,150,11,1.776824,881
2268,1641,17,3.517535,468
831,1035,13,1.415925,786
473,2229,6,2.588219,599
1774,1004,5,9.623610,479
2166,2480,5,16.769872,773
196,1133,7,4.296597,664
1186,1948,10,9.175423,1081
106,550,8,6.022621,330
735,2077,13,17.324787,494
706,1490,5,1.690918,414
547,996,19,13.004415,1041
1439,2004,8,11.877253,1000
1313,1494,12,10.241554,950
1819,1661,13,19.301166,478
1033,1538,6,19.211290,1111
2455,2038,16,9.302542,1032
121,2058,12,16.109974,1108
910,1286,17,10.146284,140
1215,2388,5,7.706147,969
1967,2362,7,18.165869,334
2007,2145,15,17.760012,681
1930,2162,10,7.722167,571
1578,1601,19,11.882064,635
1282,783,8,14.251741,103
1105,1486,6,20.369829,1150
1232,1161,9,20.496420,1074
1029,2364,15,4.641563,870
761,2391,7,19.995485,409
1720,1606,5,1.683187,310
369,2309,8,15.833929,1167
350,1789,5,5.739318,562
1336,884,10,11.000303,339
98,1955,13,0.206011,224
2476,2434,13,0.942131,593
132,2031,14,7.546242,274
599,1418,17,5.606886,436
890,1502,14,16.721682,426
207,233,20,14.279092,351
414,43,18,8.463138,1164
732,675,17,13.067750,828
891,2168,5,16.581565,783
1251,966,5,19.455559,247
168,1642,13,1.157512,630
1722,1606,19,14.967872,270
2025,870,20,10.916816,1084
7,927,8,3.121727,664
162,808,14,12.922166,788
246,521,11,5.785403,641
604,1942,20,16.464957,958
812,252,8,19.665338,456
1040,1106,6,19.035379,998
2130,1973,10,8.626806,937
1585,258,20,1.516148,566
88,1172,12,4.070293,670
187,1995,8,12.815641,100
983,262,7,9.777390,623
1813,1034,16,16.823236,432
834,892,5,5.563354,868
1972,1737,14,9.794964,616
1252,1982,17,0.422576,306
1651,2011,7,4.954705,536
1972,2313,16,14.237903,692
1980,1678,12,11.979185,697
2384,766,14,2.513727,749
878,1794,14,14.682329,711
816,50,11,0.408989,542
477,2029,17,12.192954,329
1828,735,8,5.209083,542
517,501,6,3.836142,551
1501,831,9,12.885041,735
1765,1602,14,19.809779,1182
2111,835,12,6.451440,371
1170,658,8,9.952748,280
529,1864,17,11.276201,524
2152,968,8,2.058028,260
1114,499,11,19.393027,179
332,30,11,11.901425,1109
1043,1087,16,12.682109,854
321,1323,19,11.777499,362
459,2398,20,13.549424,106
2271,1758,18,5.440824,816
2059,1596,11,13.704997,754
2174,707,13,5.051761,486
236,1448,19,5.348708,250
932,550,18,0.939543,163
1862,1600,6,6.323557,987
2409,1817,15,6.502620,645
1656,540,16,12.684782,320
1366,1810,19,1.498201,188
1315,612,9,0.949439,1116
1551,300,20,6.978997,1072
2028,1386,14,18.716616,621
140,1991,17,9.964687,942
2070,1017,12,6.237558,558
1836,2435,12,8.812876,1082
634,1731,17,3.065154,203
722,219,12,11.467957,550
1500,290,13,12.309810,674
2197,1645,14,6.266041,683
600,890,8,4.754257,142
1205,1051,13,7.366905,1164
1013,1088,17,16.918694,735
1110,91,6,4.030995,745
2241,879,12,17.886448,167
93,2437,5,0.019759,247
1489,2406,6,6.092212,463
1545,1461,11,16.960804,160
518,2468,11,12.357030,1134
1772,1897,12,10.458623,249
441,1613,17,12.442500,1182
1901,2275,12,9.471042,913
1098,1340,5,8.371405,561
1235,890,14,5.063914,1000
1497,54,8,4.689396,242
648,28,11,2.824072,732
1412,1528,10,0.231729,887
1505,1079,9,7.808746,688
1461,1085,17,17.537210,1001
548,1589,5,5.138225,694
2031,669,7,17.012769,1198
1427,787,16,16.021327,1022
713,2039,8,7.895419,675
1704,2251,7,0.929199,507
2241,2417,19,17.630089,149
1723,1205,14,19.388801,371
444,1216,18,2.516229,112
1646,1066,13,9.505340,684
239,1852,6,5.114453,359
1152,699,20,5.617145,406
55,1719,18,0.108035,397
2164,666,17,17.207291,247
1609,1599,17,13.661238,920
182,282,16,8.784411,388
2415,221,15,13.626592,366
1487,1296,16,0.611902,398
297,91,11,8.814561,1034
1394,1471,19,3.844984,615
1071,2400,10,12.526759,851
425,1422,12,16.347311,157
251,1631,20,12.820264,240
1617,74,10,10.179701,680
1550,1394,19,2.542853,201
1299,733,9,19.410281,645
1348,2036,11,0.249900,954
2204,939,15,11.228607,388
1498,1176,9,3.289521,891
415,915,19,20.041379,207
106,1309,15,7.698748,873
2141,949,20,18.978600,177
314,810,13,4.951348,537
2253,740,10,3.172756,1158
960,1449,17,0.386803,588
1998,1755,8,12.809644,469
1217,534,19,11.234505,588
1509,2105,13,16.230599,315
1824,1784,15,11.188018,418
32,287,8,4.990783,717
1708,1249,16,0.618139,479
363,2402,5,15.336136,594
1431,1492,8,7.262151,328
2449,51,6,6.587332,951
1588,753,20,20.298140,1159
348,999,19,0.024552,495
1847,231,7,12.013943,445
485,236,19,1.689568,724
267,1793,17,12.607130,1139
1898,878,12,9.029406,953
842,421,16,15.567931,398
972,1791,18,4.514632,1178
379,2096,14,0.089747,624
1712,534,17,19.459401,286
315,1241,19,9.050760,449
1140,995,6,14.524450,950
944,1470,20,2.462571,1021
223,2199,20,4.895986,1086
47,1896,13,1.411054,1190
408,1488,7,8.190835,475
1086,1603,15,16.138394,945
2192,735,6,17.533400,619
526,2482,14,4.724051,796
1597,281,11,20.018951,871
756,27,7,17.386537,235
958,2298,11,5.878166,616
1675,1246,10,16.058785,325
1402,2191,9,3.735078,1095
1436,265,6,6.339093,872
2155,1971,5,7.350570,662
259,1340,15,5.824841,1160
20,2162,7,14.335495,872
965,1888,20,14.390879,612
1079,1826,12,6.336309,122
1420,455,15,5.001490,362
1303,325,16,1.359895,891
2481,2137,13,10.568630,144
867,353,11,17.212392,498
1630,1595,12,14.311709,869
1596,1841,18,6.742352,161
1240,2421,17,16.463031,1021
925,885,18,1.773900,650
506,2034,6,4.707634,655
1408,2299,14,13.075298,914
1787,1215,15,3.611844,455
1003,858,9,11.660767,648
1078,250,17,13.907507,614
345,1636,7,18.539888,480
1156,2353,16,13.316670,366
1898,1074,18,15.606341,676
2473,2119,15,20.243202,732
2109,523,20,0.473445,442
414,289,7,12.908220,746
1604,915,9,5.339405,1172
1244,2143,19,7.673031,643
1398,240,8,8.111683,318
1712,741,20,16.266984,760
677,1960,7,1.879564,756
967,525,14,14.668270,910
1823,311,11,19.232481,615
665,2114,18,11.427484,972
1200,1388,8,6.253520,280
1679,349,18,15.284878,781
641,1397,9,10.458092,560
636,458,18,12.813429,899
955,1599,9,5.513098,844
496,271,16,19.547192,629
916,638,9,15.350874,1082
72,2024,19,3.557209,227
1955,297,8,8.338348,1057
1706,1743,6,13.508381,227
1515,2080,15,2.511326,110
364,218,10,9.235168,1034
536,997,19,4.898441,716
881,1318,10,7.418392,452
1633,298,19,15.877781,419
1318,583,12,18.050126,743
906,1743,17,20.197322,140
1583,194,15,5.678802,154
849,1699,17,7.608720,819
431,827,13,12.858980,1032
857,916,9,15.330767,432
1397,1879,9,0.336026,341
1974,879,10,16.182524,200
1733,2324,11,7.278599,457
130,1126,15,7.529089,410
2097,1385,7,6.374321,375
916,9,12,3.723164,625
1692,1979,15,11.195626,609
1245,2059,7,1.913550,301
1713,1557,12,9.917023,593
375,1131,5,9.922059,441
215,512,5,3.393976,1005
2202,798,12,2.431797,889
1996,927,13,5.194508,965
928,1756,20,5.197484,653
1609,1123,16,6.516651,497
558,1249,8,15.075852,315
23,605,9,8.484343,674
235,1426,14,7.264233,442
789,1855,6,5.419808,449
12,2391,14,18.857863,702
782,731,13,2.910413,1193
994,746,20,7.543520,1149
1291,1995,18,10.950093,679
77,659,18,15.439790,904
977,2110,12,3.361156,1182
1317,239,7,8.471579,261
2010,220,20,1.996408,1090
1688,2418,15,16.993168,783
2047,936,5,18.593974,626
1901,262,6,9.733195,147
2430,2247,9,6.449285,176
484,1602,13,14.042519,697
550,1547,15,10.860955,170
458,308,5,3.081487,391
1508,104,5,0.530191,1068
1974,1137,6,4.770860,539
2292,1949,12,17.587437,972
842,61,12,9.515303,770
2027,1498,8,4.607279,167
1266,797,20,19.850216,862
919,402,19,1.496014,424
229,1532,5,17.566050,486
1817,1179,15,11.069273,622
840,662,5,15.912269,106
1165,893,8,9.270922,701
779,965,5,15.463159,1184
1450,263,6,14.731680,862
1169,1085,7,15.956807,508
242,1551,7,20.205630,543
2432,1225,18,9.588606,252
1470,2356,15,2.375645,525
2039,1533,7,6.813830,708
118,2443,14,6.891323,929
1226,1489,5,7.824831,838
446,680,9,5.277875,494
543,534,16,7.285343,663
1137,31,6,5.483617,812
1916,1289,8,15.531805,811
150,669,12,19.988621,1170
1969,1396,17,4.965667,1159
927,1855,16,1.827693,552
2417,2002,6,10.668498,1174
1233,1882,20,2.553656,1014
1791,1154,11,0.745665,373
1443,2452,8,1.169123,777
1472,246,17,12.741229,736
1841,1792,19,12.705136,966
1975,841,12,7.799688,508
200,2447,15,4.284875,196
1687,1013,12,18.489525,1180
1757,1063,12,15.647436,1114
1676,987,8,0.725482,569
811,21,9,1.791429,326
2255,416,13,18.144695,1144
1227,879,19,7.452079,767
1861,2039,13,19.605094,532
849,757,10,3.366925,1153
767,1512,19,1.058320,920
2178,1261,18,3.740033,564
310,1628,19,9.621160,1167
2379,1387,5,0.200043,514
865,1421,13,8.583590,259
263,194,11,8.485252,785
470,852,14,12.720849,993
923,971,18,17.487261,603
338,2229,14,12.704194,464
1630,1295,16,8.723989,445
915,1335,9,11.839780,1030
1731,1125,17,4.325285,880
85,1951,6,12.452964,239
902,580,11,13.164858,987
2012,1766,6,19.130331,849
1122,878,15,15.741176,461
2368,2030,9,2.409092,681
1256,1576,20,11.543671,355
982,822,13,18.211142,738
2309,822,14,0.440663,930
1903,2146,18,11.229774,1120
696,2260,7,12.866624,241
1743,2353,5,14.783236,449
1159,607,12,15.011712,566
508,541,5,11.091274,785
2022,1517,18,0.785244,1074
1208,174,7,2.745851,538
32,2393,12,13.385917,556
1235,1293,7,6.433272,609
2288,11,5,19.946440,844
1527,1127,10,9.039424,1133
2139,2184,16,16.022440,765
1027,948,20,7.316987,1030
553,1642,8,2.664325,259
189,544,16,12.403323,786
197,792,9,11.593453,100
472,653,9,10.380452,812
825,586,9,0.180791,699
186,2402,8,9.996188,746
256,2003,7,0.117632,1092
1317,576,7,12.910712,570
558,1436,15,6.411570,1008
436,1720,12,17.798088,306
1111,322,9,4.572714,493
1612,31,20,19.375649,575
1231,676,12,18.817179,880
363,538,19,7.685499,1121
27,1456,15,3.461310,500
1667,612,12,18.763347,1170
739,1522,11,9.384466,179
909,1443,12,16.232685,134
328,1129,19,9.716714,1178
1690,875,8,18.301572,739
1810,2253,16,17.598668,675
725,373,7,2.603023,741
1389,813,17,10.004502,869
2162,2068,17,16.143423,927
810,936,17,1.197679,661
1145,600,14,0.290286,238
976,1716,14,5.941356,438
1608,456,13,17.315203,923
175,178,11,17.287946,304
477,623,10,19.484676,807
2217,239,5,3.977671,454
784,1578,11,2.358827,174
1596,1507,17,6.525210,774
2219,577,15,10.098272,972
769,1213,11,17.031123,1075
2233,70,8,10.404560,930
368,960,8,16.716020,701
1827,2490,11,2.990812,722
1323,1633,13,10.062171,700
756,2346,13,0.457691,502
2467,2338,17,3.237807,466
2339,9,5,12.432131,1087
2220,2216,11,10.944852,840
573,1809,13,11.655503,446
1460,1438,9,10.108909,1119
2390,1946,12,0.381184,880
2465,640,9,4.317755,936
1515,419,10,7.561476,776
1722,1304,20,1.039880,477
1938,1873,16,13.142048,165
560,2299,5,5.724419,1125
235,2181,10,16.306736,1114
32,548,5,6.630878,859
136,172,8,6.633971,143
1157,2370,20,16.479905,883
583,217,5,1.789102,1071
1773,405,10,4.616165,1066
542,1190,14,3.417404,1003
1473,38,16,3.517820,598
283,1559,12,9.662480,617
95,71,7,20.085189,1113
1549,1983,14,15.046533,610
1853,763,9,15.231487,100
2137,889,8,6.896231,487
2027,1448,10,7.112088,199
1212,1452,13,12.658458,586
2180,506,19,12.604476,365
2266,1534,5,11.310817,327
1363,204,13,10.672868,299
413,578,5,13.490665,333
906,394,11,20.249599,213
2076,611,19,18.159255,1176
198,1400,14,5.091899,1154
1572,1747,12,4.839066,328
590,2407,6,15.210049,338
574,858,7,16.321137,1191
1950,1628,8,19.273190,674
392,1585,8,20.181856,573
813,1441,18,3.690861,475
1986,520,15,5.745916,924
1689,392,16,5.072760,450
62,287,5,7.322331,353
1489,2338,12,17.140797,870
7,1136,15,18.833249,310
2235,1367,20,14.960948,678
952,1013,14,1.452881,1131
1072,1419,8,20.386802,663
1230,956,18,8.137596,707
2100,985,17,13.336005,602
429,570,19,3.063094,571
470,767,5,2.270361,562
1491,980,13,6.237778,1097
840,648,20,7.601804,1200
316,1180,8,0.432332,752
1215,2008,10,8.799315,276
2151,1140,13,5.952236,463
1931,1354,17,19.917044,702
1013,1199,14,20.484880,447
1562,1253,12,0.438855,344
554,2135,15,7.823505,933
858,1983,18,12.572987,503
876,19,11,3.487417,1069
392,17,16,10.417255,1136
1503,834,6,2.915086,349
1229,1596,7,15.513357,108
493,392,10,18.057517,567
1307,1440,6,8.393561,161
1845,1736,5,14.216845,308
1432,220,5,11.887799,196
876,1129,9,4.010633,649
1356,689,7,20.197560,512
188,289,17,1.429734,686
944,1304,6,4.716108,1149
1886,2046,14,10.689545,1136
215,1041,7,4.555287,210
729,614,20,13.639494,451
327,567,17,2.166598,352
1517,865,14,14.580639,189
521,1325,5,14.552951,987
1507,1265,7,15.804415,1121
2362,738,7,9.056381,243
1468,1533,12,15.814617,555
661,1381,17,17.310825,876
1398,154,12,16.816817,1187
31,1200,18,7.460039,445
511,2339,10,0.379285,113
741,30,5,12.844643,912
1222,1321,18,10.086954,145
1320,124,20,5.695727,766
2005,375,6,18.964254,426
1842,2329,16,14.478899,327
1573,339,13,10.820289,386
2415,2240,20,4.008464,836
2317,221,6,17.958603,886
306,2408,5,15.696884,719
1337,1497,10,10.372843,847
2128,274,14,19.945154,1075
455,1834,6,13.446396,820
1972,1864,16,10.849565,310
1713,855,18,4.487627,516
1839,1501,11,15.576612,142
1284,2037,14,3.629600,109
246,738,8,2.415002,408
1760,1253,20,0.221641,1082
1546,1093,8,9.562522,329
1452,130,20,1.490941,130
1708,1295,18,0.681110,969
1962,1007,19,20.030748,1196
1179,2073,8,6.449223,194
2173,305,5,12.188451,492
227,2089,13,0.414006,717
1419,2413,7,13.478923,1023
1653,95,12,0.762903,1173
1279,995,18,11.662364,1102
894,1325,6,19.115650,998
1903,1260,7,13.763487,994
25,2280,20,18.485382,130
1546,215,16,3.280855,854
2376,1785,8,10.489229,186
2415,20,7,2.353412,207
1723,2105,5,1.587992,871
1344,1325,15,8.180728,197
873,1193,20,1.824785,1097
2418,2409,19,7.929251,183
1587,1540,11,10.485263,242
123,392,14,6.999874,986
556,2085,19,7.535205,943
1811,168,13,2.817494,601
152,1934,15,13.173725,122
1349,1893,10,11.858337,358
1472,925,11,12.174899,117
1260,1398,16,11.777572,131
1046,1475,5,4.470090,315
1510,604,16,7.063182,1194
1871,193,10,2.755320,1077
555,1757,11,16.109691,884
1010,2147,11,10.382175,145
1848,1174,15,17.120209,627
20,2463,11,1.106528,512
819,991,8,6.445844,286
1153,2281,8,12.095406,620
287,127,15,7.914151,898
1092,1110,15,0.130155,347
920,2098,14,11.175958,845
445,62,16,14.845859,346
845,10,5,19.135641,251
1020,551,12,11.387856,1054
1321,434,7,18.142182,781
1882,359,16,4.151285,553
2472,2312,14,7.718449,895
114,97,16,14.415348,589
2136,1592,19,12.525296,1161
1861,502,14,7.531895,312
1911,2485,8,14.479237,352
867,944,16,14.625025,469
532,1288,19,1.338098,850
1235,1828,7,5.866942,576
1092,1054,13,3.391423,634
88,1468,20,13.668683,207
0,1398,14,9.011292,688
2204,622,15,18.785037,1102
606,2420,7,5.993338,679
1108,2175,20,16.200521,263
866,2234,8,10.365897,623
815,1726,13,2.971876,630
2060,590,6,0.430013,769
311,1019,15,18.177629,381
638,1718,15,5.319541,1068
785,595,17,4.125665,246
1882,2077,6,5.479137,458
2460,2026,19,8.065130,822
763,914,14,11.009791,786
224,892,5,19.762908,226
1651,1937,16,4.342511,580
843,1521,18,19.206082,357
633,1417,9,7.297719,945
197,2100,16,16.281195,1107
673,917,20,19.226257,1065
1467,115,17,2.148834,1013
566,2092,17,4.774210,1189
1708,1306,9,13.632301,1114
1804,511,14,0.382443,523
1299,2339,14,1.207367,1124
2366,165,14,2.638677,1097
74,701,13,3.126229,1017
1639,1061,14,5.747540,735
312,245,20,10.209512,875
629,1878,10,10.907148,116
2128,651,19,18.463828,628
769,2334,19,2.058615,907
1976,1322,19,19.782658,797
1403,416,8,5.941919,938
1584,1583,16,15.328993,788
332,590,5,18.673320,592
166,766,19,17.931428,447
2498,1661,13,5.397117,850
1963,786,17,5.117347,174
1747,1923,14,18.644895,807
1191,587,13,19.150356,677
859,1359,15,17.517184,781
2290,607,8,17.231505,980
1242,279,16,17.436367,106
1245,1347,16,1.678641,681
2218,2493,15,1.800487,681
203,1073,14,12.699975,814
1126,497,11,17.712830,694
643,1260,7,1.157825,1097
254,1181,14,13.747613,1070
1496,1357,5,8.047968,315
1834,2276,12,17.716951,1190
518,764,5,19.257543,843
1008,536,18,20.136256,122
2209,1124,7,18.375126,469
2107,901,13,7.934741,608
1354,1315,9,6.403967,105
72,1032,19,6.233405,557
1618,1883,7,18.260534,324
417,1422,12,5.707898,265
1703,1160,20,11.202718,707
817,228,20,13.081350,1096
516,597,5,3.874881,102
2195,744,18,4.006701,437
1691,2087,8,11.684448,551
1767,1931,10,6.831308,527
81,1063,15,0.081944,978
1713,1970,20,13.385457,388
512,32,8,8.914029,1013
750,2257,18,19.981768,600
1775,2122,8,15.754406,887
815,480,17,18.625165,1129
2224,1134,6,18.809756,262
2077,230,6,13.987875,139
746,1263,14,13.464558,564
939,2421,19,19.539662,407
1242,1652,17,1.509193,336
960,790,16,5.161138,737
2346,2415,10,12.849231,1046
1697,1242,6,3.428793,719
124,704,14,17.516296,643
524,719,13,3.914293,1105
1338,474,16,11.850308,528
1874,1642,16,8.118375,1027
2329,1806,12,14.129270,605
285,1132,17,13.126699,347
879,445,16,4.172624,864
799,1903,12,17.647661,844
1454,269,7,6.909838,701
1625,1317,11,9.872088,1141
941,1402,20,2.543467,153
2044,1502,16,8.798264,237
1320,691,20,5.731870,697
2161,2416,6,17.587786,511
1743,1023,14,0.484721,705
1210,2021,17,4.399873,799
1744,1501,14,8.664868,354
1001,122,13,15.204655,134
435,2462,17,4.224114,555
1613,2363,20,3.351672,1002
275,2012,7,13.455206,1066
2072,970,10,5.689763,920
703,1242,19,20.387031,453
2496,309,5,12.443931,501
510,164,6,18.122917,446
502,2374,12,19.945861,115
968,1981,20,17.620670,233
715,2110,7,16.153712,647
1693,2406,5,1.077002,994
73,734,10,12.240820,345
315,592,7,7.740002,805
991,1407,20,15.676127,697
1166,289,6,15.081420,116
372,1924,19,18.288727,392
1735,1961,14,19.969907,413
1907,2072,5,10.455265,125
1579,1845,18,5.014509,851
1201,2104,15,1.877784,550
2333,1973,17,11.141385,790
1422,2371,8,20.462566,1052
1101,100,17,7.255540,390
6,2376,16,4.636531,1054
199,1153,18,6.113708,144
1625,1514,16,11.330817,191
1137,1825,19,0.124832,880
1543,1022,20,8.868843,1148
1724,2365,17,16.681390,284
912,2107,18,20.198965,610
1696,154,13,8.910853,1078
2095,1711,6,14.479498,536
1164,1509,13,3.445458,1128
277,1708,6,9.362959,1132
2156,1847,15,0.968792,700
594,1715,13,2.107163,110
340,850,9,16.566155,449
2473,1499,7,10.340218,656
2340,804,16,1.808275,593
2198,591,6,3.618383,529
2268,2094,17,16.165349,213
1318,369,16,8.305745,244
2198,2349,8,17.450524,775
2131,2495,12,1.434164,536
1498,1569,18,17.981156,783
1195,2482,14,2.996813,554
1472,774,16,16.298959,843
393,2033,12,13.728385,154
1656,1005,20,5.096445,293
390,425,16,10.238673,694
1077,983,7,18.807978,733
1546,1017,10,13.028221,774
256,1798,13,2.143555,598
424,1981,14,17.778560,734
2077,1363,17,2.986816,427
1308,635,16,4.832646,410
1988,1572,19,10.241487,1135
2149,1769,6,15.416708,232
111,1262,17,20.488649,750
940,2476,12,9.619640,557
483,2430,14,16.798618,407
1484,334,9,20.071966,185
415,563,5,3.832862,566
2329,1220,17,9.218406,245
1537,1986,13,14.195983,800
850,331,5,14.109960,971
396,418,15,18.263373,350
1875,662,13,2.156555,240
172,1206,19,11.340968,611
1668,1866,7,3.887959,848
1120,2403,12,4.762897,149
533,304,19,7.052097,722
1984,759,16,18.277799,980
448,2223,10,3.382551,476
369,1351,8,2.154693,220
1663,2021,16,0.301022,274
1233,1772,18,10.370038,597
2460,258,16,11.609668,554
1396,2298,5,14.565957,644
1359,1168,9,3.230299,558
1150,389,15,10.249546,515
568,938,14,5.955264,134
1120,2144,10,18.403093,488
2403,2056,10,16.841883,111
1968,1271,12,10.586144,298
492,1305,7,10.573509,791
358,101,7,3.962742,1196
1793,1253,13,13.615431,1115
1916,384,13,6.775511,809
997,581,7,2.359424,137
366,1802,17,11.158606,622
1156,1169,9,10.554821,107
1627,148,17,4.352618,1057
65,61,7,11.484144,736
1496,2467,8,5.853027,1033
1446,1447,19,6.719106,1178
1581,299,12,16.025012,399
2443,1875,15,2.786537,1080
721,2272,16,15.662774,589
2348,723,6,9.371436,944
730,1102,14,13.615223,804
412,742,16,6.670072,255
1783,480,11,10.075599,699
881,42,8,0.921372,772
1947,1691,6,8.842019,1087
2192,636,16,4.792467,283
2090,454,20,15.336150,348
379,841,15,9.790322,981
949,2412,19,7.183324,410
2346,644,19,2.780731,215
1520,1647,14,8.055465,349
625,1939,10,9.624551,1128
592,1654,13,2.671058,658
452,749,6,16.268800,1151
1712,1073,9,11.871382,292
1208,1798,5,12.095820,139
878,2208,20,16.093577,1133
2456,2031,15,17.692105,872
2434,232,19,11.929722,552
2048,1726,16,20.092823,1062
1674,883,16,8.611060,219
181,1956,6,3.266328,733
1635,948,7,5.451893,314
1526,1085,15,10.023963,413
1873,1791,17,8.219154,648
966,2461,17,10.008703,1134
798,2018,6,2.201862,878
1663,806,6,3.194421,143
2278,156,10,2.221937,673
557,2094,14,0.959709,920
679,483,9,11.934154,397
2293,2213,6,2.460686,939
435,1970,12,3.051959,441
120,2057,14,10.213229,1047
1721,100,14,18.691124,1193
1167,1909,19,14.575467,1127
1498,646,11,7.757329,867
2296,1793,12,8.455147,343
1702,2236,18,7.397800,146
875,2245,15,20.462526,229
1024,1820,12,10.680088,1099
2108,1982,14,15.261581,1018
2158,2113,19,14.146370,1071
1865,902,8,5.612331,957
946,215,9,8.155505,193
1787,2435,5,4.568424,1121
888,70,13,6.504073,347
1448,1850,16,12.762670,486
1073,1353,8,11.163463,413
1841,1749,9,4.177527,491
1636,258,13,7.394438,784
1496,2326,9,4.207565,265
1377,1738,10,6.799417,134
556,1414,13,20.296451,711
2316,799,13,9.360619,652
618,1024,15,6.539466,1149
1079,331,8,13.997961,689
1677,716,6,4.290611,371
1832,2014,17,5.444945,908
719,2191,8,0.742616,849
1741,57,10,7.518111,760
1952,970,12,0.420984,1104
1920,1388,20,4.217966,995
1740,1788,10,14.350187,954
1434,411,16,3.733491,776
2166,497,11,9.948577,287
1345,938,20,17.090862,675
2185,179,10,1.138817,549
1187,2099,19,17.310955,147
852,1660,16,20.278165,1020
1179,521,12,1.075847,629
2431,1679,10,9.722310,662
1571,1708,10,10.503172,1083
2291,1449,14,17.943104,746
2404,1770,6,17.625685,998
1278,1852,19,18.382447,775
1463,478,6,0.994104,406
367,300,6,4.275756,361
1905,1587,20,16.269932,251
2281,2064,10,13.106210,875
1211,2306,15,17.144871,153
1516,707,8,19.538125,1118
776,759,13,19.385818,202
1824,668,11,16.469918,237
1621,2034,14,8.997782,338
484,2129,18,19.228453,897
1503,978,16,12.238294,854
434,137,16,8.521981,1180
2366,2158,7,10.380874,1122
2485,1550,5,8.940348,345
1933,1067,20,2.128563,647
492,600,6,17.806881,266
2395,1892,19,9.836235,812
710,2449,13,3.231547,620
480,669,20,13.526433,661
1515,152,15,9.798429,112
2224,40,20,7.453632,332
2469,427,10,9.666768,1166
2134,1918,13,6.815190,754
1161,802,20,14.756171,862
2195,313,12,12.049824,946
2445,1829,11,16.140265,1175
728,744,10,9.305051,952
1129,563,10,19.617588,904
1870,563,19,15.422748,1130
1562,1720,6,11.165126,1042
1645,1930,12,15.582816,1149
880,1449,12,9.805684,638
433,842,13,3.900595,735
1191,1635,15,16.390636,662
1834,847,7,1.976982,624
1859,2107,14,14.437587,218
2236,14,14,11.970894,583
1941,1450,8,0.368880,708
1471,2152,20,13.018113,207
685,935,8,12.555705,1090
1019,1013,5,19.957316,1063
2301,2417,13,18.245352,842
1441,1630,19,12.625601,1103
174,126,10,2.854382,1080
1271,2185,12,13.431596,479
783,1324,19,5.310583,547
2148,2039,14,7.363297,427
2272,392,15,19.978280,265
1097,1530,14,6.105625,271
2313,1699,15,20.000972,1033
1387,226,9,10.509469,871
1710,859,5,12.461712,1155
2250,2125,13,14.376800,1176
2339,2014,6,1.040633,1065
497,552,7,0.801402,192
319,487,8,18.612502,774
1865,330,13,0.496899,910
462,2336,16,0.583115,1051
1870,2388,9,2.862513,819
1070,2457,13,1.545110,436
1808,1623,19,17.172348,1065
1113,2085,16,12.441607,185
471,962,13,4.732515,294
689,852,6,16.958324,237
2175,261,10,3.296889,1090
729,1491,5,8.014877,1042
320,291,15,16.969547,461
1962,1746,8,9.607518,1109
328,2437,6,9.271942,322
917,1006,20,19.612557,479
476,76,18,16.143669,111
907,1283,19,20.184936,672
1433,1417,12,16.885528,736
76,1487,10,4.264171,451
1315,627,14,14.375983,863
1620,201,19,17.068907,940
2056,388,20,0.313394,956
2161,1152,14,0.333587,550
347,1842,14,11.974053,806
2442,2349,14,8.227236,143
1035,2467,15,13.839488,457
148,741,19,6.969722,269
1228,2165,7,3.220292,804
388,1552,12,19.385005,385
1279,726,6,11.431108,822
1583,20,17,12.234827,612
64,698,12,19.699113,990
1751,1500,10,18.773612,163
1924,2067,9,8.154949,255
1877,895,20,4.951379,651
1766,310,11,6.927395,725
1112,656,15,5.420583,864
1407,1885,18,2.700187,173
1256,970,17,16.220367,735
1155,328,6,6.884597,1010
2466,2225,9,4.834703,989
2002,303,16,7.911976,1038
2211,2016,5,7.692474,106
954,1013,20,6.507956,165
521,1633,14,18.162207,996
2494,2254,5,7.312621,636
268,2356,5,3.151868,1025
2133,773,14,18.233341,380
629,105,9,19.293869,1032
1699,1235,8,7.814716,918
1987,576,12,6.464681,712
2210,782,15,15.154281,1011
687,283,11,14.235280,210
943,891,10,2.999412,847
2332,443,9,18.828483,477
530,226,20,4.108634,326
2064,2183,18,3.008601,136
899,530,14,5.774926,615
1287,1500,17,3.053333,422
1182,2282,10,5.556570,1084
1777,2025,8,6.722345,1145
2263,985,15,19.962871,565
1110,1534,14,6.641857,932
859,915,9,19.833126,220
692,739,11,10.905492,403
2477,396,10,18.602802,694
1767,2151,20,16.511923,931
974,1554,13,20.284959,1177
2137,1016,15,15.268560,189
1887,1337,11,17.816128,1046
459,801,16,14.578282,746
1118,1983,20,0.360843,167
2397,376,19,17.692796,683
691,1634,7,18.988044,991
618,2078,19,8.960240,1071
513,227,14,19.119049,715
2371,1285,19,17.507515,774
386,513,11,13.561192,1043
2211,2242,12,6.200140,674
1516,1968,6,17.978092,912
492,2211,15,16.352040,1170
769,1284,6,12.028757,454
166,1932,6,4.588783,665
1199,501,12,14.864429,218
108,2015,19,18.371531,238
1024,757,8,8.760675,1003
1232,1692,11,18.079378,517
483,1431,6,13.485752,1147
992,2398,5,14.394293,988
465,1773,13,18.700615,153
1590,2378,12,10.003889,748
470,1705,12,7.558447,320
1646,2243,9,9.026046,1043
1580,1581,12,2.189398,221
1004,1483,19,15.024199,590
1326,956,16,13.791303,800
850,1116,14,8.889459,151
435,98,16,20.361228,174
2491,551,9,2.939049,784
1102,528,17,17.200443,1103
1765,445,8,1.246549,963
116,551,13,16.860811,667
1128,947,12,12.880456,213
436,2120,20,14.134220,803
1833,592,16,16.538133,1185
1319,2088,8,10.588026,137
1527,1567,9,13.360576,982
2371,1703,16,10.538989,325
2255,1245,14,14.697445,986
2468,1977,10,19.914188,125
216,1850,19,20.418447,1043
1267,2499,10,1.646381,682
463,1535,5,6.449861,974
1810,2108,20,0.036214,826
89,1263,15,8.379657,383
744,978,6,18.871346,683
1238,812,9,3.534113,1122
2232,1197,17,2.990450,546
1161,936,12,8.241393,137
728,2007,16,3.197480,193
1548,2000,18,16.092350,293
2046,1041,6,12.011659,1170
1923,1271,18,3.636102,1066
959,535,6,10.705432,1154
1489,1259,17,2.485504,982
1384,806,7,0.255543,944
2004,2387,10,12.763572,272
2080,1392,14,0.794533,946
2033,1665,19,5.875804,519
1230,2486,7,6.960919,429
1771,225,19,6.985071,242
293,149,20,12.864033,160
1,1836,13,2.339557,117
1517,906,12,0.836062,828
927,999,11,17.455564,483
1818,908,16,0.707785,861
153,236,14,12.515494,153
1417,1333,12,4.560951,498
2091,1471,10,13.356702,592
2487,118,14,5.390224,715
157,1419,16,17.875024,163
1382,1222,10,8.107480,1034
1610,1217,14,14.389618,695
1465,201,9,14.241724,484
121,1390,11,14.833291,1029
779,417,7,18.608964,893
988,933,19,10.016579,396
1307,1489,9,13.135138,280
830,668,16,7.339935,1183
1575,20,16,7.447937,496
2384,734,15,2.041199,1016
2086,2422,15,10.701811,809
2227,584,17,20.165269,719
859,722,15,13.155723,958
841,2443,18,20.392564,720
1866,749,11,13.542529,226
687,466,13,19.753863,1089
1903,2049,16,2.327119,265
207,91,17,2.333595,1022
1518,1973,16,5.417558,1031
122,1107,9,1.152039,852
134,1853,12,18.255460,277
1390,1320,14,20.248858,277
2451,1426,19,18.744689,386
649,710,16,19.313802,1167
792,1101,16,10.262747,732
505,837,10,14.148907,878
1308,855,8,3.948287,672
2232,1564,20,20.488041,197
1001,1676,16,13.676052,702
2217,1865,18,1.014275,141
271,1015,7,2.152216,1002
805,1616,17,6.708891,1194
1443,1946,9,13.879121,350
2045,2157,13,18.853031,282
1964,395,12,9.728789,129
963,1549,9,0.066044,1076
681,390,10,11.198843,740
514,829,6,2.367933,1166
1839,1349,12,4.520350,350
2007,1719,10,17.128186,824
309,63,10,10.587280,1175
296,1960,18,7.223700,674
2347,2260,6,4.527170,897
243,2336,15,2.701068,1158
2475,217,8,8.268304,687
518,335,20,10.094305,668
2027,1343,13,8.840352,868
224,1682,6,4.016183,496
2089,1801,17,10.356446,111
235,1781,13,6.894398,189
141,2484,15,14.552118,842
116,1641,19,19.292605,595
665,2482,11,2.213257,1020
20,1264,13,18.155576,514
22,1593,18,6.951880,822
2497,313,12,18.616869,592
865,1771,6,10.842662,1007
766,507,15,14.853538,410
1511,497,10,9.164576,634
702,816,8,17.753807,848
880,2331,15,7.245323,1022
1210,1403,5,17.539725,464
625,2336,6,1.341971,596
532,2183,9,13.338862,385
1445,107,6,19.328045,931
1185,1830,15,6.851902,635
2379,450,14,14.217361,559
1825,1535,12,20.257679,416
48,779,20,3.257227,577
2321,805,17,3.147433,441
2422,110,7,10.238377,1032
1406,1673,19,6.780997,504
1251,2228,15,8.547016,319
2151,6,9,2.269122,972
1678,2163,14,1.454229,621
1841,756,14,15.204374,749
1434,749,16,11.026651,1120
261,1738,8,13.721501,287
392,1993,16,11.298799,382
682,620,13,15.062855,148
337,1731,15,1.845451,263
222,378,9,20.232737,1085
730,324,12,15.484263,686
492,2037,13,6.289875,1114
2183,1460,14,14.302606,1064
1590,1637,14,11.951165,393
1442,321,16,5.257868,435
369,1621,17,19.590520,202
143,951,18,18.214181,448
1724,1252,10,2.581499,269
2229,2432,10,10.290696,910
1325,1326,14,9.209997,970
1934,1285,20,6.783712,1122
209,134,8,17.935397,615
2395,127,13,8.471723,834
1706,1086,13,8.569964,1081
1711,2005,16,8.975864,1111
22,1693,9,19.236762,397
2412,476,16,12.205260,656
2102,2260,13,8.195868,1130
1927,1205,20,12.749775,967
269,2212,13,8.950526,1050
1718,2377,18,2.698020,322
2372,1604,17,3.188375,270
408,35,7,17.940415,459
2401,182,14,0.427361,414
2252,1826,7,3.012352,649
116,892,8,6.010761,641
667,669,20,13.800160,1110
1342,1310,11,12.755068,929
1824,558,12,11.551577,1192
436,1908,17,6.285664,557
410,129,18,1.882616,256
247,505,15,19.548045,546
1219,627,5,0.845338,977
1823,783,11,10.925650,1006
2028,2351,12,19.453432,546
1473,117,14,14.116654,740
297,738,18,10.288594,658
1328,1568,10,14.079055,774
2025,115,8,6.402352,487
492,691,19,0.909560,595
998,602,14,11.663309,426
2310,2397,15,5.877749,454
88,72,7,15.729248,361
1436,38,9,4.347012,1165
2217,953,14,11.929764,277
992,1680,10,15.123672,569
1922,1120,12,0.070420,1197
1804,174,19,4.327232,741
1394,1225,18,11.479062,232
558,853,6,0.615853,692
1541,128,12,0.348242,1107
1213,578,11,7.725600,279
1961,612,12,3.966429,556
956,117,17,8.603258,229
942,2072,6,17.735197,936
2112,1157,18,20.014547,674
72,1869,6,18.359957,119
1811,830,19,14.223454,293
2132,2462,14,0.579746,1013
6,339,13,4.757975,220
430,2236,11,4.516681,238
476,1815,6,12.980425,809
1597,139,16,16.140210,215
945,2122,5,12.033257,574
1760,1289,7,13.605795,156
1911,2101,16,9.132830,286
1201,1850,18,8.463449,288
941,709,9,11.385060,343
593,768,14,1.387185,246
604,655,14,2.829544,322
1609,2402,8,2.941407,444
46,1926,18,12.039546,710
1177,1716,12,15.352681,215
2204,39,14,1.814672,864
364,1078,6,3.071128,141
1140,49,11,19.067665,346
1325,1452,12,6.856043,456
29,1888,17,11.192638,856
1616,2126,18,13.176890,247
1,1187,6,3.735076,862
399,1461,9,5.645266,767
83,1302,5,8.857394,500
1391,2175,7,2.930492,1187
1183,2067,16,6.922234,148
21,70,14,4.229854,170
2052,993,6,2.704598,784
2235,2416,8,11.903638,646
60,521,8,7.268729,526
692,1052,10,0.452984,995
1311,1194,9,19.052702,1102
1151,2321,5,2.497931,490
1246,1778,13,2.281317,489
26,1424,19,17.009973,890
1519,1501,18,3.409380,489
275,781,18,14.846783,469
2342,1949,8,13.318844,468
1403,515,18,17.643645,303
1744,21,11,10.537347,968
887,468,11,12.884698,879
2012,450,12,20.357886,620
1521,1799,10,17.403444,472
225,84,20,3.246116,755
2312,2157,7,6.842885,1119
1672,267,14,17.666958,754
1727,1862,16,19.507599,1078
1375,129,13,5.698954,699
202,2322,7,11.506210,1089
2131,80,15,6.940233,738
1835,314,8,8.754727,1132
1154,2054,11,13.065589,594
1570,2031,19,14.600905,215
276,763,10,17.513084,351
1475,2266,19,16.656071,671
2368,2433,12,6.301914,1126
978,1266,8,4.331661,382
275,1705,8,4.737740,868
2105,1936,5,9.244919,120
1948,1615,8,18.823464,446
2192,1714,15,3.043976,840
1641,646,15,14.142761,1147
2350,1819,10,4.473384,882
1429,896,7,5.116995,702
1916,1767,11,3.182276,1121
834,1245,16,9.902541,356
1527,823,12,5.365786,1184
2374,996,13,13.558640,1084
1178,1867,10,4.594331,855
2077,232,19,16.330467,760
1575,920,13,18.682219,385
1383,2020,18,9.476014,683
869,2002,13,7.617832,219
2114,1827,19,9.275050,307
1196,251,6,16.223129,578
1468,795,5,10.685673,847
2044,615,17,8.207747,757
860,1934,11,8.885819,617
939,2482,10,5.464031,337
2253,1542,12,19.816139,339
2345,945,10,11.407547,1168
280,863,20,16.379232,1014
1034,561,12,19.879419,815
1557,2348,18,12.472443,254
72,1726,12,12.803393,954
899,2029,13,16.222113,521
1693,1794,10,11.538234,1172
261,958,11,16.851489,314
825,1468,17,1.922008,789
2132,358,6,1.880583,1108
2212,882,17,3.532075,866
403,78,14,19.125955,846
2069,2045,10,0.578259,1143
2337,913,13,17.649261,924
1082,222,12,9.275851,446
1669,1333,17,18.766743,455
369,1612,20,18.588159,362
968,248,9,1.384853,716
1805,772,11,10.824430,1122
1468,1421,15,7.248691,1195
641,1726,8,7.771928,332
2221,1839,12,8.814986,1150
1186,1627,16,12.181980,397
1188,2052,6,9.024389,534
2370,1834,18,8.025893,1182
431,832,10,9.415581,753
779,1622,11,19.955735,1152
1283,2299,9,4.916492,792
2383,882,10,20.163861,1184
82,1811,17,13.874821,579
1200,598,20,12.515686,752
921,1493,19,10.910691,962
1523,2294,13,12.999478,604
27,78,19,8.139877,823
436,443,18,16.899884,965
1650,978,13,1.260205,1033
699,2433,7,1.559276,1059
1075,1860,5,19.504804,955
2104,1788,8,0.969482,697
1523,1668,20,15.728057,582
1519,1274,16,6.781774,930
1829,670,10,13.378753,793
107,24,17,1.170302,1172
2069,286,11,5.179196,391
2068,1272,12,20.043726,775
2431,734,7,19.066424,874
2197,2116,17,12.259973,630
2279,616,13,10.458440,589
1506,1949,15,1.726305,270
1040,312,7,2.467494,1097
1732,1145,20,3.768263,557
526,1392,15,9.950966,225
1837,779,16,0.671501,945
1350,2400,18,5.146384,448
162,1139,10,2.729317,588
552,1351,14,5.513717,321
112,469,6,13.583835,875
528,509,19,2.740694,204
364,367,7,2.130989,1196
388,540,9,1.530248,158
1935,685,15,6.134445,235
1203,623,19,7.260284,341
2099,624,15,14.190255,963
972,956,7,15.281577,690
116,1125,5,9.356289,631
147,549,20,5.268622,242
2098,1564,17,1.400967,161
1094,238,18,1.548017,1056
665,325,17,20.374805,907
945,1727,8,3.692213,810
112,1448,15,4.112976,321
1844,1994,13,13.617986,879
1702,1219,19,16.292821,396
1862,1539,16,5.246706,475
578,673,17,14.121420,100
1719,2002,13,10.507244,938
1887,1868,5,6.078337,870
1139,765,10,6.650754,1075
81,1660,11,1.897588,250
2208,195,7,15.096307,421
370,1390,17,6.361174,496
563,554,17,14.383968,643
503,713,11,4.354180,395
411,1039,11,11.322408,402
1173,676,5,14.291165,491
469,1558,18,4.730986,716
1096,925,5,16.133342,517
12,1165,14,3.716297,1177
441,2407,17,18.653018,820
1098,1958,13,2.766643,520
1458,1826,15,8.554475,783
2179,781,8,13.244210,693
2233,222,5,1.921795,1181
237,1174,10,14.691195,588
1560,553,7,2.586974,1055
1525,1560,17,6.088951,477
2014,1003,19,16.192402,115
717,447,19,16.178120,285
2398,1052,17,8.890458,519
647,600,18,15.321631,1042
2129,1135,11,16.113657,454
500,1331,18,2.168163,641
1456,1627,9,17.751047,783
447,1309,19,15.803165,1050
67,2423,7,14.767749,362
268,1934,6,2.226510,523
1385,2379,17,14.081656,510
2026,1564,11,14.728942,1111
1022,2220,13,5.530881,440
169,1925,13,1.437424,841
1348,246,10,10.130460,654
378,270,20,19.153390,810
960,107,13,18.908962,108
223,955,11,8.806745,804
75,276,14,4.132671,590
1552,523,7,5.521168,398
310,108,19,9.051954,1153
584,23,12,12.533341,479
1885,1850,7,14.803059,741
1348,2031,19,17.054409,914
1303,2438,16,8.801757,213
757,2358,13,12.842374,1029
951,2494,9,0.297032,720
2166,544,19,7.318041,642
1106,2267,8,8.119364,968
1197,2182,18,19.275039,442
1572,1293,12,12.420130,1142
45,825,11,10.965054,615
1789,2493,15,19.380094,715
2289,751,6,11.412027,941
2038,754,12,18.435297,186
1735,78,16,2.219663,935
676,382,16,3.688505,302
451,580,7,13.265302,518
2027,2332,9,18.492199,1063
2424,1164,10,18.107886,218
225,2101,6,13.723286,1145
2052,2201,16,14.312983,924
1590,1526,11,4.969850,869
608,494,8,18.297198,251
59,489,11,10.635171,849
1076,1177,10,7.747129,665
752,2275,12,13.995030,247
1544,393,9,6.689670,144
1758,1710,9,2.203682,718
593,27,9,6.332124,349
2276,1265,16,11.538926,162
729,1631,5,10.136531,729
2335,1990,20,19.222507,219
580,536,17,8.214798,347
325,529,8,7.024241,728
1513,469,17,11.539848,929
302,1398,6,18.023487,106
254,2064,12,8.133469,756
882,646,12,19.764217,453
143,2355,18,17.737918,417
387,986,18,8.220401,618
2316,739,7,15.026363,418
1256,1363,14,15.542676,238
1478,816,17,4.809077,1046
158,1044,20,5.738279,591
178,1528,20,2.307835,515
362,361,14,18.842849,199
61,1517,16,7.319556,314
1328,2326,9,10.356647,409
2065,1060,9,10.309794,511
2275,1665,18,4.909591,1177
483,1437,12,16.789458,896
1240,603,18,2.571464,671
1357,36,10,5.522263,478
2241,735,19,6.932561,1021
790,1796,19,16.608481,452
953,326,19,16.584225,945
1025,1725,9,10.346651,194
5,161,5,16.150594,1098
192,81,12,10.308080,1093
898,40,5,9.638362,478
980,1499,12,7.945070,1097
2449,2153,13,2.771247,325
1681,1689,9,10.731811,365
1090,1508,7,5.561831,775
134,2009,13,16.040256,602
29,956,18,4.075620,689
2350,720,6,8.629618,200
37,688,16,10.002174,703
862,1374,20,20.113467,881
1341,1109,16,12.435338,981
502,1347,9,9.681736,921
1909,2154,14,5.110697,151
1062,806,9,9.638756,787
2109,899,16,14.169489,957
1450,44,13,18.099536,818
31,553,16,20.287258,439
746,623,11,10.178586,730
743,986,19,11.191881,943
2306,502,8,1.178026,1084
1679,1086,16,13.761774,890
216,686,17,9.631850,254
248,97,5,1.246666,778
576,1200,16,5.737008,641
1842,2313,12,1.611023,922
952,2352,7,10.321594,651
1106,1734,6,20.206973,716
79,546,18,6.099731,704
932,812,20,12.695243,145
2358,830,13,13.188394,769
1591,1521,6,19.058387,372
921,904,16,15.147851,1045
1327,1607,20,3.520475,1098
2268,1541,7,20.248076,503
1598,1907,18,4.476261,587
1104,1639,20,9.399959,997
2116,1390,12,6.414579,811
1779,249,10,1.057073,445
1545,1652,15,16.628290,1132
2018,112,11,17.750418,825
898,858,9,5.646806,1060
172,1134,19,3.516063,1117
1815,515,10,0.661387,940
2059,1493,9,19.351837,212
2108,2353,10,3.999327,315
737,1627,11,16.356608,202
315,2453,14,3.638798,741
1148,2031,12,10.381131,1082
2067,1458,16,19.738953,240
1297,1353,10,19.185831,656
892,2211,14,13.060904,966
358,953,15,1.218427,1051
1218,450,17,7.033053,944
37,2063,12,9.205799,361
244,2205,6,6.496473,1100
2435,2392,16,13.108146,901
1278,100,6,19.806872,381
1427,1042,14,10.631962,124
1063,883,8,8.070693,841
645,1807,10,1.796676,833
977,2401,18,12.230013,103
755,673,16,3.574124,250
519,1170,10,5.318521,919
1623,608,14,3.799145,1078
1389,1285,11,19.659174,133
1052,1968,15,3.144668,1074
583,2007,11,14.799785,992
1575,234,10,15.834927,486
1132,1150,7,15.543193,1052
1059,1204,13,8.032772,1150
2077,206,9,9.124095,386
1251,1125,8,10.720572,468
532,946,16,7.119710,602
1251,1458,17,10.107939,858
532,909,19,3.104934,843
354,2001,10,9.527125,457
1187,672,20,2.226559,1041
128,1937,14,10.148855,123
2478,2397,19,16.346831,979
2150,2274,17,5.518873,541
213,1547,20,16.123370,1157
371,578,5,18.068591,695
872,1469,15,17.491599,458
2057,751,13,6.977327,246
1040,1392,12,18.700624,570
621,1569,5,19.762418,137
1041,2393,19,10.770696,994
1644,1682,8,10.234079,904
1721,1276,17,17.712493,994
1214,2373,15,11.945930,1022
2366,1041,17,2.653329,538
620,1857,13,18.233068,209
507,843,16,12.846754,412
978,201,7,17.551669,562
1801,2306,15,18.441111,490
1674,1004,9,12.504097,610
859,2405,11,0.058890,1023
2109,980,6,9.703965,578
236,2393,11,6.599815,476
1119,1490,19,17.456043,868
1481,1843,5,12.703896,312
1604,722,19,6.602676,499
725,229,17,8.601234,939
1551,1242,16,6.228078,944
1740,2211,10,16.743151,1102
1412,788,9,2.824379,124
1205,1716,14,13.792933,651
1155,1112,6,10.549888,148
1537,476,16,12.084431,111
237,1529,17,14.658822,249
15,416,7,16.975649,1069
1843,1423,18,0.216893,445
459,200,16,2.011858,148
1712,1499,16,6.041298,420
1693,1957,17,13.177782,1074
2004,1287,6,11.077353,341
755,153,16,7.910289,449
2203,1472,18,3.821210,127
1607,1257,7,5.565577,883
2287,1750,5,15.862651,583
974,913,12,13.078660,343
1345,493,14,18.512234,1100
434,1438,11,5.342930,1125
1053,959,10,13.859786,1033
2089,1634,15,11.366936,1082
1331,2100,20,14.956871,968
1187,2028,11,6.786643,599
1549,799,18,3.216239,218
1187,1658,12,4.926499,134
1062,2485,12,19.430356,788
2418,1026,6,12.495507,675
1963,442,13,2.334849,809
1058,104,12,6.063832,245
963,1859,8,12.703291,372
119,435,17,14.948515,148
1424,2198,19,12.841751,1071
189,662,8,16.650766,255
2494,491,14,15.402441,344
1631,1572,15,3.050159,330
292,1990,10,13.213748,569
1435,2332,11,4.742514,856
1407,1164,8,18.024954,1058
848,1129,9,8.634052,831
966,282,10,0.831410,668
144,1985,15,9.951574,121
1041,1322,10,8.914230,1020
586,2247,5,14.516961,150
249,235,5,15.351220,910
1683,737,9,7.932790,127
124,7,12,7.485442,443
2142,112,9,11.345330,624
861,681,18,7.888542,228
1893,256,11,12.152252,595
1738,2463,10,2.574210,1060
502,291,16,4.945122,302
2066,112,11,1.628350,722
2307,621,12,17.585300,1170
167,1036,19,11.449495,670
2120,2294,10,11.028948,1091
1169,1325,17,5.809716,563
1137,596,11,18.763808,1026
521,958,12,4.297895,749
2450,1475,17,6.151793,424
1754,1216,15,16.265155,454
87,302,8,19.146689,964
1520,1201,20,4.548062,912
1039,803,18,11.647207,724
1993,1045,8,7.465961,1078
2188,84,14,7.733497,369
1351,1598,17,5.539137,616
2357,1248,7,12.945941,408
769,1799,14,20.121216,1021
82,920,16,13.066049,1070
1057,561,10,10.148424,787
220,1146,12,9.009397,861
2201,1925,14,6.034155,442
2139,262,9,10.124781,152
2495,2111,16,9.404077,1145
1728,1403,8,3.248505,919
1954,871,11,0.545373,402
1354,63,20,0.133705,1110
284,1900,16,11.656138,197
827,1715,13,7.906546,798
924,253,15,10.146882,106
1142,1219,16,9.439645,1018
2408,2242,6,7.666595,145
1813,692,18,4.132782,961
1614,1398,10,14.182559,865
529,1540,14,3.735728,757
662,1383,19,10.975330,623
1023,405,20,9.466703,909
256,1127,8,9.577653,1064
1351,1267,11,19.303082,252
470,1850,19,14.514870,527
2229,2337,16,2.346397,1158
1278,1619,8,9.493861,251
1707,83,8,11.822630,1088
1186,57,19,6.971002,247
2362,145,15,7.810021,263
2065,112,17,19.802529,370
1541,2351,14,3.120485,1149
1549,2130,6,10.480557,803
84,1447,16,10.627541,713
964,1185,7,8.746012,437
1636,773,19,3.569503,296
1842,1312,18,14.732441,503
1595,991,15,16.956492,668
2067,2464,13,12.406652,615
717,1473,18,10.488228,398
2375,578,13,16.730256,938
1036,440,20,12.463037,631
1433,1136,12,6.764967,415
1436,1042,9,18.698421,614
1918,1786,20,3.376414,829
1643,1666,19,10.454111,407
1906,1483,5,4.928708,158
1986,704,6,15.810975,868
894,1956,12,13.793849,251
152,228,18,13.562036,591
884,24,14,19.196996,668
392,406,14,8.559962,1115
154,220,6,14.779868,496
2418,169,19,8.702305,268
173,2497,13,17.348493,855
2088,394,8,0.133043,562
653,1564,15,7.497173,581
1452,1730,5,16.053323,406
1630,988,16,11.221648,1190
484,2235,6,14.415150,183
137,1917,12,0.937071,696
1087,1592,20,11.768142,295
845,1708,17,2.570564,113
489,1652,18,10.557249,832
1307,329,6,14.841938,863
1309,1290,7,1.671314,419
2496,1404,5,18.903488,293
2201,2435,12,11.027228,357
2446,1657,14,2.116251,990
719,24,19,1.441303,401
1298,260,10,12.560276,733
2197,679,10,1.034628,292
1404,905,18,18.660902,368
2484,81,16,7.659315,149
1506,426,12,3.213080,1194
2294,924,6,8.405008,1191
1600,1290,15,12.702566,868
42,2119,18,13.994550,103
2309,0,6,19.453510,505
2486,2344,12,1.162043,868
190,2395,13,0.296461,1127
2159,1622,9,20.343547,1123
1824,466,15,10.143754,420
1028,2357,17,13.143121,1182
786,2392,20,20.131987,370
297,2451,14,11.880706,1184
124,103,19,9.589019,143
1652,697,9,15.098844,1168
2271,1549,13,8.209093,641
1340,1109,13,0.398051,773
1498,1492,9,12.207401,925
1165,73,19,4.581365,534
1449,1638,12,17.641500,956
1234,1267,16,1.585990,983
1767,312,11,0.933595,758
908,873,18,5.853178,585
390,1489,9,18.740667,1115
2089,1772,18,14.202160,479
147,882,11,14.722010,774
129,276,5,2.989075,1067
2066,1945,19,16.405057,661
1390,1054,8,7.908501,460
143,1965,10,5.136902,108
1789,2281,18,16.453776,846
495,720,17,7.296227,522
477,1687,20,9.567258,400
2399,486,5,9.303132,469
2006,1158,17,7.004966,968
1245,1662,5,19.465330,335
453,62,17,3.369618,164
1675,68,5,12.450379,285
650,2321,20,4.458442,909
1082,884,18,18.347044,115
763,398,8,13.106364,362
99,1925,14,0.389956,941
1963,1943,10,11.793538,263
1265,2119,12,13.977725,613
1957,1403,19,18.123680,361
930,960,10,16.595676,778
839,1938,13,8.570289,1031
1370,2086,16,15.686375,958
1640,879,18,1.426961,409
1168,1023,6,5.869578,467
663,667,16,3.491719,195
2032,524,10,17.759412,547
1392,1802,8,12.117542,250
1830,2287,14,2.619952,836
1373,58,18,18.032947,1075
962,1257,18,9.917404,772
1893,1133,18,15.353939,147
1055,1028,14,3.673699,303
1810,1163,17,2.178654,417
2426,676,8,9.391398,531
1318,1840,20,12.783397,371
215,1846,17,0.863613,447
943,310,6,10.936669,1040
1768,1708,6,16.455128,886
154,2283,14,3.092675,214
550,554,14,13.516683,469
961,1931,9,12.740647,1135
1804,749,6,8.300180,473
709,1310,17,13.999761,1184
1119,1172,6,10.343997,117
482,598,17,0.423033,222
534,2047,8,8.764325,1014
1484,1992,15,17.723769,582
227,2471,8,2.410291,884
939,2264,19,17.756606,1088
156,2378,7,0.714967,741
40,2067,15,13.858949,657
1103,1906,20,17.253068,182
760,2208,19,7.082464,807
620,1863,14,19.896267,766
852,167,9,14.889302,693
2084,712,7,12.775542,1034
40,1347,5,0.999981,1153
778,688,19,6.470519,348
2468,800,9,11.124120,1061
1011,642,14,9.645994,675
1129,1154,6,14.617860,1019
1647,2409,16,15.669895,200
20,1835,11,2.995523,726
1404,1750,10,13.151153,1011
920,414,7,9.771009,666
1774,1001,17,0.024896,356
966,100,7,15.846374,510
1906,2052,12,16.014073,596
1806,99,11,18.861882,375
807,2309,15,12.954639,154
1334,19,17,16.815799,822
332,1269,20,9.653964,1095
535,110,15,4.783716,651
1595,1560,9,11.459319,778
1451,2249,13,8.303118,276
436,1778,19,4.014887,663
713,2432,6,18.131471,263
1032,506,19,7.387179,659
195,707,15,13.891423,766
2327,1735,7,11.993173,209
977,253,5,8.901551,303
1439,994,15,16.702683,852
382,923,18,9.269264,814
657,1351,16,13.381814,192
867,2159,7,4.195619,724
664,757,13,6.958082,337
1856,530,17,1.249647,157
521,360,12,14.686135,630
1546,1064,11,16.054645,863
1590,2155,5,3.042881,602
1192,1289,20,15.066153,755
1041,2062,5,6.674061,705
1703,842,13,4.720371,462
782,1271,12,1.354051,502
689,1991,15,5.978323,414
761,1565,19,9.788054,1019
704,722,11,3.972972,1048
2071,2116,14,3.153226,790
2086,726,13,13.705809,569
26,1512,20,0.714544,720
297,1756,17,3.512833,160
713,2429,12,4.858332,425
2282,1523,14,6.267091,720
2114,836,12,11.351835,902
2339,1988,8,18.365959,1066
298,355,7,4.905949,832
1605,2211,19,9.276419,235
561,96,11,0.349842,298
181,2195,6,7.982287,1130
923,431,16,15.739954,1148
1894,1701,18,14.690994,841
1032,447,14,19.811929,766
721,1047,19,3.389118,714
680,2314,8,10.422826,415
1537,907,13,3.655114,669
168,716,9,4.850735,1133
2239,796,8,5.277003,990
363,2498,15,2.298652,870
394,254,20,5.772073,430
489,815,19,6.021393,739
1742,1174,14,1.217683,1062
955,1349,20,14.953828,947
985,500,10,13.400760,416
768,1888,14,15.057367,459
2162,28,17,1.528595,206
1617,1622,16,16.403618,184
1399,1351,7,12.743066,349
1461,370,13,15.980059,679
2353,813,7,4.125940,993
1788,1088,14,7.759217,491
1367,2493,9,0.644660,1095
1797,2312,19,15.698446,364
1535,31,19,18.612460,870
478,1970,13,13.584088,849
1583,2288,9,4.969421,650
573,1789,15,11.992825,155
371,2419,7,18.511184,941
1242,372,15,14.373806,244
746,1719,8,15.998639,872
579,2,15,5.273692,1193
1338,39,16,2.662200,971
2451,1853,5,10.793660,792
1966,2237,8,0.921856,139
416,1220,11,18.569643,942
2374,1594,8,3.854803,988
115,701,7,10.953411,1062
1167,798,6,14.126658,344
2125,1844,14,9.571982,1021
649,2451,6,18.271984,702
2349,1726,18,5.525423,576
1181,2482,8,18.881451,956
1384,127,17,4.763522,614
269,1485,10,2.297017,1188
2033,1659,11,17.055290,931
727,342,11,17.560314,1167
2115,2376,18,16.537128,296
1249,2199,20,17.696250,1049
2269,479,10,4.999857,868
349,2126,12,14.250650,751
2124,1985,6,8.644328,902
832,1987,10,3.136890,103
619,1915,19,16.449385,980
2071,707,18,18.301917,485
617,717,12,7.763125,132
456,2190,6,5.482632,721
1221,1875,6,18.816849,567
76,2187,15,6.317768,1148
533,1289,5,7.210678,808
1239,547,7,10.335302,860
1477,1798,17,4.674346,538
2037,1656,11,2.907180,983
534,1781,9,14.107565,519
981,887,17,11.156092,978
1822,214,9,13.930774,229
1076,1363,17,8.533214,681
1826,2287,20,16.702093,617
77,1194,19,17.087432,295
1362,2455,5,13.817185,846
2495,784,14,6.689556,1012
2214,1175,19,19.789903,796
1518,290,12,8.611024,549
2384,1262,15,18.856504,341
379,154,9,0.021720,816
376,767,11,3.827417,665
497,2022,15,6.111306,942
611,1557,13,14.203859,414
1832,125,15,10.406998,1064
1441,1335,11,16.134223,800
493,2393,7,7.158997,1014
708,1460,18,5.246921,733
787,1168,8,5.005226,238
1006,407,10,10.734041,911
1911,527,15,18.681750,880
255,1280,19,17.529075,1055
364,266,9,6.005084,1112
1781,1071,14,10.641709,392
1171,640,15,6.915663,727
1373,1263,9,5.570445,133
1140,1564,20,7.878445,354
1688,1510,18,10.163654,493
173,2112,16,19.280442,319
2171,212,16,2.828712,408
1466,291,11,2.618513,592
679,793,11,12.147768,641
49,152,20,15.778809,384
486,233,20,18.406474,1050
1607,33,13,0.080669,527
1381,873,19,12.983812,424
379,1834,17,16.042735,237
1823,304,8,7.050963,340
1651,46,19,14.526699,1125
212,1511,16,18.818984,787
1169,2125,15,10.372761,567
2262,366,11,11.409569,827
64,1341,15,5.291551,221
2190,1509,5,18.916948,1111
385,1865,5,0.845967,1002
1718,1123,17,1.272185,891
368,1357,12,12.657785,728
2106,2002,12,19.446411,1174
1507,337,5,2.939066,709
1323,2377,6,6.307281,418
1179,1863,12,12.386092,242
402,2101,12,10.521333,1144
1194,1785,16,16.560288,233
563,1412,18,3.163061,1064
230,416,20,2.473257,969
2001,1076,10,15.175607,815
331,90,11,17.269700,860
2234,1756,11,20.390556,429
1400,1534,15,18.098622,1006
2101,2371,7,20.160785,591
1993,88,19,5.409391,163
1836,1481,9,4.005693,478
525,1152,17,5.849989,946
519,987,18,15.237141,1170
1062,308,12,13.035352,513
1739,1150,8,16.181299,194
418,130,14,20.321297,621
1942,2240,20,4.759414,482
1975,1779,16,10.156752,447
1346,1575,12,12.484887,105
463,2211,12,8.949095,970
1432,1217,13,10.963755,646
921,2106,13,11.006248,669
404,574,8,16.839671,675
104,1533,15,10.734812,1100
1431,1013,15,8.720253,216
2127,1880,14,7.949037,158
2011,1008,20,13.808922,955
1416,2086,7,9.758546,601
2102,739,5,2.437713,351
1156,2018,6,14.713006,404
473,1710,12,0.853121,551
179,1509,13,1.262155,303
307,833,18,17.208997,123
123,1864,10,2.348377,1041
762,1403,15,18.949477,764
964,1659,6,7.060606,1128
1911,1365,8,16.030156,988
933,152,10,6.831438,607
1078,1697,20,10.612836,455
929,432,11,15.948930,187
941,1153,7,18.629799,468
593,2470,6,12.269888,341
1774,1854,6,4.084464,505
2005,1691,17,19.577670,768
1433,1421,19,7.388008,508
2323,790,7,6.394676,111
2472,2040,17,15.312244,433
86,614,16,18.156449,195
753,1224,12,6.782362,304
1047,191,6,4.412244,331
746,70,17,13.775893,1164
2297,2230,16,5.740749,1118
578,1355,10,1.408257,839
2210,500,10,0.231459,156
1657,1525,18,12.776403,609
1127,99,15,2.813654,695
2001,42,18,1.107272,361
1316,3,17,9.323787,593
2227,2262,10,17.832269,210
1655,782,17,9.782352,1043
2384,191,16,16.768585,307
1571,2410,16,10.984632,776
2121,857,9,2.761776,193
827,1279,11,8.799689,816
1971,1960,19,19.293858,862
1096,1150,10,5.298304,452
649,41,9,10.795049,856
1752,114,16,17.227398,987
110,474,11,15.587490,908
218,446,7,3.281999,1158
384,967,10,20.344779,789
580,2403,18,3.032119,707
425,104,12,6.804958,1144
1857,1705,12,2.271496,367
1807,470,5,11.791160,675
46,516,5,4.940043,613
1469,493,7,2.603842,830
2229,2271,16,15.550718,532
1546,1854,13,2.796535,1006
2396,288,11,1.861018,425
1431,283,17,19.952068,764
2088,848,18,18.157661,225
1136,2212,12,15.570833,406
2399,1036,6,11.164497,812
1060,1760,5,5.270882,276
1215,2204,10,14.332608,648
2077,2280,15,7.328212,1104
2078,2240,17,10.826959,302
4,528,10,5.482197,390
292,2142,20,11.615463,134
1589,2262,12,11.409080,293
555,1087,8,14.427512,311
1171,185,18,3.496666,466
582,1098,17,9.983267,508
1733,1778,17,13.820266,353
103,1637,10,11.619054,650
1201,159,9,17.793918,190
529,131,9,15.217632,535
67,442,14,17.565440,808
654,639,16,16.636028,730
735,497,6,3.566063,918
629,664,16,8.760545,371
1586,1542,11,9.050424,1066
2202,2058,15,7.108332,1111
1141,508,15,1.238740,730
1472,1815,9,9.114539,762
1309,245,8,5.692819,117
1977,297,11,5.208390,120
2374,2053,5,6.046058,1173
356,2412,13,4.018668,854
1231,598,6,16.012503,418
2359,860,5,15.652357,1025
246,285,12,1.760803,1018
1386,514,13,19.323012,509
2473,2463,5,13.416562,1151
317,2315,9,8.032078,906
993,1449,10,5.282771,786
1243,889,10,13.299067,1035
2224,2365,10,9.617079,552
2027,1428,13,4.621494,749
6,825,16,6.593770,1113
1416,2050,9,17.204900,470
162,831,14,13.720768,163
1774,1555,14,2.207996,371
2418,1730,20,7.540868,628
2062,125,10,12.886596,160
181,1596,9,3.752788,100
932,2129,9,6.349771,316
2087,1813,17,7.150387,520
1105,662,11,19.371958,973
2300,908,13,11.429933,1181
2017,884,13,3.815592,831
17,1598,19,9.790898,600
175,1364,20,3.120159,178
49,991,14,5.837435,403
1040,1421,19,12.671337,891
127,2275,12,0.416161,668
295,1245,17,3.251948,943
2415,398,8,18.561094,577
109,1144,8,13.586115,414
2286,2031,14,14.208150,1166
512,952,19,19.507673,544
1318,1,8,2.582794,444
577,1663,15,11.941001,501
1463,2150,17,2.660517,478
1082,420,12,18.188296,205
1939,2153,13,0.537221,857
545,1173,9,19.009806,145
1739,810,7,11.053429,544
515,1594,19,6.693256,698
1932,1782,20,17.455905,943
297,1416,20,17.800211,925
1360,913,11,6.245289,768
2148,1165,16,4.838389,746
1949,453,5,19.029441,396
1960,563,8,4.898026,532
1321,650,13,3.304789,782
1496,1161,15,2.708879,599
187,540,20,19.487905,169
548,1264,17,14.611014,1092
1430,997,7,19.733750,253
1197,1208,7,18.073638,785
1934,1343,14,14.784352,104
1437,1134,15,2.451398,1158
519,36,18,9.482723,470
1522,726,14,18.365401,392
1891,439,14,15.939703,566
1488,2220,10,1.044063,308
942,1923,17,18.137273,542
1390,1230,10,18.105601,634
2182,2278,8,11.866270,919
873,301,8,17.406399,909
493,1633,14,6.733741,413
1950,2318,7,15.541846,993
279,1080,20,15.243888,1074
1386,1664,14,6.174491,775
1478,2341,17,2.462172,1174
33,995,19,11.333244,1184
2437,984,12,19.672662,1132
1236,2047,19,15.346095,1184
2392,698,6,12.701646,293
1311,329,7,7.169227,1114
289,405,19,12.174231,866
1731,687,16,3.975541,401
2458,55,11,17.202229,988
1780,1235,19,19.224170,777
1956,2060,5,19.736837,496
1122,566,13,3.391456,662
1730,2256,13,18.488237,871
2250,1940,11,16.572194,456
2198,1698,9,7.666265,480
815,1518,12,6.681677,1092
900,61,6,0.481050,409
972,697,6,15.411906,729
469,1559,15,11.802485,414
1540,141,10,8.284029,1162
484,1315,16,13.742545,140
1645,72,7,8.117194,940
804,2226,15,18.961646,887
186,2134,18,10.354834,607
2155,511,14,5.263283,964
124,601,8,6.901737,134
436,1870,7,3.295547,771
1475,1144,13,11.998375,527
2167,540,11,10.387287,446
1460,1388,8,3.032748,216
2308,352,8,2.644155,801
96,75,10,16.925292,1162
702,1295,6,3.520701,123
2239,1449,6,16.731735,542
751,2355,9,14.737465,418
1801,1357,19,6.968778,146
367,798,19,18.575836,405
1632,1279,8,12.010213,315
1261,2292,6,16.307819,621
2449,2291,17,2.270346,519
879,440,16,3.896925,935
230,550,10,13.844859,1026
372,76,20,5.271854,855
2000,975,16,10.464660,331
741,1224,20,17.040525,154
1601,348,15,2.889237,327
1793,27,11,17.332488,184
575,1026,18,4.687415,421
629,2279,18,7.874113,794
2155,1917,5,13.239760,710
395,2024,7,7.054167,725
1406,155,8,8.172192,160
1407,229,9,15.873398,664
1154,1407,15,10.005089,405
688,598,20,15.543922,418
1146,1625,5,15.030641,644
882,1804,6,1.697866,384
1086,1981,18,20.406040,140
1922,1678,6,0.237672,261
970,363,11,3.445220,736
956,100,10,19.619637,1150
1898,722,7,1.880081,926
852,1734,5,3.282608,369
298,1546,12,15.584675,962
783,940,9,15.968245,924
400,2029,14,17.514044,1149
1864,1674,10,8.171675,1042
227,208,6,14.681754,1120
2032,471,10,12.789876,1140
1123,1218,7,13.977409,750
511,1690,17,4.038874,169
2063,1816,19,6.038738,605
577,1541,5,2.170272,613
1403,1699,20,17.363293,886
2111,949,13,13.789763,115
937,1599,17,20.150347,900
2322,451,6,16.138477,362
2059,306,12,15.289057,172
938,1870,20,8.291411,644
2338,2300,11,9.052973,534
1032,2211,19,13.129214,506
824,92,19,14.630385,148
246,1600,6,0.030184,689
1087,1600,18,10.330436,874
1694,1517,12,6.613872,641
666,1962,17,18.378922,366
1936,2109,7,1.548095,254
268,1461,15,15.114947,899
2022,114,11,9.004557,990
2486,1035,10,3.134527,285
1515,1292,11,7.957856,304
2409,2448,9,5.732578,1153
1893,2332,16,4.045976,200
309,1926,14,14.154023,684
1812,2324,14,13.670909,656
1249,2321,7,6.897001,400
1365,2220,17,16.775800,152
116,2405,10,10.995933,1162
2424,554,19,3.428849,257
961,2110,16,11.179836,686
1238,2139,17,10.946056,217
2414,1400,7,17.543820,935
2290,103,13,4.265730,796
463,1801,17,9.769663,508
1809,1428,20,8.395041,863
2180,443,19,0.849787,589
18,1497,13,18.072370,672
1288,577,12,4.911473,918
843,589,17,17.829565,415
2011,2021,7,13.539007,1173
105,1974,15,5.315997,819
134,2402,17,6.617561,848
1635,2171,18,10.245003,289
2313,930,8,15.812873,394
537,2426,20,18.570147,650
476,483,7,4.253095,699
861,1306,18,12.234143,276
1022,2190,8,19.957318,654
1298,2486,18,16.937669,767
872,2047,15,0.833890,414
2394,258,15,7.732653,948
2173,1932,13,13.644872,1171
1563,1676,12,19.085440,964
464,492,5,13.250974,716
1267,754,19,1.301827,200
358,1422,6,1.767166,305
2197,1594,6,3.806153,1167
594,782,15,5.983033,671
1238,1852,20,2.000149,523
2234,654,11,2.248141,529
83,63,17,1.931224,716
418,1662,10,1.315345,386
958,1530,5,2.264945,523
30,88,18,0.422575,604
1821,189,17,4.361945,1140
2212,744,19,20.242897,160
1941,1426,13,12.549160,1058
39,1810,5,4.468763,529
2108,803,19,4.076294,1100
1659,1460,19,4.248399,460
688,1997,16,11.003155,772
823,1215,12,6.411359,135
1738,1323,7,10.149352,811
1307,2167,6,2.782003,138
0,2118,20,17.118122,944
1112,906,6,8.885682,774
931,910,12,10.663220,841
564,859,14,16.078018,452
985,1979,15,3.490900,664
1325,1964,18,14.783861,524
1404,1401,15,6.500144,604
594,1521,9,11.754608,476
1627,510,14,9.544529,1135
1652,1981,8,17.992384,390
1782,1356,18,2.247130,1110
700,2153,10,0.349220,615
1503,1338,5,19.111642,796
714,1668,9,14.756699,680
2203,1401,17,7.776977,803
808,232,8,3.250640,254
1183,1965,9,11.918769,772
1601,527,7,11.941318,1197
1358,2022,19,9.922181,293
2185,331,15,6.034966,914
2349,942,11,20.278276,615
215,2231,9,1.120502,792
1282,1553,5,2.742222,972
1677,2459,8,10.538996,992
316,1343,9,9.124448,433
1062,1053,9,4.359396,1022
435,2343,7,4.970281,751
278,257,12,17.009895,253
549,2180,9,3.374628,631
1520,1746,6,20.164264,879
557,504,11,10.404048,373
2436,1701,9,19.842088,1034
2158,669,16,12.386991,241
1629,1702,16,2.975751,639
2287,1359,19,15.913501,140
1056,2013,5,1.986446,1095
2087,1126,18,5.642431,323
161,1578,10,6.358955,103
1830,760,19,15.043110,877
1846,1386,19,20.407476,1166
2469,1662,13,0.269852,402
2295,1950,8,6.249317,841
90,511,7,3.912457,740
402,589,14,17.056639,144
558,1200,7,10.058777,187
349,1364,12,8.420268,363
1360,2372,7,18.455251,191
865,902,20,4.446151,831
1982,2140,8,2.205218,638
2342,1634,20,0.580172,540
1185,1163,18,18.790033,129
862,1415,10,0.295036,1172
1197,328,6,5.946551,723
833,2439,11,7.671579,548
1974,2277,6,5.378925,835
2087,1069,20,19.858359,851
1964,837,20,13.760738,290
2428,1049,15,4.977785,328
2241,1365,20,19.641876,771
1829,527,20,1.500176,1055
1733,1694,8,9.308169,466
370,534,15,10.727193,855
61,2257,6,12.113200,955
1414,2427,20,12.701165,615
2022,601,15,0.966805,463
544,1468,18,1.386333,1106
2161,241,17,9.297107,548
2187,2113,15,14.641099,742
996,1396,5,6.752549,254
449,2360,8,10.205597,148
2146,1149,13,18.217371,279
1254,431,12,19.806806,928
1271,160,6,6.069592,1124
2019,718,12,5.108594,728
1961,1491,11,15.713397,170
458,2210,14,16.031269,668
2470,2343,11,10.685312,919
1082,554,18,17.346866,289
1449,1958,8,10.484244,582
146,1268,20,14.472804,409
542,524,8,20.250799,247
2144,2155,15,9.663179,219
300,2012,12,2.895089,930
1259,177,20,6.394288,239
790,2140,8,0.391791,444
700,397,10,8.819145,549
10,2022,6,19.741891,890
214,363,7,11.653493,258
2346,1238,11,9.371608,523
2452,1580,19,17.618917,325
213,636,20,2.266621,1149
856,2441,6,15.907990,466
504,1796,17,3.866358,1189
649,515,12,17.461328,1082
1353,1608,18,12.400879,497
1060,156,15,10.711542,152
1279,220,10,13.457961,467
2276,474,20,5.165575,1043
2212,323,16,19.416508,794
1,1236,10,2.291347,1155
2345,340,8,2.817599,304
599,1946,15,10.657245,1175
1017,782,16,6.129432,907
1706,1425,17,12.516707,1076
786,253,17,11.749866,918
2159,835,13,6.187152,260
1057,1448,10,10.393746,783
1218,1332,16,17.883458,369
394,2344,14,2.665802,932
1971,393,15,16.454093,270
2466,1321,11,2.050618,356
533,1207,14,3.362622,205
85,168,15,20.081271,662
1201,2243,14,8.404831,234
1639,1469,13,9.539209,712
1876,79,17,11.921808,809
2013,958,9,10.678868,1119
923,147,11,5.972973,679
182,1750,8,20.410702,383
274,2334,16,8.168554,134
588,2322,20,0.295159,478
1452,1529,15,17.516466,1111
804,688,16,13.415146,1027
508,2045,10,12.281673,1056
2364,1983,15,13.848112,432
713,756,19,3.031294,109
431,1415,6,19.789544,305
333,1008,12,5.204633,398
2313,2260,19,2.721863,1175
383,2426,19,16.468124,516
2060,2363,13,17.074270,188
2143,779,19,16.700688,285
1833,2200,13,4.481022,965
2000,433,8,5.144700,1029
2015,379,6,4.056499,562
2205,1055,20,18.540136,452
521,1281,16,13.590669,633
970,388,8,13.689225,577
1099,2345,7,15.163948,638
1245,1579,8,14.622287,943
2172,444,10,1.006705,552
719,2036,12,15.265974,244
2293,1451,9,16.565880,1014
1876,230,13,0.259535,1188
2074,1341,5,1.787940,988
460,973,13,1.506318,793
818,1769,10,20.306090,750
374,1258,18,0.099715,1108
227,1422,14,11.117657,345
820,1093,6,13.811317,229
1210,1529,5,17.767254,130
1877,1060,20,0.234614,967
1874,2436,18,2.202681,109
1246,1968,6,10.373551,1080
1822,1500,17,16.821149,495
823,2365,14,0.000869,462
360,534,17,17.934640,276
93,1114,7,5.669630,623
1207,1300,11,4.431166,1058
324,2499,5,12.047762,443
1218,1848,18,11.608473,1168
139,1968,9,17.353523,537
1510,2352,16,6.909894,400
1558,2397,13,0.412549,1067
2411,1595,8,0.516671,258
419,907,18,14.678742,210
68,1456,8,16.580950,1026
2079,1926,16,8.670699,681
1006,30,20,8.402916,501
592,341,11,10.527502,946
1675,546,17,11.710701,626
2107,301,16,6.093504,496
1498,2168,8,16.510212,599
2165,1243,9,10.228453,239
1363,1131,8,3.816307,519
1873,731,18,10.817463,1059
1746,1645,15,9.448359,574
911,1931,13,11.557933,867
252,2490,8,2.089260,1150
1216,1977,12,1.170143,1197
2268,825,8,2.035614,898
1862,372,18,1.043675,471
554,1978,9,10.295958,1086
407,765,5,0.710882,105
391,2033,10,14.201672,637
2463,1879,12,11.184614,417
949,1557,8,9.685400,314
545,1373,6,6.941671,1186
767,978,19,9.425085,725
1367,614,18,16.290795,831
2248,828,12,18.350804,667
2121,1056,18,4.577547,946
677,1629,11,9.034239,634
733,259,7,17.524081,109
794,636,8,0.696447,858
1065,1953,9,4.040635,684
659,2150,12,15.918801,954
1917,1874,7,8.362952,326
1217,1496,17,0.546474,266
947,1818,20,4.411511,1111
1216,1047,15,7.884620,863
913,619,16,19.231990,937
620,2084,18,10.680078,675
659,2086,15,0.243671,1190
2267,1025,8,12.272070,170
1543,2239,13,11.936936,726
371,1278,7,0.419831,1130
1569,1626,13,16.521286,1067
1126,107,11,1.539742,1067
238,1683,19,11.494167,1055
594,2339,18,11.690134,678
1636,735,6,18.264996,1120
1969,149,7,2.402833,355
2302,1097,10,3.199331,888
308,372,11,0.245360,884
2279,1686,14,18.259531,842
1580,234,10,0.664581,644
450,1681,9,0.176794,1145
2329,774,7,11.540203,1177
1920,1981,14,7.447568,1035
779,1100,12,2.201873,975
2426,438,19,4.452119,572
2262,2054,20,5.610763,943
336,1758,13,1.874902,257
1535,2243,17,10.542852,323
168,1023,14,7.403137,1168
319,1945,11,10.292302,773
1894,843,15,19.017515,353
2104,2141,18,13.204687,1054
835,1892,7,18.111581,1100
1950,533,20,8.697502,615
1136,242,8,7.537165,940
658,2437,17,6.041195,595
1519,2061,17,8.659208,1192
2144,865,16,11.772120,467
484,564,13,4.057819,271
2118,917,19,6.960611,380
1724,443,14,6.172951,695
40,956,19,8.935119,1083
1803,709,11,17.167003,465
1691,2463,20,7.345368,430
1821,1276,15,12.112773,808
1912,990,5,10.155081,199
1161,1310,17,13.442610,1104
1637,1625,12,11.587182,668
1751,386,20,11.856249,591
2473,514,7,15.031093,671
766,300,5,6.838501,558
649,1081,12,20.127566,257
942,423,5,17.826213,308
2007,1487,16,8.105223,960
734,2183,7,6.679982,836
981,1371,16,16.397752,529
1382,1168,12,3.190504,536
1728,1336,11,3.925419,979
1781,2242,10,9.679479,871
97,1555,19,3.969993,712
1093,2269,7,16.276365,1063
2372,670,7,1.537255,1001
304,459,10,15.110736,560
425,108,12,9.692355,681
953,822,13,12.109327,417
1714,824,16,1.377439,972
1746,1375,20,20.225288,168
1149,607,9,5.538218,991
561,1761,15,17.436178,730
465,510,19,0.046393,1005
629,383,12,13.305793,260
1730,2462,19,10.646396,842
2444,2095,8,10.980014,413
2121,1682,16,18.067201,706
1362,297,20,7.757340,757
2345,611,17,6.266574,1107
705,2146,19,17.987926,1007
337,1109,18,14.269646,900
2283,2428,14,0.702975,857
288,208,18,3.535101,902
2012,1045,16,0.329962,900
1285,379,20,15.196382,266
2430,260,19,1.221682,294
2187,2163,20,10.045401,765
299,1367,7,0.058472,325
1325,527,16,6.745830,541
2199,2123,14,19.152395,287
2292,713,18,1.238639,880
460,2198,8,6.289766,876
2398,2249,7,7.987191,1111
1981,2497,19,19.900976,220
1765,1393,14,16.958189,644
1812,1106,13,12.398783,767
1688,1375,19,19.504661,759
2310,1775,18,1.592332,802
10,1711,18,4.488376,238
1282,1113,19,5.921856,1043
632,1692,14,2.704704,314
1591,1126,17,17.822839,113
72,460,8,4.384804,978
0,1477,11,15.222121,628
798,468,8,8.409681,442
1241,408,7,19.074069,229
658,2392,20,18.992484,472
2349,1150,8,16.360162,1187
407,1706,12,7.971553,1146
2237,1175,20,15.703880,780
504,943,18,7.971424,201
2379,716,20,20.253436,239
1520,1713,17,19.817990,626
834,740,13,2.197923,806
270,1160,13,13.251361,1183
1405,693,9,2.975064,321
2059,461,8,8.465566,205
710,2212,11,17.205881,1027
2093,1306,14,10.668748,637
444,309,10,7.992832,385
227,1133,7,20.268643,1028
1254,1444,18,3.344588,401
2084,1294,8,9.598523,340
2406,1414,12,15.743144,439
783,896,14,6.740818,1077
392,1348,14,6.009042,120
1038,1396,9,16.355369,889
914,1882,11,6.919544,340
1654,1735,7,1.858270,1085
9,87,7,4.580664,593
2324,2391,15,15.258121,105
1085,1507,19,4.250086,460
214,1003,13,4.458127,563
2429,535,7,6.758797,538
953,2457,17,10.653285,776
141,1987,10,14.416185,771
2175,1639,17,18.051712,1070
573,395,12,11.690171,565
1603,2062,15,8.299577,110
2080,1082,19,12.086898,780
1712,1853,13,11.598769,662
2492,1938,16,0.735626,1057
339,117,16,0.692094,773
1825,123,19,18.943438,428
1639,653,14,9.350521,585
508,1135,19,1.324016,148
353,1868,16,2.647771,809
2356,2301,17,14.731617,898
1466,1425,10,19.787809,273
2439,247,6,16.193903,682
192,1498,9,3.223593,918
1699,899,17,10.865080,1095
1371,1728,11,0.082917,169
895,1486,7,4.348874,876
2418,148,6,6.595346,514
1570,2426,10,10.612649,805
1303,1497,10,7.921125,480
777,706,14,19.687792,902
1516,1525,6,17.008630,287
1228,1490,6,8.914750,429
443,136,12,2.778869,377
1103,781,6,0.036380,370
1313,596,8,13.718156,432
2152,1436,19,8.703141,1188
1651,2244,6,19.250220,993
2036,1902,6,2.309413,919
46,1064,7,3.380592,932
1486,1513,19,20.106384,379
2201,1956,15,13.739036,963
1189,1814,8,9.519169,737
2174,1165,9,10.519107,915
1941,1828,5,16.885759,757
579,179,15,11.141243,832
2292,524,11,11.177723,234
619,2329,17,3.350538,788
1726,613,8,4.644937,1106
806,2440,6,10.346171,188
1506,1720,15,18.205443,695
157,939,17,13.142275,1089
1088,1022,16,9.420902,965
1782,323,14,10.808818,604
381,1760,8,18.445583,752
1177,153,19,1.837024,386
2119,439,7,10.682272,512
727,2013,5,19.766687,825
124,2438,19,10.465597,744
795,2380,14,14.299410,879
1531,237,19,9.020973,632
2465,1302,16,11.725278,597
1647,1603,11,11.019821,1087
2109,1999,12,15.714069,587
316,538,12,19.746750,417
419,1498,12,19.584680,748
820,2415,15,11.425578,1154
1888,2172,6,18.538412,901
2357,505,6,20.089583,264
621,25,7,14.534355,1083
967,1350,10,20.159911,212
583,589,13,1.070798,946
1208,2301,10,16.126772,927
1411,1200,14,15.728901,613
1990,1727,11,17.218024,775
1977,2116,8,1.543430,838
514,1413,12,12.178102,499
1463,2055,12,4.059751,889
1625,904,14,3.779085,923
1941,2365,12,15.415109,112
2057,283,15,8.724563,205
619,503,11,7.982956,648
309,1849,18,13.679462,739
1834,1829,9,2.283774,871
1713,572,14,6.239501,547
2236,704,6,3.779454,1183
1100,453,9,17.078845,271
170,1738,13,5.351635,857
1157,163,17,1.850436,1038
2147,655,15,14.338636,1163
438,501,10,16.774824,553
418,195,11,13.036922,916
1765,480,13,11.150329,837
231,24,8,2.277840,362
1360,1982,20,14.391857,237
573,870,7,0.273904,449
1578,560,10,2.493284,422
1419,233,19,14.071294,394
2173,599,15,4.272419,574
720,2322,5,7.702990,783
2157,1446,7,6.678895,594
824,1875,14,2.629646,1143
981,374,12,4.813030,594
327,1938,18,17.122315,595
1365,1338,15,2.453996,908
807,955,10,20.458792,462
2316,2375,12,4.784966,830
48,942,16,3.059112,581
504,1870,5,17.447774,134
8,1956,15,4.197132,348
878,2137,17,2.735832,671
2134,542,12,11.049357,678
1977,1308,7,18.130493,1132
1922,1191,13,13.994013,434
1973,2299,8,18.412952,1100
351,1665,18,0.509599,1133
538,2241,12,13.502535,327
1925,1284,17,15.499883,1177
1502,1835,5,17.036865,1095
1286,2464,15,14.437064,437
1618,1897,10,5.901065,134
1506,302,16,3.659397,639
1904,828,19,16.892508,1024
238,1820,15,11.680676,662
296,1601,9,0.522168,1139
2397,1925,11,5.620753,485
1217,2408,19,2.514316,986
379,1559,7,11.444588,848
1584,1974,15,18.133693,653
1272,222,7,3.300644,578
1471,944,18,5.812320,679
1384,949,19,16.244325,698
1935,83,8,15.322651,995
1749,385,17,11.269267,835
434,155,18,12.249231,815
763,1830,14,6.585763,348
124,756,19,7.072725,759
126,1168,5,18.098336,254
1006,155,15,7.562330,603
1739,1904,12,13.684539,686
782,216,6,9.988185,852
2154,2063,17,11.701980,272
205,1150,6,3.086725,247
1686,2139,15,16.472841,831
2038,1283,15,1.155867,1122
963,602,19,16.656288,609
1118,139,14,4.650523,936
1422,855,15,9.875238,446
731,1783,8,1.368873,453
388,1178,12,5.647196,666
473,1474,13,4.988043,611
1847,36,19,0.123788,530
1341,2491,17,15.210140,991
883,1736,19,2.872581,129
906,1564,6,17.571980,675
840,1249,7,18.598464,809
1459,780,9,7.953237,906
1473,1546,7,0.096485,940
414,1191,13,11.863607,1092
1186,1492,12,2.673081,118
1436,2074,14,3.127164,657
1892,1036,13,19.089972,900
436,2092,20,8.869970,360
280,1008,12,16.904007,389
1016,1756,9,13.017422,690
1830,2348,18,17.375604,1066
1422,810,6,6.659015,601
860,387,8,16.469536,860
2140,2240,16,11.215242,719
2435,2253,15,13.278784,1188
2476,1125,7,1.929061,811
2068,2131,17,13.278456,811
1639,243,19,9.477112,532
910,2432,6,2.490367,492
1379,2237,16,20.374213,1141
1435,289,17,19.490631,1091
1493,491,6,17.922676,810
310,1795,17,5.388483,166
280,834,15,20.314282,334
1347,1177,16,6.929436,294
1529,1534,16,7.456907,371
490,378,18,2.172935,459
1816,2446,13,20.200352,800
2414,1755,19,18.208663,547
682,2151,20,11.915431,486
734,303,16,15.443741,1072
1112,1335,17,13.352348,875
1612,851,15,15.911843,562
73,911,13,11.765888,738
824,478,11,16.893528,384
484,487,16,15.858042,644
884,2280,16,20.083189,1147
392,2480,6,15.648067,580
1858,1623,17,4.279653,208
1498,836,8,9.751110,862
492,1084,11,13.379787,1061
1244,119,8,18.617488,386
1350,82,9,19.690206,892
2284,1878,17,19.065003,575
271,1162,16,13.669916,350
2018,952,6,13.494520,433
71,1028,16,20.310863,1144
2445,2254,9,12.245230,1115
1872,346,16,14.633059,1038
2292,1530,16,4.394216,348
903,1008,10,14.689365,899
533,326,14,17.855813,222
1276,2023,7,8.285264,519
1616,1881,5,8.461458,283
2308,2198,8,1.302815,1158
320,1185,5,6.012442,270
1879,2262,9,13.676291,190
1299,1414,13,11.261064,425
1457,798,10,17.063750,217
1539,1150,17,3.696277,273
1811,397,13,9.883715,456
272,1576,10,2.825476,374
1805,1054,8,5.595908,309
628,701,5,19.866030,564
1501,1504,17,14.459866,1165
1082,187,20,16.309258,809
1795,275,12,6.625868,325
988,51,19,5.837007,428
697,1027,15,19.985160,247
1390,815,9,10.568368,656
1182,1197,18,11.188800,325
1049,169,17,4.981005,151
430,1403,18,19.062792,324
1442,1785,12,10.752875,281
385,2125,18,7.031540,140
2199,435,9,5.990328,655
755,1913,9,12.174686,720
1284,1863,6,9.619134,521
2404,1323,8,7.118788,517
1197,297,5,19.996114,439
972,1232,9,9.258054,916
1517,673,7,5.345938,576
620,2032,7,15.012012,1165
250,711,8,5.876842,522
810,1370,17,17.474279,989
1267,2484,10,14.649813,340
432,537,10,12.522240,1165
716,1146,13,6.219141,292
2341,897,11,15.640304,774
1134,1408,20,19.548337,727
657,1941,12,1.040673,434
1311,1953,11,0.201427,907
1319,1673,13,8.901654,884
1469,2198,6,17.679723,281
809,1180,7,20.286100,600
1047,2046,20,13.803610,363
1170,653,16,4.019251,137
1891,1280,18,2.904373,1161
860,1166,9,6.095975,827
473,1763,14,11.236935,1060
316,471,15,9.262903,507
1771,1907,19,10.954744,382
1294,2170,7,3.505344,870
792,303,10,12.235762,1164
35,1105,15,17.565831,770
367,449,10,4.454690,760
417,1458,11,16.909252,458
1130,959,7,2.608898,1010
1190,2238,20,1.481332,938
332,2055,15,16.630475,1099
141,1541,9,14.377632,361
52,1047,9,5.927911,650
1001,1896,18,12.383276,109
2196,1513,10,20.356752,1082
1055,488,18,9.204096,947
975,728,8,13.495783,505
2447,2291,9,11.378033,197
369,1035,19,18.463477,638
1213,1069,6,17.344183,1015
2110,76,5,1.191606,145
1355,2097,19,14.316562,832
1748,888,5,2.398688,1163
125,414,12,9.790109,285
846,2292,18,17.361959,496
752,722,20,7.160978,535
1750,658,14,11.168180,589
1991,234,16,12.456411,801
1268,1738,10,3.967039,684
748,848,19,1.062354,1056
605,1401,20,0.049690,961
1746,2265,19,12.897695,1168
365,780,10,19.330439,281
2123,2361,6,12.284219,523
1599,2182,11,16.844232,403
2290,753,9,2.789682,843
301,128,12,10.799599,320
1455,1650,18,19.392602,124
1836,726,10,0.849292,945
825,596,14,3.598860,307
1304,1009,16,4.135693,981
2365,482,14,3.527184,265
677,137,8,10.402576,110
504,2001,12,12.838172,147
1339,501,18,6.583375,281
977,270,17,10.930636,454
1879,1582,14,6.922802,635
2417,975,10,0.818400,964
577,1892,11,10.036586,657
1150,145,5,13.465988,479
971,1904,10,14.834438,294
1308,1780,16,12.201816,396
55,632,11,14.671359,159
1694,1003,15,12.345116,662
1138,1445,10,13.082762,489
2082,217,11,16.190481,258
2298,147,8,8.263151,213
389,1815,15,10.735930,108
1431,410,14,0.934190,1104
1486,744,15,7.531688,804
53,805,14,10.941771,789
1188,649,18,12.099851,649
1194,1075,8,5.186327,145
471,2262,11,11.545301,425
146,409,13,16.786014,406
2149,1126,8,4.098601,579
1155,733,20,1.333590,680
1953,1977,13,3.496412,1050
2173,497,6,18.759892,481
2212,611,10,7.656491,1155
2145,2279,12,6.307564,704
1396,2122,16,16.483691,891
1912,1273,14,11.094745,531
1043,1574,10,4.780670,571
1291,844,6,18.425945,413
239,2120,15,19.331448,458
1245,258,13,9.869592,287
89,2226,8,14.006191,301
1705,282,19,5.511353,979
1291,91,8,8.877522,436
2310,325,19,16.398090,522
912,2280,15,20.109354,430
2414,1596,15,18.058269,862
2335,1711,15,11.962064,1089
296,464,7,13.079823,1067
1334,270,18,14.151016,993
640,670,16,15.739705,442
807,1261,6,4.383571,303
898,1982,18,6.254221,968
812,649,12,12.291366,778
848,2093,15,13.187098,1143
571,1309,16,20.441247,397
1363,471,18,10.028563,732
10,2458,15,5.264536,763
2290,350,19,17.488233,304
2439,412,5,16.721295,735
1991,2361,14,6.491890,151
1385,399,8,4.833211,976
1270,1259,20,17.230192,813
500,61,9,2.514371,1027
72,410,18,10.004808,580
1751,7,17,0.780124,546
640,734,20,10.194672,241
1557,523,19,19.346232,433
405,835,11,13.430142,794
1569,307,19,13.431646,965
1088,1018,12,3.023128,839
1809,937,15,13.984112,628
2152,86,14,3.541108,950
1392,900,5,19.671013,340
2467,392,20,14.366227,996
1275,981,5,1.948719,440
868,1783,13,14.834978,642
1184,2039,5,14.152989,934
860,241,14,11.350066,774
86,144,15,13.071064,746
2047,786,12,2.379216,861
2306,1599,11,13.555969,728
1682,1888,18,10.001872,182
1834,305,14,13.742824,528
127,1205,10,18.127082,735
1892,778,18,11.334892,612
327,1182,14,19.547354,608
2188,420,11,16.955059,482
1834,2330,12,14.121937,499
548,686,15,4.849566,473
1973,835,19,3.182503,748
1049,2488,10,4.021426,308
760,1870,7,2.376053,872
210,999,14,1.712967,697
1750,494,11,16.463580,990
1219,1099,14,10.675212,678
2492,1376,11,1.470443,493
249,744,6,0.116080,149
693,1425,17,2.975994,493
468,337,6,18.509787,734
2080,615,16,17.724635,408
2453,251,7,2.369711,109
2159,2400,16,19.193108,1162
572,706,9,4.202773,220
1142,1156,19,16.895473,911
2493,38,5,11.265763,186
237,11,9,11.298688,1187
1449,1399,9,15.248723,775
2398,529,5,19.177232,923
2011,2071,5,1.969668,193
2342,1442,7,9.673034,592
925,1215,9,12.797996,301
135,408,14,1.881815,527
1278,67,11,3.491001,921
1893,851,12,3.768846,570
1968,1701,9,6.419177,771
60,1549,10,6.510953,742
1993,1589,16,0.690120,776
1960,1041,13,15.276015,396
1491,291,18,18.474271,1188
2176,1160,14,0.970000,185
1374,1485,5,18.783343,769
358,1989,7,16.235692,294
1175,177,15,20.189759,956
1767,2167,19,16.562879,104
2220,739,12,13.455212,372
1977,1101,16,2.281488,603
384,526,10,15.931115,1004
33,2346,9,13.215562,899
848,1139,20,17.728462,444
957,2463,17,4.381450,1093
634,141,19,19.197983,898
289,2294,12,11.305751,107
318,1435,17,5.604964,1033
2419,1608,7,1.590064,617
964,457,16,0.950466,732
1345,1057,8,12.602036,863
82,2049,19,2.071797,657
1830,1767,19,9.673413,1195
1772,1969,14,13.125718,100
1898,1301,9,9.898234,1048
800,171,16,19.197823,867
1310,510,9,7.111538,146
2212,1783,9,10.014202,490
1953,2390,9,5.855460,235
2465,2072,15,8.119782,823
661,1477,15,19.819345,994
1343,1739,11,14.717134,534
680,44,17,14.429995,189
1979,2251,20,4.080231,448
2202,129,12,2.662349,954
1135,1284,7,11.949644,1099
1139,1753,12,8.640204,636
827,822,19,8.532550,520
394,2,20,8.113765,613
2149,707,18,11.264553,978
88,417,6,4.510280,257
1982,419,11,12.821363,622
298,1689,14,1.570007,279
1433,737,20,2.304626,545
1251,360,19,3.480974,1108
1216,881,11,14.571803,656
99,492,17,9.379500,1034
1301,2310,9,20.475191,324
849,1423,19,14.011616,346
2114,2110,12,15.564503,613
1695,1968,9,9.479448,950
1992,1643,6,4.695478,915
1511,745,11,16.492726,886
863,1800,5,10.616628,1065
1008,758,14,14.368846,711
33,65,9,1.849777,237
2422,2126,7,17.373625,247
2308,539,8,2.918313,839
1118,743,10,11.703482,529
930,2054,15,0.400948,902
2130,1414,5,3.642983,239
2345,1535,10,18.346402,773
154,1790,18,0.508558,498
1107,177,17,1.646948,1031
750,1384,17,16.772743,216
244,1120,12,2.022483,485
966,1834,19,12.946055,629
574,1676,11,10.995731,995
613,414,6,3.557474,680
1909,1215,11,16.559230,144
2342,956,9,14.512863,887
1194,2370,5,4.194863,446
1429,671,17,16.791089,645
1763,73,11,12.825761,274
306,507,19,18.364049,1168
1816,1656,9,2.717126,986
2184,708,7,16.528781,860
450,1261,16,9.488571,770
1532,2371,13,17.605677,391
2074,904,17,17.582928,1144
865,1161,15,14.742777,827
1842,2322,6,1.795495,618
2372,1540,14,18.517164,585
169,1475,15,19.899826,859
407,2130,18,4.743501,336
1672,2286,19,10.819047,492
598,2080,12,6.756755,1081
1506,809,7,1.986768,509
2308,185,12,17.010616,457
544,523,12,3.487963,680
94,2179,10,16.385880,781
2124,1174,7,13.411309,271
79,1325,18,19.735251,882
1019,173,12,16.265144,109
1334,1908,7,2.765431,1107
2206,1362,7,5.564315,896
1617,83,18,16.812612,501
2117,2203,16,18.840177,1032
1883,603,18,11.488981,845
1206,943,9,15.474314,330
1348,2057,16,17.812584,617
1736,1194,13,5.957090,626
793,2101,7,19.401499,413
1169,1322,15,4.210757,793
1465,2037,20,8.808607,345
97,1877,16,12.693088,278
1002,830,20,1.457624,654
2119,1124,14,4.605730,675
2487,2388,6,15.107581,624
975,2434,7,15.077407,631
1173,1100,20,10.142187,379
2046,2426,9,8.783337,825
2176,2111,14,0.912662,743
1987,1492,12,20.298876,973
693,810,5,20.167412,508
2211,1302,5,5.381891,542
748,251,16,5.112586,344
1990,329,14,8.732996,465
1582,1758,19,18.867771,496
1531,1018,15,13.424832,324
941,99,15,8.768282,1034
954,1901,20,12.489606,1181
499,2118,20,12.575112,1104
2214,1947,17,6.371247,988
2192,7,17,6.952403,722
2380,1622,13,12.535209,1078
1117,1363,16,2.919398,1014
2095,572,18,2.391218,100
2078,421,7,6.559612,467
2273,1980,19,11.286905,521
2195,1540,20,16.033574,731
198,1489,8,4.548735,698
110,1760,10,14.598840,775
1880,2193,17,0.540253,294
1689,1255,15,17.024126,152
1862,1580,18,3.795927,703
1655,2151,5,5.488971,1152
1074,1887,5,18.019806,946
844,1705,19,17.637683,510
1434,2495,10,15.646499,471
104,1308,8,4.282348,1184
131,1575,6,15.024345,176
102,106,19,13.846249,923
2427,1032,15,3.148987,1020
78,1393,8,15.466409,1179
1134,1302,19,16.237312,498
79,1277,12,17.101631,937
2167,924,18,0.931317,1190
1063,278,5,14.194904,924
1459,1924,15,7.902516,923
1478,130,13,7.835710,1086
827,1949,9,11.744357,1070
1119,1012,5,16.006382,1184
728,441,17,11.128418,260
1029,761,8,20.327129,857
362,1904,19,5.943427,646
682,1746,10,5.406865,469
477,1813,20,3.740298,578
1974,1812,10,12.129390,150
2254,1541,7,5.198502,456
760,395,12,14.201335,181
1605,2024,7,14.674785,1170
1214,1401,8,6.214305,556
361,1067,13,3.896559,855
2394,2426,17,15.498648,361
238,2006,13,5.531238,462
642,1875,12,5.129285,775
1100,376,11,9.596835,340
1442,2178,6,13.936972,728
1042,2099,13,5.389871,960
888,2235,13,18.729681,1018
721,1052,14,0.580130,765
635,1381,8,12.453694,892
2262,2388,12,14.162726,543
1007,540,19,6.545474,1015
850,2369,15,15.840611,291
852,582,9,13.421501,818
892,2349,20,4.472347,164
2195,1760,7,18.291977,328
169,737,20,0.415268,307
2295,1056,16,13.742063,629
1368,1373,11,5.743706,764
1731,2143,14,16.998724,149
1240,1137,9,7.220191,700
792,2376,9,3.768174,252
1951,1476,16,16.023050,629
1604,1091,9,4.177491,1130
53,1858,14,15.765348,290
1109,2045,15,3.599416,1194
1624,1975,7,1.106615,486
208,1231,5,10.121658,610
131,1988,6,4.285001,143
1812,1447,10,13.186540,484
2012,737,19,9.032084,720
1297,2254,7,5.012635,1056
580,704,15,2.445377,715
1905,1522,18,9.817765,641
2136,1796,12,6.567792,968
713,269,12,1.110712,217
2277,1215,10,5.966616,168
879,963,14,19.475681,784
653,1014,7,5.506602,667
1600,774,15,11.358386,186
569,2337,8,6.730599,453
1095,1511,20,13.859348,541
323,580,11,1.944992,820
111,147,14,12.966711,622
417,2395,18,14.193131,1160
765,2410,12,8.849018,468
770,1213,7,3.584413,879
1140,587,7,7.341958,453
1622,2418,17,7.946869,187
2348,2140,12,13.153274,357
929,781,18,13.309560,1100
1528,2331,13,6.711769,712
1529,1727,7,4.755575,522
282,31,20,2.688159,198
1475,1200,7,3.605569,784
672,2366,5,10.960500,548
1274,227,5,12.865472,586
127,1157,16,6.015165,585
508,1707,19,3.055406,209
1718,820,18,1.617821,358
271,2038,13,2.039353,740
310,2064,16,0.465263,203
1,1210,12,15.048392,924
305,1832,12,0.985881,764
1794,2185,19,3.066702,623
1452,686,20,1.062353,576
365,654,12,15.543402,548
1870,2331,12,13.017331,835
662,1416,5,5.215037,1069
399,1512,9,8.861047,343
1301,263,19,17.712111,592
1766,2259,5,7.051314,1068
2206,1664,5,7.551085,745
2075,1054,18,18.209298,277
1376,1884,6,9.473423,314
911,305,13,12.284993,547
1706,100,5,8.913909,255
1228,2311,7,11.074023,944
929,2088,15,18.222614,299
1056,2213,16,8.112721,1015
762,1343,16,7.602159,226
106,227,16,14.459060,1079
2173,1798,5,10.659588,686
1399,41,7,5.031270,717
2180,1245,6,15.660277,117
1217,2247,5,5.033778,138
1915,1877,19,4.706076,834
1712,416,9,10.257078,641
1526,1187,15,2.751156,321
409,2087,20,9.952776,193
1888,395,11,13.670512,1123
410,1987,11,14.551210,299
2319,1431,8,18.214945,112
2109,344,9,12.774368,189
1757,2176,16,17.136964,258
1717,1811,19,17.226498,636
2135,422,15,12.240434,470
557,1499,6,10.266786,847
1586,324,9,15.876888,1119
780,1901,13,9.131444,972
1594,1658,20,3.553859,311
909,1873,11,12.710657,506
269,1994,13,9.149028,953
511,835,18,5.928010,470
1630,827,6,13.889143,1158
68,1584,11,18.571064,561
294,198,16,15.354782,1079
485,8,13,5.283594,654
2059,1986,17,14.233618,753
683,1632,20,2.837077,651
75,2485,6,15.031147,419
380,645,11,16.890536,886
169,1239,8,9.519688,483
440,428,12,14.908852,573
692,1961,10,16.184115,488
142,2053,6,0.148119,465
1568,2494,15,18.103957,486
1149,211,17,17.549564,785
1501,1093,12,7.630459,905
1333,2172,10,15.852553,405
3,1014,15,8.419927,284
419,682,8,9.090273,510
1745,1065,10,3.613310,215
2229,1635,6,9.817802,604
49,793,19,6.115516,192
861,814,19,7.615855,439
779,604,16,11.318021,1145
2366,2154,7,0.996889,436
52,1963,14,15.173749,141
1969,44,18,12.072265,336
1157,1699,5,16.217484,848
1760,698,16,14.633773,693
44,2274,7,16.553157,447
460,644,16,4.336108,245
789,183,5,15.392339,730
1477,422,17,14.759718,1176
1697,44,12,9.722530,290
2442,1502,19,8.349884,1079
1009,1014,9,12.970688,255
1449,1812,7,14.923078,753
1497,1256,11,13.629031,388
522,1214,15,2.008737,791
610,629,9,15.278702,858
1441,2446,18,19.313076,292
530,1543,10,9.561506,741
594,1922,10,17.596930,300
982,1172,20,4.064649,250
1836,986,5,9.665656,135
434,2338,18,6.995259,732
1688,2057,16,3.194836,601
1081,169,12,10.013573,419
1655,1496,20,14.893071,1151
2337,1207,17,9.563767,963
775,2118,17,2.937147,1165
1669,1297,20,3.754441,1026
1499,2325,18,19.426494,157
404,2488,20,0.830046,414
1958,2497,5,16.269953,791
1413,1071,8,14.289422,202
1721,610,16,16.017419,228
1588,360,12,7.780697,912
273,2120,16,20.325803,220
2126,1561,8,5.842110,276
1514,2379,7,15.106967,510
763,483,20,9.053135,257
812,2336,9,2.340834,997
1362,2336,6,15.112255,608
877,272,18,12.722811,707
70,2061,7,10.173638,590
814,1221,14,15.173918,603
1632,33,5,2.057910,264
28,92,10,19.891489,875
1286,1932,7,5.280171,581
694,306,14,7.260904,213
1541,951,10,0.255022,864
1741,2210,16,12.833993,553
1354,2306,14,1.377664,729
1212,1925,13,18.338996,812
1430,925,20,3.540441,886
1994,1759,5,19.666071,1136
366,392,5,13.636846,737
1533,793,10,18.353259,167
1975,339,14,5.701148,1147
1758,509,8,9.767981,355
518,327,20,11.798640,672
241,1088,14,13.513269,810
1331,2018,12,6.190162,227
2069,2397,9,1.829683,446
84,2378,20,4.689996,1053
806,2181,7,12.092286,478
345,1114,15,19.001000,379
996,872,20,14.160750,184
1869,846,16,7.485863,769
2030,2356,14,1.345236,947
855,1691,14,19.483129,346
1699,251,8,16.232550,550
2466,1939,11,8.491091,415
1500,591,14,12.020624,419
447,290,17,18.856059,1017
1999,942,13,19.846684,112
1874,1738,15,8.800208,349
241,2070,6,13.963841,345
1371,1743,5,14.424523,176
1087,1845,20,8.211121,1119
2333,1322,16,14.113525,648
2018,1974,11,5.300296,941
233,1882,14,13.006338,294
2178,1932,5,8.592637,116
1890,29,16,17.100041,405
1068,2366,19,11.894409,860
2084,267,8,7.831342,216
384,1892,20,1.106347,700
2090,1791,12,2.680794,436
1166,1189,5,13.408790,1125
251,1175,12,1.414988,978
1196,283,15,12.989122,443
2334,564,6,18.300561,528
770,4,10,4.892722,1195
727,96,17,8.760536,969
2113,533,6,14.400568,137
694,598,8,7.949146,269
913,1898,16,16.995175,176
1240,550,15,1.510068,846
1202,1278,5,10.144529,231
574,1997,12,9.277817,701
1138,1204,10,1.138030,407
1226,1668,10,6.158801,506
1926,925,11,4.532040,227
1396,1946,12,10.819759,459
218,1623,16,10.407868,320
1718,1561,20,3.355688,329
439,265,5,3.456689,757
1533,2409,12,19.319323,264
1676,1681,8,0.816414,1007
2293,1346,8,5.799043,755
851,1331,15,16.470124,479
1863,1288,18,5.061934,529
1750,1017,20,3.813595,604
1475,1054,14,19.501349,850
372,390,9,18.550089,516
1656,2001,19,3.360893,266
296,2061,6,19.520330,530
1075,887,10,4.546186,385
585,2182,20,17.261412,705
311,2179,18,2.350424,331
74,428,6,15.539322,1118
2281,235,5,6.167734,1156
2010,1932,9,17.795786,1003
1431,1028,13,6.935042,781
962,265,6,2.543898,1068
2166,1164,17,4.813688,1197
2064,2490,13,1.446176,495
2165,1026,10,5.374249,132
1449,1591,8,18.462658,1198
121,174,13,12.181751,828
84,1902,16,12.889322,948
931,596,16,18.478971,798
1058,538,6,3.134827,521
2428,558,9,2.455297,1046
2037,654,11,14.481705,793
2054,1564,5,11.556662,826
2335,1117,9,15.912959,120
2245,457,5,6.191575,754
1623,2466,6,13.604389,916
1029,501,14,1.812829,520
1182,1042,7,11.081870,112
2421,1788,16,4.144192,581
1874,1963,16,0.133430,475
608,1733,17,8.447749,289
1518,1301,19,9.087155,290
802,1611,10,13.258456,345
2193,182,11,2.710444,422
122,1702,11,1.119403,1089
1573,1550,18,6.147150,146
1000,1222,18,13.995143,970
1954,228,10,6.555297,1006
2107,1766,17,3.826760,279
1292,1730,16,0.230272,648
940,685,20,11.955727,876
896,1226,5,18.747043,595
1916,152,16,14.253591,503
696,967,13,13.342952,587
2462,414,13,18.487321,423
2064,2167,8,14.038524,460
1230,1497,15,2.193901,842
1657,70,5,9.645377,1136
815,1479,12,4.032698,431
654,808,10,19.478774,398
1808,515,5,18.567037,716
160,1300,14,17.833097,988
1333,839,15,15.278781,208
2366,1244,13,13.973691,603
539,47,16,10.805126,207
1904,1601,12,4.247163,931
394,1657,17,13.343689,758
2389,1551,16,3.653311,489
1762,865,13,2.845028,187
2395,1587,6,8.912418,1163
1579,1283,15,18.990394,799
664,210,12,16.003358,619
2299,1128,7,5.020931,823
2022,79,18,0.648886,191
35,1085,8,11.154936,246
34,618,16,11.201925,1131
854,1717,14,20.428894,759
2075,278,20,20.339065,612
1442,1828,11,14.364548,139
1663,975,16,18.893560,458
2101,1889,17,6.715014,597
734,2409,7,20.449380,1187
1991,1156,6,11.968791,256
682,2057,6,4.503881,229
1994,931,12,11.676839,534
1130,2472,12,5.602589,1066
1207,1139,10,6.925244,678
2424,2292,15,10.354055,272
1422,1934,11,18.241995,250
694,1120,10,5.654628,1059
1273,1777,11,0.818741,706
1424,1166,6,7.575519,1085
2450,1381,9,16.171742,335
2343,1199,17,12.587288,370
1784,1999,5,2.336193,165
2183,2110,7,6.704092,378
976,1786,7,14.028521,762
1022,1659,11,16.905493,129
1084,1343,15,15.638298,1135
197,1228,19,5.980492,681
1959,1542,11,20.391376,252
313,1646,19,16.928954,377
1635,2310,5,2.075943,107
283,441,8,10.506987,1093
1589,1288,5,19.991830,1175
489,1932,5,2.928901,957
2383,2255,7,9.438719,336
1769,330,7,7.423826,887
1455,972,20,13.236983,1017
973,1097,8,9.798479,1188
1597,520,14,5.856133,384
1523,1182,7,1.321161,685
1529,923,10,8.016865,1034
102,164,10,11.184168,439
531,2281,13,18.214273,166
2120,2188,7,2.892234,474
2304,2186,18,12.157837,1174
1001,468,5,7.987523,984
683,946,16,5.752174,149
1622,1265,18,19.213418,913
180,537,17,16.457501,216
1216,1516,7,16.875551,229
1767,1591,10,6.710180,650
2032,30,5,5.980376,463
435,739,12,4.498874,1131
991,99,18,16.920201,586
435,0,16,12.485944,1121
1540,337,19,8.775743,504
788,2119,19,15.976584,113
1089,1365,9,3.883878,223
2024,1247,7,15.578705,356
1698,386,20,14.752938,599
517,83,8,16.880695,621
937,932,20,11.045357,1148
1202,385,18,16.443742,1002
296,1699,5,20.334429,448
1377,1655,14,10.387359,680
1914,1185,9,2.149213,1106
2485,629,8,6.751626,185
1894,807,9,16.607197,375
2142,738,16,20.212094,1077
1902,1563,17,15.389606,976
1777,1819,6,15.595601,1153
448,2269,17,14.408994,460
1832,649,7,19.167364,190
639,751,10,1.097617,810
1990,247,7,19.624712,991
1787,1676,14,1.207096,151
2213,821,11,2.112186,671
2078,980,9,4.847779,232
654,946,16,12.354387,275
2012,2456,15,6.352502,835
900,1863,10,1.274370,574
874,1471,19,14.455314,1018
2377,298,8,12.615999,529
1288,2060,10,13.807991,923
1187,803,12,1.488904,605
428,2213,5,6.506135,322
2127,1044,6,10.286745,219
1158,243,11,12.804316,272
630,918,14,12.407195,1163
1022,1900,8,18.421510,140
973,1024,10,15.892082,989
116,1459,6,9.029290,895
1479,2382,10,7.785405,417
69,1384,13,15.127716,245
290,2038,14,14.542271,502
578,520,12,19.767236,404
2144,2033,18,3.090610,786
1858,1215,11,10.306757,637
630,2238,14,6.626552,536
1289,2424,15,3.705564,492
2414,605,14,10.632769,738
1288,1663,20,18.591918,757
1713,1932,8,12.439606,875
731,374,7,1.674153,261
1764,242,9,17.497782,353
1984,1613,9,5.367247,495
543,1959,17,20.105155,717
182,2267,11,0.217702,142
919,243,12,14.983209,422
2304,921,14,3.368169,238
429,483,17,18.104987,747
724,1212,10,6.182643,447
1767,1741,18,15.248022,995
2362,1652,6,16.173381,212
735,649,6,6.922726,351
1193,227,17,9.271104,141
796,135,8,9.674892,1029
494,1231,14,13.121184,347
575,1146,9,8.001114,647
190,929,15,6.994138,618
110,1391,13,18.284860,146
785,1247,5,10.091184,988
1453,2140,19,4.948450,256
120,622,18,19.308326,777
2000,1239,8,10.057385,1184
567,1531,18,5.073167,838
585,1225,9,17.259623,757
859,1216,11,12.419069,1181
1596,2484,13,2.793510,569
779,1880,18,16.012773,685
2465,1725,15,15.177993,363
324,1767,13,17.813947,915
1837,1805,14,2.259492,1112
984,109,16,9.503827,749
750,253,6,17.726385,814
311,949,8,5.439912,1182
1466,2170,9,20.147720,880
1921,1735,13,8.058458,457
426,1190,11,6.916439,837
2278,1217,19,3.865055,111
1585,1216,20,0.689252,534
952,1968,5,4.722915,161
1026,714,18,9.073413,839
897,2476,12,13.587444,858
877,327,11,20.208968,922
844,2252,5,14.571023,817
1833,2053,6,2.601512,383
1553,1422,18,9.944722,347
1760,607,15,11.130945,629
2033,336,15,6.537387,791
2130,2135,13,16.246351,875
599,743,5,5.354884,257
15,1781,14,9.447813,180
1853,1520,13,11.086899,983
1715,1834,8,6.632983,291
1161,752,17,17.588906,182
1130,1406,5,6.504758,765
1392,1705,5,6.871596,327
2363,1097,13,17.669023,473
1913,1606,14,9.101259,175
373,1,13,9.535258,694
287,396,15,11.668674,964
1629,2436,15,2.893777,724
1205,1036,10,7.929291,302
1838,1178,9,6.455254,560
1121,2137,5,17.316920,264
611,320,14,9.921559,1084
1630,1318,7,19.898891,435
1705,1751,19,18.764859,1126
269,703,7,17.855627,921
1669,1553,19,10.589106,635
550,1371,9,2.106419,623
238,1635,12,19.446563,263
1243,218,11,3.464957,604
1757,2408,20,3.919465,396
1716,136,11,0.163525,578
1975,1877,18,20.176517,1160
198,2215,15,2.947637,1000
950,2435,11,0.591604,822
1473,1902,20,10.052560,1197
1726,1364,8,5.123988,1130
1221,1014,6,12.511097,753
2240,674,20,12.488778,655
278,1199,17,15.996785,590
1877,1199,11,12.745949,768
1650,2341,15,16.669029,537
1240,246,18,10.742553,612
618,1216,15,19.108447,946
2263,2490,14,1.583039,830
2176,1778,8,17.430140,378
2387,367,10,4.074364,597
333,2297,9,4.446930,168
2061,12,15,6.609856,373
930,2426,19,15.668403,503
1676,216,19,10.287761,1155
1081,556,11,8.410223,256
1343,829,16,7.932576,504
1013,154,11,15.600965,269
511,1405,13,14.100883,1131
582,576,13,17.255295,895
1351,2271,18,16.336609,101
2495,818,8,4.004051,886
1427,1162,9,8.495219,480
1535,1412,14,13.179960,609
161,869,14,1.587038,558
2347,49,14,13.758306,893
1023,671,5,13.943207,288
1051,1272,8,11.011132,379
169,425,18,5.055991,1185
606,1700,8,6.369063,782
2278,859,12,2.328228,487
619,95,6,1.638709,889
1017,1075,20,1.315494,1091
2384,1922,8,3.572262,554
972,1974,10,5.499592,150
1018,513,18,19.068746,1164
2199,427,17,20.047320,808
1138,298,12,12.555112,197
1267,2153,10,14.150994,186
1194,886,19,17.499258,583
437,154,10,14.414214,731
1138,872,14,8.361407,295
1303,1383,8,4.298095,570
1561,1295,12,15.443290,523
1931,1464,12,19.963868,847
1256,120,7,15.476090,1099
220,2247,15,3.254670,410
520,738,6,2.947693,291
456,2044,9,10.934330,216
2050,533,10,5.571507,150
1239,1477,14,18.948277,1129
360,1159,14,11.677802,591
1146,148,13,5.895546,704
452,1961,5,17.228665,1200
499,1598,9,15.606305,889
343,99,15,5.114811,1064
907,2026,15,7.594853,735
885,1855,5,13.143559,709
452,1374,12,14.743806,241
772,109,15,12.392839,728
2056,246,10,6.793785,1005
1612,704,13,12.184298,692
1102,1441,7,6.863993,154
2325,2083,9,3.173108,616
2444,823,5,15.057370,984
1358,2356,16,3.448869,1018
503,1879,5,8.959635,627
571,892,11,17.393069,481
1790,798,15,1.976875,1089
846,718,8,11.513047,1087
430,259,6,6.821415,313
1123,1985,5,6.917472,520
1975,2429,6,19.063620,178
346,203,15,15.114314,1074
359,1174,12,15.293226,286
2230,292,10,16.439832,1137
365,771,15,14.064530,1127
568,1084,16,17.329458,322
1889,932,11,0.948537,1001
2195,547,14,18.445883,120
1366,365,8,3.950311,349
1660,825,8,13.181451,707
1420,1266,8,2.757785,770
932,669,10,11.646417,117
2428,2395,6,0.712409,428
2206,497,20,5.989880,275
1321,1528,7,17.478684,325
1658,2419,16,18.465102,933
1514,800,15,18.362657,111
111,1269,16,4.326280,327
673,441,9,4.877869,682
1926,1877,14,6.297310,439
204,1710,11,6.413767,413
940,2424,17,18.387859,622
178,719,18,9.130316,978
1417,2071,11,9.862613,842
2496,2469,12,5.681579,925
347,2219,10,12.165312,215
463,1005,13,17.463371,827
2112,1228,19,8.600777,670
515,767,9,14.981355,474
1271,834,19,3.046414,774
115,461,7,12.116248,572
757,2468,16,9.765597,872
2179,1365,10,18.746768,429
156,503,17,13.445272,709
1877,2107,17,14.972078,181
697,468,20,6.715951,178
2070,2406,16,20.039856,370
252,1081,14,19.618474,499
1458,1298,8,3.933404,1087
561,1658,6,9.944253,237
1886,889,17,20.399370,151
2004,1044,10,4.408573,968
1550,97,6,0.399221,362
627,6,19,6.008876,254
761,2270,11,6.623489,764
1667,178,14,1.062236,625
1700,942,17,3.937221,1084
148,1725,20,8.952575,569
301,848,15,4.325775,640
2026,2181,11,17.762952,1006
1517,1387,15,16.531097,1064
1837,938,14,5.721625,705
1172,1265,17,17.564918,338
107,693,8,10.025993,1082
1179,327,17,16.639828,1177
583,85,13,2.203771,695
1924,2464,5,2.844883,303
122,945,10,1.947348,867
320,1777,7,8.201616,1127
644,1866,18,4.307954,260
1660,616,16,4.638838,976
2368,540,14,10.441563,155
1629,1646,20,10.471665,1039
1022,2237,14,0.324618,1013
398,340,13,10.728908,365
15,927,8,3.970693,328
572,275,13,6.583805,595
1310,2030,7,19.992465,1013
2160,2132,8,17.066378,898
1882,635,14,9.491405,370
380,1718,12,1.261130,149
976,91,14,2.166031,805
647,38,5,0.616482,734
1021,732,8,0.940287,953
671,651,20,0.487254,348
2207,1800,20,12.904656,1157
674,440,19,10.260984,1132
303,1760,6,17.089229,832
1394,1542,19,4.216023,847
2213,124,11,20.354676,1014
98,907,14,10.952689,273
1428,487,13,12.002149,923
2243,638,14,12.050620,792
1995,2037,11,5.640208,876
1904,581,17,17.984477,428
1745,1233,7,17.068199,635
2428,884,10,6.300684,869
1724,38,7,13.776110,655
923,13,12,17.505674,1199
1914,1453,8,15.986625,779
2168,983,17,13.694812,272
875,1137,15,8.379482,1185
656,190,20,7.685830,930
2110,1494,12,4.454886,894
1300,2067,5,11.406753,604
164,250,9,12.663621,289
1241,442,5,19.326336,728
308,1391,12,5.644908,1123
716,2090,14,17.272552,313
1125,278,12,13.209721,818
1196,519,18,14.714306,265
923,839,5,0.422266,528
709,1204,5,4.614078,605
234,459,16,0.182999,272
1230,1363,13,4.104761,813
858,1167,13,13.395479,1151
781,1832,13,15.560752,378
1785,724,9,15.805893,622
1614,2418,8,6.386870,1078
95,865,14,5.639501,370
326,258,5,11.185645,285
1144,1408,16,3.895054,1140
136,1812,7,19.072697,757
298,2162,7,8.975133,920
736,1778,12,17.835600,1119
545,2499,11,6.489935,536
1987,363,5,14.178787,1045
9,2376,13,19.928191,515
2175,230,20,3.610150,728
1788,1147,8,1.135177,258
1126,1763,17,1.677193,548
510,2259,16,15.405102,972
2145,558,10,20.280510,876
1420,1034,9,3.029618,978
371,143,16,12.629284,329
1903,595,14,19.949977,1025
1891,552,12,7.598334,268
1219,1639,11,0.315025,564
931,1491,16,2.035239,449
114,369,9,17.939532,946
1932,362,15,15.185558,1179
1169,2157,18,12.991320,652
2055,959,14,11.229930,977
363,2469,5,13.524860,837
1072,1194,17,6.500774,576
118,1586,10,3.051497,642
463,8,11,18.927845,758
1027,2298,9,16.259119,273
222,1502,7,1.185761,450
1694,1223,6,10.979948,347
516,992,19,15.449314,205
1085,582,20,8.888020,970
295,228,11,7.354633,842
1446,2282,19,7.799692,653
928,1997,17,8.607967,948
1053,68,18,3.120530,834
1460,1669,11,16.031700,106
1668,596,12,8.226536,923
1007,385,9,5.511995,414
1848,2251,9,7.378239,595
1631,1470,9,1.166740,1130
2184,1577,19,18.480999,936
461,82,8,11.843335,1102
2098,1686,5,16.733623,855
857,120,15,3.177444,697
1460,2212,7,5.649952,877
113,1258,17,13.334491,1177
1439,1510,12,17.295720,978
1947,650,16,18.274752,666
1089,548,12,14.066600,868
873,2482,17,19.647891,703
120,951,10,8.680885,1044
1218,2121,8,5.306301,101
1324,497,17,10.264648,185
630,739,7,17.602610,223
689,1328,16,6.662919,918
1011,2377,18,11.121557,350
1090,963,14,5.141358,1049
1453,1635,9,8.834962,1029
587,976,20,10.624430,1020
978,1962,16,8.315610,866
556,2410,19,9.798952,384
1475,2446,20,4.850701,383
2465,2284,14,11.310968,411
1233,1132,8,0.167182,215
90,638,11,11.283436,650
1666,970,11,1.092669,340
1612,1701,16,3.078872,146
343,717,16,19.008167,668
393,369,16,16.699074,486
2222,963,11,6.945340,576
1821,919,16,12.118468,387
1397,375,14,2.909364,961
836,2252,18,1.492891,249
1315,1188,18,1.781918,917
1082,1965,8,11.859173,423
702,1026,15,11.345050,889
407,227,13,17.411260,1116
2005,1435,5,0.739440,1032
905,271,14,3.577452,353
52,345,18,2.247450,760
1198,839,13,9.159691,908
282,2015,19,1.258723,684
1112,659,8,1.763036,477
1239,1798,13,15.800322,601
229,1660,14,10.860911,652
1609,81,15,0.044319,1058
555,12,20,14.726613,870
83,2026,17,14.918498,319
41,450,15,17.970477,968
420,1642,11,8.403673,1104
1909,571,16,7.826605,969
1306,1097,8,5.330580,1122
2269,381,16,7.536903,335
2494,1274,8,1.295861,757
1290,74,9,16.790302,165
498,1998,15,7.644883,291
594,1626,18,17.321818,771
1558,1708,18,19.014829,495
1206,1281,6,2.693445,978
310,2036,12,0.573289,147
2378,1196,7,20.036903,620
1353,2184,10,8.981835,781
2129,1842,12,12.293803,1048
872,1683,12,1.305170,904
2381,136,12,10.532400,447
1823,933,14,13.320188,1178
1106,2432,9,2.396411,834
1963,629,19,2.742650,589
1449,125,6,18.754256,1186
1216,1825,19,8.551919,934
2160,235,5,17.977523,1199
2179,1910,6,11.941608,948
1145,2258,15,18.900511,739
194,619,9,5.412988,327
1091,1400,13,7.701327,716
940,1672,19,2.115847,962
972,1915,7,2.884701,259
1377,650,12,20.449281,332
116,156,10,5.559149,812
826,2105,15,16.672060,180
373,583,13,14.384088,115
326,33,13,8.170985,915
1875,469,6,5.080851,179
2492,145,9,10.230818,737
1784,2376,18,19.179774,724
202,1193,8,4.298640,530
1632,611,20,5.229176,450
881,1236,15,19.211794,1160
1058,2229,15,17.488635,1140
1511,2405,8,9.738325,360
992,1102,14,16.093020,874
23,2435,17,13.563940,104
1142,1011,8,8.274731,858
2499,120,18,0.052980,1155
1377,1364,17,18.473274,1163
1475,2027,11,14.121550,260
1067,2317,20,4.604104,103
1805,2358,8,11.573675,892
418,1919,12,8.126706,741
1660,1070,10,0.061749,275
1948,2415,14,10.942716,721
516,87,7,15.815169,624
475,1942,16,14.200139,205
1397,865,18,6.891772,1091
872,619,19,19.676721,746
2396,1366,16,1.160326,275
1613,75,5,12.063316,866
1755,1438,12,19.829513,400
2138,2253,19,3.101550,1012
148,940,13,14.089294,475
1996,2468,16,10.698495,248
1378,1767,13,16.460754,206
2456,1214,18,6.374396,843
566,1608,16,15.066891,890
465,854,19,10.292896,700
2077,797,17,3.350402,379
2094,1702,7,11.943095,1138
1557,1269,8,6.533391,523
1043,6,12,15.131849,284
2145,2380,19,7.764904,370
425,1469,15,18.445526,1154
688,1380,15,6.772088,1064
95,217,10,16.984701,625
440,678,17,5.245858,917
1360,86,17,16.698426,471
1846,636,14,5.845736,1168
1072,2477,11,0.383138,815
896,1335,11,6.962928,641
312,796,17,12.905898,494
1170,1989,8,17.561528,821
153,233,7,11.196342,161
1712,2342,20,16.641669,568
115,700,7,0.243451,250
2433,518,6,15.160216,132
1579,59,8,8.893772,288
2472,2406,16,7.838673,446
1121,1586,10,5.752532,793
429,1652,12,3.353158,144
2161,2180,12,19.035677,689
515,1097,14,8.733747,416
616,1731,9,14.130744,539
922,2099,8,20.308226,879
1767,794,15,0.333856,882
1553,1649,7,18.669467,501
1977,673,7,14.361576,495
638,774,12,13.243974,868
249,382,12,18.062603,251
1429,299,16,14.150361,344
2260,425,14,13.377566,284
1672,1545,9,8.380173,671
1559,300,5,1.456572,828
1344,1572,18,17.155544,273
2034,2020,19,14.835667,936
1679,2270,9,11.682610,940
817,2421,9,2.847560,262
695,1694,8,5.225453,104
454,1302,12,13.833363,403
851,2440,5,19.635805,318
290,2005,10,16.797386,985
456,1123,9,18.221868,487
854,1047,11,11.651261,335
2485,1933,11,19.824118,472
307,1311,9,3.311788,657
2333,1615,16,16.983239,1087
42,422,5,3.818373,782
367,371,19,14.424176,224
116,2125,19,18.802160,721
1898,994,16,10.464290,742
1225,940,14,17.853638,495
1850,1974,20,17.268009,281
161,874,9,11.648391,116
1246,644,17,1.080608,834
2413,1923,11,6.300364,197
215,1179,20,17.134714,157
1280,1973,6,0.075164,1163
2285,1663,9,19.366988,710
532,192,18,1.532564,878
1321,731,19,18.537885,762
1058,1248,11,3.178642,1174
2066,677,20,10.200129,240
1902,17,10,8.363655,471
2117,1609,20,6.947414,691
2299,1802,20,11.381348,570
229,1109,19,3.752490,927
2,1510,8,10.792743,363
1168,496,17,11.151984,370
2228,1594,13,11.686521,232
1688,1636,8,9.290600,880
930,2424,7,0.833196,701
2255,2268,19,12.941736,328
1657,2441,5,18.320998,1114
2356,1784,9,9.124084,228
2161,582,8,17.065162,488
787,1891,9,7.888146,178
670,1476,16,7.276508,556
1540,2475,15,8.008905,484
1388,2111,11,6.519307,1146
1682,621,18,7.541887,471
347,1379,7,8.980744,737
503,2038,13,1.376518,348
2125,645,10,3.421315,382
1832,2480,9,7.823800,425
626,601,5,10.377152,644
180,2083,15,5.070890,706
1952,599,16,18.381174,448
1338,1561,6,4.020713,526
848,282,9,0.202144,176
1852,1829,13,6.895408,1106
1240,2204,5,19.662520,111
776,1221,16,3.145417,887
2326,1472,6,3.798677,1185
1552,352,19,10.676556,1193
1702,2254,16,15.944721,895
2294,1637,15,13.208455,157
320,1846,14,7.440790,344
1039,1393,19,3.393676,1175
420,2368,19,9.059686,239
2420,1531,10,18.376528,712
1380,1100,7,19.664553,386
2017,1986,14,18.519605,194
918,211,12,5.711548,477
2016,360,13,11.694337,555
1032,2092,16,10.258040,930
1364,1991,16,16.583686,345
1176,219,6,12.868336,667
876,1045,9,16.164596,1195
592,1841,17,10.029592,591
577,607,13,4.412699,531
289,603,15,3.041286,531
2228,2013,14,4.370335,1082
805,1827,19,6.006373,964
2307,1473,10,19.503824,928
584,2445,14,11.887278,461
2431,2441,19,15.405256,258
2145,1224,15,18.732946,882
1226,1936,5,9.311880,365
7,914,7,1.296466,1017
2007,1259,14,6.283408,1103
1499,248,6,11.206671,1188
140,551,18,0.582582,949
1627,1109,16,19.663258,1112
20,2109,13,13.432468,420
2437,2094,6,3.236720,1038
766,371,11,19.523524,293
1543,839,12,1.667843,914
1855,1700,14,8.086719,1178
1565,1007,5,0.322476,258
641,1668,13,12.746772,122
308,1661,20,13.097755,263
576,1984,15,3.423466,834
2182,758,7,16.890626,218
446,1770,12,0.176438,849
585,2248,8,13.815032,273
424,224,10,8.385954,1001
1393,46,8,12.549688,690
2242,2199,17,17.279787,154
1028,2141,11,7.856045,444
64,748,19,4.038371,219
1255,1948,14,10.142115,811
990,896,18,10.817889,348
31,2090,8,20.327481,1185
974,1266,10,7.808787,1033
2396,1129,16,20.009470,434
710,470,6,15.505259,838
982,1813,8,9.584880,310
190,613,18,7.717297,1098
2262,887,17,9.803480,235
2305,2237,13,0.683963,174
2047,2111,20,17.286809,879
1936,349,14,19.399547,745
1222,2004,15,8.392555,142
2242,308,15,6.475042,156
1579,678,16,15.590692,665
1269,724,8,2.358433,101
1390,1534,9,10.249125,319
913,1484,20,18.719264,1150
1057,483,10,3.993710,870
1728,894,13,10.296434,891
691,141,14,3.268378,1155
208,633,10,20.145457,182
1881,2115,19,5.896010,393
166,112,19,4.983613,860
242,658,6,5.308412,582
1281,1790,20,2.801382,1117
1801,1718,13,12.355362,224
1685,291,5,17.656639,228
2031,1012,6,16.229192,972
272,1021,5,10.705679,502
518,1346,12,3.144702,751
229,1099,18,4.807131,925
459,902,14,18.847142,1138
2041,1965,8,13.241399,1039
2256,942,11,3.559644,260
1815,828,5,6.144678,286
374,1386,7,12.145057,564
124,1437,18,11.213946,129
435,238,15,14.473411,640
734,2281,10,10.035359,436
2358,1711,5,19.134033,440
681,851,17,0.107498,633
150,642,5,19.688330,1044
1870,1906,18,14.021769,788
1730,2258,5,19.972037,128
2106,1651,18,19.086823,1123
613,1357,12,2.381741,1026
78,1359,12,2.883759,1065
1733,822,17,19.040703,460
2169,405,5,13.674259,448
316,283,13,15.619402,166
1367,115,15,6.583800,910
224,903,7,15.845739,784
2186,658,19,19.023886,687
921,1389,10,19.902284,299
1054,185,17,1.865199,135
33,2365,8,0.643879,632
954,632,11,18.836442,435
1885,640,20,5.581665,950
1613,2370,18,17.607304,377
2406,913,8,18.419686,968
284,98,17,16.311956,799
1153,257,12,4.429972,300
1954,1100,5,14.473192,1161
70,1359,15,19.081457,350
924,1978,10,4.933214,908
1989,711,14,5.959832,1155
2277,1472,14,6.032497,208
2002,2158,20,9.588930,924
1363,95,15,0.317389,1023
575,1195,12,8.245175,925
29,1871,9,13.094270,750
1100,1644,13,11.604072,1080
64,1983,9,6.399009,325
2008,1428,17,2.957396,655
1344,801,17,1.235367,1200
2338,2039,20,9.935990,315
1964,676,20,8.496854,448
1017,900,15,11.961696,421
660,1098,10,12.637770,706
730,1255,18,19.813530,284
2055,2396,9,16.357116,443
1944,2096,7,3.803663,687
2115,1171,20,6.908120,797
2427,829,5,10.167118,375
197,1934,8,1.829385,1065
792,2050,20,3.700108,955
1711,1005,11,19.422285,616
1780,77,12,19.481270,110
1438,2333,16,18.424434,566
1717,952,6,11.005109,231
1647,980,8,5.914780,726
515,20,10,12.015665,773
1264,1987,20,4.261337,157
1256,2031,9,12.439772,725
2426,1483,12,20.015439,748
1806,1630,7,15.631977,578
170,2468,8,2.076674,136
1919,1196,10,4.858028,1043
827,1626,5,8.162926,679
671,456,5,7.611426,323
1610,2217,18,6.461690,174
136,370,11,6.239432,742
2403,1750,16,16.276562,429
1074,1054,6,20.488921,1113
1376,1233,5,8.663568,283
247,697,11,20.338248,140
12,1554,19,17.888617,465
370,1269,20,13.319111,198
2238,661,7,11.860326,459
2003,355,8,12.954963,138
455,2064,14,12.615761,758
2151,507,6,12.769050,709
1288,1000,6,13.419076,311
900,2455,19,0.115789,1189
1400,949,18,16.191205,878
315,305,18,8.045072,295
2263,1273,17,8.587138,489
1853,2317,13,19.986478,543
285,483,18,3.820169,1067
1280,1997,15,4.179159,798
1578,287,13,16.820632,274
1852,2037,20,4.107651,1137
980,148,7,1.210722,689
2345,2474,19,8.285535,845
57,2345,14,12.558605,689
2268,2050,8,19.879422,779
594,1551,5,14.171893,884
1855,1308,8,8.590726,553
2273,1584,18,8.411834,1154
2332,407,20,0.720980,348
1661,727,13,13.971431,209
754,1285,20,19.574731,306
2324,2312,19,10.486544,819
896,1962,16,13.560200,1130
996,119,10,7.854814,261
497,925,14,14.321722,400
827,1271,20,9.080970,930
2072,2386,7,13.389296,466
586,208,14,9.632034,389
1154,2358,19,1.952729,521
2477,1401,19,12.181582,1019
424,1011,7,9.874295,162
1715,1651,9,4.092036,977
795,1514,16,9.360438,257
123,2437,6,5.497312,970
261,1275,15,11.581624,147
332,1322,5,12.433465,951
1059,2408,11,19.348479,950
1890,1997,5,18.801709,265
1414,367,19,19.588109,931
87,824,10,16.375455,150
451,1753,7,12.325153,768
2457,2472,14,20.248829,1063
606,679,19,2.340238,1070
671,998,20,18.449727,354
232,1064,8,17.036587,699
1723,431,9,15.925623,480
944,1641,16,20.219417,893
1304,1406,9,2.820695,758
1448,1840,15,14.455486,246
2149,2186,6,10.853609,1071
1980,515,5,8.251807,297
1924,2163,14,17.412922,1154
1993,584,12,2.735413,702
329,992,14,12.377746,232
1655,1817,18,6.830206,590
2463,2029,18,10.138344,708
200,2361,13,5.791326,190
1211,607,12,4.030775,1003
314,189,14,11.970534,766
1420,2183,5,7.394267,759
681,2036,16,1.168177,472
1446,906,8,4.733921,226
2451,464,19,9.666896,930
1730,1241,10,8.064471,1000
231,1646,18,2.088730,1102
421,1898,15,7.736694,480
1645,1256,19,3.606544,496
1103,2140,9,13.140333,1123
887,1516,13,0.162530,665
1800,567,19,2.692128,598
924,1007,19,0.629977,925
172,1400,15,18.294624,283
2491,197,12,12.881244,396
2393,1417,12,2.175179,655
415,1792,6,7.870184,846
1858,91,19,19.250418,251
533,645,16,2.208759,372
125,526,12,15.071285,990
1636,975,14,12.585853,711
562,1306,17,18.402708,1040
313,534,20,16.369138,904
842,2468,8,13.823761,1082
273,2043,6,13.736814,745
1306,1105,11,4.766392,1084
1261,1871,17,2.461629,628
945,1539,19,0.808396,306
1401,1141,5,4.759019,586
1739,1373,13,10.252823,1066
699,1980,9,4.852349,695
342,1018,10,0.580981,133
1115,1865,6,10.483126,590
1728,107,10,6.096243,210
54,1066,17,14.665503,896
1236,665,11,13.339820,204
1768,1761,8,8.299222,357
1417,458,20,17.135107,1196
1426,932,10,12.627578,503
1662,1945,13,19.830751,761
1300,2013,5,0.008925,962
1000,1244,19,17.732899,1191
656,780,17,0.999892,268
357,409,12,1.852475,959
1638,2415,14,3.893035,612
293,1075,5,19.059041,1179
1932,1810,17,12.096279,1008
1347,1070,13,3.648848,561
705,781,18,12.359321,1031
1376,1305,16,17.921826,137
2422,1662,6,15.498415,791
1342,1140,8,18.337836,552
1839,52,17,11.313744,843
1305,2185,20,13.779639,239
1042,1919,9,20.310164,632
1976,143,9,4.827571,871
1370,852,14,6.691585,130
637,2119,14,0.215482,587
2162,2041,18,4.154613,168
320,1252,13,2.597274,1136
2465,105,5,18.003738,1148
1800,1356,8,2.017074,1158
404,1396,8,14.845578,246
2178,812,17,10.416207,953
1526,1100,8,13.180558,782
720,2227,16,0.442096,483
209,323,16,10.419116,647
818,2285,14,1.548600,387
352,1103,18,11.780868,359
2439,2039,9,13.609749,902
1534,314,11,9.610983,914
2103,1779,11,13.000745,994
2407,1206,12,6.443043,1060
1920,1102,5,12.722330,264
508,2245,10,16.711231,266
2341,106,18,6.114609,192
1653,1660,15,0.576273,670
2108,1898,18,4.750096,503
84,344,10,3.476314,746
978,802,9,4.560224,990
2494,148,14,3.599243,388
115,344,20,15.675582,1093
1994,773,5,4.648207,732
1719,310,17,17.799456,721
1746,2114,13,20.094722,891
1928,1400,12,19.303415,1192
1505,2230,19,2.963585,558
1140,811,11,12.435513,908
648,2078,19,11.434777,890
631,116,20,13.081667,444
1260,1863,8,18.591742,1166
2357,801,18,5.707664,363
2080,256,16,10.393734,963
1239,1620,17,0.819151,821
2133,1749,5,4.427993,569
1223,2400,9,7.709159,973
2300,991,15,17.489105,148
302,508,18,10.418660,973
2286,1809,11,3.118645,428
1529,810,12,16.966520,507
1360,2389,17,7.963751,972
1557,2262,12,20.236572,914
1461,2477,16,10.172251,272
1895,1005,6,12.906326,937
1564,1112,13,18.063727,876
1385,262,9,2.723747,509
1936,65,17,11.446847,387
2080,116,13,1.730093,276
1307,2229,15,5.450015,846
1617,733,11,17.678727,384
1502,1372,14,9.790271,758
1867,2389,5,6.080725,1136
1747,1112,8,10.426176,741
1909,259,5,2.223052,475
886,1931,12,4.476265,856
1031,2482,15,15.401494,1071
1900,189,18,8.211533,254
2075,1542,17,1.946506,200
2236,363,10,8.999147,692
2356,914,11,17.062354,653
893,1404,10,0.238791,422
1394,1050,5,1.021032,956
554,1793,11,9.143030,1055
547,1978,15,3.674631,220
2450,727,5,19.330862,1124
591,588,16,16.974430,462
544,347,20,2.465706,380
1685,1901,8,13.642628,566
2419,1560,12,1.585995,520
76,1916,6,6.381453,219
1439,1806,18,1.316477,203
114,1324,5,15.464090,380
1545,574,15,13.453091,535
926,1908,6,9.839463,1111
800,409,8,10.068242,403
2195,619,20,9.001520,356
1350,671,18,5.677060,476
1077,1306,10,9.349548,251
2255,167,6,15.501010,759
788,1637,17,6.308774,1044
234,1340,6,16.996646,670
1566,2001,20,4.987454,1084
357,1551,20,3.549099,1159
232,1850,20,17.384162,1185
2152,588,16,19.012017,1171
1532,1212,12,15.329115,152
301,58,12,16.330281,284
1949,1982,7,1.202919,955
1831,1044,16,5.527331,269
944,2188,9,5.151922,837
1555,1319,17,5.144367,623
613,606,5,13.608590,921
645,1159,11,6.990953,731
227,1898,6,9.256817,391
1800,765,6,10.518184,246
681,123,17,0.245429,1068
17,279,10,17.809300,146
212,2227,7,8.784594,468
1508,918,13,13.867436,643
1598,56,16,5.151924,300
743,1421,9,12.376203,1197
774,183,20,9.367054,484
1603,429,16,0.230362,602
1610,514,14,16.613077,914
1059,2295,16,6.924976,904
1126,844,13,10.771954,1154
1282,2200,17,6.722919,248
1245,2103,13,12.323383,574
31,1205,19,13.613777,881
2406,129,20,3.973205,811
1578,1393,6,3.401892,482
730,496,20,2.692815,793
2332,634,8,10.294733,876
491,462,17,2.052778,622
1804,2412,20,4.817005,283
2370,1500,15,15.257524,532
168,56,14,10.795566,768
636,823,17,12.551191,300
1731,2079,11,5.585962,240
129,2283,16,5.003069,164
1761,2298,10,2.594069,458
2381,1810,20,2.475356,1108
2042,996,14,10.840568,840
916,1431,18,3.743192,138
1975,82,15,11.229023,357
196,2140,19,18.193729,238
923,899,8,19.463515,1009
1956,1658,5,14.391470,1198
1596,678,20,17.835394,1039
1319,1201,13,6.200270,261
684,408,10,11.476950,250
1284,655,10,12.084270,358
984,1144,19,7.573754,201
2000,1504,10,3.137989,827
1949,2311,9,9.867975,431
2194,1594,9,0.549080,466
764,2141,14,11.212492,792
1697,946,17,17.586175,427
249,772,12,16.234627,1014
1980,128,11,17.735707,904
1343,214,7,11.012239,738
914,1684,20,10.052004,1142
727,1290,13,5.497848,203
666,1457,13,13.240043,890
2261,1971,15,13.984882,137
2372,1720,13,9.640585,619
2165,30,10,4.402058,537
1475,942,10,5.925444,169
1657,13,12,18.114942,658
635,2482,10,19.679108,835
164,2227,5,18.889149,686
467,233,6,18.587517,270
579,1212,12,7.976861,1101
611,1463,20,9.609076,510
557,523,17,3.684905,1014
2195,1486,18,18.525595,211
2073,766,7,7.677585,471
684,2394,18,15.173027,674
1682,206,6,18.335078,1164
191,1011,7,15.799332,353
1327,199,7,18.178684,279
633,1580,14,10.920393,342
504,2150,8,5.071142,1133
1543,236,15,0.430896,1091
275,1170,11,4.047784,940
2144,592,7,2.965851,227
2062,1235,14,14.273471,1009
2004,271,19,7.366304,133
295,570,12,9.418774,963
193,1323,19,7.465757,122
1585,1140,8,0.535784,248
1838,1446,13,9.575559,407
1741,1378,9,17.379206,515
964,2073,15,12.602491,415
838,502,13,18.702037,1181
1752,1592,20,19.923733,363
1450,1284,10,4.011811,690
1004,2192,10,4.177646,269
577,2212,17,7.869609,314
782,2244,17,2.291685,403
2355,2036,15,18.395879,397
897,646,10,1.344805,823
938,1534,11,9.729712,513
285,1871,11,14.256850,238
2022,2067,10,13.656680,1046
964,597,19,15.951856,1178
1929,1484,12,17.250313,385
1345,1742,20,15.734833,1197
2322,1096,5,4.366666,471
325,2416,12,3.855330,845
2258,829,8,6.224097,951
610,1874,10,12.095042,707
862,1157,9,1.541408,248
1237,450,7,9.377275,670
697,777,12,12.554553,222
1316,2288,18,9.495236,243
411,192,14,9.012101,168
2021,1712,8,20.270272,144
1363,1979,6,12.689253,416
1051,2184,5,2.509011,865
787,1348,19,1.919077,1173
1246,339,7,14.835761,703
1030,2128,15,5.263821,728
929,1557,9,11.598094,498
595,1091,15,1.514940,929
1532,2433,18,12.399297,389
769,721,11,14.125618,756
65,885,13,10.749908,674
1977,1521,18,5.616940,389
1746,1951,9,7.097906,1167
2024,967,10,7.337112,1015
2085,386,20,18.082502,277
2018,853,16,2.642689,304
952,597,12,13.340438,1012
1039,546,14,7.395714,129
180,2240,7,11.414718,1121
1284,106,11,6.855330,486
251,1034,20,3.462221,839
1114,1834,13,3.427295,392
2023,126,11,15.265387,362
1791,1918,18,13.606875,1145
1906,2422,14,19.377055,329
805,1407,16,4.384419,544
524,166,15,3.596479,1144
2223,655,17,15.739664,466
1407,129,12,19.606406,1167
262,1424,6,4.424533,285
2254,220,13,12.014491,1003
1021,224,20,14.276524,253
45,208,18,0.387447,384
853,1834,13,19.289478,1156
2225,1146,11,10.582197,1124
2324,1959,11,19.460438,531
2326,446,13,1.272129,325
388,99,14,6.459078,1053
1432,2492,20,15.242523,1162
277,507,7,2.459596,572
1455,1929,15,0.442762,468
444,1899,18,5.497793,668
2085,501,15,3.062037,731
1427,469,20,11.406923,1036
2304,2492,6,3.013414,274
2273,356,18,1.076917,658
1949,425,19,16.739045,862
1046,2112,20,17.642348,1157
491,2428,12,17.286432,1077
1120,105,13,9.608586,173
1410,2446,13,10.617606,195
1548,212,12,10.364784,782
1010,1223,11,18.414628,821
40,2386,17,8.434681,1073
383,1054,12,9.741946,321
2360,111,8,16.976258,625
472,1810,20,8.550495,820
849,181,19,20.363478,224
947,1553,5,13.280541,253
2026,2225,13,13.527953,415
1130,2022,12,3.787358,321
23,1458,18,0.318514,1112
1783,604,10,17.306548,471
1093,296,12,9.765547,717
2370,1077,8,2.639665,970
813,1085,19,13.869808,1121
361,734,9,12.130945,254
1378,2080,6,10.376719,1048
883,1832,18,14.643744,593
379,1694,12,14.228057,221
499,1401,13,10.212280,717
1393,2458,11,17.009200,922
1837,443,17,5.172269,222
347,780,20,0.896670,937
1436,949,16,12.172260,986
178,1450,18,12.995641,100
945,358,16,5.384276,727
132,1742,11,7.608597,390
951,1856,14,5.103234,976
335,393,18,9.913029,629
930,1610,7,0.803104,430
1409,262,9,7.425108,824
1712,1952,11,2.929042,1147
438,127,9,17.682861,1014
1478,478,15,0.569725,588
1556,96,17,20.333213,152
511,785,20,1.430413,704
311,1149,6,12.163854,531
2083,884,14,15.181662,849
608,1140,17,14.699424,143
160,2336,20,15.391258,486
1180,469,13,19.991195,722
1401,537,14,4.376981,570
749,2330,14,15.772875,1038
1619,278,11,12.226707,954
861,336,10,10.388809,1166
1296,2380,5,11.011328,1189
1761,1496,5,7.649388,749
2052,1858,6,7.348195,424
652,174,14,2.789886,710
1667,1149,8,9.249698,880
1045,1452,7,18.810721,1102
1668,2225,18,11.623630,991
1819,1418,14,0.892685,704
2461,241,10,13.453441,727
1015,1912,13,20.270106,429
708,193,19,11.637967,1142
2174,2474,19,10.915881,799
1260,352,10,5.969012,524
2117,2464,9,20.217116,397
1063,1375,12,20.163213,462
2184,1326,7,12.966560,286
139,1185,6,6.687565,785
2201,1105,13,2.367267,488
1777,576,18,4.035167,1064
1718,787,10,17.894247,412
1471,1029,8,12.743662,720
870,1231,11,2.401673,1158
1459,863,9,1.201766,892
1729,24,18,15.723157,885
2445,1209,17,1.660732,108
714,1185,5,9.351409,710
719,221,14,19.495245,784
742,748,14,7.254552,304
731,2121,18,18.921239,277
1966,414,19,1.082552,380
281,1540,14,4.819911,159
1127,1906,18,12.193746,247
1863,879,7,13.088012,657
736,2451,16,3.330472,571
1764,1622,6,10.321619,127
864,1426,16,19.783115,754
1350,1833,8,7.863985,716
2325,1327,14,2.229802,175
1975,1941,10,2.515080,885
983,1305,16,15.748986,358
2340,2417,19,9.604955,536
551,1680,14,11.788190,105
2303,650,14,6.180834,220
522,715,17,16.013290,711
2251,173,7,17.322145,183
2342,1835,15,7.832714,361
2084,517,5,15.847718,107
1463,576,11,12.375524,855
1430,1302,15,1.413438,407
939,648,5,0.834347,695
23,1182,17,1.352461,956
1012,1530,20,2.778548,750
1225,2469,5,9.112382,1041
1091,1950,9,14.759776,1010
753,2103,9,18.270427,916
834,1587,13,13.057983,1150
1801,1994,17,0.666478,566
1330,247,6,15.560143,294
2165,1930,20,11.768906,967
554,1902,11,5.188170,726
951,1877,19,14.715618,1160
1912,435,9,18.681102,1005
1513,2095,17,17.501542,827
659,126,8,14.675331,885
1158,357,18,9.081955,200
532,138,6,16.006368,1148
1665,1244,8,16.260333,123
457,2271,13,15.540863,420
1304,2250,7,3.913324,585
168,1630,18,8.007915,686
585,777,7,3.847113,304
617,1528,9,6.580591,144
1030,1206,9,17.977745,1007
2389,2491,8,18.988553,474
599,39,5,20.127263,957
1540,1314,13,11.130534,861
2045,526,8,18.441003,1146
1492,2369,13,4.818494,260
1515,2052,10,13.748369,119
1157,1501,7,5.106629,731
1778,1905,12,8.184129,913
170,1761,16,4.292427,720
470,1353,12,5.501965,124
1194,2313,10,0.135107,871
1714,2376,9,3.097456,217
224,1564,6,7.381087,234
686,1853,15,20.038167,956
1733,378,12,18.783884,740
1494,978,6,0.009547,1005
706,1418,18,17.073733,575
879,556,15,4.439694,1023
1948,1119,16,9.191630,994
2165,785,17,12.026575,601
2255,141,14,5.995943,847
1696,1070,8,3.374628,492
279,1176,12,15.828437,1133
2029,412,12,9.940588,476
1687,88,18,11.853322,1112
745,338,7,13.737716,1063
278,424,13,18.526742,203
960,1409,19,19.476201,265
1396,281,9,10.928543,484
2205,1506,18,18.875428,904
56,169,9,1.699573,547
1480,514,15,12.118510,226
2322,1589,19,9.814218,478
1915,1752,8,5.043314,972
2285,2124,6,0.379244,192
2349,1255,7,20.156195,234
1379,2230,6,8.619657,230
164,1887,8,4.873157,1084
2329,1999,7,2.002915,672
2366,774,10,14.975841,464
94,185,16,2.796984,857
1805,2184,12,0.125987,349
823,932,6,6.864888,286
1035,1489,15,15.101195,603
1809,1784,20,10.990797,991
939,1789,18,11.712336,339
294,767,5,17.384933,224
336,786,8,18.556610,635
1666,1733,7,11.242834,944
1400,1457,15,10.194530,509
1196,938,20,2.448183,641
1723,1130,18,0.495920,754
1868,61,6,0.095152,830
1871,1064,12,20.492324,198
1688,2028,12,3.577952,406
1899,635,17,17.554125,724
2216,20,8,7.923000,918
2389,2255,11,18.291630,442
1202,1807,10,2.036459,1110
663,1856,12,2.957188,823
1424,1125,14,2.879610,746
1407,319,16,0.375825,178
1357,2260,8,8.006076,1047
891,1811,11,4.848191,695
902,1933,6,16.758707,615
2074,1306,9,12.709194,432
1415,2429,5,2.574283,1159
2391,1497,16,6.240089,716
1320,571,16,12.282384,855
2123,2152,5,4.658595,1087
2223,1675,18,6.710849,690
484,18,5,3.806493,115
1137,2128,8,16.583196,434
2473,2213,6,19.996091,917
386,240,7,3.806456,1053
2213,1366,11,11.874620,893
2493,117,18,14.430956,508
2178,2074,17,7.137323,1004
430,654,11,8.703085,959
1285,1742,5,3.208122,676
2346,1419,17,8.262238,110
1880,589,15,10.709805,318
564,244,9,17.469005,402
1204,274,14,2.833807,993
1308,2389,6,16.277620,1076
1932,517,13,2.972698,453
1300,1717,6,12.484861,1024
97,2003,16,4.773959,108
349,1947,6,0.644050,769
1686,1932,15,17.854090,127
1392,892,15,14.549203,854
1767,1577,8,10.591232,623
1803,1317,15,20.133676,1091
1338,861,6,20.099604,538
1838,904,20,19.735842,1087
276,601,9,12.478412,564
224,264,13,5.094847,630
872,1595,13,13.541599,534
2374,1101,7,4.597809,313
1004,239,14,14.542582,881
708,512,15,3.516361,223
171,2064,7,3.220970,299
1180,1149,6,1.271586,317
2159,2209,15,16.985747,865
2322,2079,10,5.199801,408
978,31,16,10.718226,558
2347,250,8,15.684959,406
351,865,19,15.883786,980
630,928,9,12.769318,172
1044,160,18,5.976599,417
2040,1559,9,3.681794,146
940,1950,12,17.320977,677
1216,2275,16,2.002077,1092
1112,1423,8,12.504806,860
308,1714,14,17.529388,1055
1216,2013,17,9.127270,990
874,1319,7,4.973680,1009
733,1448,10,9.802365,1031
1258,1927,19,3.324012,443
1379,710,17,2.122906,939
1729,2090,14,12.867693,796
232,1506,5,11.627926,975
2284,2327,8,6.215424,216
1433,827,13,8.331461,1032
2351,855,17,14.878310,651
1340,1431,15,2.495687,756
1591,344,19,15.790496,309
1085,2451,7,7.030464,871
1066,729,12,16.236073,1138
2305,1290,7,0.524112,607
2381,1934,11,19.950598,461
1662,841,8,18.200152,1062
1636,173,20,4.007768,728
97,2339,5,3.772684,528
102,1356,20,5.841688,1058
2436,457,12,3.017050,903
1660,93,17,2.429007,526
1856,411,11,19.082548,813
408,1251,14,17.216254,211
2331,2269,9,1.571116,1009
2048,1245,11,10.360682,701
452,1181,11,4.453958,212
1168,1388,5,11.484161,825
490,2110,17,20.087673,1177
695,2237,17,5.422074,754
2057,859,16,4.929579,254
2354,1839,7,0.290776,460
798,592,13,14.475249,783
2044,1139,18,11.680917,344
328,1918,18,14.037909,930
1504,2033,7,14.991376,886
452,141,20,16.942094,429
1444,1411,7,16.026479,636
456,1827,12,7.261330,954
1898,296,20,14.172115,930
2345,1000,9,20.415960,661
225,1768,7,0.824612,897
2097,1972,20,10.940717,641
1091,557,20,9.039229,132
1976,1578,13,0.792549,786
1571,963,15,20.076366,953
1572,666,15,19.342963,1106
542,1072,14,11.447952,382
981,88,13,9.242317,247
1538,613,19,12.788393,1018
843,65,7,16.029924,197
2193,1056,19,15.601014,890
1934,2050,16,12.940476,211
1427,379,5,1.641210,239
1084,1000,17,7.520821,508
1150,1323,16,19.073250,287
1710,759,20,19.767737,504
1328,881,5,12.340006,276
630,398,12,12.669269,706
1221,1018,14,15.551889,265
1942,1223,16,8.811206,699
1192,1699,8,6.215827,219
1344,1259,12,11.763921,695
742,2074,7,17.725461,919
1582,1230,15,1.039108,1134
168,2367,18,19.606226,1188
312,491,6,16.774915,975
1689,1513,19,11.262038,286
2182,1352,11,15.535524,392
755,1409,10,17.648101,1107
648,2167,19,16.974629,341
2003,361,20,4.996691,551
725,1694,20,12.578578,551
2007,857,14,11.190816,873
595,1288,16,3.995047,794
1005,1671,12,0.876723,630
193,597,5,14.268565,166
124,860,5,12.394884,1200
10,2440,6,15.945158,687
2352,1257,18,15.482989,252
1047,2379,7,3.533566,101
1643,2173,20,11.829187,704
789,2272,8,3.070608,1093
1967,1103,13,9.845893,913
526,1185,11,6.470570,656
1010,1530,6,16.982513,780
75,1433,12,19.381516,133
705,2381,7,10.696805,651
387,801,7,7.687851,507
2158,960,9,7.902530,1170
2491,350,15,4.944629,674
165,1726,6,16.132055,175
1646,618,17,12.972769,1037
2288,323,11,17.607150,349
613,1630,14,3.580520,356
1353,1772,13,16.559508,487
1304,2392,16,16.119172,934
0,1812,14,0.915070,803
1117,2320,12,3.521097,923
83,894,13,18.503096,544
1802,1596,15,12.997137,701
508,1117,8,5.184708,488
58,1217,16,9.970425,458
404,1176,16,6.338262,120
2475,2181,20,1.840221,1103
1218,1202,14,3.945414,865
860,1964,11,11.589227,690
1045,1176,12,14.722742,590
496,1883,15,12.432671,228
1919,1322,18,16.178056,1144
249,1285,10,14.797422,382
249,1724,9,5.473380,1186
1327,1899,12,13.046397,258
734,1749,20,8.707841,518
1877,1556,11,19.711780,1080
1685,701,15,6.746532,639
924,752,8,18.049912,555
1968,2331,14,0.588715,639
330,2182,16,0.140405,1130
1925,813,19,14.392985,1063
1333,2304,6,5.147073,664
1694,243,18,5.452620,616
2146,76,7,14.933607,304
2289,1113,12,18.904431,666
1108,2074,9,0.942750,754
164,1176,15,15.672845,592
75,139,16,14.774303,290
1854,2264,18,10.970207,1155
220,1835,9,8.031925,958
1446,2013,12,4.343435,546
2146,1801,12,4.067604,962
1252,908,7,10.880608,783
2258,321,10,13.272040,123
1621,2417,8,4.958273,1004
1615,768,11,7.195600,775
188,2196,20,8.770217,447
757,1124,12,1.878473,244
417,1085,16,18.254558,1135
1530,474,14,1.644154,247
2468,1069,11,4.347794,1157
2147,2306,12,1.482121,387
1528,655,20,4.160973,790
2337,2287,13,2.226971,959
299,774,9,14.827967,380
298,2464,12,14.373140,476
2284,1754,20,18.645610,1082
562,1251,9,16.591480,739
2435,1353,16,14.363017,493
2158,146,8,17.932909,906
883,894,12,11.888899,811
603,523,18,3.675255,306
2469,405,8,4.815976,592
2040,670,19,9.899261,219
1267,1508,8,11.859238,1179
435,77,20,7.130764,1080
2456,111,9,15.045130,919
2320,2087,13,20.468687,553
865,788,6,0.014140,733
1217,1428,5,10.281713,425
307,249,14,6.283983,528
196,1761,6,9.406958,815
1322,880,15,11.293682,406
1613,2480,19,9.216041,663
900,1687,6,10.716672,844
248,2484,6,7.478798,215
984,1159,13,14.922186,605
1193,1036,16,17.506726,373
810,397,8,10.181323,1057
1909,1510,13,11.822927,978
769,68,9,8.617314,826
1403,590,11,3.650499,383
1831,1162,14,12.656983,974
1321,1420,15,3.068624,946
4,2213,14,9.412303,745
1312,2450,16,0.340097,1184
910,1295,14,8.847826,243
730,754,9,4.759657,1032
347,281,11,17.418396,1020
495,1193,18,3.945803,330
372,223,13,10.343415,705
388,406,19,10.835816,347
1732,1787,9,3.137028,982
192,1349,19,4.684597,589
1046,2457,19,17.702162,939
1316,921,18,12.185342,579
1650,1384,12,6.456316,400
786,927,6,1.178132,237
1835,1825,7,15.582553,1147
533,1834,5,19.314043,338
1603,2285,14,3.311775,668
712,1295,11,16.573348,300
47,1346,5,2.260036,793
22,197,14,11.277240,597
629,2104,16,7.585531,963
2014,736,18,15.459778,887
1463,1680,17,17.826200,596
873,1486,19,16.218980,501
2032,785,15,14.099216,1173
631,28,5,0.831033,878
755,2126,13,9.117505,309
946,109,14,12.484329,1110
1759,1510,19,10.490497,872
671,282,16,9.642902,613
1456,1940,12,6.001886,282
1748,385,18,1.489333,170
2089,1733,12,3.288424,914
45,2422,12,9.723876,136
665,2419,12,7.893473,306
457,814,9,9.602959,704
1477,564,19,1.917147,181
226,1129,10,9.602750,899
1950,908,19,15.158502,931
686,449,20,19.958356,715
1485,1217,8,9.963748,951
848,1263,13,4.926210,225
376,596,19,20.242088,389
2309,659,17,17.800492,876
2309,1455,20,11.739422,763
66,1660,18,13.227528,1172
1550,1389,12,18.504212,649
1339,423,14,13.900503,457
1090,2396,16,2.972007,385
2427,1947,17,6.143098,388
601,50,9,19.742952,961
1554,1583,14,5.039121,404
1506,447,14,17.749510,1072
1977,79,15,13.440057,512
1877,2051,9,14.885717,1063
2033,733,5,10.495409,669
2375,1766,6,3.785837,211
704,1779,19,11.532379,254
258,15,17,10.864907,302
1348,2096,20,6.342832,785
739,2413,14,8.134316,1172
300,2249,9,1.783864,622
1548,415,11,12.639969,397
2355,1580,14,16.585737,722
262,767,16,20.025763,135
1777,2071,11,18.765111,896
1721,201,8,6.089521,679
2163,935,13,13.166180,1183
388,2079,13,11.043278,971
1317,785,7,11.184511,697
1149,474,17,1.478677,529
989,158,13,8.131537,1037
1020,538,17,1.602436,183
1506,825,10,5.304764,1138
2199,85,16,9.366037,1092
1117,756,19,8.564431,638
2022,520,7,9.244989,226
2397,652,16,7.014773,530
773,92,6,17.643160,407
1963,396,11,4.749606,878
392,235,15,5.245965,1027
622,166,18,1.953373,879
2336,178,18,8.589660,539
1495,1496,11,4.709749,575
2326,927,10,2.935500,1041
584,1597,18,8.794993,232
570,887,16,19.250427,1187
15,1795,9,15.770765,419
1813,1810,5,8.965686,1139
1259,354,6,3.154733,357
1848,124,18,5.992968,494
29,2157,10,6.886330,432
124,2131,12,12.837400,1174
486,2112,8,7.246113,638
2051,440,10,7.043569,693
122,687,12,16.389545,1008
51,1570,14,2.926915,495
1412,1369,16,10.459707,996
1630,144,14,13.039746,347
2456,2486,5,13.773466,783
122,1929,15,15.465336,645
1638,885,12,14.141188,589
295,480,19,14.321880,834
1512,1650,6,3.553364,1189
1716,731,9,8.855674,1042
93,133,17,5.421549,804
2283,1184,6,15.965008,1045
1319,1530,19,5.255101,906
855,1393,7,12.287109,935
198,1371,14,0.827851,538
630,1542,6,1.182954,396
354,233,16,13.124963,647
2335,1584,20,10.146671,357
1826,423,10,14.803015,967
2368,1907,6,0.863171,573
1855,599,10,6.970952,1012
131,135,10,4.850116,462
502,1114,13,2.020659,220
604,119,9,4.086429,343
37,1987,9,20.267510,822
2398,308,15,9.360285,486
1767,664,15,11.472531,871
2223,1098,11,15.372628,237
758,1065,13,11.012905,207
1779,2222,6,4.677157,519
2025,816,17,16.484537,1041
1275,47,10,1.806295,1066
2262,448,20,11.515852,323
369,1556,16,4.910725,1080
899,770,15,10.657554,499
480,1319,12,2.030326,206
1717,129,18,2.919864,471
2150,565,15,11.688817,137
1339,1953,20,17.447922,462
74,49,14,18.259061,580
1945,128,19,0.571296,1197
2302,2257,10,10.786345,299
118,334,13,4.238285,125
1956,2195,8,0.601917,463
1021,482,18,5.183466,474
923,1563,8,10.881973,399
1056,1494,5,9.660193,241
1104,1508,5,10.134198,452
1232,353,18,4.724559,558
1133,550,15,9.237498,802
1328,368,17,14.365532,1124
1111,1631,7,6.328123,910
495,1932,14,8.019751,937
2279,1681,19,12.401073,391
464,44,18,15.100243,930
1556,2383,6,9.308314,1178
2039,1882,7,7.871540,1118
863,2431,7,12.631597,514
793,614,13,12.547255,588
649,1764,15,8.077670,211
1420,389,5,14.530433,1072
2064,2093,13,0.917203,691
1999,388,10,19.213274,859
954,1733,17,5.782310,838
1678,1030,6,7.093399,118
1216,836,20,9.484118,1070
1467,1106,20,5.306601,122
2417,1119,5,13.927194,1186
1086,1140,6,4.290424,488
419,1645,10,16.152659,360
2063,2291,5,6.142961,486
1048,1919,13,19.092124,875
1693,280,14,10.427484,218
1405,43,11,17.607176,1175
1995,1853,10,15.583616,338
1408,686,6,2.047542,566
1274,1904,15,11.004932,530
1242,323,16,5.488324,610
1789,644,16,10.156467,782
1150,1698,10,2.422397,1057
1155,52,14,10.953172,570
339,399,5,18.552368,557
1991,948,13,5.981352,223
450,1734,20,14.194921,1055
1130,667,8,16.850425,262
1436,1618,9,12.986400,780
1660,231,19,12.110521,1129
596,2196,11,8.039634,1107
2419,2078,16,14.468515,384
2342,1759,12,13.644768,892
1311,2438,19,8.204752,606
1037,1137,9,6.743691,927
1278,2210,5,2.844742,294
103,2484,17,4.967327,721
1064,2285,8,19.510038,593
766,1982,14,20.352883,299
1485,1743,18,15.081276,865
2251,338,10,2.304433,270
318,587,7,4.076354,1033
795,1601,6,5.780677,905
454,1585,15,2.289883,990
1523,476,11,11.191366,1100
527,253,12,7.853283,880
123,1376,10,3.471379,803
2483,1032,20,3.869146,1172
240,928,18,15.411205,518
205,2254,6,5.235528,1200
2019,59,18,0.010865,770
2378,1921,16,18.533827,966
1789,1425,20,2.427627,572
762,2256,16,6.305759,388
1548,1966,20,12.633384,1012
1111,1238,17,13.533277,770
858,506,11,19.917525,338
507,1461,9,17.726340,560
232,1076,12,16.760105,219
1791,2498,8,6.478268,469
923,109,5,13.121180,1176
1960,548,6,4.635836,1109
1810,669,9,6.946266,253
822,64,9,9.250480,1164
2440,496,5,4.680641,704
1828,2368,11,17.513637,947
17,2176,18,9.525249,525
1225,2125,16,19.272896,1149
1713,171,18,16.660446,606
289,2379,10,19.501458,1030
1383,2269,18,5.882569,1138
446,1386,6,18.488168,1149
986,1933,19,3.360419,1096
890,835,9,9.384719,748
2398,1402,18,5.664292,667
1587,1206,6,11.102052,1175
81,1400,9,11.307888,1106
1304,854,16,14.706910,564
2101,2275,6,0.443409,112
2131,566,17,11.556544,372
1238,2059,6,17.530701,690
1438,2284,12,12.513100,683
1918,2193,12,3.442430,568
769,889,16,15.355641,340
98,689,8,10.421923,119
1177,2133,10,1.905686,937
1387,1398,7,10.686087,1105
1962,829,17,8.715912,973
211,1645,16,4.801851,223
315,1736,15,17.366009,469
2015,1005,11,15.267575,575
1954,369,9,15.548522,335
1688,918,5,0.442153,933
1375,2250,13,0.565126,225
1617,88,9,10.178070,568
763,212,14,7.438994,1124
844,1682,5,13.249674,372
1088,2374,9,10.322839,256
1579,1940,15,11.804639,1141
33,1337,9,8.147210,954
725,553,9,19.592448,873
2100,1084,14,18.542252,533
24,1010,20,2.915049,879
1882,586,18,10.808962,534
1202,539,18,1.855146,134
1307,661,6,13.851251,962
2389,2067,19,11.588676,170
2266,764,18,0.304857,628
1525,1758,14,3.800294,923
421,743,15,6.025491,210
237,2397,17,3.649325,1086
950,1111,16,16.597145,706
1777,1232,10,6.692121,1191
620,1253,9,10.472467,846
1912,765,8,15.517137,688
555,718,11,11.846626,195
2365,1500,6,4.715151,701
1707,272,16,18.393669,602
783,2390,18,16.696009,680
387,974,13,7.257809,1148
2033,102,16,18.296963,189
84,1742,13,2.618472,975
461,1156,14,7.447688,676
2120,1340,19,19.772806,855
823,2442,5,17.633361,894
600,79,8,7.271996,363
1672,2020,18,12.473407,469
1777,1376,13,13.882307,276
1062,347,13,15.237370,137
1206,1961,20,10.713935,1109
598,460,15,16.885027,262
884,2392,16,9.195721,833
1875,1064,17,5.885781,325
1910,366,6,7.189390,553
522,96,6,17.535733,361
206,944,18,15.302348,657
2133,1112,11,19.950212,502
2068,1595,18,1.482900,394
1117,2181,13,12.044895,633
1529,889,10,6.148940,846
1062,1703,5,4.505076,622
1423,84,8,6.355037,687
2346,656,14,0.325013,211
868,2313,6,7.447480,1116
956,235,16,13.063420,224
17,1679,14,7.339984,972
1646,713,6,13.941268,970
87,956,13,3.698811,157
2432,1493,17,19.915898,1059
717,306,9,4.378532,830
2076,1182,18,6.547117,123
2243,187,18,16.726778,669
414,154,15,11.485286,177
1621,1519,9,14.302764,1092
1988,2240,6,9.947957,500
1891,909,6,3.584712,399
1636,791,7,12.978562,1092
2064,192,13,13.970930,464
1775,494,9,15.313877,1004
323,1612,19,0.022889,663
1751,2486,15,17.576989,173
512,1818,16,0.304651,1159
283,2453,12,8.746017,744
1903,2179,8,8.898390,767
1122,1908,18,11.366946,646
466,923,7,8.144250,182
1847,576,14,19.782226,874
342,147,19,2.299184,307
1325,61,11,0.478699,684
962,1464,16,6.627206,1191
670,925,15,3.038307,1122
339,992,19,18.498128,611
705,123,17,10.914810,328
29,1201,5,6.658816,751
2026,2426,10,20.074126,231
1931,1574,7,9.715991,1145
18,2254,14,19.368500,856
910,1867,13,6.371907,109
2464,2349,15,16.636969,591
1571,1646,6,19.056153,472
1465,1964,15,19.662870,1171
2030,549,15,4.375691,625
1380,84,16,5.320638,330
2228,5,7,16.703785,784
2022,587,13,5.356727,1135
1975,209,6,4.938114,453
1014,1505,20,18.398895,388
427,709,19,2.829267,1123
360,1643,10,6.524532,100
247,1005,16,0.866939,1126
747,1363,16,15.913203,542
74,1644,12,11.562047,341
239,2371,19,13.334197,627
1611,1060,6,13.975798,155
1885,608,7,11.756981,902
854,2032,10,20.027846,489
183,615,19,16.224743,579
298,1605,8,8.884945,240
881,1616,7,12.543471,178
1978,1202,15,20.280554,456
47,1883,5,13.394396,539
1386,2078,16,5.590909,497
1083,2449,19,10.857009,170
409,1523,19,14.282247,656
422,1781,11,15.142680,976
591,1943,20,19.517058,971
1952,929,5,14.422877,569
487,1251,11,11.294717,1016
2119,167,5,10.389929,796
891,2110,17,3.961591,648
822,512,18,5.690458,290
1436,154,19,20.385849,119
1339,109,13,14.265724,528
2492,388,16,4.132106,143
1426,1718,19,12.057352,234
1562,1881,15,18.052751,526
934,773,5,8.318420,1198
1669,2356,15,2.402847,873
294,1936,20,7.219395,835
1230,1311,20,2.154131,988
2219,2218,9,19.462636,970
1696,858,15,1.809953,563
680,1575,20,8.638631,916
1643,1138,10,20.402178,904
113,471,16,11.934157,223
1723,1836,10,6.004880,1038
847,1803,7,2.075612,588
689,1144,9,11.462076,1090
255,1544,11,4.875194,316
964,832,6,19.052772,218
1232,1475,7,2.477598,530
1926,1927,19,2.037844,423
583,963,13,7.116505,261
95,1898,15,6.952604,732
2210,2125,8,6.296914,486
867,108,17,5.056756,457
1005,2422,11,10.523548,1196
564,952,9,16.861672,321
1451,590,5,0.653110,227
657,49,5,17.835752,514
1642,2206,8,13.030236,309
869,1813,15,19.303701,745
325,1604,17,18.595543,1103
2204,389,8,2.575372,1145
1556,90,9,17.336838,615
254,2383,12,8.170644,962
1099,803,7,4.566093,165
1578,310,13,12.853308,359
216,449,17,6.530376,1186
1319,359,20,6.262848,380
1523,1518,7,4.270389,479
2240,2443,18,15.184540,157
2292,838,13,6.660355,376
1518,470,20,19.059577,1130
681,1483,11,10.918512,446
1181,2415,7,10.226214,1106
421,78,13,10.189576,1160
122,384,18,18.431451,1021
1437,1115,20,15.289063,475
1512,360,20,4.641571,893
525,2068,9,4.322027,1010
635,2441,18,16.120284,366
1296,899,7,2.402762,645
599,1772,17,11.254518,495
1257,1392,15,9.146274,966
2112,76,16,10.845047,665
2213,1357,12,12.465691,919
1203,1384,16,11.684796,566
240,96,9,2.820555,808
1046,264,18,0.571592,592
774,1980,9,4.298381,1129
412,1831,10,5.984542,298
1026,1678,7,13.537566,1079
2499,2219,8,9.337018,843
620,1950,11,15.131343,465
2386,2218,7,4.617898,377
984,2362,20,11.611303,1088
2249,85,19,11.857396,348
912,2261,14,7.923671,270
342,1566,17,10.528961,385
1856,2464,6,5.495904,867
1828,1788,19,16.655979,1122
1940,1289,15,7.423308,930
1088,1286,13,0.054929,783
563,2443,19,12.321032,331
2134,773,18,10.481731,246
1409,727,17,5.058870,1032
1600,68,16,6.725403,1029
1299,2474,5,16.263908,831
1840,529,11,8.501556,497
117,1555,19,11.135486,404
526,158,9,0.707378,1076
1523,1815,9,2.896137,379
333,1409,13,16.460702,183
1593,1306,8,11.018409,232
1500,2264,9,2.989693,130
1495,2209,19,0.825183,1173
1379,634,6,13.556598,1120
3,938,14,2.865053,210
424,1549,17,8.484373,108
2149,318,5,17.574611,571
1802,1813,5,7.059587,524
2179,596,19,19.734823,227
364,1605,10,14.357728,1151
1197,1626,7,16.769396,519
2252,1947,13,17.430098,362
2161,274,17,2.547809,845
2002,1635,18,12.262055,960
1830,2176,18,5.983998,272
960,67,12,5.630104,399
932,1443,16,3.845393,839
1146,339,11,19.348623,1156
177,1707,18,20.277497,891
1526,1071,14,7.640059,907
1986,130,8,8.691731,1108
735,1086,19,7.544373,782
1650,986,20,12.252761,758
353,1197,9,16.320128,404
1666,800,10,7.581099,1053
695,1899,17,6.412312,226
1753,260,13,7.248737,339
2278,520,17,6.566266,389
717,1649,6,14.174175,437
1995,1784,18,17.209919,174
1966,2497,10,13.099237,1144
2186,1372,20,12.237730,1053
2063,685,14,4.103706,599
1660,1849,7,9.773719,918
1653,137,13,1.595137,1106
1771,57,14,15.517228,341
1033,1416,20,7.543685,438
1400,355,16,6.874907,204
361,223,8,5.659447,1128
754,2310,14,12.865207,1047
1348,1735,7,1.407814,625
454,745,7,20.475398,535
17,1146,12,19.727725,628
2341,1763,17,14.280493,1010
1209,1735,16,5.679283,344
2472,1779,11,5.777710,120
664,1674,19,2.876208,1070
1156,576,18,7.307755,880
845,1971,8,8.290026,780
1825,161,18,17.207548,979
60,1903,19,10.802108,110
1827,983,16,11.183266,216
2355,2086,5,5.153327,271
2097,62,10,7.442131,1016
348,1186,13,11.890558,469
519,1195,19,16.110645,755
503,825,20,0.349596,589
1302,1459,13,3.128352,898
1311,2073,14,1.376150,114
1130,1546,10,14.546205,328
614,536,20,19.025300,114
448,1599,8,18.638067,526
1630,1412,17,15.607415,592
1208,2366,17,9.874601,863
824,2435,9,14.303789,502
401,1988,11,4.951540,162
497,341,8,16.988397,904
824,1308,8,9.044931,302
543,2032,12,11.979907,469
2182,1043,6,19.327990,624
2389,2361,13,12.653897,931
619,2157,8,1.183038,759
1583,1491,10,17.842236,429
2267,829,18,15.235650,750
1082,2493,10,15.546449,1014
153,359,16,14.430698,895
2179,1589,9,5.910035,662
1526,615,13,20.307723,558
1183,266,17,4.808447,928
146,1777,18,6.089473,870
893,2153,13,2.506640,715
1259,183,13,4.587360,1082
936,450,7,14.859732,1198
1249,2075,13,10.241510,872
1363,1841,13,18.347672,1026
1471,1167,13,15.101255,380
2436,1130,19,13.225116,365
1079,1655,15,4.324008,686
1687,1265,6,5.525512,112
799,1456,5,6.739897,115
2359,2446,9,0.019991,1014
898,925,11,5.339745,540
776,1634,17,10.078429,1136
1314,2377,11,17.653859,683
1396,56,8,15.042824,1187
2311,2358,19,6.454244,615
2376,2272,15,16.969172,121
2369,1403,13,10.520393,297
743,315,12,5.083746,1105
234,1091,15,3.222481,810
1673,1422,16,12.540296,988
4,2499,17,17.014798,134
827,1315,20,0.374605,729
2002,2028,12,1.329312,411
2192,2304,19,6.185255,1018
241,771,19,15.526567,1045
454,134,17,3.321171,816
2060,704,7,5.580505,1034
207,23,20,1.344851,861
458,1274,12,14.782776,1150
1528,414,6,2.473886,193
1573,814,10,7.905606,974
2244,25,15,13.369155,398
2147,1208,9,11.797680,795
821,935,15,7.273645,421
401,783,14,3.602792,1095
1808,1301,12,3.229167,869
848,1857,7,14.965676,245
19,1446,9,17.095013,635
1632,1633,19,1.340182,1103
2383,961,11,15.651414,1000
1632,2261,6,10.054426,357
390,663,10,4.212471,214
2164,1769,9,17.082487,1072
1025,846,8,6.915986,231
93,1037,16,11.518887,655
1313,816,17,10.673509,578
640,1619,18,10.564166,842
1228,350,15,10.049380,249
1907,2172,16,0.842550,1145
2109,1880,17,13.989181,466
1138,210,12,0.777405,1086
500,2015,17,3.335451,149
1628,1199,5,0.978351,127
2245,2163,14,19.665692,440
541,2089,13,0.700703,402
636,1063,17,1.207475,1193
1781,2336,11,7.810407,589
1289,1698,7,2.168885,1195
1697,2062,15,2.834544,794
1901,1593,7,0.053272,422
2341,536,20,18.206443,1069
1997,1613,12,12.073271,527
1775,646,18,0.355391,909
1195,1451,5,10.713274,218
2259,82,18,3.162712,878
2410,555,19,8.157723,1152
427,752,7,14.531774,597
401,1051,14,0.017656,921
2367,208,11,17.922102,718
150,1893,20,5.505877,552
1988,1327,6,6.269145,317
1812,1606,20,20.264079,350
1939,999,9,19.526686,134
1784,1121,13,0.564663,944
841,291,13,3.451423,175
1743,1016,19,0.146087,780
927,1387,11,15.658931,1049
2189,1456,8,13.849700,875
1106,2167,18,20.417656,1045
1401,174,6,12.924659,679
261,1876,9,14.344298,350
822,1542,16,14.226816,657
959,2316,17,16.012688,1140
1321,2164,16,5.314757,345
987,378,12,3.470885,292
1394,138,11,12.348506,405
1944,841,15,12.239619,424
1419,1984,9,18.636318,975
2411,1919,9,13.564526,1138
1941,1920,16,20.305804,1039
1931,1381,9,4.475307,147
435,71,7,16.595323,823
2203,1697,18,19.208704,646
1959,1984,9,16.606247,149
1932,2246,7,19.905684,206
946,1915,9,15.276147,578
1550,2298,10,14.638138,957
493,916,20,18.241124,238
2497,2180,14,13.818534,1025
455,926,6,17.507740,879
1568,1747,8,1.217848,783
515,1650,20,17.207482,522
1420,2122,11,3.070515,702
1079,1928,15,1.760810,682
28,1686,5,6.980256,657
2465,1409,17,11.515332,582
217,416,12,13.181431,519
275,2453,12,14.996905,952
544,1050,9,13.769677,921
695,390,11,15.615659,227
1885,447,8,1.192052,1173
1011,799,9,11.742974,592
1631,1663,8,2.497026,717
1833,33,9,14.314841,767
596,2292,18,12.907866,844
740,326,20,10.656788,766
1209,104,6,6.448146,648
1413,1678,15,12.564529,458
183,63,6,2.251173,1115
1799,171,10,5.525003,609
1599,1110,16,19.185234,405
658,544,15,15.397524,635
1942,390,18,14.586823,947
1786,17,10,1.028212,994
1224,432,13,17.269781,190
608,1603,11,19.079397,1142
2404,2230,18,1.630075,854
1907,1890,17,15.928866,1119
637,2262,19,16.117755,838
1962,1091,9,0.304905,454
57,1720,7,15.976563,619
282,649,5,9.114626,563
732,173,6,12.272255,166
1117,1579,11,1.121403,299
424,1710,15,2.310168,139
1170,1341,5,15.400631,291
2183,1269,15,13.781741,386
1812,1546,7,6.684877,843
783,1353,9,13.580041,1082
388,1322,17,5.369076,544
668,1236,10,7.929214,955
2176,1697,6,11.444044,698
1,1542,17,13.351377,628
108,2113,20,2.480409,929
678,1741,8,3.575929,631
449,90,16,8.725974,1041
959,321,9,2.930294,787
1274,1885,20,10.891419,904
1389,601,7,17.432359,1107
1762,886,9,19.937921,709
2432,1887,14,2.266478,972
1811,1873,17,2.431225,1147
516,1487,10,14.104316,1019
536,75,9,20.058820,926
1355,1272,15,16.956229,724
1424,997,15,11.813808,1173
2330,643,11,0.466895,1192
167,803,5,15.971053,383
1334,177,13,9.521859,1166
733,800,19,7.738350,1134
1137,1863,7,3.997232,630
960,1767,14,4.529386,190
802,2327,8,0.436803,1199
49,1534,17,15.005014,1073
1116,1290,11,19.302548,289
332,931,11,7.621774,886
2108,751,20,14.313388,195
2035,1088,11,5.569060,186
1935,719,20,16.502213,588
1925,397,11,12.890932,210
734,409,10,7.423448,211
1546,1941,7,1.105146,1002
638,820,6,3.918917,1137
720,1334,13,20.485433,734
647,111,7,6.827960,1080
2266,264,9,4.217707,564
1489,1197,12,5.538520,1014
912,2438,16,0.862339,605
1763,647,17,6.548926,492
2254,1646,8,2.978839,459
1365,2287,11,15.865209,451
90,1742,6,12.784073,193
277,101,11,4.310003,681
268,784,12,19.099927,716
1873,2122,8,6.580823,504
1143,612,8,2.432526,103
2284,2337,6,13.830445,1085
1553,1481,12,17.700044,884
1988,1018,5,13.732484,1047
170,173,7,0.341300,1121
1665,852,7,1.643749,810
849,1356,17,0.570796,1045
343,1576,8,4.718413,156
2040,2446,8,18.027041,557
2017,1025,10,10.330156,1070
1177,1985,6,2.960394,532
1124,844,7,4.529993,1178
325,1455,14,1.402792,474
1393,907,16,11.476497,969
2219,2137,8,14.677970,390
589,1114,20,9.922865,969
858,970,9,11.884204,871
205,2059,12,10.142112,643
1730,2041,9,18.790626,997
1406,1449,5,8.755520,1145
2424,2242,8,2.796700,397
187,1457,8,18.968849,607
996,910,5,12.137542,1108
429,2150,10,6.790962,756
2451,1678,6,2.236704,775
1277,511,16,18.840524,758
1762,1115,9,7.439488,904
296,629,17,7.727045,794
2443,1845,20,20.365940,1066
2253,1608,16,17.100743,1030
312,346,8,5.581079,390
2217,2144,8,6.821307,1079
2286,1634,18,5.149876,329
1370,483,15,3.753319,957
30,2238,19,0.053773,615
769,492,20,4.409102,660
2121,38,14,9.428017,315
1254,1013,8,2.311753,850
2230,2301,10,0.290824,273
1854,1248,15,18.158287,694
484,442,5,19.835356,793
948,713,16,19.714212,292
1888,959,7,7.119846,889
279,117,5,11.038358,633
2322,390,17,18.659172,443
2010,1721,7,12.338599,885
881,688,15,10.146427,919
544,424,7,14.367061,101
1978,511,17,4.021405,267
2212,2105,20,14.001881,580
1803,549,20,12.379723,982
1961,1389,15,15.129653,335
353,1781,6,16.821357,188
2181,884,18,6.604439,496
467,855,12,10.444330,141
1615,1101,12,10.666396,1034
1279,565,6,18.269002,767
350,1701,20,13.874435,583
2378,1779,6,8.030245,758
483,2281,5,12.824427,317
1941,890,6,3.056701,773
2083,298,10,13.122703,170
2167,902,14,4.920815,1080
1878,238,10,8.036389,625
2347,1279,16,1.640154,1129
281,599,20,0.244146,840
307,1916,8,12.539266,670
1231,2303,11,16.136492,782
1675,1572,13,4.956567,130
1674,1440,20,6.124207,809
55,2396,17,14.076368,932
1002,291,7,7.211554,409
1453,1124,12,10.744728,1134
742,1348,15,3.896842,291
1296,2493,17,5.351743,1080
1753,581,9,10.756304,1139
54,1444,8,19.094924,725
1417,2046,17,12.807623,921
455,1825,20,1.945222,480
1384,1567,13,14.233521,937
1084,1114,13,6.196363,854
151,441,17,14.890709,188
1510,2339,8,5.794315,288
482,1104,15,10.572104,216
255,1290,6,8.753536,380
877,23,13,8.567625,261
1333,530,20,0.688661,945
632,779,11,1.882136,1113
168,46,10,17.123630,981
723,1463,11,0.972721,990
2105,746,17,14.176316,788
800,826,12,7.743140,654
1980,2154,18,20.369304,1157
1827,962,12,13.383440,1119
1379,2344,5,6.389747,488
1958,1424,20,10.487080,557
245,204,8,6.378485,1119
626,1688,9,3.053834,563
1325,1496,14,17.952451,329
754,695,9,15.144210,312
1480,1144,20,18.217000,940
1393,720,20,9.275128,620
1542,2411,13,0.114292,748
428,1089,14,3.392109,379
1307,1860,7,14.335632,585
1411,710,15,2.669053,1154
2466,206,5,13.388927,754
1891,651,15,5.430633,684
2067,155,8,14.821449,173
793,1726,18,17.992991,349
1804,9,7,11.141198,419
2434,250,20,10.412768,190
1933,748,6,19.925313,833
845,1980,20,15.106471,624
350,726,12,9.010527,993
628,839,18,4.669720,1159
449,169,19,17.590532,789
1196,114,6,17.118072,176
226,739,18,10.852732,344
2002,1865,18,10.753715,211
513,1712,6,16.274152,906
2380,2084,8,19.989828,1069
1919,458,17,9.882623,865
1848,2182,6,7.999896,1091
1349,342,18,9.856946,726
1143,2243,6,6.096691,878
658,1641,19,13.730340,530
712,953,5,6.374015,334
1963,480,16,9.138408,739
1455,445,12,18.165518,309
713,1228,14,8.826891,768
1187,127,12,14.201150,209
1156,2464,11,2.850246,368
1066,1668,12,6.153103,1009
1878,1849,12,4.876357,286
2412,2422,17,17.120590,810
1177,1487,11,15.897896,433
2378,874,16,18.797888,224
1326,1618,10,8.146089,856
98,560,14,14.770620,860
1113,1069,17,13.320322,261
970,1920,18,3.624467,543
2013,710,20,11.250616,371
1277,505,18,12.659127,607
2278,25,13,3.896216,285
2140,2293,19,17.610360,1032
481,1537,8,2.791301,319
1390,523,17,10.416339,524
1644,1626,16,0.622697,490
2297,1601,16,5.358538,803
1217,1238,11,6.753059,1190
879,951,9,15.807688,848
1079,632,15,5.430086,286
877,686,10,9.896004,866
692,311,11,2.394583,685
1487,453,5,8.311986,471
1987,1188,14,12.926596,469
1230,1178,6,17.881138,797
2032,772,17,3.698859,333
2089,1086,12,17.794359,639
339,1125,12,9.495692,975
276,358,20,19.541652,455
126,1203,5,14.355436,847
1855,1161,8,2.982950,201
105,1809,20,14.852766,585
1877,2497,18,14.665873,657
2171,328,13,14.440959,762
663,1408,5,4.748916,1186
1230,1294,18,6.978894,1148
1712,267,7,8.101684,1068
2425,1283,19,4.506823,571
1835,1947,6,8.256214,1163
2261,2316,14,11.562067,664
1044,503,7,1.503009,179
622,568,13,19.657815,946
2125,688,5,13.647656,826
294,1629,6,12.574247,993
1460,1109,20,1.198198,1078
2208,212,10,11.030578,787
2087,675,14,9.808076,323
282,1533,15,8.261862,994
1906,222,9,10.757514,520
1485,1349,15,10.758649,284
679,533,12,2.148572,560
2247,1292,14,1.092486,831
185,838,14,6.046414,1090
1588,1098,7,19.721343,702
2275,1940,11,18.424973,700
1055,1575,12,15.471364,767
2326,1470,12,8.564287,669
1110,14,11,3.007027,829
601,193,14,3.430395,202
1831,2168,10,13.207544,738
1048,1528,6,16.599701,144
632,2056,20,7.771968,660
2414,1236,12,13.989767,1192
965,421,18,14.000294,1044
1126,1728,20,5.725322,157
1144,1916,10,11.035053,632
473,1272,9,5.076322,197
223,1045,13,18.614160,707
285,1167,17,14.818575,705
58,1267,7,5.971734,966
2029,1610,14,13.346673,274
1225,1367,5,19.293983,1152
2175,1200,16,17.888627,178
1701,937,10,6.141611,207
1765,722,13,0.719042,387
730,1311,12,7.516257,273
2274,1972,20,4.429345,1189
1185,284,12,11.893097,582
1262,1994,8,0.157735,637
1167,315,6,11.099230,872
1389,831,9,16.797462,1184
1659,1840,15,13.985210,1125
554,1290,15,13.708369,801
514,2438,9,19.960201,1161
217,1075,19,10.999298,447
1619,2314,13,7.822442,1043
2448,398,12,3.296359,828
1548,201,19,13.643694,379
1745,461,12,5.527051,182
1115,1028,17,3.394421,258
2433,1783,18,20.234068,980
1892,2313,5,7.584879,155
627,1181,10,2.732235,535
1195,419,13,17.090087,336
401,881,16,2.834499,993
2414,1857,10,18.676384,598
459,616,16,7.060974,355
1399,2244,16,19.301827,642
2181,2218,16,3.853826,228
2116,1315,8,11.539765,137
2368,1784,14,11.613929,100
2153,543,18,16.891781,1072
1372,415,13,15.428135,195
2227,881,6,8.642759,615
765,2021,18,9.690992,412
695,817,13,13.424005,1065
2391,2152,17,12.012166,199
247,181,7,0.544207,892
2185,828,7,10.880870,633
1768,1161,6,1.409299,414
690,1081,14,17.181962,934
928,2344,11,12.347717,569
519,253,15,19.354840,865
539,1031,10,16.553765,277
182,2231,18,9.337773,265
773,2215,6,16.198375,620
1144,1631,5,5.950015,768
2435,2207,10,5.520287,355
151,2230,11,8.011962,475
2388,1644,20,19.268678,787
1577,1873,19,14.593760,218
2330,2072,9,20.289517,395
1028,960,11,15.943163,645
154,1382,11,15.444031,932
1615,796,14,13.683615,858
195,2290,20,13.038899,113
2384,84,17,12.407674,599
1671,924,9,13.565773,874
2173,732,9,5.954602,715
1690,1311,16,1.389344,699
2332,1391,18,15.510094,266
2055,1943,19,14.470804,786
917,2485,8,18.551304,875
602,1417,18,5.143621,650
968,2305,17,15.669815,494
976,1496,10,16.880438,368
468,911,18,12.571392,1047
1847,1295,7,18.817735,396
664,1827,15,2.014204,661
58,840,20,17.947854,878
1296,1662,7,11.620190,514
555,943,8,8.963672,830
2250,1985,13,18.204528,170
404,487,17,3.314034,492
932,369,16,15.780095,343
173,1473,18,2.588520,809
756,1936,17,10.177700,456
1190,778,19,1.956758,312
1608,1800,17,9.622084,692
2351,1164,20,8.819818,338
1114,1950,11,6.585386,523
1272,2145,16,6.253777,266
918,1729,7,4.151951,102
1189,2178,7,4.975946,923
1932,106,5,14.172084,255
748,1236,17,20.318738,127
751,136,15,17.691915,849
1243,2213,12,0.189215,345
2346,967,16,9.144594,119
982,1678,13,16.691524,790
1917,1178,12,4.968003,350
54,784,19,1.936343,793
1659,1227,12,17.969224,1172
569,1167,5,8.506227,910
1831,491,16,15.455986,111
1677,1237,11,0.641546,934
1448,463,11,16.298525,697
1122,756,19,20.026239,1157
989,1707,18,15.760245,985
32,2364,10,16.364243,645
829,2453,18,3.226037,299
2046,904,19,1.296070,1170
161,2067,16,4.577979,1180
2105,1736,17,4.008082,470
1632,1496,12,7.943695,354
2453,827,19,14.729525,649
513,2304,15,15.796289,168
1431,922,7,9.988913,210
1086,1223,8,10.951812,312
2,284,11,12.933352,159
1789,338,7,11.677483,255
1469,1452,7,19.127086,156
49,1507,11,12.922650,316
181,2493,20,9.544713,135
361,408,13,1.915199,126
1261,2268,17,5.941725,622
1695,1219,6,8.961233,103
913,1072,18,12.346097,553
450,1160,15,9.766300,915
2353,1130,9,2.162667,106
160,960,8,13.854517,722
1472,1275,11,19.465846,722
1451,1191,18,16.649686,829
897,561,20,8.597858,115
1641,1312,20,3.328055,249
2443,1603,12,16.948010,642
632,2388,13,14.119064,1062
2308,1561,7,11.469626,383
947,895,10,15.643877,628
436,1393,8,12.238895,375
254,423,18,6.643388,683
1469,1056,7,10.521998,915
8,1117,11,9.695755,1153
1450,1088,7,11.767914,698
1256,1362,5,11.147612,1069
1752,386,14,3.917545,817
224,1743,9,15.791907,556
1591,1971,13,7.649367,907
1175,1690,14,9.031358,558
2376,1634,19,0.359512,553
1061,665,12,3.374992,314
1402,1166,19,10.607120,250
1919,1990,7,3.222071,241
1509,1253,6,13.383661,102
2185,1777,6,16.074213,1192
1123,660,6,3.917266,852
723,1747,11,17.994255,965
1242,1764,19,2.993433,706
191,1920,6,20.355414,815
1564,843,13,18.487869,375
1915,999,7,14.385775,162
368,2042,20,8.365554,190
663,1870,18,4.340055,132
1386,220,7,2.941612,371
1833,736,19,6.915313,537
2207,2318,13,3.719655,172
873,685,20,7.534416,108
1592,2201,6,14.760364,541
173,183,9,4.664294,852
598,604,14,17.898270,1029
1322,785,10,1.133480,731
407,301,17,3.553791,957
1924,1288,6,0.317340,1015
857,365,11,10.333251,491
1336,995,17,12.655790,137
528,1215,9,12.631427,890
1533,1541,17,15.245360,1063
171,856,6,1.653140,102
218,982,8,17.951184,562
1366,1863,9,0.048283,444
1148,104,17,16.442707,560
163,539,15,16.261605,1165
2200,934,13,17.402440,422
1979,2279,11,8.460294,1038
508,88,20,7.624429,1167
2310,112,9,3.141394,916
820,2071,9,17.129495,271
1050,190,19,0.850433,936
1276,1881,9,16.083767,1035
1856,49,19,15.533303,390
2107,2357,11,12.805288,1049
375,1333,14,9.531876,213
1461,432,20,19.289923,1106
426,34,12,9.535059,333
2277,1544,14,12.788947,199
2398,1778,8,2.540412,836
1007,219,6,18.239934,979
2435,1598,17,19.839483,961
2287,190,6,4.597298,1094
1635,800,12,17.028395,1002
1813,382,13,12.998069,954
138,874,17,17.396057,837
1780,1684,11,16.809565,1200
825,130,11,7.217507,285
469,1201,19,0.627027,325
693,1106,20,5.626399,1041
314,1973,11,16.395636,166
1546,1727,8,19.881275,1110
712,981,15,14.033205,1144
1128,105,6,12.195937,1054
278,465,5,3.569770,1034
1664,1084,20,5.158922,938
1609,611,18,4.705376,1180
1618,660,12,6.755573,1103
2349,1883,7,5.745535,191
1023,1450,6,16.289247,910
2451,1300,19,16.647518,1171
1549,224,19,16.817857,566
28,2440,19,16.468783,1131
1526,405,6,15.105849,951
517,553,6,19.544055,829
2373,2144,5,9.825725,1038
832,1941,13,12.823823,148
1953,848,14,15.361904,459
744,109,17,19.097270,565
783,168,15,5.202579,935
1472,892,8,14.503230,769
1555,1651,14,18.598506,723
1525,1663,19,6.186992,770
483,185,10,10.497627,1134
1856,1511,15,15.904515,475
2476,591,20,14.053722,1135
1230,2374,13,13.456371,1039
2297,803,11,16.189395,1179
2448,2370,18,19.548643,481
521,537,19,1.290349,880
1840,1215,15,6.340621,303
46,1313,18,5.922489,369
1642,165,17,10.330748,825
2486,1443,13,12.884693,985
916,259,14,17.384762,366
1826,577,18,15.803260,134
821,982,10,1.770005,445
1694,881,15,16.225131,857
806,656,7,14.331727,365
1379,116,15,6.556092,675
1369,2261,12,11.034482,967
2143,1254,18,3.835721,641
608,1521,12,17.097316,311
643,2178,6,10.628816,990
1250,749,15,0.667206,230
244,1565,15,2.876376,497
798,161,12,5.047435,655
249,1708,7,11.076718,1178
1752,676,17,19.049957,471
2358,14,13,3.785272,1049
217,2357,17,11.214873,798
2477,314,14,4.387999,280
2282,2193,18,4.158250,312
674,2009,5,15.492744,902
553,225,7,16.103573,329
2079,2272,19,16.768880,327
510,392,15,3.261876,195
1596,1441,20,3.541727,961
68,1921,5,18.615990,279
2041,1960,15,16.313710,116
118,147,11,1.661376,711
2413,1512,17,2.013459,1076
1514,1884,20,20.168338,774
44,77,9,14.067912,735
1730,1018,17,15.453688,691
1341,79,16,3.709242,1006
1909,2024,6,16.391228,565
2093,1650,15,14.177836,270
1586,1505,5,11.714902,1001
1598,2083,14,18.776427,920
2474,1101,15,11.609461,1116
892,421,9,5.820824,147
1404,2222,8,2.425102,688
1401,54,18,13.553859,1166
906,750,19,0.816041,724
370,911,6,16.319449,542
274,1502,18,11.724932,111
1703,1414,5,20.281947,473
1472,618,9,16.053661,1052
1790,2389,6,10.259400,712
964,2462,17,0.493390,344
704,177,14,15.107329,280
1992,707,15,20.419329,1141
2042,1353,9,19.008689,719
1488,1110,18,7.491860,803
626,2231,7,1.833085,879
2195,1581,9,12.973511,999
1530,874,5,19.004250,315
2029,855,16,19.073674,364
2309,656,14,11.213357,650
1164,1883,10,6.236730,508
825,749,14,5.838692,363
677,2008,5,0.303929,704
801,342,20,10.571614,181
2060,992,19,18.634887,110
431,2288,14,19.229514,810
2120,1429,12,19.611050,521
1833,2191,15,3.223198,1098
2454,1824,13,15.180114,1022
346,687,12,9.796397,311
1347,2420,14,7.125599,704
1882,1981,15,5.592123,117
685,1775,6,7.208750,627
2429,208,20,17.655904,1024
994,588,7,11.690629,302
2350,736,5,19.961797,1121
380,1267,18,3.210241,457
745,2343,7,17.614594,389
2324,244,9,9.531424,614
918,42,10,11.565832,408
738,625,9,12.962767,227
2090,656,11,19.383917,1172
1803,258,20,1.542702,220
1233,1788,12,11.903984,769
66,763,16,1.922865,414
2292,1437,17,11.410628,198
2466,2318,5,11.084209,870
1935,751,20,15.356519,1140
1859,2457,8,7.152336,304
2027,2063,5,10.113155,574
853,1158,9,19.588614,550
27,579,14,10.077364,327
1519,2211,10,12.514732,400
1225,586,15,0.624004,1125
105,1472,19,4.864519,804
124,626,18,15.829739,973
941,1244,7,15.037234,445
1854,2073,10,18.624240,1105
393,2097,12,16.195552,532
143,371,20,6.197235,666
2024,2046,6,5.470118,631
47,237,17,15.366273,664
1633,678,15,9.377938,563
706,50,5,12.352267,986
1024,340,15,4.388584,406
2251,1204,6,11.031427,337
1363,84,5,9.158918,1179
200,237,18,13.673985,269
1115,2367,20,1.646637,420
803,1700,20,19.807605,866
741,879,11,10.429074,893
794,1699,12,17.051567,1095
2072,430,14,3.016352,1077
1250,2454,16,10.812718,1103
1427,1845,7,12.893066,1030
2355,2353,6,7.913788,771
1639,1515,17,15.167177,704
740,1555,11,0.952075,1074
109,822,20,13.814470,696
1988,831,20,3.008726,597
1627,181,19,15.245343,1154
1713,138,12,7.262721,954
1656,139,5,9.874292,662
309,650,19,9.764127,990
2273,1549,5,14.320016,879
827,2040,7,5.833383,1128
1061,1568,11,7.349680,1045
594,110,6,9.818507,875
1873,974,7,20.269909,479
835,1488,16,3.972389,461
1872,2159,8,2.562050,689
1399,2406,14,18.829910,1181
1705,1278,17,7.681616,245
1379,2345,8,5.055419,1102
498,923,17,15.102826,848
220,1397,18,6.655163,1132
1733,273,11,6.695914,380
643,2277,20,18.575377,1148
1855,1758,8,13.285072,978
768,1870,14,11.089427,767
2297,406,16,19.785134,764
2129,301,18,14.973863,699
1754,482,12,11.317460,673
67,1728,16,9.348754,1047
1711,2041,17,20.091264,349
1332,1751,14,0.342138,496
866,2090,6,11.091718,513
1532,1445,6,15.089678,441
272,1710,9,2.419338,767
495,1327,17,20.289021,1197
1140,2314,18,0.367149,161
1167,797,17,11.457347,503
1041,2047,8,5.080886,584
1984,1675,16,1.878743,1033
542,2306,5,13.123305,658
69,914,12,17.798235,466
1039,120,13,2.782748,380
905,1163,18,15.352358,1199
58,1556,18,9.768682,453
1382,2365,18,5.238089,583
572,1007,19,7.043733,643
752,321,11,13.254013,441
284,1365,12,5.103194,957
87,1028,19,6.788206,129
1574,479,9,15.135399,398
772,1946,13,1.675506,326
282,1297,9,9.540966,595
162,2229,6,13.822979,1022
57,1579,11,8.699488,780
2029,2205,20,11.653747,600
284,2342,13,19.303397,617
1159,539,15,2.005345,195
1489,1290,19,8.986712,1075
885,2210,20,13.830231,964
621,161,5,2.970293,361
2314,303,10,18.415520,886
89,853,15,15.758510,1059
959,1919,17,3.648335,1027
327,890,8,19.060419,790
1738,1311,7,8.969279,603
1983,1101,12,1.636902,178
232,2113,6,6.951800,941
832,2011,5,19.683161,1147
2087,575,7,15.274296,916
1332,2403,16,1.036766,901
1729,1776,16,20.358533,329
1452,1904,9,16.122416,1012
2463,717,18,8.840176,307
1623,1249,20,2.524998,444
2395,2222,13,14.994210,745
1904,2013,5,12.797494,606
1135,2345,15,2.967725,907
1177,1829,14,15.658251,900
299,1582,15,8.246818,586
1112,1001,8,3.468610,1012
1559,1032,11,20.293750,172
118,871,20,9.851310,501
1316,1694,14,7.129148,657
677,890,9,9.285547,750
112,218,10,2.739104,906
1872,1687,13,5.356980,1051
244,252,17,5.374714,299
1032,2054,15,4.446113,981
1439,1935,7,13.062166,1191
1207,307,10,3.800898,459
1878,2479,16,1.369266,947
703,655,7,11.088419,493
1853,1668,6,6.863738,979
392,2391,18,16.128076,254
968,1566,7,14.425439,459
1218,561,20,5.601198,474
651,757,14,18.300970,942
2211,658,19,14.957134,550
1133,2213,5,16.853670,1138
2103,1515,12,4.269944,815
61,1304,20,14.218749,822
277,2012,15,5.971851,825
333,1985,14,4.074493,198
1026,2110,15,18.488875,843
2270,1449,9,15.219253,432
2066,1815,8,10.007986,776
1106,1357,7,10.516920,1011
1789,2264,8,9.243289,550
845,2179,15,7.593355,695
1080,846,17,12.927446,781
1577,2093,13,7.002830,755
139,1525,9,14.520848,276
1848,1091,17,2.859914,887
2038,209,12,7.547315,649
1547,870,13,18.095786,1191
536,66,10,12.721776,759
1838,753,14,11.075909,229
708,1883,10,8.384613,966
1391,1507,6,17.893918,333
2414,1917,18,8.181825,666
2111,1731,7,15.616383,1156
1013,2456,18,15.635955,911
1419,2386,10,14.846771,413
1388,13,20,13.485631,293
1722,2338,9,14.000470,1055
1454,585,12,10.268944,479
2467,1419,13,14.166713,1158
46,2470,19,4.672175,958
1828,304,10,3.534832,324
327,1557,18,13.891356,652
688,2043,20,18.428627,662
442,945,20,17.945064,291
1984,1641,5,11.738466,217
1433,588,14,17.269863,551
1419,1688,11,9.428773,1070
1991,128,5,1.168971,313
1254,1515,12,19.269535,1141
487,998,5,16.207311,450
1306,765,7,19.614032,786
1629,159,5,16.221991,695
1305,1761,15,15.485473,871
1438,1925,20,4.378034,929
878,1009,17,19.599012,1042
567,1544,6,13.353508,166
2497,1556,15,1.240787,595
2431,69,19,3.431809,339
86,673,10,7.136809,336
1777,2461,18,0.383905,459
32,966,13,10.783234,385
1856,2168,18,5.909373,1008
1515,606,7,16.913241,120
1348,1331,20,10.363805,437
1806,221,6,16.021007,1058
1451,1813,17,20.414270,1053
2128,2498,15,3.029820,445
256,1097,14,18.855309,590
1854,786,16,12.107245,775
822,731,5,9.751816,160
1025,38,8,4.921901,313
1629,2388,16,7.744247,415
687,1485,13,5.043538,1197
1810,441,13,7.551803,1134
221,2202,11,15.255030,316
1647,1201,10,14.847217,182
1241,754,14,13.241519,721
1104,1805,13,4.687036,957
247,1924,10,3.769076,545
1712,617,16,0.841412,309
1748,2067,15,14.480307,743
79,551,10,15.344717,728
1238,849,18,13.320727,570
594,648,19,5.134688,175
693,379,16,6.093485,142
644,806,10,18.779596,856
1309,262,11,5.157196,882
42,2101,8,9.425184,506
2165,2042,14,16.973218,979
889,1628,13,3.355383,234
2196,2408,11,11.890013,910
1672,2365,8,2.565029,944
679,1139,6,7.502959,362
1272,2375,9,4.138563,555
861,574,8,11.800490,380
426,1095,12,20.138279,1137
1735,927,14,9.844918,639
464,1778,6,7.691355,968
1465,1570,14,12.254821,327
252,1019,10,15.527596,537
1829,2366,7,3.896554,302
223,575,17,2.140663,1143
390,1127,7,7.146553,176
642,1240,19,11.695530,537
794,1653,5,3.210141,558
745,780,16,1.709314,838
1590,2108,14,16.746666,206
585,1003,19,3.972231,991
1964,980,17,15.063583,1086
2332,2101,8,2.072540,610
2475,609,16,20.088003,580
2252,1443,14,7.899242,623
2014,2476,15,5.692185,190
1451,2339,8,3.676222,395
161,959,20,10.258020,943
1121,2144,18,18.228725,719
1190,1905,20,3.389186,336
1664,1026,7,6.247391,1096
2065,451,15,19.679645,1100
2298,327,11,6.518069,154
2237,566,20,8.783735,466
2385,2238,16,18.604040,302
1845,3,7,0.243123,275
1733,802,11,17.888871,970
1012,1419,20,4.231359,912
1391,1107,12,16.822735,1027
1501,1862,6,10.924913,920
782,1906,7,11.153553,131
1543,1336,9,6.537370,1134
724,1082,17,5.500064,642
242,636,6,12.954080,978
1970,178,17,15.736687,820
505,202,13,12.005765,262
804,1946,12,20.302321,962
2055,2043,16,14.980641,553
2113,1246,6,15.135690,203
1450,1286,7,19.500527,291
867,154,16,1.526945,175
776,1769,6,6.170617,178
1736,640,10,16.701515,853
353,1711,20,3.151577,1177
341,208,13,19.540546,295
1542,260,8,19.939488,773
876,2323,8,4.063099,1022
622,857,19,16.865726,420
2445,1926,18,16.363818,573
1126,2099,20,15.217582,1102
394,338,7,13.521787,261
2386,1356,14,7.793077,381
1627,1077,11,2.293853,1016
1215,2441,8,3.112233,681
264,1654,11,3.045983,420
1599,1803,6,20.101909,1155
124,1327,20,12.744297,310
66,1475,5,18.700791,145
597,1037,14,18.053791,294
1167,856,5,13.792950,482
2052,2009,8,14.989243,598
2433,1367,13,17.462219,704
1628,2063,11,0.709550,383
1932,2370,15,17.577690,103
1582,1114,16,16.144122,218
1277,857,10,11.169268,936
567,2070,14,2.865814,577
387,454,15,1.871217,120
1780,2237,13,0.316741,235
782,1326,16,16.705949,757
812,1739,5,19.866006,1147
1283,865,6,5.282694,1129
2259,1125,6,0.262898,215
1494,1025,20,7.138589,919
1022,2393,16,15.482109,997
995,1170,19,7.609314,1045
1444,1662,9,10.833689,502
1733,670,5,3.240997,303
1420,1647,10,13.260815,966
659,1191,16,8.377797,996
1181,2283,5,14.285819,1160
40,2143,15,20.400408,1182
1779,1834,15,10.740948,215
1292,1859,17,7.456293,327
2391,1424,13,3.055822,819
2492,290,15,5.360386,750
2107,2400,12,13.619805,383
1110,1913,11,17.644855,1128
694,1844,7,8.450495,793
1436,1742,12,16.871321,945
2230,1956,8,7.382212,521
1247,28,17,16.826576,532
2058,1747,9,15.024927,332
486,1990,12,10.306196,1063
1975,1188,10,15.111678,1191
873,503,20,13.686893,374
1317,1605,9,12.210985,698
1683,164,17,14.535555,465
678,1893,18,13.723204,1045
189,278,7,4.075357,629
664,1516,14,16.972420,1170
2421,1326,6,13.120876,457
769,424,12,20.359131,1157
433,347,11,19.930236,626
637,1720,10,12.504129,1122
143,1496,15,0.199646,1122
1252,814,13,17.468828,875
2073,1014,13,16.515524,700
2111,1572,5,17.210181,338
355,75,12,5.639148,544
1781,547,5,12.053692,265
321,1561,20,7.353854,360
2003,219,17,17.492680,644
1092,1395,18,16.696611,167
463,97,20,6.077284,759
918,1588,6,11.747766,763
1466,514,7,8.839414,676
170,2063,18,14.521945,1101
606,661,8,13.102203,363
1292,530,8,11.308449,1156
2208,322,14,19.434683,198
1160,1172,20,15.563604,204
297,418,5,20.459674,254
855,2172,11,2.031189,1181
1141,2029,8,1.721656,590
1614,2150,13,15.398612,789
382,1576,9,4.054528,886
647,863,14,4.330285,1011
235,2146,9,17.444078,1135
2479,2173,9,18.476105,258
972,305,18,6.221526,206
213,560,13,9.572991,121
1552,1848,8,12.785779,492
2058,1100,14,0.174489,350
46,1165,18,0.932543,342
31,2412,17,16.237545,426
2116,396,5,11.012157,399
1598,570,18,5.807747,388
915,1872,14,16.312500,324
1478,724,17,15.425602,171
59,1125,6,12.806197,120
1058,1499,12,12.953554,444
1892,2226,20,13.977578,521
2015,218,16,3.388732,342
79,820,8,14.326187,1199
812,1139,6,8.689304,922
998,1246,16,12.465471,812
2294,580,14,12.335950,594
138,458,10,16.502823,983
134,998,15,14.784480,700
105,2198,17,6.985206,924
21,551,16,2.374483,112
2318,108,8,3.089041,678
2384,1866,18,4.782159,652
1981,1717,11,19.786251,331
1532,2039,9,5.593360,536
1172,1295,18,9.717939,796
1099,1082,12,10.725978,437
777,1731,8,7.174257,914
389,1231,19,5.054945,1199
1615,713,11,1.386847,147
1896,423,20,0.662851,418
120,1757,17,8.468590,173
1090,1832,13,10.285505,370
1527,318,8,6.030900,577
433,1275,9,12.635433,236
133,1211,13,6.166545,554
1860,444,5,0.211512,671
45,348,9,10.700521,1129
239,521,15,14.469837,392
2179,682,8,19.818535,1000
839,541,15,9.323849,837
1843,2417,11,9.271579,840
1922,1681,10,9.015576,300
1285,971,6,9.903752,381
1754,324,5,17.871268,460
43,273,12,4.079120,933
519,2461,16,13.247745,128
269,309,8,0.904605,662
1207,1668,7,5.923301,877
2484,1294,14,3.155224,281
924,2158,18,19.648629,562
1463,761,18,4.368664,935
1973,1573,17,13.470240,974
223,2025,17,16.773632,1162
116,1032,8,19.034229,1042
451,2115,14,16.661902,866
2287,1223,13,13.322872,505
2480,1252,10,11.430255,434
1519,25,5,3.796559,709
601,376,15,4.193739,442
925,1161,15,13.598122,337
2369,840,12,13.995662,517
1984,704,9,4.473754,1102
1252,1047,7,0.945751,1069
405,2022,11,7.840832,999
1006,894,12,18.955482,107
406,1089,13,19.552371,729
848,804,10,10.549785,755
2115,1976,9,1.415519,396
1570,424,17,18.345239,487
1942,431,16,6.076617,219
316,1528,8,14.220771,289
402,2233,9,10.756971,1184
2316,838,9,7.040790,578
1956,240,19,3.519467,687
963,463,18,8.455668,958
919,1960,20,17.644235,417
522,53,14,20.278251,716
830,1251,7,0.207138,1128
1752,1731,6,2.328162,1025
991,1418,13,13.678372,488
2309,2151,6,3.149970,209
1483,367,19,1.468242,617
965,2387,12,12.634025,346
1717,1232,9,19.197052,736
1050,762,19,3.282834,285
1218,1943,18,14.560861,865
1666,336,7,6.125191,338
102,345,8,6.599064,955
1990,1559,20,17.563718,695
1797,783,17,0.284925,711
1309,1915,11,13.303981,1059
16,2210,9,6.653372,703
307,2480,6,3.062846,254
844,853,9,10.592584,909
1378,2144,8,7.827660,571
354,390,20,2.064737,922
1487,1153,17,15.143753,700
1745,1231,8,8.334980,474
1246,392,6,3.607455,367
1939,687,8,8.978978,408
2404,2288,12,18.138093,1070
1000,1985,7,16.362848,1121
804,2270,15,12.953250,139
2192,2358,8,0.306172,822
1999,1343,16,7.333313,192
2251,366,18,11.109949,1169
2074,1462,18,15.521983,601
158,1840,16,6.283476,146
2265,1011,11,0.230775,693
2242,446,10,16.800888,753
1696,1207,15,14.243331,1166
752,1064,17,4.591012,933
563,327,8,13.081832,963
604,2472,7,6.800801,696
564,592,9,2.078917,400
1768,623,10,20.341626,318
2085,535,5,13.354937,485
1014,2321,16,19.586807,501
1705,2114,13,11.731796,1087
2349,1045,8,4.703624,577
1656,2027,19,0.471502,485
408,1424,9,3.734648,1086
364,1566,6,19.739795,248
817,685,5,2.767154,1061
1324,290,6,2.526021,739
1005,1171,7,10.532816,1165
921,1448,17,0.957064,151
326,1159,8,4.634520,359
1609,61,11,14.259298,881
1377,2252,15,7.916247,579
458,1866,8,9.640295,670
2359,1228,8,16.005779,1048
1379,1612,19,0.533360,913
1689,2305,17,9.124598,734
1667,2153,6,10.271048,594
1607,1281,16,5.380194,1176
2178,2047,16,15.160068,662
2486,1627,12,3.364771,204
740,2021,8,14.043181,881
1158,440,8,2.251836,1101
658,2133,9,2.588816,607
2233,696,20,8.866773,792
2256,88,17,7.771865,499
1026,1871,13,20.149289,898
1957,930,11,0.906156,1178
997,373,18,4.452858,1135
628,1128,7,2.533122,762
2173,406,15,5.306728,439
555,1494,12,6.753637,795
748,1540,12,13.782811,135
209,2412,18,13.544865,518
1981,2447,13,10.565365,714
1414,757,11,2.273441,712
721,1137,6,1.759561,323
215,2093,6,8.125646,580
722,218,13,2.673361,900
1275,1546,9,12.737459,325
1475,2439,7,7.800923,1002
792,1587,6,0.497584,416
1494,2423,14,19.554985,1188
111,1638,20,8.189598,742
43,1908,17,18.015934,581
1988,2230,9,14.711094,194
873,622,7,6.183564,792
1754,2153,9,12.445186,280
1561,715,12,8.064125,657
2238,2457,7,9.339894,883
480,2342,20,15.701995,678
1515,1116,17,0.460764,216
2328,1653,9,11.194488,808
803,503,14,14.018076,1024
2141,663,10,11.522396,227
652,110,7,17.531036,824
1575,2261,9,3.315203,287
1242,643,10,12.862441,370
1510,2491,7,4.378016,1152
2412,1402,16,17.288616,773
199,2021,12,18.571890,1167
2057,158,20,19.710659,171
1471,1795,17,11.823211,789
332,460,7,13.796003,123
1809,863,16,18.690324,767
926,239,10,20.403500,1112
167,998,13,9.490898,388
495,1794,6,12.290824,104
1690,2182,20,9.463000,787
1709,1530,15,2.297488,1093
1868,1493,18,14.873929,144
1309,1570,17,12.029097,763
310,2396,20,10.977620,227
158,528,10,8.420776,368
65,495,16,4.969218,762
2397,1176,7,1.537650,872
1661,1104,9,11.401489,924
1472,1491,6,17.809638,1058
2328,1669,14,17.312262,842
583,1407,12,0.649262,289
547,2037,16,0.411315,470
1803,777,12,14.577251,1098
489,717,5,13.221081,250
767,1353,17,3.444522,678
20,169,17,0.831202,1007
579,1843,8,0.785033,609
1652,2393,15,7.045972,502
1048,2477,16,2.090612,995
34,1874,9,6.645442,1093
183,1061,9,3.576429,782
1083,326,16,9.357718,578
1141,367,8,11.742331,1023
2292,966,17,17.862846,955
1974,742,11,18.773609,1061
155,487,14,6.915616,236
693,1062,5,15.805627,895
1281,1575,20,3.834114,544
964,1395,5,6.093749,367
1441,1881,13,14.998624,107
1053,2189,9,10.321326,855
378,679,18,11.794083,1012
2176,434,9,17.556683,652
731,1843,13,10.650499,961
1218,1588,13,5.088665,914
1094,1738,11,10.935270,287
1935,2010,13,3.647961,385
903,1192,13,7.741855,1079
2052,1137,16,2.212544,955
2102,1307,12,18.031988,402
2349,2290,17,6.255136,610
1231,2266,16,16.574945,1149
1671,1564,10,6.457536,537
2125,1049,14,2.041574,962
1584,761,6,3.971031,973
442,1822,13,13.628848,882
1970,2349,16,15.101441,128
827,1084,16,5.750020,398
880,729,17,7.492165,698
1601,2064,9,10.622365,469
2310,1964,15,8.568433,1123
985,1126,10,12.570412,887
1425,2003,7,5.579138,526
1740,534,10,14.372849,207
403,1300,18,7.869996,957
893,223,14,8.313563,201
1472,163,19,20.099340,744
1810,1420,15,11.874650,470
1984,1538,13,16.443694,918
96,580,8,2.302800,573
320,697,17,7.325306,248
1937,1881,11,5.534256,1130
867,1210,18,6.042037,868
1431,1326,20,7.823983,814
1025,336,14,15.929732,373
2417,1030,15,12.378181,491
908,1289,7,1.797878,648
86,1966,9,7.339644,1019
707,2171,12,11.154592,160
668,1962,8,17.754747,422
2275,2473,18,3.909060,902
1917,2259,12,7.970177,946
895,662,5,13.054235,1116
2223,2209,10,10.173300,1103
1239,1279,5,15.946852,933
1725,2176,10,19.079835,539
65,340,15,8.236074,1099
2244,346,19,3.240213,1066
6,554,5,3.838666,661
955,1806,6,17.210314,463
2150,1559,13,17.121123,730
608,2252,8,13.891275,188
872,1669,20,4.757638,625
1173,1051,9,12.572128,696
921,2364,16,4.392741,1090
2381,576,15,16.144413,613
341,2267,18,6.107203,132
1020,2119,9,14.882277,910
391,2448,11,15.700546,424
2110,100,8,3.802385,551
654,1095,5,10.141415,485
608,526,20,14.724938,826
461,1977,18,3.731568,350
1471,1981,12,12.500710,173
377,1692,15,5.686065,238
2184,285,8,13.417462,361
2381,1971,9,20.275262,1110
2302,1627,6,1.792037,681
1187,411,19,5.388202,763
2192,1459,5,19.158955,669
2363,1309,11,4.989490,736
725,1149,6,15.985099,456
917,195,20,17.974807,152
818,1144,16,10.859864,833
1647,99,8,1.826276,898
2367,579,9,19.330227,1178
103,750,19,4.458902,516
1032,1150,12,14.043582,240
1254,1578,6,1.028290,166
2006,805,17,6.999512,357
1092,2417,10,16.705697,1094
1119,85,5,13.744638,1192
2040,778,13,19.744336,869
2160,2196,16,16.742863,717
304,1641,14,8.350549,995
2389,1438,11,11.876483,481
867,1251,11,17.532288,396
1903,96,7,16.328166,1028
2270,2111,11,6.756771,127
1036,2345,7,3.413735,460
1370,1305,6,17.316440,1011
178,2484,15,15.312228,420
2221,619,14,3.991346,224
2228,2485,13,16.981924,372
1254,84,8,10.567894,1079
1255,1442,17,7.986113,718
2166,2121,14,11.756573,832
2048,1310,20,17.088176,991
950,1574,18,9.531289,359
1685,2334,14,19.022245,194
2231,1825,20,6.227599,521
1968,2329,19,0.702152,1011
913,67,19,0.513375,1064
745,2441,20,0.330215,439
1384,2057,16,17.880213,613
1799,326,16,19.954360,514
79,2312,15,7.872584,1141
542,2022,10,12.010323,917
1804,1340,18,1.091589,600
1332,1255,11,17.226954,1030
515,2314,8,13.816459,493
123,1328,12,3.998403,959
3,687,5,5.259022,503
435,1288,10,19.412370,860
2060,565,6,1.052685,902
949,1460,9,8.780649,654
172,906,7,8.605160,602
1589,799,16,14.331926,914
1720,501,12,15.348142,1192
1649,1963,13,4.887701,396
1777,1065,18,18.109894,216
2067,790,18,14.569807,709
841,509,15,8.994455,600
1855,1224,10,18.877131,648
1838,1105,8,20.001657,574
604,2100,18,3.823647,950
1323,1043,12,5.852250,1186
1936,1698,7,3.887067,243
1284,1471,18,11.355719,895
2179,2313,12,6.775567,1103
265,1922,16,17.704206,671
1989,1262,6,15.441196,1117
1804,83,18,14.853634,823
2344,1749,20,1.844782,714
2441,156,18,1.470472,612
497,1884,12,1.202043,526
765,1405,6,15.252751,870
779,1157,7,0.883354,240
2043,2262,19,16.467298,938
1589,320,13,16.012286,500
1447,2434,5,18.011030,149
1941,952,6,1.452398,998
618,648,13,3.222082,1100
265,98,5,19.697235,691
2420,963,8,5.723423,1184
2207,187,10,2.830855,596
1131,461,20,1.934098,497
2183,648,16,2.303970,1054
665,671,7,14.585624,695
1378,441,16,9.073647,586
888,1227,8,13.592784,619
2025,1843,14,1.679079,379
1502,2386,6,10.077672,305
816,2278,13,5.305179,126
434,329,14,1.692853,866
109,2348,20,8.978024,269
581,1771,10,13.916258,881
227,1555,17,9.464396,681
767,1766,11,11.154203,130
1665,1945,12,6.955578,1039
2472,1915,10,11.660120,1087
816,1731,17,13.398613,443
1209,1776,13,6.376881,425
1467,541,15,19.205159,129
369,2044,8,11.257898,478
714,1927,7,10.696578,967
2037,1646,5,10.528539,1013
969,2202,11,17.983021,477
456,1105,12,17.478988,195
1541,1648,20,15.066140,695
483,1688,7,6.351108,1115
1350,786,6,2.584605,1199
1476,1752,15,5.763297,498
1506,1223,14,14.311714,1011
2180,2295,13,2.483972,429
2464,1378,17,3.136034,952
2183,169,18,2.637608,1151
2263,583,17,17.707798,238
1883,2299,7,6.286358,1199
789,1871,18,19.131029,1107
2427,956,14,3.377331,923
102,1606,15,12.756296,169
620,1880,13,11.439816,796
2067,1138,13,14.438583,487
740,679,7,8.638080,530
224,1752,11,19.696053,340
1620,2216,17,17.067050,826
1984,2467,6,14.510642,904
779,1695,5,17.333061,842
812,1991,16,15.557667,583
1646,2086,20,10.939833,982
817,1728,10,1.887150,397
892,1458,14,6.220795,1144
1895,2143,8,10.493593,692
1751,1042,19,16.981106,1005
1189,1987,20,12.037257,109
1689,1729,15,17.386147,661
608,332,16,14.637422,842
1688,2405,12,10.422539,983
1577,2112,14,17.444932,626
1680,2286,5,4.045064,939
971,442,13,15.410210,147
2011,1129,6,11.660795,930
330,389,13,14.620313,671
1470,385,15,7.688978,632
2351,494,5,15.355591,1055
1605,523,15,19.722301,326
1881,1265,14,2.710945,1141
1554,563,13,0.081369,396
1892,1141,17,17.856651,391
1046,1989,18,8.714996,228
2184,2016,6,19.268764,619
722,1647,6,18.910070,459
2072,48,17,8.701519,104
2299,211,7,1.641687,835
2224,1210,5,17.314083,409
505,362,6,1.059672,813
349,585,18,19.311415,1065
2398,65,6,8.949217,745
1302,1612,5,18.920947,674
575,1069,18,2.564602,888
75,1882,18,15.487442,777
318,1475,6,15.353626,1195
86,1741,9,18.995423,197
2184,1262,8,11.808156,1063
1604,1264,19,3.853815,938
2305,1593,18,15.071445,297
462,1438,6,2.369740,1051
2131,70,19,0.534248,370
239,259,15,3.670243,952
2300,1062,18,15.688637,241
2479,2377,19,19.463148,785
1153,1931,17,15.271404,788
898,1373,8,3.698541,636
177,991,12,10.917954,321
798,429,8,17.863338,222
207,901,5,1.503682,577
669,24,8,10.183661,355
0,1220,12,12.759094,647
89,18,19,5.608270,460
1932,1231,6,14.170492,1128
1872,2442,20,7.675423,920
192,1562,9,16.733505,577
2278,1731,13,14.129359,1030
418,1201,17,17.111904,665
1538,1180,6,3.612601,289
1574,2069,19,9.592231,841
1498,335,12,19.631452,641
32,1559,16,6.993446,935
396,1942,6,1.278568,444
1529,2227,19,16.509925,470
395,900,5,2.279336,585
185,1979,5,20.270213,817
340,1451,17,7.988637,732
1549,2288,20,5.073354,1043
966,580,10,17.483296,176
2171,1934,18,17.334297,479
2139,2230,8,1.933927,668
1110,2210,9,16.639948,510
1845,1172,5,1.647538,169
1764,18,15,20.479585,548
2312,1167,9,8.767791,496
539,1277,11,6.248165,1129
716,803,16,1.988636,377
1425,554,8,15.296567,348
1227,1435,5,5.988251,1083
2227,321,14,14.565619,808
749,803,17,0.185502,298
1099,385,12,0.517018,520
278,1386,11,15.107366,410
95,1769,15,9.290570,216
1237,598,7,16.447094,756
1169,1356,5,9.969465,626
1798,1304,15,8.978698,427
1761,1952,9,10.774735,756
1344,569,19,12.760844,695
1212,2375,12,19.563935,745
2035,568,20,1.951451,864
1229,1119,15,19.013973,837
1651,792,6,16.970639,539
1353,298,19,9.217820,851
2339,1964,17,13.044150,858
419,877,15,16.215101,985
2149,1573,12,19.433561,829
458,2368,9,19.247770,1102
151,570,20,9.914702,445
1983,1709,19,3.579368,771
145,2053,7,15.189080,611
491,958,18,14.142508,454
334,1489,15,13.895878,835
2195,912,12,11.343051,1017
2347,2396,19,16.018293,289
1522,987,10,5.077053,1010
310,221,12,15.797472,250
1676,955,8,11.146217,480
1488,629,19,16.279708,190
323,2301,12,11.200618,845
1072,105,20,6.548088,821
773,411,9,17.133099,157
1499,1575,15,17.561239,496
1276,1697,11,17.026479,690
1114,704,10,0.541281,516
423,2236,8,10.105494,251
1963,2189,13,17.198447,410
1398,2116,18,0.233172,299
1943,83,10,15.593677,1130
2224,2276,11,4.393466,989
51,1843,7,10.130098,394
1328,402,17,9.307920,1146
2493,2188,5,2.300089,487
2327,464,12,3.763202,600
665,1262,18,0.430236,106
1488,1900,15,17.001222,1113
914,1789,7,6.724929,739
753,2242,19,17.828840,891
173,2364,5,1.373968,842
1400,1037,11,11.447652,1168
690,2389,10,4.168287,399
1588,2470,11,17.605521,126
851,767,20,1.501172,968
1266,2290,19,8.812942,316
136,1626,8,2.871533,1151
150,2313,20,12.915246,384
498,455,15,1.099793,355
1941,2100,7,7.769953,1162
991,1421,10,15.646633,1140
1003,456,13,5.566385,553
1928,547,10,18.628705,660
1377,1668,9,19.707658,1124
186,1018,11,20.267604,859
662,808,18,9.144409,599
2102,698,16,14.129623,564
1286,1121,9,11.499965,397
1716,2425,8,15.841771,942
2428,1642,14,2.989699,1049
1770,2333,16,7.325097,674
194,16,20,2.608469,223
782,785,6,6.771449,724
1173,1975,18,16.688257,1125
2400,1487,17,14.071597,311
1851,1955,6,13.174751,1169
665,1026,13,5.636745,794
642,577,14,16.612884,608
1636,1557,12,12.728091,948
1541,501,15,6.072308,248
396,2428,6,7.952463,829
419,708,8,5.069244,798
72,1211,19,1.556551,821
382,1233,9,3.558370,707
190,1307,5,4.000272,912
1676,1908,13,8.319231,114
61,2292,14,4.732722,279
2112,523,9,1.677411,813
1552,609,8,13.492616,946
1279,777,15,1.517802,458
90,1871,10,5.615658,847
1449,1281,7,6.293856,434
2375,1527,20,8.816091,726
2244,636,17,13.226560,792
2480,435,7,2.190305,692
2125,1599,6,5.149345,593
844,77,7,17.532866,726
1604,1848,11,1.087553,745
708,577,14,18.584754,349
1854,1327,10,2.879125,1086
782,519,11,5.013198,934
2202,812,16,7.206879,960
2155,2341,6,4.417402,530
1166,1608,5,0.364968,852
335,143,20,9.782603,630
2256,1262,10,4.526530,945
2330,273,8,18.936141,567
373,2013,14,18.975860,407
2448,925,19,19.109527,491
995,2007,11,16.867148,821
309,270,19,15.340892,239
838,636,19,15.286823,1052
1848,1715,16,11.872405,517
2033,450,15,8.932871,155
146,1030,20,1.681752,760
937,944,10,9.153837,264
1968,1136,6,13.740711,709
2372,324,9,20.297870,773
286,1699,17,19.746354,274
1807,637,5,5.307419,1150
418,873,8,19.727493,1113
213,1616,10,10.983143,909
239,880,20,20.034984,1158
1467,2307,16,15.836800,603
98,57,14,18.231568,263
1215,1001,12,2.095853,979
185,805,7,11.170689,446
1349,622,18,11.676240,278
545,2087,13,20.346807,883
2204,539,20,1.616838,822
651,2067,7,11.779629,590
715,77,11,7.423948,245
1962,637,20,16.613617,697
216,84,14,10.761854,619
429,1955,5,11.744654,643
644,440,5,3.747430,806
2293,513,19,0.570591,465
1435,2446,8,19.167488,115
645,894,16,16.438095,365
230,2118,10,11.690075,426
1682,758,7,20.216317,730
932,1613,17,3.975122,677
289,565,15,3.612879,625
781,713,13,19.043132,1112
437,1719,16,18.647797,810
1509,883,5,10.640842,168
2360,619,10,3.436222,518
87,160,7,14.170574,818
1389,955,15,19.504627,564
605,2008,9,15.446815,557
1000,141,17,12.250627,634
2407,1897,15,16.836099,640
429,634,9,7.733991,212
653,1484,7,2.476820,553
124,1723,11,13.668918,173
1505,1692,18,8.826062,787
2419,2043,9,7.247758,539
686,2446,16,18.271293,489
1830,1964,12,2.884043,950
1266,1690,11,15.100634,593
640,627,19,1.889849,337
663,1001,10,16.369873,428
43,421,6,13.858247,320
1938,1672,9,10.313136,788
2246,1580,19,15.835826,963
2115,1237,17,19.072933,330
1197,852,15,10.470719,635
894,335,10,3.352838,381
1722,539,8,13.049737,1114
443,1654,11,10.268726,1146
289,777,8,8.157749,908
1810,2309,12,10.284186,171
1746,2419,11,1.639248,983
2200,1105,6,19.912299,1192
2472,258,6,14.871998,1030
1426,1108,11,2.146266,194
578,2185,15,1.557038,554
343,2314,5,19.508494,786
1648,1663,19,10.832500,354
693,1657,6,7.661380,835
1224,2484,16,7.663495,244
122,264,12,13.636526,105
228,109,8,12.571732,1019
1571,2269,7,20.085386,535
58,2366,13,0.828811,434
310,1237,11,9.641086,1025
2122,1887,17,18.809529,728
1948,701,11,10.722423,489
480,1675,9,17.074970,1093
317,370,11,15.430916,998
435,1139,8,20.125064,202
1479,1806,18,7.009735,801
72,814,17,8.494744,973
2064,1600,16,11.555421,132
1257,500,12,3.422031,1069
2173,73,8,10.827123,1031
1906,1921,17,17.287424,938
1756,501,8,6.727350,742
1077,2047,17,10.881158,898
204,419,9,15.591486,875
974,115,14,3.405846,657
203,1087,15,10.369634,334
1620,727,12,13.189729,172
1877,2257,10,9.980977,553
1595,1372,15,1.192711,100
521,629,19,5.337646,1193
2438,814,10,16.727096,528
868,1816,8,13.949397,312
2065,81,20,18.546052,655
1225,113,15,15.461814,518
1282,1635,20,19.804084,978
1476,1196,7,6.725785,775
250,129,6,15.357377,877
1131,885,13,2.610709,248
2050,1195,6,6.860553,1139
196,702,5,10.431141,333
1942,2120,12,14.253922,1046
1084,981,16,2.106244,737
89,415,20,13.317191,1139
2245,1234,14,12.548149,397
122,123,6,19.280289,493
990,1008,20,17.396256,359
1132,1240,18,14.167024,200
1250,470,16,5.588780,395
935,1709,11,9.392174,172
2175,217,11,0.140501,837
1920,156,8,13.287858,704
481,2352,14,4.094648,744
253,975,8,11.765406,235
412,257,12,2.896273,696
118,167,6,17.361865,915
115,817,10,10.652669,486
1051,1047,10,8.498970,1033
1474,1766,20,6.794168,838
958,483,20,17.063854,142
615,17,10,4.300222,131
1326,2185,14,15.118602,1187
2371,431,10,19.671658,126
1523,723,8,16.725329,708
1050,711,16,7.261626,646
412,2278,16,9.860586,994
2093,1629,5,18.032279,728
1068,2010,5,16.803798,137
749,936,8,10.991392,766
2101,1727,20,4.833928,360
2066,42,19,5.286192,670
263,1191,9,4.881892,480
403,454,11,2.973641,105
1823,648,20,10.233114,1123
510,533,16,17.415761,615
1305,1019,9,19.020330,333
918,1555,17,5.256424,290
1517,2339,19,13.193232,133
696,1614,14,20.467724,972
1765,2386,8,4.909697,121
1372,2440,15,17.028357,587
2478,374,10,3.497172,875
310,158,19,19.151451,742
2226,659,17,17.310349,908
1669,993,8,9.915000,881
67,1479,8,17.112793,1115
2339,1128,11,17.288903,770
1904,27,9,11.828474,581
72,1522,15,9.564933,198
2343,689,11,3.009792,561
1254,329,20,18.894096,220
2381,2405,16,6.311404,853
1238,1710,13,19.353885,920
586,767,19,12.356500,758
91,2186,8,16.709567,840
1790,1183,8,3.863295,1109
2320,2366,5,11.072483,984
1123,2270,5,14.770241,601
1499,807,15,13.965501,516
1815,1184,12,13.003943,752
2183,2447,18,8.501956,234
593,1471,14,11.387931,105
1168,218,7,10.250401,903
198,604,14,14.387145,682
2387,401,10,1.626200,998
166,2386,7,2.878780,589
459,1884,8,9.305607,370
168,1790,6,9.736373,665
2317,2050,15,9.712632,744
1438,1458,10,15.977698,239
502,835,14,6.951800,712
204,22,19,4.844696,1174
961,1940,5,4.776479,119
1254,1826,18,6.963035,846
369,1251,7,10.333087,658
848,1724,8,7.611630,298
1402,1866,20,4.355247,332
1469,1511,9,10.450351,314
961,2159,12,19.939302,780
2055,2272,8,19.320819,346
86,865,12,13.020544,448
913,2312,5,6.132970,361
61,770,12,20.040478,219
1304,493,20,0.555884,1087
380,1117,11,8.440730,846
2224,348,17,4.515065,935
1144,587,19,9.275774,800
690,881,14,7.203952,1031
1433,1893,9,13.480536,560
192,199,18,16.983350,575
2028,607,12,0.798624,1080
126,269,14,14.074935,667
2458,2497,20,11.756097,419
1171,1055,6,4.972977,852
7,1913,13,19.462985,325
2341,741,12,7.426170,842
1417,405,10,9.568117,348
756,2280,13,17.717116,659
2125,612,14,7.923590,462
2200,1317,18,1.231367,941
1689,512,7,17.817481,1047
1776,1183,12,5.673307,774
234,1750,16,11.163902,323
1779,1871,7,1.592870,332
2244,2293,7,1.625676,266
1657,1289,17,18.873813,893
962,907,8,16.366306,1141
1882,2159,18,12.904426,223
949,1495,18,9.007258,1128
1247,2455,12,5.586120,226
784,524,6,1.904538,266
439,991,17,5.166942,1098
2496,1188,10,14.449309,603
1760,2234,17,17.415115,274
1580,821,17,2.063816,1161
2487,1223,17,6.063005,380
920,1656,17,15.712413,782
1001,2107,13,1.034320,450
669,443,16,3.138252,261
686,2051,18,2.221090,480
1037,2054,5,12.674117,665
158,2292,18,1.642930,785
1130,1327,5,9.589194,1015
1378,1866,19,11.202459,192
2098,1189,19,0.198134,552
1607,1278,12,3.648589,910
1824,1121,15,16.735373,523
1723,1842,20,10.467648,696
1047,2106,19,18.838682,337
434,156,10,7.125657,577
1984,2005,10,14.900391,442
629,1099,20,11.317315,215
196,340,20,6.125488,612
1683,2089,19,12.021331,1179
2127,806,7,8.285012,918
358,132,20,17.293360,1119
2297,1703,17,7.713732,766
441,948,18,1.473102,972
1112,1337,8,18.505179,659
608,140,7,8.577624,539
1594,66,14,5.729326,1179
1176,1082,5,9.541280,360
1100,2022,8,9.567592,863
1708,1849,12,19.906787,461
454,1650,15,15.388146,985
1402,1239,10,5.117965,1122
593,568,10,1.294894,505
1691,93,10,15.164388,857
2493,1138,9,18.746863,775
2324,1789,20,5.756022,852
2246,2175,8,13.580858,241
2006,955,19,15.811832,535
1268,1336,7,11.522335,768
1979,134,10,15.740988,141
935,1244,17,12.923702,426
9,1295,9,13.710572,917
697,1781,8,11.525865,749
779,701,12,5.424320,783
147,2436,12,18.702154,816
2062,1000,5,13.547141,514
479,2308,20,18.376194,954
1161,1756,11,14.014412,432
1158,1312,18,3.187837,338
2349,1506,12,18.598992,420
819,562,19,1.653994,336
1515,480,19,13.302039,384
1590,834,5,4.881881,315
2200,2040,10,4.398935,800
1626,566,18,8.112244,282
548,1467,12,15.042524,606
1721,1437,12,1.790818,845
2064,1810,6,0.096997,112
2182,839,16,11.707285,702
359,1413,14,19.145098,916
1518,206,14,0.889160,999
1669,2040,19,8.965569,592
1152,1540,8,7.895144,489
268,553,19,16.735074,278
1715,1849,10,19.587799,300
2164,1828,15,17.063689,301
1407,1094,5,2.828063,494
632,629,13,1.537573,638
850,1361,8,4.286134,783
1818,724,20,9.290552,200
1162,312,20,9.252744,193
140,820,19,16.926660,631
557,2204,13,5.763909,157
962,331,7,6.626003,979
602,1924,16,12.801670,135
411,1882,15,12.588631,326
511,2105,5,11.538503,831
1718,1679,18,11.618124,316
2286,1061,5,5.487869,105
1202,1522,15,19.365562,665
1067,278,18,16.957264,1019
591,1853,10,11.163371,833
259,600,17,2.125241,550
2425,1938,5,6.886925,953
1046,285,19,11.003628,322
3,1117,19,20.110683,428
1272,1097,6,19.053551,431
1826,1420,19,5.140894,255
154,717,13,6.066833,293
665,1408,6,2.944937,900
2396,330,17,5.789901,850
2387,1475,15,10.740905,101
2399,295,8,16.180505,1035
434,1403,19,5.838513,172
2300,837,13,5.155870,777
1092,1530,18,1.631153,171
2279,906,17,11.932637,715
62,567,10,0.072887,1153
1036,550,8,17.422246,610
1759,1568,7,9.763026,860
2098,1293,19,11.311755,662
311,909,18,18.198027,944
959,1118,14,11.080199,571
1010,1258,16,7.702319,417
813,2240,11,7.981890,742
981,1836,13,1.136594,563
1104,1480,6,12.228305,602
2359,808,5,11.736104,1040
87,1970,6,1.289176,895
754,1234,14,13.000382,1097
873,2299,19,1.979321,208
1577,1340,9,2.815379,741
2457,2128,8,7.646492,423
2431,1574,15,18.916696,363
2131,445,11,9.301721,219
1,974,7,15.352911,433
2338,1212,11,3.702498,923
48,872,20,7.958723,973
635,186,12,14.719073,302
2037,735,19,14.141956,657
1553,2304,17,13.244967,913
412,896,18,15.645770,1080
882,213,10,13.694033,1133
1560,372,11,2.631857,650
1081,1959,8,12.288908,176
2225,1570,16,2.501834,973
262,2364,18,11.932247,949
1421,1440,5,3.068169,575
2185,1295,16,10.829475,232
511,25,17,15.991198,467
1720,1193,15,6.243487,330
576,497,8,10.221615,500
702,1715,15,7.849470,668
1216,677,14,2.128397,1193
2335,2044,11,12.079830,1083
1005,2017,8,0.183394,854
959,941,13,18.083097,1156
2330,782,10,9.366913,790
458,1312,7,19.649199,1049
1696,1251,9,11.442467,1171
430,118,18,7.624226,543
1761,1883,14,19.186818,133
1899,2024,9,4.491707,1131
1640,66,8,16.311234,908
1963,992,8,19.212007,1125
141,2263,11,4.792666,112
1150,2251,19,15.064773,943
48,1236,9,11.092021,1078
1857,1868,5,7.096498,353
1907,1823,16,7.774784,202
1865,1163,16,19.515426,662
1359,1778,13,15.543601,751
594,2158,11,0.633158,977
25,2466,6,10.261680,360
2230,2053,10,5.937132,108
2147,2050,7,10.759968,559
2222,1180,5,6.345743,197
107,1356,13,19.075657,1113
80,1491,14,5.325702,921
2062,860,18,18.523343,1057
2319,1795,20,2.440133,1076
388,1896,16,18.364309,196
71,753,14,4.579254,104
1861,820,16,12.985249,856
1545,50,17,2.494883,973
1979,1625,5,4.300117,521
1760,1395,13,15.149114,353
1817,11,17,16.613106,313
618,2435,19,18.717730,374
1207,926,19,9.370370,1058
2483,1963,9,1.947776,1115
2301,2401,13,20.128437,894
338,1054,16,2.136405,423
2458,1476,8,13.303400,163
550,2282,19,14.724202,237
2467,1943,12,10.191075,630
2452,1709,19,5.820601,1130
2347,2301,14,16.775859,412
275,761,17,18.810486,345
1285,148,14,2.571569,1061
2241,1185,10,12.419735,271
1386,535,6,11.752159,767
1749,1972,13,0.956579,334
965,439,15,16.418069,810
358,1541,16,20.323845,1166
1828,120,5,9.121573,968
1101,1441,10,2.021567,405
1909,2120,6,8.867039,1078
547,1830,9,16.084921,389
1519,1691,10,18.134688,116
1822,884,12,5.141390,1102
1559,1839,9,2.506863,1062
2266,167,7,7.551035,189
1712,146,5,5.310890,262
2199,2260,5,4.309102,318
1147,1962,20,18.774398,761
258,1814,8,5.130301,209
2271,2014,19,9.241468,1083
1128,2400,10,11.280611,506
2018,2017,7,16.513030,267
686,1025,12,0.673735,194
109,1401,17,1.484681,708
527,1192,12,2.993111,768
1318,1366,10,3.204013,578
2315,1090,7,16.414317,648
951,635,7,8.544280,906
1321,1809,8,15.755078,820
2409,1823,7,7.483078,842
2120,976,20,7.826966,212
731,1013,6,9.105453,677
2062,2114,5,18.511257,560
1411,1720,9,5.701346,1164
1927,61,17,7.439012,522
514,37,13,8.680400,1059
1278,2072,19,6.285853,977
119,864,10,11.062871,412
1106,234,8,15.139019,1126
588,1190,6,1.758644,359
210,2210,9,17.923162,695
720,1441,6,11.270203,311
254,425,9,20.192064,820
194,1128,8,19.103442,460
2261,2193,7,17.844365,764
480,2418,16,14.164339,1078
70,147,18,14.699633,398
552,907,6,3.768991,611
1261,842,19,10.252387,977
46,547,19,18.211930,1056
1413,2420,16,10.252202,219
1265,786,5,6.220840,1183
538,2374,6,19.669075,562
2072,1727,13,10.009065,1000
804,2257,11,17.156597,284
2477,1158,8,3.421250,248
1198,366,10,6.062123,397
28,1188,12,2.040108,912
195,794,19,7.338647,515
633,1958,13,7.093499,949
1238,2021,15,11.243954,510
2431,6,10,4.487040,517
1313,1531,12,2.074416,949
123,1641,14,10.201046,550
2244,1017,19,16.730827,163
353,466,17,15.004410,171
2165,195,10,19.986950,207
2085,995,14,16.123677,305
803,1743,9,2.089658,498
317,1135,15,11.718656,317
1015,1983,17,14.961072,171
2215,439,15,19.526098,986
1317,1682,6,16.432162,102
2446,2125,17,19.733395,191
131,1095,17,16.907573,1103
1064,2176,9,13.158469,511
2483,1251,12,12.412246,807
307,1336,11,1.150421,418
2206,210,5,7.594889,670
2342,1831,20,8.662418,239
1726,497,19,13.629728,152
642,319,5,0.640234,854
1982,140,13,9.103369,966
23,1795,9,14.321375,433
490,285,9,10.500530,735
2150,1964,12,13.701576,995
2492,921,15,3.826259,218
204,1444,6,2.325311,131
890,432,19,13.255646,582
97,2459,6,0.092095,984
325,146,9,18.985434,315
1252,361,14,19.283507,125
32,1078,9,7.375568,781
1465,2282,10,5.395977,662
488,741,19,18.571703,472
286,953,9,9.403805,916
331,138,20,13.646210,576
492,1549,6,17.534202,982
2472,2378,12,4.415965,705
819,828,7,4.038750,590
1429,1660,13,6.523577,1035
972,303,8,9.702643,1100
2198,2446,5,8.227428,1181
523,770,11,18.973046,123
622,1684,15,16.293977,532
2426,2153,9,4.705593,724
1781,1649,14,20.025466,306
221,1903,5,18.698872,1173
1480,428,12,16.673057,308
1158,1243,8,8.287007,1195
622,2209,6,17.686864,896
2413,261,9,11.110212,955
1373,1218,10,0.777269,771
1648,2100,9,8.901373,427
1051,38,15,18.568847,512
1996,1757,12,8.582043,163
815,358,9,16.692513,304
1787,113,10,18.457618,151
2368,544,7,14.952484,314
651,308,10,19.778493,782
514,2063,10,4.220702,235
170,468,17,3.610422,1099
38,1695,8,3.632989,280
2365,2303,6,14.277207,582
1203,1942,16,18.076294,678
1269,1460,11,17.989585,740
604,1637,17,5.940675,800
1419,1455,19,14.386571,693
1162,2438,6,2.011189,235
2281,1382,16,10.479558,845
660,2131,15,7.748417,859
1779,556,20,18.576671,322
1298,2048,17,3.652515,419
1353,1874,16,19.894295,1017
1355,1949,10,5.694493,331
1639,1542,17,1.013724,215
1902,740,9,7.150229,986
153,1983,13,11.586072,208
1391,1513,19,4.722852,1077
1626,2367,14,12.062029,427
1062,834,10,18.932942,383
362,2418,13,13.965251,776
772,675,15,9.314371,653
2469,1883,10,13.081424,287
683,597,7,14.827960,1079
2052,1781,9,4.074111,128
724,1350,12,2.119352,832
332,2240,11,11.777316,389
1356,298,19,18.009305,694
2305,326,6,16.867627,945
1547,109,17,17.211036,654
1080,1472,18,7.259056,822
348,811,18,2.661833,1151
224,2451,20,10.957811,773
539,1398,18,19.739663,976
1892,1196,18,10.647431,595
194,643,9,17.506272,989
1375,1873,17,7.065883,816
790,1031,15,15.882199,895
1320,1125,18,2.273934,853
111,1130,16,5.082361,582
1630,724,11,11.607530,712
562,990,7,2.756387,910
1224,534,6,4.866878,648
1950,2186,15,2.174196,1190
938,2024,20,1.642073,973
2407,2204,7,2.945492,790
2010,1231,17,6.686146,140
1593,1385,15,12.588342,913
656,1462,8,1.605605,1113
1521,711,17,16.702899,286
1045,182,14,1.026465,435
629,1838,5,6.370029,385
1712,2436,7,10.917329,313
2425,1342,11,11.730539,426
535,1462,9,4.483225,1107
1338,652,9,2.438588,738
694,1831,6,14.600888,375
600,832,9,6.592130,965
757,1050,7,8.895848,847
212,574,18,1.033393,577
758,1293,19,17.061285,465
522,1565,5,0.947054,758
1235,1325,8,18.647393,456
1807,446,5,8.920575,1053
2101,2345,10,11.491110,662
423,87,9,11.008643,551
1394,2269,12,1.470046,311
926,370,5,8.625642,921
38,1541,6,0.029709,434
253,1517,7,2.651419,322
803,1211,12,16.499120,1075
329,2064,15,8.777142,366
180,315,6,6.506362,339
2156,1789,20,3.104173,1078
1897,382,12,13.482979,726
1379,1194,14,16.327756,276
2289,1676,9,14.618759,145
1440,1149,18,19.093226,773
2376,530,9,19.825519,487
241,460,9,12.344640,616
2031,178,16,5.469018,1146
2413,2279,9,14.664069,545
840,306,9,1.189662,794
1092,2423,13,3.062106,343
2493,275,15,12.696492,176
2131,2270,14,8.290678,1079
1932,2351,11,4.857790,778
966,2345,15,4.797599,419
855,328,7,3.770118,759
1481,1095,19,10.318749,186
1048,1496,17,1.624816,485
81,1948,8,7.667772,718
1668,2427,13,2.033284,185
1564,718,19,1.663015,981
1270,1816,16,8.616733,868
606,2306,11,8.609034,1145
2052,110,10,20.274340,798
416,16,11,13.446004,511
1688,663,14,0.457608,1034
92,367,11,4.356919,411
909,396,8,15.536157,768
2223,1470,7,8.821662,416
87,1849,19,15.319431,705
962,40,11,17.993132,372
148,1920,12,11.467661,567
1750,1243,20,10.258490,927
198,1925,9,4.550580,696
1106,341,17,19.091134,599
2416,1270,19,8.916525,624
2008,226,9,12.452073,548
727,737,5,11.370406,340
751,1812,12,13.487096,454
1724,1383,15,13.871165,484
241,150,11,5.960286,390
1462,708,7,9.329321,600
275,2426,5,14.385138,146
1065,473,11,8.356806,832
1799,1729,16,20.280107,866
2190,812,17,1.193062,335
1142,1634,6,3.752390,290
650,1513,5,1.749825,458
974,395,18,8.005677,393
1461,2414,5,3.896294,120
1803,1300,10,4.676071,1047
1355,1675,14,10.593878,620
1353,183,11,10.066706,597
427,477,16,14.826036,494
2410,2168,15,18.157277,670
278,520,19,1.513500,876
721,1456,12,2.781833,753
776,810,17,19.731614,1088
2394,2064,17,16.973560,850
88,1126,16,7.957657,193
975,862,19,2.679091,150
249,841,5,7.980408,621
615,2122,13,15.424288,868
1842,736,17,11.848998,394
1254,500,8,13.984258,778
963,853,11,14.987502,722
1233,571,9,15.558662,254
986,2370,10,3.495906,1084
1816,784,12,9.746864,610
143,477,13,14.352318,186
1468,1130,19,3.775305,926
1445,806,19,17.643476,1121
268,1364,14,13.187397,928
819,1025,14,13.423514,573
1219,1321,11,6.824414,818
1168,334,6,12.076207,994
845,1394,15,3.956482,895
654,69,15,4.261108,264
499,651,13,9.480174,703
1383,1843,8,10.915103,271
2192,2047,9,5.311056,473
1214,2145,14,6.994145,1128
878,240,10,0.423280,412
2484,2369,6,18.043812,707
2018,2210,5,13.685653,634
2455,2085,8,4.768272,852
1435,721,12,15.641292,418
254,2447,16,16.719557,225
1505,1879,19,7.670335,427
347,2442,11,2.196722,681
1464,916,16,7.912564,344
422,322,20,4.931682,259
889,1322,9,19.872885,870
1207,2275,12,16.640923,385
264,14,13,2.540008,699
2062,2390,12,6.658249,1011
434,1051,17,15.745033,1004
728,152,9,8.449638,429
2399,603,5,3.137325,893
70,1441,7,8.601625,607
534,693,17,13.061489,494
1417,2486,20,9.366125,844
419,210,12,17.212110,387
1592,339,7,19.225251,888
1357,1552,9,13.327796,796
1892,1148,11,14.054130,400
246,1888,12,4.551428,841
2438,101,17,19.523978,456
1758,1154,17,9.354344,135
422,939,8,18.849317,783
1676,2490,17,9.741014,530
26,1216,6,12.932543,651
960,1184,9,0.123227,347
907,1665,13,9.556024,671
317,1605,19,20.410160,557
1662,639,18,3.633090,852
1076,1703,5,2.020562,1011
1338,119,14,13.376118,1096
856,2195,13,14.182076,809
1747,938,5,12.238445,360
757,1598,7,0.062259,479
2200,2033,15,12.175449,374
755,348,14,10.233352,787
2361,1198,18,6.503704,988
1893,1721,5,1.896727,888
2193,1773,10,6.822472,755
430,975,15,3.873851,994
1477,2154,18,19.086959,773
2285,934,10,14.313984,332
2279,143,8,9.157571,549
1181,767,6,3.570720,739
139,777,15,19.705961,647
2419,939,7,3.561053,885
2234,1220,12,17.952137,975
212,1310,10,20.237283,159
1430,357,8,10.598900,1025
626,911,7,17.800870,192
1322,1144,12,11.527613,677
1107,689,11,16.942871,250
1613,1400,6,11.636541,220
2076,1458,9,15.081940,487
2105,1414,5,9.636376,180
1390,1093,9,5.757541,329
1368,1652,10,4.670530,280
2264,1159,20,7.583944,806
1042,375,16,2.364870,128
2195,2373,19,11.304952,957
1915,732,18,15.457518,959
600,308,7,1.079460,449
1064,604,5,12.808998,1184
1555,1556,8,7.410951,1175
2369,794,11,2.327463,935
211,621,14,19.662950,1098
1225,1278,16,9.629528,360
205,1301,14,14.554548,842
2072,1415,12,8.450655,1078
1214,2050,11,11.207302,811
2411,1083,13,15.442453,505
2296,973,13,6.264100,161
353,1966,14,8.950338,559
1935,355,7,11.640302,818
1427,2307,17,16.035130,876
1222,1515,8,8.222612,799
441,2060,10,11.677730,492
2404,1686,10,6.079920,839
446,2157,5,6.667925,189
94,443,16,14.954911,843
1212,823,15,16.121183,417
2425,1095,6,6.628412,781
659,158,10,6.009283,380
1902,1373,20,19.824118,526
653,319,9,18.408903,659
863,1805,20,9.265271,288
1275,997,6,2.496324,976
1198,2108,9,5.771603,514
606,630,19,11.930762,128
863,1121,9,14.471592,1133
1302,329,19,1.572649,595
77,744,11,6.034394,864
961,521,8,14.580356,997
1056,2299,7,10.649074,1198
738,1903,5,17.577098,1121
1840,70,14,7.419046,1095
1632,2062,14,1.589388,1177
1441,1337,18,7.631619,1192
1199,2450,9,18.977446,236
287,66,10,18.114325,822
2176,445,20,13.864808,163
1589,1326,9,18.228410,343
1731,332,19,4.236392,110
305,116,8,1.698978,151
934,1705,16,8.336588,227
1907,2151,12,14.116306,604
2073,1234,5,7.383372,1099
2004,1872,7,3.779435,659
1420,941,16,13.351400,593
1789,1634,11,8.780937,525
503,1822,16,3.423380,301
622,2264,7,5.861138,1095
1187,95,12,4.899086,734
560,302,18,0.700605,398
1152,686,6,3.609559,241
2227,589,10,11.137386,1012
1858,872,18,5.535949,303
1844,437,16,19.274874,961
25,366,18,14.376029,1177
1189,788,8,16.355089,1039
302,1185,14,2.866471,357
835,1013,13,2.414848,161
1578,755,15,10.764899,992
2157,598,15,16.655825,119
2365,2237,14,16.034766,831
2312,1729,6,1.985268,1082
24,2408,16,14.127223,387
2025,1285,11,15.303878,186
1614,1144,18,14.238307,679
1882,860,20,14.342790,485
1944,1699,20,8.760724,529
797,2472,5,10.251980,1090
2269,1024,17,12.246779,536
529,1423,16,13.749653,892
593,775,18,4.656070,382
1693,76,20,12.799681,353
173,1712,18,17.096094,1124
746,637,14,3.113537,638
1029,2436,16,2.770262,332
2101,708,7,7.140099,1006
2135,534,10,9.743320,846
732,1577,9,9.865206,425
1917,46,9,11.284969,445
1061,1459,14,9.862738,419
296,1797,15,1.897539,510
1202,2192,18,5.199381,255
1169,56,8,5.234555,929
2159,2488,8,19.877199,247
2320,1218,12,5.429970,467
1018,979,7,10.417345,258
1795,549,11,1.523971,831
1925,1999,11,6.458592,659
1635,280,14,7.396277,356
2032,1060,10,1.361017,429
1390,2133,19,19.913494,1067
288,178,12,11.451493,541
2286,1285,11,1.133365,608
1519,1031,7,8.295707,264
1101,2137,17,5.384618,862
1224,1463,11,7.451991,373
397,607,6,17.998485,541
2144,1731,17,4.222769,393
31,665,20,6.665254,1186
935,425,13,10.207303,716
426,1101,17,13.132297,348
435,1202,10,0.932972,126
150,2215,7,12.685336,637
2485,73,18,3.429230,980
2143,2293,9,15.455426,308
1447,1616,10,16.271982,873
840,372,7,5.929666,526
1174,355,16,5.177506,318
1086,1480,17,8.807998,383
1668,2459,17,5.536736,960
1823,456,5,11.124862,489
55,1230,14,7.682224,1197
1096,1342,10,8.532479,1021
2087,1872,11,7.478492,938
209,366,7,17.646782,537
2348,1929,14,13.475749,947
1381,1740,10,17.595180,482
1396,1121,15,15.523798,313
1660,249,7,19.172769,833
413,1655,10,1.418503,166
1360,137,12,10.714720,1070
149,693,13,0.641238,813
1222,2111,17,10.474821,665
1368,1556,10,6.432324,159
1785,301,12,5.356462,549
1308,66,14,5.988257,121
1077,1635,14,16.629225,1159
821,1164,11,9.037916,109
757,1399,11,17.380261,980
1570,2133,6,10.510339,307
1013,1337,16,18.383030,411
447,362,17,6.669831,1190
837,2025,7,13.337381,711
1199,1679,12,4.191234,501
1539,945,14,3.973203,674
411,355,15,7.534324,1159
486,2279,5,9.326812,963
429,1232,16,15.676764,250
64,474,13,13.489915,809
1516,1818,20,8.601252,124
455,904,8,0.441662,829
1569,563,18,2.246335,1160
1107,817,17,5.844510,460
1256,1265,13,13.905646,1105
1495,510,18,8.861649,851
1748,2114,5,18.545467,591
1804,2087,19,9.504511,889
1774,1161,16,7.315422,773
224,1804,13,16.422777,1165
241,242,15,7.437990,334
576,858,7,3.994022,532
1140,539,13,4.036797,963
1859,2215,11,16.029809,318
2042,2446,17,14.715179,702
469,1248,13,4.259804,1140
839,2407,13,6.901855,600
1427,1218,10,20.056756,658
2227,1599,17,16.674460,436
818,675,19,10.533712,158
2192,586,18,15.833410,1017
1279,482,9,3.796339,968
1625,1477,15,1.567718,1083
1209,1950,13,7.056089,464
1819,733,18,12.880995,829
1265,677,8,13.988427,1097
882,2305,13,7.358476,105
2436,1621,5,6.374810,698
926,1312,16,13.596088,541
1435,1323,19,14.685362,192
1370,123,14,20.343699,800
2349,2038,13,6.677669,549
1217,1838,5,1.658604,1104
822,1526,13,8.450310,580
887,1202,18,10.668762,233
801,620,5,16.756653,773
786,34,19,17.342607,1157
108,488,10,16.046852,1030
2331,1234,13,16.685688,106
739,1948,16,17.313934,1133
1864,820,18,12.746121,1044
51,1075,8,16.714898,243
659,1249,9,19.562554,334
13,2449,11,2.224428,992
1986,1815,11,2.133645,216
792,2014,14,14.150554,394
1687,658,16,12.135363,151
661,767,7,20.008545,344
37,637,17,19.482733,298
846,739,15,8.036387,117
897,1278,20,4.318025,218
481,2430,8,17.639020,214
1625,1467,19,5.727227,500
2279,2472,15,10.798376,423
1279,626,16,14.848171,790
239,1992,5,2.265315,872
682,1722,7,8.264106,760
1269,1598,7,15.811621,1185
342,1349,18,10.537341,259
1567,1349,12,1.726933,763
2119,802,11,10.423441,494
115,7,14,10.305437,803
2358,1390,13,4.271055,766
1155,950,15,8.047765,768
1810,2208,13,2.453913,104
1906,1690,15,14.962386,778
1683,1962,10,18.627503,513
111,2022,8,8.851680,907
2345,1971,5,19.029163,289
2243,93,8,7.075331,585
202,1072,20,11.770066,715
259,1085,18,2.814618,1046
265,432,7,1.517185,116
2240,238,16,7.847441,600
2367,2235,16,15.002179,494
2294,292,8,0.645089,439
68,1558,5,6.765789,116
1603,1882,6,8.565469,852
1983,1679,12,3.443960,1040
261,2492,12,19.570584,329
1224,2355,16,10.243887,138
436,1392,12,16.759160,547
1289,285,16,8.886819,983
580,1541,17,6.045883,893
1300,36,5,20.287418,339
1966,1346,13,5.487807,786
1135,1399,17,0.352583,937
211,2465,13,15.376003,208
709,1627,15,9.879432,854
2487,1097,8,12.761970,725
806,1205,8,3.745187,489
1176,1200,17,17.986626,1054
2145,383,13,15.686408,1169
1975,738,9,8.521035,1006
1984,1518,8,9.992766,1200
9,1450,13,19.815401,925
882,1174,15,18.225718,672
384,1840,15,2.718097,1075
780,1369,15,19.003797,204
1380,1726,7,14.624253,785
1670,9,7,6.130496,319
307,945,13,3.596279,1062
1822,1546,16,11.647737,820
2243,2131,14,13.349685,1186
955,475,15,13.934231,1072
1436,1044,16,8.835624,633
2432,488,11,9.762793,399
2320,2138,13,18.605320,773
681,1470,7,5.462253,498
1355,149,20,7.061731,361
725,341,6,7.489932,637
2195,1114,11,4.175595,666
11,900,17,8.179944,544
456,2052,14,13.013142,550
827,1992,8,10.903807,269
438,434,9,18.247210,634
723,1586,15,2.487696,915
893,1764,19,11.676268,586
1389,1257,7,13.829022,256
1431,2402,20,0.281898,1102
1535,1900,12,6.628452,919
945,1114,14,4.676056,311
10,1212,13,6.679508,918
490,2422,19,19.825019,811
1272,1625,17,14.246820,279
745,1340,19,2.351504,499
1294,1970,18,7.680701,872
1829,1790,20,12.721920,127
822,1939,19,5.439192,1171
386,1422,16,13.374368,978
2208,2332,20,14.792828,833
922,670,19,6.611351,919
837,32,10,15.688678,626
743,2085,12,9.387254,940
2417,1852,16,7.049807,1098
1858,241,13,5.551773,705
1103,930,12,4.959658,610
1891,1980,8,5.299799,900
1862,1504,15,7.421779,811
1862,752,13,11.132047,1170
735,1617,7,13.200645,313
2271,2336,11,17.126699,1021
1150,739,9,3.556131,755
1864,1869,8,7.955741,717
1659,1265,13,16.220849,752
980,972,12,2.898759,561
2056,837,9,18.360799,576
462,2272,10,9.223400,1175
54,143,11,14.986358,271
1831,1484,6,3.400088,847
2284,748,17,15.687965,944
612,2,11,2.960123,525
442,2439,9,2.676191,308
411,658,7,6.727839,508
1407,2312,7,17.760382,1185
1067,62,12,12.645776,811
2400,1405,12,9.993386,334
2143,2245,18,14.159334,464
2011,2331,11,11.723933,917
1932,428,6,13.464269,759
2170,1443,16,0.510786,385
1168,1654,7,13.039108,571
1537,2405,6,13.382848,155
1842,1200,10,14.449452,729
1121,713,19,3.781050,755
2343,2037,19,19.285932,831
2382,2498,9,6.583124,246
1004,31,5,0.460460,1039
1956,166,12,15.217792,1102
506,2277,20,11.559870,762
2339,1822,17,9.946180,1148
767,1956,7,11.972962,132
2152,483,6,2.340420,918
1773,638,6,10.631093,609
720,65,7,16.319855,705
1362,723,12,11.072280,1114
304,2450,19,10.733543,250
2180,1175,18,2.864400,923
11,1167,12,7.509950,538
2278,330,6,15.253386,823
131,505,20,6.282792,951
257,2272,13,17.307692,952
1507,2132,5,0.551188,767
1347,446,8,16.670503,535
1348,1264,8,8.436772,1078
1969,1651,7,1.186038,471
1638,1582,7,10.475313,403
1110,1495,18,10.695211,1150
1510,1152,16,14.095694,500
191,1390,9,20.309953,144
1542,750,16,2.735342,1066
1865,2420,20,11.742074,516
117,113,20,20.233740,104
2144,2202,5,7.761335,409
452,1839,12,17.323655,772
1343,1021,17,11.291800,1141
695,2036,10,12.428327,951
2023,2101,13,12.385260,421
993,2342,17,1.551069,752
798,1518,5,12.363227,1045
1574,1140,14,9.806798,896
1818,1860,14,11.955811,748
1394,1571,14,0.269057,303
745,2010,18,8.156549,573
148,345,10,3.398623,941
611,1971,7,15.820265,1130
37,901,14,14.929501,985
310,2004,7,9.247926,876
98,1980,13,4.793649,383
813,2172,8,7.994178,622
1268,1464,9,12.194047,843
1445,2252,9,0.134259,348
55,1853,12,13.079555,644
1551,374,15,10.424188,650
1012,1069,14,10.455597,955
432,2254,13,0.617503,942
2278,843,6,2.696455,572
43,1289,19,12.548820,634
285,1815,5,11.100751,362
2405,560,11,6.409441,405
641,1502,6,14.526764,355
1903,1222,17,9.692340,616
1339,1442,9,0.862999,638
1237,733,7,1.357817,536
2148,1264,12,1.535650,1169
2391,1216,13,9.046244,1150
2299,1339,12,20.459385,943
1667,2314,5,15.223632,1113
1206,759,6,17.628690,236
345,2012,18,14.730790,1069
232,1735,19,11.933859,143
2300,2269,9,9.086783,423
1539,2229,18,17.009699,1143
2017,749,14,19.595545,953
2241,1280,11,5.330704,522
116,1677,18,10.591234,1172
1972,122,9,8.297399,255
726,2280,19,2.194988,692
676,430,17,9.243893,108
2118,1471,15,1.772873,865
663,1404,8,7.708458,1046
1916,1845,14,13.287237,729
1932,1880,8,14.714436,435
38,341,14,6.313727,104
73,1258,16,1.124140,756
682,1184,11,2.424943,972
2092,2470,10,16.999586,947
1683,1751,11,17.438487,1171
698,1967,13,15.040518,933
1900,661,10,8.976468,389
352,2452,15,2.843689,593
887,1087,15,17.006665,1091
1692,1124,15,18.957268,671
555,1792,13,2.011860,513
1107,2148,20,13.412673,126
2216,851,15,7.353880,102
409,1319,18,19.482820,988
679,304,15,17.302564,940
956,2420,6,5.134525,857
1295,1584,18,18.837117,317
1756,2141,17,7.203357,976
1652,1168,11,19.949561,611
1622,115,13,12.374393,1134
280,752,19,11.034068,1073
1962,1064,6,8.549907,814
1624,243,14,4.307504,635
1414,1793,11,17.117519,267
1269,1284,9,2.529994,564
1159,764,14,16.633026,1108
878,413,16,5.848297,837
1644,1472,20,10.065908,448
975,1148,16,13.297453,851
113,2157,20,2.764296,1061
385,2491,11,16.991395,697
1745,1869,8,4.525207,364
1320,1364,17,13.740102,706
1091,610,20,16.932846,269
1351,1102,6,12.189921,1126
293,1689,20,15.939392,1105
661,2238,19,19.340496,365
1974,1960,14,5.069186,1038
212,1642,5,15.250497,1184
73,915,17,3.120104,429
2155,1873,13,3.983350,953
1775,2195,14,6.509307,271
1120,1111,16,19.471227,1124
1012,933,20,8.249393,1184
1197,1211,11,14.059265,803
1815,2080,15,15.126545,312
1583,2028,13,20.180379,1136
1366,1318,18,16.762233,523
1429,1663,5,9.483821,1023
1152,181,8,6.426016,1108
1086,1084,14,12.529763,765
685,873,15,2.856056,834
2328,1518,9,8.703999,213
615,147,5,9.647243,542
141,1452,5,8.784559,931
391,1940,14,4.788007,210
1436,1327,20,18.334300,1052
2025,479,15,4.316115,1080
2452,2159,11,12.703302,276
1094,627,17,11.275089,552
2436,1526,10,2.101490,863
1131,494,19,16.584518,1105
2456,1281,18,15.945067,649
1406,899,11,13.675022,770
1976,238,19,5.221327,346
164,755,6,19.458829,1046
211,670,5,13.165728,191
2437,1810,6,7.478336,125
887,1721,18,3.349476,828
1386,1097,9,16.103907,600
1371,1676,18,9.370239,935
203,5,6,9.721227,411
2490,2097,12,1.640447,811
1965,303,12,5.487769,121
145,361,19,14.233241,722
1454,297,6,11.753302,738
724,1100,16,11.472621,825
949,309,12,2.704353,196
206,1947,18,12.982673,291
1985,2178,12,11.814685,854
1445,2112,6,5.171903,664
1909,567,11,12.557271,717
2469,222,5,4.965871,129
2321,1780,8,16.793608,1011
1040,410,7,12.670095,598
246,1691,17,6.959100,866
2026,885,5,19.601152,1139
893,716,5,8.189933,100
144,2282,15,0.982314,383
686,782,16,19.137369,849
850,1287,16,7.868270,1077
1144,1966,5,1.719333,383
2111,375,16,19.911773,369
804,958,14,8.208396,238
1659,1217,16,0.678267,341
2047,479,6,18.563227,222
1423,2207,5,14.840320,816
392,1983,6,1.919159,1169
1756,241,11,0.653264,187
2390,698,15,0.815444,440
1180,677,16,17.259103,142
643,1477,7,12.462014,240
1513,2450,19,8.257075,821
47,797,6,15.473777,169
1112,1218,13,9.520326,315
1450,2486,19,5.699504,815
691,328,13,5.280177,1124
2169,1700,10,14.922669,430
2335,116,12,13.279088,843
379,2163,12,20.193151,120
1573,100,17,12.988079,394
202,2111,17,19.914645,108
1205,2072,5,2.649841,427
1649,1875,19,11.305710,498
1706,222,19,10.132843,294
2081,1114,13,20.261406,272
2318,329,14,9.698657,402
808,90,18,16.388667,124
183,1442,14,18.340426,510
2274,762,10,6.849645,428
1477,1491,17,18.006886,215
1820,1319,15,6.697570,330
1842,1558,13,1.566606,1156
1372,1501,20,16.593605,989
805,1483,18,6.706506,877
47,507,12,19.282306,998
1961,1391,6,6.651561,1036
1969,654,19,14.640014,727
1531,1394,6,9.104886,896
2187,1028,14,12.370863,1083
111,684,19,4.152802,527
1026,2427,12,7.646753,824
262,1449,19,16.424983,423
1788,2344,8,1.432434,614
1008,1710,9,1.200738,607
2271,843,15,17.603789,247
1674,520,8,8.152667,1134
1361,762,8,4.082014,753
2471,2138,8,6.531513,393
563,1936,16,15.241628,898
566,2463,7,20.261449,240
1998,1643,12,10.436010,299
138,237,17,17.112284,1082
2369,2471,15,2.356125,849
539,2368,10,0.595697,1148
256,1099,6,6.153783,628
622,463,5,3.441694,972
2072,806,15,11.449968,260
395,1231,9,10.035097,672
448,501,6,7.631488,285
1014,211,6,12.650134,1194
2307,2107,7,9.813062,163
951,532,14,0.245841,492
1824,83,8,2.504396,166
1425,1483,14,2.564746,172
2168,2272,9,1.177461,284
433,2178,14,3.561196,723
1008,664,18,14.511285,591
723,2321,7,12.477201,837
2154,1028,11,15.440662,592
618,1197,11,17.580745,768
890,1274,18,6.730829,807
55,517,5,14.550905,654
1082,54,11,17.496286,761
1042,2203,15,19.464348,949
2340,2268,7,4.917641,252
1739,2281,19,8.673114,492
1427,2406,13,3.527738,1009
2495,2032,9,9.061275,857
54,811,8,6.454052,433
1553,1014,10,19.468708,924
1455,2094,11,6.932800,532
934,946,19,16.916111,899
2044,914,18,5.425991,1071
555,271,17,17.157937,1122
1994,198,19,19.717458,798
1680,743,7,15.172456,1094
992,1555,6,12.554972,750
289,1656,13,13.383863,1040
642,1239,19,15.182689,695
975,1948,9,9.257079,600
1384,1371,18,2.755371,336
2136,2272,15,8.884711,825
2065,797,16,7.963036,698
1058,1863,19,10.405593,1051
1568,82,5,13.402617,963
1915,1546,19,7.478572,540
2288,368,16,9.254568,931
1205,1374,8,0.658432,816
1235,1959,17,8.683168,1162
2097,2403,15,12.218811,1186
2083,553,12,5.563725,437
2073,658,12,18.228366,147
71,2052,15,2.966215,1147
314,1965,10,1.075210,216
119,1567,15,11.546464,605
2040,1523,8,12.972763,137
2450,2327,5,13.288365,712
872,139,9,9.360980,334
1089,1863,20,12.626972,881
825,949,9,13.586083,769
90,852,11,19.868936,514
2319,253,12,19.335815,1046
2174,2001,12,3.336097,985
1372,437,13,15.595911,610
2040,2268,13,1.150601,249
221,588,16,3.350201,573
1937,1378,17,14.335272,508
1746,1383,12,6.471773,409
313,1535,12,3.808691,100
607,835,15,10.075640,872
860,975,20,7.280071,747
834,535,17,13.727757,261
1533,1942,18,16.109396,702
2435,1526,19,8.469086,230
1321,2402,18,5.817698,943
1879,2207,10,10.866390,700
1412,726,16,0.332775,1119
1539,857,16,15.209042,357
329,1571,10,13.021112,1151
493,169,16,1.448930,1069
1720,1078,6,9.467960,732
2256,717,12,9.525011,738
602,2293,9,6.646779,341
1792,672,12,16.010961,344
1119,1607,9,10.804450,455
597,2057,17,9.874653,961
1970,1106,12,19.205782,760
876,2416,16,19.365989,808
907,2293,16,11.194046,687
2255,46,20,14.497071,1028
2362,53,18,2.395685,832
2121,2473,7,14.095671,451
1537,236,17,6.876634,595
983,779,19,0.502413,100
787,1830,6,2.599314,1152
981,1601,17,17.720312,1086
1570,973,10,4.674319,578
819,479,8,4.151883,917
2462,629,10,0.625016,855
1337,640,9,18.438424,274
2098,1385,19,3.037751,642
1482,1043,11,15.843531,810
1228,1004,7,17.313365,218
1834,212,5,8.478554,1094
1279,1604,7,17.606620,173
1140,1033,8,14.040864,1200
2245,2283,18,3.446831,1088
1065,6,7,0.600287,932
1445,1179,16,8.312558,275
1749,1062,15,18.636862,457
2109,789,7,3.280302,813
1248,2208,18,14.163825,1195
2425,1602,18,18.484883,153
717,11,11,6.021987,284
1212,2339,14,10.742167,879
1514,1052,19,18.755707,617
712,1178,11,12.336090,642
1368,1148,17,14.213634,1127
2422,1267,19,20.026944,1165
1166,1541,14,12.718627,556
1384,594,15,8.843735,146
2172,1099,7,12.043390,700
1963,784,15,7.025331,143
2006,1665,14,4.615158,1049
370,99,19,16.430870,368
2158,686,8,9.395194,1174
870,1933,13,4.868471,941
566,2079,13,17.505146,558
608,2001,13,17.007619,151
599,1085,12,10.925503,348
858,1753,8,2.127052,837
1148,2494,19,6.604384,787
810,1165,10,18.731372,123
1399,1134,18,6.274978,182
1163,1703,16,18.771658,384
342,1351,18,7.736678,1060
1454,1845,11,5.608429,109
2366,2041,11,7.368821,954
2086,1771,10,4.920410,183
466,854,20,18.993450,586
1308,380,16,14.563694,909
2027,920,14,6.989371,702
842,1391,13,2.708448,1151
1288,540,18,6.494596,816
1612,1214,13,14.778131,717
1327,246,13,17.552848,744
1444,1351,17,6.438113,569
2328,970,15,9.911652,633
1013,1273,12,7.034874,542
1536,959,10,1.374777,340
1401,353,18,20.250885,462
286,930,6,6.999353,531
770,966,8,11.975499,535
1345,978,5,12.564196,949
707,75,18,6.984777,419
935,1504,14,3.152166,139
4,1792,5,3.602305,857
2346,2493,8,14.195092,234
523,1337,18,9.916838,406
357,998,11,16.449921,872
1793,1576,15,0.353278,213
790,944,12,2.085069,749
1347,657,11,16.772646,419
2219,1215,5,6.806036,840
1988,164,8,14.846392,862
2078,487,8,14.953338,528
1238,1311,6,1.591998,1171
1723,1452,15,20.459727,846
1483,2122,6,1.944339,1153
1613,2041,20,18.270693,184
1709,43,5,10.022673,989
1354,1866,10,18.375338,449
55,840,15,13.760682,1120
1807,37,14,13.768692,287
612,279,18,8.720994,1095
1830,2285,10,11.009375,289
1802,1379,12,5.771041,302
1462,1943,19,7.274335,933
4,6,15,17.722785,1103
1709,223,11,16.553421,978
445,1785,19,8.279213,871
654,1822,7,1.012132,1132
779,2316,17,10.825767,947
2049,564,9,4.022959,181
784,1793,12,1.864318,1053
178,432,6,11.821802,449
1101,1916,7,2.839479,986
1195,2245,11,0.079661,816
2280,1460,8,0.160973,1028
2382,1646,8,18.849372,894
552,2061,5,12.484721,379
1430,1127,9,16.012841,111
1775,1176,10,14.601218,255
606,1415,13,8.798011,754
2423,2439,20,7.434165,1061
452,1462,16,6.750005,474
1582,1227,17,11.192090,331
1047,2226,9,13.031771,275
2040,1479,20,16.742009,194
719,57,5,6.647893,628
1182,1106,18,6.009434,439
796,1274,15,11.147445,337
1379,1683,16,5.459144,228
1319,1592,10,13.550113,708
322,1698,11,19.878275,407
591,1233,8,0.935715,833
1516,323,20,16.391921,468
1093,2044,19,8.622045,637
920,693,8,9.403906,589
756,1117,15,20.327174,317
1528,1948,14,19.186744,259
973,967,6,10.998954,926
1092,1728,7,12.735707,867
1561,189,5,0.428335,162
923,932,17,17.520944,222
2408,1186,17,0.559036,1174
44,1718,6,4.396531,165
1623,2225,7,6.132477,1179
1591,1841,9,1.481049,878
585,461,13,17.399861,426
576,661,19,9.022133,649
817,1123,18,13.524462,103
1940,1534,11,2.404610,664
1660,1306,19,17.376660,823
1399,1412,16,11.910243,219
2182,1211,18,0.554209,448
1655,1497,16,5.109866,582
2310,1589,11,6.950903,272
966,1528,11,0.308925,478
1827,455,13,1.077410,414
2049,208,8,15.815953,471
1766,1340,10,4.895628,369
988,96,11,15.334035,715
1154,1962,7,1.110847,778
612,1723,17,13.550990,842
346,1012,14,13.102564,275
795,1679,6,5.317731,1125
2319,654,18,18.968453,141
1622,1328,11,8.507464,1192
733,312,16,0.896720,445
970,534,13,11.532372,967
747,540,20,14.991431,238
1239,2456,9,16.941581,119
865,1436,6,0.090195,254
628,2107,10,15.409404,893
987,246,13,18.551876,656
1491,1913,14,15.756381,216
619,607,14,10.108727,1128
188,555,11,19.935310,393
476,2158,18,5.723900,162
1616,549,9,8.756106,1016
773,1530,17,11.252230,690
2179,1973,18,4.664765,631
1931,901,20,17.507235,287
1234,2242,10,7.184083,1077
41,1992,12,12.072177,1028
2406,2145,14,13.940601,340
1748,2334,12,11.262772,850
1947,720,13,8.752456,759
2480,141,9,9.336145,939
748,1409,16,8.530225,401
2110,362,10,16.574509,885
2452,993,17,14.314641,702
1811,2177,16,4.572028,800
2446,1221,7,12.523636,646
1289,1948,10,8.302622,934
2395,1908,7,20.272452,235
750,1057,8,18.820880,359
2057,2151,10,4.759279,958
997,514,19,12.521676,382
741,538,13,12.063167,451
2496,2410,8,16.818737,234
712,225,14,2.660480,844
2362,1269,14,2.081405,414
958,263,10,14.712555,1000
491,975,13,7.946721,220
811,392,7,3.171635,544
1471,402,12,1.363511,811
1191,1176,11,20.284583,104
86,1587,10,0.672164,659
1676,1130,12,1.080970,259
1328,345,5,14.048624,622
823,1300,17,14.769316,401
1088,2248,19,1.443441,686
2120,1325,19,2.651899,665
844,378,13,15.036067,125
165,1070,13,2.520747,389
628,663,6,15.690496,909
2247,697,18,0.302845,1188
424,1647,10,20.071776,980
72,2275,15,5.261250,379
748,488,16,17.683594,1172
176,223,18,10.660269,260
822,2272,7,9.245430,1069
1223,596,7,2.535545,578
110,1335,11,17.013354,735
1931,1812,18,14.251255,232
1926,687,17,10.176031,1008
1786,595,16,13.094158,407
1304,585,9,1.805183,699
1503,1763,10,12.031975,407
778,2181,7,14.211352,366
91,1529,14,7.712111,1163
2327,1230,15,4.567877,306
1264,528,17,15.401920,674
679,1412,14,18.591854,489
1494,2331,7,8.916422,574
1308,1099,11,12.415354,385
616,2377,17,1.458436,349
2072,288,13,17.183765,968
1763,2294,13,9.075883,256
1446,1069,5,11.335544,468
1758,2395,19,4.420726,730
2447,2249,10,4.182381,858
711,2488,11,11.233062,338
225,2248,14,2.091424,771
332,1062,16,1.358084,132
35,1057,18,9.535001,371
1335,410,20,10.755183,123
155,1384,7,8.433225,132
1568,1628,12,17.321553,673
502,18,6,18.494714,701
2179,1322,7,6.173257,1084
1921,159,18,12.644696,741
1252,1964,11,14.358423,901
20,1277,11,10.201801,866
2465,1815,20,11.209701,456
528,1001,7,10.720358,978
1964,1252,12,10.008001,1097
1671,796,11,11.425925,570
1851,448,7,18.381676,1086
885,829,7,18.754371,361
1510,430,12,16.328470,856
450,872,17,6.591324,721
562,23,11,11.688573,323
2316,501,16,1.120469,468
2437,951,7,3.572629,105
2291,1341,13,8.685293,1084
1177,2435,19,8.901320,952
1490,1366,6,1.825026,1148
2351,2013,11,19.958220,918
1782,1043,9,6.660221,952
1245,1981,12,8.186686,143
2317,391,13,12.632164,813
254,719,9,18.250231,1014
1520,986,7,8.613749,810
1752,1974,8,19.533656,502
339,2459,10,18.669140,818
1874,1224,14,3.962324,345
1206,792,10,13.099336,564
642,1296,6,15.792780,329
1227,1725,13,7.621929,920
505,1886,10,2.640458,698
1336,1056,7,14.709334,683
1766,2086,18,12.968734,166
2102,1420,20,1.958367,331
1085,2280,15,4.230729,1048
1711,652,15,18.974283,434
1340,1007,15,4.018165,981
1724,2336,10,19.203163,412
230,1227,16,7.857268,572
2127,2050,10,16.032970,1180
1858,1786,11,6.817261,141
1211,1506,7,7.569369,1037
697,1243,9,0.255604,1180
159,261,11,1.629722,1060
1392,77,13,10.009720,251
1838,962,18,3.283790,300
1369,1984,10,17.928818,968
2147,2048,18,3.914820,1001
1437,2118,9,9.471943,434
562,499,5,0.498178,1163
455,583,9,19.335673,371
2203,1170,16,18.050273,383
623,721,9,9.899834,407
2483,1477,11,6.002683,1045
473,230,6,18.164578,292
521,1682,15,19.179670,1155
2490,2443,13,1.630682,1150
1092,1544,6,5.625428,1052
602,1565,20,5.180230,143
1704,451,7,9.774288,1003
2130,1447,18,10.188645,676
2290,1334,15,3.249058,151
1272,227,16,11.060618,635
2192,1442,16,16.044757,942
1129,1459,19,13.373153,210
2485,841,13,5.704291,127
1107,1342,9,3.149386,933
2064,2175,19,0.144314,333
871,1900,6,17.663545,1193
1150,2303,13,5.189139,196
2310,2307,10,3.610181,578
1312,833,6,12.340487,736
457,113,13,1.896323,1075
941,1723,5,5.966494,1104
1156,1015,16,14.227503,738
1567,1890,16,5.577481,948
1911,289,13,16.456861,1150
2409,1975,18,8.555639,1028
549,2203,19,1.857213,580
1228,540,15,8.100110,327
1864,373,11,11.027505,308
2383,2494,18,9.787134,445
243,333,8,1.509376,135
1514,2476,11,0.254006,174
1403,680,8,12.956698,666
2197,168,12,14.333192,952
1548,1688,8,9.035579,1130
55,960,9,7.113762,350
1315,1691,17,9.560823,1032
1341,2126,10,18.060202,947
154,198,17,10.191547,294
891,356,17,11.974516,587
1316,274,13,16.428773,366
1159,130,8,4.189294,243
84,538,12,19.391141,657
2390,1967,9,16.295602,475
1528,1296,7,12.933538,1127
2167,1553,17,6.948911,317
2383,2461,20,14.595082,181
1343,2383,12,7.485115,385
2209,520,10,13.472182,483
2472,1964,20,17.685997,873
2071,475,14,0.004678,828
635,1879,18,3.222518,673
541,2349,20,3.326099,491
1554,1689,12,10.515573,791
2293,865,19,6.217933,863
2115,375,12,20.373413,487
1655,1826,17,17.556887,340
318,440,17,0.977965,964
1790,1735,7,0.159296,1136
1608,1246,7,20.253613,920
683,1576,10,19.630092,383
1868,1562,16,5.788467,797
1280,1346,17,10.220266,495
2052,583,8,10.204300,295
1339,166,20,9.142724,256
1578,821,13,9.838571,207
2212,1118,12,1.631375,667
299,2300,12,8.085340,1028
1089,2064,18,18.391386,597
377,1843,9,19.010252,254
1471,728,19,6.444969,690
657,2332,12,17.921642,714
1056,1474,14,10.954369,159
2352,208,10,14.505601,938
514,837,20,14.900961,571
1976,1579,15,7.886921,565
199,1855,5,0.424309,714
137,1380,5,17.150460,990
498,1775,20,17.610498,449
1363,2008,11,12.094127,396
575,2314,6,18.549926,102
288,227,11,20.082364,449
2203,2252,20,2.865032,176
608,2327,17,18.380346,911
1608,619,17,9.823436,131
2194,1099,15,19.126860,603
2403,961,5,18.709730,123
1533,1343,18,18.917266,1026
2276,453,11,4.288498,831
1633,1534,20,16.458992,291
1114,2010,6,5.455418,104
2034,1338,16,2.022129,847
642,1228,12,6.361361,196
2452,1472,7,9.308588,357
1659,1769,20,13.596093,1080
433,2448,15,7.120703,485
10,983,19,18.475240,1059
201,1141,19,14.018261,902
944,1311,16,4.246838,986
2035,2389,17,6.219414,526
1770,2158,8,8.570096,560
496,396,14,18.403919,277
2496,1484,18,7.469635,333
1815,2222,20,6.660669,683
1035,1682,19,7.571005,1013
1163,1645,20,7.424961,1045
2034,388,10,16.984541,1081
1880,560,19,16.838807,769
2351,380,16,9.703997,183
234,2185,12,12.230340,435
1977,1024,15,11.572235,620
927,563,8,10.024059,624
742,640,17,17.893360,500
875,2027,11,20.451524,328
621,1893,6,12.900374,341
1032,450,19,3.536766,448
1499,1415,5,0.693858,828
731,528,7,17.412779,757
1319,1928,13,19.723029,240
1826,970,15,1.027954,346
560,700,5,3.137366,1024
1596,1252,11,8.399068,409
1437,145,6,10.146211,427
765,1683,14,7.655940,1103
2168,1364,15,1.812625,904
859,933,12,5.504930,721
1507,440,6,11.477129,654
1619,686,9,4.199207,602
786,412,15,5.149899,697
542,1104,7,7.789111,1145
316,250,12,7.363643,600
28,589,18,19.693307,608
2460,386,10,11.510178,727
1272,407,12,4.894450,336
1734,163,18,8.397290,948
260,1371,13,18.709336,388
487,2293,9,14.162793,832
219,540,9,11.109340,443
1582,709,20,20.328889,1110
1816,1993,18,13.164132,550
736,870,20,12.894853,565
793,1412,18,5.641467,357
1752,1918,5,18.773970,875
1738,2301,16,7.964798,363
2181,2386,17,20.312884,362
350,2353,10,15.217094,1067
2271,1285,14,13.134472,955
1603,1734,6,12.220533,908
1203,682,11,15.047368,959
2137,840,16,8.584984,803
1347,1140,15,15.449552,343
1971,1446,12,17.856219,472
1245,1455,14,2.192890,210
1718,1874,15,14.209384,725
489,425,5,13.314009,1094
2187,800,8,9.964145,270
1575,271,12,4.017161,444
1471,923,16,2.102395,954
1957,1859,5,13.886567,420
1831,886,19,2.710780,781
611,326,15,12.159879,383
1584,1036,11,9.657635,618
1845,263,10,17.684454,496
1279,1023,8,6.253828,889
1215,1435,7,15.001627,661
1737,2258,14,4.463796,1007
715,446,10,17.989861,787
2253,1689,11,18.184064,543
522,623,9,5.709699,1005
791,386,8,16.505641,331
1559,6,16,18.135033,739
978,82,15,11.583754,1057
661,2324,10,3.539067,667
427,2375,15,1.925228,323
2144,735,6,4.624008,410
902,96,6,18.096507,372
625,1326,15,17.973388,572
697,1229,9,1.505044,252
1233,2368,11,13.983982,1177
1405,229,8,9.280539,194
1429,2456,20,11.432066,813
1957,1664,13,17.284140,548
2276,321,17,11.949586,800
2226,736,12,14.575073,848
710,755,14,14.368632,989
2069,1124,12,4.877104,1179
573,1184,5,3.357741,462
1090,1544,20,6.278748,583
1318,0,14,11.974722,431
490,2005,11,6.783060,1118
925,1391,15,7.802941,779
1644,1635,10,20.254206,1177
892,1559,14,5.774679,1001
1769,1253,6,9.027156,319
528,455,16,6.691549,465
2469,479,11,8.768685,734
734,768,8,19.934085,571
1186,2055,12,11.394465,383
995,2380,7,18.330811,1157
1784,244,5,12.284621,638
1122,1472,10,11.387401,1065
1176,592,17,14.851909,839
1912,420,19,15.461345,952
2285,2468,18,1.712484,170
1603,8,11,9.940327,1175
1522,1044,5,8.084153,274
17,1153,14,16.484770,1152
749,1761,5,3.132901,764
2344,555,8,1.329304,924
820,589,13,11.929178,1013
497,952,17,9.653767,1186
213,1546,12,0.164188,1153
2054,869,18,8.329639,936
438,632,13,7.276891,301
1362,2230,11,9.655144,378
1417,626,9,7.284727,590
1718,555,7,3.861363,1180
2000,15,14,10.592961,215
2495,562,17,1.602706,968
516,1839,15,18.406501,1103
1709,284,15,15.172794,1016
1604,813,20,13.804523,570
702,2116,18,16.845677,943
1623,1455,18,8.490871,1081
1108,1040,10,13.089970,702
852,895,11,4.402268,284
2179,1567,6,13.057820,1061
1193,381,20,2.857253,710
1964,1560,11,18.461465,716
450,2286,20,4.523099,167
31,2071,16,11.474097,1065
1346,928,9,6.100417,197
910,265,19,14.392838,374
719,554,20,14.591502,338
2169,785,8,2.544975,307
1936,109,15,16.181324,1036
1547,2364,5,1.927725,1144
2385,2135,20,13.331838,1144
651,239,9,5.129388,203
2041,577,18,17.769845,812
377,2107,6,9.090342,1095
125,55,8,13.091958,379
1296,960,8,9.579652,807
2418,1486,10,13.136659,727
2241,2154,10,14.016243,782
145,1782,12,3.130700,600
1166,1724,14,3.583114,1077
466,2461,7,18.675368,387
634,2350,10,14.772183,1103
1367,699,8,7.157955,613
974,79,18,0.243252,770
1550,1344,9,13.592337,139
557,1086,19,0.796008,462
520,2215,12,5.969123,950
265,2217,12,8.227051,190
1059,1568,14,7.825660,828
2072,942,13,12.570041,808
2258,252,15,5.607263,512
1104,964,9,14.419216,820
1300,675,7,15.502186,416
2428,1615,14,8.535499,980
1345,441,9,12.271770,420
30,371,8,1.718879,989
1698,297,16,15.656356,414
346,617,13,17.959258,120
1504,1868,9,12.391424,743
894,990,19,14.256209,590
77,570,11,7.867576,534
1237,752,6,7.576616,301
576,1683,15,19.775026,111
93,2373,9,19.094970,954
5,1840,15,17.794446,1147
206,474,15,7.374176,306
2228,669,15,3.281913,928
1416,314,17,1.760212,591
406,733,10,7.190519,387
2299,971,6,0.650949,731
164,1391,12,12.752331,395
1929,124,8,11.160870,125
1348,1236,10,11.822714,346
1983,1278,14,15.586334,1038
2336,569,17,12.397271,846
77,139,10,6.380813,738
1802,1700,19,19.237706,1105
1397,1321,13,12.940790,520
793,825,15,10.471900,386
2292,1693,9,16.815211,1121
2211,166,14,7.173646,1133
1534,95,20,7.191991,1169
1943,246,14,16.895554,820
582,1717,9,9.856450,841
753,1031,6,19.633402,802
367,1593,13,18.602665,1055
1240,904,12,18.961535,713
1699,664,11,12.269599,553
1139,1581,13,13.978552,641
873,1897,5,19.862617,278
926,1247,18,19.794324,982
499,1763,20,15.451098,356
163,1904,6,5.336123,857
147,2379,10,3.879291,953
613,2271,9,12.996829,215
1167,1900,16,15.670920,1060
1367,997,15,1.065578,1018
1448,194,15,5.391641,1058
1999,2316,12,9.212274,1003
832,2403,15,11.013313,364
1042,1125,6,19.100356,451
978,1459,17,17.271892,185
2114,2142,13,7.513425,945
1122,1219,9,19.349726,1160
1356,1392,11,12.239359,444
471,1948,5,6.391876,538
1897,532,5,18.746762,654
866,705,17,20.320584,920
850,1219,8,16.960626,855
1013,1098,5,13.502537,903
2121,2178,12,5.539557,212
754,1436,19,13.682969,241
1861,620,10,13.446398,836
197,2036,12,3.770429,661
2232,1650,17,17.452012,978
2,913,13,10.974597,1157
1620,815,16,6.707718,405
122,1308,8,12.993195,826
807,588,20,14.715884,380
2071,636,17,19.397419,824
309,1547,12,17.527105,997
1726,1147,12,1.404135,287
1002,412,12,12.062013,531
450,1683,12,16.196047,531
652,1852,13,15.329156,426
457,385,15,9.586438,535
2151,565,9,4.103035,356
1067,516,13,5.493830,782
2051,1262,11,13.333877,728
1289,1008,19,16.544898,587
778,1326,20,12.371963,266
2226,1856,5,16.859452,566
85,2382,16,5.604288,550
1423,339,17,20.018573,101
1778,1918,11,9.462446,925
2445,1403,6,6.585332,807
2026,1217,9,5.800838,1019
2370,2089,20,19.252871,317
941,608,19,0.948323,931
183,2167,9,18.861646,235
1563,1491,10,16.936524,321
97,1216,17,2.015366,1101
339,248,16,8.519082,423
1371,2355,14,17.908642,420
85,1994,19,0.631124,893
1383,1092,17,15.208582,234
1905,838,17,5.765442,103
374,784,5,5.666506,1117
1731,206,12,19.606816,999
1913,1349,18,19.463921,416
638,1409,18,12.442637,183
220,2410,18,1.777167,545
2479,36,14,4.382411,934
172,2186,7,10.701575,879
490,2074,6,9.083230,558
1744,1661,5,14.741244,364
274,1615,10,10.350254,804
44,2303,7,0.429734,960
2171,1194,11,19.598295,956
203,635,17,11.660728,404
2236,2392,10,7.369199,398
1053,903,13,5.517143,531
375,1984,7,15.463525,827
1289,2154,9,0.977453,982
129,2025,9,20.326943,813
1151,978,16,12.886989,906
995,1634,10,4.501592,1095
2155,2391,17,17.466784,170
2090,1175,20,12.780883,510
1715,238,11,7.615670,307
179,1421,6,2.343658,1078
1651,910,5,5.213641,350
1846,437,7,20.266377,339
514,766,7,18.721407,671
1676,439,10,14.425049,736
1881,1237,12,3.746681,1107
1758,319,17,8.866729,924
1387,2016,19,19.620123,618
1679,890,18,7.529441,108
2082,1712,11,4.787298,1109
1780,844,12,12.537266,652
927,1300,15,11.706471,724
1780,1549,7,0.616105,592
428,2452,16,1.764794,702
1643,214,11,2.915715,280
106,1290,17,7.383881,547
349,577,13,14.248111,121
1828,349,7,4.455099,441
30,1724,18,8.325745,232
2471,1490,15,5.378333,140
339,619,5,16.869447,528
1144,1436,20,17.057006,977
591,1795,19,14.726925,859
1422,566,18,14.877469,656
1597,635,19,3.798719,503
735,173,14,0.314957,323
1809,83,15,11.201772,748
2419,2158,6,18.253117,181
2353,2390,15,16.087990,449
2278,146,13,2.689204,868
748,774,9,0.164356,1048
1884,2133,9,0.158585,966
97,1435,6,3.451768,366
194,1568,12,2.023671,622
1894,11,18,16.376032,109
202,1577,20,17.385630,1012
2008,1670,8,1.079497,1086
535,130,6,15.837925,498
528,1607,5,13.159548,572
810,391,11,14.018183,878
90,706,6,6.463216,351
176,564,20,18.002330,955
290,1025,13,1.782706,887
1737,423,18,0.817002,739
682,1196,11,8.030128,934
116,554,20,10.841884,1142
1818,2346,14,10.743793,994
1827,1173,13,0.667840,140
1271,2453,12,15.348136,521
440,157,14,2.283730,456
564,384,17,3.884266,711
1966,641,5,17.741939,549
2262,2103,15,12.784707,184
813,651,8,15.399810,1185
807,1156,10,10.754924,269
1759,2450,12,1.222184,1097
1688,622,20,19.203913,542
53,476,13,19.668320,1184
2217,1221,12,3.319734,167
1972,1504,18,9.768861,176
1783,110,6,9.463430,176
519,46,9,3.492820,203
1061,273,10,1.751879,632
1571,841,18,2.214695,1019
1047,1199,17,18.837611,558
1354,910,8,5.335240,1159
381,453,12,0.393730,949
905,110,5,5.164494,1014
1105,904,12,0.814645,597
72,644,19,10.666930,194
742,681,9,15.825268,166
925,2076,16,5.075015,336
1719,1725,14,18.260158,999
1938,1858,18,4.146329,140
504,1116,12,19.250285,788
1241,1760,8,17.584001,932
332,746,16,0.404856,101
782,344,13,14.435047,1144
2480,1753,9,5.391755,827
270,2024,11,19.285537,1035
1120,1670,16,9.827796,696
1926,985,6,2.585833,424
2003,32,11,12.484436,641
1335,1215,16,16.792527,1185
829,416,5,15.702119,570
2332,1896,18,19.195051,560
33,122,17,9.558234,1044
1206,772,5,12.953282,491
1795,501,7,16.045909,320
1594,944,12,10.537082,1144
2452,1589,6,8.437826,823
1887,316,7,14.883090,467
2248,1161,15,12.172241,1007
2037,1195,17,4.811344,950
523,1024,8,18.475560,1046
2044,1552,16,15.532974,121
359,2080,6,13.433548,192
275,2342,18,3.608610,1002
1565,2217,15,18.883271,963
978,1997,18,3.589264,348
1961,1061,9,4.445715,1199
1515,1205,16,1.621004,514
1841,1786,13,2.280966,467
628,1422,13,11.070388,581
969,1718,7,6.830345,1185
1778,9,18,0.764052,1135
2057,371,10,14.618914,1162
1384,1493,12,10.833473,822
2280,753,13,20.280394,1122
2246,1069,12,19.204884,915
225,1889,6,8.784394,521
2282,164,11,20.371454,602
773,618,9,10.255840,1139
750,443,11,1.005523,367
1095,1719,16,0.631723,223
491,1559,8,1.570301,694
141,2397,20,12.609286,119
1623,2497,15,6.595387,1021
1556,318,18,12.009447,523
1020,2215,19,10.049661,407
802,1147,10,18.592959,581
2155,2265,16,0.966185,831
798,2324,7,4.745569,102
1086,585,6,16.885270,774
1809,1032,14,0.543448,420
2444,1134,20,8.354767,235
374,788,15,11.991955,1033
865,2234,8,1.022808,529
2131,1987,11,2.155429,180
1429,1956,14,3.775962,889
864,608,18,9.367651,678
870,851,8,14.573900,789
62,995,15,2.322917,842
492,777,15,2.050357,844
319,1796,6,7.629844,482
1725,948,12,15.763483,418
1537,544,17,4.546726,1135
465,1152,7,15.933710,125
729,2318,20,13.775176,992
2388,742,19,18.926525,430
1300,931,10,3.391760,1088
2144,454,8,16.870556,915
276,127,8,9.218919,209
2041,458,14,5.063165,176
74,1977,16,7.606343,495
1272,979,16,10.216392,821
1871,386,6,13.151265,880
120,221,18,0.849238,992
1779,1402,14,0.196444,1044
1100,2103,12,13.106860,799
954,1420,12,2.912085,797
711,1090,13,18.644868,916
1334,1929,7,14.497541,809
317,1371,6,18.500697,728
548,792,19,1.231000,1172
447,504,18,18.140662,965
2366,1164,16,4.556080,437
1123,1069,18,8.167278,978
2381,1607,8,6.048067,314
576,319,15,1.475802,1037
255,2033,15,11.776340,245
1169,994,19,18.040245,161
2037,1364,5,5.085902,236
1863,1463,8,7.342647,717
1690,958,14,15.733096,732
713,1077,13,14.390589,226
982,898,10,4.781849,487
2170,1777,10,3.083297,125
197,1965,16,1.459038,756
1964,1575,19,3.605348,628
397,1290,11,15.345633,1098
634,1452,14,2.862016,1008
1057,2420,19,12.821934,1117
1326,1975,16,17.987162,479
617,1799,14,13.399305,455
1220,1062,20,4.798950,837
2063,1580,10,9.546261,1107
1446,342,17,8.212927,355
2198,689,5,18.641801,522
1661,2234,12,12.137269,880
290,980,17,10.407240,237
1604,1109,10,11.603072,822
993,2333,16,4.538945,954
480,463,8,6.197748,1144
961,1023,8,11.582110,125
1123,1846,20,13.564485,149
2035,1889,13,9.276433,956
1989,1116,12,16.128039,362
370,598,15,16.761448,924
999,2098,7,16.907385,922
81,521,13,13.779349,313
436,1139,7,13.591975,437
1035,1921,17,6.750800,727
2294,211,9,18.226835,153
2011,1609,15,4.049443,272
100,1156,6,12.742930,401
2491,1254,10,7.589833,399
651,1854,11,17.649214,220
1128,1248,9,18.143036,714
475,368,7,3.297556,1032
612,244,11,8.237219,592
1780,1584,16,5.815681,622
519,2049,11,10.830469,474
1631,407,17,3.931210,138
244,304,18,5.577178,1048
706,1221,6,1.346497,1115
1480,1315,10,4.144149,1017
2208,2100,17,15.961466,616
1515,2402,6,15.350985,1105
1475,1100,8,16.679005,530
1254,939,9,20.066344,268
1208,1183,19,12.997894,792
986,1998,10,7.663819,270
1368,524,20,18.288992,446
362,525,14,7.497038,198
1246,1582,7,2.027197,543
1087,1068,8,5.399252,510
2457,2488,20,7.712698,486
2245,260,15,16.517662,871
2010,375,5,13.129445,181
244,1652,20,13.613029,236
275,686,5,7.660222,1015
679,1076,19,2.283221,772
1630,1322,6,15.841347,899
1079,2070,19,13.575701,901
2,1105,12,8.319080,718
537,1695,20,15.811637,968
2483,1357,19,5.213875,170
745,2400,20,5.002837,352
2090,615,5,10.127299,321
1691,258,11,10.452451,375
531,926,6,18.501462,143
1535,984,5,14.060585,662
2488,216,8,17.455105,1160
1425,2332,14,9.909043,812
1692,1951,12,4.490928,806
2034,547,11,20.451465,390
1294,1252,6,14.699647,194
1938,2146,14,18.169911,496
1402,2469,12,10.431577,1190
1027,1989,14,18.266457,347
546,2254,15,8.200064,1129
1110,1713,13,14.104467,542
933,2107,9,12.459013,369
2138,805,20,10.360467,958
2288,807,7,16.762940,874
1398,1719,7,9.092135,893
1793,145,15,0.735741,990
714,1576,8,15.598223,1071
223,1459,20,13.205700,680
2440,98,8,2.339635,564
1330,329,17,15.033938,1123
1911,834,14,17.873109,644
482,302,5,18.677642,279
923,1464,9,0.762072,763
1468,1283,5,1.463273,652
1231,2344,5,20.097523,177
2,773,18,17.346883,594
844,1556,6,1.415230,986
1767,1206,14,4.163487,871
1835,456,14,0.374286,646
1028,1024,13,16.097225,519
1010,2050,13,8.070947,1067
1214,156,7,10.447787,229
2437,2191,16,0.238197,675
837,26,7,16.661523,532
2333,1195,14,3.236421,380
1657,1628,6,10.872421,587
894,2183,16,13.471123,177
337,2240,6,9.839069,804
870,1327,15,8.045642,362
108,1057,5,11.422254,389
1380,265,15,12.015118,850
2066,56,18,16.766626,360
1510,2381,9,17.732894,717
940,143,9,6.617339,906
1710,336,10,8.862703,290
2444,2447,17,18.030821,1163
336,2139,14,13.035749,1170
886,1116,14,17.392870,107
1182,1928,8,17.752718,782
376,407,11,9.122432,393
615,162,14,1.858068,215
682,2243,17,6.080895,968
2457,1707,6,12.205154,592
1369,525,12,18.924721,353
1711,1798,16,14.518375,1188
1139,1485,7,6.763617,1098
317,2440,18,9.631624,434
2153,158,16,3.715697,180
3,1477,16,8.907535,144
399,1281,15,12.743314,822
66,1503,14,16.203419,545
938,2032,15,10.045339,661
1830,2249,18,8.919558,203
2432,1967,8,6.919946,660
1064,1671,16,1.702087,894
478,1661,7,5.133299,784
1424,2243,9,19.260578,721
2327,273,10,19.429806,1083
1536,2070,17,15.336978,1037
2233,1837,14,10.432799,778
1989,520,14,16.905501,225
2242,1546,10,7.495410,877
1432,958,9,12.711359,749
776,190,19,13.005197,717
556,2323,11,7.962485,510
2217,387,9,4.315732,1106
1729,1263,9,20.499374,1112
7,1398,16,8.408381,111
574,544,15,4.235465,735
2486,2307,16,19.173876,294
99,810,7,14.450777,742
2016,30,10,3.014576,442
1465,850,6,14.371665,551
1253,636,10,8.604992,596
1882,1864,8,19.141243,329
633,944,5,15.072397,126
873,734,8,8.675331,108
313,1923,18,17.148780,254
662,3,10,8.349386,923
1140,2464,19,17.190026,679
2283,415,8,5.652567,811
1509,2235,17,0.265284,227
1125,2446,16,17.566592,1067
2257,1653,7,7.281345,470
401,1207,18,14.217506,533
1679,1870,17,9.803429,253
2260,1579,11,12.682645,528
33,2318,19,18.878240,664
2269,1158,20,6.353095,539
507,672,11,2.267277,274
2297,430,13,19.848503,745
2040,1753,20,5.607488,909
2279,1449,17,7.406726,476
204,1506,16,17.474961,855
906,563,18,8.742250,949
1616,1312,6,14.049645,554
722,1517,11,5.257075,1154
732,1036,12,18.188894,598
1632,2343,18,19.889665,693
408,2072,14,8.662372,639
626,267,14,4.677419,902
1127,233,10,16.188738,139
185,1963,13,7.206746,421
94,1945,16,2.989110,1137
418,2045,20,4.613642,720
1505,1467,16,6.750017,203
2376,2322,13,4.510461,1087
2189,483,14,8.467373,410
1774,46,16,5.182184,268
1560,733,10,3.184323,193
2093,536,18,8.460528,1176
2051,345,17,9.278292,335
1343,1661,6,2.063370,492
905,714,10,8.092331,386
763,1870,16,18.450270,104
1860,200,17,7.497350,1158
1198,2090,10,1.204105,1070
2213,706,14,8.682920,1134
470,2208,14,10.606360,363
1577,2102,9,9.672448,397
57,2495,17,16.831754,442
1474,1486,14,11.894111,236
2244,2189,9,14.937089,732
1477,203,16,0.547503,854
2465,1239,14,19.711158,980
1611,1798,16,2.429489,1034
2149,748,15,13.758725,1119
2391,1395,19,0.388823,407
2336,1573,12,8.409054,563
129,2118,16,14.930160,344
200,2231,6,3.159878,561
1323,579,9,14.207792,154
35,1688,18,16.679049,727
254,168,20,10.334782,950
592,1315,18,19.550959,340
79,568,6,13.260458,206
2114,1592,15,11.031482,909
762,1658,17,5.746535,1072
1904,742,10,0.733902,130
1703,1078,20,18.284747,911
1506,2421,18,1.294229,688
618,1254,19,13.279440,779
207,1414,13,4.588232,415
1230,39,16,1.597417,675
968,424,10,12.319035,409
2378,1597,11,7.673227,390
1414,1868,11,19.988709,534
2148,448,19,8.770585,917
2187,1769,16,13.545291,670
662,1979,19,7.791159,318
1337,1918,17,3.451842,543
755,1446,13,7.608632,411
1710,1971,14,9.473254,305
2169,2105,13,7.724489,149
982,2424,6,11.633740,156
564,1304,16,17.772124,223
2193,714,15,2.802392,1035
151,2329,6,10.012625,1090
264,1995,9,6.560402,796
114,2465,11,19.340722,403
2413,31,14,20.175293,419
2496,1537,18,2.862421,906
1534,1880,12,16.641745,1034
717,2387,14,7.812577,119
1848,561,12,18.138566,515
559,1560,17,16.534397,921
2401,1921,17,18.643806,475
1946,2150,15,14.706395,930
2020,887,12,17.229549,1062
1650,1756,16,1.352405,673
1232,1372,18,18.687899,490
1088,992,5,3.970363,154
320,1290,10,4.138687,277
447,111,9,13.597299,565
64,1737,7,5.717912,249
1184,1778,9,15.829691,788
603,1622,15,5.035342,552
2171,2004,20,5.749894,643
2441,865,5,7.024323,769
1398,964,16,7.344307,150
1812,1786,14,20.345282,212
1706,1283,10,18.239432,345
1733,102,20,12.366116,1093
1787,1975,19,9.258247,608
873,1637,19,19.894468,1187
218,2490,12,13.641135,714
209,449,7,14.571816,763
118,1417,18,0.159114,1098
1572,2029,12,2.764523,953
1914,457,8,20.262443,658
2409,1106,6,6.148858,773
1163,1753,20,15.234457,1011
1918,1241,10,1.448197,663
1234,1096,7,3.066453,535
231,1332,20,16.821774,128
756,2329,18,13.139017,1186
2329,130,19,9.456113,506
2333,4,13,5.670781,848
698,1237,19,16.362528,608
1683,1709,15,15.283924,854
558,736,16,11.768229,571
339,733,8,3.460677,232
1628,1707,9,4.367042,1130
56,356,12,5.038864,329
1936,1510,13,20.078813,1098
2043,1215,18,8.097069,1022
2396,1936,12,7.252413,1079
1418,1040,12,19.550758,228
1158,65,12,2.072655,869
1371,187,18,16.880586,1123
545,2251,17,12.934067,1105
1988,795,5,1.358688,171
2225,421,8,2.756603,919
703,594,19,6.293604,407
2335,800,16,14.165551,647
2481,981,17,1.708133,1187
1735,1821,7,17.392200,581
982,1840,16,16.227220,486
871,1674,11,3.688789,212
453,381,11,6.210527,774
481,10,12,6.650444,1172
1519,350,12,15.247179,665
410,1397,16,13.582226,1198
633,931,10,3.874220,394
1123,2262,9,11.989583,533
2231,159,19,9.775482,832
853,1337,5,7.285597,239
1274,245,15,18.879787,725
880,95,16,11.270256,786
771,2259,6,11.441093,375
2151,1984,16,8.773580,148
735,1567,10,4.757067,505
2007,2440,17,8.251775,189
2330,222,6,2.956823,374
2494,2405,10,9.109547,922
336,2094,18,2.748240,712
291,1309,12,8.099583,554
1621,1308,11,7.851284,364
67,1168,7,5.892878,221
666,1853,6,20.358823,367
1350,506,15,5.712903,1101
808,147,15,0.306665,167
220,290,13,18.793562,1027
1259,2412,9,10.008309,761
496,1593,16,0.603074,564
319,2275,19,16.419364,413
2344,1854,14,18.502527,783
1126,483,8,15.116113,1137
1463,1599,6,0.404586,543
1964,394,7,3.659943,435
2084,1905,13,9.265727,559
745,237,6,11.313695,143
819,1144,15,1.334509,350
568,128,10,16.254657,834
383,2110,13,10.527474,216
1793,1969,16,12.386624,260
197,192,11,17.396212,828
1667,625,18,11.292224,664
2464,1480,7,16.908233,643
316,1117,19,4.874596,1032
2209,819,10,7.634997,907
1180,888,7,3.908509,1156
1734,784,11,19.936689,811
1551,1921,7,1.481154,869
1026,2128,16,15.627829,482
361,1020,18,18.807627,241
1411,2101,11,5.176150,855
1143,1070,17,19.488360,950
748,386,6,11.970467,142
2464,2486,19,13.564327,997
117,1615,15,13.224269,388
2027,2038,17,11.666265,632
770,1252,18,17.916430,1164
1265,1830,8,12.557966,662
738,1871,12,10.163384,324
1314,2432,20,4.445946,303
2108,1365,15,16.611519,628
1076,468,6,9.982781,211
1789,2494,16,17.350431,193
235,2012,5,3.703204,744
2174,1148,15,4.403141,898
1685,1295,12,12.966044,335
2006,1752,6,12.378388,138
469,2223,14,17.358460,322
2008,1723,8,15.638283,759
1067,1961,16,13.826938,690
1645,759,12,18.538430,556
1280,552,7,11.573935,856
1184,504,16,2.268030,877
438,867,11,3.137153,684
881,1678,16,8.240330,1101
897,1671,11,7.799770,497
2371,1655,11,7.421989,762
1104,1350,15,18.668066,721
2492,2428,18,8.658000,306
1020,1464,9,2.822894,979
2351,1328,20,11.918817,519
959,2110,11,18.213146,579
1853,1191,8,4.289709,424
1625,716,15,13.826995,696
1510,2069,13,20.313369,427
224,113,17,12.435148,192
1682,1529,18,10.917781,461
2140,1163,13,9.374315,1049
1739,1067,17,17.523760,1165
1868,221,15,7.688234,802
1224,998,10,3.673503,309
1563,1595,18,2.705373,734
367,819,17,7.689244,548
1142,2477,11,0.227879,326
148,1705,5,12.614305,857
560,152,18,11.863815,722
241,1664,12,3.450338,1031
775,1399,17,17.064911,518
2263,1452,5,7.829022,742
334,1495,5,16.861596,514
428,2262,16,17.901362,948
2267,971,11,13.836798,621
925,1252,8,8.501144,227
846,1325,20,2.328647,838
1604,724,18,0.968901,949
893,540,6,2.567225,1015
87,1977,18,16.909013,411
970,177,18,6.539141,1171
199,153,16,6.888878,1096
1328,244,15,19.591063,1089
1759,1310,7,7.745966,133
1066,1177,11,2.103966,419
880,582,13,17.616136,1024
588,1028,18,1.235248,607
494,2348,7,19.653289,119
1811,1372,7,13.119095,634
212,247,11,15.910000,570
1471,1099,18,9.713152,195
1885,705,7,18.305263,237
1670,995,9,1.539739,907
2330,950,16,19.105926,425
2312,980,12,0.093253,987
2074,2426,14,10.520649,1027
171,1101,13,1.358241,479
1528,475,11,18.735213,912
488,1102,13,16.443078,107
1897,663,18,9.295796,1179
88,767,12,14.741420,893
448,807,5,4.132130,712
738,1339,19,12.647243,798
931,1174,5,18.199397,1072
1283,2411,18,1.411646,665
408,1172,13,10.144548,717
1213,1620,6,19.462692,1196
1810,1861,11,16.196555,594
1680,550,10,14.512628,259
1659,1052,12,8.166037,304
1094,1130,11,6.668436,212
221,639,12,17.072572,341
1665,2484,11,11.873826,873
83,197,9,19.481449,950
390,23,8,0.481163,419
793,940,13,15.000065,310
1912,178,17,12.443630,1157
1758,1611,15,20.337631,865
1200,1725,17,0.797707,352
761,747,18,7.979168,571
46,2260,16,8.498034,787
248,2157,11,1.762375,672
734,2244,20,3.287255,634
2152,822,14,4.841549,988
1251,857,17,6.036783,782
1979,441,6,0.050902,376
1596,771,9,9.104109,1111
1035,1148,19,8.821809,460
100,702,17,18.783412,256
529,1200,12,12.330422,339
1443,752,18,2.698867,888
15,1572,8,8.428157,461
7,1997,10,11.485853,120
235,1812,11,10.692552,715
1382,1845,7,11.113478,244
264,430,7,6.221185,898
1389,1789,9,9.245582,789
515,1993,14,12.720323,196
268,1537,13,12.547760,1058
236,1577,17,2.889379,121
263,1675,11,14.132858,1161
2023,2283,11,6.849923,939
2260,707,19,18.762266,616
940,376,16,19.166858,460
710,2111,20,8.735182,1100
2019,1468,5,18.077899,441
2335,1733,5,5.130044,860
1470,546,9,20.116489,353
2345,1049,18,7.086841,887
2315,283,13,13.598751,893
526,2145,15,15.060757,740
1896,1003,8,19.809016,614
737,1040,11,13.555951,304
1333,1215,18,18.270725,673
722,1054,19,15.122438,593
1339,1709,13,8.970209,221
1430,2055,5,10.307939,110
1562,1295,13,1.566882,797
1449,2059,14,18.055036,591
1653,982,10,7.197001,1083
2429,1701,8,3.786220,911
1253,1549,8,0.889922,728
1558,1369,12,15.230096,714
1652,339,14,7.990218,437
516,1014,12,16.149612,141
1150,469,15,9.717322,143
1371,1919,20,16.508292,687
2013,390,6,10.655352,682
2442,1697,11,16.861842,827
1040,1141,12,4.825263,488
2113,1945,18,6.224964,671
1207,864,14,1.199442,1002
1981,445,16,19.592168,555
117,2018,20,8.738818,516
2196,1622,11,0.768884,434
1541,2248,9,16.830696,1070
881,2036,7,19.034750,534
509,706,12,7.348686,448
702,1493,14,13.875036,341
1233,1043,11,0.418320,624
1900,94,14,12.810992,996
772,1867,5,9.878600,707
621,1702,10,14.020250,986
682,1166,14,14.312016,1002
834,1918,5,4.077549,206
276,1068,19,2.852733,272
1567,1629,13,10.864362,819
1308,736,17,2.694677,641
2399,420,5,10.017951,1076
752,1409,9,17.775218,199
213,1665,19,7.199824,703
297,1939,12,9.396486,551
444,1930,7,2.202038,776
1542,533,5,2.394598,629
1939,360,20,10.572327,911
767,1538,7,9.797219,1048
779,930,10,4.644739,427
1109,963,19,2.464248,1153
223,521,20,18.717296,252
654,691,10,6.223973,1012
1247,1904,13,11.702985,470
213,979,11,12.397037,1104
2245,80,7,0.157827,202
415,2016,6,19.594012,446
80,2079,7,1.814448,899
356,1437,5,4.754791,241
1258,2376,6,16.725694,1163
2489,1123,15,6.211335,152
413,1614,7,16.239881,160
1882,1451,13,18.471044,622
1639,2416,17,12.427135,837
2419,1091,16,16.949109,870
2038,667,10,11.669530,858
1083,2182,17,3.489428,927
2269,633,11,15.069303,544
1879,1959,16,8.470741,626
439,2258,17,14.475962,784
647,1619,15,12.205744,201
1782,347,7,4.941653,583
1328,259,11,4.268847,108
2085,2258,8,4.522664,408
1038,1093,14,2.356531,119
1861,1233,7,17.329815,685
2214,2188,11,1.654779,944
1463,197,10,13.874532,645
1854,617,19,12.750548,870
1203,360,20,6.592900,230
1421,1711,5,11.693106,831
2196,551,20,1.187468,137
1925,1683,11,19.584038,790
1628,2466,20,16.364791,500
440,1651,11,7.441174,1168
313,2003,19,12.516641,472
624,2036,15,4.174738,808
30,298,18,14.683408,658
167,1477,8,10.393222,183
796,1520,14,20.322252,1135
1917,2051,16,13.332175,465
755,1794,13,1.266267,757
392,1599,20,0.755284,1106
969,1069,13,18.494665,366
1375,929,17,1.748202,404
1112,444,5,4.368761,678
1574,2248,11,5.342552,254
760,1296,20,10.940207,343
92,2418,17,13.872445,656
1852,779,13,14.033505,807
1268,25,20,12.666669,129
2039,1588,18,8.713585,150
166,2187,18,14.311871,492
2391,1160,10,9.697313,693
157,1636,20,17.357198,606
1441,2356,14,10.731559,988
2084,1909,19,19.721926,809
500,1001,14,6.166448,1044
208,763,5,13.882130,322
1648,2434,12,20.398199,221
616,480,12,14.617160,550
1881,42,18,9.018681,1052
1698,587,13,13.184130,371
357,1757,18,13.535797,1026
1648,488,15,3.823700,652
647,354,6,2.776671,989
1816,1661,5,13.291045,938
1932,1215,12,14.758285,1143
107,600,14,1.646029,1039
773,795,13,11.743317,837
231,1621,5,3.894298,841
389,420,19,9.943028,911
1512,1905,11,11.453195,362
1935,1088,20,19.732325,1073
755,824,11,20.310335,401
196,50,8,11.050627,955
2232,1409,19,6.178876,824
2247,1429,10,10.473003,705
24,938,19,12.652898,948
2249,655,14,14.651454,569
1100,316,13,9.277670,167
2422,1156,8,1.417374,987
1258,649,12,9.410900,1180
1803,1770,10,5.700541,1101
910,1727,14,3.033307,541
1097,1470,8,16.507274,845
1163,1004,14,14.617586,869
408,1349,20,16.173755,335
1086,1849,6,16.378972,293
1474,508,16,6.945484,230
2334,885,10,14.380227,791
406,1842,17,16.674950,320
374,898,12,7.768759,448
2054,1721,6,16.339119,1031
261,796,19,12.503988,1065
1133,2293,15,15.868753,143
1120,790,6,3.356558,883
319,39,11,4.831734,772
2209,1871,7,7.113962,119
1914,889,19,0.291834,1121
844,1474,17,5.318183,430
723,1855,19,1.572508,1067
466,1150,6,11.060496,356
2013,186,8,5.156409,342
2125,2042,5,0.929961,702
2300,988,13,10.874539,626
1759,1902,10,14.081904,781
684,976,13,11.817068,1015
1322,2267,6,2.774272,978
1727,4,8,17.932713,784
2302,1371,16,14.709285,803
67,514,17,17.423210,484
443,761,18,1.548449,1125
2076,1054,16,9.353427,728
2342,1016,15,4.766117,455
1301,1703,16,12.661406,1101
2359,2137,6,13.812302,799
230,1966,19,6.131609,636
230,627,8,10.800594,529
1017,807,11,0.214346,838
1271,1072,5,4.858749,917
2209,1546,11,17.420328,536
119,1104,16,13.021701,872
170,842,18,6.403882,228
902,2228,11,14.118647,231
1306,1149,9,5.526931,1122
1237,2074,14,2.309136,866
213,128,11,13.171865,790
2,2313,12,16.198421,439
1881,1384,14,16.504760,827
18,850,12,0.577225,921
220,2495,15,3.034443,870
1907,1522,14,19.376073,1107
414,1160,17,6.649339,215
586,1234,6,10.755665,681
426,124,12,15.253099,492
2326,1111,9,2.080879,159
1574,1691,6,13.166473,235
2188,80,9,19.527721,453
2010,557,17,10.138096,928
238,254,7,14.122566,750
1552,644,9,4.914137,154
783,2183,17,0.790501,876
1254,860,10,13.007105,511
2315,476,17,12.389993,986
333,0,15,9.398950,710
1803,112,10,17.377547,961
2102,978,13,19.824437,244
2327,951,18,4.277926,599
1064,423,12,2.553090,577
503,2056,19,7.662584,198
2200,713,12,12.272737,1022
2156,2485,15,16.261607,980
1821,210,12,0.896907,452
1179,739,10,4.886272,153
249,1039,8,10.264607,499
2249,365,17,20.462006,650
1812,682,8,16.608750,114
527,1521,5,4.672475,961
1324,1443,14,11.895071,223
1920,2215,8,9.671326,216
71,1893,15,19.102963,332
1219,1458,13,12.350369,853
2161,566,19,8.662434,662
1753,1320,10,19.604287,385
4,198,10,12.288425,833
415,189,17,12.916020,1170
2487,2389,13,2.405450,769
1748,801,19,18.194451,692
368,1656,10,3.580029,871
641,752,15,19.628545,430
1510,183,11,0.331590,721
2347,747,19,3.962854,703
1542,2261,6,13.241350,951
1813,1646,16,10.256543,965
1613,792,7,16.960035,219
1594,448,11,10.260286,161
1965,2268,6,7.642823,751
1476,1471,6,16.934626,770
232,2185,12,4.008874,627
887,1153,19,16.835210,673
1866,38,19,5.536918,678
2486,738,13,11.047454,824
1691,1526,14,15.334295,1051
987,2022,19,5.954549,143
376,1827,18,6.654063,731
1390,675,19,7.751130,111
1338,1742,9,18.865419,322
1342,1119,8,2.900811,287
2267,2306,5,8.860890,1039
285,909,8,4.090038,994
1246,1216,5,6.386243,653
1505,1251,9,1.110197,848
1120,1490,10,3.255648,977
919,1290,19,0.005857,1138
1599,680,20,10.533543,765
1386,1074,19,1.460632,464
2261,1622,9,19.539575,757
1395,1715,14,1.549027,999
1256,2046,11,16.236303,740
321,1020,13,2.211904,724
299,2379,15,6.969369,731
2086,732,12,9.397191,437
2458,1066,10,16.485891,530
1226,1205,18,5.709392,1055
1303,594,15,15.246238,333
514,2087,5,9.065436,507
313,2163,6,4.120080,935
2409,891,9,10.316081,840
942,1729,14,14.084901,553
703,1348,6,2.320593,497
2026,509,15,13.081427,886
2477,1659,15,9.712205,174
1673,1255,8,13.413625,719
1644,494,15,19.221880,543
1318,1677,9,4.350275,827
152,1283,13,16.057123,803
2260,2279,6,20.310665,913
1687,635,9,20.474526,1054
156,1627,12,19.790849,932
1292,1993,17,17.351448,655
2269,2088,10,5.153591,465
1507,1335,15,2.901856,832
1050,491,16,8.347953,472
1363,2255,18,19.902399,1129
2017,623,15,3.679690,708
300,2365,13,17.001730,1085
251,148,14,2.370502,284
2164,1014,17,9.636619,1125
334,1248,14,19.358634,481
588,1619,5,18.284965,681
1095,525,11,12.439875,207
915,192,12,18.663641,993
2276,97,9,6.320137,858
1435,1371,11,13.477390,1161
1354,1108,12,6.045074,221
1279,1806,17,11.912872,663
1374,758,7,11.417231,974
1439,1472,16,18.056707,539
539,1913,15,4.332611,914
2316,957,7,6.613729,630
1457,2372,19,11.912874,1128
1250,1088,6,9.580628,908
707,2464,15,15.408411,1115
1040,792,12,5.564685,973
2406,1728,15,5.448007,884
2423,2376,10,9.968893,550
1106,306,15,12.487125,424
1224,314,13,2.436392,948
1147,2436,19,0.903337,476
2476,405,14,0.332450,630
778,1431,8,6.885205,483
339,13,17,5.511115,624
430,902,16,8.359336,1163
1158,2210,10,10.719011,1116
232,1139,16,6.984559,443
2379,1746,8,7.706133,849
2203,931,19,0.551126,799
233,1866,12,15.610949,553
2313,553,17,5.139945,920
1392,95,12,1.312572,660
559,2367,6,7.774217,739
2264,1924,18,3.530014,371
1841,1976,16,20.483700,900
311,2156,11,13.872751,481
916,1239,18,8.587062,881
1042,978,19,14.363577,725
809,1618,20,15.755521,966
2234,2142,12,3.555759,888
1202,2395,17,10.287846,315
1912,95,11,17.961467,749
1325,2092,13,10.816691,581
121,757,20,8.734307,685
266,2350,7,5.860482,631
343,1717,17,13.657338,701
2214,1128,8,0.135697,1086
1438,433,15,11.582018,1084
1258,1790,19,13.930061,982
1542,1339,9,9.696387,756
97,478,11,2.206456,1110
1574,1135,11,3.779098,1030
1750,215,6,0.539709,141
1584,172,9,8.147121,691
95,1247,13,16.081725,834
1628,1784,14,17.162148,221
1356,361,12,3.595268,481
2283,404,17,9.118816,650
1911,1077,13,2.536097,270
2342,1641,15,4.560308,991
1491,407,13,8.797098,114
1648,596,20,1.152980,299
183,284,11,18.596490,745
1771,1999,16,4.596981,701
381,704,10,14.861120,529
2243,308,11,18.361977,824
1732,880,10,4.749183,963
740,91,10,7.115604,303
741,1199,7,0.242765,165
1197,211,11,17.430049,836
1790,549,7,1.186848,1015
231,402,11,9.568998,779
1390,1753,20,5.328180,293
524,714,10,13.825341,718
288,2175,15,17.791473,614
118,510,19,17.578855,926
904,2462,17,18.164109,775
1238,880,8,18.688307,534
189,2373,14,10.842570,616
1984,1189,11,2.493348,257
2303,951,13,8.916069,1057
1271,1583,5,12.238271,511
369,1433,15,5.209229,203
28,1587,6,8.865006,211
2087,62,15,12.607412,314
278,1768,16,4.841609,546
124,1593,17,1.301128,1037
1059,1173,19,16.114955,863
290,1724,8,7.760852,1007
2320,857,16,12.095111,402
334,1435,11,18.498480,1191
485,1609,5,19.548040,102
814,1522,17,17.420594,386
374,610,6,8.845111,275
1930,484,19,7.510048,990
2225,699,7,2.408859,732
136,1522,9,10.974875,1183
1025,763,11,14.057198,659
2113,172,5,6.152051,839
2275,763,19,0.539382,790
1931,355,18,7.571061,960
2148,2461,6,10.727685,562
380,107,19,18.907031,459
845,2090,18,0.499380,681
792,499,11,16.850117,471
161,1346,11,9.688825,441
1026,23,10,18.203329,196
1455,933,17,0.326599,956
1721,1110,17,7.334111,904
903,797,19,20.264840,336
705,83,5,14.137481,1053
737,1270,20,3.099214,250
536,0,14,5.273648,658
2101,967,16,7.514287,225
324,558,9,11.283094,597
1528,1150,11,6.891005,416
855,2022,17,19.655118,391
428,1645,8,12.419573,279
1987,364,20,2.201565,747
320,1769,19,8.554323,1026
2164,2327,7,12.539978,389
292,825,19,14.271703,843
997,1412,6,17.972934,400
1564,218,15,13.677780,1011
1337,460,12,7.645410,641
496,2364,12,10.494855,971
755,812,13,2.530941,224
1377,1656,17,5.943161,735
819,2498,17,14.552791,665
1109,599,10,18.292229,544
1830,859,13,17.280225,853
494,616,15,0.555387,1142
23,1213,18,19.445626,306
1847,671,5,8.565772,911
1712,156,10,2.508268,210
2324,489,18,17.428036,1072
2420,1063,19,12.475564,242
2156,2338,9,10.081468,1106
2046,316,16,16.181047,475
999,1509,7,15.828307,142
540,755,20,17.228723,561
37,1168,17,4.868593,226
23,963,14,4.280816,1133
1567,1537,7,3.990513,576
2132,1440,7,15.263753,778
681,908,6,15.184538,447
105,2216,10,8.525090,635
425,307,11,16.686840,309
1854,1890,7,4.670588,1152
1861,600,19,20.266284,134
2247,2092,12,8.829159,286
332,64,19,16.549282,409
2494,1494,17,15.280271,795
1680,1841,9,16.875707,414
373,2389,5,2.899881,1072
726,1239,14,8.339345,634
1837,1156,20,3.786256,955
1808,501,12,14.501160,706
1883,1217,12,17.313237,140
2473,2392,6,18.231369,794
1020,2063,15,2.300001,1086
1001,1735,17,9.280917,376
1449,903,15,10.974709,887
2397,1882,15,1.364231,366
691,2003,14,3.013274,363
1575,211,9,1.922450,481
2283,914,11,11.180246,234
616,409,14,2.844842,1187
1300,2158,14,19.402369,657
800,173,17,14.179302,691
345,2426,12,18.488867,1179
2386,2339,13,2.978525,686
417,1917,7,6.508274,675
659,1790,10,14.129887,481
1104,1252,5,1.482474,784
1523,2048,10,4.333754,504
1197,714,12,6.097335,538
620,6,19,7.112566,588
234,146,5,0.477970,377
5,1516,18,3.528358,1122
2164,249,8,19.163160,601
964,613,19,1.252856,894
236,2131,20,3.161122,531
947,699,13,1.470589,1017
839,302,9,10.821970,1184
1016,1622,20,13.793072,327
0,753,18,6.507849,863
195,620,5,17.582508,947
1757,1037,15,2.497097,573
435,1780,17,12.346848,375
52,1673,5,9.471874,120
2159,1544,19,14.360152,722
36,78,19,6.858891,1154
280,129,19,17.067913,1001
2147,1206,7,1.137909,645
1428,1982,13,5.292690,719
2047,1288,6,18.591591,1180
658,2137,14,2.894061,404
356,740,14,13.249781,758
1569,1135,10,13.323331,784
821,1796,15,10.906479,911
83,39,10,10.036620,238
946,1035,8,14.869989,788
1077,646,8,6.836610,374
881,729,14,17.455688,108
1894,2272,17,13.072119,307
2022,1252,10,3.126630,862
1928,1655,16,12.163104,988
190,1004,14,3.155680,653
849,944,6,7.610772,1064
620,904,16,12.377863,908
1177,314,17,15.879781,353
1790,790,16,15.324781,594
2033,2411,13,11.561723,396
2222,381,16,4.380469,829
1346,2448,13,10.427673,217
509,1185,9,19.125286,1051
498,1821,17,15.712470,488
236,35,16,5.019583,895
964,2111,11,13.901152,790
1399,998,20,5.752464,254
2437,1100,5,3.310298,1112
682,1228,10,13.597519,1028
1677,1405,8,16.084270,943
2357,1081,15,6.146310,658
1132,486,12,1.906667,928
597,451,9,9.340497,1000
1712,2108,18,8.004526,833
133,1709,13,10.240326,888
56,299,20,11.699403,948
1257,865,20,8.555150,1017
443,1801,14,1.309250,284
703,1021,6,14.799074,630
542,2374,18,19.371581,817
1491,2273,10,3.755606,988
2055,1689,8,11.150484,864
1190,2126,5,16.308914,831
81,1139,11,5.264446,1138
844,2125,14,9.700582,612
2153,106,7,2.553323,883
1429,1990,12,14.649630,640
2367,471,18,2.132267,114
197,2441,9,0.628860,688
1894,2275,16,4.322874,147
781,1210,15,1.092427,523
864,1451,9,6.734525,406
375,695,11,9.129646,348
1078,191,19,9.212035,194
92,494,8,16.413910,939
2318,99,6,17.854728,105
283,2381,6,5.090699,358
1634,2060,7,9.111954,684
1702,1706,5,12.661764,1099
1236,1529,13,14.094008,1191
723,1109,12,19.101521,183
106,2433,10,19.942273,1182
2417,1105,11,1.352995,1186
2302,884,17,10.965594,968
1121,2020,15,8.733353,1196
1796,1340,14,3.886466,1184
1795,464,7,0.327194,733
592,1631,20,17.915890,680
2284,2168,15,10.863006,325
2349,1841,7,19.818114,1137
1207,2464,13,3.045453,517
1422,1090,9,1.369215,1049
624,1251,12,2.443557,551
319,1397,9,15.230736,109
1840,2211,6,18.453714,603
2315,985,19,12.111489,1173
2186,732,20,11.763037,126
289,868,16,10.602453,427
308,336,19,6.679988,222
1999,2309,19,0.447064,219
1762,708,6,5.461197,530
1361,2128,9,6.507636,581
2121,222,13,4.501195,473
1501,815,17,14.403613,1158
1863,1905,10,13.147511,143
1885,838,20,6.894452,237
2428,16,13,10.577048,590
2288,2089,18,2.432064,1060
1531,778,12,8.225620,1056
178,1372,7,7.164093,866
1654,1200,13,3.322986,915
1374,756,11,9.368964,679
1169,1211,16,19.994976,502
1906,236,8,13.285122,528
460,334,17,3.460354,341
263,819,8,19.929926,398
2437,1491,18,10.101195,312
2281,1166,18,14.170372,914
226,2031,6,6.770627,476
715,1570,8,18.488972,829
67,2003,6,5.470383,216
1589,2309,9,18.500036,472
1369,428,16,19.030175,632
466,556,17,8.006053,504
419,259,14,12.162151,315
2415,786,10,9.318944,580
591,301,7,5.848533,380
2137,836,7,1.528055,866
601,1905,8,15.220360,949
278,888,6,3.704367,472
1134,124,16,12.719433,1199
1056,916,20,18.398921,1178
1023,1567,20,4.709472,745
1459,2484,13,5.772644,980
230,1740,15,12.888889,368
1566,1452,18,18.196342,260
1505,708,11,18.036286,289
494,1448,18,19.830978,513
1398,751,12,16.516753,137
250,93,18,4.531853,107
540,1953,6,10.829475,783
67,788,11,0.316927,106
137,232,11,13.090588,525
1585,1156,8,4.857320,420
853,2474,13,17.694624,1152
1781,1602,19,9.456038,1066
1274,1800,6,3.249823,370
949,1160,13,14.652952,828
350,1212,6,2.135971,339
2020,1274,5,2.362737,373
562,1459,13,6.476239,1047
2366,1772,9,3.578048,1054
675,2227,12,13.003470,293
890,1361,20,3.609730,998
1504,2320,6,11.357098,644
1868,2110,9,4.467624,1173
1049,1244,10,4.593024,978
2150,2279,7,7.501864,854
685,149,10,15.371053,765
484,1352,13,4.393009,222
1298,639,17,5.704777,1025
1032,2190,8,19.966928,904
1681,191,18,14.056670,690
41,397,16,7.918693,572
1609,791,11,4.079188,1029
2109,1218,7,3.265276,922
510,768,20,10.112792,889
1595,469,17,4.136472,551
2195,2125,11,2.699789,529
2029,278,9,13.287480,424
1796,1149,7,3.811298,960
2349,1793,16,1.527617,856
1662,838,10,2.576131,213
604,754,6,6.952417,204
1980,758,9,4.967503,185
2126,737,13,13.102941,727
423,840,18,6.620536,578
134,406,7,4.338331,466
1954,639,16,16.881480,589
614,1154,6,7.625465,909
2436,2321,14,17.281639,457
706,1511,6,19.365178,882
274,1437,10,18.403219,181
1165,723,5,18.780488,555
841,1131,7,19.434430,183
643,1211,9,18.164074,472
1613,2243,15,7.309723,493
2423,813,12,2.171749,479
389,1662,12,1.792792,876
602,2053,7,12.459010,711
1202,113,7,19.651593,584
1611,128,14,2.161268,605
37,613,18,11.749055,752
845,617,17,14.368867,612
2090,1318,12,16.750808,597
84,988,12,8.628283,1117
1241,1755,20,10.404214,1152
371,254,8,13.277002,523
1809,1369,7,7.271628,223
1166,151,10,8.467137,143
80,685,5,15.416400,536
1729,846,12,14.973962,180
1655,1681,9,14.167313,274
1635,979,6,8.642647,1041
1109,2198,12,7.849677,409
826,463,8,20.062704,1097
411,772,15,15.433043,776
1583,728,14,3.216449,831
531,2306,17,4.490768,1059
1669,156,7,18.282016,826
53,2419,16,13.678211,159
1207,543,6,9.336262,580
1591,850,12,7.765620,744
1602,909,11,4.730026,847
824,841,13,10.325569,119
1851,2084,12,5.388466,491
2091,1150,7,20.035730,326
722,894,18,6.620731,163
2133,289,10,15.092588,489
2032,1135,17,16.702354,747
811,1974,17,15.052215,1024
1446,836,14,17.329233,919
1556,642,16,13.923616,862
829,583,18,0.416157,1130
513,415,9,5.332836,1091
2384,350,18,18.938798,1030
1140,2325,10,1.860083,403
1930,1994,11,5.621310,1052
207,751,19,5.440977,560
701,2317,15,11.058597,1056
2379,32,12,8.919450,154
1497,1864,20,19.302369,1167
2297,597,16,3.591524,343
933,2301,9,12.069716,1082
2424,1881,20,0.639030,964
2146,1958,14,4.394970,857
1492,1593,6,11.632327,1020
468,1677,8,19.278956,934
1036,2312,6,14.058191,643
536,1517,18,3.472669,631
1582,1340,6,17.024759,865
1621,809,10,7.657794,841
124,2331,14,17.559288,728
1065,2087,15,20.083351,930
1798,885,10,19.419763,610
1853,2046,6,2.504408,259
957,1681,13,8.422959,764
1560,1737,16,15.943051,257
2021,1659,20,8.590537,333
11,186,9,18.611551,1038
687,1429,7,6.632190,312
2442,2266,7,7.416142,765
2120,1011,19,12.676510,279
2024,1997,19,16.196163,1128
1000,990,11,6.359127,544
340,1320,14,3.011515,109
408,2350,17,3.403276,201
1392,327,14,5.239330,1149
793,1466,14,18.352530,945
1801,510,7,17.235687,251
422,488,6,19.438132,1140
902,881,15,11.613753,230
2434,1828,9,15.739617,167
618,1069,7,7.467082,525
1911,2471,10,13.421008,578
2367,1917,11,6.114940,952
677,1493,17,20.399173,1077
2233,580,12,14.226797,491
1864,112,17,1.974396,917
504,647,16,0.711748,899
396,121,5,15.680130,676
1632,2420,15,2.509432,652
2179,525,16,18.151243,273
619,823,6,2.178991,1153
1795,1367,20,9.965778,159
1767,1637,18,10.716205,766
2293,378,10,13.380104,604
42,152,20,7.588473,1020
159,185,6,14.108406,627
1217,1580,20,13.004961,738
1125,812,10,10.202179,340
2495,982,11,1.585183,421
1400,1861,19,2.622562,671
141,55,10,12.977347,369
581,1953,17,3.831001,154
1996,1730,9,17.743354,377
543,654,14,17.995335,442
790,1301,14,10.319629,176
2191,504,10,9.825325,1074
794,1323,20,2.184266,1182
207,42,13,19.149041,533
2292,823,14,7.437730,699
1235,2243,10,5.233977,1060
1893,948,19,13.263348,1007
56,2002,13,7.681171,125
2346,1383,5,20.208826,922
2354,605,11,9.547576,1006
1651,1174,15,17.569299,443
2418,577,13,11.574516,636
2420,2175,18,19.408491,768
967,2039,18,16.515820,1051
614,1238,14,8.538982,733
1944,1102,16,9.458200,230
945,2180,16,8.785924,371
2433,606,16,19.852252,356
651,53,18,7.415399,166
192,1258,5,12.054845,1138
651,613,12,0.051150,1099
706,582,16,17.619361,474
171,661,15,7.061495,630
252,788,20,2.245578,832
568,1672,19,0.776667,1153
982,23,10,3.347046,1132
1110,783,13,15.644280,768
574,2181,12,15.139507,381
1665,867,14,5.369323,416
823,1101,20,3.503604,470
949,2137,10,13.423372,480
1362,339,5,14.117393,428
138,2245,20,6.012761,759
2359,1137,15,1.737936,419
1776,670,5,13.532476,874
2036,2426,19,7.788136,524
2191,2279,7,16.098620,634
420,109,17,2.873103,743
205,891,17,10.939517,771
1825,1150,16,13.650641,118
2147,1131,15,4.705297,818
967,2049,9,18.182144,192
229,798,20,8.147177,876
1343,2306,14,8.272768,317
2134,2233,13,19.230791,111
764,2025,20,12.138220,530
261,947,5,5.217105,113
1786,2326,5,2.987816,325
1877,179,11,19.989187,888
1184,2296,11,7.746275,1059
1441,901,16,10.691281,712
1364,1617,11,18.475756,418
2035,225,14,0.115503,1188
2139,1410,16,17.392930,1035
13,2357,5,8.680494,634
762,540,19,3.183071,989
806,1827,8,3.121430,1031
1281,875,13,14.160294,814
762,2271,8,0.507547,353
676,2250,18,18.589969,662
1568,676,12,4.100680,1071
1905,707,14,0.850163,656
365,998,17,6.370057,942
1240,642,7,8.944277,204
997,250,10,8.884253,1053
2218,296,19,5.380845,714
273,1720,12,16.236497,776
281,707,18,12.622868,1017
919,53,10,11.645540,1051
143,1713,7,8.978688,1041
1521,1472,7,5.410119,655
1703,289,7,2.328662,536
2394,348,5,3.489268,1101
320,1383,5,0.959370,729
250,259,15,3.317038,558
2330,467,15,5.104543,527
1039,1452,15,0.137673,359
1311,1422,9,1.572018,584
1856,1564,9,11.364262,833
1287,417,19,13.632176,1187
955,19,15,3.318443,436
2014,1734,9,18.499555,175
240,909,9,8.584380,922
1848,1339,11,12.570895,1133
1086,1886,19,3.214776,212
583,1902,5,19.482921,505
843,1385,8,14.808950,1171
980,1060,11,15.667938,660
2472,88,19,13.527192,1066
837,2378,12,2.336414,683
478,500,12,13.246205,586
2078,1019,7,0.164240,1164
655,1431,19,12.133920,1143
1679,1328,20,9.496169,1015
1021,46,20,12.596560,603
551,1473,16,5.363299,224
609,2061,11,9.841706,596
2231,2281,17,11.047474,481
1012,2112,16,16.726686,1047
1510,1946,5,8.059949,480
561,1105,13,15.997651,326
1048,446,16,18.458532,1034
2060,787,17,15.275828,659
1424,2361,17,10.722864,615
1171,1014,12,15.434640,282
1259,1568,6,14.252657,475
293,1500,19,20.382800,147
729,1411,7,13.844693,381
141,935,9,1.346123,998
216,397,5,15.700183,846
2170,460,9,6.002817,241
1278,1561,14,10.690813,1103
1974,642,12,8.850237,723
678,1202,11,7.359825,735
1397,841,11,4.015214,125
1331,1749,9,10.607890,1151
1899,2230,20,0.903845,281
2001,1934,20,4.768042,742
1854,228,9,16.318661,787
1184,1296,18,9.342183,196
1194,491,14,17.878254,517
1375,632,20,20.174986,261
65,1691,12,17.968244,469
1138,1320,10,6.634714,392
2052,2447,9,19.434227,923
2467,812,15,6.738169,936
1269,601,19,2.582920,734
1781,1507,5,13.543511,414
325,52,16,3.006453,808
817,933,15,12.033832,872
1216,1675,12,0.383675,687
2213,1214,17,0.622924,159
699,2109,8,18.987128,1090
1135,1758,19,8.935152,531
1344,1662,7,0.190811,854
587,1836,19,3.520775,115
2015,792,7,4.754812,873
917,1379,8,15.473193,967
1158,2324,12,16.888495,153
1881,2353,15,11.721617,909
1730,1030,5,11.767312,1078
1135,1455,14,4.037892,1163
2253,908,6,7.295270,833
1778,259,11,12.462673,769
1344,1311,12,17.142792,673
85,2469,8,1.076234,880
1047,150,8,3.595179,456
2379,694,9,19.866870,129
31,1931,8,0.500473,525
1780,265,11,18.283628,381
530,33,5,6.907973,406
695,1183,18,6.737192,1032
526,1385,15,4.796223,790
1133,1989,20,3.531857,824
270,856,5,12.700470,885
2392,1281,14,12.916502,252
1775,596,19,12.048513,1109
1190,181,17,4.392362,343
994,1441,19,7.376663,805
1281,1357,19,1.793157,668
794,1207,20,7.304306,698
1798,561,9,9.090107,401
1422,2410,11,5.772982,344
53,1932,11,11.952584,439
2146,285,12,14.581611,1145
448,2375,6,3.090413,355
310,1810,15,5.541647,744
1752,315,6,6.828034,395
2215,1422,18,17.738171,834
1637,729,9,19.391072,1055
1498,432,8,10.505887,1003
1584,1803,16,14.384656,968
571,197,11,13.223034,724
1192,1184,8,19.448116,955
85,1921,20,19.441800,610
2027,453,9,14.237077,777
761,984,19,4.836311,507
2321,1940,20,11.678539,149
2200,651,6,3.377716,703
2196,1609,15,8.359384,489
978,2370,17,7.424944,1121
1157,1530,9,12.400122,1098
490,2386,5,0.199469,552
733,871,14,8.899019,485
1697,2264,18,11.389717,852
1500,2429,8,7.786470,982
2014,1252,15,15.034306,215
1507,449,15,10.162615,1131
2132,194,9,7.569031,161
744,1474,12,6.039342,681
464,1318,9,1.363934,405
1819,2402,18,18.444128,234
1151,2195,12,0.799519,452
2152,183,7,20.493989,967
504,1433,7,3.294812,455
152,2001,17,15.497168,484
995,1321,16,19.109274,1198
656,1233,14,15.163232,363
48,2115,20,13.715475,468
2498,972,8,11.543770,743
189,455,15,13.397868,665
145,1394,17,0.743283,336
2332,2440,5,15.155854,158
445,2370,19,15.609004,231
513,1501,5,7.647152,853
671,1492,14,0.061205,227
16,529,6,14.904670,283
10,804,17,10.630872,597
1145,2314,5,4.445955,1062
1117,250,13,5.712067,811
47,1037,19,16.565784,183
229,1457,8,19.373692,965
1369,1822,8,13.148986,1173
704,2364,5,16.717405,828
2432,533,12,17.954991,1108
1303,177,7,15.939455,662
2086,1161,15,0.756547,313
1284,1069,9,19.114801,353
1526,1205,6,16.883562,814
1498,254,13,20.480555,1194
919,901,16,8.384205,497
2334,549,9,10.495086,936
2058,492,7,3.300743,167
777,800,17,5.866905,1142
2378,118,15,15.570145,714
2359,1605,7,4.899664,467
2250,253,8,16.629335,523
431,438,15,15.991413,191
2328,1352,13,10.055844,703
1593,355,20,12.240093,529
1778,791,9,17.692691,448
2131,391,19,18.807781,110
1276,235,16,8.488761,233
777,415,20,0.444115,735
1535,23,12,5.685151,858
524,1801,20,19.179100,751
1517,1453,11,13.002680,1117
521,983,20,11.966647,775
150,706,18,5.287550,739
2454,2078,18,0.104702,1061
284,2251,8,3.917911,527
608,2467,8,17.737546,893
1851,1723,18,9.849773,693
1792,2114,10,18.117402,463
598,178,5,6.754891,488
467,1689,9,13.730305,1116
1730,1572,5,14.521738,330
816,2296,15,16.591041,381
43,202,9,0.531212,940
328,1796,20,9.611006,611
1676,1736,19,5.014584,716
2341,2020,12,5.153317,310
1938,242,16,14.812938,1100
2163,829,17,3.023733,921
1758,297,20,16.615785,102
514,1806,10,10.521913,331
2059,1274,18,20.421632,740
1841,1713,14,16.946945,400
626,1117,14,10.066288,249
592,1547,14,14.302227,229
719,1217,13,5.748142,397
1771,193,7,10.456443,821
1993,2060,8,0.584828,564
2389,2325,14,15.078056,911
715,1056,12,8.244414,592
1854,741,11,17.674193,510
2483,743,10,19.288997,782
1544,1147,7,4.038445,297
901,2418,16,11.899555,1122
293,2374,17,1.558695,1148
836,1222,8,7.450755,1041
638,804,20,10.352946,965
2068,1504,15,18.077040,867
592,389,6,15.200961,145
1315,855,7,9.900379,568
1521,191,9,11.155053,473
1901,1039,18,2.192228,1045
1247,1226,18,19.398118,1035
2483,1157,19,14.072481,896
1733,2060,8,15.671787,653
1280,123,20,3.560006,511
941,2292,8,13.311773,328
2464,2379,9,11.922937,1149
1914,473,20,19.622214,165
1201,1281,16,15.948950,935
1779,1614,12,1.641916,896
1579,2303,19,16.406329,997
640,385,10,1.700802,272
744,1735,12,9.728772,305
69,1015,9,4.292411,1178
1615,123,10,16.615515,196
1746,373,20,15.734600,849
1178,1245,13,6.817957,275
1654,1126,18,8.478884,909
510,1010,7,3.139406,146
2258,2145,19,1.482482,424
1704,1036,18,18.657470,263
2380,1288,10,15.919493,342
1794,124,15,11.464368,739
2455,1332,13,6.229485,236
2016,2037,8,0.099774,534
826,672,20,2.701685,242
403,1109,7,16.692304,669
919,1866,14,3.883869,701
1901,252,6,2.784658,399
179,253,16,3.622092,391
922,1873,6,18.678128,554
282,85,6,12.212963,811
518,1096,6,0.731348,920
1276,801,8,15.355401,485
1386,1755,18,7.573046,363
2302,1513,5,18.682958,909
1836,612,7,5.241684,1030
846,785,15,17.642707,1132
1023,1897,19,0.040951,1170
0,862,5,15.491146,989
1802,86,11,7.873861,257
1398,988,11,7.496452,388
347,1205,20,17.859280,195
1570,2451,17,19.200019,745
2329,2179,7,10.181985,184
693,880,12,15.087152,497
236,660,19,3.684936,263
2479,122,12,10.072879,626
1375,381,20,9.275527,639
1228,636,13,5.016047,365
1875,2071,5,10.655820,401
213,309,16,5.560978,147
1694,1564,15,20.195482,1130
297,2028,10,19.518436,240
2377,67,16,18.553372,790
603,185,18,1.237656,746
1308,82,12,3.410815,702
1605,1656,13,15.007371,811
819,738,5,5.302048,285
2256,360,16,16.663416,1188
1504,961,5,2.040041,566
12,2152,15,15.531755,197
170,2394,19,10.663546,638
122,763,14,3.136744,237
292,456,5,17.279884,1161
1270,1500,18,0.529685,530
91,1771,8,19.498264,908
2346,968,7,11.181202,894
1007,778,10,0.092199,754
911,665,13,11.228155,161
1503,1080,19,11.276159,901
409,2465,5,3.269952,160
166,1579,7,9.732119,943
1566,865,8,3.966960,899
2370,1252,5,17.057193,540
1936,419,10,9.248721,694
242,541,20,5.990534,834
1648,2072,5,19.177053,126
690,1619,5,12.058854,1099
1819,1817,12,19.917782,851
844,126,8,15.932620,849
17,977,11,1.900968,420
1531,881,12,2.062219,376
1253,790,19,15.636291,285
954,1499,15,10.862216,542
1853,363,7,4.995005,451
693,1722,20,20.021672,190
231,1773,10,8.847102,794
806,521,6,16.401545,298
334,1668,14,19.496321,922
423,1538,19,12.780325,204
695,1576,6,11.442933,1047
255,645,16,5.232889,564
1432,2009,9,17.285932,813
2222,891,19,13.404438,688
1434,1000,19,11.953197,1159
1518,666,17,15.614468,1134
2202,274,17,11.243268,996
976,832,6,3.155531,665
2422,1522,6,15.119401,699
356,1066,6,11.763339,410
1899,32,6,5.780901,1140
9,1330,11,10.860739,1070
2288,2278,20,11.835570,982
1417,1098,5,9.124936,980
2339,1226,18,9.668599,1054
1454,1139,14,18.542630,919
1047,1597,10,4.937131,1040
1804,1959,10,18.810280,103
2232,714,12,8.154669,1087
2480,816,12,7.852034,729
970,127,14,2.222653,541
322,1402,17,11.868661,634
1632,1642,20,1.289101,790
1285,1968,19,12.987391,430
1713,2063,20,0.731671,609
1767,1714,11,5.640032,390
2150,492,18,7.973983,351
1460,825,7,19.780164,815
856,2152,10,18.599310,491
1336,42,19,2.025367,564
1300,1488,11,8.062390,237
1112,2233,8,8.569201,230
58,2351,17,9.558786,434
452,1552,14,0.485749,611
2137,2452,7,19.661057,1013
1750,1512,10,11.428308,1122
4,1023,20,8.654152,712
557,20,15,13.535560,1159
672,326,8,15.552352,198
101,814,17,20.335268,244
1673,1403,15,0.115491,1114
892,649,15,3.395029,478
641,691,15,8.463184,603
1547,179,9,17.664552,323
592,1160,9,2.871286,194
683,1238,6,17.407913,106
1204,2337,9,14.878470,521
1873,1215,10,5.982431,514
1977,27,7,17.680406,1198
231,1237,14,2.391477,386
283,1137,5,6.984152,136
1943,1284,9,8.936957,710
2228,1857,16,12.616873,455
154,1692,15,15.362850,450
2091,1068,15,1.238079,556
1083,406,8,9.393973,322
699,1968,9,2.009178,442
1633,1637,10,5.207163,251
2497,1226,10,4.163377,952
1604,1687,11,14.865333,625
1240,973,14,20.472910,482
1644,694,9,14.520427,216
1983,450,12,18.506162,1081
440,1998,18,15.262049,355
996,1629,10,6.271068,1131
255,1665,20,18.847112,777
718,2146,13,0.789791,288
1912,1648,8,14.078285,1001
198,2134,7,14.762427,579
408,0,10,15.125465,353
405,1241,11,16.960330,1084
1627,2010,14,14.745574,1060
874,644,5,5.025552,191
1308,1991,12,11.482430,835
1097,2036,20,0.873576,170
133,2377,12,5.788305,340
2335,2456,8,19.992173,1018
1068,902,9,19.713106,917
941,904,13,1.592137,326
1475,919,7,18.332452,1087
1402,451,19,15.415797,522
1461,1924,9,17.027691,894
1221,849,19,5.242092,862
1681,336,12,7.096358,316
2458,757,11,12.598685,954
959,1252,17,2.849803,971
671,2239,7,10.467353,665
334,234,12,11.976753,260
608,483,10,5.370282,787
498,1123,7,7.144922,699
855,1457,16,20.483084,871
2323,529,13,13.519678,695
1567,272,14,8.749757,1084
1859,768,13,6.267803,579
751,1899,13,8.739435,327
414,1057,6,5.486125,947
705,1832,14,5.420783,585
234,49,15,13.537645,913
543,1225,14,18.252105,1064
311,1485,10,14.875658,922
1082,448,5,7.642115,1197
805,590,12,12.252876,220
763,526,17,0.125584,151
2041,1523,7,6.298491,1111
833,2022,6,0.663237,508
2040,204,10,8.795671,656
1419,212,20,9.397653,493
1089,2284,5,14.992236,916
838,686,10,15.524596,606
1509,1693,10,15.268660,289
1642,1374,5,5.793476,720
676,1494,9,2.302473,666
111,616,10,19.558618,171
1371,2411,16,18.053550,1128
1845,1748,12,4.346309,559
1261,1620,5,3.731179,421
1178,1580,20,20.199733,870
2229,982,16,3.907922,395
30,2009,11,18.387612,731
1874,1686,20,7.322468,948
372,2477,7,5.637063,273
2462,508,13,8.619462,1199
1226,1141,19,1.484168,910
726,1044,20,10.093497,862
90,1200,10,11.273912,743
33,941,17,16.165290,751
86,2125,10,3.855612,254
274,1890,20,3.978472,1182
124,511,20,13.930038,135
2101,1805,15,5.129888,244
1753,1086,9,1.466454,732
750,1417,13,16.091773,1080
113,1413,15,11.159472,722
1393,2051,14,9.022609,388
135,674,8,13.747227,908
2161,239,19,17.620492,200
573,1671,7,14.566285,581
1576,243,7,0.701313,229
2151,39,13,0.882296,628
720,90,10,17.378257,827
1691,1950,15,10.882664,182
82,1938,5,9.460121,570
527,932,18,14.298805,759
587,636,15,2.377659,788
1688,109,20,3.863821,876
2085,524,20,8.301170,1149
1419,206,19,3.853370,523
1209,1954,18,9.838143,103
553,659,8,3.059527,532
539,1047,19,18.753084,290
476,1233,7,19.930725,698
1515,829,5,11.584074,375
861,893,9,3.349072,627
1120,863,8,0.870236,494
2170,32,6,14.780017,325
496,2331,6,16.680114,1167
1260,560,14,3.357251,322
178,1429,7,11.876480,994
166,1717,6,6.935421,608
227,446,15,0.672181,468
2168,1147,20,19.692025,194
2487,486,14,13.712334,743
2367,1053,11,10.063278,467
1406,1638,10,12.469063,685
788,1837,15,14.319814,769
1912,2473,6,9.289092,611
911,32,12,4.923000,116
1947,957,10,8.779875,208
1154,2058,16,11.380424,1095
1952,2451,11,18.248258,249
745,1033,17,1.982552,1157
2498,386,11,12.785770,197
1224,279,16,11.581259,1173
698,634,7,14.164435,117
2318,1424,16,14.160411,742
1073,373,9,19.882248,1168
627,717,9,14.909513,311
664,521,14,16.726600,603
587,1865,16,7.737116,1033
556,2303,5,15.806726,1040
2136,344,19,10.404737,954
1780,1487,18,6.111441,277
80,2345,20,6.132155,521
1806,1331,10,6.041643,427
2020,516,13,18.542778,770
1193,1561,8,17.168429,385
1129,369,7,15.466756,261
1088,1437,13,5.882550,186
523,96,12,7.937234,219
1169,1374,11,1.517958,421
1783,445,18,2.971674,947
1359,610,18,6.988051,594
813,672,9,11.353278,346
69,398,8,16.688742,290
1526,1682,14,3.035708,711
19,1268,19,16.585824,1152
1813,189,15,10.721295,1179
612,1356,8,2.061022,811
1936,1525,19,14.735650,615
189,686,15,5.031024,345
1986,363,16,15.737256,960
338,368,18,11.634656,785
71,366,12,7.415035,629
1855,1936,14,5.914266,657
2273,6,9,2.061211,107
929,985,16,17.793142,677
1866,1381,19,4.400697,307
597,1384,12,5.653530,1116
1478,2446,16,17.526617,782
2034,226,8,4.442484,670
634,1806,12,16.562890,399
563,839,10,18.242954,953
188,731,14,10.957271,393
629,1335,7,20.141930,559
2244,1180,18,2.030003,389
362,377,15,10.293592,189
2008,199,18,12.358571,472
947,2316,20,15.926792,520
1693,1678,8,11.216860,209
254,1818,18,5.731495,429
998,607,7,16.809904,1169
2274,2088,11,11.167634,170
689,644,6,0.126162,500
381,404,11,7.299255,136
545,289,17,1.581935,570
1557,1891,13,4.456429,952
1835,732,12,16.940233,236
29,120,8,20.130393,925
75,269,7,3.040137,110
1608,1706,16,10.123974,434
95,2299,10,17.551510,586
969,1975,13,12.436275,426
2179,1726,12,2.640583,566
718,1956,15,5.734616,172
1616,1596,14,2.398529,852
2396,1938,20,7.979098,1118
434,679,5,10.795649,878
1931,735,17,0.331804,207
318,2192,14,12.580919,708
717,512,13,11.272780,747
31,1284,8,12.540266,906
413,300,16,8.204589,646
2185,968,19,14.177379,761
1739,145,17,3.784202,282
2218,1583,14,7.426330,1026
62,1453,6,16.290520,803
361,1986,19,4.198322,861
689,1648,14,8.743332,491
2286,1197,11,6.139455,931
572,1812,20,1.471482,514
1706,1173,12,13.572795,407
1607,1835,18,18.841919,234
1951,1483,6,1.651566,904
185,1926,9,4.853502,631
2148,2413,10,20.406774,1158
573,1925,12,2.913739,177
2160,1342,17,17.341361,652
500,2175,5,12.620248,825
2365,2000,12,3.930872,340
2210,1668,20,0.031433,489
1381,1520,17,14.392167,1052
1745,2031,10,10.602576,824
497,1905,8,17.104058,1158
1167,2200,19,18.750988,822
1354,1700,18,16.190883,807
440,548,16,20.354759,682
1475,347,7,2.331302,1062
627,1078,12,0.778554,709
2011,1519,11,18.969941,149
221,1470,12,17.628410,893
2251,153,9,6.217410,749
301,1622,15,19.174244,557
787,260,14,12.034331,224
416,829,15,8.940469,529
882,1383,5,10.283664,222
2300,1904,18,8.361747,1070
55,785,17,19.976723,1087
427,990,7,7.199337,397
1813,1665,11,19.274771,303
425,455,17,11.069852,1066
1106,1792,9,10.572884,480
455,91,9,6.476331,204
299,1033,20,8.882642,429
480,2466,11,11.711808,653
1635,1900,14,19.966112,621
1070,1129,9,12.611200,1176
1009,1786,18,20.054648,706
2135,63,15,17.046364,835
2351,711,9,12.132443,804
937,921,11,15.267973,991
517,581,13,0.905622,483
637,583,15,7.795176,589
56,1634,9,7.000730,252
1763,2336,6,9.411788,178
608,1419,20,4.086451,1074
2052,1264,17,4.470889,232
1650,1617,10,5.075810,112
2164,2008,10,9.159386,417
18,397,16,20.310341,561
1866,2231,19,9.544831,133
1967,1917,7,5.136459,944
1974,736,8,19.472315,1007
2259,2492,16,18.942056,903
2028,1176,7,4.377599,649
1380,1980,7,19.771134,513
1617,2435,11,3.910161,400
794,165,14,5.984353,650
86,592,17,18.914867,1110
2219,588,11,0.419797,953
1867,2012,15,17.968931,291
1714,349,16,5.529802,588
1257,1618,5,8.596514,1184
2411,2173,14,5.785684,213
1707,2200,12,9.069474,779
1091,431,5,18.322638,179
407,516,10,7.306733,933
347,2262,8,5.135947,1181
384,276,18,6.700931,990
533,754,13,10.542198,966
771,134,17,5.162169,335
1324,1456,5,9.395294,679
1561,1769,12,4.431062,610
2303,228,11,2.308770,897
949,1902,6,15.360754,1134
1306,2053,15,6.909971,983
1372,378,20,4.003317,1121
1699,1658,14,6.866333,703
1697,199,7,19.801639,670
1984,1688,15,2.711167,1178
2011,1611,16,9.643787,267
2027,2071,10,6.840251,242
813,1584,5,3.339385,306
193,2452,10,8.594106,524
209,553,14,5.069213,159
509,1326,12,12.017979,528
1597,920,13,2.331599,586
496,46,16,17.738464,170
1296,14,6,13.877919,1051
1738,1218,19,4.472707,904
746,568,11,20.323986,789
298,1486,15,1.388108,792
2142,847,10,0.179341,402
437,1171,16,3.532461,122
99,968,6,14.516868,1045
922,306,5,13.120703,613
382,2217,6,9.658778,223
1528,708,6,2.221516,867
1780,494,16,8.451014,1177
808,872,18,15.271072,436
1621,230,7,7.166185,302
512,1712,17,2.485871,940
953,1678,17,9.569126,986
1629,1567,17,5.233029,977
1429,1554,14,0.188439,682
1005,1797,11,7.799244,718
2179,1327,20,9.867418,552
1993,739,8,9.085763,601
2361,1866,19,12.761864,1092
195,414,15,14.723343,155
864,2388,6,18.900795,804
2135,97,13,16.707556,818
1176,1931,15,3.040994,924
859,914,6,20.433815,489
455,2181,8,20.418497,859
1446,964,5,2.817005,406
1830,1938,19,16.087050,458
2300,2191,14,4.177172,399
74,2397,18,13.645020,704
1302,463,11,2.701815,204
408,2078,6,0.192607,391
1094,1072,17,3.824524,554
1730,1871,13,16.459854,643
247,13,7,5.599824,960
2276,240,8,3.407551,917
1671,986,15,14.766783,849
1,2298,16,9.972353,673
2414,2417,10,17.501793,289
233,611,20,20.321847,193
813,117,19,6.562649,425
829,2027,12,15.046050,370
1183,1189,10,3.383436,1058
886,1506,16,4.624296,1151
2009,1541,5,5.953108,378
466,731,12,13.179191,131
1910,1569,18,14.319335,962
727,1444,6,18.801362,679
1427,1409,5,9.707812,970
2207,1202,8,1.004846,845
2398,2474,12,4.078920,424
2317,46,8,5.721951,770
435,2099,18,14.936333,224
897,1197,15,18.915449,652
1653,895,15,17.276027,436
224,921,16,10.942097,267
495,773,6,7.768278,647
1494,240,6,11.536422,379
1295,129,19,2.204279,889
1604,2249,6,8.292552,1091
967,2465,12,16.051162,1072
72,1930,11,13.266379,313
1902,1963,14,4.201678,575
1518,783,17,2.601517,963
608,119,5,3.422688,216
2261,1880,19,19.220786,702
185,1990,7,2.405941,121
1801,44,17,18.187036,834
1886,1120,20,18.273211,850
949,1550,12,1.616532,1156
71,1475,6,5.663612,1086
954,2333,17,8.202896,368
140,1507,18,7.439485,1024
1078,1586,9,2.164959,577
2206,1564,16,1.717898,903
2450,158,20,2.420532,587
363,242,17,7.660284,308
222,1331,18,11.858247,990
624,38,16,13.223998,725
297,401,5,15.926686,770
1569,1606,15,0.371210,577
839,2022,11,0.196812,881
115,1279,17,15.070371,711
2396,103,16,3.826981,346
2318,2129,12,19.921534,1015
2489,2086,17,8.454057,424
974,365,9,4.884926,678
899,2497,17,6.742075,403
1629,1982,8,12.564840,596
281,2323,9,19.678915,1077
1762,315,17,14.000819,451
1056,605,11,15.689665,119
150,220,11,1.955091,662
2285,2330,13,10.465198,591
853,360,13,4.334926,1053
1989,2397,15,1.640228,647
2459,1972,16,1.020330,1020
1620,1927,7,18.624863,618
557,352,12,18.364153,711
405,1661,14,10.717795,134
1604,1242,9,11.284223,108
1617,1024,16,11.245433,1071
2034,1264,19,19.834578,213
918,1731,15,8.439647,296
354,1091,19,14.978739,896
305,115,12,15.670297,365
746,2295,19,2.625605,995
1799,54,5,15.450242,1195
1417,1167,18,8.574553,358
2088,367,20,10.345239,544
1664,1224,12,5.042158,949
1140,848,16,7.975720,391
364,2378,8,17.701442,956
1266,915,14,1.092163,892
1848,677,9,18.405105,342
1657,1056,13,1.171315,195
1025,2144,14,2.878605,503
899,2381,20,1.628234,506
936,51,17,5.259806,829
1035,1421,5,11.625744,1089
776,1713,17,1.024249,1170
2070,510,14,15.812840,727
806,2322,6,7.947952,345
346,818,18,4.283337,1007
523,1828,9,7.609405,689
1654,1985,11,17.149024,680
1386,2001,16,15.770152,144
804,1219,8,15.056593,588
2004,1554,9,15.145808,245
1948,2494,19,12.409386,465
2137,1435,12,16.397676,989
1198,604,19,4.533061,259
1829,1337,16,19.082619,334
1949,1743,10,18.293053,219
265,639,19,18.404378,900
2156,2365,17,4.806092,305
1762,1516,7,15.568701,1119
275,2259,20,17.044961,159
2346,1189,12,6.000691,354
1290,2209,6,4.509232,662
2065,2453,9,3.333174,478
2186,2351,6,3.724473,1097
2081,2279,12,16.770553,531
317,2291,9,1.565703,918
656,678,14,14.082027,1028
226,1210,14,2.330893,769
2102,1320,10,16.368373,1005
1014,656,17,18.844432,219
1373,917,19,3.362460,602
769,1631,15,2.917690,642
2100,1085,15,10.856754,606
1055,761,15,14.617538,385
465,1655,7,13.716322,1176
133,667,14,19.870195,625
1240,2471,7,12.060221,1019
1140,1215,17,18.719791,1136
1195,873,18,5.256623,139
39,2435,14,1.068154,919
867,1061,7,9.522085,937
1151,1827,9,16.423773,876
1005,2164,10,13.145655,1172
1250,1317,18,8.432679,1019
831,637,14,2.977452,1114
1918,281,16,7.750583,800
2243,535,17,11.132523,944
1275,838,7,10.856843,145
2137,140,17,7.873874,747
2480,2052,12,2.839006,669
567,1168,7,4.629189,656
1630,2477,10,0.043226,1061
1672,1468,14,14.181217,501
2009,1748,16,5.866774,851
663,1772,13,13.402884,193
864,962,6,0.153716,1178
475,1761,6,17.879201,917
1670,2269,5,16.624434,956
2306,1133,19,5.766722,492
2321,80,9,7.738753,1023
708,634,8,0.036846,1024
1312,1013,10,14.317415,582
539,694,19,13.423456,145
878,724,8,18.062710,121
1061,2182,12,10.096630,838
1123,355,5,14.674286,679
1631,1076,17,17.436131,696
1495,62,5,7.801870,695
1325,1304,15,16.514145,737
2196,2104,16,2.452413,792
13,830,19,17.893408,178
634,256,7,4.149696,815
955,229,16,7.974729,219
352,1500,5,18.776821,1034
1882,2361,17,16.239595,717
88,300,6,19.445507,1054
759,1138,15,1.688201,566
347,2134,15,16.510883,1193
2368,1964,10,7.493576,787
1177,1433,14,6.886486,832
581,1107,13,2.403789,979
2431,1207,11,17.868483,1062
1497,1348,18,15.889532,105
950,2188,7,4.947560,496
1289,1145,16,12.631894,1170
171,1407,11,6.775672,770
1658,1897,11,18.769176,410
1258,697,10,7.920118,236
2433,1822,14,10.985041,1174
1833,1701,12,13.753412,562
2200,475,16,6.367589,406
47,457,19,14.491587,936
949,1142,16,0.884894,908
1610,178,14,6.443317,1123
360,1823,15,20.328101,983
961,760,5,11.262482,113
253,830,18,7.109581,897
198,885,8,7.282398,767
1785,753,11,5.304393,1165
1818,920,18,16.619102,1113
2452,1900,20,4.336840,863
1533,2027,9,13.966812,1091
610,787,5,8.569122,119
1640,2030,8,1.375654,691
999,968,19,13.464295,299
152,660,13,15.755477,477
1467,376,5,0.439068,548
1043,1037,17,6.996575,383
2002,1663,20,7.719260,180
716,247,6,13.796114,124
837,1312,19,17.609386,554
1438,1974,13,19.603735,1180
1200,1952,8,17.330455,819
387,2205,18,19.713912,1138
100,368,12,10.040813,930
1884,2012,11,19.437087,1096
1915,2246,7,5.750592,632
190,818,13,18.648894,887
1276,2310,10,4.514802,560
2197,1722,5,11.823661,400
51,586,5,11.631946,448
11,165,7,9.130502,816
2193,253,20,9.434742,909
2122,2377,6,17.693696,593
1928,1252,13,16.995455,405
2202,508,16,6.131951,785
1286,168,8,12.706282,440
2172,1348,14,10.957247,1198
1759,458,19,8.338004,602
684,1547,11,11.226299,1016
272,1321,12,17.353472,1100
1290,492,13,15.855363,216
333,1160,13,18.050985,350
141,164,13,8.109075,185
1441,1014,8,12.820883,720
104,1301,13,15.238143,131
196,2168,5,12.783826,367
506,134,18,8.768691,396
1310,1872,14,0.842031,532
1546,1051,7,4.047538,389
28,188,10,14.392265,322
249,1777,17,6.135282,809
531,909,9,16.137558,188
1820,1188,14,9.759877,168
1291,1064,5,12.979107,505
117,245,12,1.484209,459
2239,329,17,19.347589,201
165,1331,14,10.168539,681
1660,219,20,4.760885,709
76,1312,11,4.642426,662
415,1177,8,7.287911,208
1914,198,11,4.459573,932
387,2488,15,0.706962,674
1739,2301,19,8.547461,477
1059,728,18,15.641443,815
254,1903,19,0.401393,1140
2144,1967,15,9.340125,1179
395,722,14,20.239615,211
617,663,14,20.166782,958
1080,1136,16,19.451718,542
779,431,7,6.626442,100
2097,495,8,6.666932,104
711,1871,9,15.755993,757
1634,2341,5,15.436185,999
1635,2372,12,15.870689,694
2265,1150,16,12.641492,1100
2183,1756,12,8.761505,795
1912,1832,13,1.941935,381
2003,538,7,17.638474,391
398,832,18,0.146234,610
542,1749,20,18.110526,915
804,218,5,12.847481,879
296,1477,13,1.452191,479
243,918,9,7.879003,211
568,950,11,8.183615,1121
124,516,13,19.938396,703
283,716,16,8.254534,970
880,146,8,6.842692,844
511,1444,9,12.287074,292
817,1707,15,3.055802,492
2126,1231,17,2.094014,1120
616,1484,6,15.501665,874
2350,2119,9,16.269508,385
256,2157,18,12.382219,1036
257,2133,18,10.426084,999
154,1634,18,12.882823,785
483,1471,7,4.095773,701
1172,1085,10,18.534563,434
294,1857,17,16.307383,137
2218,915,18,6.925917,207
2070,1443,14,16.890243,1185
1654,332,11,7.025370,419
589,1174,6,11.093846,730
2391,1678,13,4.637255,290
1346,2431,18,9.797240,704
952,784,14,14.334771,136
411,1034,12,14.245203,829
1342,2352,9,12.921974,680
427,2058,17,8.567811,666
794,994,12,3.228498,1068
1393,31,8,8.582052,696
99,429,14,20.155339,959
1144,385,8,16.755789,596
1101,546,13,6.786672,1131
2135,324,19,17.602100,1016
1259,2071,14,18.946251,367
390,1071,11,3.965021,979
847,1974,14,11.314882,1174
249,2255,9,13.281599,1069
223,820,11,1.647657,221
1636,514,11,12.595174,1073
1947,2115,6,7.777861,877
55,2305,16,5.888102,488
568,755,10,7.133126,1020
1984,779,18,3.724842,383
2019,86,7,12.080256,825
1889,143,17,12.801331,646
223,1920,14,4.440516,1152
539,1147,12,11.046995,828
580,2126,9,10.446530,914
1666,824,17,11.911354,1085
2247,751,9,11.941143,960
820,822,18,2.405910,163
1851,1240,20,0.248825,203
1801,310,14,3.317960,364
1310,1465,7,12.864473,262
1592,1513,16,15.404598,1005
1504,1371,5,6.529801,202
2311,384,19,4.542513,998
1308,811,11,19.244414,249
106,1541,13,13.195823,305
1295,2267,9,14.746316,824
1023,1414,16,13.098249,152
1029,500,9,4.482146,104
1442,1932,5,5.837333,571
885,1613,14,10.763957,731
1351,1320,5,4.877040,836
912,671,12,16.879367,436
1572,1096,14,10.187116,295
561,2415,5,16.278029,229
2325,2267,8,18.808380,188
834,604,16,11.330535,112
1296,2228,18,9.959736,179
892,271,14,0.579231,1189
2202,1921,10,1.254988,1077
373,1850,9,5.277440,589
2314,633,20,2.559954,232
284,1411,19,2.335750,165
42,1196,11,19.393862,834
244,1024,18,12.432475,713
2130,771,15,12.890377,829
836,1001,20,16.184965,538
1779,1492,7,9.959308,1132
21,1918,9,12.600247,346
1136,528,8,14.724678,863
169,2178,6,1.647379,153
1440,2394,16,7.817708,382
1135,1777,17,11.444272,1031
428,1594,8,14.696290,319
969,1527,7,15.054087,442
1283,654,8,3.919533,1158
1542,2386,12,13.490258,401
972,514,9,10.882840,941
2042,211,10,7.693037,711
2045,424,13,11.108348,285
1234,1827,6,14.755620,407
786,893,19,8.031772,907
2343,1522,7,13.055661,459
1473,575,9,12.872529,712
184,326,16,7.415567,1105
499,1906,6,6.793596,952
656,1008,14,13.765565,381
722,633,15,12.579448,455
1325,1630,14,14.142760,229
1215,548,5,12.578562,1152
594,2229,13,15.009729,302
16,507,5,6.936574,836
813,1471,5,4.197765,877
1175,1893,10,0.201127,237
797,172,7,16.991099,545
1839,590,19,8.002023,937
2186,203,19,4.145581,691
267,121,5,6.321878,537
386,1919,19,13.988500,556
2028,2461,19,1.395922,774
1526,688,8,0.572494,943
1837,925,20,5.350750,270
430,1037,7,6.190442,289
1806,2114,9,7.613045,789
637,906,5,19.312948,279
2086,569,18,13.672074,412
1884,1024,18,5.377663,910
1033,581,12,8.757857,596
2165,2439,7,0.957057,529
2023,1613,20,6.150922,520
590,509,9,0.066649,1116
1104,372,12,3.310404,541
1281,2237,9,17.042555,1069
2362,779,11,9.104625,416
1539,1758,8,11.398700,314
1181,2263,16,13.935900,213
53,443,8,3.684417,1025
2207,2176,13,17.231240,235
994,264,18,5.549663,363
1110,950,17,11.788865,945
2058,1617,9,19.056293,464
290,1405,15,8.255147,968
648,2275,5,6.905443,186
1751,1261,19,14.782322,190
1833,477,19,0.160389,938
1786,1683,18,0.455333,797
1952,1020,15,2.532236,1111
2448,1945,8,13.428410,309
1354,1594,8,8.509363,599
1047,822,16,3.025941,1037
528,1778,19,0.583032,494
17,1207,9,1.493952,671
131,437,17,1.096995,735
1390,2106,10,1.575815,643
913,339,15,6.728500,1143
1501,2480,15,14.948923,172
2359,304,12,19.857179,1005
1400,1788,9,18.969122,679
510,2028,15,7.480836,1100
1603,131,16,19.096796,512
727,2290,11,0.436642,708
1628,895,17,19.557165,1038
2145,1031,5,15.656111,231
2265,938,20,11.602963,1061
2263,1513,5,18.327460,991
341,223,19,16.463363,110
2348,1675,11,8.563801,645
2491,808,19,10.171406,339
283,1000,12,8.058668,877
465,183,5,1.595588,251
796,1374,15,14.633544,799
720,1421,6,7.406456,1160
361,415,10,16.378043,1169
631,2294,18,0.840047,1004
1404,1273,20,19.349385,918
1538,1276,10,3.168655,498
505,138,6,2.944296,1046
344,1208,9,19.579329,442
712,2209,16,10.200467,603
1364,38,19,13.746101,1002
2236,2059,6,13.597209,1053
1201,2086,11,17.983315,1098
1322,1226,13,5.270580,1063
242,2181,16,1.674134,205
724,1129,10,3.523277,452
2329,312,11,3.054675,797
842,567,15,3.094073,1040
1651,2307,7,20.353159,321
2009,1925,18,18.272497,190
9,1030,6,18.490950,219
1997,816,10,10.437086,631
575,185,12,1.563882,390
557,703,19,5.064610,546
1713,1976,6,5.060347,398
2333,1236,6,18.124525,1084
1272,1409,13,7.653046,746
96,2417,9,14.982980,894
1156,1496,16,19.313426,173
2235,395,5,12.536770,1037
1023,2437,5,13.415996,436
1045,2398,11,9.199171,944
2282,761,6,13.986779,514
1427,3,10,2.961990,125
1731,881,11,4.698260,873
824,2010,5,8.346252,649
1686,1087,19,8.776635,327
1759,1269,12,10.882004,924
674,2162,9,13.771067,184
199,1748,18,7.930102,453
1784,1912,17,0.477301,169
1050,1627,14,20.106549,644
2259,825,6,7.762366,624
938,1617,18,3.329277,106
848,1934,19,10.327215,1153
2018,2074,5,15.592837,835
695,1907,19,16.883776,898
729,1014,14,19.386867,216
1738,1812,6,15.872533,830
1514,2330,6,12.063728,760
358,226,5,9.885452,504
1554,624,15,11.106512,385
1350,2446,13,6.714003,145
1841,169,6,9.870212,1185
1125,2010,6,18.421895,861
1648,459,18,4.879989,1072
1322,2087,18,9.401866,222
1630,549,19,17.811087,845
538,884,5,16.802135,1002
2270,259,12,5.447880,499
1670,1485,14,16.659881,1072
2362,361,20,0.504186,1172
216,2299,16,20.303914,487
1319,94,18,0.357033,654
1614,2158,17,3.381438,927
1782,130,8,1.137489,469
726,1302,16,1.273487,1102
635,1234,9,2.210451,278
1857,2294,8,11.759642,203
76,586,7,0.354309,1040
2428,1907,17,10.870764,909
2437,1879,17,20.040568,1057
56,692,15,4.859830,1059
1548,1118,12,7.415008,702
1177,1561,20,16.997474,614
1424,2321,11,11.139004,506
687,1804,8,6.286003,363
398,72,20,10.730071,458
512,371,20,16.999478,277
348,327,12,1.357761,715
962,671,10,14.008519,186
2030,1906,19,15.519886,358
24,1654,20,3.510957,890
835,1812,6,9.549151,704
417,714,14,16.728182,983
331,542,12,3.864720,683
268,734,14,13.835420,720
181,705,5,12.753537,975
616,28,17,10.985144,108
2108,435,7,15.535688,722
318,979,9,1.816457,415
2315,183,12,1.835454,1021
219,2411,13,13.080631,180
1390,1442,16,11.231879,746
407,638,7,2.765800,966
2438,737,17,19.167365,501
742,2119,9,12.881054,799
501,648,14,10.827734,449
2272,574,6,9.486736,1135
418,1057,16,3.004638,845
1928,304,9,1.155910,551
1114,2258,5,14.917739,906
1566,1671,18,9.699562,177
2057,2373,6,0.231053,886
1801,1092,9,14.345337,435
802,565,18,9.797928,896
248,1525,7,9.803768,293
1518,1203,17,0.160311,588
1945,2297,11,1.214662,664
1876,276,16,0.886137,984
1132,2466,8,6.174420,925
1829,1610,6,15.963672,787
185,2442,7,6.323807,847
22,488,20,14.863014,1150
1457,1400,8,12.536892,652
666,87,9,15.655523,1080
776,323,13,0.824851,150
1883,2482,15,19.254504,778
1075,1692,18,13.393664,122
1367,2384,16,5.468129,877
1780,1254,10,14.671666,661
772,135,6,15.371542,470
195,1670,20,0.500223,518
2184,947,7,16.497595,869
1611,1918,7,13.377380,268
207,2216,7,4.013489,636
1434,2433,20,10.743270,890
612,1224,11,1.010467,381
712,200,12,7.679580,699
776,91,19,12.693431,1039
1503,1487,11,16.187308,859
1492,2493,8,0.159824,609
1143,100,20,10.894501,860
1111,2118,11,12.021016,748
654,825,18,11.178285,896
1249,250,7,11.987599,891
1056,1768,8,15.208319,1103
1171,1899,13,1.592829,215
1837,1209,15,1.294404,433
899,2374,15,12.238282,357
2431,986,16,18.125001,696
1482,1317,8,9.692306,829
1898,202,7,4.638831,551
1301,2102,9,3.383144,289
1274,1823,10,14.286043,883
1017,1577,13,7.069450,1071
423,1269,10,13.002467,641
2452,1650,16,13.679184,106
766,788,5,4.880293,201
793,64,5,13.217320,1151
2166,455,15,9.670892,1135
2232,799,13,18.578952,761
757,605,12,11.894273,1140
1241,2194,19,8.678387,607
2436,582,8,2.985668,956
2247,796,19,2.257596,984
398,2190,7,10.808003,524
328,2416,19,20.253179,419
1428,2034,13,11.228463,242
2251,1415,7,12.806029,1061
101,2009,7,8.247038,1188
2247,1454,13,18.858750,414
617,650,7,11.990592,566
2322,1766,16,4.637288,1165
1075,1017,19,7.747663,1001
1093,1187,20,2.376185,1068
822,537,18,19.125163,689
1159,1287,15,19.089529,942
1827,517,15,11.723933,878
612,476,5,14.663826,1179
90,1780,10,1.453813,257
996,1079,12,20.305666,667
52,604,13,12.318831,1076
1848,1233,7,5.045754,124
1049,1577,7,0.478074,617
1615,347,7,2.415347,1076
1767,2265,12,9.120038,575
2060,188,19,18.038062,208
1465,1189,18,0.567212,1143
2173,2457,20,7.156217,1040
2080,1480,8,18.458943,378
964,352,7,17.578494,353
2248,93,17,13.526414,986
1157,2465,11,3.807025,711
1086,1381,7,19.421820,182
1691,335,10,8.374733,110
1101,1639,6,20.219365,562
450,1776,16,7.559567,261
2274,613,13,19.623995,1197
2259,551,19,15.084601,1141
2137,1321,18,12.420359,219
1836,828,20,10.202552,1111
2081,2159,13,8.798581,176
274,779,20,20.196231,781
1861,1425,10,2.327946,427
797,2270,19,15.978415,933
136,1104,16,5.798144,995
472,254,6,14.439676,547
691,1662,7,3.973296,255
1048,308,19,8.541488,199
1378,1586,8,6.445731,148
1390,1445,13,14.696153,262
1490,2453,16,9.448517,211
2344,874,13,5.108141,246
974,1484,8,0.491218,539
1287,1564,20,8.831196,1085
2386,1251,15,2.755981,137
1596,1679,10,10.441136,723
844,2349,16,2.519133,322
507,607,9,18.989875,407
2350,353,13,15.239800,820
233,1254,13,10.204131,736
844,1278,5,8.528478,1081
1806,2493,7,13.777489,351
1073,2447,14,2.983793,355
373,2030,7,9.557518,351
2231,1857,5,12.122038,734
361,282,13,8.969890,367
2134,1671,10,16.198068,1057
1910,940,5,12.834550,907
1492,984,13,7.239355,334
1156,988,11,17.056165,336
1895,1937,8,9.025130,943
429,536,11,4.293336,1199
1021,993,11,15.607776,618
1547,1199,16,3.434264,249
1213,1233,17,19.734990,933
1460,1448,5,1.617057,476
342,1466,11,11.382761,824
261,1520,7,19.917568,1047
2095,819,8,1.999767,226
1847,353,13,19.323049,1023
2309,626,17,19.301337,1109
1814,1857,15,7.353402,286
325,1425,6,14.885144,820
658,606,17,1.477187,345
1659,1223,12,7.442501,941
914,2422,7,0.091603,592
329,411,17,6.706501,447
2018,2247,16,18.398790,561
2129,306,20,19.365658,400
909,1827,9,4.263151,480
858,1019,13,2.878871,367
2431,1157,17,12.266680,801
1396,649,15,5.975408,750
816,948,11,16.662958,434
287,131,11,15.224756,660
175,863,20,18.433407,103
451,1984,16,2.472296,1063
2390,1855,20,19.906799,1121
196,79,20,17.063711,634
331,2280,5,7.502671,710
1183,1847,9,16.677872,305
1956,1418,13,6.451226,1099
1647,2204,9,3.407157,223
1562,2138,6,11.898417,555
323,1042,9,16.575853,974
1080,896,19,5.626256,1027
1090,1001,13,8.459757,175
1844,1733,7,19.503699,933
1157,1915,6,4.978237,586
1396,2192,17,18.216471,197
2243,824,13,2.624977,754
2066,1740,15,13.679729,1005
1491,1035,5,8.154688,1178
1899,484,10,4.242353,418
991,1970,17,8.712567,800
2155,1074,19,18.347636,987
546,1860,13,8.035956,683
444,1459,12,8.940839,932
2246,2462,15,4.723165,1086
2358,218,16,5.137547,1138
2347,2448,10,2.284719,772
31,1229,6,1.862720,204
379,219,15,13.044330,1105
1225,1183,5,2.085344,114
2338,765,5,6.030955,702
1096,2030,13,8.716569,427
1199,2037,12,6.821163,476
406,1202,12,0.866774,541
371,96,6,9.724358,188
454,1031,8,0.126095,681
186,625,20,16.608281,707
2125,1533,9,5.922204,556
544,705,20,15.661817,162
2077,2150,15,7.909999,545
83,44,5,6.161280,1164
1922,422,14,17.911047,152
225,743,17,19.666947,1115
781,109,17,5.438212,202
1468,744,20,12.158317,607
580,799,19,18.378339,1075
2413,2326,5,5.639006,292
2203,493,8,1.221131,615
2396,2334,12,9.244501,760
1596,2466,8,14.973339,761
161,930,13,11.212140,673
2315,640,16,5.487190,770
1362,1001,18,19.604140,658
330,1538,7,18.663738,786
2095,1090,11,18.484618,111
2393,592,12,9.095907,1129
1325,2217,5,8.542643,348
161,2031,10,18.111153,414
247,2015,8,3.318331,939
1877,859,19,17.776619,143
64,257,20,18.318257,1018
1384,2190,7,19.340844,682
1120,1157,8,11.586029,818
1074,1822,14,6.988335,123
1431,2464,7,20.332378,305
2219,442,8,13.911291,1022
1052,1234,9,11.142492,282
1546,915,19,9.671152,373
1042,565,6,0.511103,957
1184,1845,5,4.359883,1122
1136,1295,7,18.123526,1003
494,1939,9,13.853406,481
644,2078,15,1.168338,1026
1235,666,14,15.779138,299
2085,566,7,13.602950,1138
1171,1092,17,0.467937,132
2316,1211,7,0.542201,380
554,2393,16,15.868490,337
2225,1346,8,8.887604,755
1994,263,13,16.427446,301
399,1740,6,2.824321,989
1906,2189,13,13.767573,392
1962,1420,17,4.433110,413
2084,818,7,14.566903,973
1053,2164,14,9.376682,329
2252,1954,18,9.803797,208
99,703,14,20.144379,292
909,2237,13,19.441081,719
861,1313,6,7.863496,178
216,1053,8,1.642706,619
728,2266,20,9.508903,393
151,1533,18,20.238272,348
2487,2342,16,6.769410,1194
538,285,6,14.707459,563
480,186,20,2.320722,718
687,246,19,15.545249,308
1607,1382,19,12.405643,155
386,285,7,19.243005,800
2362,993,17,7.822515,800
1317,2279,7,1.334790,259
922,1854,10,6.626067,462
1879,1583,12,6.646560,805
1320,2401,17,11.984193,642
1157,796,9,9.578475,479
1738,202,16,3.478714,993
972,273,9,19.457831,691
236,1293,9,6.418515,205
1947,226,10,2.890108,279
332,2117,18,8.686901,505
1375,1964,16,12.562532,122
1654,1846,19,19.047013,978
1968,188,8,1.557754,473
854,718,11,7.167436,734
2305,1855,11,11.841253,502
2252,1075,20,20.105184,660
2031,752,9,6.432403,357
1149,797,17,0.507249,789
1866,659,19,2.679036,549
1006,72,5,10.986305,555
1641,1459,12,17.481444,582
1734,1243,10,6.741601,392
1889,1175,19,11.976928,298
794,262,19,0.145723,446
15,1074,7,7.693438,465
2283,456,15,6.981004,209
1729,688,11,19.470012,241
630,411,15,5.454777,405
2392,487,17,12.678395,873
1650,1795,11,9.856021,378
1399,2468,11,17.131514,154
1701,1468,17,1.741815,286
1388,567,8,17.025948,1163
2037,741,16,5.512548,1146
2444,1628,17,10.285444,902
640,2095,15,20.028755,443
798,518,8,11.075989,475
237,470,11,3.387806,470
1599,1018,17,9.743158,471
1482,1750,18,19.525514,788
1080,1897,11,9.252476,440
880,1866,15,2.177775,1012
2221,251,5,9.490227,616
951,301,5,5.102561,300
2348,668,5,10.278338,330
858,1276,20,16.376109,562
1678,1679,13,20.258823,1134
1117,1235,6,20.494558,428
1298,863,5,9.033010,424
2343,2480,15,3.514464,944
341,676,9,14.647980,1083
301,1644,18,16.063549,1168
2002,2069,16,16.061934,104
2019,952,11,15.946957,810
885,918,13,14.390729,715
211,339,18,18.602391,196
622,1795,5,4.591503,921
90,2472,5,8.513800,707
1765,1973,5,3.905361,1030
1376,2451,12,12.039998,419
260,640,13,15.850375,1124
1540,203,15,1.729392,292
1776,1369,10,14.033090,285
1691,634,10,15.027859,240
1390,2394,15,17.230136,192
2037,2300,15,1.403788,898
799,1435,11,5.067575,151
1599,2002,12,13.195707,961
1439,951,9,4.364353,534
520,2072,13,18.968933,1149
553,372,10,14.968097,1127
1685,1170,16,18.311264,586
1535,1991,18,5.747909,932
1479,2008,12,2.129465,277
2222,2449,9,5.310304,901
1413,210,15,20.375563,1117
1377,256,7,15.727668,1048
942,2194,6,14.556789,662
17,297,5,9.295513,543
1150,2345,9,6.508549,328
1986,1127,16,2.611496,258
1010,2204,9,12.090955,905
246,2025,13,7.825151,282
1977,2486,16,15.640720,863
159,1637,12,2.382556,279
2451,2237,16,20.242792,881
1905,153,10,0.705504,1198
859,1755,18,1.140580,215
1219,1018,13,16.771731,936
455,2363,15,17.530304,526
104,546,20,1.056578,874
905,1307,6,19.990701,265
560,2495,20,16.919745,692
2228,1539,13,10.117874,867
1400,1504,16,19.346756,267
915,1440,13,15.962020,434
1443,1064,14,14.978207,851
2282,1139,16,8.166875,834
635,704,18,10.059922,1200
551,2023,17,4.253468,1032
816,664,11,18.294832,509
726,1003,10,15.482165,1183
1224,2225,9,16.153084,1159
460,918,5,6.497423,769
874,2453,10,16.965418,664
21,1825,12,3.286474,416
977,1542,6,17.751592,793
963,1223,18,19.681154,622
2412,2086,19,13.932824,1001
536,1167,8,15.843842,1130
2240,348,9,15.516755,507
1183,1684,18,1.464739,717
1334,2174,10,0.108124,368
1393,2363,20,8.997773,134
1712,2490,7,14.096803,623
1631,728,15,10.415664,131
543,1052,19,11.901206,1093
2000,280,5,19.709425,559
1074,741,14,2.031816,699
952,458,5,10.817514,120
1683,2010,20,4.136903,880
1632,479,6,20.080422,717
517,197,12,19.571372,497
2411,2317,12,11.035526,195
2023,799,6,7.818182,857
45,139,7,7.549442,1176
1057,2039,18,6.096850,549
1875,520,17,8.470638,618
193,162,11,10.172453,737
675,2264,15,16.771801,784
2360,90,7,18.433677,1130
140,963,6,8.011358,886
92,756,11,13.412689,574
2026,1955,12,4.416953,934
901,2380,10,10.327554,1154
1044,388,19,1.312732,782
2094,278,11,8.271445,384
1268,2457,8,20.024397,957
494,2064,14,6.236309,247
835,613,10,18.888815,1118
562,1756,20,19.414761,160
22,148,11,9.812226,1058
494,694,7,4.110198,688
53,1367,12,4.460657,1066
1329,1465,9,14.662477,1114
1986,416,20,15.454072,310
1548,1586,18,10.674080,199
514,319,14,7.789621,1060
1417,2391,8,6.527933,211
2381,1249,20,0.360442,1162
1344,1200,7,13.300124,932
1111,1599,8,6.055981,935
1130,2135,20,5.187160,521
1149,1135,15,5.046392,672
787,25,15,7.940463,1174
1750,1815,14,5.181232,225
2277,1530,9,8.990091,623
1152,2246,8,20.305926,1057
2036,471,11,10.521109,307
789,1387,9,4.438481,213
2262,2425,15,15.808646,486
130,2318,11,0.786838,548
1308,1583,12,12.182563,679
150,1650,20,12.038962,203
242,1771,15,14.184201,513
1199,2418,18,2.273973,429
1290,2171,15,7.170653,244
909,2250,16,19.332983,544
454,1688,17,1.085279,223
1389,597,9,0.936676,886
897,68,5,9.002068,303
1525,437,11,1.605152,427
455,1680,17,1.239625,694
165,772,13,5.191444,1049
1967,1974,8,1.891987,126
2315,1022,15,5.459310,1175
1561,1041,20,3.738319,860
478,1882,5,13.740596,241
2037,1170,16,5.872181,222
1865,2453,7,16.236957,832
1803,2334,8,16.806643,217
558,2278,10,14.570723,1049
1602,1340,12,17.626168,633
504,2495,9,15.748359,598
1142,2458,20,6.546651,286
325,2139,6,4.321546,1011
2245,956,14,10.932276,436
1530,1652,19,10.529719,999
1311,1965,8,9.565255,958
1051,1023,19,9.561720,137
381,1196,8,11.584279,180
1423,2204,18,13.802304,125
493,214,5,8.597481,372
428,1156,15,20.380258,524
368,807,15,18.810741,472
876,1405,19,16.366904,418
1148,872,19,9.837360,1072
2371,1714,17,9.053375,725
316,1514,20,17.642447,190
1836,1632,10,4.784388,1089
296,2015,12,9.751514,1054
46,434,18,20.311178,987
2165,2419,10,15.397451,191
190,561,17,10.763739,1041
1683,2047,11,14.112184,614
437,2333,15,3.378183,474
308,1315,20,10.390839,100
2312,2160,18,11.463286,948
377,960,9,4.605400,168
1377,1258,12,10.910319,766
2251,1631,11,12.476742,1007
706,560,17,11.806431,726
1703,1619,13,0.967160,221
1703,1937,10,13.961177,1150
616,152,13,14.472825,251
2285,2067,6,10.919636,1088
2255,102,8,4.778109,1073
860,820,18,7.119155,283
1271,131,8,15.666571,703
1672,1570,17,8.775071,1081
1807,1158,17,15.335869,348
1912,970,6,9.048363,141
13,1773,17,1.934961,656
1668,620,14,16.711761,976
1834,427,8,7.180759,597
2461,1468,17,17.654751,723
504,2470,11,0.467783,751
1439,442,10,3.241505,756
161,396,11,19.979543,414
1046,1010,20,16.885343,1187
566,750,5,19.127219,264
347,129,10,4.598328,855
1803,1487,20,20.204853,1068
164,1032,12,11.226951,781
459,12,16,18.789360,417
1881,356,8,8.210021,425
2368,321,10,3.832907,981
457,669,18,8.412262,230
1965,913,19,7.328381,148
1808,1993,18,5.526434,1161
2367,2094,10,16.182757,154
1548,1826,11,2.818126,711
1505,650,6,0.323940,438
1662,2155,19,1.643311,245
660,2397,15,14.852747,441
2462,1346,14,19.137215,1170
699,2056,14,4.902888,923
553,557,20,17.713984,416
1969,2202,7,0.231039,110
1642,949,13,16.247890,175
1574,1979,15,8.869858,304
364,855,9,7.309208,610
2330,1302,15,9.379905,749
1148,1120,17,18.378863,254
999,1886,16,14.697290,481
999,658,17,0.649907,128
1728,2490,15,0.101872,581
1342,456,6,1.659338,933
1481,362,17,11.543333,901
906,2023,17,13.115742,867
1822,327,17,15.528534,720
3,1116,9,0.150645,613
1062,1769,5,16.914971,983
975,1975,10,9.291160,209
1712,699,13,15.531374,363
1605,1771,19,8.383996,1120
1849,1337,7,0.944810,313
1331,814,13,9.616898,286
1755,712,17,2.047339,1042
1548,1991,6,5.960852,973
657,409,14,8.587999,632
841,1913,9,1.292765,237
1945,675,9,9.836981,189
1266,1789,12,4.441321,502
1351,1645,5,19.642555,852
755,660,20,8.944396,901
1121,2332,15,13.483690,1043
1728,2090,16,7.858779,714
962,510,13,3.379571,927
64,1245,15,2.860100,1146
1893,896,14,10.395742,348
2395,263,20,8.053408,1195
643,348,12,18.118399,562
1603,774,8,8.002163,537
507,455,5,2.792210,376
1268,1108,17,8.466811,737
1752,1616,6,0.884755,1156
1675,1359,11,18.571565,182
2263,621,10,0.545313,984
2218,66,16,15.197968,345
1203,909,9,11.124543,355
737,1877,8,19.324874,957
2433,1889,10,14.788863,1198
1166,2377,7,5.592494,1129
105,1654,13,1.320946,727
1985,2261,19,10.779918,717
552,1763,9,0.201176,135
169,2021,9,14.844118,175
1129,2271,8,12.130126,963
405,1606,18,6.860507,803
2159,950,9,6.975147,336
2103,1483,15,12.928025,1031
173,607,19,1.670669,1102
310,378,17,16.613148,989
2366,1815,14,19.847655,338
2293,2361,14,11.470991,110
556,1984,12,20.478495,696
2303,119,7,16.465752,899
2015,860,12,14.863567,355
369,1398,14,2.807779,788
919,2430,6,15.500541,1107
1392,1776,17,13.101876,727
2319,1043,9,10.498405,710
2443,318,20,13.784697,1161
1022,2462,19,10.784482,626
1748,862,10,14.861976,1185
1383,375,13,5.681349,448
1759,656,13,7.106148,957
2372,2362,9,9.396936,958
2437,1940,14,19.362986,968
1266,155,10,8.129757,1158
188,1908,20,18.067232,673
1126,2370,6,17.144998,1107
720,938,13,2.094270,1145
1713,1152,11,12.059838,500
1456,1960,5,1.899175,1158
1615,107,20,7.740230,115
866,78,5,13.596602,1050
1933,346,9,12.028483,619
1883,1871,18,18.818150,516
706,596,12,9.428738,625
759,1263,5,15.012750,388
397,2255,19,8.657774,267
1426,2287,12,1.017471,853
2067,504,19,17.665806,542
393,1369,14,11.795717,410
678,1806,17,12.824889,1098
2297,172,9,18.811411,152
1726,41,10,8.454569,653
1064,388,8,14.468189,1073
1408,451,8,6.638749,1031
1269,883,14,5.988688,413
328,2025,13,2.075968,685
320,1040,13,15.675455,852
2306,2428,8,3.311516,975
1752,1568,13,9.236465,898
1112,1816,9,16.579906,813
1992,948,15,11.903989,912
745,341,11,10.716842,711
1965,189,18,7.537763,1019
160,774,18,19.302634,373
1434,670,15,12.787588,817
1067,2275,14,1.087631,170
1749,1876,9,4.388081,1126
1295,362,9,10.568804,1033
1587,533,9,3.468001,668
1712,1731,13,6.780384,536
1503,2474,8,11.553221,917
2351,783,15,9.562785,630
411,810,11,17.867855,1099
109,810,12,12.631459,292
481,2296,20,16.895123,612
223,1279,14,19.409775,1050
174,1600,15,16.070344,137
323,1200,18,10.655226,943
555,1092,6,7.696749,811
614,382,16,7.124669,1100
934,552,14,5.148945,472
1523,2006,7,2.697010,905
1914,1173,14,16.550800,468
963,1323,6,15.204587,699
2121,21,9,6.043404,893
2043,2264,12,15.469830,457
51,1273,10,1.500657,987
1201,1386,10,12.929444,417
1068,1179,11,19.956618,502
913,1725,15,19.005246,998
427,1909,10,7.255326,1118
962,1207,15,0.233989,443
1848,1748,10,10.657001,563
921,1458,9,6.987158,980
1219,1578,7,6.036213,881
1801,2307,10,8.205434,1106
49,86,11,19.938810,800
1957,417,18,17.108910,734
1629,801,12,6.450930,658
1331,2042,11,13.879921,572
951,86,10,6.384226,1165
666,2213,15,1.567015,498
1026,213,15,20.463973,682
2101,1343,20,13.973994,355
1542,602,19,14.566765,883
452,662,12,15.088397,937
1368,1977,12,3.278629,841
2128,1074,9,6.042437,620
1670,1866,6,9.668154,462
853,473,9,10.381262,480
407,1720,13,19.792858,645
1869,306,16,8.524318,534
2142,2045,7,12.659640,832
1633,2391,8,6.551871,124
1733,228,6,2.630914,164
414,712,12,16.169034,1021
1564,2142,14,18.809052,192
144,1735,19,11.416863,810
465,1686,12,10.903700,930
2102,43,15,18.674233,535
1722,2097,7,14.156138,1178
1524,785,5,16.044081,1102
1385,766,17,7.417321,1031
853,511,6,5.018218,334
720,642,17,12.853514,470
749,382,10,16.076256,248
957,1095,14,6.482006,1185
1557,2056,5,14.074344,923
1252,1550,12,12.294855,702
1782,192,20,8.436977,621
2256,1485,19,15.120729,501
1531,2321,17,4.288091,244
1251,2393,8,15.022697,125
329,298,10,1.973243,800
338,1769,20,0.887456,694
915,1229,8,14.088475,352
963,2217,6,15.877083,1112
1842,306,18,13.040788,1027
1590,755,5,9.398791,428
497,1960,13,3.564098,244
2445,140,7,14.243297,435
1024,977,10,6.227278,478
2029,202,15,17.108600,137
1714,1969,6,2.280947,532
1964,34,16,13.208297,420
1028,504,11,13.321144,930
1611,182,9,14.905348,532
252,2157,8,3.462494,1132
1101,16,7,14.419448,568
1578,2250,8,15.930133,1013
1290,1778,20,17.574871,1025
1059,1118,16,18.242605,135
2480,1328,8,3.674367,473
668,426,17,0.466129,1044
1464,2499,7,14.401647,432
2297,2262,6,3.770761,371
1941,148,16,11.557576,103
1169,1889,18,12.446294,982
2261,581,16,5.841201,644
210,1521,7,19.747755,355
1654,631,5,16.302274,1146
1342,2411,18,19.312340,225
366,2430,7,2.917862,938
2255,2043,9,6.461619,796
2204,1378,20,19.799851,159
1759,359,11,14.005206,1175
210,2391,10,4.685293,552
878,701,10,10.134955,618
1637,1786,13,15.805702,179
1195,1407,19,16.974486,986
96,1097,11,3.299704,430
2042,1817,11,0.676282,219
1721,1656,14,18.506909,800
2497,1982,16,14.528120,992
1758,968,5,17.722952,215
174,371,14,2.159223,677
82,459,8,5.978013,1132
765,2193,11,13.238248,735
1911,112,8,16.179888,658
1608,664,13,19.600854,1055
1122,0,16,8.004599,783
1365,1893,12,16.347804,353
1091,1269,15,6.247779,758
393,345,20,20.170615,924
1671,154,16,4.623406,1178
2360,1103,11,1.278248,580
1594,1603,12,5.936029,1103
1314,1456,6,6.591750,603
2130,1833,18,12.978704,634
2252,387,14,0.227827,272
2087,726,7,18.788131,1194
1242,1795,18,3.300126,626
154,2498,7,2.762023,281
2275,916,9,7.428137,366
1480,2114,9,2.008390,676
1985,1447,18,18.931977,312
1482,1392,17,4.168364,484
2385,1404,11,14.996829,140
1660,1669,5,18.449378,631
1482,2494,10,9.147001,990
988,2484,5,7.031576,816
2284,1881,5,7.105395,1194
1451,984,9,16.289766,524
483,364,17,6.419062,989
993,2193,6,10.271214,828
1140,654,19,8.843205,500
1540,708,15,5.433609,127
389,2300,5,14.331113,1102
832,1711,8,10.396132,152
1629,46,9,4.397454,636
1207,887,5,1.913441,997
1873,1938,5,7.760597,982
2268,2402,5,8.097833,192
1148,2205,13,9.727691,508
1221,515,17,1.273756,301
577,1229,12,7.307617,109
2271,890,20,0.320404,857
37,676,6,10.684665,587
588,2323,20,1.371315,1075
1351,736,5,12.417285,1035
622,1333,19,5.793434,212
1646,2015,5,18.952282,888
1377,2090,9,8.366690,1195
314,1514,10,14.049582,525
216,2296,17,7.390905,485
860,1314,14,0.255067,427
783,2323,10,17.542004,270
1840,962,17,11.090461,962
1795,1539,8,10.835525,714
1896,100,11,18.003708,1153
1956,2378,15,6.288528,112
586,1457,11,11.149373,125
1547,98,16,4.212901,967
2243,1821,8,20.302506,245
1709,2318,18,3.774667,947
771,2237,13,2.271299,807
200,206,20,17.120195,329
1102,1776,15,3.899748,261
895,1278,9,4.779366,1063
1283,1460,6,14.411813,1070
2087,973,17,2.389132,551
1613,624,9,6.747690,948
667,686,8,7.956338,324
1614,191,20,0.850395,928
1944,585,11,8.298203,364
1576,1509,8,8.176399,427
1476,2454,7,20.116379,359
558,1288,5,8.071063,173
2299,1763,16,17.888195,568
1450,1183,15,2.687359,484
2481,183,17,15.316220,774
337,1428,12,4.142097,676
2247,595,8,14.411632,307
2497,1942,5,8.438783,870
1648,700,20,6.948537,266
2341,611,9,2.752699,685
279,39,19,15.816169,217
1756,1031,18,12.791963,528
2086,1167,10,6.672996,383
103,1452,20,14.540158,619
1381,905,12,2.588119,202
146,119,7,16.142980,714
254,1222,20,3.567280,1047
1004,1838,19,2.034591,1027
434,1393,12,8.721268,106
1266,2371,19,12.300775,815
1979,1586,18,19.574110,601
1814,173,13,10.368068,125
1289,738,19,11.837145,234
2108,342,8,15.941671,1009
436,1426,15,16.735971,408
1792,2117,11,5.018603,631
1828,2452,14,8.059140,523
60,1565,12,0.172916,644
19,1588,13,14.484718,437
569,1164,14,10.359968,1182
793,1900,8,1.289781,670
921,1060,10,17.752797,722
1476,931,6,17.841574,734
1735,1288,17,18.025817,800
95,1016,9,14.286063,201
1379,1147,14,13.144465,1179
187,1529,12,4.729041,498
453,1393,18,6.931324,804
1671,2321,12,5.605771,1177
258,1879,15,19.258816,461
1647,553,12,12.630316,961
2434,799,16,20.444337,1023
757,1713,9,2.380027,890
2222,21,17,18.601050,1169
1414,1330,11,15.467159,996
112,723,10,11.011331,732
2465,455,20,0.512211,408
2010,2346,9,8.781591,568
735,2175,12,9.358781,196
1546,2342,18,9.878544,872
2148,518,16,1.012679,612
1586,996,14,13.727078,837
1263,476,5,12.194760,1138
23,783,16,4.990374,1050
2041,127,14,1.842804,509
2146,1847,8,9.998540,342
2267,1593,12,3.017566,1096
2276,752,9,13.534807,112
438,994,9,3.012551,1021
370,1636,12,5.154600,704
1423,88,8,10.528754,481
1454,1908,11,4.391231,630
1168,725,20,10.862343,1110
731,1227,14,18.710629,333
1468,1612,5,11.560950,117
809,2443,17,13.895995,1079
1505,1193,12,11.947918,1116
1309,500,7,8.382230,855
1117,455,5,15.134751,912
196,93,13,8.012202,117
740,1370,13,0.511720,376
1181,1322,13,3.561594,1157
1166,1060,11,13.130793,1170
2133,1350,5,10.348014,734
269,1776,12,11.875765,462
338,2330,10,19.024842,634
989,513,5,11.785141,401
1175,1317,16,0.378499,276
1305,126,15,9.058181,500
2385,1238,8,5.161406,1152
380,2209,20,3.716540,289
1994,1033,10,20.386321,1128
1619,187,10,7.082514,844
2123,1076,11,12.256327,898
2027,2229,12,10.786168,218
1295,803,6,3.709619,978
660,368,20,5.519058,401
2193,783,8,12.715489,903
1447,426,18,0.289438,1062
1475,1431,14,8.441039,682
349,1602,6,20.237858,997
643,448,15,5.179186,1054
2191,530,20,18.795860,990
2276,137,14,6.266929,334
366,1463,10,7.198892,496
1728,1211,15,5.861661,669
404,2009,18,12.146279,465
1565,1010,15,4.287643,676
500,93,5,15.046739,615
741,1301,8,6.760425,446
198,325,16,18.615762,872
631,1750,19,5.370234,847
1587,369,20,13.524349,147
1682,582,10,8.042129,772
1530,966,13,15.802061,237
1203,1050,13,5.190441,245
2167,2223,18,18.315411,974
1661,1734,15,4.132768,1009
1675,1996,18,2.473633,1118
1981,2175,16,7.135383,856
2283,2440,12,13.571279,308
1690,1226,6,12.764970,187
1652,1757,6,2.000437,764
2482,19,11,18.565894,1136
881,2003,8,7.827652,1046
1198,2179,15,13.368918,957
938,657,5,10.010481,130
2232,1342,9,17.302011,260
1738,160,17,3.490790,587
710,25,19,6.317271,461
1350,1837,8,16.411040,1096
213,940,19,20.043133,1153
919,1087,19,8.964097,1057
1434,267,5,6.200622,966
2051,238,20,6.327581,1123
1056,1550,17,1.275364,897
1090,2366,9,6.899481,983
327,88,7,11.333081,267
2203,369,9,6.435514,372
1146,1764,5,15.569722,336
947,2054,14,16.568571,863
789,1212,8,15.780243,883
996,1519,10,3.497637,688
143,2050,18,9.692070,143
1310,680,9,19.287333,1053
241,1334,16,10.382318,626
1150,2215,11,16.153729,444
95,714,11,1.475744,346
158,356,16,6.840626,279
509,1452,6,19.351207,215
837,2398,20,19.888963,1053
1843,2074,18,10.651168,408
681,771,17,2.465879,836
2247,2239,11,18.406037,537
1577,1973,5,7.428627,358
974,65,7,15.938059,668
1443,2122,7,4.031356,540
100,2398,18,6.558864,404
71,725,6,9.499025,1091
2463,1987,12,12.762699,998
373,2274,12,13.502179,916
410,2243,6,6.897174,803
1826,869,7,3.337281,868
630,585,16,0.729953,964
2360,1504,19,14.087738,1062
599,1198,8,17.978093,1047
544,1064,15,14.502649,668
634,714,8,7.100218,441
1345,1598,9,1.658753,663
320,2138,16,6.429183,629
452,695,19,13.017017,646
595,229,6,7.389135,957
1264,1081,15,16.456255,298
1960,853,11,16.828088,237
234,541,10,6.327821,476
1465,601,9,7.930899,945
1447,300,12,0.246295,394
1562,958,6,15.550885,1085
1165,321,19,19.427188,318
1339,321,11,11.614766,150
1807,245,18,17.281778,704
1748,1962,9,16.295676,199
2207,2190,20,5.909275,595
247,1213,11,17.053861,626
573,1943,16,12.373468,936
2062,1814,18,18.898042,153
252,2396,9,9.826149,619
1930,397,19,9.758363,1190
928,1962,10,16.711034,527
1903,1747,17,11.518000,1109
148,1190,19,0.005975,894
176,2445,12,8.067907,450
1368,1839,17,12.850268,487
156,2350,17,13.205836,314
1837,162,20,2.340354,801
229,260,7,20.073672,160
2433,1937,9,18.809033,257
1870,144,20,2.834795,562
329,2424,5,13.169912,981
2120,2121,20,1.512086,1034
138,1426,7,10.588187,1136
1804,1695,17,0.102485,679
1477,2245,8,3.599248,289
1705,540,19,4.897455,910
2236,398,14,6.227215,196
1126,2132,6,15.745250,408
2267,2201,17,11.468969,521
385,2447,13,3.863975,574
2371,1153,18,20.075797,723
1480,505,8,19.237603,626
1460,1755,12,17.025886,120
2251,309,20,7.629262,734
1630,151,19,15.277865,372
2297,140,17,14.595906,1038
246,892,16,15.277189,1025
1700,517,9,18.116286,208
1798,2234,20,8.402428,767
2462,897,9,0.279985,906
1038,55,10,12.454322,1130
478,888,11,16.681586,303
1628,1755,9,8.800820,385
445,999,7,4.242430,816
438,1498,11,19.611220,842
2298,91,16,3.043009,433
2011,1994,20,7.153338,696
988,354,11,9.037953,806
102,725,11,14.979173,190
17,2036,7,11.985760,664
2180,1444,13,14.326706,735
187,248,11,2.714372,346
933,1246,8,10.627971,347
939,2099,16,4.129972,899
323,1965,16,2.966387,188
5,1505,11,10.297741,391
1689,406,20,2.398428,1167
1483,2408,18,7.572586,531
1406,1728,13,15.763212,658
1089,1382,20,17.125395,350
1921,1842,16,1.387655,537
77,733,12,7.537510,501
712,960,17,20.356377,186
2216,1402,14,4.985494,491
1743,524,19,1.768411,321
2183,2034,6,18.945236,837
573,1327,10,8.407648,494
462,1443,14,4.822437,851
1289,563,9,1.261579,590
525,1071,8,10.346733,997
283,1790,17,19.121342,591
2284,1159,10,18.698443,510
1427,1438,5,17.250158,572
602,1233,16,16.257276,159
283,107,17,13.267439,826
111,482,16,3.887650,927
1479,353,17,7.549662,644
1498,1278,12,17.811145,355
1913,1470,17,20.328280,922
2489,199,15,16.019122,1140
959,682,12,17.287308,103
838,1671,19,12.645412,1174
1276,1728,18,20.313198,829
92,1781,20,8.427540,448
2228,91,6,18.143722,479
393,576,10,18.162232,217
1205,999,14,1.536190,378
1022,779,20,8.586224,944
1566,23,20,1.642608,545
1397,1699,16,5.774889,749
1464,567,20,10.298088,340
958,2205,15,15.349151,1160
794,2137,17,1.494144,596
2013,671,11,4.597833,550
1967,653,18,4.942871,491
462,1885,16,4.740736,425
381,92,19,12.095195,515
2366,1013,19,12.383018,356
888,1850,15,11.108683,963
1863,1910,10,1.414075,313
232,1579,17,0.513570,577
723,139,9,8.195416,565
329,1902,10,19.138440,355
2297,945,11,18.129223,599
808,457,6,7.755033,867
2480,236,19,19.893109,864
624,327,18,17.608323,1035
1288,1771,17,14.327713,756
1776,1978,8,11.815130,777
1330,2007,9,18.479268,129
2298,467,16,1.382841,231
1237,469,5,4.526220,514
2329,1802,11,12.542294,691
196,1594,18,17.299846,312
697,306,18,3.486381,454
2021,884,17,6.418985,769
141,675,17,13.824344,1058
1680,790,10,11.477347,208
1018,1601,14,11.203822,1047
1629,1820,14,13.340848,924
2007,1575,12,1.283960,965
1733,1998,20,18.746145,152
1837,1136,12,17.564266,116
2387,1295,5,16.784457,315
2197,2292,7,6.683793,148
145,254,15,15.861366,571
1709,761,14,2.006340,785
1003,254,13,13.953274,100
2183,2269,13,6.106872,915
985,156,13,17.864617,984
1522,447,10,2.205532,1010
1725,461,11,11.079736,129
1782,1737,19,19.291974,305
532,1698,17,8.184923,770
192,2378,7,17.130452,222
157,1639,18,2.924483,785
216,411,11,4.519574,161
1625,2413,16,3.503377,912
1655,1175,9,16.492272,971
1079,770,17,1.128141,327
752,349,20,1.759054,733
2181,1315,14,16.292789,983
1470,1026,10,17.452710,932
1016,1919,7,0.403749,730
776,1546,19,16.165827,631
900,833,17,2.576472,894
436,910,9,0.858166,748
2242,1166,8,14.247222,480
84,2464,5,19.465180,583
837,834,13,5.436805,299
555,149,13,0.767202,611
2168,115,19,8.692032,811
78,1476,19,1.183952,538
1099,1884,5,4.073161,500
2493,1105,17,15.065818,312
2199,95,14,13.964557,662
2023,900,7,2.285630,749
2005,603,18,18.799739,701
2039,2152,7,1.843129,1122
2069,879,18,16.565041,985
343,2306,7,12.477141,559
949,930,19,14.617902,232
2042,70,8,5.774647,227
1260,2014,17,10.201167,735
1345,1841,17,9.269993,657
1061,532,5,8.118037,338
1947,759,7,9.503753,946
935,1918,16,17.349089,523
370,2425,16,15.607389,132
2289,1069,9,6.895252,784
2495,375,7,9.323447,1123
2104,1112,15,14.487559,1140
936,7,5,12.606510,138
2170,1848,11,2.440321,227
768,2250,18,2.694163,1092
683,1617,8,16.888716,155
2044,1239,20,13.435376,876
534,35,13,1.721326,815
452,1262,15,1.837206,904
209,2228,14,10.831344,200
1705,1796,8,9.982871,806
306,764,10,13.230335,817
980,1134,6,6.126592,911
2489,1502,5,6.626023,527
204,122,16,13.710045,1152
802,53,10,6.400909,876
403,59,5,9.064513,708
488,1380,16,4.394845,807
1910,2077,15,11.085911,789
426,2325,20,3.325317,1164
905,2080,14,1.748281,696
1318,1490,16,19.263612,572
1937,1953,7,4.209126,889
1602,1953,12,1.960200,1106
312,1766,19,6.820208,979
1500,2027,9,2.302343,217
371,2089,13,2.834360,638
659,221,14,5.382317,291
667,973,17,16.676342,106
2455,1129,13,16.293540,788
2201,1432,8,11.444074,165
1121,1106,14,6.088750,586
534,488,14,6.104139,1024
2121,1890,20,14.789619,193
1929,627,6,18.405105,179
2163,2022,19,12.583816,812
1810,771,16,2.612716,240
233,140,19,9.425337,144
2104,357,5,3.435625,282
2038,913,20,13.251111,1192
658,21,9,8.837579,519
2239,285,18,14.447173,619
1911,91,7,9.778363,882
1082,34,19,19.330248,915
1072,1773,13,1.089247,497
396,2375,11,11.750577,768
224,1429,10,13.950554,815
1476,1970,5,13.652777,1189
1175,2034,11,6.729052,1131
1558,1063,9,18.575873,913
866,1619,18,6.863298,452
563,1573,19,0.631509,121
425,166,20,16.386102,259
495,171,20,13.137723,352
1765,102,8,3.160498,459
969,334,6,1.342338,764
2053,2030,5,13.897109,1022
1325,1848,9,4.087050,622
2468,780,20,17.360000,335
470,76,11,4.845128,531
938,2123,13,6.935586,734
489,1658,5,5.811264,106
2460,439,9,11.330556,1172
1090,528,7,8.214867,973
2024,711,12,1.723434,298
354,1763,12,7.701009,175
82,966,20,15.732045,1188
662,447,5,0.154220,924
1581,292,8,6.779236,139
432,2097,8,7.313455,794
919,2355,15,7.535942,733
2338,1770,5,7.178100,591
1600,1136,6,3.659046,1060
1024,662,18,9.229262,691
1894,2282,5,4.462278,732
447,389,7,0.439554,889
2419,750,10,10.487551,545
1941,2156,18,5.055615,539
1450,367,6,3.141686,430
909,2118,20,10.760326,583
1286,312,15,20.486796,643
1235,1432,16,8.704887,506
394,2207,20,6.393516,993
10,1576,19,13.562579,424
1553,679,14,16.626274,824
828,2357,17,1.146459,285
2389,939,8,13.998696,883
1491,1061,8,15.814033,1192
925,1281,20,10.601400,1127
796,2466,14,11.887746,316
2091,2016,9,13.293375,937
80,631,18,6.942515,483
1736,1835,6,5.003243,389
216,1837,7,5.585515,997
308,856,10,14.701045,853
1454,124,7,9.566485,1091
1551,1586,10,0.945833,971
449,950,15,16.677446,1088
1865,2128,7,18.307910,261
2442,378,15,7.696328,422
81,1820,20,20.422600,663
1504,2170,17,5.640543,950
2286,91,16,2.632124,238
1613,1440,8,15.135591,306
1594,2333,6,20.163351,978
1628,179,18,11.605848,425
231,375,10,10.975077,340
663,34,19,13.688476,215
905,2397,12,12.347614,755
924,1348,15,14.927741,411
887,1533,18,18.301020,448
431,2291,5,19.768892,730
1193,760,9,14.745367,202
1833,1026,14,14.681930,656
2389,2234,15,4.967732,771
528,611,5,7.776974,364
967,1666,19,13.444340,1190
2112,2192,19,4.749532,583
215,893,10,1.800263,150
1212,1081,18,2.737963,1183
512,562,19,5.676250,772
733,415,12,5.166958,352
743,220,10,9.667015,797
2381,1724,5,10.689933,338
382,1340,19,17.194319,1079
2439,591,17,17.148971,1080
1649,993,19,19.988047,1145
2272,357,18,9.590884,364
1426,675,10,7.697263,672
1903,710,13,16.963992,1043
1219,2494,14,16.387615,1075
761,2089,6,1.770583,128
2457,1668,19,11.564726,1076
1693,2306,14,18.216680,842
1292,2408,5,4.193498,1023
1747,518,15,2.609817,608
1245,1183,20,19.696790,269
944,1022,11,10.015486,970
1899,1746,7,19.594452,506
1864,307,11,3.525949,1122
2332,327,18,9.470710,523
552,2078,8,12.351067,694
985,1722,18,17.437722,1147
1495,691,19,12.490249,874
30,62,13,17.493500,140
54,1960,9,19.309702,145
22,18,10,5.096750,1188
380,2390,6,13.195370,154
2209,1527,11,18.015813,323
1122,1670,15,5.877936,760
1414,292,10,16.563881,685
2433,1198,20,2.390513,531
1690,607,16,9.873580,209
1062,542,9,16.938179,660
1209,2205,14,4.249877,1130
1944,508,19,0.797861,530
1627,851,18,9.998256,577
338,28,17,14.066589,702
1282,2419,20,16.003329,368
318,1448,10,9.869588,362
861,1093,6,9.286550,1007
1287,2229,8,18.211797,1057
2146,489,9,8.387315,447
724,44,15,4.632877,460
605,1761,19,4.415832,683
651,1997,17,10.226802,850
2290,1644,11,13.239661,164
141,195,15,10.328399,897
1659,2209,11,16.024642,651
1710,1375,17,7.481505,605
1478,607,8,15.480259,195
607,903,15,8.830267,646
124,418,6,3.238429,764
2299,2079,20,3.503947,545
1584,1429,5,0.103797,181
768,996,8,12.808753,647
1942,1759,12,19.063266,977
1551,2443,5,14.653054,471
1775,2464,15,13.548187,682
766,2240,11,18.248948,1017
1978,456,12,10.378759,172
2082,1702,14,10.234261,795
916,2029,13,4.848253,491
76,257,13,0.467483,187
77,1516,10,6.980623,1094
590,2096,19,6.408449,404
2475,1156,5,5.474150,720
1687,1122,20,12.904408,755
814,1512,19,14.483156,1155
1123,1266,19,19.061029,145
1689,1804,13,14.251043,564
2002,949,19,2.967906,715
1160,1088,7,1.080245,272
2141,500,14,13.301383,1079
270,2355,8,15.126881,886
1160,677,7,10.770647,882
1569,880,12,4.493378,502
15,791,14,11.186545,649
1204,1,5,7.576644,123
63,552,8,13.872972,543
859,279,18,8.924466,176
1590,283,16,19.177599,1136
683,1234,16,10.667975,921
102,1597,17,5.058158,960
89,1333,16,13.908902,1134
657,1287,10,6.642712,606
1838,1094,19,19.587834,1146
2054,1599,20,11.267000,408
2303,817,6,3.265724,1138
440,2314,16,10.330176,570
2176,1369,10,5.206351,850
1087,605,11,9.492944,476
2159,738,12,4.461760,494
1959,393,9,10.330990,182
2095,388,10,20.490186,244
0,1514,18,11.936567,999
212,349,12,15.661393,135
1025,1202,11,3.290712,879
951,540,13,4.608399,509
79,1761,10,0.143987,797
1470,1801,9,14.685292,913
884,1258,13,18.144834,973
1154,2472,18,3.156524,552
1505,2339,15,0.055490,301
745,753,6,14.278436,423
1811,1381,12,1.020703,195
839,1301,18,16.114416,756
785,113,9,2.284324,376
97,1008,6,16.753676,1025
1626,1679,6,18.881090,757
1654,2220,8,19.359765,830
1871,1153,14,3.454265,191
1424,1517,7,14.457734,839
2373,1509,15,10.849013,254
2082,614,20,10.714370,379
1447,1044,12,11.657701,799
2354,356,14,2.007147,818
874,873,17,7.415506,228
173,2334,19,10.343994,351
970,12,16,11.618924,1103
551,1903,6,19.089561,882
25,1877,7,20.392579,323
122,574,6,8.647221,423
2442,2126,14,7.351461,851
2495,2150,9,2.041905,1059
702,2363,13,16.209907,140
1325,753,12,0.155386,181
1189,1207,15,4.166599,405
2008,1270,13,10.053149,603
1556,1847,12,19.992788,1162
1840,2300,19,3.039193,154
2394,2488,8,15.824963,1147
602,2448,9,4.695336,1181
2220,2205,6,14.478909,866
1317,2310,13,11.952607,380
160,237,7,12.180381,357
605,576,6,13.312810,995
977,1387,5,14.550919,1071
1904,1420,20,14.093159,542
879,1044,6,19.175852,1063
1517,745,11,11.857536,909
1955,252,16,9.969156,1010
2414,1217,11,11.828960,944
682,377,8,4.086322,1111
1821,2284,18,1.927865,388
992,729,11,17.959716,860
1793,1893,17,18.932215,996
747,1210,20,0.066605,531
1550,2324,11,0.319469,914
1022,1403,13,14.688890,383
1110,2181,15,12.531196,1078
340,302,20,7.619013,990
211,1018,7,6.613145,851
212,1412,11,0.696546,539
1076,1273,12,8.461249,676
2280,1561,11,0.023887,986
1864,1282,20,6.592696,798
577,1309,7,17.495604,1061
2030,2045,12,15.025431,601
868,1013,20,12.071447,438
315,1806,14,4.813861,117
811,2278,17,19.826472,752
918,457,20,1.104361,483
786,544,6,8.779588,1107
1121,4,12,8.175313,346
1992,177,14,17.911172,169
1104,1511,19,0.678060,112
971,1025,17,16.129774,1055
64,2477,14,17.150986,823
657,2486,13,16.041445,300
1201,1041,17,7.412583,155
528,901,19,3.513592,826
674,191,7,9.320626,135
2457,2320,11,16.223957,1180
1410,270,7,5.837456,143
2180,579,12,15.247962,856
553,266,12,3.451900,1192
698,1043,17,12.065985,120
1796,2206,17,6.791151,1096
46,1267,9,6.224324,952
928,143,17,8.489858,1184
528,1677,16,3.367345,275
141,1917,5,14.953659,258
22,109,14,13.297765,770
1650,2398,14,18.534662,794
2297,810,8,10.891290,122
1969,2494,10,4.884007,748
640,1945,10,13.464479,800
660,357,20,19.937039,192
959,1120,19,11.373448,744
1657,1040,15,1.811350,435
1355,1589,20,0.941794,367
2387,65,5,15.480530,234
610,2167,13,1.203857,856
252,800,17,10.033643,551
1354,849,15,5.849153,1012
192,528,13,9.743245,1030
551,840,7,13.255949,1199
2315,1655,11,6.255126,210
1593,1695,17,9.778841,574
1879,2083,16,17.352562,138
2449,1141,14,14.022782,1139
1905,1027,6,16.857962,772
1474,243,19,20.032257,500
2453,601,14,8.019940,495
1285,2137,15,2.677205,866
1769,1758,13,3.398039,334
375,1374,12,13.454777,284
2446,2463,17,7.409596,559
666,1770,12,5.455521,510
125,1104,12,13.734763,1105
277,394,7,14.046971,785
1896,2337,16,20.159918,1144
2141,313,14,1.504785,821
1816,619,15,18.144388,428
1018,384,14,1.571013,433
1933,1967,6,19.742380,511
809,861,5,14.593088,873
2429,87,11,16.858568,820
1188,1671,11,1.833307,296
959,2133,10,9.201114,698
2239,890,18,7.185996,411
226,167,6,7.336183,661
1095,712,18,7.558233,378
1745,1473,14,5.435694,1016
1224,135,10,0.285930,776
2080,918,8,9.388690,1200
1903,2152,17,6.004941,379
1175,273,15,3.750601,187
714,1825,5,18.279656,153
2306,491,12,0.792838,663
464,1006,6,13.497038,712
1517,996,16,18.706335,830
1961,2230,16,7.630515,290
2195,859,11,7.328632,734
451,824,8,6.251573,235
1759,671,7,2.686375,199
1950,324,20,3.623639,394
2391,2477,7,17.904545,998
411,1057,18,9.250869,730
832,622,18,2.298243,659
207,1103,18,4.901614,867
14,2078,20,13.629139,1145
2453,1995,9,0.041057,1198
1678,1519,20,4.157198,569
1242,626,12,3.628805,942
1250,739,8,15.304287,317
926,2140,8,10.488438,355
302,537,8,7.657408,244
1159,1645,5,15.252028,1196
649,2013,12,14.164746,470
406,1253,19,14.206684,632
573,398,7,2.283971,353
647,412,19,0.702765,491
833,1333,12,19.831411,248
248,916,5,12.104996,1183
2178,458,17,6.592232,351
739,333,6,10.117339,769
2106,2286,9,10.091592,362
1862,1785,10,11.967538,848
238,831,20,4.101091,889
119,1669,8,7.714202,190
545,34,7,8.073631,1147
408,34,13,12.892278,201
2248,134,7,16.929566,538
391,2059,9,8.474729,357
1147,1110,15,17.152628,163
2212,2274,16,3.568536,744
1717,159,16,7.293794,972
2041,1065,5,1.823289,793
1276,1157,11,8.368419,359
1308,435,14,12.681062,1199
2206,1276,8,18.795075,996
1784,149,8,3.045481,724
1847,2301,5,2.341787,612
233,72,13,11.520896,952
1954,13,8,5.402239,306
631,1347,16,0.616400,1065
2127,2137,9,18.244579,643
1507,1160,9,16.564029,369
1840,352,13,14.727527,173
34,1115,20,0.742167,918
592,1412,20,0.886437,1101
2054,620,7,0.692778,431
2377,492,6,12.310886,690
2210,698,19,14.625141,1110
691,1675,10,4.459121,549
1822,1403,18,12.241208,941
1425,2231,10,3.702865,1155
28,1579,20,8.026633,1091
968,2213,5,9.435836,154
1972,1659,11,6.845185,150
2023,1253,8,1.649417,1143
1178,508,18,10.979903,940
1279,1203,19,5.466835,328
571,1884,7,3.203968,405
1371,1381,12,10.718873,669
2163,2402,6,3.834614,795
1347,1618,10,0.404914,1120
224,220,8,19.652631,720
1579,757,14,2.562529,139
750,1522,6,2.524286,781
1548,553,5,1.403888,857
784,941,19,12.369473,641
276,2310,12,2.961462,701
2369,458,8,5.151281,431
765,930,6,2.894145,697
20,1763,18,17.656761,937
2272,2078,11,2.112818,1021
182,2455,20,16.811562,711
331,2002,11,19.619104,363
325,689,10,11.335181,1006
1295,2395,18,9.374370,202
41,2309,18,9.998309,199
1586,1538,14,20.283296,467
763,1864,7,1.050554,516
581,722,12,2.629232,763
1346,1942,6,9.495571,947
2305,2353,14,3.255679,619
291,2486,7,18.404247,453
203,2421,5,2.905933,660
2436,767,11,18.841410,200
95,1587,17,11.174750,1028
1516,424,16,16.749826,515
195,1611,20,7.581131,1043
2369,2132,5,16.968562,991
931,1519,7,17.017686,511
2038,2122,17,14.727788,542
162,765,17,16.462208,1143
561,2336,11,17.794749,552
1703,238,12,5.342538,1026
455,1,8,7.914205,819
262,790,7,15.151056,1052
2136,1935,11,4.973481,130
1037,1547,17,0.540851,946
964,931,7,3.534018,779
1014,574,14,11.694546,135
2301,2086,17,2.942496,281
1964,1170,16,0.674989,865
1679,1658,20,20.339465,1029
435,951,16,17.862448,203
1239,2374,13,4.486489,273
2331,0,11,0.702360,420
1733,830,13,4.943255,285
982,1477,14,3.315450,415
336,1212,20,18.992042,398
1513,1657,12,1.966834,480
417,1290,16,3.139373,364
848,2424,19,18.026036,921
586,919,11,4.958944,302
2306,1152,12,9.117041,394
935,719,15,6.957377,765
566,1833,8,11.147105,188
2013,2269,11,6.060543,688
1898,2186,5,14.779340,301
1719,459,11,20.364801,318
412,61,6,18.558627,805
2228,2006,8,11.025019,733
2314,775,6,0.695555,538
701,368,20,3.970834,704
2228,2167,7,1.925203,122
665,1212,9,2.259181,1003
515,1235,12,0.406006,1052
715,1613,16,12.691665,701
1849,2416,20,11.589665,1002
760,2285,6,7.848892,779
701,169,6,1.000751,634
617,1386,5,5.213352,246
654,910,8,15.542152,550
501,189,5,3.121647,1189
55,2029,10,19.579519,237
27,434,14,8.805362,109
2424,1122,12,1.427310,347
102,1631,14,4.122594,1188
2287,889,5,0.288704,196
349,1108,16,12.371315,383
1326,366,18,8.871305,634
1453,2145,5,10.780983,276
291,1660,12,12.664344,948
803,998,15,7.720821,863
1253,721,9,15.465435,665
400,0,10,19.854945,481
594,32,6,5.202959,423
1937,1270,20,17.979841,899
2070,1709,11,4.608010,288
151,652,17,3.956981,1004
1730,23,14,18.963292,1144
2307,1296,20,11.627470,917
561,1405,10,1.068169,709
326,1405,9,5.670235,713
153,810,18,4.741611,1102
1586,1353,8,18.733507,898
2229,1328,8,10.702797,1200
743,614,15,7.064942,770
765,1814,9,11.334781,373
345,130,8,17.071029,262
1831,2009,17,11.894623,249
1041,1144,9,11.427933,152
1337,636,14,7.195732,474
482,1570,5,8.115789,585
2216,2430,5,1.872288,1080
63,1269,6,6.101469,137
44,621,11,6.021204,598
169,1643,20,10.896983,387
2496,1157,13,0.395813,765
45,2125,13,7.335893,607
855,925,5,9.172569,253
978,550,9,17.186556,862
2403,1538,19,8.516944,340
429,663,18,14.014782,284
19,1187,14,12.813112,692
1775,2271,20,2.539989,1010
1811,367,7,1.902687,980
1162,49,11,3.288674,980
1543,1521,14,14.182135,349
175,1998,12,12.049134,290
1775,1292,14,11.705259,897
944,399,10,8.189016,628
1012,1000,13,0.575058,1121
838,47,13,3.084221,474
965,1189,16,18.815764,655
2407,112,7,18.255901,106
2351,2455,11,4.090953,722
846,103,10,18.607972,459
589,616,10,4.921482,362
1732,1772,16,9.036777,1156
1661,150,19,13.724055,280
262,2053,7,19.815135,190
841,1605,7,4.885264,271
1670,1698,16,9.509382,343
920,489,18,7.069747,422
2497,2099,9,5.263104,521
563,856,18,16.662838,473
2462,1463,17,0.782524,406
1613,923,11,13.824791,636
118,915,14,4.027616,653
1487,1628,9,10.503414,895
1920,932,18,8.051873,995
1195,1469,19,19.948302,612
843,739,13,5.636320,1148
1988,1102,14,14.657854,265
44,82,15,7.846186,972
506,221,15,17.001313,1004
877,1493,9,6.235898,972
1826,601,13,4.175119,619
1647,1695,11,1.999828,613
2016,1407,15,8.921532,959
1291,1330,11,1.218707,1174
1407,1829,16,2.387992,814
1962,917,11,9.365042,502
85,423,7,16.730439,232
2144,613,12,19.923665,220
862,1979,7,11.569368,739
245,2071,18,2.104563,675
31,692,19,17.109282,204
488,1511,15,8.239527,447
1529,1099,18,2.735408,939
2179,1996,16,5.898898,344
485,1582,6,13.018168,850
648,632,8,2.653622,599
1072,1224,19,0.037042,567
1522,999,13,10.741943,464
1201,2172,14,7.854415,1150
391,1172,11,8.166948,370
1775,677,17,6.791943,1114
1700,2107,10,1.244163,564
2259,1399,13,6.046046,374
1946,413,11,18.241643,754
473,1785,11,9.648190,1052
2416,1255,10,4.277693,652
887,336,18,13.818273,1030
1643,1213,12,20.199291,195
2373,940,11,8.427438,311
6,2291,9,10.063946,597
2319,96,9,19.925178,894
607,1069,13,7.695059,952
1205,623,17,14.636601,957
1664,1749,8,19.756862,946
2422,885,7,8.220653,1074
965,1559,9,2.997693,100
2294,1060,12,15.747549,544
1836,2225,20,3.606650,589
978,1561,14,6.245080,633
988,928,7,16.075533,197
1113,281,14,18.181933,494
508,1078,17,1.485943,758
552,369,20,1.285633,642
1147,215,20,7.485709,573
1703,1348,18,15.881432,397
1537,38,8,7.284908,557
1212,867,18,20.327803,104
927,136,10,2.142577,988
2299,1486,12,5.079963,853
77,2449,11,10.151406,1032
1060,915,7,6.114763,134
239,385,19,8.008613,677
2051,2464,12,2.799627,533
1112,1468,19,3.727364,718
1738,925,12,15.152485,116
2061,2447,16,20.378603,1179
2160,1699,14,18.455304,1094
2073,2446,13,18.654969,1012
2340,2479,14,18.458406,1192
1172,896,15,10.557973,172
2151,782,10,13.303559,599
1180,1825,7,11.182506,647
1491,632,14,3.106987,952
843,2462,20,8.372750,786
953,621,17,3.722393,610
757,536,10,8.190775,605
2177,2442,14,2.856494,271
135,1075,11,0.602597,280
1867,1826,10,8.056481,104
589,984,12,14.718282,480
874,2116,20,20.420310,1020
1390,284,9,0.475360,323
2420,1331,16,10.297556,762
2422,212,16,8.497031,919
426,499,13,15.659574,1017
13,1842,11,6.372149,775
2238,1280,19,0.875478,1076
2431,709,18,8.588544,550
2092,347,6,15.430284,650
1195,1276,13,20.049054,847
785,2322,12,18.572744,1101
364,2456,11,1.077281,917
2152,1498,18,15.790580,1093
611,2233,9,5.308600,796
1529,1252,6,9.830532,792
404,1789,9,16.676260,642
1783,2437,8,11.115265,1110
770,469,14,18.378741,807
2024,233,7,18.599579,555
543,455,14,5.435006,632
720,244,18,17.323160,239
60,1062,14,14.948701,770
1929,594,12,12.435806,944
300,890,11,7.631015,589
1686,2075,17,0.676264,707
2111,1197,15,6.383668,196
118,1826,17,5.921718,983
159,897,9,16.815880,475
2109,9,19,6.117208,905
1154,811,7,19.297879,326
2320,2373,8,4.872751,1164
368,1034,7,19.749927,618
2340,983,9,2.016080,352
123,1122,11,11.713043,678
2323,2032,20,0.634125,192
481,353,13,14.095602,650
846,1149,15,16.268386,1108
1102,8,17,12.487043,952
1030,305,17,7.196179,141
2260,1090,14,12.855945,1189
778,714,13,0.072988,244
1054,657,9,0.550267,430
954,186,13,3.457766,839
1110,270,17,11.300174,744
1108,1981,18,20.446215,554
943,550,11,4.937798,717
1881,2304,17,13.781313,1060
1229,2120,20,2.989936,1117
2146,1085,11,16.353480,497
207,340,18,8.471618,137
2313,444,18,0.724892,192
1867,1637,5,10.492629,314
1113,2494,18,3.470812,591
1737,1891,7,17.302271,1078
1498,2405,17,10.571883,774
1326,598,16,1.703127,617
1363,2355,18,13.626094,511
537,1578,20,12.349601,629
44,1877,20,2.181826,1177
509,81,5,3.967651,674
1677,1312,7,2.369584,244
731,116,9,18.815654,1007
1951,259,12,6.332527,729
1137,2218,8,15.223707,824
169,1311,14,8.536144,565
2030,2451,19,7.993524,1126
379,1576,9,9.448235,662
1917,846,18,0.870014,291
1621,1697,11,16.970996,452
1625,895,10,16.959339,402
2345,1208,12,5.924343,702
1580,2215,5,7.298548,633
2030,1816,13,10.831556,575
2006,772,15,2.653549,199
1667,310,11,9.713827,1107
1909,61,9,15.068790,1186
1476,473,12,17.697810,345
9,42,14,9.391330,132
725,1553,10,18.981868,1128
2160,2168,12,1.462635,711
1727,1625,19,7.639901,457
2264,927,20,8.857549,808
439,643,12,9.047355,380
762,75,13,14.268485,597
1577,968,16,11.348337,778
318,599,19,8.279141,983
2317,40,7,11.371423,700
208,93,10,14.420105,223
2301,2375,9,19.815866,1166
2312,848,12,5.310749,1045
1262,757,10,6.170840,397
1697,799,12,13.305434,608
235,433,14,9.694211,1106
1445,2474,6,12.182496,858
2430,2020,7,15.013135,242
1690,894,19,9.896918,1031
1731,2129,14,19.010899,155
1757,2211,16,19.361074,369
651,154,9,18.999934,1143
996,2193,20,4.716396,430
342,2198,14,8.332942,103
972,512,14,0.044210,555
1085,388,18,2.938767,1135
731,1591,11,7.259750,424
733,1542,15,5.993111,178
1609,1680,18,11.440519,1195
2321,512,6,4.295122,398
2165,1903,8,17.644602,778
1092,1517,15,9.181171,314
1253,57,15,1.937687,145
1760,1602,10,3.627097,1148
1061,50,6,2.263434,379
404,51,8,18.056197,568
397,2210,16,10.519996,1147
1407,1837,10,14.660205,175
299,2208,7,3.137747,546
1154,918,15,3.653564,330
242,2184,11,2.155546,349
2394,811,6,4.441889,455
664,382,8,4.616466,715
4,2204,5,18.896251,576
997,1641,10,9.144630,432
1217,926,11,13.064873,397
1581,629,8,3.359531,580
2139,1399,5,19.169814,835
608,1554,5,6.335682,476
1852,138,10,10.920404,554
764,350,10,17.591410,907
1467,1955,14,19.468761,924
282,1421,17,9.363463,560
1135,1770,18,11.786454,826
1314,2427,14,12.673472,384
2334,2172,9,10.278221,1068
1375,1370,19,8.036347,1098
925,1786,13,15.114067,796
995,994,15,8.982442,281
1068,469,8,9.395164,943
40,1592,12,15.856949,1089
72,966,17,6.529893,826
1888,1847,19,4.884269,961
975,940,9,2.707277,468
522,1498,7,12.593473,886
2045,93,8,12.199006,233
1611,2294,19,11.273632,1172
1598,1100,10,12.873127,676
688,1290,8,11.151385,1137
419,963,8,3.644750,584
2077,2205,13,3.403195,730
242,488,7,10.128566,258
2278,350,16,0.820955,659
799,1830,6,10.028492,629
369,1614,17,15.530599,541
1024,2181,14,13.576544,207
31,2279,7,0.553767,285
918,386,10,11.225242,1076
536,582,20,20.494276,180
1552,1209,7,11.621644,417
2217,1456,8,0.897713,436
1216,562,18,18.247842,673
992,889,17,0.058691,1067
735,2423,8,9.634732,852
494,246,16,18.873896,1109
1329,1567,12,5.334951,1055
2466,99,15,2.980643,257
135,1903,20,7.480243,195
1761,2336,6,6.591149,152
1692,1470,8,17.730949,217
280,1241,8,3.298873,472
261,1001,7,18.477659,215
1016,366,5,5.610563,139
947,91,14,8.117345,998
1914,1216,8,8.146776,1123
928,1722,7,5.246967,912
2071,871,16,3.540858,545
896,179,18,9.864846,236
125,413,19,15.721719,1165
2221,31,5,19.639425,278
2108,2311,20,20.470788,640
1398,2329,9,1.806863,1059
2299,1921,5,14.098592,880
309,2334,9,10.194679,1107
581,1474,10,0.836105,753
2370,1202,12,1.390563,704
1581,1522,10,16.036101,263
1701,1269,13,7.728631,400
1587,1735,11,15.604014,802
1782,1408,11,9.965658,379
112,2435,20,15.759520,147
2444,320,19,2.390667,603
2296,2465,17,19.059925,103
1690,959,9,3.316707,490
2098,1880,17,16.703921,585
2156,543,11,9.271440,830
490,195,10,16.608551,619
1389,1949,6,16.108849,173
1916,1503,20,16.982287,775
1830,1951,17,13.966664,551
776,399,16,1.217288,1050
225,1573,11,5.029632,706
1278,1661,7,5.345732,699
2352,963,12,3.367675,191
936,1724,11,14.670807,101
952,227,16,1.902888,1082
473,1087,13,0.103597,235
2253,2493,13,2.108930,1086
2001,1578,5,6.518650,251
2460,2392,19,8.825293,388
2198,1547,10,16.102627,632
2252,1139,10,20.288218,365
1867,17,13,15.925049,907
602,1288,9,12.146044,854
874,1937,5,15.133692,1083
2216,1398,20,16.650001,1062
1086,600,13,19.574748,702
1351,1841,20,19.049836,121
516,324,12,16.814794,504
32,543,10,14.567074,842
2104,233,19,8.669169,906
1896,1353,14,2.240455,226
21,1710,11,15.725495,124
1799,1305,5,10.204546,508
2176,840,19,8.325145,330
2464,1112,19,10.719112,597
2486,2477,12,15.121958,952
1610,356,7,5.146899,1181
1868,1045,7,10.652497,1146
1868,2325,7,11.878225,365
716,2372,9,5.565928,1006
1473,1820,8,11.930518,682
2238,855,11,18.363904,414
695,858,18,15.803035,384
461,747,8,18.257267,607
1657,463,11,4.800149,288
1325,467,18,9.147944,362
1268,285,13,0.362085,1158
128,2424,9,12.626279,302
1615,2220,20,12.273779,969
389,640,11,0.703230,323
263,173,20,20.120638,215
700,1085,15,2.436848,348
868,1029,8,0.655965,429
2059,722,7,19.832191,113
1517,266,7,10.701667,653
1656,72,19,15.780725,1151
166,395,18,0.756466,593
145,817,7,16.260389,239
336,1276,6,14.723810,911
73,809,11,10.399820,647
119,1746,9,16.536388,579
910,1226,9,9.396894,893
527,1103,10,18.712771,519
559,871,19,7.752736,316
1401,543,10,18.924156,324
1645,1258,19,3.934103,570
643,1481,17,7.027855,182
36,1861,13,0.959768,183
1405,1312,12,18.883318,717
681,1064,9,15.615464,783
827,530,16,9.215426,237
2172,24,12,18.974978,175
1967,1604,11,3.436412,740
2259,2116,11,20.054183,860
2146,1710,19,6.723605,570
2358,1955,7,4.166957,664
1325,518,18,17.481934,326
2353,2397,9,4.394157,475
655,2296,20,12.005223,800
463,736,13,2.656689,1136
320,2477,16,10.221137,1092
1738,2100,20,19.177017,1088
2415,1376,20,8.452876,349
1079,1743,7,2.437724,776
2465,662,14,11.342644,189
1440,2380,5,17.167647,232
742,2307,14,8.774594,696
1239,822,20,7.220063,780
901,1672,5,6.720424,489
827,1967,10,13.632629,818
2490,1611,11,5.583760,164
1351,2189,14,8.492398,1098
1665,948,20,13.964399,106
196,1474,18,13.849935,655
242,1792,13,5.773278,896
1787,1699,17,5.035587,317
778,388,15,5.366369,841
2150,341,11,0.662476,703
958,1948,8,9.261470,660
1074,1534,15,14.252950,415
902,1405,5,6.321548,978
1670,1910,11,4.093649,937
2051,118,15,2.893972,360
1866,2009,17,15.345779,529
1747,1797,10,0.941146,299
2041,612,7,17.567059,1134
689,1498,16,1.716747,1046
1461,949,19,7.596129,585
400,1432,18,11.407385,328
768,18,10,2.387088,877
129,873,16,10.011888,585
395,2456,10,18.357910,1046
975,2126,10,10.066061,770
31,898,18,8.801270,894
1399,236,14,4.291302,677
1636,1457,8,1.511677,305
501,871,10,16.931791,583
1886,1647,9,11.468487,1027
1287,141,15,19.366235,648
851,442,11,12.859251,360
373,2205,8,20.156119,505
319,1425,12,2.872445,165
612,1166,5,7.255358,1063
182,1671,8,11.768469,320
2053,610,13,12.390710,1187
1357,723,9,8.751395,1184
1493,1654,14,4.490159,766
1743,1609,12,8.225575,1080
1036,1142,12,16.701304,328
865,1699,6,12.492138,1126
1434,952,13,5.157219,1174
2492,188,7,15.720356,429
2346,2441,10,20.146062,534
509,896,17,11.885434,762
98,1276,8,11.635900,370
1801,1364,10,8.725337,701
2399,825,20,8.759424,666
2104,1855,11,9.069525,334
1961,1683,17,10.087970,996
2238,1997,7,3.365747,760
1640,56,19,9.248217,232
1983,1087,19,0.348711,191
43,724,6,14.693777,647
136,1044,17,12.755877,913
1915,513,5,16.869938,1119
2183,1688,15,1.644843,121
1422,1319,18,7.890745,284
1361,979,6,1.507088,997
130,1973,11,16.667972,457
406,885,17,9.900187,525
713,2223,8,15.718191,747
676,2190,6,0.732577,1104
1331,1615,19,0.086205,162
640,1073,15,2.950659,1034
1456,36,20,7.381567,956
1844,1796,6,14.259651,587
1951,1847,18,18.608727,116
852,775,11,3.263628,978
2088,2267,16,11.585065,599
1342,377,12,13.363855,497
800,871,20,0.338258,202
1621,1024,12,13.357411,208
2375,2193,19,6.698801,991
1644,2434,10,17.975980,925
103,882,12,2.983320,454
1230,1935,7,6.000086,954
467,304,12,10.221703,665
1412,908,19,8.049479,186
1984,814,14,20.148669,639
1324,1768,5,1.355608,714
168,762,12,2.117856,795
885,1621,14,19.207777,1114
441,885,15,10.263121,584
414,82,8,19.319470,829
1325,1749,8,18.257933,377
1613,1135,19,5.962934,748
621,2396,17,0.058931,462
1107,1175,10,17.818979,876
1580,516,9,5.314170,170
5,2226,20,5.113789,382
696,1264,6,12.382958,438
475,195,11,17.091666,642
1794,2386,13,1.857444,761
2430,2054,18,16.144336,399
582,2291,14,6.513447,590
759,733,16,4.438401,217
1356,2172,9,8.463452,431
726,1472,10,11.754706,1004
1467,952,10,7.632539,371
666,1454,18,3.308935,877
1143,1207,15,14.073532,1043
330,313,8,12.259980,554
756,1518,7,0.713971,121
498,2014,8,18.129206,294
1151,1286,15,20.481098,267
1997,2069,9,9.327652,402
1490,1336,13,19.438077,239
1858,1832,5,3.691791,252
213,1004,8,9.580647,266
1673,1406,19,3.677656,512
1814,1951,15,8.426960,449
585,2238,13,5.817158,797
752,561,19,7.185629,419
1973,1717,18,2.366038,267
885,2078,11,0.473164,1096
353,161,19,6.376276,1103
403,1521,20,14.255789,418
2259,2047,9,8.052987,441
560,1874,5,9.624938,477
2019,155,12,13.279409,696
745,2198,15,10.142081,493
90,908,11,11.674775,990
2173,119,15,14.567694,737
117,329,12,5.168344,660
890,596,19,13.171822,1068
1041,338,20,19.058977,1142
2143,1396,16,14.130260,911
720,362,10,13.529069,929
295,1498,14,18.063963,1101
972,41,9,3.346509,277
1834,2167,9,8.606155,955
1100,125,8,16.953763,696
86,662,14,16.145130,576
860,1397,16,10.916306,341
287,1027,14,8.816147,276
1192,2429,11,8.242678,709
1682,1902,20,2.329534,1039
2070,811,9,7.015191,835
776,1570,14,12.604337,762
2176,2216,11,13.317924,1108
1969,627,10,10.627480,921
444,1184,9,0.535785,1056
797,904,9,1.532645,126
2443,2089,10,13.830958,817
1945,1555,17,0.729188,857
2400,1691,18,8.836379,966
1370,1383,9,18.156248,1087
2073,630,14,10.430704,840
1273,836,7,9.042271,1156
388,306,17,13.647551,284
67,610,9,6.355745,208
250,2108,18,15.805339,795
1876,2085,5,20.401313,611
1709,2093,17,11.030869,255
475,1109,8,9.923614,968
1646,653,14,6.249366,1148
1850,2236,17,16.698596,949
833,2272,9,9.991209,225
2194,43,8,8.467966,737
1068,2174,19,6.236481,1155
1933,1666,8,16.116223,308
605,2451,19,10.417119,969
57,857,17,15.137126,847
602,1015,20,12.681175,1006
1981,2391,8,0.389457,1192
1754,1325,17,8.388804,372
2415,1655,11,18.734899,152
286,1813,18,14.702603,804
1752,1611,20,14.866046,735
300,102,15,13.785869,453
277,61,5,1.066202,262
1715,2084,17,17.078564,233
173,2401,6,15.393312,1127
1513,933,7,1.079905,477
2103,2026,15,14.192633,567
439,880,14,5.167379,300
36,2194,9,7.868937,720
1412,1106,7,10.337342,874
75,1843,12,8.194561,899
2170,1775,7,3.254182,940
1857,2020,15,13.179468,1167
1606,203,13,0.251690,283
648,1828,16,2.993960,204
1426,1686,14,19.044183,375
2267,696,10,17.752475,452
2427,1352,17,7.320413,477
1723,2008,7,5.366228,1131
331,1171,19,11.971847,262
1166,2475,14,3.399085,247
387,566,10,15.884956,816
1081,2455,20,4.698436,858
2181,2211,9,17.930167,496
2336,1764,13,8.289714,119
243,339,7,18.592832,157
1434,1100,16,6.862563,643
2322,1365,13,6.189426,707
343,1256,17,7.076757,975
2035,1082,17,18.136727,408
2292,1648,9,10.854440,1109
334,725,15,8.840456,623
745,425,12,9.490253,646
121,550,8,17.710252,651
1907,88,7,10.187623,674
1701,1959,19,9.858122,965
90,1935,10,19.119381,1088
296,1887,9,0.081438,557
1007,1915,12,0.386511,247
2152,1993,16,11.281265,643
1438,148,10,15.807503,901
1888,1994,13,4.088387,935
1398,392,5,6.578594,1186
1754,361,11,5.567813,141
462,1610,13,18.853270,1121
2397,1044,7,13.846801,100
637,335,5,8.960551,765
541,482,13,11.105180,595
514,742,20,2.752383,304
2383,2376,13,3.103243,1068
1545,32,18,0.027102,425
2142,1464,11,17.128755,826
2256,1354,15,20.083173,438
2015,1043,8,6.019090,1041
957,2271,8,16.779007,440
1384,1240,9,2.547668,349
312,1396,13,12.130857,279
1099,2357,5,2.276638,516
1061,2413,7,9.683753,462
2127,2418,20,1.666162,241
2099,565,20,2.614420,1012
1454,1387,10,5.359133,1038
1285,363,8,1.403015,470
1200,1797,19,7.373742,551
67,115,16,0.357107,976
1983,734,16,2.822589,981
2281,1050,19,9.787493,580
1410,689,18,17.373578,869
118,1824,9,3.652232,1089
922,1321,11,14.866141,989
2115,1416,8,16.894413,663
1624,974,12,12.214850,251
493,441,12,2.778276,349
1350,1910,9,2.672619,386
705,2025,5,1.492656,104
1780,843,5,18.693367,374
1582,480,8,8.329694,1152
178,1363,7,14.970520,1193
1788,763,17,15.723600,607
2466,2338,19,18.908538,412
295,1202,16,2.553866,1065
1461,314,15,17.478686,711
2470,136,10,20.149917,779
1622,1955,15,8.781460,725
2364,1586,12,12.769820,517
1644,2024,14,6.194970,201
432,1027,11,14.637508,910
51,315,6,5.742782,566
379,283,15,15.390371,782
1408,2310,17,13.343305,1020
2267,1784,19,10.865202,1117
1844,679,17,13.718381,988
1169,2284,12,3.290783,161
1289,46,5,16.205980,151
1893,929,15,9.335781,360
2025,2109,15,18.558870,121
522,1903,10,8.308117,114
339,2439,8,14.715349,160
1667,2353,12,5.825996,1148
1020,1231,20,3.178252,1170
467,746,17,7.700166,1004
2231,1341,20,5.808158,654
456,821,20,1.288295,361
1188,1050,19,5.557197,224
1998,308,13,6.643408,253
636,1525,12,19.984101,866
493,555,19,10.580303,954
1088,624,6,4.885143,195
761,926,18,3.262650,1106
2026,34,9,17.326727,170
2365,1393,6,3.870290,714
2397,348,16,20.178526,176
888,677,19,9.996210,208
1339,2215,19,6.551639,783
2455,700,12,11.978580,1095
755,960,13,16.781702,188
60,897,8,5.829046,694
1990,1619,6,8.372015,936
1616,794,20,12.734888,678
1720,1095,20,20.129359,890
2078,642,15,6.599735,922
2422,1926,5,17.455712,298
1957,396,6,1.710042,962
1446,1417,13,15.632214,948
2014,556,18,11.153147,930
2070,1984,16,12.900689,628
222,1501,18,18.678717,1079
787,2378,16,3.126553,1137
2028,932,20,4.497669,164
1410,1453,5,1.158822,634
198,839,7,13.009913,197
222,971,15,18.779717,1016
536,2414,7,9.410047,851
1835,305,17,11.571011,1107
1130,276,11,12.520431,535
228,647,16,4.781059,105
2282,2112,20,10.363145,857
949,1347,7,8.562715,338
1148,854,19,18.562064,225
566,1989,18,2.632555,698
304,312,15,1.396228,155
409,2106,16,6.824849,998
954,192,10,18.008682,573
1266,677,6,2.438873,395
237,2434,8,7.139503,562
1842,1397,16,2.042150,721
1847,1248,20,12.048314,1107
132,435,15,20.448422,1073
1264,1004,7,8.471533,681
718,1731,5,1.517562,1060
772,1507,6,6.718465,457
1326,84,9,11.885752,748
2493,2363,6,12.294934,751
427,873,14,6.206925,182
2201,1883,15,20.117742,585
216,2373,6,14.303349,453
901,1567,17,8.473919,418
46,1994,5,11.391850,576
2424,1566,9,10.988939,459
2225,1089,18,8.493410,591
1099,1308,16,14.180154,300
560,1125,19,15.569662,666
1763,1598,15,17.472913,1049
811,1569,14,9.458806,763
2036,1948,17,9.807327,554
2483,159,9,1.249309,729
237,2484,14,11.175770,188
439,135,13,5.145048,564
783,2018,10,6.045780,198
1911,673,10,9.262164,547
92,624,18,4.644197,637
1505,631,19,4.085338,510
2052,1140,10,15.766962,498
348,267,5,3.836718,884
2244,1937,16,3.574540,1130
2437,1361,18,11.574191,812
271,644,17,8.425188,331
2309,1588,7,5.725044,1169
777,1388,19,4.493560,1191
933,1838,9,7.249422,923
868,2392,12,8.922229,154
1181,1165,9,10.191673,1136
1392,1318,15,12.941509,419
501,621,18,17.903764,416
451,125,7,2.559624,194
1623,1441,13,19.692846,482
1070,287,9,8.913886,188
1919,1369,9,2.018771,370
2014,1113,15,18.463865,342
1910,1723,13,20.350523,1108
2350,479,20,14.132007,204
1872,1347,19,4.663750,336
1687,785,14,13.735831,952
809,1054,12,11.959745,909
1078,262,14,1.247826,289
939,1251,18,15.813106,401
444,374,11,0.068152,203
252,889,17,17.158671,488
1636,2269,7,0.491662,865
2233,1100,10,4.618680,808
272,574,7,16.660176,1038
2276,813,9,15.155123,656
2179,174,10,10.159940,396
2480,1567,13,20.086041,678
2483,1348,19,3.232090,1163
535,1631,18,1.439787,509
1945,1752,17,16.286905,632
660,911,16,0.954539,935
2355,1504,9,3.970517,297
2206,333,6,9.588864,740
2182,2388,8,9.350041,1148
2276,703,17,1.803475,125
1693,1173,5,10.060966,663
1895,47,12,14.200626,1188
317,1015,8,6.226076,231
1716,760,13,15.459594,162
1409,132,8,7.928466,197
404,800,8,17.475126,813
761,935,5,14.029311,169
1664,379,20,17.394496,1138
1460,1889,7,20.439945,145
1184,1112,16,1.941991,1197
1055,2498,13,11.585931,296
284,1209,6,8.217683,1060
1461,185,11,1.348401,750
2396,2301,11,11.300388,123
1641,1515,19,0.199983,701
470,525,6,9.284111,534
1296,504,19,19.316308,254
1,1927,15,15.789413,438
382,1988,10,0.553169,1124
1191,1245,17,3.950124,1028
1875,1674,7,16.189455,141
1867,1512,6,12.347949,395
1426,1848,5,14.075844,392
2009,2191,13,14.467480,354
2396,106,18,15.035800,117
269,2194,8,15.416444,298
427,22,19,5.422234,197
1154,1591,16,20.294680,623
293,1318,10,13.843847,306
1899,1510,8,17.655982,471
910,133,9,16.315904,481
2071,227,12,18.058252,117
445,1192,14,8.857056,434
1273,30,6,0.120279,992
418,870,18,7.618008,147
2034,260,15,15.507619,324
503,970,8,13.633309,1193
577,1930,7,3.229081,383
1152,1141,18,8.712600,648
1715,729,18,14.947567,478
1440,660,18,19.201794,463
2210,432,20,18.347867,1043
320,605,7,8.934858,1174
480,1128,15,9.327366,143
1024,816,6,1.816048,580
173,990,14,9.182892,106
2197,1027,15,0.423842,431
2241,756,20,14.662695,861
1757,677,17,13.315215,439
642,1637,12,5.048691,905
2303,1485,8,19.841292,1197
1492,1497,17,10.532744,159
2285,483,8,13.335401,777
817,124,10,10.167965,869
1263,655,19,20.376631,178
1093,68,12,13.097019,750
1555,745,8,17.811547,922
1736,2350,13,10.342498,1044
1666,219,15,14.503535,856
153,456,10,18.503418,942
1768,2303,13,3.602348,1116
399,1760,14,14.489908,1066
1463,2395,20,19.333109,438
2081,586,18,9.323267,487
1840,2339,12,19.878302,1185
1525,100,13,14.693389,889
1118,1168,17,6.608942,659
1277,204,6,16.177453,767
2496,602,19,8.497227,108
29,550,15,10.530374,979
2072,2054,12,14.200839,442
20,2310,20,6.716944,519
2095,753,10,6.862668,537
1375,504,10,18.244580,589
816,2333,10,19.354320,343
741,1347,10,5.094706,250
1438,724,20,19.521161,383
1026,947,18,3.433743,523
1098,548,17,2.235905,100
902,2445,10,0.030523,1031
1167,569,15,12.055918,385
522,614,5,20.156951,403
401,1438,12,6.107310,414
1905,345,12,9.105655,261
172,504,15,20.290858,664
849,972,8,0.454359,175
2494,1903,11,10.299169,228
1969,1961,7,2.856381,114
2257,24,10,7.211644,302
1450,1998,17,11.193853,475
767,617,18,4.642465,1116
1181,611,16,2.825311,140
1439,1749,12,2.540174,962
1652,2485,16,6.773785,943
1882,151,16,12.681464,504
740,1138,15,10.136512,1125
766,2442,14,5.592467,1032
2379,2194,9,6.751263,278
87,2312,20,2.510400,1021
1333,357,9,5.751185,885
1085,284,14,15.795162,378
1176,564,15,0.576760,344
1360,2380,9,8.717831,936
1325,156,9,20.236810,687
2460,83,11,8.173368,448
445,473,13,12.085907,187
548,1220,16,15.262200,536
851,286,13,4.145773,1016
1456,2418,10,19.308603,1140
1894,2074,9,19.781380,510
1440,998,9,17.299106,1071
1263,1544,12,14.275644,304
1683,931,18,9.432644,351
791,902,9,6.732457,739
619,1133,12,4.899711,208
2488,1034,11,3.482714,824
428,1115,10,2.312675,846
783,1440,12,7.864856,212
1124,846,6,5.754396,326
276,1889,12,3.190618,119
910,1690,14,15.622116,717
1244,720,10,6.737060,954
1951,2215,20,7.856155,1115
2082,1396,16,1.405680,118
944,1432,12,7.931061,220
733,1164,6,7.665600,278
1635,1897,8,12.034307,635
1167,1791,18,17.072800,238
1457,2337,7,18.534632,161
2100,2088,16,13.707702,875
1433,681,14,2.825780,1133
1542,1904,15,15.594688,349
1781,500,8,20.185314,202
1603,2213,16,1.569910,331
882,2146,8,12.729517,729
2239,1751,19,8.178371,616
2074,2484,12,3.728224,823
1501,1904,10,15.757703,1071
2319,503,9,16.008859,896
625,1336,20,10.980840,216
2390,1041,20,3.647406,1132
9,635,6,5.652388,856
2342,1419,18,14.323826,680
1529,1185,8,12.449630,249
456,1501,13,2.377477,820
1334,1459,7,0.860504,216
1154,2070,10,4.185552,373
1655,38,17,10.000113,239
859,589,15,3.722273,814
570,1660,5,19.636518,427
499,900,16,6.591632,243
2326,926,6,14.693049,1171
335,1196,17,11.198582,798
1779,812,11,15.206389,845
957,1498,6,10.499391,1069
2341,566,15,13.780359,1099
2252,409,14,5.572361,791
2289,1678,5,2.405870,877
1086,1802,13,17.382418,214
2104,845,12,16.941878,654
2006,2421,5,7.990433,670
491,1791,7,18.138023,1139
1737,2238,10,9.580819,1081
852,1700,10,3.045711,374
636,882,17,7.077892,629
399,1973,11,0.688623,883
1073,1534,8,2.604835,1019
73,770,18,10.637270,423
308,659,11,0.298295,267
1536,18,16,5.510971,175
306,900,14,4.581482,273
2262,31,15,2.688072,116
1931,2015,9,0.639306,521
2330,594,11,4.973559,1018
801,699,16,15.748301,540
1910,1671,20,8.640194,437
1200,506,19,4.124284,691
697,1437,6,19.293109,962
568,1138,17,10.509013,493
1230,470,6,16.521074,930
670,69,12,18.571594,694
539,592,6,13.994266,1182
1403,752,18,16.451589,1084
1416,38,7,4.806851,209
897,1398,19,7.376576,141
1544,939,5,20.150788,764
2266,118,6,1.841637,225
1296,41,5,13.833894,480
956,1234,19,8.325849,728
1718,1082,17,18.241923,361
1768,1805,13,19.957111,171
1190,2014,16,16.004982,969
726,676,20,8.683874,273
581,2257,5,10.086661,965
1858,1500,6,7.738719,802
1859,670,10,5.131600,194
291,1925,8,7.751153,1063
1698,487,12,17.226514,256
2017,1909,6,4.263258,165
1493,547,19,18.716756,626
488,31,13,15.023331,1031
540,322,14,16.407814,143
2250,2324,17,6.749789,766
926,689,5,13.756517,339
1894,1406,6,17.814252,270
1539,82,20,4.378840,220
670,1654,15,5.390664,773
1692,842,15,15.923235,946
1155,2308,11,5.035572,958
237,2033,19,0.081863,604
560,440,6,19.636405,271
1540,257,15,10.543383,1116
1216,766,14,0.994025,1087
1290,1856,13,6.238705,164
2003,940,18,0.681082,908
860,1656,13,17.315868,780
1059,2495,6,1.798421,492
1151,672,18,8.012896,440
1780,2270,15,2.799349,602
1324,1246,19,15.872340,582
1657,827,7,12.430413,549
50,1615,14,7.074873,254
114,785,9,5.845484,297
1975,964,15,2.950948,938
1043,1839,15,14.626191,658
1788,1824,8,13.450783,145
2031,1647,10,9.661152,880
2493,2413,19,14.300053,808
1195,2168,8,4.145233,595
358,1398,15,16.249147,645
1659,1498,15,18.688296,1189
595,888,7,16.098798,543
747,1668,5,6.132273,769
262,42,8,16.248533,454
979,550,15,12.098942,441
223,1782,12,0.548218,437
1996,303,8,9.969195,729
1278,563,13,5.615567,951
543,1457,16,4.136545,1063
364,388,20,1.839978,964
973,583,16,14.776304,1056
359,1029,12,5.453321,983
1754,948,15,15.411513,356
580,1691,9,14.841750,946
189,586,20,6.617627,936
2029,756,16,16.689979,549
313,637,11,16.106543,598
500,1906,7,17.404385,973
2178,1454,17,2.316474,1150
586,718,6,0.767130,644
812,700,19,7.206015,1093
2274,2053,8,12.036940,674
1052,1047,17,5.292811,1022
1739,1829,5,9.940818,572
1624,274,17,19.137480,345
1092,1677,17,16.809628,447
1824,0,16,13.338804,532
1795,2247,5,14.115616,925
1932,194,5,14.952862,830
904,2112,8,1.377535,990
2377,778,13,11.259130,1039
1745,774,20,6.988661,499
681,2389,6,2.785416,824
783,228,5,12.960599,772
1767,487,6,18.316500,600
500,141,12,6.708056,102
2202,2270,7,18.834780,156
2169,56,10,6.929342,684
538,2134,9,0.384595,473
5,358,5,13.264935,971
85,123,19,2.686838,279
1900,592,13,17.074892,383
1248,428,19,11.450298,905
1222,4,11,16.727395,811
196,1565,18,15.372526,679
1350,1981,10,14.378617,157
2271,14,7,7.696747,946
1280,239,17,2.614519,474
1900,658,13,0.641946,244
2094,1530,7,16.521007,325
795,910,5,2.721700,1200
1320,2006,6,7.260249,712
397,1993,20,14.731632,1021
2390,1678,7,5.049602,329
518,2007,7,6.552416,846
986,1847,14,4.302997,271
752,1000,20,17.057396,507
1651,1228,14,7.805292,588
1878,2196,13,15.702184,317
2270,1908,15,20.314622,786
1591,389,6,0.801550,430
1102,2228,7,5.847907,945
346,2106,11,2.614703,788
1386,1060,18,6.429494,766
1399,761,5,5.758391,1139
342,1950,8,8.395499,357
1300,1742,20,17.336725,1154
1784,1361,15,6.798956,648
784,799,19,18.129794,327
2115,670,19,9.019005,1174
2447,1790,12,4.241477,873
282,1788,14,1.858881,582
580,159,20,1.305001,748
900,1022,8,8.745698,764
2346,126,14,11.072372,751
2332,1698,6,10.521280,1042
478,194,15,6.723093,107
105,833,12,16.652889,440
743,1600,16,11.943152,987
635,492,8,12.115835,859
662,1086,18,0.861881,1012
951,2301,8,8.846271,529
1925,891,5,0.130563,424
2208,1592,18,16.324063,775
2291,1369,11,4.156942,615
1539,1432,12,16.162458,601
2485,1100,18,5.456121,686
479,791,15,14.802761,1030
1052,1882,16,0.559516,1085
1169,698,12,7.889573,1180
2218,2217,14,8.281228,1059
1584,2324,15,14.533066,301
2475,486,5,14.204534,563
2145,1743,14,16.727076,231
972,1532,8,4.145291,692
1059,911,20,7.924458,337
1499,1402,11,17.863904,298
495,1354,19,0.803074,836
1238,1157,16,11.570056,522
214,2422,16,11.586145,612
1709,132,11,7.292993,1200
1441,1995,15,12.849296,1103
1696,483,19,10.896353,1093
1708,1563,5,13.439085,1108
2354,1483,8,19.581836,357
945,179,14,14.799247,476
914,132,13,11.349495,879
235,824,19,11.528018,254
1846,1849,6,4.441035,412
749,437,5,3.945181,630
1146,48,18,0.415669,334
531,1711,19,6.488449,612
849,679,10,16.169661,195
963,2060,12,5.913074,729
533,2109,5,9.107965,348
2088,1383,5,15.039938,410
1821,2203,13,13.064231,789
670,1026,17,6.584403,309
1204,721,9,15.766050,828
1835,1918,15,14.963524,237
984,190,11,6.381515,1046
1507,1112,11,7.183576,707
1652,1324,16,19.419051,245
601,140,13,11.299024,829
505,1159,17,0.052028,663
476,1741,7,14.687001,847
1990,2321,17,17.714919,659
148,1707,12,0.254543,568
2070,2372,6,4.158295,1093
314,1550,20,19.409725,753
1759,2367,9,14.431104,875
1828,1470,16,7.876930,678
1520,1169,20,8.450384,988
1696,266,15,19.727807,449
425,963,13,0.272058,1153
708,1461,16,0.460251,679
1818,2115,19,15.022461,703
540,1201,15,15.260723,802
11,1752,11,5.646904,398
324,987,20,6.895231,466
1974,1163,18,13.794238,1006
510,667,14,6.598951,601
1174,1376,17,12.395877,926
2431,2021,7,17.392616,1098
190,2403,20,13.194035,491
830,2312,6,10.726166,177
1256,1300,14,18.602237,866
749,2456,16,14.499602,545
1443,1533,20,10.323681,1102
621,600,20,7.207293,180
1220,2142,14,3.118410,1145
673,1195,9,9.040303,1008
2431,1273,16,6.772524,739
980,1586,5,3.153319,833
1383,1232,15,20.486793,897
1123,1181,19,7.436544,1128
1721,2061,6,10.136658,511
611,2475,18,19.931130,577
93,1645,7,0.021656,101
550,775,10,13.168418,119
1308,1992,11,13.529943,686
255,926,19,18.114711,1158
254,1233,20,3.201106,846
1064,1260,8,13.241926,862
898,1436,6,20.059953,331
2487,2279,11,17.973727,1066
350,2150,20,11.362080,635
444,1493,9,2.125071,411
1345,2174,18,9.744307,1024
280,0,8,2.902769,1118
1263,1472,15,9.481097,597
2406,43,5,6.585183,113
1930,2453,10,6.961610,1082
1780,625,11,12.775420,359
2012,145,11,17.352933,839
2024,1278,10,4.452893,760
944,2301,19,5.170112,905
16,2386,5,4.723196,697
2489,1772,19,12.336563,256
2372,283,19,6.919945,583
239,955,14,0.618888,386
2168,1386,11,16.734891,552
298,129,14,10.485755,1183
807,1863,14,14.720938,995
2452,2432,5,19.602820,413
2197,2253,10,5.463384,1088
2142,1566,5,20.018140,319
2006,1962,10,10.179927,185
2270,1719,5,1.589770,158
1403,1037,8,18.789080,1169
800,163,17,10.325316,299
1842,953,17,10.118616,584
2458,1386,7,16.164963,947
1204,1481,5,13.783576,1175
1895,734,16,14.561777,401
761,313,15,1.329110,681
134,226,9,4.790321,922
108,2071,12,3.213862,513
534,544,5,2.578365,1089
2239,1691,5,1.817915,664
2105,1246,6,6.716519,463
1252,1168,20,0.296984,931
742,2459,14,17.984762,280
98,203,10,4.927248,829
769,1500,17,13.783102,1057
1600,1729,7,12.616710,747
540,1343,10,0.820779,495
2060,425,20,18.125293,860
464,392,7,2.630290,293
1660,1971,18,7.806223,1108
1276,534,5,2.000411,591
2338,1140,17,17.178839,363
26,1519,20,15.268383,1042
2480,74,20,0.098401,338
1660,1323,9,0.758844,846
1894,1926,9,7.601200,382
1391,1135,10,13.236548,1048
2146,1552,6,18.105236,566
98,2167,7,9.179525,864
1002,738,9,4.025274,474
2350,1574,18,8.674003,565
1965,2283,14,19.995214,931
1320,2219,9,15.546679,1009
1038,1134,16,13.793873,516
1440,2353,11,14.893309,638
820,824,6,18.688474,217
630,881,10,5.352846,850
2271,2259,16,14.259206,276
2152,1225,12,1.401167,1022
221,1500,9,16.017009,631
1157,277,5,1.899330,595
2031,1633,20,10.122469,676
1680,2338,5,16.509449,904
741,980,12,10.185600,961
160,1352,17,7.431295,481
1785,1053,5,9.701764,951
2332,2175,12,2.665873,364
2233,1269,18,6.516321,1071
852,162,7,9.279941,760
2435,908,20,5.020432,1102
979,2086,19,13.343178,222
279,140,18,12.071582,681
847,2476,8,3.998714,773
2311,835,15,7.891287,1147
2309,362,16,7.924051,552
1254,2083,10,17.404415,585
2018,794,6,0.482994,1174
1353,762,12,12.620829,859
708,450,5,8.539030,255
1590,2202,19,11.496995,636
1661,408,12,11.325851,459
585,942,8,13.346604,507
294,1062,5,3.588950,999
790,355,8,10.394628,704
250,1532,9,12.541759,658
712,1441,16,11.682125,772
2023,320,13,13.906048,865
1436,2140,12,0.304742,1153
1844,991,12,0.564130,899
963,988,16,3.943991,818
2118,1605,17,0.657453,676
60,1813,12,15.009653,385
612,2425,7,2.459736,531
1568,27,11,20.211161,1144
1101,565,9,6.376877,692
158,2041,10,11.652407,576
1405,308,19,13.662272,901
944,803,16,9.460803,667
930,1570,13,15.645081,881
1887,791,20,12.911404,343
139,1771,7,12.977958,785
1834,1633,18,15.793603,1043
1511,1592,12,12.841059,393
1266,847,11,18.616672,827
828,968,12,1.808880,356
699,1103,17,11.319785,925
544,1725,17,2.829058,309
356,1737,19,5.096906,923
978,1146,6,9.375298,532
1229,2276,19,13.599508,601
2041,1671,14,19.707704,416
1864,871,19,7.369945,590
1327,551,20,10.013114,270
886,777,12,1.793654,502
2419,61,5,0.921267,1158
959,852,9,15.059826,191
1354,2045,8,1.441509,893
1355,52,14,10.769770,533
921,495,11,13.001665,557
42,221,8,6.703883,129
88,2451,13,14.765129,963
310,1969,17,18.925085,368
139,1132,11,8.411290,731
2202,1306,19,20.224244,1194
1159,907,14,0.590312,471
2358,289,11,5.987665,994
2442,823,18,11.043066,518
2409,2036,11,0.514388,894
1773,2309,9,18.664887,1052
866,2492,12,8.694709,355
832,1092,8,9.675985,193
2305,1999,16,13.461415,673
1339,173,20,19.949837,672
173,1406,5,15.302924,353
498,386,18,14.428792,976
713,687,10,3.882331,1174
1141,1541,11,10.606383,597
1069,2120,7,5.169778,1017
300,2325,9,2.801454,889
1781,368,8,12.317697,463
1494,1298,9,20.189924,465
1890,5,5,16.585073,425
1444,1677,13,16.955827,322
228,2209,10,18.657719,862
1791,1577,18,0.857224,580
439,1891,16,17.664510,705
1424,2227,11,20.345668,1191
2153,1506,13,11.921701,400
210,1505,17,14.821991,365
1487,1896,17,17.767863,404
841,1580,13,9.779754,876
2454,1109,15,3.852809,819
2397,2296,18,12.663888,322
467,439,10,3.504058,131
2058,1452,19,14.548952,745
427,1465,20,0.435265,745
846,1637,13,4.904525,289
950,1829,12,4.784103,758
2015,372,10,12.293701,193
247,1282,6,19.462857,118
769,780,18,1.020685,213
1408,1347,11,9.816116,914
680,1680,20,9.598137,112
728,487,9,3.715030,112
778,249,13,9.991881,1123
2164,1073,11,5.290933,563
784,35,5,9.006954,432
982,1563,15,8.188312,1059
949,1253,6,7.447323,163
495,1584,7,19.703864,796
1918,442,19,8.977298,883
1833,2346,19,6.583573,570
510,479,16,12.215679,478
1451,1479,6,19.557684,611
1812,2168,13,17.605210,723
274,14,20,1.731182,319
2417,1458,12,1.839291,636
1901,85,19,8.427618,252
1664,2111,14,2.233294,165
917,364,17,12.203162,1002
2298,878,7,3.032767,630
2420,1492,12,1.676425,993
1099,2458,10,11.173247,611
260,160,19,8.524590,732
1196,1967,12,16.733002,694
1712,1090,6,7.367644,548
1823,1556,20,10.384280,710
1316,424,17,17.035610,159
1940,653,20,6.541195,143
2361,525,8,8.524383,938
2429,1366,18,8.930107,600
1281,1664,16,17.047589,401
86,1035,17,9.998898,489
2152,535,6,6.873724,191
942,2154,19,9.459976,217
583,1065,7,15.578459,288
2049,2189,14,16.790913,261
27,592,17,13.039006,783
1240,845,15,15.669533,291
1290,1239,11,7.243708,1056
1427,1223,9,13.090817,1073
866,551,17,4.162447,348
1024,848,5,3.363492,826
2443,1019,17,2.399458,306
2215,1824,16,4.807369,859
2008,2204,5,16.190143,193
399,1576,5,2.685036,1114
175,446,19,15.150649,480
1495,1274,10,14.813392,760
77,419,7,5.556860,327
2426,132,13,18.299316,1036
740,734,15,19.438302,869
981,1642,20,10.329018,352
561,1763,6,19.100577,184
1476,2096,10,19.081632,802
1151,599,19,14.054187,626
2222,1784,14,10.251625,942
2138,863,16,6.785270,939
726,2201,13,11.034832,142
1968,1219,17,11.320183,955
1098,1869,6,5.788258,1066
159,301,19,16.396247,179
1553,219,12,2.308480,363
1760,950,19,0.312045,388
2366,432,16,4.525595,627
1289,1232,7,19.358565,1200
1802,1835,13,3.439347,678
1203,397,11,1.773052,1183
1643,1460,20,7.077939,1166
175,1790,17,15.365865,425
2498,1557,10,20.229371,333
1765,297,14,4.607742,1060
1575,1369,14,12.257482,1026
377,1601,13,0.841131,1138
1115,209,20,17.686029,273
119,1875,14,1.564297,232
1075,1530,8,8.910026,1090
809,859,20,3.471790,655
1986,133,15,15.011611,1081
834,1810,5,11.010189,869
762,2471,20,15.891628,642
1026,1275,12,12.977196,329
1733,820,17,17.895534,235
1408,40,16,3.523907,716
2487,731,19,12.300157,510
1781,572,15,8.543642,868
1819,2267,9,5.187074,524
2121,2287,16,1.073084,582
288,2210,19,17.512916,295
1824,608,19,0.226154,800
168,1785,11,2.651004,975
260,9,14,14.050885,977
645,109,12,6.184951,270
1030,2448,16,13.429100,877
1412,1960,18,13.030064,1140
61,15,15,20.151821,591
852,877,16,2.376676,1037
504,1526,16,20.116366,670
278,1973,14,10.868490,529
440,1892,9,3.607125,354
1308,1148,7,14.290506,925
1981,1614,16,0.654009,495
6,2281,19,15.406221,810
870,312,18,18.691909,893
1067,853,9,5.526726,826
463,2379,16,18.346932,525
1512,2498,19,7.196139,203
758,239,10,8.915698,851
2395,904,15,11.070752,302
1324,569,12,19.731770,691
741,1057,11,16.226767,412
301,1855,18,10.554769,827
2130,655,7,18.983036,742
1976,2007,16,0.325336,945
2286,1208,10,19.614060,497
215,240,12,4.071215,539
1112,2313,9,0.724998,790
388,2094,9,15.819201,563
2333,497,14,14.408244,478
143,2026,5,5.545283,128
1919,265,18,2.978994,675
1623,903,8,4.649251,822
2074,486,18,16.527526,354
1062,1364,8,13.117841,492
718,816,9,8.802418,521
365,834,18,2.140613,122
424,2389,14,18.075053,217
1580,290,10,0.914396,804
1640,1139,9,6.980878,359
1822,1063,6,0.044765,192
1102,1859,14,17.803790,873
858,937,14,3.479514,904
2022,816,18,5.614423,130
2120,482,8,8.584689,214
376,1017,18,18.979977,326
24,1812,19,1.482873,294
280,1396,19,13.071759,1185
2209,503,17,14.499772,663
928,477,12,17.016728,317
528,964,8,10.221696,1013
710,1419,6,11.285401,936
1940,659,18,16.988229,1023
296,2435,9,8.218510,268
2223,1575,16,12.707114,382
663,1906,16,15.671853,314
994,704,16,16.348388,461
481,2234,6,13.189250,372
301,879,15,6.066592,270
1297,1804,5,2.184810,801
2371,1827,18,3.081688,218
2060,467,17,1.380786,1097
2087,715,17,16.095875,533
654,1740,16,11.329299,309
208,1445,18,3.274589,101
2269,2085,11,14.580571,432
1065,376,13,16.077649,829
2356,1622,20,0.948975,680
963,856,5,8.941815,885
2300,569,17,19.815866,289
1443,252,5,14.237924,969
231,874,5,4.811331,1067
1173,778,8,15.597910,510
2276,1507,11,15.676674,655
1772,1405,11,2.400004,791
880,960,17,6.218636,954
2050,399,18,17.155889,762
362,1776,15,11.708545,861
1196,146,5,6.370659,115
74,1909,6,7.411149,536
2370,834,8,1.761318,816
1142,1078,17,13.756694,265
1910,1864,16,18.785062,697
732,145,16,0.548091,1082
1176,306,13,0.436128,418
2153,974,10,12.002160,766
1555,193,10,9.538807,952
1519,1572,11,20.425477,580
1604,1880,16,2.524645,667
2307,281,15,18.871713,431
736,1008,8,15.833899,285
662,861,15,15.364138,474
1820,788,14,3.621212,732
347,1671,10,19.518191,488
2266,1119,13,15.940053,206
1300,254,12,18.105373,925
321,1348,13,12.002582,520
22,1643,11,18.535788,1101
1652,2451,19,9.929687,799
408,235,10,18.933107,832
1921,596,9,13.890207,265
2335,971,12,10.658238,511
1907,301,19,11.748107,443
1993,2467,10,1.008786,1014
1725,118,15,10.421235,791
2332,715,13,5.127510,398
1473,2155,12,18.160369,1135
1265,1456,13,8.817808,340
1870,514,6,20.413806,1021
1841,1778,18,0.660131,1173
1353,1366,13,12.747954,175
1686,1546,6,20.052196,1103
41,454,5,11.092601,671
1058,158,18,16.165062,238
339,664,7,8.078707,446
2444,1994,12,11.679645,877
2044,1222,13,4.026155,943
1908,1137,19,18.019465,997
1352,2265,18,7.564514,179
1136,622,9,4.884790,504
399,640,19,4.369946,650
1330,719,19,11.934666,510
1754,113,12,15.837001,368
1207,1563,9,9.026111,1055
1349,662,16,3.262025,1108
1887,870,10,6.211070,505
853,842,6,16.266763,908
2390,2080,9,19.047575,648
1222,1401,15,20.125287,882
1399,2227,12,7.115233,127
2400,2462,19,10.994821,418
2006,842,18,6.530578,199
1134,525,19,20.138563,992
533,348,19,0.751804,343
2194,1716,20,4.516858,655
1134,526,5,11.003272,110
2419,408,14,15.934678,1148
2095,1761,11,18.787180,1053
2287,1155,20,12.093902,741
707,1160,11,18.848880,1154
1368,1192,12,17.598406,233
75,2262,19,19.992997,1073
495,1280,16,12.069702,1117
1532,431,5,7.813735,623
2058,1000,6,0.363621,385
1688,614,15,1.432213,178
2202,793,16,8.562184,781
1680,977,11,17.657720,854
943,1504,20,0.781119,248
459,178,9,12.232213,559
1967,193,19,10.365155,1169
2024,607,6,1.466049,597
1282,962,12,9.013393,937
2331,1600,6,13.358439,565
2067,606,6,13.627748,161
123,997,8,11.429711,306
278,862,14,11.961296,590
95,1737,7,7.579168,650
630,864,15,14.390702,798
2073,728,5,16.868725,323
885,944,6,5.747247,273
2267,2409,17,12.878752,636
1379,236,19,9.534811,963
2293,1492,6,20.033170,476
945,295,20,14.603104,916
296,1050,18,0.541877,473
2342,652,19,13.296972,1116
584,92,16,14.496478,588
2494,1575,14,14.691197,708
1177,450,13,4.033093,992
1232,862,7,2.809214,882
866,915,15,5.746424,196
1727,667,7,12.559556,1171
420,247,7,0.272341,485
1294,2191,5,9.338252,895
1909,755,8,2.683616,604
703,972,7,5.116716,285
1322,1873,6,0.683343,766
1483,2168,20,8.826619,1106
171,1003,18,0.705653,193
1467,782,18,18.407589,548
240,2018,8,13.394870,951
2002,110,16,7.011022,189
1245,1966,9,4.206953,609
1170,300,18,11.153191,192
2127,187,20,4.123394,1037
710,882,19,18.384528,1054
135,1394,20,6.812456,902
524,21,11,4.317729,472
1453,1295,15,5.974406,816
2404,1455,10,14.781202,176
1839,354,6,8.964722,1117
1099,944,8,5.347323,976
2486,766,12,16.294305,233
89,2307,14,15.403246,881
1470,2495,18,0.434617,979
2482,1679,19,16.772532,1154
1399,1689,10,8.386045,763
455,809,19,0.354237,417
665,1175,13,11.428673,973
584,332,17,11.847589,811
2045,1365,19,7.013401,690
829,635,17,3.935099,851
1560,1101,18,12.251953,375
632,118,6,9.602806,541
2413,1103,18,11.010168,198
1435,1361,14,2.951040,1069
1983,2092,11,8.280693,313
1153,1037,20,3.672389,127
419,2321,12,5.042950,1009
765,443,12,13.126520,145
705,1227,6,20.344699,1196
946,153,13,7.279306,900
792,783,17,13.741449,724
2298,640,17,5.716073,872
2233,354,14,9.655158,259
529,1833,7,3.746357,104
150,1395,18,8.570135,230
1097,1082,16,17.673532,433
408,1400,8,0.420083,748
1827,530,17,8.017469,468
154,1213,20,14.245045,396
733,1326,20,18.996596,438
2057,1060,7,14.879515,224
945,2172,10,1.479496,1158
1606,744,15,7.192688,282
601,1503,19,13.581442,309
728,1115,13,16.705537,724
1705,707,14,8.191985,856
1035,822,10,0.039370,464
216,1082,18,3.180075,231
2240,2162,13,3.456325,827
211,331,19,5.044992,727
2253,64,5,18.948962,459
1476,649,15,20.415819,514
1328,1019,7,17.394942,990
339,579,18,16.856941,580
1925,1554,13,0.347707,374
1753,757,14,14.655034,147
1288,2238,20,3.225296,1000
1709,2239,19,12.559546,875
1527,202,18,4.118838,948
1940,1811,16,1.226741,614
1664,562,5,6.815089,1138
2074,2395,18,15.441230,202
749,2263,8,10.538438,550
1905,1516,5,11.992137,373
384,1399,20,20.009171,644
1437,1259,17,13.557563,112
454,512,13,6.502022,347
1942,1526,12,18.524722,214
79,241,20,1.069587,345
1411,2373,10,16.350058,888
1320,630,12,1.229956,1196
2297,1766,5,13.600293,519
531,407,20,19.529874,1104
2047,103,11,7.805778,1029
702,1876,11,15.679329,337
1483,528,16,16.639341,1106
1182,507,10,2.089947,788
1534,1173,20,11.822477,285
101,280,20,5.215056,674
2151,1425,16,10.809886,871
2275,2351,9,3.454704,564
820,1011,17,1.579179,869
2212,2321,13,13.759907,896
406,2391,12,20.282456,377
1642,302,14,15.622129,1133
2412,1971,8,17.188701,660
676,201,13,15.576831,628
1083,383,10,12.668774,203
2050,36,11,5.368041,511
1009,1246,19,20.204932,555
2005,2485,15,8.730263,863
1384,158,5,12.901518,354
1304,307,14,4.978811,115
2172,1868,10,20.252308,797
8,1833,7,11.361012,1187
2089,689,12,0.379385,903
276,2017,12,15.517197,616
1772,1651,8,17.959823,950
2409,183,18,17.254984,746
668,1088,7,1.833461,655
453,1973,15,6.576232,555
1246,2269,10,14.190214,737
799,1967,17,4.476756,1046
160,1791,14,11.371201,1169
1992,1156,16,10.013786,720
538,770,12,2.983979,596
1787,2327,5,18.330254,269
285,1596,19,6.319795,764
1513,1398,9,9.745541,805
1241,2382,12,11.834301,1171
2409,477,14,7.019958,734
17,2068,17,18.874851,949
820,1236,6,5.547262,531
2385,435,6,9.079071,767
1749,51,15,19.465436,633
1464,2132,13,16.285242,467
100,1157,15,3.547736,929
945,1852,7,5.809084,799
895,586,17,2.798715,830
2085,623,11,16.695527,498
2126,2102,10,20.210296,894
404,2473,15,11.754050,221
1816,2284,10,6.184129,159
2040,2349,5,12.797419,724
1277,993,19,14.710014,968
281,1796,13,13.678648,303
2036,30,18,11.015896,690
2399,1144,12,3.620664,282
2084,2185,17,5.533416,491
2106,1129,16,19.122718,632
430,1946,7,18.755092,655
1818,19,14,1.145468,287
1885,1366,13,9.306974,246
2191,642,20,5.459962,649
2054,2428,7,2.461370,658
1798,1361,20,9.490964,875
2272,2375,12,18.680231,236
2336,2383,6,19.957455,867
1830,1974,14,17.365462,377
2063,1680,15,19.677830,484
156,309,15,4.183539,858
17,741,19,15.467380,498
944,322,18,15.132687,581
1185,1447,11,13.531937,825
492,114,6,16.313486,301
487,41,17,8.989658,989
683,2170,12,2.715744,811
20,2099,5,9.453756,1188
2104,1873,19,16.754984,223
155,676,11,13.084317,510
1034,1311,10,14.764932,955
593,647,16,14.334833,362
1244,2412,15,18.699206,1151
2146,909,17,16.309496,358
1643,996,11,11.091624,512
1398,1687,12,9.781799,728
1526,2096,10,6.439978,421
1467,1132,16,15.390335,1065
612,1283,9,10.361806,1186
317,1133,7,13.338097,552
1299,1302,16,11.671911,964
793,601,17,8.620604,830
316,2446,15,9.878314,627
807,2446,19,3.133264,801
2195,1089,16,15.841968,109
471,296,14,7.428470,912
1061,1532,5,11.860279,318
1779,1900,13,8.200916,929
2411,663,19,8.405828,1092
1265,809,10,15.948767,852
1248,42,5,8.446658,257
1384,299,6,8.951089,126
2347,1940,6,12.093759,1167
1031,1799,19,7.992200,809
1950,2029,19,7.490178,114
995,672,15,9.038191,1185
2241,753,16,2.366610,819
1899,199,7,9.618477,774
1627,1526,17,10.296381,490
1162,2447,7,1.557418,963
536,556,7,19.084359,136
636,1375,17,4.211617,1150
739,2339,20,16.379053,667
307,1804,14,19.787881,876
978,1166,5,3.972239,508
1713,2046,8,0.865426,1128
570,488,6,9.171103,616
2420,1518,14,8.237810,195
527,1873,14,2.067125,405
855,517,18,16.992475,148
2417,1995,16,6.750082,414
731,1859,20,11.420255,766
1561,941,9,17.559235,1187
771,1608,20,15.651237,563
2392,965,13,1.042841,666
1512,2334,8,20.274653,1091
1727,2167,16,18.989258,1178
1813,325,18,20.087956,264
167,1690,13,6.415400,1105
769,107,15,3.128096,212
992,1606,11,16.032054,606
1683,468,13,18.445734,1098
1852,63,20,6.586672,527
1551,1279,16,16.123422,364
467,381,14,9.482249,403
1035,2412,11,6.376469,448
1022,768,12,11.128444,193
2300,592,7,14.785664,812
1519,980,9,10.511888,219
1329,2318,15,13.242255,583
137,93,14,16.800899,277
1500,1862,15,20.400461,906
1185,2470,8,14.536882,1102
22,1115,12,3.107657,137
281,2358,20,20.252031,723
1848,845,8,2.945445,745
1112,759,19,3.942790,614
1650,30,13,16.721379,817
2047,583,20,4.442992,401
1454,1635,9,2.569409,1120
1792,91,8,6.348559,840
668,748,8,16.128752,493
195,705,11,15.799841,682
827,2135,18,18.074999,420
1257,2386,12,15.235884,897
388,953,7,14.904797,873
546,2222,15,7.619920,794
2082,2484,14,1.342668,528
261,2080,8,14.233207,1028
735,100,11,8.854470,1041
1076,1708,14,15.407815,1110
757,586,13,14.039939,1022
2196,254,18,6.123566,936
921,1965,8,5.067740,305
1148,1041,15,19.245338,927
1353,273,13,11.269525,1160
1987,266,10,7.082709,1159
1135,1407,16,4.483914,458
1497,885,20,4.565634,605
657,655,6,18.382174,584
2363,1922,19,2.575527,383
1299,1100,15,13.952674,1161
1390,1210,18,8.332419,493
703,867,5,15.677386,637
1030,1435,12,4.101834,424
108,17,7,5.205589,423
922,2005,9,11.006954,1077
158,803,17,19.995116,346
2484,146,16,10.353726,1098
1339,289,15,11.888284,865
1063,1384,6,2.799660,782
783,98,18,13.944820,1022
1091,30,15,16.023059,264
2296,1927,20,7.915246,353
534,1415,8,10.931522,649
924,458,15,18.985205,762
2016,1683,9,3.472007,581
720,199,14,11.986033,1175
443,36,19,18.694690,712
1842,1752,7,3.060938,405
2352,384,6,2.695808,1023
1545,1733,8,9.558707,238
114,1493,18,4.312541,336
248,1587,8,12.471119,721
2076,303,15,17.845012,1115
36,433,6,16.658253,263
1114,1742,11,9.781340,951
129,285,11,0.413760,345
974,1854,16,5.274850,540
252,1557,11,9.531313,638
1435,1273,9,5.676981,920
232,1194,20,12.772516,635
1151,1675,9,1.718027,789
812,1132,11,15.144510,596
1500,468,6,8.436659,237
871,1213,18,2.496437,614
625,788,11,9.388151,263
439,596,10,5.853447,1021
1398,1509,15,5.377265,1115
1201,348,20,1.333222,885
1172,569,12,13.035709,145
1619,1470,10,5.743489,104
1511,344,13,10.295290,249
2205,763,16,19.987606,811
2001,1518,10,0.225404,1138
861,423,20,4.408061,1009
938,249,7,3.046971,440
698,1751,17,12.859701,1146
26,1248,16,0.097366,257
1555,1009,20,9.196165,906
1713,548,20,19.944871,412
2401,279,18,15.294842,546
1827,1098,12,13.448978,1087
802,1338,12,11.593405,1042
798,627,7,7.372543,1106
1841,1311,10,12.476803,855
961,2239,5,13.524906,439
2069,375,16,8.616463,229
1809,1722,20,8.343709,298
712,43,11,18.536358,262
1240,491,16,3.888860,1073
764,2343,15,1.423929,443
2346,1847,19,12.256848,968
2306,1273,10,6.027332,381
827,2036,7,7.720336,865
1838,1074,19,14.974070,534
769,1027,12,5.889735,1167
1436,1575,13,17.028216,459
2015,1759,20,0.939685,409
135,1826,6,19.478823,1109
868,2367,9,10.462787,1158
379,1827,10,8.554699,462
1285,1361,7,0.633649,1030
933,1324,18,6.036415,733
479,1237,18,18.247587,696
1215,852,12,7.563871,387
1068,1570,20,8.810161,309
945,1674,11,12.154335,1054
236,568,20,16.643162,711
1761,2393,13,13.387795,657
1881,479,17,9.841895,1145
972,455,14,16.835472,357
2286,966,16,1.031966,738
1661,514,19,6.507932,946
1432,1578,18,7.744537,1060
2019,1568,11,15.335788,640
2338,1784,13,14.401363,869
1551,1923,6,12.125156,171
132,1082,7,19.968660,600
1427,982,14,12.515653,1135
1737,2121,10,7.473926,693
1929,2116,6,7.568270,967
127,1661,10,8.628734,793
2082,654,13,12.214906,1076
1147,2008,15,1.496772,940
934,1040,13,6.746545,404
532,588,5,11.112840,989
682,247,15,15.917842,870
2217,412,12,2.165245,137
581,1052,8,18.065897,382
1179,1230,9,16.902292,775
152,561,17,0.589242,305
2034,1275,8,11.318505,230
705,1117,12,3.976533,922
1112,675,12,0.758184,133
2092,1343,5,3.608564,425
141,747,19,13.649132,152
1252,2354,10,8.463049,182
1221,366,9,19.949645,496
2195,615,11,15.472053,1198
1559,765,11,15.971541,463
960,1314,15,8.269769,303
2387,109,11,14.546962,673
1802,2078,12,18.942715,428
752,1106,5,12.010671,523
2029,738,10,11.187349,1054
2057,408,11,19.437073,107
1477,396,12,9.467032,1089
316,444,10,3.930122,1107
71,1174,10,11.366331,467
1834,2068,14,3.003935,271
245,362,19,1.020271,293
1608,290,20,1.138351,106
239,1862,5,13.082968,189
2090,2390,5,15.041452,791
357,254,15,18.710977,1141
831,1700,15,6.183347,121
726,2164,20,12.354728,936
1056,1164,19,7.959144,139
1808,1983,18,5.819119,279
142,1652,9,11.044763,1176
1352,169,16,10.828988,884
21,2068,18,11.649196,661
1779,345,18,9.084615,789
458,1562,14,19.447240,328
1575,971,10,4.563773,593
1237,1219,6,11.272526,124
2277,110,6,6.985165,857
2212,1037,6,3.163875,1197
1087,1747,11,4.808452,466
118,1279,20,15.646369,1115
2351,2003,11,3.624473,335
177,524,7,17.762823,637
1688,1651,12,1.063104,1122
2469,18,7,6.304106,1133
1519,944,19,2.270935,307
724,2485,16,5.681646,746
1752,1365,19,2.447801,1125
1140,694,14,10.691442,891
2193,118,19,7.231762,526
845,1,13,18.887221,424
1471,1383,10,9.903992,401
635,1450,7,13.927536,567
1373,77,10,0.566960,622
2024,2027,15,9.712930,1107
572,2092,10,15.115245,586
566,2484,16,6.629019,298
1418,1977,12,18.809262,906
1265,604,5,14.642433,299
2191,2410,16,8.267122,818
2396,914,14,17.834633,126
571,1758,18,13.751983,837
250,2405,9,4.226674,435
1994,73,10,4.408240,818
1635,1429,19,6.599114,427
182,987,7,7.539119,146
1746,784,7,14.214166,271
2349,1332,17,16.578919,400
2235,577,5,9.530064,1125
1182,756,9,2.500040,600
2341,638,7,0.054351,542
1669,1630,6,8.618856,538
1953,1354,15,14.573354,983
2303,1833,19,15.831440,675
1959,1475,13,5.383555,232
260,193,7,10.369002,108
1659,80,12,4.267031,690
845,747,13,17.823016,215
547,286,19,17.837054,989
2238,971,8,20.064565,391
1342,2219,12,6.775341,819
682,2179,9,19.386816,362
387,1664,14,13.146373,870
1862,2072,20,13.107550,749
2309,761,20,3.382606,345
2126,950,16,9.947318,1148
2426,2006,19,13.907968,894
47,1426,12,12.598031,524
120,2090,7,8.774853,683
2022,277,17,9.879319,108
2490,678,11,11.032454,933
1563,2308,16,13.954523,612
2258,1793,13,14.626239,983
1117,561,13,6.657416,849
148,1521,19,11.028399,1197
38,259,9,1.435649,412
1014,2307,5,0.072664,959
267,1457,15,14.188507,547
1269,2090,20,9.850659,378
2115,1521,15,10.382577,795
1948,2199,10,19.335982,223
557,652,9,17.797538,841
1942,1192,17,2.800056,610
1971,2209,18,2.893352,748
238,1053,17,9.668560,726
209,2063,5,10.362109,752
1362,1813,13,5.975188,1149
251,530,10,7.586718,1071
1495,308,12,13.726561,119
1359,673,15,10.949806,872
2337,2208,10,15.926023,903
2471,1585,17,14.401802,476
2092,2079,14,3.968440,276
239,2100,7,6.274464,783
1666,1618,7,3.335922,286
1455,1247,5,20.360804,821
1856,1471,16,18.656063,1173
1060,620,7,3.583643,1170
2276,2284,17,3.838970,1132
70,687,11,5.620518,999
987,1880,10,5.029197,1006
235,1811,12,11.838881,339
1065,697,17,11.021691,497
156,1892,16,6.216615,670
626,1500,6,13.126084,766
1141,2154,11,10.589372,452
88,727,5,9.510601,998
2378,2033,18,13.404981,979
210,857,14,5.811163,890
1885,1861,15,7.478335,483
839,2148,15,5.437902,857
2128,1225,7,6.574001,613
204,455,13,20.418484,486
1883,1231,18,3.442525,589
1757,1922,10,0.695773,217
2157,2477,14,12.261234,646
4,961,6,17.000955,181
1968,1311,14,16.392439,973
244,2012,6,18.105514,1150
285,321,18,4.365533,874
158,632,8,9.592438,926
1301,307,8,8.378460,536
666,479,8,16.139145,162
2088,653,12,20.235642,900
578,887,7,0.960992,412
1821,1309,20,11.726233,522
103,1657,7,15.741175,623
1964,1794,20,11.786120,734
600,645,16,7.761360,1068
611,2034,13,10.639226,166
1717,725,20,8.865048,708
650,1605,6,8.393472,931
1671,1163,19,2.953286,461
1029,2297,15,0.367201,555
2033,853,12,12.957465,788
875,1921,8,11.500947,448
1865,2073,16,13.098051,298
1458,2308,10,2.992998,359
108,798,9,10.090539,948
1681,1997,8,8.723178,1050
668,2186,11,15.613867,793
120,325,12,6.219961,572
1067,2114,16,2.074248,906
2110,1656,19,8.416800,1131
1454,641,8,14.573102,995
1264,235,17,14.989469,580
971,310,9,9.879132,632
418,1301,13,9.466433,162
2332,406,6,2.377726,1009
740,1020,7,7.249242,306
1521,754,12,18.709000,1125
1041,1823,5,8.697843,451
1224,1244,8,11.459669,757
1785,2239,11,14.441869,412
1020,2435,7,11.051436,580
194,641,14,9.952727,1000
202,1016,12,17.879390,1126
1410,2260,19,19.108452,763
1467,587,8,11.812637,961
1552,1052,5,19.533322,479
2326,2260,11,6.873173,937
627,2061,18,3.920342,1077
308,390,5,5.754825,926
171,1017,11,16.959895,413
770,885,7,5.350609,691
2212,1908,6,5.140070,163
2202,1211,12,12.082583,903
975,965,17,11.092407,150
74,1862,15,8.459995,642
900,50,8,5.851357,154
1245,1747,8,0.049856,957
1421,501,18,9.558699,526
645,1502,17,14.707845,592
385,2038,10,18.180308,254
847,1507,20,3.271588,1109
158,2372,18,15.582272,410
2488,1201,18,17.352150,566
1305,88,15,2.436066,1163
1670,2321,8,15.018736,1016
1142,1444,16,15.310697,130
884,260,8,17.124799,878
166,570,17,0.643113,162
1186,1060,13,13.300944,611
723,542,13,13.162010,656
1197,2141,13,16.243138,492
1720,288,9,18.351618,946
2086,2076,10,11.438258,441
1363,2156,20,15.338513,1105
2264,849,5,1.176042,803
231,1984,10,2.777197,1004
926,458,17,11.458573,112
2403,1609,13,10.476970,1127
316,457,20,15.176531,422
2476,1892,16,4.928764,737
804,584,20,7.036162,1157
153,488,19,3.097777,422
658,991,17,13.794379,986
2203,980,15,12.078665,271
282,614,12,12.680868,569
2424,1902,13,18.955153,1069
1709,1786,15,11.161103,376
104,2145,14,6.272885,288
183,1089,13,11.322851,1000
1129,1260,6,15.791740,291
2465,899,20,19.398551,182
989,1252,6,4.793761,1061
892,347,13,3.910899,1149
1323,1616,6,19.606439,916
380,923,11,18.021529,975
1375,271,20,0.750998,330
2062,1743,17,15.411595,903
1046,2355,15,10.079158,847
2305,1230,20,9.440128,995
2383,427,20,8.926357,399
2225,73,11,6.775638,1029
2359,1922,16,4.965724,556
1021,1272,11,12.131018,885
1918,2398,7,13.673602,892
1490,1492,15,9.499068,906
1471,739,7,16.277701,1173
472,784,13,17.678402,961
1012,995,18,11.462308,102
1555,66,12,0.077246,469
1512,2249,13,8.727435,984
515,973,12,15.583991,299
2126,309,10,9.212866,978
764,1033,13,8.651159,117
28,629,8,17.779008,396
2211,1307,6,17.776589,1145
573,1868,20,15.403494,1140
580,1282,18,12.555173,996
1295,2465,6,9.008556,670
1959,56,15,3.173155,952
2205,1728,8,18.642023,591
1797,139,15,8.669069,312
1304,813,6,4.835791,681
317,2142,17,13.466920,557
2214,1218,14,20.065482,918
1464,1068,19,12.394795,801
1577,2176,19,10.884791,1192
1560,334,15,0.315474,484
921,210,19,0.014959,617
455,788,12,0.001743,1167
2228,1193,12,1.940222,466
14,224,19,13.189431,108
810,2352,16,16.062228,484
2285,2441,10,10.732486,197
483,1961,7,2.903425,493
1365,1390,8,7.157695,936
153,2060,8,1.125565,1121
532,791,13,0.049850,656
16,1404,10,15.137392,148
849,2267,20,13.839521,179
2393,1334,9,15.663712,822
524,290,16,9.577217,319
2427,1596,8,1.171676,362
1064,1137,5,11.381446,113
244,1728,14,6.007398,739
1347,547,7,7.001025,740
564,752,20,1.698114,761
91,931,7,7.416338,418
2001,823,8,16.877283,926
2214,26,14,14.926476,926
2041,489,13,13.969219,229
868,665,18,16.384856,298
2029,46,17,0.629402,180
1432,381,11,12.648175,763
291,827,6,1.610621,868
1284,691,16,3.000209,945
934,245,9,12.294880,466
68,1967,16,2.154773,760
1280,666,8,5.978483,965
272,363,15,16.305798,977
268,1779,14,12.693654,678
1790,133,5,3.464272,1111
2381,2225,9,9.714677,1115
2331,1551,19,12.938381,576
1086,899,10,16.228059,1140
2002,621,15,17.048553,608
1401,302,13,10.923852,899
186,1200,12,19.201627,771
63,1359,19,16.541582,629
225,765,20,14.764160,1068
1739,70,12,11.946045,1101
1190,2087,13,7.633870,150
191,1619,19,6.245751,406
604,415,14,11.740720,351
1164,2449,11,8.651211,1076
1946,2127,5,1.054666,985
253,1072,8,8.176298,893
212,1419,8,20.256465,275
1170,202,9,6.254309,632
1220,514,11,9.036354,372
2323,1970,12,16.725452,775
821,1202,18,17.597867,569
2328,1145,10,15.113992,1002
2050,307,8,9.368554,237
777,1507,17,4.678916,274
1403,2109,7,7.611850,329
2138,1312,7,11.023538,627
40,1989,5,19.874612,1073
1749,1032,11,4.249750,690
1991,1755,18,1.053951,330
2321,2244,15,17.032962,765
2356,1637,20,19.005174,146
1004,395,14,16.766304,557
588,1675,15,14.878562,1062
2052,913,10,3.019113,1104
877,1251,14,5.605626,194
823,1057,11,19.254188,1143
661,1890,7,0.874926,180
1534,768,8,4.862389,309
1552,1096,20,17.286359,790
58,735,19,8.869986,1172
911,183,17,11.150835,1006
1094,844,8,8.081868,156
653,858,5,12.197231,1094
2355,1718,10,2.948066,613
2029,980,15,10.120048,335
2314,1091,15,17.935708,468
2258,885,16,7.482450,523
648,215,5,15.614139,373
2271,2225,9,12.435286,560
987,1682,11,12.771622,567
1838,1126,10,14.347933,833
2309,1443,11,4.965155,153
798,1657,6,13.353733,584
140,848,17,5.506228,644
1178,2291,5,5.331095,334
498,1781,17,12.019830,143
610,2325,5,16.078247,689
1718,1099,5,20.296689,395
1684,704,5,5.104055,591
210,1074,18,3.746604,287
1922,315,16,13.080740,1091
537,1686,10,2.453161,625
843,1051,18,19.441634,118
1821,2120,16,5.960251,1189
1679,1030,9,9.634495,571
1828,1223,8,13.607303,756
1908,2173,13,20.072629,213
1063,1515,14,11.405675,1027
1762,1175,17,0.234972,132
1312,1584,10,5.310587,528
216,2345,19,15.827390,127
1909,2207,10,15.760702,1197
1487,914,12,19.373489,773
1588,1302,7,1.948477,731
2372,58,10,0.182442,271
535,2204,17,17.208824,458
1552,1535,20,19.235630,524
929,540,20,17.070610,818
229,2120,7,15.485887,939
455,1708,7,1.049369,335
2257,623,17,20.085312,165
394,310,19,11.865966,859
2034,1337,7,14.553217,779
2424,458,8,6.033245,899
1349,440,5,6.913266,984
2367,1837,10,19.880984,353
2444,90,12,5.734884,778
1581,1096,14,15.921855,291
720,2396,9,1.240316,129
174,554,20,16.499532,957
1281,2333,12,11.290158,704
537,2164,15,11.265216,1100
982,2095,11,14.593365,453
2472,5,8,15.038195,356
2473,2442,15,11.462811,1090
2358,1857,17,13.562164,795
2321,1486,13,15.609246,289
2026,1479,6,7.813477,1095
1291,1154,5,14.146992,537
1543,1799,8,10.135979,253
1539,713,18,15.639351,785
1901,1977,7,20.478047,981
1885,1378,6,3.402523,468
1206,661,8,5.332420,852
2004,562,15,6.403984,209
2466,468,6,15.877313,484
706,349,14,17.375595,628
1849,1999,12,8.189568,631
2285,1871,20,3.476500,394
1370,386,12,10.823953,820
740,1144,17,16.789199,528
1014,1380,13,12.849770,630
100,1605,20,11.754386,1008
728,1232,16,0.956544,149
874,1795,15,13.309748,147
1562,2188,9,5.405119,252
475,58,9,15.496587,100
1076,1331,19,9.495985,507
8,1662,20,12.615159,1146
751,242,18,9.994584,948
1791,1972,10,20.486490,733
642,2088,20,9.585992,820
1887,356,18,8.251542,355
460,521,19,7.740570,1046
741,1651,14,2.925947,1164
135,92,7,4.711342,1021
2134,1460,18,15.119623,957
2037,1487,8,16.751209,688
1418,1124,6,7.736852,351
1918,1339,10,16.415842,619
2324,2337,12,19.823858,1045
1288,2458,17,5.706874,475
2154,216,15,6.239590,502
2124,443,6,1.911303,920
2386,1946,15,9.717687,252
1657,829,8,18.556911,372
1881,1828,11,6.105272,769
184,2459,11,12.878332,1136
1843,2252,5,1.584034,1072
376,2234,20,18.797378,446
1284,229,11,12.505778,203
695,444,9,12.165361,306
2473,1674,11,14.782490,107
2355,2125,6,7.641338,483
1385,417,6,7.918059,270
606,2309,11,5.774380,481
656,1171,14,4.688344,460
71,2207,15,16.635432,194
1496,2311,19,15.524487,399
221,132,5,16.483997,651
1638,1724,12,5.460660,770
1156,908,13,15.118299,456
2124,2422,13,19.248440,711
720,189,13,5.683866,926
1781,1702,13,4.885586,495
2219,1793,19,15.300242,953
1821,1868,15,11.047389,659
2360,1874,5,4.857144,999
603,409,17,16.305300,315
580,1152,11,4.678402,261
679,336,16,19.297758,710
1721,1550,6,11.875805,1196
1545,2118,11,3.101502,899
1949,1015,20,4.586327,549
844,43,12,15.175419,495
943,2,20,12.850458,386
2379,1645,11,1.677473,929
396,368,10,18.569882,320
2148,337,19,10.378702,540
671,548,15,5.356399,619
2330,337,15,6.683868,706
1002,1293,6,19.888932,1059
1148,2028,18,0.226220,323
1443,362,18,20.055460,776
2322,1131,13,10.965372,277
763,772,19,9.966462,955
1460,1988,8,1.813479,805
2257,2293,10,15.603691,228
668,1853,17,0.212613,751
442,21,6,15.556653,620
1884,1812,10,9.757816,326
58,1132,5,1.594992,375
946,1105,12,15.498476,1026
1208,54,15,10.058197,580
363,73,20,11.698207,254
669,1511,6,7.543170,212
1314,949,12,8.284164,282
1007,872,11,9.160196,641
1916,1543,8,0.562750,305
229,91,8,7.412075,710
2218,1681,8,0.723348,119
985,1950,20,16.449063,1079
395,1008,19,5.208409,402
2234,1714,17,9.266435,956
2293,1083,15,2.914244,1003
1349,754,8,3.069018,971
378,1285,9,9.804167,135
1367,1462,5,7.778302,1120
996,1935,16,5.006886,1180
2357,541,20,12.310517,452
611,20,13,19.648059,1153
1075,2,14,0.045859,319
859,178,16,17.541627,375
2256,1564,17,0.502978,632
738,667,8,16.985192,351
1355,2403,8,9.073471,544
2357,370,16,19.367820,225
739,796,8,16.601778,1076
1745,557,9,5.506023,1193
64,2425,6,4.849257,1112
337,2353,10,9.930150,958
2338,261,20,10.420305,1077
434,2471,8,14.597049,774
646,449,12,8.234553,915
795,1833,12,16.684324,948
1883,1415,9,11.508121,1124
794,2267,20,8.732736,107
99,1,18,5.750068,792
1605,70,16,11.712786,349
409,390,8,6.260694,210
340,714,14,7.183328,282
815,84,14,13.235391,721
2098,759,17,0.880664,629
1907,1558,17,16.092043,434
1900,1323,9,3.971247,893
833,2278,14,15.121090,602
974,2418,8,14.937154,799
1249,133,13,17.015480,1152
1361,1865,11,1.570463,235
267,781,7,19.769760,762
1891,2292,19,4.234607,123
778,1854,8,4.432420,378
884,2200,7,10.330610,348
518,408,18,7.633878,407
785,1570,19,13.096889,698
1665,647,13,13.171596,336
1289,458,15,10.137416,130
1167,585,8,10.892862,474
2263,592,13,11.425638,1102
2011,1001,8,0.339043,889
1215,2371,17,14.245564,511
2333,1733,11,6.804698,987
2138,2023,10,13.216092,340
2217,191,15,2.315298,942
822,1146,11,19.847543,1200
84,306,10,15.291513,496
1583,1148,7,14.830420,1190
2421,1717,11,19.466474,786
390,1392,12,20.214388,827
588,41,5,1.982616,1092
2405,1939,9,4.741611,665
2444,1583,14,18.671646,160
2455,2381,12,4.475913,863
2020,1160,10,8.388290,939
1234,1513,8,11.426909,946
1238,691,8,10.537216,793
929,441,20,14.393767,1023
1360,2181,5,9.096380,884
101,1242,11,11.573186,1044
2087,133,14,11.162669,215
1759,734,14,10.496410,621
1340,1968,8,12.162262,964
153,951,8,6.139727,979
911,424,17,6.933536,251
2005,420,16,4.533582,814
16,1516,17,13.420823,690
631,77,18,14.785406,152
360,2395,19,5.682256,906
17,552,18,11.579468,526
1160,1085,17,6.810040,389
1009,535,19,6.254100,435
2228,621,14,7.264867,1031
374,373,16,9.135110,895
1660,1000,12,9.906900,433
1889,183,16,15.406238,1157
2268,443,11,14.278169,887
1634,281,9,4.779628,238
1482,2392,15,2.418096,266
1273,1193,14,6.376707,251
1681,1102,15,5.244139,510
198,396,11,20.016740,820
736,410,13,12.958646,779
1480,1268,8,8.599472,960
436,2329,13,15.352034,1067
556,389,18,13.803070,414
1112,877,9,9.231396,996
928,316,11,8.836489,1199
39,1073,7,10.227130,996
604,2184,19,10.610286,712
929,1734,16,7.685375,1021
1601,766,5,20.374588,742
2111,772,5,2.756839,284
1977,2290,11,18.719665,669
91,1636,11,13.215049,1067
1723,2051,9,18.474166,676
1673,1344,14,9.278344,117
2450,1562,12,10.278303,1198
910,881,18,14.179125,292
2421,1425,16,12.694473,532
695,2303,14,3.326561,136
650,910,7,14.586222,1124
1753,2183,7,19.682448,789
393,2463,20,6.176187,554
2357,1371,10,15.077751,384
1457,209,6,5.319601,112
368,767,6,7.423232,1064
1005,1469,8,13.011627,433
758,1152,7,2.301435,959
153,1313,15,5.646214,737
2373,569,7,17.157560,1064
366,222,6,18.206929,847
2083,838,8,9.575542,764
1841,1466,16,11.900304,656
1820,1307,20,11.443741,1150
523,2239,6,1.758573,471
543,1868,14,16.131937,834
690,1082,10,18.857040,467
2469,1090,19,0.951389,366
1617,569,7,7.797191,225
540,1104,19,10.224718,117
1963,631,17,19.541556,757
857,2301,7,5.230490,280
759,1457,5,10.154506,1052
2192,562,9,18.895031,330
130,171,16,1.982194,180
2495,1602,11,4.583781,302
330,1575,13,1.386006,259
2179,1715,10,3.251312,706
443,1636,13,2.761923,615
2298,577,12,5.120150,265
1908,410,17,5.561606,380
2450,1932,16,11.300322,878
459,2027,20,8.603455,367
1159,2338,14,5.060592,395
1410,40,20,1.736803,684
118,2437,8,8.184553,726
572,1342,14,1.741461,390
1232,1791,9,19.379219,123
1362,2195,12,11.142525,249
2006,2029,11,18.311265,610
1891,1311,19,13.005815,1048
1597,1101,13,17.626115,458
607,2110,7,5.520283,243
254,2086,15,9.604229,945
243,1766,10,14.743352,768
2304,1361,5,0.915394,689
683,2472,11,17.383210,674
2330,1584,19,13.963599,285
1271,754,19,17.892200,188
1948,2230,11,10.177594,1021
721,2281,16,11.503994,767
1351,1426,14,11.551661,390
22,2299,16,19.679870,1109
2333,720,15,9.616695,514
119,1057,12,12.036425,669
2070,95,9,7.060027,399
435,455,5,19.446710,686
1393,1673,11,10.971618,422
288,295,12,13.415550,744
1954,2476,11,8.360808,713
99,1957,15,10.836258,765
1753,1655,17,1.781805,436
2012,2427,12,14.790906,987
2075,1754,17,8.020679,109
623,353,12,14.363568,965
1336,2145,8,0.919692,634
2013,2253,11,12.854805,1030
2429,1398,20,6.000462,1108
334,2251,16,6.518123,1102
201,1545,7,19.691641,310
696,1618,17,19.038846,934
231,467,15,12.742301,1179
2491,2255,16,0.763906,159
2281,2267,13,6.089978,1133
2160,1538,7,2.421745,1059
1706,1205,9,11.434244,377
548,458,9,3.645545,560
818,902,14,5.794606,153
533,1025,15,0.542000,1103
462,960,6,11.766847,1051
534,1686,14,4.627083,1025
70,892,20,18.958345,241
302,2271,9,7.970324,1173
1111,1288,6,0.031040,1028
1012,402,13,19.450450,454
1265,1224,13,2.601967,787
1121,356,8,12.716951,457
2218,2106,6,4.198483,922
671,893,8,2.919095,820
77,282,20,13.216500,740
810,1386,19,20.000401,792
1197,2422,13,20.164417,175
866,1510,19,7.035310,799
2444,2178,20,9.570988,626
890,1930,20,15.980990,351
2167,1848,5,15.507611,477
1633,1074,15,5.305852,1199
601,2313,5,14.958497,968
1395,1324,19,20.113148,1084
581,418,8,7.316822,568
1523,183,17,14.838482,1187
606,2282,10,19.574202,1055
742,1572,9,1.058909,886
2417,1324,13,19.946203,614
753,1981,17,3.361076,1092
1757,2300,5,2.130115,670
533,723,13,12.604437,843
63,2402,9,17.666240,178
254,2438,19,3.535087,381
1608,1394,15,14.528583,1200
799,2241,16,18.443540,718
1501,37,9,1.407932,767
95,2053,9,18.708812,994
505,1738,15,0.448358,1027
2317,2321,14,12.256276,196
490,942,18,18.819479,660
2419,2171,7,11.243791,309
2448,2461,14,15.391742,743
1793,699,7,2.787172,402
1061,1238,13,10.226317,1096
137,133,5,3.772657,752
1608,951,20,19.465232,424
827,1477,19,10.550405,701
1063,1475,18,11.287395,1031
1451,2146,6,11.296017,773
510,494,10,8.407105,286
737,838,10,12.801284,675
1185,69,5,8.129323,505
1431,453,9,1.235199,814
869,1784,12,17.394077,580
294,1088,12,0.186793,413
500,2451,6,13.100705,619
188,463,13,3.130775,263
979,643,14,15.041122,380
2247,1043,14,6.758152,753
2477,2414,14,13.832148,610
287,1012,16,19.275677,608
1986,137,7,3.534402,724
1325,2281,14,14.986618,123
1907,1361,20,15.609189,331
2186,2286,6,1.067379,278
353,1069,10,3.246204,336
1074,1298,18,14.503312,343
2358,765,14,13.666896,239
1662,2282,10,15.380385,452
469,869,8,19.608240,289
750,2486,19,3.375150,364
602,1326,17,6.180284,856
91,1754,20,5.956016,1044
1844,1086,7,9.824672,502
1908,2237,17,13.570672,905
152,2424,12,20.054046,984
1455,929,5,4.818955,253
2220,2108,8,15.909133,446
1840,1493,15,1.532578,806
1738,2009,19,6.761796,586
863,1968,10,15.823952,409
1614,1123,17,5.096446,700
283,408,5,9.909666,1046
8,2103,5,6.426139,904
1025,1805,7,16.438511,519
1813,1494,10,2.772695,414
667,225,20,6.496265,1189
273,1632,19,3.002138,1143
1079,1468,9,15.797069,852
1044,1873,14,5.728631,653
549,157,10,16.964824,457
838,425,18,16.241675,656
599,751,18,11.145951,330
903,1955,8,17.181753,1162
2348,2219,13,2.371508,576
1136,658,17,8.342783,784
2064,2094,6,8.093226,898
2389,1616,13,10.709666,289
2285,589,14,4.247401,973
968,1908,9,12.728502,162
2366,478,5,8.432168,553
716,2384,14,6.678830,486
1691,448,6,12.458088,562
2230,1834,16,2.177425,180
956,1204,6,6.108455,584
1307,2426,20,2.211043,952
1839,2259,14,13.567245,320
797,2291,10,0.751334,795
778,16,13,15.702964,483
2431,2443,16,5.954171,966
2496,1193,7,1.989928,368
1577,65,16,19.141143,772
1630,1890,14,18.079374,202
2115,280,7,15.344739,1098
846,1982,13,17.566892,533
1593,1040,7,10.073224,232
2378,2069,15,20.138833,264
852,17,16,16.989978,703
58,1519,9,1.792692,661
446,885,20,16.003835,107
546,201,16,0.809388,573
1974,2326,8,0.627304,133
2272,1093,12,6.027681,886
1377,1169,9,1.078902,937
70,396,18,17.398720,798
730,1598,7,12.370360,283
185,2357,7,20.201021,939
1022,1371,13,5.666695,888
905,1583,7,14.421770,882
1194,893,8,2.072642,777
1944,892,17,8.565039,479
170,879,19,13.134805,1080
2302,1154,8,8.549089,838
1783,1613,18,19.004547,171
180,2499,15,8.995515,209
67,2225,9,11.135302,777
1821,2318,20,9.941882,523
1872,1662,19,19.951370,353
674,1362,17,11.509696,118
543,2054,10,4.757741,790
870,2272,6,8.541508,288
189,1522,19,14.792655,484
892,1938,15,8.691056,974
578,613,5,1.903623,360
2208,286,20,1.180358,801
1365,1534,6,16.811803,478
1039,2479,6,7.094170,672
2053,788,16,12.771104,196
2167,69,9,12.777535,508
2282,1206,14,18.282635,642
1638,1035,7,0.117020,503
1840,2390,7,12.688754,933
1530,2403,16,3.963526,511
1914,540,19,0.852831,866
1884,152,20,18.187917,605
988,1502,16,6.590626,989
1371,460,20,18.594278,374
1833,1709,16,18.911789,1053
767,2034,12,16.740918,232
1371,1644,11,11.319857,1006
1162,2361,18,1.592240,982
174,1567,16,16.237030,646
2077,1813,17,15.989794,774
1898,2177,15,18.377433,677
1937,534,15,3.021048,970
137,204,15,15.010707,892
1347,2151,20,3.613452,837
8,529,7,12.928567,1174
778,1754,15,8.926430,592
1969,832,11,20.286724,763
202,786,11,12.733065,165
654,1529,14,5.612983,503
1740,1738,17,15.711331,207
1157,446,9,10.787511,1181
1531,1603,7,15.190053,1048
372,114,7,9.418917,140
2344,2315,10,5.575622,554
2343,1978,11,15.816302,1029
132,2330,14,18.780622,810
316,2115,17,7.873640,228
316,499,19,11.963322,702
1470,192,19,8.012016,943
1354,2059,5,16.574683,1097
1125,2036,10,14.077141,581
993,1163,16,4.108445,1094
1874,2440,16,4.139787,898
18,2000,6,17.154722,818
671,451,14,5.291294,124
352,41,16,9.770254,200
1212,852,15,13.357514,487
1689,2364,10,13.396685,122
155,1618,5,15.537488,719
927,1375,15,15.932419,454
1434,1750,14,8.882741,449
1590,1490,12,3.365490,139
372,1746,14,11.326196,134
1956,2014,15,13.046358,775
1830,1753,7,8.714915,348
1000,630,12,2.415159,396
2071,2003,15,2.221496,539
1155,394,15,17.669622,786
1113,1490,13,0.523818,521
650,152,7,8.907206,242
744,1871,16,12.371325,753
1592,754,9,12.855625,448
1174,267,18,11.316455,956
668,1985,6,8.785861,895
1939,408,8,9.675242,745
969,1796,15,13.349702,557
678,859,13,15.216055,813
2007,342,9,5.927788,476
1995,1394,11,5.279676,789
39,824,5,11.015915,1193
914,893,17,16.130150,881
514,1904,20,18.051373,749
1827,2421,6,19.442490,162
1177,1470,5,11.563164,426
102,1574,7,18.320422,908
2427,1278,5,7.379464,412
1490,2127,11,15.897680,256
1754,2259,20,9.602330,814
962,1438,13,4.522948,701
1825,828,6,9.305981,319
96,556,11,20.493623,114
2472,767,12,13.595417,745
1599,19,15,13.489886,774
1756,1833,17,2.525113,652
969,1292,15,11.348392,790
27,2263,11,11.748453,473
1861,1606,14,18.961248,366
1076,569,6,19.418573,893
1097,1925,20,13.244245,844
1860,1075,6,1.436529,851
1708,2401,15,16.563359,664
1197,883,9,2.808160,831
2280,1505,15,13.365175,1052
695,127,6,17.041767,301
2039,656,13,1.167313,800
1857,382,11,2.136314,356
1286,1202,18,9.841860,275
1343,304,14,18.782131,928
833,1419,12,14.762196,699
2132,1500,12,12.347960,935
2029,1127,9,1.892444,110
294,586,15,12.970180,498
2062,1921,13,3.626538,245
857,1147,9,5.558851,722
1615,1908,7,2.934890,435
780,451,15,8.556758,511
1031,118,15,14.228819,1016
2331,587,7,16.276789,733
743,2334,13,18.784941,471
310,1953,12,2.255912,818
2348,2498,20,9.060254,281
1378,1918,19,8.572030,480
2034,2021,13,9.941685,681
1932,2299,8,12.136090,175
2101,1264,14,17.468928,986
1809,1561,16,13.669633,691
211,1850,19,11.686873,144
5,1328,6,5.010160,877
1960,1609,18,10.191379,998
2461,2066,19,14.226348,203
1563,2482,14,16.816931,1123
2340,1937,13,3.302825,586
190,1632,5,12.954231,1138
794,555,7,13.556416,586
2441,1922,6,2.953257,761
2286,1742,13,4.687174,1140
400,603,14,18.476153,499
611,1325,20,16.888659,845
437,530,18,4.587520,644
474,2095,13,15.741094,240
1851,1743,12,9.837178,489
1009,932,8,15.231785,504
1616,2146,18,5.029027,922
473,2430,6,0.661495,575
2345,702,9,0.100434,140
1057,1716,8,5.845750,188
2412,1124,9,3.267415,336
2075,1266,14,0.653777,900
1509,1724,11,12.093858,207
1043,27,11,1.597484,390
2183,2461,18,10.386929,973
1398,1931,10,14.349436,463
1110,1186,13,17.233951,1139
2095,2463,10,5.182096,757
968,1960,17,1.142657,225
2451,2473,16,11.629709,482
2232,432,7,16.582536,806
145,889,20,8.378811,341
1231,314,15,3.974544,1027
1903,515,12,12.039673,513
735,2186,13,18.168969,881
1950,629,12,0.912121,1032
1212,970,7,20.310349,912
2438,1827,17,5.072146,921
1165,1352,19,10.071380,671
1414,1453,16,6.226502,1143
2213,1010,6,6.470600,947
2004,1521,19,4.430199,850
2398,1030,6,8.136855,288
2387,1713,9,1.658750,214
2360,631,16,9.089772,391
1590,474,16,1.102656,237
1484,331,19,10.847245,921
1183,2427,15,15.726831,920
2378,1804,10,12.921351,558
2431,672,14,16.490524,385
1502,1929,15,0.187085,492
921,453,12,18.922879,1099
1178,396,13,5.948343,667
2257,1051,18,7.818134,496
2242,2198,8,17.825042,690
112,2007,12,16.054625,1168
1384,1309,19,5.275721,110
811,2229,17,4.358211,369
1993,265,7,4.899131,418
877,116,20,15.241628,121
280,2116,7,13.212140,928
488,2379,19,3.864580,134
1143,1306,20,16.675285,179
9,2060,18,19.648903,247
458,1139,9,3.818991,360
287,1496,10,3.729109,342
1942,1357,7,3.964388,406
1941,1979,5,2.479432,902
455,200,16,0.700953,680
1159,1688,16,2.088180,186
1128,2363,8,14.259253,370
1760,715,11,18.671456,947
868,689,7,14.146645,427
817,2012,7,8.053339,240
1626,1053,18,13.138580,994
2164,147,17,6.562532,702
505,2163,16,16.868113,419
2055,2318,20,11.897308,131
1917,305,6,1.084787,943
1059,1503,16,18.149722,839
1365,753,7,13.517501,817
1320,1026,18,9.522935,523
1887,6,11,4.904059,945
1583,274,13,17.269939,744
2229,1965,6,2.501731,525
1636,1931,11,3.930595,985
1304,1708,15,18.897153,245
403,1861,16,14.756165,1024
555,1249,9,6.105574,711
952,973,10,14.680977,761
637,321,6,1.390375,260
1354,1773,6,7.458968,963
1172,519,17,19.204038,772
1512,1077,13,14.815036,929
1788,1779,6,1.429640,639
2125,1106,8,13.803250,764
1911,2493,10,1.550667,1059
46,1853,7,2.425520,710
509,1594,10,2.460159,717
1157,1841,14,19.662681,748
1256,1415,19,12.365782,563
1175,1912,8,11.315006,357
467,1326,19,1.994609,275
2053,1582,17,8.017378,640
683,450,8,8.473388,1076
2192,1644,12,20.489445,1003
1429,528,5,1.534453,886
1493,607,18,12.142949,285
289,2186,8,6.367324,105
1844,1245,5,3.914675,376
2257,756,7,1.745281,742
1463,1027,12,5.910005,202
316,564,17,1.896661,454
1626,2187,11,19.320192,1179
1926,2086,14,0.968300,257
1968,1902,6,10.457580,200
1192,1148,19,17.626063,306
2199,897,10,19.588842,971
898,39,9,19.235369,232
380,744,6,15.063124,737
1107,1138,14,7.591948,440
987,1937,19,20.207895,719
654,2222,5,10.190376,733
774,2220,11,0.262830,442
1402,134,14,16.033383,123
2461,57,12,7.483415,955
2225,224,16,16.134865,1103
1336,1563,5,8.254623,111
326,1915,17,19.044397,479
2403,1171,8,7.710623,381
2109,2010,16,7.766109,846
2370,2056,6,3.313485,1137
1674,458,15,2.273866,751
2463,1343,12,1.055235,1153
2320,1820,7,16.455402,766
1160,2056,10,9.956986,508
641,2033,17,6.654847,450
1046,589,18,8.256427,1114
349,2377,19,6.141883,415
280,40,17,7.813492,748
1982,1191,5,0.935458,918
1143,725,17,19.822745,372
666,563,19,8.164664,759
719,1105,7,1.913246,658
2357,1737,17,12.611525,1038
1782,2039,10,7.588206,808
548,1544,8,14.003982,263
371,1338,14,1.431789,162
2297,147,9,20.452881,833
2469,1146,17,9.130928,1166
192,909,7,1.692387,1107
458,1344,9,17.166695,795
1844,1013,8,8.279591,841
2285,1256,9,18.223028,755
1256,1007,19,14.815799,866
2026,2016,12,3.040168,230
440,1977,7,1.936458,549
1577,1025,5,10.335645,736
913,38,20,4.267583,735
90,1463,5,12.328918,1146
253,647,10,10.184981,900
1216,1829,19,3.363121,994
2350,227,8,10.912880,886
2320,2041,14,11.184733,1171
1038,1698,14,6.431834,882
89,1569,5,7.586042,355
650,1862,19,7.179571,971
1731,286,17,10.331213,949
1804,1514,5,3.062800,345
758,249,20,7.019879,261
252,2296,7,14.632735,188
435,441,15,12.064131,479
1586,1806,14,10.399322,364
2401,2236,12,6.164407,276
2104,1613,6,5.479631,1195
2029,1411,9,7.889576,234
2314,80,10,0.559609,500
2003,259,17,13.486110,237
2146,1519,5,18.701317,240
788,865,20,17.646767,888
60,1867,7,8.424269,367
1798,211,7,19.758796,573
1538,254,8,4.156041,1189
853,1417,17,14.601535,362
1705,118,6,13.581493,165
918,1622,9,15.048884,1057
1988,417,9,14.177254,1054
1558,2008,8,17.128475,691
2283,291,16,15.376480,834
818,1644,20,3.608887,391
2232,181,5,1.943838,962
611,1592,16,8.328897,734
1927,43,12,3.027011,656
2425,857,6,10.708064,659
1694,2336,13,2.746563,972
1171,1429,5,4.697149,1179
871,835,14,13.394045,321
120,1347,9,19.681257,1167
125,1156,12,8.340189,387
1218,652,9,5.343700,247
927,998,18,2.078147,619
2354,428,20,14.579389,922
415,2211,18,11.678715,641
1615,672,15,5.099742,715
811,2217,10,7.655865,769
2285,2107,20,7.702092,568
2001,1842,8,7.180940,863
2057,1678,6,12.494265,170
1711,49,9,13.780639,248
2273,1258,14,9.327478,154
1994,1050,11,0.964236,364
2151,52,16,18.191522,310
1990,1030,8,0.796857,992
965,2406,20,2.108159,990
511,1691,19,14.636908,386
341,160,6,18.655211,490
722,1084,7,5.737934,692
1676,2011,15,12.034878,717
526,826,16,0.469736,160
295,2131,8,3.428505,381
729,2400,11,2.923482,734
1509,549,12,6.845143,340
1376,85,17,2.156987,1168
859,284,15,3.446403,540
823,1842,18,0.168416,193
1767,1496,15,13.154155,844
1007,1961,13,13.604212,922
654,1832,19,19.744915,938
89,2143,9,15.871752,489
1067,547,9,5.740645,746
46,798,11,20.496234,238
456,2457,15,12.453139,1024
1264,2086,20,5.229385,1064
292,649,16,17.595533,152
2039,188,13,6.990123,216
1767,234,5,7.835331,686
1493,1641,12,16.582270,366
270,751,19,5.123027,764
1966,2429,20,12.569763,137
1763,841,7,19.290720,809
2097,51,7,17.281781,115
263,2429,14,12.484135,538
2011,1347,18,20.391563,830
2169,1217,7,18.763439,428
946,128,5,1.425152,838
876,1223,11,19.635861,833
1838,1040,11,5.564198,1034
1097,2466,20,19.171113,596
1974,430,7,20.381730,560
2195,222,11,3.052651,856
1499,2177,11,6.829659,798
860,341,16,12.950972,123
1357,2023,9,0.692288,913
103,1444,13,12.054654,149
1291,360,11,14.533259,554
2456,1113,15,7.189938,789
1684,2225,20,18.349642,465
2437,725,17,0.982863,318
1943,1830,18,5.363787,731
1366,394,19,15.283344,882
382,1859,16,8.783558,1014
1061,1319,8,1.831226,911
818,530,12,16.080171,667
842,609,15,8.214054,311
1152,1397,15,9.169818,591
4,1443,10,13.714345,309
2415,2152,10,18.750013,492
1455,1325,13,11.385176,258
2317,1817,12,4.706497,131
1060,2469,6,19.739817,420
321,2262,14,13.277268,840
1720,609,14,11.110283,685
2020,1104,10,8.343025,766
1257,1131,6,15.036804,166
103,1416,7,19.760364,1081
471,280,13,18.502159,1097
934,1527,13,15.532455,840
843,1658,17,3.164489,750
604,1875,18,8.332566,1153
1238,825,20,12.189418,1166
1389,1724,18,3.991711,800
461,429,10,20.054535,511
2004,1812,16,8.947178,883
1777,2284,18,12.704860,965
471,1431,12,10.813472,1139
2040,1323,16,11.738480,953
1993,2261,5,14.585975,607
2041,2397,11,15.562357,500
2110,422,10,11.123758,488
1000,2495,11,6.551088,277
1311,2318,15,3.371972,573
1837,1760,15,11.208211,511
2143,557,7,16.412278,355
369,584,8,14.726945,223
104,1142,10,13.904562,1151
1506,1464,19,13.491972,778
2022,1130,7,4.251711,616
655,434,11,5.627722,458
1518,1671,18,11.206534,138
1427,1289,10,1.960251,875
1275,355,18,7.302197,637
2300,2,11,8.998409,1155
2123,2122,10,13.470222,469
308,34,18,5.186705,986
1362,1106,11,17.845209,1052
1230,429,17,8.004123,328
1399,2311,12,12.364016,638
515,1204,8,9.556084,216
2057,1418,8,4.813435,306
2015,915,17,2.026428,430
2219,1902,7,6.784727,1127
2046,300,14,19.220219,612
1336,1496,11,1.187738,1148
1584,187,10,13.514479,862
2383,2431,6,9.189519,1193
2198,1181,16,16.508236,1100
2239,1688,15,0.264377,775
1333,299,7,17.887444,1106
1706,723,9,13.764535,714
395,450,16,1.475240,481
2338,918,6,15.514418,861
1142,1962,16,18.042326,1155
997,2041,20,17.200604,1061
1942,1320,10,18.575958,410
277,1866,15,4.893911,606
2342,154,13,15.689363,1003
1684,177,15,9.915661,798
374,1495,9,15.876905,751
1357,2097,18,14.772668,772
1936,502,15,0.433187,870
155,1244,11,9.918091,994
2476,296,15,2.032351,461
2362,270,10,15.807094,789
1738,1567,13,17.671218,899
1767,2067,6,14.778571,358
666,47,13,6.740485,516
512,765,18,15.034118,272
2041,1690,12,18.058949,322
1457,31,14,10.936352,881
1174,823,18,15.179082,351
2215,2457,19,13.871549,439
593,718,8,16.395414,1138
2129,968,14,9.174244,932
902,1255,18,1.330195,1043
2233,574,19,12.538269,563
385,947,19,6.626837,1077
2456,615,9,2.504459,342
2393,1088,10,5.844170,467
39,1212,14,6.936470,676
1365,1668,8,8.895698,216
1075,909,13,8.690021,258
301,1680,12,9.247905,507
754,1195,11,1.450237,263
2057,2435,9,8.928524,1164
1713,1282,19,15.334187,1183
2041,717,11,15.624235,988
1629,2473,8,0.024678,168
791,468,20,11.958242,472
32,1334,7,0.808910,638
756,2439,15,17.536869,1005
730,2010,10,12.023293,292
1406,2196,5,17.905450,552
1714,1138,13,13.823142,152
1835,870,19,5.544035,1035
794,358,15,14.475501,1112
1375,1480,7,18.611090,999
508,2127,16,9.499079,729
1787,2337,15,16.262505,1130
1630,2097,16,20.305625,271
152,699,7,15.384732,577
1705,2373,13,15.720301,304
1801,424,6,10.419253,845
1224,1807,6,18.981130,1108
930,2441,12,12.097261,1092
2172,1009,17,1.393818,396
563,1605,18,1.318756,917
1029,543,11,10.535408,495
2074,1076,14,4.024715,465
1328,1497,17,6.059098,706
2141,1518,20,2.019789,919
1228,800,20,7.901644,318
1989,1763,9,18.624130,791
442,1283,18,5.329752,963
1586,1093,18,7.634050,377
1,2467,13,8.810520,357
98,479,15,5.570700,814
38,1612,11,15.434963,776
1357,169,15,19.275902,730
2340,2423,18,10.651232,583
1697,2014,6,20.284165,1007
919,2429,15,18.530150,804
531,1809,18,14.119208,1008
1256,43,20,16.952130,538
362,144,13,0.213533,919
693,2411,5,19.647629,239
1688,228,14,18.347297,1166
852,1373,5,0.916956,520
598,321,20,5.781198,1151
1498,802,7,18.161211,620
38,2244,18,5.927020,358
123,913,14,6.027060,371
203,779,8,7.202594,184
80,242,14,2.796773,363
417,1794,5,9.127187,1121
2329,1422,10,13.622992,931
797,330,17,1.736487,190
1865,2320,19,1.434443,1143
2050,1289,10,19.339267,500
4,2327,19,16.554690,228
1922,581,12,5.282748,1013
1448,453,13,11.904650,703
1061,664,7,10.958655,475
1154,2355,10,16.375833,236
184,2352,14,14.568858,689
1729,642,8,10.322700,832
1138,1865,18,6.752654,517
1296,1435,8,7.284843,581
1371,2381,11,5.831412,754
562,1200,7,11.132886,452
2100,635,12,11.702887,218
301,2067,7,3.246835,741
1425,501,9,3.336891,701
798,399,13,10.112356,273
960,1938,10,12.093430,637
562,749,10,6.859823,1021
577,1533,10,18.926924,769
1475,3,7,17.364916,1149
1933,2470,17,1.436872,1050
1135,232,9,10.004219,1089
2080,1819,19,6.812899,903
258,554,8,17.054856,363
2012,1846,11,6.265510,519
266,754,7,12.931370,728
2208,292,11,5.309582,1017
298,380,19,16.402683,941
858,2043,10,20.090875,1014
376,2134,17,13.202774,467
1925,782,15,11.854547,231
1420,1397,11,9.303690,1037
514,827,10,19.385995,167
1650,878,6,11.909049,705
263,1711,10,17.169103,515
1415,2039,6,12.701269,578
1401,124,13,16.285023,1083
335,1975,5,15.882220,1031
641,1423,8,9.203492,574
1451,422,10,10.327994,289
2129,1560,8,19.639035,779
2050,544,9,15.321690,964
1489,12,19,11.778463,220
1512,1311,17,3.909385,671
2354,1079,9,8.184792,426
104,1189,12,13.334535,243
801,1220,11,6.450734,257
236,1711,15,5.966238,897
2493,1467,17,1.054439,1014
2112,972,11,12.510328,859
1347,1350,9,7.713882,897
1411,1473,18,10.522648,736
376,1460,17,5.751793,751
784,1436,9,10.055215,341
1130,1742,16,15.547267,266
1506,941,20,17.473881,879
1426,583,6,18.798225,766
2400,1876,15,13.746509,491
1153,1085,7,5.811991,828
719,1369,10,4.080628,995
788,886,6,18.066282,438
229,341,13,5.911154,213
1412,1514,13,9.308377,537
48,2256,5,19.284815,1150
1384,1936,13,5.794875,966
952,2305,6,18.867014,132
1237,2272,9,6.344036,229
1927,2384,5,5.185343,304
220,2190,5,12.732421,488
229,925,9,7.571858,767
523,238,17,11.772019,738
1062,1003,20,0.928805,795
1711,615,15,17.584250,832
1196,616,18,10.091839,641
1523,2121,7,20.378788,406
1074,194,9,4.521511,600
2007,2226,13,0.613498,997
1346,1800,8,1.660361,667
896,2150,16,2.404773,1083
1768,2493,20,13.566271,390
420,554,7,11.643625,673
1265,1513,20,7.927547,700
895,2470,11,8.132300,458
2003,1193,17,8.208104,681
2216,1153,11,0.208613,1073
464,1527,18,12.732590,250
536,1609,18,3.191107,1186
1237,237,16,17.247358,393
1121,804,15,16.443404,384
1832,642,8,10.654796,1045
1910,639,10,14.173756,295
1394,568,9,14.312252,137
288,580,17,0.956410,463
1236,706,10,12.991821,556
1960,508,16,7.759298,519
414,1209,5,7.287292,475
271,2217,17,16.469018,171
560,1036,12,4.025392,968
8,91,16,11.686932,966
2067,2103,7,13.541584,145
216,75,8,11.064595,417
434,668,6,14.705500,608
2244,1967,16,9.211728,467
2079,2000,13,3.464792,1107
620,1519,8,17.454802,977
276,1831,14,14.508681,1022
361,1153,5,11.853084,1132
2021,2043,12,4.442892,112
349,1386,12,13.598280,293
666,961,8,18.897286,480
1128,157,9,17.924934,754
2229,235,11,3.872673,979
2135,123,13,18.827063,593
362,660,6,17.226118,573
1991,942,9,11.450873,657
1340,865,13,1.284661,728
765,895,10,9.475040,540
783,2012,13,15.720911,708
958,2013,17,5.958119,583
58,1184,7,8.222505,232
2066,2472,7,0.593130,292
997,797,17,15.007966,622
1364,2022,14,0.258148,764
1918,731,6,4.016978,244
2273,298,11,9.183312,546
543,2333,10,8.626817,871
1347,2373,10,10.818903,1084
466,275,9,15.997895,581
2007,241,18,19.932582,1156
2036,1429,9,11.514047,796
87,536,16,17.667659,765
260,79,8,10.095127,252
1226,965,9,5.451808,971
1587,1347,20,0.265276,272
1243,2352,5,10.868894,1190
2080,332,15,7.419457,1033
1030,1585,13,10.447022,390
351,911,15,3.524316,170
2400,885,19,15.883367,1184
1811,290,9,8.201927,487
2073,929,12,20.215038,974
1390,1311,16,9.262432,316
455,1703,18,6.323242,118
1422,1183,19,2.323955,905
1554,841,18,19.369678,458
2319,2049,12,0.724341,861
1325,2085,8,3.767912,834
824,622,10,2.285238,719
60,547,20,8.432941,249
4,1734,9,8.314749,949
2333,570,8,12.735089,322
1826,1748,6,12.172655,915
1839,514,12,8.192928,333
615,1682,16,7.615463,720
577,259,16,4.298999,493
2186,541,17,14.677119,1148
2026,181,9,12.205058,367
1307,1791,14,4.244421,559
1338,1175,9,12.696789,1004
958,1792,20,3.803087,1078
2191,2130,8,2.812863,869
1877,1094,20,19.309726,111
1645,1412,6,17.330086,1056
854,1332,17,18.209273,1175
1045,645,7,13.031894,972
565,47,14,6.601743,168
220,1039,16,17.662042,439
312,601,19,8.783973,396
176,466,6,0.632062,106
1447,1496,10,12.813888,403
1545,87,14,9.344624,1136
455,476,9,3.272838,356
2425,2448,5,6.931127,1076
1811,604,14,7.570715,867
350,1388,10,11.524885,590
658,901,14,10.949963,750
404,1564,18,7.080588,957
2297,1417,12,1.862129,201
1074,302,10,16.667682,595
1920,825,7,6.872120,367
1304,121,15,13.895911,312
70,1378,5,15.215743,732
338,2005,13,12.330035,686
1740,1232,17,18.065080,489
1903,1607,10,2.598793,711
169,1630,15,3.744881,164
1472,2043,18,1.081684,725
1582,29,5,1.155975,410
575,1930,5,15.398777,1161
2014,1677,13,8.967066,328
889,1980,13,15.985884,1072
100,2088,5,10.245756,1094
2150,1474,6,13.820084,110
389,1542,6,6.606611,685
1538,1440,20,0.880629,554
1757,1546,19,4.523105,443
945,106,6,20.042653,1104
194,1281,11,8.197607,160
2122,1489,16,17.558251,490
873,302,19,1.809052,871
2182,1903,8,18.858934,836
2311,1810,20,7.337657,647
1845,2206,9,19.721188,971
1407,1591,11,0.241542,1153
134,2342,8,2.519340,696
733,394,6,15.000813,1068
903,1441,12,15.961923,477
871,1815,11,15.273909,1009
1814,852,18,12.327317,131
2035,2044,18,12.402854,956
1289,2228,16,20.338357,419
2230,164,9,0.269133,682
606,580,14,13.190672,200
339,645,12,8.679067,270
1356,1213,17,1.368781,1186
786,578,19,19.581601,1159
1641,2365,7,17.315275,759
561,2137,12,5.398334,693
178,797,16,7.531191,1086
996,128,14,10.564173,660
2415,1954,7,9.555763,1150
2335,2042,12,8.571041,1186
1999,94,11,6.542489,639
1965,761,17,13.361969,344
261,963,20,0.304438,1137
1220,247,10,18.961107,458
1910,1683,16,15.369221,766
828,468,10,7.401907,905
186,2431,16,10.712363,854
1487,660,11,19.811102,1132
588,1788,10,4.887282,1163
398,371,13,6.805909,402
657,1833,14,4.969543,150
1983,2371,5,20.085699,1193
306,35,14,1.812731,757
1515,1406,19,0.493524,812
90,1073,19,14.082543,1060
878,72,20,12.350198,931
909,834,6,12.534309,769
1444,1716,11,4.519998,1143
1308,1191,16,4.570684,420
2323,1802,20,11.981061,978
1288,2068,19,7.028946,1006
490,973,7,8.178452,702
1658,903,13,13.947283,259
1130,569,18,2.066838,1021
1444,2071,15,19.576042,497
1619,305,17,14.586654,523
470,2060,15,14.921087,790
1652,1585,19,11.585390,361
1956,1277,5,10.839187,219
1046,2223,15,13.209667,438
198,1480,13,7.752144,839
2151,1994,14,0.485199,361
1847,747,13,3.708591,754
1066,548,17,19.840936,573
833,1678,5,9.772503,1021
861,275,7,10.215458,830
915,5,5,17.845952,1127
2318,2394,20,2.066131,984
863,1837,16,2.660598,271
2409,1587,19,20.444972,556
1441,2386,20,16.659540,731
847,1626,7,17.434457,530
1042,1739,6,17.857725,216
1927,329,20,2.888586,513
1721,2466,6,15.071848,853
2054,346,7,20.295089,1199
161,673,5,16.634250,961
1803,838,17,14.117908,155
1543,1045,12,20.439192,307
1000,1689,20,5.187002,1131
420,1001,20,3.427817,812
2135,726,12,3.235677,810
786,1200,7,18.991458,225
2334,830,8,7.429798,545
1113,515,15,18.797494,813
2498,2255,17,19.616843,677
2438,298,15,10.796569,272
484,1103,11,5.690318,362
1016,1080,6,12.066961,1191
953,1767,18,8.470580,113
290,1245,18,17.562533,1062
601,2345,6,2.021495,945
510,1788,8,2.248729,1106
1702,811,11,1.025332,492
158,454,17,3.840388,525
56,835,18,8.276166,858
1147,1841,7,1.041447,959
615,1574,17,3.145306,864
1603,1144,7,14.823922,748
1491,1679,16,16.166089,263
108,1543,15,5.901080,1075
93,109,8,12.020439,903
84,131,13,13.609049,227
1421,596,10,3.573645,447
874,1400,18,7.652420,270
408,1824,17,9.925530,974
2038,1735,9,10.108783,483
66,1456,8,12.225800,279
1273,1224,7,17.980768,185
294,61,9,1.257609,203
1173,1307,18,11.508294,104
2452,549,17,7.297872,1104
264,951,15,11.371840,1036
381,48,20,8.420812,243
482,1026,18,19.582779,557
1544,1056,12,14.109193,484
1930,479,5,5.737159,713
241,966,19,17.847665,947
1841,597,20,17.146566,920
2002,179,7,9.343181,854
1771,2434,17,5.841489,730
1318,634,11,12.076175,633
1103,1777,10,10.030628,664
2128,2072,16,6.466484,1112
2346,691,13,1.138163,1139
1741,287,19,17.653494,578
974,1497,14,7.039554,1022
1619,1804,15,14.008537,660
1003,798,15,11.323828,128
994,561,18,1.568875,245
1278,1263,14,9.000138,264
2236,2120,12,14.298302,543
1727,621,19,18.313816,1089
290,2053,6,10.195283,908
1529,1684,18,10.223951,685
1242,2364,19,17.970855,203
227,2332,5,13.802795,888
2431,1324,18,0.728808,116
1958,454,17,13.563974,584
577,1311,15,7.438047,868
2149,2051,20,9.098453,1080
1436,838,14,5.217173,921
112,663,20,5.936143,930
1721,1124,7,10.356128,1182
707,208,15,8.261813,357
988,1512,7,9.522247,411
1605,1199,15,10.962267,1080
2199,2137,12,12.701599,980
1433,214,19,7.180213,1014
1546,2205,11,5.095314,995
894,972,14,18.255461,931
1234,1594,20,5.324694,1115
634,1332,15,6.942382,199
1602,599,14,8.447655,1093
1659,983,8,9.948717,922
2470,1831,16,8.644421,282
1255,672,7,20.201830,324
71,1364,11,18.254091,1081
2362,645,14,0.649015,148
911,1980,6,11.267380,163
1657,688,20,4.299568,1176
815,491,19,2.416843,1051
2024,1535,16,11.471007,1119
279,574,14,10.840980,550
591,2303,10,18.937224,338
1495,808,6,15.640516,953
1377,1716,19,3.236641,541
2269,2357,7,2.212307,478
1948,700,13,19.238722,954
1295,72,18,1.842781,443
354,2189,16,5.276182,1149
1351,94,11,17.691268,375
1737,97,16,9.204658,562
23,1366,20,1.440117,481
1772,1726,18,16.611172,188
928,1625,18,2.598456,429
520,5,7,15.277613,1192
1104,2306,7,20.105158,153
1439,8,14,12.194054,1142
1170,1001,13,10.465317,559
1062,1991,18,9.403201,765
2323,130,14,9.923459,547
1549,1012,15,13.031655,805
823,2326,12,13.744879,621
1598,1625,11,10.698922,817
1296,10,17,19.202457,392
805,1981,9,9.083022,299
1692,933,18,14.687727,524
171,478,13,11.096513,556
86,2057,18,17.243798,223
729,173,9,15.510503,155
1831,2184,6,1.389015,644
435,1656,18,19.004475,110
2156,1190,6,2.757416,584
784,933,18,6.090988,988
384,1948,16,3.202060,818
858,908,15,18.657533,298
636,1404,9,0.840832,1074
926,338,20,9.271138,948
1757,2137,15,12.288163,722
1063,21,17,16.191592,1031
22,2350,20,3.804117,1010
1025,118,15,18.249694,1124
1621,1379,7,16.796522,383
1884,2479,10,2.330683,375
1549,1429,11,6.807405,233
1518,1275,8,14.657485,307
135,1717,14,11.804073,1004
2139,1964,7,17.651404,1186
579,2192,12,2.358058,1095
315,720,14,15.182821,517
223,1965,8,18.942571,579
1071,149,16,5.439721,608
439,487,18,19.306241,1188
2074,806,9,6.863469,873
1251,422,16,15.421019,358
2104,1733,8,10.181791,581
1847,1332,8,7.499063,484
230,290,15,3.806250,175
342,1335,16,18.348322,1120
1844,1235,8,10.057282,682
1859,2313,17,16.350174,102
1781,1287,9,1.513675,490
884,1133,8,18.246639,1083
131,2051,8,9.812577,420
1765,1994,13,18.269646,800
692,1864,7,3.027841,1174
1708,2411,9,12.827176,321
1963,1017,19,9.318666,1064
1938,1309,13,14.823279,142
1780,966,20,2.229277,776
307,1636,6,19.700653,999
2381,1608,13,16.082971,990
148,852,5,6.436484,772
2233,289,13,13.484826,1041
1736,265,11,12.072235,635
845,149,7,7.003718,898
1238,1657,14,18.361228,684
2385,1292,16,8.585023,313
2203,534,15,14.997340,635
866,792,18,1.142326,427
1339,2262,12,11.286383,338
1367,1216,10,18.681423,107
1938,291,19,14.201779,150
762,1575,11,18.232508,370
705,1443,6,2.489923,450
821,1397,13,2.729688,489
818,2206,9,0.435433,135
2282,2443,11,17.754342,344
1161,627,13,10.739700,591
1276,602,14,19.729028,1123
2272,2248,14,14.292087,594
2430,736,16,11.581773,378
1341,24,18,15.752539,769
1573,644,20,7.139671,537
358,466,7,19.972688,313
777,1029,12,16.147756,342
1698,1009,15,20.085840,1015
547,1384,19,2.418980,870
2106,1351,7,15.945835,435
601,401,10,4.485669,492
1971,586,9,7.760820,497
849,945,16,17.289369,576
1746,1495,19,8.631513,113
1150,1830,9,19.382639,478
669,759,8,9.750168,521
2319,1543,8,4.872232,734
506,1585,14,6.103791,583
2462,654,10,10.716515,395
509,2388,6,14.750382,897
2152,1091,20,0.690017,770
1512,2073,13,1.811380,183
774,2337,5,18.893261,1066
738,972,20,11.841262,492
1667,901,5,11.664393,249
2308,574,6,2.574250,844
2318,465,13,6.405024,314
897,1682,6,8.425462,228
1855,151,17,19.640105,659
2140,674,5,9.399524,743
1261,1910,19,3.424550,291
1006,1275,19,19.736992,681
140,1021,10,9.479074,320
2259,1643,6,2.086131,360
700,1597,20,3.872349,110
950,2060,16,10.322475,283
410,1908,14,14.554925,588
732,2458,12,10.230836,255
1475,1556,13,17.556818,696
1208,1889,17,16.576738,888
493,734,12,3.653507,401
1462,1417,6,13.475886,559
591,1874,8,12.161960,530
2265,1142,10,1.468969,470
2414,1954,10,6.544010,965
690,103,17,11.407076,1069
1248,2367,18,9.635227,503
1627,1602,12,6.867171,1083
50,1517,19,0.218653,140
2138,119,8,1.644062,122
2384,2317,14,18.172441,1013
2119,1629,11,4.955265,631
661,2071,16,6.363946,610
275,2269,15,12.181084,590
2462,2446,16,20.251880,434
565,1164,11,14.210083,523
83,168,9,3.131757,559
1929,1254,6,6.827408,378
1595,2494,20,2.599706,180
2400,2290,18,6.127420,1081
74,2173,7,0.386905,126
222,264,15,1.845493,552
1722,2386,12,0.350350,1043
1080,1893,14,3.118213,295
822,1807,5,10.879401,597
139,13,9,11.809665,911
1237,852,10,2.382552,300
2318,1281,7,17.711499,1199
604,2304,8,3.622408,1107
1501,994,8,6.291609,815
62,1994,15,13.751165,519
1776,1280,7,5.182525,1106
1650,2225,13,5.707627,1126
2248,385,5,5.856956,430
2398,1165,20,10.982330,1070
1155,272,6,18.268137,748
717,1079,15,12.232505,172
2335,330,6,7.530289,587
1464,1994,5,6.087119,1041
1319,210,20,2.668914,727
2214,958,19,12.184488,578
2288,345,11,2.492068,1038
1418,2445,12,19.408837,417
190,1155,8,10.410559,535
2363,539,5,0.099830,1188
2050,1451,7,17.546432,124
125,673,8,14.531424,794
434,666,17,8.504092,788
1732,1016,15,7.486167,512
1505,183,13,19.000216,1026
2370,1905,17,6.927723,179
1912,2157,17,9.903533,750
700,2216,5,0.100994,737
2444,1382,18,14.411342,842
2029,165,15,18.603120,894
85,2173,17,0.947113,847
2229,1363,8,15.137196,1018
2241,1270,16,6.766122,979
1638,1693,11,19.221884,878
1077,1756,9,1.968742,263
112,0,18,9.645655,120
2317,1949,6,3.188824,874
2037,2312,15,0.977634,450
115,1970,15,2.870530,103
670,305,13,15.326404,494
1603,2008,7,3.038296,498
547,499,18,5.323228,231
2032,1472,6,8.549409,164
1825,2107,14,7.658242,1027
2231,1837,12,3.253601,118
126,1811,20,10.945919,310
1500,1842,14,3.363795,551
1272,733,5,4.294104,886
493,659,10,12.876108,119
1122,388,19,19.056980,1010
1554,251,12,8.833009,574
1819,1541,15,12.984596,638
777,1720,5,17.249939,1050
130,2134,13,19.219599,630
327,2141,17,9.689094,106
2181,2036,9,13.596015,224
2420,1261,11,5.089296,547
2356,1689,14,4.556137,190
2063,1403,5,16.928782,510
2059,1380,17,10.525560,1124
1675,114,17,13.377741,133
1149,1830,5,3.821582,840
586,436,16,2.308750,438
2299,671,16,11.447223,723
603,2044,8,12.950784,163
1219,2139,19,10.523610,606
2032,894,12,4.750402,1134
1797,215,14,15.190509,420
1598,424,7,8.295140,146
1318,1208,19,12.885357,856
758,1664,12,9.386371,329
2437,667,11,9.911276,1013
133,817,14,0.202642,303
2015,706,7,16.493406,488
1310,770,10,14.501993,374
1281,2043,8,3.826080,235
2291,2092,17,16.783827,978
774,1213,8,4.558008,489
274,2298,12,5.346753,458
134,163,13,14.416544,183
531,1007,20,5.660827,501
1126,1952,11,11.440908,189
2313,1926,10,18.253096,110
1262,2007,14,10.595190,1141
441,2141,7,11.065180,1022
10,1124,9,12.940064,331
1026,2490,11,14.037470,650
529,2391,20,6.811830,179
630,894,18,11.389179,403
1203,1325,17,0.440156,476
5,1475,15,3.057801,193
2423,2095,19,5.361004,1063
1566,112,12,8.879298,699
633,2352,13,19.274132,614
1685,443,17,6.474142,1012
1960,159,16,0.772798,568
1691,2244,19,6.345902,959
2451,518,11,19.663469,459
652,471,13,18.523506,481
1031,834,9,4.764576,921
478,2244,15,10.870929,867
428,186,16,17.236528,749
397,1850,12,7.403133,128
1261,852,8,7.941881,872
1526,2297,6,10.881727,554
1916,578,11,6.244746,783
1724,179,14,17.859970,625
1683,2054,15,16.054912,642
1389,788,19,3.312171,657
1737,2171,11,13.819439,864
1533,1917,8,6.331206,334
1264,333,14,13.545048,556
1496,1940,13,3.166471,1155
1498,1947,5,1.230538,188
1071,38,11,1.665259,1193
1610,1432,7,13.094280,620
540,2393,8,6.691617,1122
172,1692,11,8.394161,1079
500,24,20,4.627490,1131
2371,1790,11,11.176058,487
2170,380,10,14.665647,469
1694,1857,6,11.445724,1151
1532,64,12,15.063318,758
1853,1144,18,2.183864,113
1338,1687,8,5.024421,267
993,2171,16,9.365452,143
1903,2204,12,15.192489,468
2156,1963,6,19.943223,892
2492,292,13,5.892239,711
617,536,8,0.897278,976
2354,275,7,5.435687,554
1440,1305,14,6.054229,640
1604,1235,12,10.562814,150
2044,1752,17,3.053479,139
635,2096,14,3.462421,546
1474,2486,18,7.859831,450
792,662,11,17.280801,1134
2244,342,11,1.913951,1082
2356,1169,19,19.888258,670
2088,2401,9,16.778418,662
2115,2114,16,8.145381,174
95,1963,11,14.024483,1002
2106,1068,16,18.802822,674
807,389,6,14.494099,172
1706,1008,9,5.592334,436
2148,1075,6,9.284036,126
1446,1532,15,3.313469,157
642,2006,5,18.396198,988
2326,1626,16,17.530771,228
1106,951,13,3.886472,868
1058,1001,16,4.748771,512
1282,499,12,19.744474,1192
1834,2075,7,10.736859,747
1960,411,19,0.761870,658
762,780,11,11.233338,1190
81,73,14,20.497235,590
819,110,8,11.116690,672
1850,2223,14,4.025186,206
826,898,19,2.454148,207
1687,1126,19,1.730399,1046
51,1928,6,16.781365,894
553,5,18,11.424253,740
608,2312,17,7.731762,361
858,2064,14,7.946356,850
869,2323,14,4.481759,835
189,1285,6,3.538134,1116
1151,1777,5,8.367548,143
2223,1486,17,8.029495,1072
1091,1586,15,18.945688,308
2216,1194,14,0.015890,1086
1457,475,10,17.633269,663
269,1425,5,13.170214,886
505,7,11,6.438295,234
2177,2040,5,9.221186,217
1199,1376,17,7.234774,716
952,1619,18,4.770242,472
617,1419,19,13.875184,557
117,2005,5,0.986682,165
1589,96,9,7.859986,890
2135,194,8,10.582296,522
34,2176,6,11.398085,381
2374,838,11,17.585279,634
1840,1312,11,19.381776,1134
2169,1965,5,0.959921,987
198,1619,20,17.506716,718
594,331,8,16.575976,983
154,818,19,6.309250,155
1356,2105,10,8.829986,306
1527,264,14,14.235646,1052
1301,958,19,19.183033,351
1103,1989,16,0.121098,376
1441,1280,19,19.833424,516
1910,1139,11,4.202735,274
543,1595,5,8.499832,299
1387,2411,7,8.427141,286
2449,1001,5,13.847882,902
1968,1859,7,11.423383,415
2343,523,5,15.068921,145
1582,2045,11,7.324774,709
2171,1730,11,18.173739,443
1305,1648,9,5.402360,629
275,1919,9,13.545464,701
627,2251,12,1.521400,827
154,2022,11,16.480813,781
72,30,12,12.295924,250
1641,1036,8,9.535648,682
1863,316,16,4.391814,910
655,794,19,6.721051,811
1064,2326,20,4.756640,1112
1167,689,15,3.829869,1086
2086,330,14,7.752284,211
2113,125,17,15.376526,1096
1580,1432,16,13.862782,1100
94,1764,15,4.463181,651
706,13,18,8.886832,148
1891,724,13,11.482587,1031
1378,1285,15,3.575320,210
1143,1867,17,4.913531,491
2322,1609,15,15.753427,372
1185,610,11,13.594776,170
1953,1245,11,2.542914,237
250,373,20,12.641248,1038
1310,775,20,9.106727,1184
1830,971,9,14.964581,1090
2457,2337,18,17.976098,297
2420,1138,11,0.147836,1010
985,2196,11,12.760284,741
2059,1067,16,16.386710,585
677,933,12,5.121682,922
2281,1309,5,4.878348,980
105,682,5,12.308710,109
1149,1414,5,5.434607,326
986,475,13,15.576998,912
1036,944,12,2.968500,618
650,2287,18,16.275574,517
1785,1714,14,18.890045,687
1401,772,20,0.210530,1074
2367,565,10,2.763969,995
445,2393,20,17.092457,781
1485,1633,20,9.356867,1020
2021,179,15,4.556438,590
1802,2462,12,9.437559,979
1736,2117,7,9.038820,572
2053,341,19,2.724773,427
1504,1842,20,3.376024,519
858,2466,10,9.448927,963
2327,580,19,0.738170,308
1951,1666,11,11.148746,747
1755,1373,18,3.961812,921
875,1976,12,7.237684,872
886,1420,20,7.514540,242
33,959,5,19.798464,1130
2467,342,7,12.360245,559
1051,859,10,9.823664,249
1897,157,11,14.149674,1093
2305,1842,12,10.586117,505
1567,696,20,17.836983,1045
932,910,18,1.017367,241
2496,1579,5,3.673565,240
1403,684,10,13.128591,461
1549,2445,12,0.609222,694
944,53,5,2.895910,495
2419,1659,13,18.023339,711
553,1420,5,4.476669,386
1053,835,11,16.469800,1159
2091,2274,13,12.213731,954
1195,2003,13,20.337710,466
950,2290,16,16.539840,188
1320,383,7,14.972736,660
849,1615,20,9.282226,356
2332,1090,14,16.940104,513
1625,2252,18,17.735407,873
2430,843,9,5.835174,460
1309,34,18,2.662064,991
1083,219,19,9.918216,1089
1027,464,14,5.984722,1175
830,708,15,14.301706,519
2152,1580,7,3.716900,477
1602,810,12,1.066056,730
751,371,6,19.651827,184
1995,1789,11,9.096976,297
1308,582,11,9.379328,129
1224,2491,19,4.253879,814
1622,1962,17,9.852753,220
2336,2432,20,8.197094,263
2307,1833,20,8.361084,1126
96,590,20,13.805525,496
107,535,17,11.762154,381
106,665,6,18.210902,815
2026,1631,6,12.271340,833
41,1525,17,14.042349,674
512,377,16,16.797944,690
49,601,16,15.791323,880
1299,1888,15,7.946288,389
1543,1463,19,11.054458,649
2156,2074,14,6.391603,666
1651,2390,14,12.330879,899
563,1458,6,16.301031,1060
1390,1257,20,10.786146,354
2385,654,12,18.233923,1074
2123,2007,19,0.211929,511
734,1069,8,9.711938,679
858,187,16,17.342416,1087
1016,228,14,20.288927,539
752,1952,18,16.612105,294
2411,1708,16,11.202163,853
161,1073,20,4.247712,932
1096,884,5,15.056825,826
2448,554,18,14.353008,703
2284,1426,17,18.674083,884
653,1415,10,9.177199,1130
2375,684,14,19.487895,272
1992,2390,19,19.119452,189
1110,756,5,18.961997,304
254,1464,12,18.500099,608
183,2230,11,4.462761,943
1644,1837,12,1.876883,439
193,209,10,3.046450,205
2081,1985,9,0.656282,670
266,215,15,8.336931,919
2130,1092,16,19.511053,123
709,1010,19,7.571349,1190
2363,480,16,15.612405,367
683,2037,9,18.845425,1024
1773,204,6,0.806134,481
1281,2227,7,5.834554,470
1560,2365,15,13.925780,252
1406,767,9,18.826501,402
543,1964,14,1.605258,924
222,1749,12,0.488482,737
274,563,5,16.815828,1155
1317,1227,11,10.143579,317
2220,2332,6,15.451435,778
81,2494,8,1.379211,440
2023,985,10,6.267554,1031
1656,2360,10,15.112153,359
2198,723,18,5.315440,617
1289,1680,5,3.678954,151
509,579,19,20.257309,682
518,56,19,5.696982,1095
117,1571,20,8.216657,800
1861,1501,16,14.151251,657
661,1492,18,5.620681,1124
1869,346,11,4.923682,961
1434,848,15,15.089873,873
23,1141,9,16.191665,1010
313,2295,18,14.961267,476
1565,710,8,2.706271,1120
527,2346,20,7.892169,431
2121,70,14,2.563387,320
842,818,14,8.945650,587
1314,340,15,6.718655,531
1742,242,14,2.548914,335
39,46,16,15.558666,370
1818,1872,8,1.259717,217
1464,416,13,13.876835,718
2189,448,14,7.994577,472
1251,1564,9,8.228768,859
858,1221,5,13.447681,165
565,1799,15,9.275548,1162
1665,680,8,5.257671,833
635,1860,15,14.010993,146
2283,1274,17,19.388858,1175
1270,616,6,15.660151,843
2109,2342,10,17.770843,470
188,2264,13,10.818266,920
150,1530,19,3.384851,959
246,968,7,12.788657,200
1089,1194,14,16.767725,1176
1291,2220,13,12.795636,785
704,1324,11,1.638806,339
2174,1721,10,5.258624,217
9,2413,10,18.727706,576
1695,834,7,9.478035,1050
961,1542,9,6.494508,171
2014,641,8,9.915108,601
2270,336,5,18.390125,494
2247,2042,7,2.234695,788
529,387,17,19.606662,571
116,123,11,1.454090,828
1576,977,18,0.636806,531
130,1513,12,16.063141,892
642,1180,15,16.705661,364
662,295,16,17.932675,710
1745,24,5,3.054302,1189
2341,249,14,11.003429,264
2016,2163,14,18.258694,791
597,1283,6,1.472526,304
2010,931,6,14.924876,691
874,1278,13,17.883193,526
209,1520,9,11.799312,329
922,2069,6,17.972457,535
910,2312,9,17.205765,161
150,502,11,17.823760,1191
1476,1118,7,7.157025,1011
42,1462,11,11.218105,520
2494,308,5,1.552198,1083
352,2184,15,13.576535,291
627,936,14,8.448910,1042
1380,1771,12,18.121203,990
1946,2405,15,8.439696,625
1091,727,16,1.288339,1007
2156,245,11,0.725852,208
1335,1802,15,20.469154,294
566,752,9,13.715486,260
1266,2441,7,2.082012,800
945,1739,12,17.177281,343
1836,1823,6,8.867237,833
987,2461,16,15.420280,571
1525,2071,16,14.688607,552
846,2420,14,14.300050,510
405,370,10,15.252828,727
1000,2023,18,12.171451,1055
954,1416,7,11.699423,597
347,1359,5,19.707378,652
120,104,12,16.012578,466
151,354,15,13.917424,269
1673,2331,15,15.588850,436
1634,1917,9,2.979658,655
1633,2236,6,19.300921,468
1866,2334,10,7.256264,397
1360,357,8,0.636428,1008
1672,10,17,0.919329,1166
1249,2389,13,4.063386,616
1966,1392,5,8.592931,107
985,2102,8,17.760755,1088
2278,603,15,16.259125,407
2142,440,17,18.407735,1015
523,2419,12,15.908403,520
370,2113,16,7.739542,429
161,24,8,4.710201,1062
311,737,6,18.082139,375
1811,1556,19,8.619484,553
2243,2046,20,6.652376,239
1934,792,15,7.792720,955
868,402,15,19.439772,1075
2050,1578,12,6.987264,137
1282,422,8,13.677049,386
291,324,10,2.029451,353
859,948,20,9.021079,518
1581,1979,11,10.786842,708
523,1805,20,6.711663,513
328,2024,10,2.498750,773
1203,390,15,11.431655,355
237,276,20,8.774627,891
28,1257,16,9.579371,177
391,1978,9,1.131049,418
2252,1010,17,10.432032,275
2408,1650,9,19.700041,713
2184,385,10,6.519478,709
939,2087,14,8.041584,1200
2097,661,7,17.444820,168
2094,1727,16,2.663249,245
829,2074,8,11.836165,1198
483,574,19,1.841763,272
1220,1722,8,19.609800,980
2385,1097,9,17.306851,342
1785,1890,17,6.208763,347
2210,1719,11,4.007158,203
703,722,7,12.697399,357
1079,1268,7,4.304803,463
1113,827,11,6.104362,131
1168,2423,7,12.492816,353
1774,555,14,19.634732,1018
2499,809,16,5.130165,825
168,87,15,3.272330,1016
20,1950,15,18.407135,129
354,1993,16,0.408209,917
2294,1664,18,9.267748,526
317,1988,20,20.013539,1116
2051,1128,15,11.879078,414
1783,2210,6,15.774277,640
320,121,11,2.868028,256
1064,716,7,16.947339,427
942,2334,11,4.194863,254
1634,449,12,11.189484,628
1665,298,8,11.340413,103
1876,1541,6,19.225716,492
1579,1699,7,12.756699,342
895,517,15,15.934998,782
2080,896,13,4.905492,1106
138,394,9,10.254018,240
35,1270,17,19.512315,129
757,2425,18,7.944526,203
582,687,13,0.557253,1155
84,2259,12,8.880515,1032
1427,575,6,19.514423,799
697,1477,15,3.146679,514
1902,2341,13,0.870735,911
1868,1643,13,5.100900,980
2489,1882,5,9.081947,377
1967,550,16,10.117064,649
1973,980,10,6.673982,700
540,1396,13,9.937495,1125
2025,1587,11,18.786935,145
541,1517,8,10.883730,666
85,1022,19,17.847764,522
915,977,20,12.208704,580
1871,620,19,4.610925,557
1375,1277,14,15.369753,608
1330,1738,10,5.331745,991
1361,2103,12,11.491264,755
1734,746,16,4.979107,391
1609,905,20,14.878599,147
1403,399,17,9.822516,528
711,1945,11,12.047677,542
1317,213,7,15.496789,229
1864,1572,9,5.979508,1016
1230,1802,14,11.221682,495
2040,1341,13,8.214148,826
2441,1545,17,15.069530,144
269,1678,7,1.986549,233
487,1432,9,18.972379,891
914,550,15,5.877597,309
2196,1115,10,13.720080,1049
927,1321,20,1.577285,591
2035,446,10,13.753820,276
572,359,10,12.419842,581
1444,929,19,8.779485,344
840,185,20,1.598755,1130
1811,286,15,15.814469,245
1659,1892,18,12.420935,1182
702,1641,11,3.986360,615
2220,1474,10,13.230395,341
541,223,8,16.718273,132
1847,1537,13,12.315602,1074
1061,20,14,10.515228,723
806,2273,9,12.251930,854
272,385,14,2.308048,851
827,2241,11,3.678741,554
1304,402,13,10.945855,1169
2237,2192,20,16.518936,707
240,2047,17,6.307156,570
523,370,13,13.027168,905
499,599,10,15.932717,681
680,128,7,17.448650,111
386,1557,18,19.393863,782
985,2186,5,1.055660,749
102,486,6,19.049947,1185
1931,661,7,10.371017,500
1281,2269,19,15.970257,106
743,1137,19,12.995919,1123
931,570,10,0.409669,1036
2117,1115,6,8.708943,1032
2275,82,14,9.685767,266
1492,982,18,19.116668,679
606,1873,7,8.207382,1066
2290,1223,9,14.582247,1070
617,1492,17,5.453812,205
2307,984,18,9.014771,426
624,1673,9,10.921815,521
1824,887,13,13.428448,311
891,1372,16,1.380081,1114
512,617,20,9.123431,806
2037,1396,10,12.241174,1154
1845,623,17,17.325551,909
321,31,5,6.487929,120
308,871,20,14.544227,288
143,1561,9,19.038769,793
215,2485,19,3.214035,846
422,1551,14,17.465242,886
2167,588,18,19.313393,424
1732,422,7,3.111009,523
1177,348,19,20.083440,196
1764,901,20,17.688192,1171
265,387,20,7.748581,436
1994,787,19,0.141716,350
1024,812,7,8.855917,978
664,822,20,19.520338,170
1337,1168,6,12.740957,678
1627,2315,15,4.528733,1120
350,2394,17,2.181034,264
1829,1993,11,3.827818,740
48,2134,13,5.678177,262
661,1126,14,16.489216,1021
1512,323,15,15.799165,190
1503,1140,5,4.213911,541
581,1554,16,14.042416,305
1191,49,17,5.658635,596
1689,578,5,13.289638,642
732,2415,14,8.768168,1018
356,1116,11,2.214133,555
2108,1595,19,0.185265,1088
437,1799,6,1.381392,669
1931,815,19,0.660816,866
2300,466,8,19.059168,783
2340,1460,15,9.860443,624
173,2355,16,20.094395,267
469,105,18,18.143681,1131
1455,1722,8,7.276431,393
1308,1881,14,3.529444,414
1975,217,16,7.958613,208
1445,960,11,18.999473,554
1920,1946,18,15.149818,1108
2432,442,5,5.960391,1001
833,1644,18,16.964737,302
2372,2253,6,6.477688,851
1011,1875,13,12.611831,1187
1944,168,16,20.053127,394
1075,2271,5,6.831663,128
1609,2223,11,4.662649,353
1494,1920,18,8.479411,484
2193,661,14,20.443713,923
189,708,7,7.576137,1010
417,742,6,14.044087,930
429,619,11,12.542638,1195
756,1474,5,4.392929,329
2411,2239,12,0.417793,403
1716,694,7,3.965050,709
378,1007,13,1.113311,1126
414,2100,18,17.464086,174
2127,2303,18,9.759893,506
743,1775,8,20.009134,301
1159,2142,19,14.685181,244
1272,481,12,18.484052,472
1903,346,12,4.390584,666
676,292,6,10.081087,163
1702,1712,16,12.372278,547
676,54,20,13.967155,601
2116,1229,15,8.208585,914
504,1220,11,9.856623,463
1584,1620,20,0.075687,334
1791,316,19,11.948443,302
1185,1176,14,11.730603,950
884,2047,8,11.842399,721
1436,169,11,7.684833,877
1384,945,9,5.307647,780
2075,2093,5,1.804645,666
1827,2267,14,9.633323,854
595,733,8,14.993279,337
1256,375,14,14.568554,158
290,333,16,9.157270,963
1449,427,12,17.353892,228
1379,1664,15,1.594499,400
1721,220,19,1.015995,308
2051,437,17,3.051161,1126
1919,2051,19,19.802585,904
676,1480,15,16.410208,940
1454,468,15,16.277645,1026
1973,2008,20,14.039895,741
2128,2176,8,6.939679,193
909,1763,13,13.117067,220
12,1728,11,6.600123,486
1758,890,10,6.037715,1030
2138,2295,12,4.257498,326
612,829,19,9.048855,601
637,1334,16,16.693849,1080
122,1301,17,7.268106,649
2146,2026,12,19.167857,1186
430,1493,14,15.733532,500
2463,2278,5,7.229288,182
1838,1314,6,6.977288,1112
631,96,8,19.351727,426
417,2423,10,13.231545,526
1868,1379,18,7.851727,539
1692,1506,12,11.130403,1019
175,2367,15,15.852607,934
397,1351,18,18.338280,745
895,1916,18,18.868461,140
2253,2353,17,19.092716,797
2197,264,11,20.156177,320
2346,777,6,11.221673,839
1875,1506,20,14.099503,568
2048,930,10,8.010349,932
926,807,5,5.676858,296
1552,2067,18,12.141335,684
1269,1574,6,12.283140,553
288,1647,14,15.158292,951
1583,1645,11,15.421756,473
399,1905,18,1.052465,449
2176,507,11,4.020348,535
933,2095,10,19.705039,861
2470,2249,17,15.608328,973
1477,1392,14,17.747360,542
1282,1606,15,11.804859,184
1287,246,6,1.252841,867
70,1526,9,12.777137,541
1018,242,8,14.437186,606
1273,2163,14,0.697163,789
1431,1199,16,0.727051,720
188,1735,17,11.212713,808
1566,1678,18,17.005516,1163
2221,936,8,16.908769,157
756,1477,16,5.870575,335
1762,1800,13,17.467599,378
180,1794,10,1.851290,1137
125,829,12,15.015693,293
425,1996,9,9.419694,138
1802,2401,6,19.190238,152
497,1731,19,13.039207,530
758,1394,7,18.712159,581
1117,1404,20,15.360953,528
1156,1817,10,19.477029,680
1672,1239,16,10.277538,925
807,1786,10,6.725341,721
826,998,19,10.343628,397
1112,1305,15,7.908159,971
1777,2432,9,8.499951,425
2257,1824,10,3.640023,691
2420,805,17,7.508472,243
1442,1296,10,17.901908,773
1653,393,11,11.506134,452
1993,388,20,6.559354,899
1669,443,8,5.066257,104
986,304,9,0.221993,453
348,1396,8,18.883222,637
1521,1820,15,15.697107,883
1721,2450,10,6.306386,332
2295,271,5,3.173928,679
1892,943,12,3.275166,634
1646,49,9,18.903587,1172
599,2294,15,10.757864,1187
2382,2173,12,0.658077,469
210,371,9,19.084391,586
2490,2286,7,1.899696,145
719,2350,19,19.910032,667
1365,1763,5,1.697639,473
2190,2075,15,5.724237,286
272,848,5,4.883436,886
2398,201,11,18.677555,216
1962,2002,15,7.903924,157
1542,1860,9,5.324814,426
2273,2104,19,17.650574,999
161,698,15,19.817031,1013
403,1519,20,0.568624,1178
1097,413,18,6.901517,118
110,674,17,7.883891,1121
0,976,19,8.746629,773
1863,1475,13,14.407085,412
377,2112,15,9.626127,971
988,1844,10,1.239542,351
1359,828,12,7.579051,951
777,1995,9,9.272776,1064
893,1833,16,10.796661,411
1203,210,13,11.497501,847
716,1933,20,1.485436,257
1843,1246,18,7.849323,1187
1733,1431,11,2.729373,536
1826,287,13,11.964341,387
2439,1074,17,2.251519,1199
364,619,8,15.121452,920
2193,345,12,14.734670,930
564,2317,14,17.794041,517
2161,884,18,14.556864,780
95,311,20,8.340183,836
196,1327,18,3.313927,579
766,729,14,11.844698,465
736,612,5,3.728688,604
499,1109,10,12.208644,837
2061,831,10,6.911041,603
391,1858,6,5.972331,1161
685,2254,13,9.915766,1044
2097,915,17,13.013856,1115
1933,367,7,11.515538,343
126,2182,8,6.835989,232
2332,2067,17,19.649225,612
1518,454,6,13.354859,695
2467,2175,12,0.209177,637
1579,2473,16,5.238711,919
1780,1138,9,12.668235,914
1254,703,16,16.748336,996
309,1622,12,14.595566,1142
2045,760,18,11.552518,348
1976,1224,5,13.590849,929
1461,2101,10,7.782395,422
1244,2079,7,2.622216,1069
597,706,5,16.193389,1110
2355,942,13,9.502181,540
1015,1909,11,3.489365,835
1153,902,16,9.083311,846
671,746,6,19.934605,373
2363,2004,5,12.827724,692
2292,2008,19,4.826014,534
479,1490,18,10.454744,1023
1415,903,19,18.793979,483
2248,1596,7,4.647596,617
2282,1342,13,9.537354,1024
847,1166,8,0.389193,825
1730,1698,13,12.747951,1171
2156,206,13,2.256524,769
2499,1606,6,2.954228,295
220,1891,15,17.816690,724
715,330,10,19.495097,724
2170,811,14,13.637861,928
540,1152,12,1.006700,267
2270,426,18,7.289692,398
795,638,20,19.781478,1023
692,147,17,1.690506,1018
770,1137,9,6.109182,881
57,1103,9,5.147759,351
665,1644,8,4.440610,781
1383,2356,15,17.883024,663
1263,64,6,7.057552,200
127,1339,9,15.839347,556
1389,2132,14,1.622990,900
2111,1515,12,18.453342,727
282,717,8,13.483515,724
984,2411,14,10.408570,262
683,2180,19,9.461254,792
2025,1454,17,19.012547,313
1180,838,20,15.906460,453
2077,2473,15,15.671585,263
1236,446,19,19.606794,953
1847,281,18,1.921702,608
2398,334,12,6.894449,859
2140,2013,5,13.054731,942
1931,2362,7,8.341279,340
1056,1567,13,5.591900,173
2274,899,5,4.178014,740
2388,607,15,10.459576,889
301,637,5,4.875520,804
475,759,17,3.982858,296
609,1593,5,13.296076,110
1688,767,8,12.846463,899
502,172,11,14.750366,679
204,1385,19,12.856727,689
1275,550,19,0.918959,108
986,867,17,15.007838,846
267,720,12,4.297551,797
1747,2163,16,5.976206,772
1783,1493,19,3.667111,338
858,1501,20,15.683599,304
580,2447,12,0.115826,815
612,1348,12,15.047848,469
1696,2429,13,4.938813,896
1177,1737,15,0.600302,1187
1069,2178,13,15.442226,310
1864,1210,11,0.038951,1132
1447,189,15,19.315371,384
1299,1656,17,18.493391,507
1944,1604,6,1.735881,262
492,2394,17,10.209402,188
738,2193,16,16.949313,1101
2433,2485,12,15.643727,770
181,1119,14,17.889592,968
987,1367,16,5.647652,107
1025,2001,16,6.808922,500
1980,85,6,19.876921,106
263,408,9,13.069527,906
1404,1925,5,5.210207,1191
1056,1043,16,13.989134,880
901,84,9,15.776420,934
139,1284,10,7.923226,920
1929,54,10,15.569473,388
254,1777,11,6.210613,1188
403,1768,12,0.278953,167
934,2100,6,0.336124,728
2475,2229,20,3.345068,352
569,813,6,18.761787,556
1427,2005,11,19.292450,279
2304,58,13,2.500970,629
1007,85,20,13.871999,823
1714,2309,7,15.818435,349
1186,2225,9,10.321669,471
1273,2428,15,4.750090,989
1522,677,19,17.296479,427
376,382,20,13.134106,893
1320,258,15,7.919716,986
318,2024,9,13.536419,463
1611,1967,12,16.508999,790
605,409,9,18.439471,131
1705,2415,10,10.979502,823
103,550,5,14.255236,980
320,778,13,6.194998,308
2032,2249,18,12.171808,877
1410,2321,19,18.501005,455
689,2,8,8.255811,672
1061,676,12,16.498873,613
2074,480,17,17.362517,223
1077,1168,14,2.654616,1015
1479,2300,17,20.101194,988
2208,1647,9,13.858288,218
2400,1470,8,11.236278,1192
1796,2362,13,3.807913,323
2262,2107,11,16.733489,1163
146,296,7,10.039961,1082
1787,825,15,5.234040,152
1895,862,16,2.832768,810
1395,811,10,0.208126,264
221,2367,6,3.434573,841
2030,783,7,14.816527,733
1868,1432,10,3.219721,375
923,1052,17,19.002481,768
1434,1818,17,0.993488,923
2091,138,19,3.719215,903
1777,588,7,14.754034,727
231,1398,20,13.328490,462
989,2461,10,6.438821,103
462,2413,8,15.812636,156
535,161,15,3.305951,842
156,2053,14,0.765309,995
2093,352,7,19.506118,418
2177,296,5,16.062441,982
597,2286,14,20.405732,900
2367,2254,9,6.673211,255
635,1249,12,12.046311,844
639,1637,12,14.559671,907
1950,1881,7,10.247162,614
809,1264,16,10.908595,708
811,2059,18,8.127000,233
1797,733,13,9.899444,581
1943,1570,16,14.032642,1176
1662,938,7,20.217041,371
242,2077,18,4.810820,652
1253,800,17,15.068677,278
1297,1885,19,4.547729,584
2116,1912,6,13.099402,679
653,705,19,7.381337,1015
2111,833,9,0.147253,607
1049,793,8,6.861874,187
269,860,16,16.024985,413
1418,1817,10,6.424362,456
1223,1208,9,1.707503,393
2123,1813,12,1.270180,930
2392,1393,7,11.402383,253
1876,1464,12,9.445642,613
2370,144,19,19.868636,507
1206,828,12,18.674774,228
1680,1118,19,3.067307,693
2314,2322,19,2.834189,595
1197,1522,6,18.701877,1016
1953,1707,18,4.250504,1090
196,1893,7,5.612867,1124
1315,198,13,3.477376,1132
1092,1483,12,17.223276,910
1702,1813,12,2.422759,212
1342,158,20,15.599414,1179
708,1877,5,13.436245,773
1631,942,16,13.903984,291
2165,2008,18,14.953906,194
2227,1408,12,0.764364,134
2214,554,16,5.342528,844
468,2183,16,3.029906,968
1293,625,15,6.042395,925
1373,1638,12,20.447745,689
1823,1189,13,12.317492,790
815,608,13,20.338716,287
1711,2493,15,4.977866,926
354,1159,12,7.325446,718
423,319,18,13.399646,477
632,647,6,9.222504,780
686,1017,14,17.661283,1006
1900,1374,12,15.451119,1111
1005,1953,17,10.973059,929
1755,1136,14,12.761068,929
542,53,9,2.326179,137
302,70,18,14.927970,583
283,1033,10,4.445197,302
1726,619,13,0.924004,747
2075,1396,15,13.672304,285
1270,1972,10,18.072623,192
1881,935,20,4.999762,611
2450,1353,13,15.267011,552
2053,1104,14,15.748611,151
1303,713,6,9.158621,1053
859,1086,12,0.612278,1102
2448,1948,14,7.604709,109
91,2490,7,2.555191,256
1636,1304,11,15.727743,499
1149,1613,11,7.417050,648
1286,1223,9,15.028022,853
1263,1680,9,13.195914,130
1240,1973,13,1.249954,282
1780,1370,9,0.121666,990
1072,415,16,15.991117,553
721,952,10,12.770343,749
2009,1109,16,6.468141,260
688,10,17,5.663599,849
580,173,15,1.021316,577
1713,2375,18,8.100462,314
276,931,17,3.649956,375
981,1063,19,8.233448,244
1488,422,5,20.332656,421
2232,1902,9,18.916687,1141
1163,1578,19,20.079283,860
276,1327,14,20.102567,499
71,1419,18,13.215223,692
389,1882,10,19.476378,897
768,535,5,4.478231,1088
2228,1988,8,0.948967,869
1501,2156,7,19.022740,1192
1723,664,10,17.065342,629
359,1307,5,14.050649,741
1186,1080,19,11.651005,452
1848,1582,8,1.723105,391
1442,613,14,5.325476,1065
2374,87,8,7.890214,137
1363,1611,11,17.022222,474
1637,1564,18,2.417036,1046
1668,816,11,13.907643,654
2415,2256,13,17.155510,1082
484,1104,7,17.763121,429
781,605,19,16.578315,729
1775,1875,12,5.049319,1076
2156,2093,10,4.979781,227
154,1999,9,0.878718,930
1719,1115,8,11.857311,1006
1361,978,5,11.729472,1191
248,2056,10,10.502887,653
1656,2185,20,5.125394,813
1014,691,12,15.188469,236
2361,1619,17,1.607213,908
806,2228,11,3.858209,444
1563,2306,16,2.190460,312
788,422,18,4.187044,798
1592,1754,16,4.501632,352
147,2028,13,12.547577,594
1314,702,12,20.409400,1133
928,359,20,0.153784,878
731,2113,20,6.533070,475
327,1418,19,7.182816,415
2047,604,16,3.277983,977
1927,1264,7,3.000969,282
1492,638,9,7.575813,435
970,645,9,2.906625,740
603,1398,13,1.405005,1024
1639,407,7,8.638364,1134
2373,4,6,11.163336,317
1597,1991,13,9.155799,1085
1819,51,5,3.734451,1079
2423,2320,11,13.926183,898
1031,1583,7,4.801395,633
350,504,15,20.062412,245
205,1876,10,10.033981,1188
1705,1153,17,19.609017,932
878,2440,10,12.616505,1066
295,185,15,0.482571,370
1701,1067,8,6.485972,387
2316,1845,18,17.655530,278
944,1918,16,16.238825,280
1467,2243,19,2.929373,1070
1085,10,16,7.696940,494
86,1995,11,1.691558,701
1054,777,13,18.681665,1120
653,1300,12,13.493116,111
1205,646,6,13.894471,1137
2095,61,5,10.125340,235
723,1456,6,0.025769,322
1446,2234,16,9.100680,1141
1160,2249,16,6.469309,895
1045,357,8,11.176309,788
1357,1376,5,2.900363,319
882,1573,20,12.081056,788
825,1767,20,18.985983,1138
1271,477,7,1.400466,843
1378,1258,17,13.389880,1124
1948,126,20,0.495894,176
1604,1223,7,6.193033,697
1797,741,8,6.265907,1197
1589,566,6,4.929872,962
2360,1037,10,11.864406,332
68,1719,6,16.828656,1143
544,1040,9,4.788849,692
882,562,15,8.403463,927
1045,2191,6,18.853685,252
249,509,15,3.519177,1066
2055,356,14,12.820528,1052
903,1019,11,1.541616,550
1067,1622,20,13.628589,1010
1309,307,16,2.900743,255
1165,46,6,6.290955,104
1282,2058,7,4.546674,738
825,2447,11,5.667208,526
1000,481,15,18.111165,749
1994,1838,8,20.364419,347
2225,1990,16,4.703177,744
1338,2491,8,15.748399,438
181,1034,17,12.654812,920
2271,2462,13,13.101712,173
584,1522,7,14.299959,837
98,1835,12,10.492471,826
832,2183,9,0.722153,1166
1604,1772,11,13.113550,551
2141,312,12,17.013636,572
557,2311,11,0.263019,541
550,779,6,8.437543,704
2221,977,18,13.244141,892
1613,1600,15,17.229980,593
86,856,7,0.901230,417
1092,655,17,15.131318,1072
1659,826,18,6.823831,256
1944,551,7,2.962411,699
436,1483,14,3.132789,493
822,72,17,13.155791,929
1031,1546,16,7.700692,540
2443,1142,17,11.357741,628
1552,374,16,11.620446,1081
2303,2462,16,2.956542,710
1273,1786,20,19.331783,793
1623,1880,10,16.538124,811
1668,2493,8,5.746224,824
2031,2200,19,9.344011,886
1472,865,10,12.845752,545
111,2150,13,8.189910,447
1709,1163,5,7.013872,1169
1764,2108,5,2.795453,734
1145,152,8,18.267707,547
415,2045,5,2.518388,476
536,1273,16,16.889646,535
1420,1172,6,9.358087,377
2212,1244,11,6.558563,120
1715,308,7,13.987343,631
355,2132,19,2.070098,419
86,252,17,12.666446,820
2023,493,20,16.248025,1189
164,1346,11,14.146537,683
537,823,16,4.434045,1193
1434,2122,14,3.851854,131
1083,1600,14,9.854728,579
1540,1409,11,4.992733,724
1275,1271,15,13.198369,224
2393,940,10,4.929292,727
1745,1116,14,14.977260,381
2038,257,6,17.466502,1052
1739,826,9,19.350190,766
580,1499,18,14.959410,988
2173,1761,13,4.966869,752
1591,2459,19,4.121849,1114
2470,2291,19,8.920702,534
117,1540,14,2.969535,1010
704,8,20,0.425851,1154
830,312,13,10.765747,774
202,1011,15,0.814577,219
324,1869,14,2.299236,687
1149,2147,17,9.423944,547
989,1104,18,5.163203,715
1441,2195,9,17.681921,654
2185,1537,11,15.534146,984
1231,413,16,7.822967,655
501,48,12,2.355202,962
1013,1122,14,20.161325,331
2150,1091,8,9.660347,313
357,645,13,15.231523,917
2324,728,14,7.956027,813
1781,209,10,0.363444,912
1512,1330,5,9.262499,973
879,150,13,18.351542,145
1113,139,16,15.986379,270
2032,277,16,7.440909,208
652,513,13,19.315292,232
597,2155,7,0.900680,1079
347,603,16,7.320506,837
635,235,15,9.682548,638
1337,2030,7,4.869258,1045
954,1040,10,12.976823,313
2436,107,9,3.023527,114
1077,2226,13,8.435191,1139
707,280,13,2.453868,1116
381,773,14,1.159225,344
626,1904,5,11.280675,618
335,72,7,3.753467,993
690,909,19,16.212883,267
55,2430,15,13.940642,224
38,2085,18,14.415192,665
1271,630,20,1.099077,758
956,488,20,16.527934,869
1565,185,9,3.468292,599
1798,462,6,16.081543,823
517,2464,17,3.756231,762
780,1817,10,6.910288,332
772,460,7,5.165437,406
1839,423,20,17.436849,743
2168,1701,7,10.413739,805
364,1414,20,20.185156,704
1916,1888,8,10.627743,509
2124,1287,5,8.126359,535
83,1844,14,19.817894,792
2468,252,17,2.567321,1144
610,1955,14,9.704682,709
2381,729,5,8.617470,429
1061,178,8,3.124694,607
873,2437,12,6.055282,705
398,2137,10,7.038361,510
207,1382,7,16.452221,816
1143,273,20,11.581233,919
2257,1723,6,4.866134,258
1617,865,6,11.091619,927
500,1191,10,10.473167,1049
1018,1707,15,12.645339,491
1631,1286,12,10.177752,874
841,284,20,7.080547,396
2116,1277,6,8.057132,1160
1516,481,13,13.182797,222
1203,1007,5,5.654750,382
2009,308,13,3.242828,144
1206,1011,9,1.184692,210
1977,1418,5,3.949231,343
1236,238,20,10.986003,886
2398,777,5,6.396965,434
2127,411,10,7.522090,517
2446,2073,7,11.311919,386
1548,2332,9,19.921996,160
1627,245,18,8.577917,734
1869,1941,10,15.382048,621
1546,2442,20,19.972561,376
247,1753,19,11.160472,609
321,446,11,19.789655,1108
1491,788,13,7.003903,128
1621,159,19,15.835963,1042
2025,1479,7,10.931703,745
1957,1831,12,0.853456,178
2044,801,9,9.066256,348
378,1396,10,19.723270,806
2117,468,17,9.778947,529
1049,1217,8,12.269524,1147
2330,376,18,19.954091,508
1193,2052,18,7.326233,1027
943,888,16,19.671170,732
1409,1965,12,6.776879,527
1151,312,10,11.348090,353
1654,2155,18,17.382543,230
1377,615,6,15.525801,149
1736,1142,18,19.820608,450
652,2288,14,5.415599,107
2004,1214,19,1.014547,922
887,1507,15,6.449041,390
2465,1691,19,4.974503,140
2278,1728,20,0.620730,1055
2218,1595,5,8.488805,519
351,600,19,19.425340,573
2226,348,15,9.180731,785
863,2253,8,6.852754,205
300,754,17,13.733101,344
371,2264,8,19.460525,495
1998,1008,9,14.948836,760
714,2417,17,17.060252,512
34,2365,18,15.082696,634
1188,62,13,6.215981,937
419,2267,13,7.510996,441
2428,2242,12,13.119419,465
120,1332,6,11.848601,719
2174,258,10,13.527881,546
779,335,9,13.021296,988
474,1010,5,0.378872,413
945,1531,14,0.735934,1025
2294,2027,6,9.518379,521
1237,1652,13,3.038078,969
1217,1357,7,9.477249,745
580,1391,6,6.651361,425
1407,2185,19,1.797808,170
2256,2007,5,14.130990,748
1953,1415,5,3.781849,150
2377,2455,18,14.819193,305
812,1752,18,16.960498,225
1637,340,16,11.182775,744
355,1975,17,11.226623,1074
1,1481,15,20.245862,515
1070,61,20,20.288269,444
1415,1204,8,11.248436,599
2208,1,20,16.214328,1057
2201,1787,16,4.298415,357
681,450,18,17.447689,446
679,357,11,19.454216,749
2093,1440,17,17.766334,358
2444,1451,15,18.944402,216
1745,1413,7,10.606135,1022
579,273,19,9.903703,1062
572,1293,7,16.556190,542
2204,1013,11,16.147438,1006
2259,1592,13,13.267211,945
1654,1965,8,14.213698,181
1788,2097,12,5.240243,1162
406,1154,5,6.293749,341
811,2070,19,1.267749,663
594,1858,14,10.126596,735
2482,870,5,10.098645,202
1867,2310,17,6.392944,885
1947,462,13,14.487536,141
1071,2346,8,14.542869,310
445,892,19,17.507216,338
2170,934,14,9.484662,580
2004,2254,14,18.424983,578
344,397,12,16.688728,223
2115,1679,20,13.348657,1120
2193,183,8,17.324493,558
1117,983,13,11.256259,513
1903,659,8,3.804289,744
596,1606,6,9.474629,993
1198,379,12,3.161681,700
1973,800,5,3.850291,442
45,1642,8,14.634119,1184
1237,624,15,19.106111,801
378,1715,7,3.369883,297
1467,93,9,1.220007,193
1721,19,13,19.116310,531
334,1271,13,14.810340,861
557,115,13,19.341313,1094
180,2116,19,9.810009,447
2361,2480,17,16.016912,748
2019,605,6,16.632597,214
742,576,19,7.859401,1151
2230,1987,16,15.376141,1160
59,847,6,7.077160,462
1210,347,5,15.395356,362
372,1183,11,9.376045,1185
2037,1636,20,8.756126,1009
1613,2259,5,7.246768,694
70,1708,20,1.541610,191
2129,2278,17,3.075122,662
49,385,18,7.479305,816
1336,1598,6,17.231990,213
46,418,16,14.436245,795
1570,368,18,0.382758,926
2274,162,15,4.112910,654
564,2237,13,9.067615,689
1006,204,6,11.984569,799
1232,1237,13,0.370556,561
498,1241,17,2.830712,532
1082,1010,6,2.397968,771
1427,1040,6,18.964584,489
2314,2030,17,2.536567,195
526,243,16,15.128971,354
843,1541,13,10.186751,241
586,1218,20,9.904068,804
2004,62,13,17.409212,368
1512,1614,13,6.565571,733
1475,215,18,13.202956,852
42,2180,5,7.366840,830
1031,1920,8,2.081836,296
1243,1605,17,2.560400,1168
288,818,6,8.003944,272
1422,1644,14,8.423034,804
1835,1980,15,7.450476,939
1489,2331,10,0.176031,503
1867,1596,19,11.042785,912
1370,276,8,7.450341,112
2288,1493,14,14.621109,437
1423,101,10,11.260293,376
67,221,6,9.411039,716
1926,412,18,5.776474,315
813,1502,5,6.892416,1108
419,556,20,7.181929,288
1141,402,11,15.008384,735
1645,1322,15,10.845628,870
1771,73,12,8.961595,417
685,879,6,7.668640,855
421,803,18,9.957357,691
1858,1871,17,8.702018,1118
2408,1655,18,17.057746,100
292,1880,18,10.108077,390
1083,1526,16,13.381821,934
1926,2355,12,4.924987,511
676,1475,17,5.816623,687
624,1545,15,8.783954,995
1429,324,14,15.197138,168
1038,1120,14,18.338647,1162
393,2112,12,15.835525,1083
1718,1414,6,6.433656,630
2083,724,18,14.235222,783
2056,127,14,11.712469,757
463,2445,17,13.455011,314
301,2344,5,5.980020,227
1517,228,6,6.156457,650
713,956,8,0.721687,705
609,1618,5,2.093021,1057
489,2206,16,17.292439,1150
862,587,15,1.996532,738
195,469,10,11.549194,742
167,1734,12,17.089377,950
338,571,9,15.358021,722
555,646,15,3.962081,787
1185,807,18,4.349619,548
343,2439,12,20.149708,144
2120,1668,10,5.339318,754
1825,646,19,7.166536,884
1727,1573,19,5.145259,258
1704,1933,9,9.552484,663
489,69,14,3.070109,1096
2334,2012,9,5.053657,816
1841,1584,11,16.211066,229
649,2030,10,10.345483,677
1983,517,5,4.082855,418
921,557,7,7.232800,482
2149,247,6,3.846143,806
1692,354,16,5.432487,151
2189,281,18,3.431958,985
2412,2154,18,10.152255,475
1135,1643,18,1.700441,825
2035,1959,13,19.131491,1100
1892,51,7,15.898638,209
382,29,19,2.796492,848
1862,1337,16,3.018734,1122
1842,355,20,9.017161,1196
1253,1924,18,19.488008,280
1042,1896,7,9.994033,893
1453,1842,9,1.841482,195
871,1290,12,18.984544,504
1217,687,16,7.291632,1055
755,1771,16,19.210551,681
2381,152,7,1.365391,438
808,503,8,16.124727,595
997,1110,10,2.714856,839
1998,948,12,20.048931,567
561,103,20,2.010815,767
2164,1452,12,4.231528,266
1057,340,20,1.445013,940
745,2192,17,10.094602,502
701,57,11,7.511544,1192
1689,2043,15,9.523664,341
2061,770,6,11.557580,759
202,2324,17,13.328978,995
411,190,18,0.126660,526
2080,1306,13,14.725295,470
1422,6,13,4.666589,749
86,581,5,5.345476,1041
2151,1665,8,14.236464,1125
459,2299,10,10.910204,372
1576,424,16,1.733975,108
1627,1361,18,11.808244,183
253,1910,13,2.613436,852
484,2273,7,15.849166,948
99,2291,17,8.109186,1097
1978,266,15,15.378959,1021
2019,623,11,14.458629,959
2253,1669,18,4.269752,446
141,1085,18,5.049156,280
383,2248,20,15.815839,660
1475,625,6,8.858332,917
2322,1032,11,16.220837,460
1443,1792,13,4.355347,438
1492,198,13,7.707808,945
789,1812,14,4.256298,511
1998,590,12,3.218711,950
609,518,19,19.943785,631
804,939,7,10.327485,853
1713,934,14,6.674521,527
1481,1737,10,11.129197,332
1574,1484,18,4.142345,703
217,2308,18,1.456729,323
1235,1328,17,8.719739,1138
2156,1118,8,11.658664,1040
129,245,11,5.780862,897
808,732,10,6.305028,189
82,1233,13,19.974639,444
1821,1647,19,3.792632,760
1992,1780,16,8.730689,380
2135,788,14,8.427040,940
516,2468,15,9.177221,621
67,361,16,15.946168,1091
2360,1798,19,3.447047,480
2480,2455,18,8.638537,174
1305,1451,19,4.596668,530
468,2429,7,13.568506,991
1284,1273,15,9.243016,795
2213,356,10,2.139331,187
1064,1060,9,12.674952,735
593,275,10,16.173512,503
1157,650,10,9.678486,1106
2397,571,15,3.409053,856
1955,1324,5,9.963215,1146
1528,2417,20,12.649755,509
2249,360,17,13.080704,1187
1456,1796,19,16.737273,1027
540,236,7,11.160401,388
2136,1473,19,13.777643,1153
2418,529,13,8.791034,558
1206,997,9,2.272895,499
2080,1830,16,7.021778,468
166,1373,11,17.639159,774
2380,1063,20,20.215019,348
1600,1055,14,12.592199,885
1641,302,10,9.203250,952
967,2097,20,4.075923,902
1620,1612,7,1.490858,187
1226,1559,8,13.739904,1111
988,309,14,19.886647,334
462,503,10,10.440576,274
1276,1645,15,11.065372,192
1483,2200,8,11.622877,944
51,1374,13,19.102479,223
790,1814,6,2.723128,1054
2072,634,12,6.164144,227
2187,1963,6,3.809778,1185
2117,290,9,0.808423,184
590,711,11,20.310588,885
207,214,11,12.084933,127
1017,1177,19,6.124651,766
1057,2145,11,11.215895,754
414,2198,9,10.731207,285
788,2130,15,7.934940,1075
39,139,14,12.852121,870
2397,1920,18,8.303070,1011
1242,2126,16,9.520305,923
1469,13,12,19.443871,412
73,1581,9,16.052425,360
1660,1253,13,5.379813,963
990,1011,12,17.065873,895
433,640,5,3.923482,502
468,438,10,0.984691,260
863,2031,5,0.831608,535
2025,794,6,13.885049,513
19,2431,15,19.290303,213
38,2093,5,6.034985,916
1787,2094,7,6.408921,526
2405,437,15,2.512408,633
1629,2411,16,7.606038,679
1591,1081,12,1.391460,470
1188,898,20,0.366229,1188
707,527,6,6.227332,881
996,348,14,4.080138,199
517,2273,17,9.294069,579
924,2185,6,11.005757,868
1879,2435,18,7.076470,1185
1868,1665,7,16.506474,544
907,376,15,7.672969,955
1875,931,16,5.727918,116
2285,519,18,19.042763,1167
253,727,18,0.894188,638
2222,1511,5,4.763897,471
1516,1349,19,12.120564,983
1574,1485,8,2.955438,806
732,832,7,9.678648,985
399,2322,8,20.340086,291
495,2476,18,1.356144,851
1884,576,8,7.675152,336
2037,2451,15,3.549571,648
869,689,5,0.558351,724
609,2050,17,12.789929,851
2215,661,18,11.602138,249
1755,1677,9,2.702823,273
1311,494,7,2.918711,949
2182,1268,14,5.234066,326
246,445,15,1.142999,732
1330,884,6,6.140830,1048
2171,1865,11,0.225464,687
1573,105,18,3.015492,358
691,978,17,4.116279,1025
302,1268,13,1.904067,515
1514,92,6,6.664597,1059
2322,2418,11,9.083675,424
286,2401,19,13.866230,256
389,2442,14,13.380586,179
754,1861,9,5.916702,957
934,132,19,15.718189,945
533,1057,10,16.701158,365
1831,1463,19,3.423293,473
2055,1474,7,9.319830,662
657,583,12,0.410287,1186
2369,362,15,1.014954,338
965,77,13,0.132905,713
843,945,19,17.499233,928
760,1447,14,7.360253,585
475,910,12,15.091074,1022
1838,940,10,17.755943,722
287,1260,5,2.539390,380
450,1435,19,14.816568,138
42,2379,5,18.242461,226
651,875,16,16.816881,401
1344,834,16,18.162820,696
1464,601,12,13.995937,1131
1240,577,6,5.483464,330
135,461,12,4.008341,311
703,316,14,3.577814,436
558,2229,17,15.975547,761
10,221,14,12.231321,489
1574,656,7,8.597944,1007
366,149,19,17.022300,191
557,2277,8,2.952048,864
1959,14,11,8.384498,762
781,297,16,9.679885,544
1345,2150,6,4.845617,819
2311,881,11,12.341637,126
1520,1846,9,12.132839,1178
1814,909,19,10.842630,302
1261,121,6,15.791805,906
1797,2192,10,7.516318,714
472,973,20,11.595019,403
224,662,18,1.284970,1037
1562,2390,14,19.838631,1132
327,1588,17,5.753788,542
1461,1283,13,19.479115,345
1685,847,15,6.919317,285
1274,2278,11,14.789056,403
2013,127,6,14.485560,984
2055,1821,9,15.920294,320
746,885,8,12.856014,460
2076,104,13,1.792826,478
6,1312,16,12.666316,591
1539,1493,7,5.902892,379
586,722,6,9.688544,486
1233,1256,14,20.391618,1004
356,981,14,12.799073,298
670,186,17,8.167737,435
2468,1264,9,16.605307,201
1328,2137,13,10.793689,129
1877,1578,17,6.071129,1007
1309,53,12,6.198761,621
2322,2070,12,15.011635,877
2266,183,11,5.837132,664
1286,149,19,15.647366,603
839,410,20,7.579850,1149
1071,1651,18,12.632687,791
1247,1716,6,7.294979,303
896,1281,19,6.023104,170
1874,1438,19,5.103131,638
1187,1321,16,2.219397,131
25,2325,14,9.121318,1148
1898,2363,5,3.555210,398
321,962,8,18.389924,471
1727,567,19,15.792940,392
1806,1366,5,11.510376,1032
976,2009,6,19.365149,1105
673,1968,20,17.363823,1127
106,945,12,14.761659,182
1844,1663,5,5.080904,1142
265,2329,17,3.151242,979
1462,1796,15,15.227293,722
1601,791,17,17.306059,1092
305,251,17,18.326857,1080
1032,391,20,18.650816,173
1254,1818,6,18.069199,378
498,1268,10,7.137361,690
1738,1741,18,15.398599,715
2192,361,20,17.322936,1034
1897,722,19,10.210638,1062
835,606,12,17.620525,233
253,1399,8,2.154886,507
1223,2076,10,12.317984,355
1504,803,14,3.361280,400
1135,2252,11,8.267955,475
25,2286,5,11.443011,608
467,1964,18,17.109276,500
1769,298,17,2.410972,742
1478,1403,15,14.796120,151
2139,3,15,10.993464,545
2075,1473,12,15.597614,1109
891,715,17,14.202871,552
1572,1966,11,0.879736,388
207,1078,20,7.301194,1137
2345,915,19,11.330130,1092
1025,2200,5,8.614134,198
711,1625,11,7.603511,972
1245,741,18,15.743466,276
1024,1977,9,11.433923,230
502,1609,11,10.615327,207
1673,1258,6,8.723654,913
2138,298,10,1.721201,234
391,842,8,15.129639,1073
1803,1769,11,5.778780,945
2331,1270,17,14.912393,129
1270,390,17,4.390000,152
96,248,19,12.503637,559
952,2245,11,11.504078,520
1581,811,16,17.880434,856
1618,1237,15,11.739113,328
163,2126,6,8.357825,975
753,2164,20,19.963349,514
1974,1533,13,15.919362,424
1562,1336,6,14.225422,847
1706,1532,17,14.005372,607
1037,1897,20,13.925708,500
1845,2095,18,10.853709,313
1063,1481,19,14.067485,179
27,1207,13,1.616572,449
1718,189,10,3.600791,701
200,1306,14,19.774295,454
299,2387,15,14.392702,465
1300,791,9,16.138555,529
1246,1949,12,3.665435,1113
2042,692,10,6.516538,288
2236,77,9,5.574468,581
1500,1727,12,1.084981,150
1293,1042,11,5.052995,791
1552,1959,18,15.287686,430
1321,1834,20,17.130824,1029
643,1142,19,15.439722,222
65,302,10,2.408368,416
483,814,19,17.629997,306
1771,2275,17,9.072138,579
606,37,16,10.950719,168
1806,148,10,20.284837,750
1769,926,7,11.452188,348
473,915,20,9.298126,899
782,1828,12,19.281496,1135
315,2452,15,13.757966,208
933,380,17,12.488622,700
1946,2341,16,4.676584,862
2169,910,6,4.346125,329
1920,2341,12,2.195336,295
1740,2195,7,7.161310,1000
631,2376,18,9.001502,1160
17,959,13,16.670997,1162
2096,2181,11,7.182670,728
137,2410,19,16.013398,168
896,37,17,12.961708,1071
2480,1979,8,17.500875,828
1916,1904,5,17.630356,1008
222,1651,10,5.021162,984
636,1159,19,13.126621,1060
1313,564,18,11.842336,940
2333,1067,9,16.993602,788
385,1307,5,14.993850,772
1165,1075,17,15.346546,684
2171,875,11,7.682069,1195
1385,2315,7,20.076032,671
2206,63,19,1.412587,636
348,286,20,0.091487,555
2033,467,13,14.184443,407
1216,2094,9,15.544869,442
410,575,5,13.464412,863
2069,270,17,19.712004,593
1639,574,12,5.273784,325
484,1491,9,14.984396,739
243,2115,15,3.074069,582
1034,1939,15,4.541054,984
61,1615,13,9.062264,158
512,1379,20,9.360405,258
892,98,9,6.646753,947
1880,877,12,7.285110,424
1597,2168,5,10.823609,166
1538,1984,10,11.762274,216
1695,1221,20,19.499914,187
429,461,7,13.573029,1052
544,1116,13,17.403084,1069
946,419,9,5.977320,1188
1741,428,19,6.129035,629
1623,1734,20,12.031648,760
2497,1280,7,17.290940,878
1738,2374,12,0.607338,949
792,126,19,6.347445,309
49,1496,6,11.975534,990
1918,864,9,7.024781,841
1221,1833,12,17.336673,1134
337,1534,20,15.787698,968
1337,521,7,15.540555,335
206,217,6,10.563813,464
377,2090,6,17.370309,593
1407,2099,13,2.931418,701
1641,838,19,9.213491,178
46,859,10,0.495069,252
1045,2275,18,14.183520,1063
1141,1236,12,16.168682,926
30,1938,12,0.879515,350
1056,1374,9,7.999427,1160
42,471,17,17.721938,481
1062,1563,9,10.995335,1128
2109,1977,10,13.039813,788
490,1001,17,8.939597,287
2204,1506,14,18.145492,932
1870,1357,17,6.346498,1177
1146,1535,12,1.703013,729
365,1003,18,3.993301,1163
123,19,8,4.494537,1173
223,2298,12,17.433567,732
993,1608,7,4.109702,1044
694,1922,10,6.231420,1064
2263,1553,17,14.692469,448
625,870,5,18.903682,852
850,1591,8,4.704256,438
241,1500,18,1.160587,238
654,1701,10,5.939407,491
28,1271,7,2.242907,834
2094,1418,17,17.357283,834
568,1210,17,11.380324,648
602,1608,13,5.221585,817
1909,900,6,2.444498,195
1627,2247,17,15.617161,959
1072,1065,8,14.654890,161
2232,1785,19,12.554716,130
1145,25,19,17.720032,1151
1735,1136,11,15.995994,1200
339,738,20,2.422918,296
1309,1743,13,4.855309,147
1774,371,18,6.177268,735
356,2098,20,10.537441,182
882,1593,20,12.180297,529
29,737,16,11.573263,312
1296,1998,15,13.248569,178
508,1862,14,6.841059,330
576,796,18,2.920431,936
713,1248,13,14.376548,569
1190,753,18,8.097898,738
412,1274,20,6.071708,1188
680,1302,18,3.512276,346
69,984,15,5.968418,997
1870,1406,11,19.402972,296
809,433,15,12.551058,305
2219,1698,18,8.493709,334
27,1369,10,5.156584,1024
62,1389,13,2.242956,687
573,2409,13,5.257209,1076
1398,2281,12,1.178572,121
1481,332,5,4.872546,1146
1436,1943,10,10.042515,874
1346,669,5,8.044899,1140
1620,265,12,15.377400,370
645,2406,19,16.830736,687
5,2111,14,3.763195,332
2317,1301,18,6.617923,448
2339,1814,13,14.581515,1022
644,1901,19,20.190805,729
488,2290,14,10.177208,830
2305,971,17,10.863535,866
1635,1353,12,14.047934,346
1884,1449,18,14.554740,586
466,1006,11,17.311772,536
2279,1306,11,14.368137,856
748,1131,17,5.524831,519
1575,1004,8,16.544303,440
1750,447,15,14.763618,160
825,604,14,2.503571,616
83,1066,8,6.365626,492
156,1357,6,17.173042,272
1639,1100,15,11.724951,590
1415,2406,12,7.280912,1133
1176,838,8,6.155702,1018
1499,2112,11,6.423064,303
1273,546,16,6.760124,340
1516,2140,10,10.117398,809
2162,517,5,12.481803,836
1395,2061,13,4.685791,767
914,638,5,12.541238,376
1464,1001,10,8.238417,485
1957,162,6,4.204695,1059
1377,2147,18,14.899338,590
1705,1080,17,1.754483,286
1573,526,7,17.366464,634
893,92,7,9.579090,1014
1975,359,11,15.505628,931
1510,1676,9,1.301796,875
1829,117,6,20.219523,545
716,2349,13,20.240937,563
1810,2362,10,0.163852,319
1358,939,16,6.424369,572
1375,851,9,0.059021,1115
1650,968,18,14.765215,691
1386,1710,11,17.414045,432
1025,1777,19,7.408368,846
533,1578,19,7.412079,221
1604,1982,10,14.726371,557
1751,796,17,4.246409,229
829,1727,11,2.907745,1021
1460,1272,12,19.669608,339
1282,1110,11,10.650951,1148
1119,451,14,18.229553,593
1448,1306,12,2.158858,236
337,986,15,15.314216,1182
2193,1144,16,4.962984,467
1526,1767,8,20.061368,419
1602,865,13,15.458710,444
2468,1612,8,4.676992,679
2211,1613,20,12.959475,159
1259,1431,18,4.813116,851
2030,2011,6,1.230359,722
1264,709,10,12.019163,657
1957,827,13,19.784881,274
590,1334,14,11.411489,122
222,1018,15,18.411542,236
160,1242,18,19.241177,214
2034,1856,15,4.228414,242
134,339,16,17.310853,849
1008,717,7,14.780053,1192
1497,2144,20,16.699033,804
410,1197,17,6.769479,1069
1967,494,8,2.072343,185
2454,480,7,15.126166,1066
447,1686,5,19.130319,499
576,544,6,6.128737,223
2267,622,18,6.370972,942
1453,1101,13,11.184703,186
10,693,11,1.180905,1080
504,561,15,13.549122,1021
1137,382,18,9.422086,576
176,2008,15,3.208146,731
1518,1033,16,15.773372,215
1779,713,6,10.467847,306
722,22,12,14.526751,1047
2288,284,17,15.928240,437
2358,567,8,19.905429,378
1633,1423,6,11.169345,465
1999,992,6,17.043102,158
1123,1072,6,0.247287,1200
2475,1537,12,0.242600,172
702,1980,6,19.564039,1038
1172,921,15,7.808168,851
2441,2222,20,4.232759,152
2401,1951,11,4.634800,463
1358,1376,9,5.683521,678
2022,2283,18,7.814533,806
105,1784,14,3.346618,469
2211,364,18,16.148966,316
2401,1247,10,2.094737,618
783,1311,20,8.945435,730
1274,1628,13,19.003721,105
659,333,12,8.582872,758
173,1598,13,3.630765,186
1472,1689,16,18.066451,139
144,1987,13,2.973228,408
2163,384,19,16.322624,487
206,779,14,13.701469,675
1509,2165,10,6.361165,733
1899,2052,6,14.972812,256
1094,2024,7,6.131627,486
570,2184,10,14.823762,207
1132,1572,15,5.243405,859
1758,916,18,11.872456,164
545,349,12,17.049928,983
1831,2002,5,17.984092,195
2090,1199,20,8.393994,388
2250,1393,9,0.247845,302
124,9,11,4.737080,767
1139,369,16,0.016554,1189
1044,1867,11,19.197263,676
1039,444,11,18.188029,183
2291,1968,10,2.100712,575
626,1778,19,15.913714,724
2118,1848,7,16.557171,436
708,2191,15,11.959324,287
2050,309,18,17.194249,1153
1107,946,17,15.403992,753
1885,1776,16,14.625992,798
1246,911,10,3.092167,1198
500,205,10,18.923887,894
1428,319,16,19.594950,1060
275,924,6,0.238642,966
1,781,19,5.940838,711
1609,1897,9,15.335015,153
1500,492,12,13.908685,856
2186,1414,7,3.646784,473
2411,254,7,14.558618,996
649,2456,9,9.905916,225
1013,438,9,18.041116,135
802,1449,6,5.560946,230
1357,348,20,4.494254,817
1487,1016,13,13.868900,195
1027,2023,10,13.074259,1151
880,1980,14,4.998660,392
839,1193,6,11.890161,934
478,1340,20,6.577840,1194
2345,1247,17,13.129741,393
1241,2092,20,15.624309,166
158,440,10,4.964497,607
2353,284,20,18.210278,997
405,1086,18,19.620905,183
1100,1747,9,10.021217,616
1027,1896,16,11.732149,697
41,1898,17,9.378329,445
588,1960,14,10.216451,627
1397,2038,14,17.017934,539
627,1401,17,13.570581,671
307,2410,11,1.091696,988
838,2153,5,12.844577,1103
328,203,5,18.891013,873
1317,214,6,8.334905,673
43,832,16,1.214709,278
293,1103,20,2.984623,610
1739,855,17,14.692086,156
2013,1773,7,18.849174,1026
1025,312,19,11.129653,648
2477,1164,11,2.065607,983
1166,1917,10,1.038660,1162
1872,1655,9,3.101392,365
381,465,6,5.836047,894
710,1458,15,18.795393,258
132,1310,16,16.047989,261
860,1965,20,13.437897,216
434,249,10,3.633989,443
1399,1893,11,11.596229,348
1306,2061,20,17.408991,1067
495,209,5,10.395677,311
871,657,9,10.485625,1178
1595,2106,17,13.565950,1091
816,304,15,15.115463,869
2315,1448,10,13.268849,179
1477,929,11,1.597052,993
867,874,7,10.435353,767
144,2346,10,3.885179,254
874,889,10,17.962790,624
545,827,11,2.591737,901
2060,392,6,17.424023,774
1674,1578,14,3.336039,786
1220,1546,17,19.310910,1039
809,87,6,19.169187,808
2318,1693,20,16.199067,1016
2244,971,19,16.225564,1114
2013,1494,14,16.149308,1042
1642,1396,9,3.310639,139
544,2280,12,14.693080,1187
232,1767,17,15.655332,821
742,226,15,4.338493,202
657,1682,8,4.334184,727
27,2044,13,12.141084,1192
1016,523,16,13.217061,901
1705,2179,18,13.743516,473
191,1323,15,5.298721,411
2267,1021,8,12.822274,151
236,1279,9,7.592619,343
1490,1032,9,12.652016,106
356,1647,6,15.843251,548
2202,1531,12,8.005908,417
1621,270,20,0.833456,917
1877,373,19,14.049744,693
1921,712,10,17.884034,873
1770,775,8,17.854384,645
1625,25,17,6.883390,190
1252,1605,15,0.998951,549
2214,1308,18,0.457384,340
2284,1289,17,6.441575,1028
1262,1507,7,14.193629,395
1495,1877,11,20.207698,217
1151,603,16,5.331822,920
265,2003,11,15.927193,169
664,763,11,14.979343,256
733,1633,15,0.101592,310
1449,230,9,10.802742,338
6,1044,11,11.826150,943
1382,1302,5,13.772301,273
2120,2024,10,17.839545,964
736,714,19,16.930957,746
964,2085,5,2.199524,756
766,189,17,19.708430,844
1457,1726,8,3.869565,1041
158,1186,8,1.643408,904
505,568,18,14.354336,261
362,1263,11,6.767022,178
718,1119,8,19.624623,406
800,453,17,8.050630,1049
1049,910,7,8.300191,849
849,809,17,2.568614,193
231,941,12,3.233046,834
319,320,20,1.550162,577
1052,1795,14,10.938323,320
1213,837,14,10.985862,670
889,1063,12,14.180632,752
573,2353,18,2.412555,1175
463,1149,14,11.952492,584
2220,275,10,10.969362,836
476,513,11,4.834977,929
417,436,6,8.994882,381
1072,1915,5,19.630086,405
959,2217,19,15.568057,897
2404,1601,13,8.787269,145
2442,1115,18,3.074664,697
1792,94,17,0.978697,1111
768,1240,6,13.246637,247
1348,2324,12,17.241991,374
1556,2459,6,7.708055,525
1519,2447,13,7.137102,885
1012,1540,19,15.284666,698
1157,689,10,7.738668,844
992,2361,13,5.015027,795
1413,11,5,14.879867,323
1174,2078,15,11.362073,622
1519,1227,10,3.586259,368
1503,1620,18,6.280798,525
988,2285,5,2.989050,194
1021,1629,6,9.127552,327
318,457,17,15.875635,424
1573,841,18,10.417438,285
2127,669,13,12.090746,206
1105,1870,18,14.972699,1093
2077,1356,8,12.435548,899
2166,1391,8,7.401575,590
1198,1426,9,18.999373,243
2328,1651,7,8.218671,1131
929,1921,7,18.216928,101
1753,2031,13,15.963898,1199
206,1443,12,17.759802,819
1477,1953,19,19.544613,166
1847,1260,15,1.993063,717
1979,1085,12,11.351651,254
411,396,7,14.851813,518
1178,790,12,1.515370,824
580,1822,20,6.565048,787
1503,1257,12,11.631867,138
2076,961,9,14.237021,711
608,1523,17,13.549214,295
2313,744,10,6.469823,414
1913,1484,16,14.228832,334
829,2003,6,6.595416,426
609,908,19,14.018404,522
1549,244,20,8.933799,1136
785,2042,20,7.921062,152
683,2324,16,7.950949,354
2078,4,19,0.512415,1147
1827,1735,20,7.899113,460
726,1856,16,3.588662,863
1548,456,10,14.541917,661
2064,1314,12,18.623851,1153
2237,1787,20,10.932929,418
1424,2228,16,9.962525,475
1772,77,10,14.828327,588
2126,2390,11,9.115876,1031
351,1275,15,15.447218,100
826,1222,20,9.652764,386
1010,1777,6,18.463794,723
1254,556,19,19.406534,457
304,1346,16,16.794470,1051
2073,1835,15,10.642489,306
1198,104,13,19.033247,760
134,1901,5,13.234815,660
2344,1217,19,4.605457,645
1577,1018,15,10.461159,132
289,2094,15,8.329842,807
1341,764,15,12.004497,919
2071,1859,17,0.739007,422
2070,243,5,17.594206,984
961,1010,13,15.464677,305
2324,1357,5,4.883949,781
1438,1621,5,2.966977,933
2398,83,11,10.584265,866
1340,8,7,19.799691,405
308,2079,19,6.102757,725
135,2285,13,15.534735,618
1441,2449,20,5.470819,538
188,1066,8,10.843810,163
2269,1502,16,1.575936,236
2427,312,12,0.358881,612
2111,1748,5,8.496511,959
2226,314,8,8.472718,598
1321,1974,8,10.763200,696
783,463,5,12.272312,797
973,805,13,5.541978,408
2304,252,17,8.878509,1108
1594,2311,13,2.125137,912
584,233,17,12.656158,1175
1890,274,6,6.783242,783
3,1040,11,1.675611,112
2271,2168,7,7.925533,1191
2120,1144,9,18.052919,643
1208,1289,13,13.948218,814
240,1747,11,14.648075,190
336,1458,16,14.329557,1101
1627,805,12,18.467320,752
1385,1798,14,14.271618,107
59,148,10,11.792307,162
1385,931,15,15.054498,508
142,2170,6,12.168136,682
2251,496,15,6.454048,106
2405,2299,19,9.779171,988
2441,1992,9,10.711056,497
1334,975,11,11.322937,716
2095,1189,10,9.161084,1066
2312,2333,6,18.668901,279
235,144,12,18.930591,350
608,862,18,1.209209,1007
1352,1296,11,6.642315,294
101,1464,8,17.740275,567
1347,1296,13,14.059254,1178
1739,1028,18,16.813931,712
7,1806,17,16.670891,613
985,1263,14,10.515726,683
2256,821,6,5.416702,896
1575,2434,11,6.512744,557
1214,1934,6,4.728355,373
1908,1787,15,2.091290,243
1841,1284,18,13.318949,216
2334,2056,8,11.745019,1025
1795,163,8,9.896555,912
2323,1369,16,7.123519,698
960,1442,9,3.623452,935
2445,1866,13,1.453896,668
1974,1523,7,3.773923,884
1664,347,16,7.382891,922
2034,2384,11,7.571917,1083
403,2322,18,6.086926,1145
849,2209,12,3.782327,810
1337,1933,11,1.820942,385
1915,284,9,15.264627,1183
1131,1112,18,0.494851,767
150,1675,15,15.929100,837
1969,2245,19,5.053471,533
1084,2429,6,5.476044,124
362,1868,19,19.963673,206
1982,143,16,8.764607,992
1045,1057,18,9.629827,843
1201,2300,11,15.485156,249
1584,922,8,1.943712,961
970,263,5,10.025502,891
46,429,11,3.418956,484
1249,764,10,3.068407,603
1698,1709,5,16.720201,206
1845,1974,15,11.547884,1070
819,1305,12,20.463266,555
176,677,12,19.964810,259
1441,292,13,17.764821,880
797,1769,14,16.302478,1030
140,1477,8,9.734042,629
1550,620,7,13.964108,403
1263,2157,16,9.198562,529
1348,1930,12,19.711526,612
2200,2124,18,16.362290,607
572,2310,6,11.460691,1091
752,2312,20,7.169713,986
265,2448,10,4.131756,795
2014,858,7,4.391067,377
1551,598,7,10.654724,853
851,1569,8,0.369910,645
748,2126,6,5.882348,324
2129,688,19,16.809566,686
894,1023,8,17.057004,895
2202,2310,10,2.857304,980
1174,217,19,5.529820,937
1459,2148,10,1.728895,894
510,226,5,6.531828,354
2062,1681,13,9.766616,882
2353,1135,17,0.287073,629
2497,1397,11,9.178293,644
2472,2428,8,0.783532,671
1467,1241,12,5.985860,672
1764,1871,15,5.405076,847
1953,1104,17,19.760624,1030
323,2005,8,17.495046,1017
2440,1764,12,3.664961,670
652,1255,17,11.932948,1081
341,1265,17,10.477927,710
2181,1949,10,15.996770,886
76,1164,12,16.182037,1152
639,1225,12,12.270812,579
310,313,7,4.093806,239
374,1862,17,17.694295,664
447,1929,6,12.271431,510
145,1653,6,6.799733,1045
1746,520,6,3.368681,172
589,965,5,9.536545,149
1123,93,14,9.059388,683
581,2309,5,11.720925,881
1331,439,15,7.504776,1149
1251,673,6,1.264326,1039
33,1701,16,2.336503,129
2291,870,17,17.687287,180
1652,55,11,20.407213,1036
327,270,5,4.117768,912
859,1805,17,1.499829,534
267,1310,18,15.371134,462
741,2083,20,18.486673,860
2215,1204,16,3.284148,460
2059,2226,20,1.863422,781
1399,961,12,8.883357,1022
423,1449,6,4.340725,549
211,1039,17,5.735672,238
225,1694,16,5.744732,371
620,1761,7,18.995158,920
1513,811,12,3.453889,848
1448,1483,7,12.830759,365
1621,1349,5,9.101724,929
1262,2137,5,0.295110,773
1744,65,14,11.215755,471
2327,232,7,13.505790,805
1150,2442,9,8.301918,562
1571,1396,15,7.080652,822
136,870,6,5.389791,1112
1887,2362,11,3.707479,125
2191,437,9,18.123536,1100
548,1383,8,5.663093,543
1099,353,18,15.247779,752
1541,765,16,6.465411,369
1396,642,18,10.235489,843
715,457,18,1.263202,867
308,1161,16,2.863543,760
767,1582,13,14.951312,138
2462,2274,17,16.028547,1155
113,49,14,2.510781,168
952,236,17,16.212405,611
1559,1178,7,6.807918,675
907,817,14,3.262489,398
795,77,12,13.801949,1069
1077,1140,5,17.506026,1136
2412,1286,14,17.448908,1012
2143,795,5,19.084395,1000
2302,2341,17,2.161817,208
242,411,9,2.043025,1197
1645,1901,5,16.454585,533
1388,487,12,10.423095,568
715,1746,12,2.025709,1014
28,617,5,7.398990,573
281,1532,17,10.948385,547
80,1180,9,6.010651,1192
1240,574,12,7.919593,589
2407,707,16,6.429604,480
1389,1033,5,0.763929,563
1474,1865,20,9.554354,740
143,2098,6,0.076850,443
213,941,9,1.887600,632
405,1191,18,14.741963,668
2129,410,15,15.988471,657
303,28,16,8.078255,1055
1638,1742,9,11.360119,819
1810,1907,14,2.928027,892
2091,1050,17,14.342511,675
1611,2078,6,10.956630,1150
1210,2011,19,10.924751,530
662,2076,18,19.645047,520
2138,1350,7,13.188269,1006
21,147,11,17.026799,499
1348,1664,6,18.207025,346
1019,1470,17,15.746027,561
1278,812,10,13.372147,389
2456,1946,9,7.544668,597
1460,1295,17,11.719840,818
1453,234,15,15.525814,655
89,59,6,2.822740,571
915,952,12,20.032120,796
366,349,7,13.796305,402
282,2458,6,14.664428,853
1454,39,14,11.187393,461
264,2076,19,8.257085,493
1900,2403,17,18.246748,300
897,1113,15,5.065877,861
1518,2094,18,11.983365,524
317,2475,10,0.097404,163
1743,411,13,15.432576,547
478,2334,14,2.779820,841
1067,1506,15,13.270877,426
422,893,5,19.379931,808
576,1881,15,5.446139,413
2370,621,15,17.680677,667
2264,256,9,15.034989,894
1061,335,20,15.675813,179
1527,2391,7,9.110348,975
1409,1350,11,18.068238,949
2340,649,12,15.485106,494
1988,1380,13,5.258573,171
913,77,9,10.318820,842
1552,1731,16,16.376986,288
2337,1707,20,15.290092,791
225,2009,20,19.299626,833
2383,220,10,4.719206,1046
791,50,16,14.399193,1080
1954,2230,10,6.866161,989
1132,448,11,16.594099,747
1737,518,18,3.230924,143
1198,2200,8,6.744144,1083
760,1068,7,5.148227,563
1088,696,5,16.447116,1144
395,2246,7,2.362582,635
401,565,20,1.064327,174
1297,2162,19,19.958885,911
1499,368,14,12.411073,426
2141,238,18,9.471795,719
164,2022,16,0.933662,401
9,1777,10,2.993745,737
1333,1356,16,17.453927,159
344,1642,7,15.734175,1137
597,528,6,9.622191,309
2416,1709,16,4.855616,303
1367,1811,10,3.199655,612
2158,2248,19,18.479153,1176
1783,738,20,0.716281,1179
1584,1709,17,3.697888,1084
1184,2198,18,6.461851,158
228,1453,12,2.002739,365
1784,1746,8,17.448890,932
1216,684,6,6.792791,1117
2222,780,14,18.412822,810
1479,1919,14,0.580240,618
934,1661,13,6.127463,112
669,634,11,7.378729,619
43,530,8,0.157221,329
1445,1045,6,19.231200,256
1454,164,9,5.920353,1089
1941,2266,19,18.264396,928
845,673,20,10.614867,922
1371,1380,16,8.563676,1029
1082,2454,9,9.371062,609
862,1498,20,8.799655,944
1171,2471,13,8.340470,329
1147,1795,20,11.369842,1058
1249,2110,5,10.894674,990
264,898,19,13.887581,437
3,254,8,15.433460,962
1171,826,15,19.752826,753
1412,471,14,17.068026,189
292,233,18,6.239540,487
1759,1504,9,6.444803,523
269,2054,11,8.151612,1052
1292,213,15,8.860943,335
711,29,8,10.842757,305
535,944,12,8.940826,848
255,2077,5,11.207939,273
1371,2382,16,4.428812,235
31,2190,16,16.393544,729
1910,1767,13,15.513507,580
2175,1734,15,15.830858,879
1026,1860,8,10.201909,127
2059,1534,17,4.102609,1040
2446,2448,14,6.805430,544
1004,1457,10,1.441610,367
128,2393,18,5.532020,741
1484,1661,15,15.033650,246
2008,1625,16,8.195745,323
1644,1836,6,10.744823,660
1891,96,14,15.306125,944
2435,347,17,3.147145,843
740,1553,8,4.108976,250
141,1214,11,11.421207,429
2325,1041,5,4.559370,1141
547,230,13,0.966083,793
2172,760,14,13.304038,787
1220,1682,18,0.135347,773
1260,867,7,2.616733,716
2156,756,6,1.340376,955
1191,757,16,8.152870,702
737,1860,5,12.349330,960
665,150,11,17.066529,262
2004,138,17,18.299596,1061
1522,2048,10,5.876256,671
1503,1725,18,15.778739,1051
2274,1703,9,0.208546,252
35,277,17,14.850472,209
1376,2277,13,4.043250,1178
153,2066,16,18.826194,266
724,2033,9,13.586516,1096
2431,2277,9,18.749302,636
687,799,7,0.485704,721
1528,232,15,7.154971,729
1839,1440,16,5.738298,369
1136,2365,8,17.507317,697
1590,2076,16,2.999746,102
2065,257,17,14.417392,929
2210,808,14,12.796205,625
98,2104,10,5.782363,518
1850,1619,13,1.618673,355
1426,1495,15,13.202218,1019
674,1463,19,9.048134,1054
1492,2051,8,0.440923,968
1021,1347,10,0.347485,978
1591,2246,20,14.403848,561
1242,2079,6,14.384591,218
1515,611,9,1.569409,649
505,614,18,18.293009,941
1562,772,9,7.781874,1060
1965,1579,15,1.628109,867
1723,252,20,5.908314,444
1310,1874,11,3.314332,549
497,443,9,8.202842,981
124,967,11,18.460451,146
229,1191,14,10.991483,700
2026,1200,5,11.007326,221
213,1451,14,17.146146,338
519,2120,19,3.017650,150
809,1778,12,4.125188,635
957,1601,16,0.233276,687
538,263,6,6.334157,756
1922,542,17,9.114015,516
1742,965,8,14.812397,139
1679,1175,17,11.722310,277
608,910,8,4.365939,1029
589,2023,18,10.314723,339
2345,375,5,5.683303,669
991,1166,5,10.759752,622
1198,441,6,0.434511,1184
138,1585,8,8.823897,213
303,1102,18,3.478782,972
1191,1481,14,19.310205,944
629,2085,7,14.920562,243
1886,1300,14,2.845521,886
1278,2153,20,15.488597,759
2371,1979,20,14.564468,205
927,1573,16,8.004331,805
946,2249,5,4.693806,752
1084,1150,12,14.307589,523
138,892,16,9.091571,529
2010,2307,7,18.652436,1075
1660,877,16,17.702954,1192
26,1980,8,1.378772,927
1471,158,11,1.675272,607
1222,1527,10,14.468091,479
580,2266,12,8.089500,455
667,2260,10,8.803382,349
2287,1150,15,16.934707,565
2358,700,7,1.128878,255
861,923,18,5.085607,1076
1008,2425,9,11.642153,609
827,365,6,0.090658,968
2164,1418,20,4.802826,1182
2001,670,11,5.295411,1064
1109,2373,19,15.906112,648
1976,1750,18,11.056777,156
976,1026,9,11.787130,149
64,1373,16,18.613948,203
2174,2212,5,2.651901,1005
80,1326,10,18.589961,495
1170,1850,8,16.575950,1100
1353,2028,16,5.698492,1045
1124,1442,17,10.343649,542
888,1416,19,1.861049,840
325,1126,16,6.497261,973
1610,1552,5,0.454353,905
2406,630,15,11.249583,1077
2316,346,19,6.649012,964
1456,1125,6,6.349185,1132
2469,1846,11,15.929924,695
1599,1417,16,11.223790,416
2360,1043,20,15.317927,622
1023,2078,11,5.237379,655
1791,1469,19,14.822384,698
1320,2227,7,19.816767,1026
112,40,13,8.469174,585
219,301,18,15.019140,326
1643,337,6,6.403512,526
997,2034,19,16.499416,114
475,1833,17,4.905014,1050
2399,999,5,2.996918,173
1675,558,18,6.153008,953
1216,1615,13,9.588890,623
840,156,7,13.199677,696
824,2429,17,1.867783,1145
2314,2250,8,5.327192,173
2126,2196,20,16.756141,731
1493,174,16,19.835730,1065
1495,1405,9,2.346414,748
1908,1916,18,18.609148,396
146,2455,19,16.385631,106
2412,2234,9,20.394185,293
9,329,12,9.109250,526
198,2041,13,12.645755,973
2211,140,18,14.562041,678
2418,1602,8,5.326838,742
769,1617,6,5.461372,555
21,1382,9,2.296040,829
1989,1837,13,7.990877,928
223,640,7,14.071798,652
422,1892,15,19.775927,211
2062,977,17,3.671389,813
2168,868,5,18.500244,956
1889,1736,17,15.040574,278
1463,2382,5,14.592020,161
2476,2205,9,4.537341,569
1979,1018,11,18.725924,248
311,780,5,20.193939,474
219,1561,10,14.838042,722
1964,1825,10,0.653397,592
682,1814,11,18.613723,811
1830,1679,16,19.921800,397
1786,1074,15,2.328834,230
885,1709,8,13.772797,857
2013,1726,17,18.593581,993
1932,1849,5,0.071281,649
321,1231,5,8.015794,396
497,2032,20,10.753463,1045
1756,2193,7,4.011743,731
488,2058,15,11.915377,1101
1297,2129,12,4.171142,189
1814,2329,10,19.213144,1122
2131,1468,11,9.569199,434
456,2062,17,6.777363,208
684,1148,17,13.729737,500
1538,108,11,7.921937,299
1313,1130,12,13.706670,718
1787,1421,15,19.759358,257
2403,238,6,19.040537,1199
1108,1605,16,7.544475,429
2059,662,19,18.276173,980
798,2015,6,4.322272,183
450,754,11,9.058375,322
22,2068,14,7.097360,601
2457,326,13,8.219871,113
206,1533,10,19.834764,149
1926,1283,7,7.203481,504
2082,2095,10,17.468568,1099
1220,100,16,19.568821,735
1321,155,10,19.873965,677
1620,870,13,11.964856,792
1711,2206,19,6.265980,845
1654,1705,7,5.855189,1093
2304,393,10,19.113198,940
995,630,14,14.578865,385
1679,1365,16,4.837362,1163
2363,1098,6,5.235424,172
1112,674,8,19.478704,1102
2476,1702,5,8.778896,1067
754,2074,10,13.048578,337
2025,1458,10,18.407055,922
2308,1720,18,5.735738,701
2237,551,11,5.573937,725
1790,757,6,19.670603,813
1948,1843,14,5.107319,294
1862,1224,19,6.894288,1199
1945,440,12,20.374562,818
1177,1759,12,3.866729,1144
477,2003,18,0.176947,1111
1907,2490,19,4.582876,741
1243,2140,9,14.329802,785
165,1198,12,4.778030,1082
1142,2392,18,8.447649,1036
2228,896,18,16.764304,361
2101,2152,17,5.309134,1183
100,2260,11,19.528776,1130
2014,1247,16,0.978614,1011
1828,952,9,7.959962,706
240,1601,15,3.455198,1010
1507,309,5,8.699287,853
812,94,18,12.188050,242
1770,200,18,12.710636,990
1766,1043,9,1.825915,1151
1695,1455,16,19.105391,910
965,1632,20,14.412986,209
558,409,9,10.476468,231
1254,544,13,3.371140,274
745,1537,8,13.861243,879
311,1612,20,0.284882,768
589,1258,8,5.371619,862
249,2398,7,7.569558,543
1837,2343,6,0.002714,700
2379,1546,11,11.199462,1140
749,618,5,17.472408,1112
141,30,20,5.884461,764
2232,75,13,11.416648,248
2445,1304,10,20.282646,483
2345,632,8,14.137195,672
1727,1210,16,7.893080,486
2479,1088,8,2.452602,163
600,2266,16,9.292763,544
1344,1794,8,14.909931,354
286,1473,14,0.888105,1132
976,1519,12,18.889984,743
10,1798,16,14.295553,741
1725,1108,12,10.743757,505
78,706,17,11.240848,554
1141,1723,19,3.603202,792
1132,2205,9,9.982676,389
1879,446,10,15.486985,789
607,1001,9,9.966175,929
1192,78,12,7.334656,576
331,1795,5,4.433180,447
719,2280,9,5.638523,252
1098,2088,16,1.228020,1041
1173,2219,19,7.502396,341
817,1106,17,16.371151,461
2210,841,12,11.772906,359
976,854,13,18.425600,448
1106,819,10,19.891708,932
65,451,10,6.443280,1149
1975,2114,11,17.587228,277
1223,1132,15,0.568701,939
1978,25,11,8.211309,506
338,1312,14,17.844350,671
311,1371,13,9.236700,677
2129,2493,19,15.510605,595
2429,1614,13,6.211550,733
127,2389,20,18.187842,301
1115,1282,5,14.525219,1037
883,98,7,2.077581,599
465,2448,6,20.345707,135
801,733,20,12.764122,1098
1153,2413,8,11.445310,903
826,1477,14,6.628007,758
1255,1245,12,12.232645,397
171,1138,8,18.692263,506
795,1170,10,6.290869,641
811,899,12,12.557238,865
594,548,10,16.428339,212
1678,829,5,12.120376,314
995,1779,16,8.815137,932
1064,649,9,16.857665,346
1652,2381,6,6.946433,592
1165,804,13,10.185738,615
2290,1735,19,12.331088,281
781,976,17,17.841177,1090
1818,223,12,6.492284,376
498,1173,16,19.385074,419
1512,47,7,17.585255,811
994,660,16,0.397304,1192
290,2119,19,2.921820,875
540,644,15,20.205431,515
43,1137,5,12.632111,399
1087,2366,13,19.793994,1044
1627,1691,17,5.902561,241
60,957,18,3.328649,665
1935,709,12,0.410186,196
914,2193,6,6.838457,617
1562,1003,7,6.348554,1183
952,1127,13,20.175851,741
137,1096,16,18.379256,865
1725,445,11,6.634125,494
1450,154,7,1.679920,216
510,2004,8,0.862888,383
281,1400,10,7.139013,810
914,902,14,16.129736,178
2074,1222,13,0.792386,388
1293,372,7,15.346030,144
1606,1135,15,5.009379,558
947,1200,12,12.789576,996
367,1913,6,12.528940,1155
1318,1567,20,19.462727,1179
2120,1182,6,4.085211,526
1538,307,13,3.809574,527
865,336,8,9.997768,326
320,393,9,16.619514,576
1461,1118,17,14.065900,620
1960,437,17,13.565281,1155
138,1781,11,2.065548,652
1016,976,5,17.802853,405
2331,2383,5,10.305956,347
255,79,16,10.722410,1139
2079,2252,15,8.794449,1002
1714,1086,20,19.350619,850
1087,2209,5,13.353412,613
896,1636,5,20.239364,1047
373,1779,16,15.223821,675
2443,7,6,0.023710,732
617,2382,11,3.968770,517
80,1118,20,6.927955,565
2155,1860,6,0.831629,530
1620,1813,6,7.953261,594
2233,1939,8,2.089836,507
880,1617,18,6.541706,425
1990,1558,8,7.582777,653
2424,1388,7,17.914590,991
1880,2442,10,4.964171,1000
1542,239,11,4.036513,728
297,1533,11,19.936298,246
1892,247,6,8.134402,249
2314,2246,6,19.273872,107
417,1354,13,13.522606,646
1394,2380,6,4.638476,624
1431,2070,17,18.248535,979
506,436,7,13.463422,233
166,2377,16,12.460719,889
528,1364,8,15.466473,1041
1949,2357,20,11.102847,1080
484,1266,6,15.920521,952
1222,1916,5,16.645775,1136
1013,396,12,0.044576,1042
320,2453,15,6.145509,949
2378,931,20,0.807288,686
68,1509,11,16.580833,1043
14,508,12,8.774203,1186
297,1134,14,10.639285,115
632,1311,9,16.705912,238
137,2433,12,4.331611,132
1888,1433,17,9.683650,617
2208,1550,7,19.233577,1070
1071,1300,17,11.877609,212
768,512,10,1.770585,776
391,43,8,0.633787,555
1029,704,19,10.650940,220
658,560,6,17.289954,470
2172,949,16,9.022569,208
1034,1022,18,0.530555,589
154,73,7,10.149204,802
46,706,20,12.897856,313
530,794,8,9.167979,413
1411,557,13,16.821184,613
1756,2209,15,8.147355,590
792,1791,19,0.050381,264
2223,1670,13,1.305963,839
2402,825,5,0.131575,941
1082,319,14,1.425149,759
2223,625,12,17.636334,802
382,307,15,6.089893,334
837,169,5,18.768870,225
411,235,19,1.511765,223
2025,600,9,3.680995,497
904,676,20,11.528994,221
1334,1107,10,12.180839,131
479,943,12,9.591402,1172
1836,571,20,16.611536,206
1849,1435,18,8.744229,243
1579,1964,5,10.337970,930
590,205,11,17.474560,888
286,845,11,18.366798,219
2091,584,20,16.013076,942
111,1528,12,13.933822,511
2105,2472,15,0.949005,653
2304,2440,11,18.563712,834
1319,2192,7,4.962164,770
1722,105,14,19.535927,657
1217,2183,12,15.131886,1186
2252,2133,20,0.105674,313
292,1780,11,13.899270,1124
2037,1947,14,12.972118,325
923,931,10,0.447598,530
1111,1987,19,8.930228,488
80,1402,13,5.863399,933
2174,1015,18,19.041259,1051
1797,1761,8,11.834392,447
962,77,13,14.100829,1187
1920,2458,10,11.307806,263
289,1256,9,10.598560,381
117,576,18,12.973509,623
2056,1999,15,12.520830,575
2084,1933,6,13.845133,910
927,1144,18,8.972414,1135
1829,2457,6,8.022637,969
448,1679,9,4.817267,873
911,1381,7,9.907843,417
627,865,6,14.261002,590
1786,2445,11,13.180962,960
1900,430,9,8.203446,174
705,52,18,17.643149,1016
1973,2212,10,8.372687,1089
1647,2162,17,14.539963,550
2378,1683,6,3.142471,879
856,1214,13,15.580786,202
1717,22,14,19.316034,603
156,2459,8,8.281716,123
1540,2357,20,13.447632,251
1020,1741,11,2.994732,639
994,517,19,5.189078,882
1689,1246,18,3.796767,1113
2159,2153,19,8.659594,231
1840,1236,7,16.722753,238
467,1610,19,8.520274,841
2375,868,17,17.483793,648
2436,1389,16,10.289262,933
2243,2134,13,14.522532,765
644,1105,12,5.024441,1081
1990,36,7,15.544424,1054
1259,2215,19,17.999820,652
1205,1975,11,6.762942,846
1657,873,6,20.401684,988
266,2148,18,1.215955,1141
784,925,11,10.553987,1085
765,1491,5,13.107892,965
900,648,9,3.522709,1146
2146,37,17,18.071177,477
164,2373,8,12.111098,727
2419,1042,8,19.171941,284
1684,1648,6,7.165994,337
763,2482,19,17.987484,745
279,324,12,3.939443,854
1113,1819,13,20.305581,190
1526,456,11,14.306270,939
636,835,5,17.541105,513
1550,1476,15,12.852420,787
2358,592,7,2.847965,347
463,2493,19,6.231200,984
197,1552,7,12.617349,320
1363,1690,15,0.431129,589
304,1010,12,18.381552,306
391,1623,7,17.548689,439
1035,337,6,6.287739,449
927,1033,20,7.500054,161
322,789,5,11.788596,1133
1871,156,18,6.263238,800
2151,139,11,13.670575,637
1451,1359,13,0.617091,1064
632,1554,20,11.333580,861
1879,2352,5,5.192733,392
2208,2050,10,7.337552,273
567,2304,16,1.256490,1100
725,409,13,10.982452,572
427,1357,17,3.866515,922
1057,2433,19,0.896432,418
2371,1100,13,19.848774,361
71,1802,12,19.834087,1097
1462,283,12,12.394352,362
501,442,15,2.910886,954
361,25,11,1.340612,824
2105,412,13,18.002247,768
2350,993,16,16.926689,1003
847,705,11,8.001220,966
1390,874,11,4.487434,1117
2292,329,6,9.235436,637
1387,892,11,11.315722,794
988,691,10,0.232442,571
2334,780,14,9.686639,978
1808,577,15,17.488730,354
1408,262,18,8.715254,920
301,933,5,6.600653,610
2483,549,8,16.244359,143
307,2184,11,5.710565,312
1439,2465,17,4.727407,495
2093,753,19,14.640301,1099
522,1097,9,7.085804,1069
1109,374,9,7.536852,159
1783,2308,8,3.726052,369
568,439,5,11.683801,1155
1404,896,6,10.317120,233
927,2111,5,10.229437,616
1605,536,6,9.373837,270
1378,304,13,3.670876,1112
567,1327,20,10.122123,328
1528,53,16,5.270346,1124
1358,1014,7,12.114721,1034
573,1688,7,11.025822,151
2295,78,10,0.813844,645
2123,713,8,12.564286,996
1369,219,20,5.698562,884
218,1414,8,19.526623,1006
1699,2264,18,6.559192,781
2363,1983,12,16.834461,1153
631,251,8,6.535958,403
2373,601,11,15.550923,681
1132,589,14,18.590003,485
1673,1706,10,9.329378,963
357,2028,9,3.566071,911
1157,1210,12,20.316226,891
629,2297,14,16.647593,448
212,1162,14,2.867131,1163
1262,1865,18,13.585512,493
444,2184,20,2.658539,145
1554,2456,10,16.886159,400
848,1806,20,11.759981,703
1750,2174,18,8.376641,656
230,1780,10,19.672015,336
1048,1382,16,8.675257,1164
1997,1148,16,17.326233,584
877,2051,15,2.281455,683
1352,279,15,4.157826,227
257,1589,13,1.038303,378
1293,2151,5,11.072012,361
22,7,15,19.113861,666
296,390,11,10.865276,1175
712,1575,11,18.953019,585
466,1053,17,14.037101,1061
1495,31,6,0.510916,1043
335,1260,6,17.895201,1006
2404,1502,7,10.339629,290
236,630,17,13.396476,171
1919,1484,16,11.412096,1101
1413,1384,20,18.442172,886
921,2074,18,6.169896,868
1348,1711,12,16.297472,138
759,600,9,5.703456,744
239,1466,12,19.795886,1096
1127,1821,15,0.255588,356
2284,1670,15,4.460372,752
246,1826,11,1.438292,655
1248,757,17,12.059862,1025
2338,59,11,11.273314,498
40,238,6,12.591728,842
870,1313,12,3.458633,767
639,417,8,6.817316,232
250,1645,14,17.759697,1004
2469,172,17,11.351256,1165
2224,1711,18,18.846030,710
881,1866,14,13.471859,596
153,1135,5,16.262346,889
1097,598,5,4.866273,846
803,228,5,14.951836,650
617,971,16,9.636138,1131
1946,878,13,7.991861,127
1742,1988,19,17.282890,870
1662,1514,12,4.913244,377
1088,736,9,15.588508,1177
1784,226,17,7.664261,1018
1354,669,19,10.790504,703
1265,286,16,20.210147,222
103,44,9,9.603775,1055
1536,2433,18,19.080200,896
1983,1775,14,17.553478,608
89,681,6,2.884447,329
2171,990,15,4.568894,876
1560,1952,12,12.448558,444
2237,457,9,18.911719,543
386,486,11,5.297784,657
942,693,11,15.039714,530
2151,174,7,17.364365,145
797,208,16,17.937590,397
2138,1001,10,16.163060,739
1916,1475,17,11.429094,558
471,1547,16,2.207525,961
2283,575,19,12.665049,918
74,2009,13,4.174387,734
1100,2263,10,0.360513,495
2396,1565,10,12.403395,720
335,532,11,7.426583,401
1169,1514,20,1.330105,748
1978,1824,11,20.365426,124
1353,865,7,14.552176,912
1636,1265,10,12.796747,1100
216,1028,11,20.321240,367
2015,1198,17,7.428746,108
1676,464,10,9.898601,726
1362,1623,19,5.531755,1004
2012,2010,17,1.086535,423
2171,1920,8,11.606272,580
915,365,16,9.179981,100
249,1071,8,11.005369,1184
2233,1136,17,2.921793,261
2049,1404,20,18.401601,890
2237,839,14,6.169535,483
1405,2270,8,16.064020,667
444,2239,8,7.797458,511
1336,1605,7,4.435725,1016
940,424,16,16.295142,736
143,1171,6,8.615037,135
870,1465,11,13.698530,1198
1275,539,6,15.834788,105
877,1333,16,10.880008,684
1053,2049,17,15.529709,547
2065,1904,19,14.290125,767
984,6,17,12.578207,231
373,2417,18,9.501837,464
1734,1965,19,1.014902,1183
2285,2194,16,11.627705,881
351,1791,16,14.906889,689
2484,78,19,4.749710,1098
1668,735,10,7.954377,976
188,1026,9,13.099179,209
1467,128,10,12.359311,685
1799,1989,9,16.285600,1026
1646,1784,15,16.898002,993
1019,2286,16,10.069577,780
674,2165,20,0.144207,1188
1438,2045,8,13.886560,821
1111,93,13,1.170958,866
1760,535,7,19.957623,574
1588,2367,10,10.564527,1022
2284,799,5,5.179911,373
320,882,16,15.921068,579
1167,946,7,5.224112,984
701,2182,8,0.989718,1009
373,1733,14,5.918615,1143
1903,1007,11,13.596959,354
915,1473,6,3.854494,636
1653,1466,17,3.818439,593
750,532,10,9.331705,1073
207,1153,17,13.193394,941
2404,1923,15,1.502453,544
845,960,19,11.244880,1170
549,2353,16,0.626737,630
47,1568,12,10.724531,861
2444,585,7,16.787830,414
51,35,10,0.607065,575
577,774,7,2.967871,186
215,228,8,18.679993,1190
88,2425,10,4.947181,1104
1357,24,13,12.452178,696
2177,2020,19,8.363869,165
580,787,17,7.864079,1104
1502,2455,18,1.557271,209
1275,2045,10,16.424150,995
351,2162,11,5.674024,1198
836,2183,7,19.432603,878
1214,1948,7,6.373659,383
2381,1829,5,16.484212,442
181,1123,18,13.309450,311
1870,502,13,8.662654,984
546,1136,19,10.203237,888
1448,955,14,10.770759,390
403,389,20,4.579319,543
232,337,17,18.977143,116
186,990,15,3.567021,621
1027,813,13,15.556982,657
1637,1845,18,17.771558,356
1743,201,15,2.259901,737
1085,2494,18,2.020447,856
1431,2105,10,5.547098,238
2162,411,18,13.643686,817
2172,1249,12,8.378147,617
527,33,9,18.596191,639
1306,1782,17,7.556217,1172
780,1784,18,17.877777,191
1681,1404,16,7.895033,896
1126,1460,17,6.490785,839
1064,1253,6,10.710909,825
477,1530,15,15.321773,421
314,680,16,13.709876,438
732,915,5,14.367075,938
2267,871,19,10.243112,1146
1281,1264,5,20.458416,718
1434,1801,14,17.645019,279
1189,1819,19,0.137094,601
1419,709,6,2.217440,739
453,101,15,16.681383,791
720,1078,10,12.459174,679
2188,1752,10,4.710616,478
942,1929,14,6.162530,403
1109,1105,14,10.201450,544
1858,1584,17,12.317078,169
1399,2107,18,7.732838,1038
2314,913,8,1.361561,477
150,2158,10,6.262414,218
806,374,19,14.957160,275
2437,1985,6,11.151465,789
983,40,6,10.778490,227
1639,2080,14,1.919273,1130
290,2334,12,1.875348,819
629,823,20,14.177581,548
513,411,7,20.282431,1054
48,536,19,1.573210,588
2214,1615,17,9.146081,747
14,919,9,16.191250,1180
524,1286,5,3.767448,835
1887,414,13,12.679445,250
1234,944,15,19.110926,457
1859,1607,14,20.464035,340
1165,1902,8,14.344978,885
391,2303,5,3.918809,1140
888,768,18,5.733034,540
186,1729,20,11.390282,135
2075,645,17,5.119675,1023
63,1124,5,5.349965,973
1615,1461,14,16.192541,841
1823,2441,11,1.744194,586
1146,2228,16,9.431123,125
121,397,6,2.554713,918
1015,2435,16,11.802447,1053
478,2357,15,2.677713,1036
1441,2115,11,13.475293,842
2199,2102,18,14.229524,144
898,1916,16,10.176140,1180
1681,552,14,2.379688,155
1420,254,15,19.449845,706
2315,519,18,0.668176,378
390,1098,5,10.200281,677
1088,473,6,9.105509,1053
2485,1932,11,12.163440,477
1017,1521,9,13.247268,902
1662,1815,5,17.110842,392
1284,2249,11,20.469892,348
1172,189,17,17.309217,468
1319,759,13,14.972922,550
425,1432,8,4.815894,780
380,1793,9,14.223929,917
1064,1510,18,4.254027,1096
639,2100,20,0.479165,677
458,1975,5,4.721751,974
533,2045,20,0.764924,953
1594,2119,5,16.670724,572
1155,2438,20,12.979433,1041
2414,1409,17,10.640984,103
1986,303,6,12.987071,972
736,1741,17,14.078573,944
1012,1572,18,7.997944,1140
2454,1607,17,3.805734,187
1492,1970,20,18.575449,683
732,746,11,15.909562,646
207,1842,13,8.808977,192
1215,935,7,18.444954,995
2228,1379,18,4.115225,1170
456,809,12,14.483200,355
494,1087,12,11.903935,359
2109,1390,19,8.101985,670
1497,1901,6,7.713013,1165
2191,46,12,2.951331,477
1836,768,16,6.256842,256
2449,1787,13,9.159924,411
1562,103,13,11.696700,747
1995,515,13,17.613513,866
1186,968,14,6.498628,302
1644,637,8,7.626476,597
1643,1205,11,8.136810,1014
1283,2188,15,10.385431,958
947,1955,13,9.824098,235
1980,529,17,5.172635,128
904,579,15,1.308210,538
2458,812,15,9.756619,146
982,2012,11,5.617341,962
2218,1307,7,16.679743,907
1791,1263,18,16.719609,687
2443,2191,5,9.000108,602
794,1670,18,17.854383,1161
1967,841,18,0.783273,486
1929,839,19,19.172851,999
1953,2231,16,17.821955,1165
1110,2474,13,13.820088,423
1719,1181,8,9.507622,629
65,4,5,19.561379,431
426,2132,15,4.214085,613
1457,211,6,17.796774,271
993,1313,20,17.336493,1180
599,795,20,16.950944,491
326,881,15,10.475673,499
1388,702,8,4.269298,789
1610,2052,8,1.365284,838
548,1949,10,6.804998,192
204,1525,13,10.729251,128
1752,2209,10,1.679497,486
2011,339,5,7.953372,481
512,123,19,12.532561,916
441,1610,19,15.698626,949
811,777,5,16.480194,491
1638,2175,6,5.712533,384
168,709,17,0.063347,1092
497,1442,16,8.070464,601
2425,755,7,7.734243,1008
543,679,12,3.043976,237
1022,950,18,19.148221,905
1775,1017,12,1.558525,1190
2365,1662,10,19.700023,117
495,1630,18,19.479983,151
290,1365,20,13.171003,920
1905,1723,9,13.348397,797
1170,1282,11,3.043839,491
2343,1585,13,20.360186,1193
1877,110,15,17.225294,1035
1390,534,9,16.474955,114
2258,1873,9,0.394190,108
352,248,19,7.811409,937
1065,2254,12,12.035743,465
140,814,14,16.799224,990
2157,936,8,8.266763,711
1844,1248,7,3.206701,945
2110,2236,13,5.353207,714
748,2495,9,7.145697,608
886,1790,7,8.268006,1052
266,1000,9,4.270742,745
49,1353,20,2.648947,1068
823,1757,16,4.961556,292
631,2362,19,3.800862,818
170,807,17,19.653969,1127
876,1286,10,5.030916,150
2432,136,5,4.666851,1153
1208,707,9,19.531450,177
44,1315,13,1.851712,450
256,2029,20,11.194141,612
1630,806,7,1.145751,798
2082,2113,10,2.705396,649
353,2043,9,13.019943,178
1604,435,18,9.205288,304
214,1533,9,6.790514,954
2234,651,9,17.646962,1031
957,1785,10,11.512444,1045
559,1526,19,4.131909,739
1818,1113,5,5.099033,795
1479,1184,8,9.839782,107
1258,129,15,7.093665,1111
1367,1056,18,6.427032,1050
1468,1356,12,12.377434,724
861,2426,19,14.387048,999
2159,2279,14,0.828487,815
1359,418,16,3.444561,874
969,1803,9,10.209526,1139
133,609,7,14.162222,843
824,758,17,12.924083,692
1522,740,5,2.040232,941
1800,633,6,19.842194,436
910,1181,13,4.984559,741
1687,303,20,7.413274,637
1399,619,9,14.288104,1098
1144,1456,14,18.651526,300
925,701,13,11.053575,187
338,1323,19,1.052593,1007
993,1722,17,9.553757,788
308,2448,13,16.936336,194
445,1433,10,17.367552,845
1295,28,7,15.794003,732
1747,924,19,8.946773,418
256,786,7,13.963822,839
1008,722,5,4.662528,599
231,617,17,4.324589,637
414,1281,5,1.992092,887
782,301,13,9.041781,750
2444,2236,7,16.809983,142
1835,846,17,10.229440,525
2131,672,13,11.922340,1029
1121,950,17,1.596282,945
2459,7,12,18.159801,1080
497,2382,19,4.174194,1035
875,273,15,8.791227,807
1484,1796,11,15.583520,435
214,671,9,16.876827,1059
703,2067,16,18.685482,840
1062,1380,9,19.553395,830
549,1421,20,15.033407,986
1456,1442,11,7.142697,481
511,1721,12,5.403317,1132
1187,1710,16,18.032238,843
1524,517,18,7.202130,787
834,435,10,10.304457,736
237,673,12,0.356810,122
56,2465,10,20.439937,330
1586,151,8,3.914562,103
1502,285,7,6.089177,221
2040,2050,6,15.126885,132
1530,1113,7,8.433542,927
728,2098,16,6.316634,322
439,2350,18,11.865390,1010
1319,1531,5,17.411459,619
697,2334,12,15.402846,755
1094,385,16,9.014975,808
943,1780,9,8.097814,118
1043,42,10,8.425143,280
33,1417,8,17.300142,1136
404,1039,18,4.362847,340
1629,768,9,7.913750,704
1978,1447,15,14.178783,806
2363,1919,17,14.401402,686
1509,413,6,5.042637,748
101,1255,11,13.062187,960
350,1931,7,13.430258,156
85,462,17,14.654378,466
928,1255,11,18.379018,124
2192,27,19,16.790737,376
2065,1419,9,6.461610,1074
422,803,9,17.676455,299
1353,299,11,8.109287,1181
2378,2008,19,0.192797,1149
2323,2174,7,16.134857,116
1658,1645,11,14.076646,505
2066,1879,13,4.387404,1130
1407,2429,7,10.392117,701
1304,1767,9,3.985396,896
468,686,15,8.889966,434
1443,483,16,8.193392,748
256,2252,15,1.832116,844
257,1819,20,7.443656,517
475,2160,7,14.485289,1012
2216,1788,20,19.606111,178
2279,752,19,9.642028,633
529,83,7,13.132254,219
2438,1908,16,3.908633,378
894,327,19,17.030614,602
2342,378,19,15.055908,1010
1329,2117,16,0.132341,1193
531,1662,20,9.064071,662
1267,1659,18,16.803719,377
2496,1621,6,18.603727,362
998,785,11,2.585267,933
2311,1337,7,2.422191,1107
1751,1940,11,10.796230,634
775,2225,7,0.835812,231
1865,1883,9,17.887969,667
1159,90,20,9.926350,842
1835,149,19,0.824494,807
1165,85,16,1.969531,341
1272,1175,8,2.971576,949
1861,201,12,19.972050,344
1561,1471,17,3.742290,362
548,1267,20,8.138355,995
2278,781,11,10.056505,457
308,1636,17,3.274981,457
87,79,10,13.537672,508
2331,357,15,15.777977,759
1459,1905,8,11.716741,140
2315,1133,5,17.170642,164
1556,899,14,7.964905,513
1359,1015,17,9.853804,217
1591,263,17,18.360022,980
229,1543,20,13.642603,259
1793,1840,20,2.095304,760
1184,660,12,15.671194,950
1667,834,8,1.550360,1169
30,2351,19,9.955221,752
2167,52,19,10.126638,133
42,1343,7,7.793041,1070
2201,1574,7,16.237133,343
870,833,20,17.116797,460
1831,688,7,14.976693,1011
80,513,17,2.854754,658
2044,589,8,3.265495,1104
584,480,11,6.343477,710
2396,1228,11,14.578716,341
966,334,9,7.453307,826
1177,1532,12,14.862889,568
992,717,17,5.062437,662
1381,1496,6,19.253965,609
2121,1943,9,14.279939,660
1704,1070,19,15.429560,297
1800,1974,13,15.789997,1169
412,1858,5,19.591987,585
47,124,7,15.964794,184
826,2357,10,18.685641,945
579,970,16,12.858432,357
2110,668,11,9.127182,1073
1583,1166,5,8.561078,896
2122,1266,11,14.240435,1150
1706,415,14,20.364902,578
483,2001,7,6.285658,885
1532,355,5,4.025503,569
1060,2309,16,5.281152,780
1695,1302,7,11.529590,914
351,1493,5,11.173472,200
425,152,11,12.083743,413
64,1431,10,11.132668,1151
1270,1978,14,12.083273,899
1077,935,12,17.952993,776
2035,2099,20,17.245254,926
1952,955,19,16.944141,664
191,1098,19,16.542786,752
2447,445,14,5.653855,474
1641,2129,16,0.283227,932
2085,55,5,17.502920,153
1898,272,14,3.380840,532
192,870,17,12.663053,1112
1244,2176,19,16.547422,220
498,2002,5,5.691745,1157
1040,478,11,20.419117,106
361,1863,10,6.050852,491
1992,1385,6,10.129876,483
1521,1140,17,7.152650,1059
204,1880,20,17.963424,1060
1429,517,15,11.324682,591
944,1292,12,14.338414,402
1413,1932,13,5.544493,710
2281,829,10,16.831021,658
1615,1070,10,3.820576,348
715,363,6,20.486538,503
1543,601,18,10.961267,1093
1625,1650,11,18.374481,398
1243,717,15,2.351815,296
1313,1199,12,6.348134,684
2442,759,16,0.859237,1094
658,1386,11,18.422088,389
1805,2152,17,8.899916,483
980,1004,15,10.128458,455
1372,943,15,1.366506,1148
679,1254,15,5.999941,381
1855,1268,14,11.087419,219
723,1888,8,9.152932,454
1625,1952,17,15.186457,790
322,2098,18,4.787538,329
239,1598,15,1.677026,192
1278,599,19,13.114449,1159
866,2117,12,17.751084,218
753,1161,12,15.796452,1114
2136,2003,18,5.253259,1126
263,2005,12,12.674764,113
2173,2097,10,7.328512,427
2416,935,14,3.811765,832
256,2054,8,11.896228,108
2066,971,5,2.529574,594
1259,74,9,13.437084,174
1665,375,16,7.739134,939
471,824,8,5.777434,205
1414,1645,9,3.685696,971
1970,316,5,8.084232,1189
629,1663,13,10.943656,843
69,803,9,10.151457,911
1660,1378,16,10.694800,702
24,366,16,15.577936,220
1797,2004,8,19.982724,390
2097,1747,12,11.429302,648
831,538,16,3.781387,616
406,558,12,16.340678,390
1675,747,8,1.262964,864
2127,1053,19,18.782804,973
778,1343,8,20.313985,954
1749,1341,19,18.089552,838
2279,757,18,10.458705,1096
166,1162,5,0.860930,136
939,782,9,3.708284,513
2055,27,15,5.727139,759
1906,1091,18,20.407419,869
1935,1660,8,11.320434,475
1896,478,9,4.673468,517
937,1563,10,2.758691,629
834,2087,16,4.203375,161
1539,967,14,11.539883,195
99,2064,11,19.439981,863
1563,497,6,0.820858,633
769,1195,8,11.670666,101
1404,48,12,10.016159,674
820,327,20,0.714618,361
1110,520,19,15.636968,1016
1195,2356,9,16.215761,1125
1623,546,15,12.821749,1028
1722,394,14,5.775961,581
2141,339,7,17.657480,529
73,548,17,4.551598,529
2218,422,19,2.059146,639
1639,693,10,6.974914,733
1387,935,9,9.612048,1035
1699,1156,20,12.248328,216
72,1893,5,10.626872,105
44,202,20,8.360887,576
241,1357,19,6.341555,943
660,342,12,1.144989,848
1445,445,14,17.516313,873
1047,106,5,11.088132,601
1301,807,18,9.640936,269
1803,1581,9,7.984953,624
1,1341,14,2.749521,1040
2463,914,14,19.729950,309
2207,1743,16,6.587137,106
2074,2329,20,15.370158,518
2327,1905,16,7.831337,764
2479,411,5,8.016757,1088
1190,1341,5,3.771524,472
2281,1359,10,19.480587,1013
1404,2360,12,13.476134,426
912,107,9,19.890186,785
1294,1421,20,2.306548,335
2138,2320,7,8.524905,1031
1947,911,20,2.627039,477
241,504,10,0.738702,753
1402,1892,7,15.133097,769
2117,1879,12,18.474069,464
2412,1597,8,10.262340,508
1684,589,18,19.678735,534
54,741,20,13.952723,125
1339,201,11,16.001853,992
2328,2008,13,7.995285,391
989,1938,9,2.111077,394
126,2141,7,9.901440,401
2007,2317,15,4.137958,432
2325,707,7,19.164001,639
569,646,17,15.835432,528
2057,1681,11,2.799237,908
770,811,9,17.991700,660
2060,911,14,10.181301,500
1690,1684,12,19.579682,688
2200,940,10,19.141047,347
804,2227,15,16.904936,112
486,1135,10,4.741692,743
2079,576,18,5.083207,1192
1457,667,15,1.218982,617
1881,1063,11,10.347011,175
238,1773,5,7.836471,898
805,1649,14,16.563231,375
1445,667,18,17.700588,755
1956,64,17,6.447947,391
306,2430,17,4.937907,744
781,222,19,1.205667,328
1711,1723,12,19.007928,300
1968,2300,14,11.732972,689
2385,2170,17,16.928212,972
251,18,9,19.601306,1194
1935,256,19,16.395015,1131
1253,553,10,1.429955,232
2384,774,17,16.471598,678
1548,1889,11,18.284338,1024
828,2022,14,19.707839,808
2184,2090,18,12.293427,555
274,1937,16,3.753076,456
943,706,9,15.693835,478
1252,21,17,6.886605,1182
669,1863,5,8.694426,451
806,186,10,0.734495,945
1527,1964,17,15.291855,292
938,1710,8,7.785732,854
357,524,8,4.821475,821
1156,2147,5,4.236019,265
438,1597,13,20.055355,115
2089,394,19,10.399005,148
639,476,8,11.963276,681
1181,1118,13,15.182700,439
267,379,11,18.416109,1099
1290,2068,5,7.982089,1099
2016,2209,8,16.340912,287
2297,2424,19,8.563546,468
4,1364,6,17.149407,457
1434,2204,8,4.334461,393
2030,686,11,9.269913,808
637,1700,7,5.885873,829
1908,2072,12,7.808567,629
683,274,12,2.248859,947
1958,1620,6,14.956875,997
726,2270,15,8.529296,1052
1171,1076,6,14.948421,343
923,1985,11,12.984422,394
1209,453,8,19.122883,568
1133,2295,20,2.140042,421
2006,330,7,19.647464,1173
2487,437,7,13.684490,1048
1728,1130,11,5.843855,963
1871,1267,14,13.062085,1144
1470,1953,12,18.021019,634
1987,2111,10,8.036663,749
615,1891,20,8.388208,862
1249,1429,10,16.764910,443
1137,2333,11,3.134135,124
2460,338,13,13.733048,466
1727,1905,14,1.222275,814
184,131,16,15.095536,1045
2458,458,19,10.283639,269
2199,2449,5,18.099517,883
2247,992,20,5.061060,125
2005,427,14,15.789953,1047
1986,1886,5,17.342263,1011
1078,1859,16,13.078736,124
498,414,6,15.148631,1195
361,858,13,8.337888,1026
614,1974,17,13.202955,902
1788,1910,20,11.485446,1164
2480,732,15,6.095328,1199
37,2407,19,8.473210,1083
54,2446,11,6.913763,734
1521,1976,15,14.625700,704
1393,23,12,16.415151,410
2116,895,9,17.712168,884
1823,1469,7,7.720177,1134
1963,2327,15,2.457026,1054
2123,1525,15,7.376874,199
2341,24,11,18.199316,130
913,2330,17,10.965103,694
1099,1403,18,7.533193,932
224,1005,18,4.964152,516
1962,814,17,11.457434,632
321,1128,16,0.699557,213
1845,973,15,18.639450,1024
1718,249,6,8.021905,755
1943,2301,8,1.045029,1138
241,1771,10,3.851297,197
1557,632,12,9.719009,1010
201,852,19,12.403947,1033
987,1644,20,15.783706,351
1625,321,12,10.540378,780
943,1671,19,3.380149,298
456,798,17,18.111777,568
2184,75,20,19.196199,617
1693,2041,17,3.358978,582
2007,1528,9,3.079239,807
229,1254,14,0.256700,1132
539,1125,8,11.641702,189
54,2366,16,16.464866,515
2356,1082,6,10.286381,413
1240,2203,18,13.823177,956
137,1050,15,2.726940,302
2178,2304,10,6.413176,319
735,239,11,9.373054,576
929,743,12,3.152633,991
102,410,9,11.068952,821
133,613,9,13.879307,1169
1323,2241,20,11.789205,703
2343,404,18,7.757263,570
1012,1541,7,13.907033,895
1035,934,14,13.391337,262
1419,13,9,16.575456,887
1375,1891,18,18.486888,175
2191,2200,14,2.637539,842
264,382,17,18.962132,487
1641,1240,17,3.645019,932
2341,8,5,19.117383,647
2040,928,16,18.494970,989
1688,921,11,10.793219,753
2253,868,18,18.150001,577
67,981,19,14.758231,142
2475,1370,7,16.199318,938
943,1481,14,1.496946,346
19,2134,9,12.920039,153
501,304,7,1.830316,127
762,983,5,9.310424,440
293,1178,20,16.825713,536
265,1976,20,15.109698,1020
2218,1251,20,4.944374,1131
2003,1399,8,12.048630,1115
311,1542,15,13.603006,1079
1010,605,5,19.422484,892
492,1669,8,16.316789,840
267,1223,9,17.531992,350
1468,111,12,17.929710,942
2193,1651,20,8.034655,901
635,1473,20,2.877982,717
1018,377,5,17.489240,468
2153,1579,15,3.888032,1075
73,1119,18,5.280703,477
853,1538,17,6.624940,700
1446,1570,14,0.498663,450
973,49,13,15.115825,255
431,135,14,0.038580,1006
1139,2273,12,15.147714,1045
925,1680,20,4.022662,698
428,1632,9,3.416574,195
2298,673,8,13.485945,879
1478,2180,20,8.749657,372
2283,1999,13,15.028858,1149
1722,1055,7,12.443284,681
332,1351,8,12.336591,412
391,1406,18,4.780202,871
1781,1899,20,17.722695,521
243,1742,13,10.809289,1056
2071,877,5,15.674039,739
28,2222,6,12.439999,451
2323,1673,14,15.459062,220
1901,1237,18,17.927140,254
2305,1966,14,7.712927,187
1853,1865,16,15.226840,577
559,2046,5,0.585512,987
2368,1615,17,5.866837,397
970,1369,9,3.430417,482
474,1453,16,8.864911,923
1119,340,14,19.336512,908
623,329,16,16.267801,1140
1320,1341,7,1.486072,265
1676,536,10,4.275464,454
783,1146,9,4.649066,554
1268,340,5,13.939195,695
2295,410,14,13.604784,214
1724,2349,9,10.036134,504
390,457,6,15.577020,683
241,2043,5,6.473004,346
1286,200,7,16.468553,141
2138,941,5,0.915403,1048
2467,1930,16,6.956533,1032
1422,1936,15,0.534014,202
1434,1352,5,3.046672,453
654,501,10,19.352333,780
1904,25,10,7.909240,659
1729,1830,18,3.940127,284
864,955,18,11.173960,510
2164,2362,17,4.440288,721
2070,179,10,8.568199,374
2116,216,19,10.480558,1044
768,168,7,6.217518,495
17,1379,15,11.956447,494
903,1602,7,12.223880,867
1487,48,14,13.417067,1097
1355,2450,15,6.686122,738
1386,1118,16,15.497065,550
1225,848,17,8.255504,314
1902,585,8,6.968505,979
347,740,11,6.895725,1182
1898,2286,19,12.701515,230
2369,155,12,17.447211,1057
2004,569,18,1.707776,1010
1354,1909,16,16.299314,794
581,948,13,12.011030,237
1055,2441,9,5.642743,328
1448,494,12,4.462538,314
2196,2235,14,8.102937,271
1275,2271,17,10.105346,1118
925,2188,20,3.127029,506
1314,100,14,17.120072,777
316,201,20,12.000820,634
140,1697,6,19.715156,1042
755,2094,6,8.598605,698
500,1969,14,8.930463,824
2342,926,9,12.063933,982
1200,1980,10,4.929712,1047
2273,675,14,7.423577,690
1094,596,12,15.806536,453
1312,2205,11,18.136734,204
1077,2257,11,3.667412,104
2388,1322,5,3.984669,1004
1837,1537,19,11.359432,735
971,551,19,2.728465,367
410,1387,15,12.894478,616
741,1208,8,20.005519,374
1841,2057,14,15.901984,506
96,663,14,19.105305,484
1610,1983,9,11.559108,185
1406,1305,10,9.395065,311
2410,1595,9,0.335224,416
871,2118,12,1.452272,580
2076,1574,17,16.713792,763
1819,1782,10,18.645745,708
1805,1982,19,18.197833,490
1475,1767,18,9.614832,186
1706,1150,7,14.643567,689
299,2342,20,0.802322,1005
1129,581,17,4.086288,684
2034,800,16,13.484036,511
1406,1830,15,16.336384,945
1979,2337,17,1.806223,1068
1456,562,9,1.819079,141
701,1642,13,0.525347,1198
1691,279,13,11.530520,806
2310,2306,20,2.592540,436
131,1792,5,17.922029,248
208,1236,15,9.075488,787
776,495,10,8.993394,246
1653,2409,20,7.621676,711
1311,537,20,19.407576,424
888,2028,15,12.811245,1162
1309,1142,12,3.889287,580
1574,911,11,17.257479,672
758,2414,16,1.925302,932
1211,2243,10,5.864938,583
945,1973,11,3.840648,910
1823,1102,18,11.706875,117
2131,1856,13,18.312284,382
140,1393,8,11.034117,467
2354,500,9,11.382661,702
366,620,5,17.239576,804
1535,858,11,1.582690,526
509,2439,6,8.645147,747
2218,1005,9,15.877189,884
1106,868,12,8.977762,620
1188,885,16,3.682975,764
1871,80,14,4.050300,974
712,1361,6,9.539640,527
1463,388,12,0.957230,529
1719,2394,14,20.463591,735
1758,880,5,17.464023,716
2366,1425,6,12.649341,459
272,2112,12,5.850844,1150
644,489,15,15.793907,1127
1928,749,14,6.572993,620
536,1897,12,3.730943,225
714,307,5,10.437742,197
1156,2042,15,3.502351,1046
252,1217,9,2.009058,436
697,1654,6,16.339873,338
555,1492,16,18.398258,701
854,806,17,12.015227,933
2265,1558,9,13.973127,596
164,2118,10,14.172913,353
913,552,5,2.960005,434
1854,1198,16,14.897742,371
2283,1328,14,15.534798,746
280,289,19,1.186898,348
686,468,7,9.517907,240
2221,921,16,0.841814,173
2376,975,15,12.455050,617
1145,2024,17,1.160556,952
311,726,13,20.393605,117
164,2212,7,10.904584,1073
2106,338,18,7.577401,510
117,2475,9,17.268377,942
717,2053,10,16.576578,444
2254,1608,19,6.345577,620
1434,2445,5,0.851597,626
1380,2013,20,6.944867,993
1023,1000,18,1.899762,864
869,1583,9,5.079291,570
58,590,13,17.702167,945
76,953,13,19.838825,1000
2134,360,17,11.054440,440
320,2048,14,9.635373,1158
1049,856,10,5.577520,356
704,1658,5,13.846952,392
1798,1828,13,12.328847,1115
1885,1242,18,3.127409,978
1899,949,10,5.743018,464
2139,1888,11,9.853731,858
183,324,16,4.122993,641
263,1785,8,16.167187,688
845,1228,14,0.072984,115
989,1193,15,1.853812,173
1972,1883,17,13.650234,958
934,1286,14,2.225605,1083
124,2345,7,17.133730,639
489,1508,19,0.440939,482
1091,1069,9,2.843910,931
1134,362,7,9.051255,1154
316,1237,14,4.587649,1069
2183,2346,7,11.772350,1036
1431,1278,14,2.481460,1019
1592,215,8,15.413453,1068
1599,957,15,19.515682,935
392,1261,9,12.282709,538
334,500,11,12.717816,247
1806,1197,12,5.127400,359
1976,2155,13,4.512352,1027
1580,1725,16,9.768732,294
1760,907,9,2.229939,218
1569,2333,14,0.548621,372
2152,1633,12,16.508419,1082
2428,783,8,7.303010,1146
2497,626,19,2.523741,649
2083,390,7,16.756863,668
308,764,7,15.666117,637
2406,841,18,5.147638,560
611,2078,19,11.114889,1148
1906,2366,12,11.121413,897
2128,427,8,10.865137,910
1782,760,18,3.034647,406
1929,1197,11,5.577726,239
616,1086,7,8.567160,1185
1096,665,18,13.155027,784
1996,1755,6,18.886138,167
55,779,11,14.069293,160
49,1442,19,13.911720,779
633,2070,5,12.101267,1125
1230,220,12,15.564805,866
131,2423,15,19.925564,698
2348,1162,11,14.748025,537
630,312,15,10.293198,263
1378,934,6,2.123886,149
972,724,10,2.903863,1079
797,629,8,5.253768,1048
2444,417,15,13.267680,868
5,685,6,18.290051,904
1166,2431,13,6.630374,521
1768,1166,14,5.189547,637
171,355,6,10.056775,454
262,972,10,11.869201,611
1053,467,17,0.437992,1136
1616,99,19,8.840195,610
1983,1728,10,6.249060,532
868,1620,7,18.682461,153
1180,1031,12,8.935106,664
922,172,8,19.658458,806
1215,732,16,6.750952,858
325,2364,6,10.124380,318
195,846,14,11.581004,898
1941,803,18,13.693575,444
307,659,20,16.191264,1128
1565,590,6,20.106562,1198
1108,39,9,20.200712,421
932,2275,17,13.697910,576
706,1027,20,18.842586,748
1889,534,16,4.312449,447
2489,650,8,9.092524,151
1082,367,8,3.046874,1053
892,768,7,0.731407,906
2302,1867,14,12.605105,116
2220,267,20,9.212054,208
1124,263,18,6.981313,990
472,2144,7,4.961640,429
65,864,11,11.709628,311
246,1837,17,3.695594,309
1562,918,14,19.128059,941
2335,1269,7,17.386984,739
367,2209,13,8.588161,482
2489,450,16,11.151820,373
136,536,10,4.697735,386
841,708,7,7.086390,195
1469,1674,13,6.293209,162
1482,1370,18,17.813164,574
1879,310,5,10.046018,335
1484,129,10,8.197313,344
767,539,16,8.251819,234
199,100,10,14.289389,264
722,891,14,7.388852,904
2030,2080,20,17.917741,951
729,1437,10,9.384561,630
1993,189,18,13.781631,432
953,1638,11,13.252256,575
1224,2022,16,7.830612,853
2010,663,12,6.041434,518
837,412,8,14.265132,420
2315,2134,8,9.582228,634
2324,809,15,18.604860,1082
2413,1042,9,15.931835,944
1213,853,14,16.358792,526
2278,105,10,8.656954,323
20,301,16,8.089543,562
323,1327,18,14.486439,134
61,313,11,0.323863,100
1950,1734,12,7.078119,489
340,426,19,14.817104,1145
1842,1991,13,3.417844,418
1119,221,16,20.312268,403
2441,84,7,11.945074,1045
649,1334,20,15.916742,711
1184,481,16,13.484848,540
1204,127,6,14.205847,679
206,1206,10,13.883882,1076
813,1444,10,1.830198,330
1685,2406,6,17.445382,920
1788,1242,15,6.880865,543
1606,2331,13,16.290803,847
1823,1197,12,19.022611,438
139,2477,15,11.638872,128
1723,718,14,19.038790,734
1276,754,13,1.956851,815
1241,1570,19,14.471016,1050
102,1040,10,16.232012,1019
474,2150,13,5.234700,694
1979,1203,8,9.636497,587
2266,2429,18,7.254870,176
1139,1442,6,9.058169,405
1673,451,13,1.328220,932
1910,1855,11,15.472749,524
1488,37,20,12.376994,1133
1868,1583,5,13.699075,1006
2204,1208,8,6.065910,1142
1757,512,8,19.289758,357
1232,739,14,7.906966,1082
2443,1969,7,6.219567,918
1649,727,9,7.095840,975
678,1817,8,18.355070,231
807,1186,6,8.890688,281
372,2334,16,19.532124,584
1031,1135,9,1.095351,299
743,973,6,6.653792,544
144,2223,9,15.127657,186
349,2401,8,14.990666,932
1173,2275,16,18.136022,953
1364,1728,18,14.988930,986
2068,361,13,14.710633,1088
2330,1779,14,6.642025,862
1680,1075,7,15.219181,130
445,2159,17,6.739542,722
1238,457,9,15.431220,552
147,136,17,4.506976,303
2298,536,11,8.764949,864
1399,1335,17,10.311618,399
51,1142,13,13.046909,1187
318,1244,15,14.902252,1098
282,1106,13,9.879888,777
759,831,12,12.158257,600
2494,357,10,20.201614,612
1212,1456,13,8.213558,942
1416,6,7,12.663344,604
323,450,6,6.952039,621
2222,929,8,6.043710,971
1656,1440,7,19.730329,439
1596,2339,18,11.161510,786
842,1445,9,1.920320,1178
1274,2360,8,19.591612,220
2396,1557,7,6.956804,785
1701,68,6,4.427962,486
2142,2180,7,9.118152,185
443,1866,12,5.903038,563
1733,2199,20,16.906142,123
1429,2102,6,19.425683,692
1600,483,11,3.804878,1069
1430,2013,5,1.269945,1019
1285,888,19,10.994845,288
1665,248,19,8.562843,1008
2411,1406,8,1.159442,759
1363,837,9,9.405181,949
429,1014,10,15.170111,594
1920,1988,7,18.448745,478
2245,1223,17,2.404784,184
520,158,7,20.090115,284
935,481,8,11.012713,131
1094,1084,18,8.950183,1145
1183,2069,6,18.081370,990
2119,739,12,8.987215,1172
634,1660,10,14.900244,340
568,2453,15,9.599670,454
1230,929,5,18.697076,294
16,468,8,20.168859,1181
1306,1254,7,9.077521,1177
2282,1372,5,11.919298,335
1591,1815,10,17.311943,710
565,586,18,5.716098,946
23,324,10,6.614883,745
690,689,11,9.536247,138
2026,1282,10,0.889542,1030
2228,145,12,8.189589,998
1002,401,19,8.554215,1031
244,314,14,1.374308,188
2056,1820,12,14.080319,355
832,1330,6,19.309747,180
629,1426,12,16.563226,1082
1689,2020,13,20.345308,983
1822,341,13,11.026140,864
2364,1727,7,8.491941,995
2202,688,6,20.103998,1046
773,450,20,2.809614,297
197,1409,18,14.777850,270
535,2235,13,14.040658,832
649,2364,5,16.433691,717
1715,1217,6,0.566332,1004
923,936,6,5.239176,698
1807,2375,9,7.152353,1115
266,366,18,14.255873,288
530,1408,11,2.164548,845
1449,1822,11,3.556124,168
915,526,16,0.219712,135
1902,1320,6,18.022737,694
403,1705,19,17.218737,547
680,1664,11,3.442596,168
1749,1245,18,8.852282,970
939,599,12,17.843265,854
1543,555,6,18.530293,563
1245,1202,6,11.005941,803
599,576,12,11.978217,1036
1795,1919,13,0.469755,114
1310,772,9,19.438964,670
71,232,6,10.711686,358
1826,598,18,14.445259,805
1314,1249,10,1.553896,588
1401,1491,15,8.988827,525
485,149,14,3.505404,1009
1304,1288,10,3.889107,489
1997,595,16,11.160110,634
1008,1402,8,16.951388,1128
1017,422,9,17.254832,249
2326,558,20,19.437587,111
2118,658,5,14.513818,537
2121,52,15,4.270607,1158
364,1672,18,7.037155,529
1260,57,7,18.682391,322
1371,319,17,14.216055,303
2437,1645,14,14.704388,834
1167,2148,9,8.584238,806
1869,2276,7,10.997052,631
2373,803,13,0.720389,781
857,1719,11,11.011363,1081
845,1896,10,20.032374,435
2001,1772,13,19.031946,739
1566,1374,7,19.609150,1048
472,1036,6,16.445395,1070
1864,1929,18,8.170847,958
636,767,9,14.134231,493
1229,1700,14,19.854791,534
492,2074,9,16.575310,1140
400,1093,14,12.156825,1194
1917,1947,17,18.810270,121
2010,235,5,17.695578,273
81,535,19,14.172037,1143
663,1261,18,9.475509,101
616,510,8,17.945113,263
1265,237,12,15.750683,221
1354,1218,19,8.078756,532
426,2266,6,12.126686,1076
824,1642,6,13.069388,1102
150,584,19,14.135104,363
1371,706,19,13.079386,849
2228,2121,19,20.056203,551
1265,1743,12,4.757754,562
2347,2296,16,9.854283,227
1633,1567,7,8.789939,229
478,401,7,1.498840,1138
2124,2314,16,13.812582,850
335,134,16,8.771310,655
736,1032,19,9.692764,1054
409,1180,8,5.384227,491
235,990,15,11.830215,497
165,1921,6,8.887587,624
1891,1275,11,5.950493,381
849,2087,7,3.552383,747
937,1324,13,19.190128,464
2101,884,20,19.475144,127
2101,2055,17,7.604790,171
1633,2384,8,19.544204,528
600,2450,15,15.892084,350
1154,1285,16,3.791564,958
1652,622,16,11.135803,290
177,1980,16,14.484805,822
1068,406,16,20.043772,817
2033,466,18,19.623450,1166
2465,1811,11,19.088388,562
59,783,8,4.327357,864
1766,568,19,3.751252,261
1805,1187,16,9.607920,441
656,1883,8,3.675834,517
1453,908,5,20.050247,576
1049,936,6,10.875315,714
1843,600,17,3.737217,1124
1336,2433,16,7.365881,264
484,1314,9,13.683907,914
1916,31,19,5.865649,1131
678,394,10,0.320288,960
314,371,5,2.489175,1001
468,33,14,5.195336,982
276,570,9,8.106311,1053
1094,2265,18,7.639628,747
192,329,16,18.201777,516
986,50,15,9.497742,762
243,1261,10,19.739096,968
799,1160,18,6.471308,758
259,1533,7,20.276042,551
163,911,19,3.788157,913
1223,1064,19,4.479866,746
125,411,17,19.900120,173
1319,1976,11,18.831455,605
1842,1829,16,17.548365,404
1918,977,19,4.503088,1110
1332,2339,8,5.327790,497
168,85,12,16.168970,1033
2205,791,11,1.317529,720
543,2257,7,12.144008,1195
576,414,11,17.656670,870
1833,1544,19,11.040426,178
1816,2378,6,0.948413,513
2328,309,14,10.323614,457
2274,280,8,11.755691,998
997,257,9,17.108876,195
892,831,11,3.457745,528
1099,1458,19,5.667184,349
132,2277,8,12.488026,907
783,17,19,5.535463,502
2368,1154,18,13.990570,894
1157,1073,5,7.261031,1027
1911,1152,17,15.817817,1108
428,1505,6,2.584627,460
1010,2068,12,12.222640,729
115,2306,12,11.248824,611
26,1376,20,18.670641,929
1659,95,20,9.567406,556
1140,95,20,10.286286,233
1826,2237,5,8.017201,995
631,963,11,1.274824,674
1322,313,19,11.837550,811
2336,947,17,8.985729,600
2051,830,12,19.809425,173
1762,1520,14,20.112501,198
2235,675,15,9.911973,1165
1282,55,5,3.786799,1153
1561,2425,15,20.081549,314
2376,146,15,18.061552,1158
1129,2045,8,3.063730,751
885,2309,18,15.942574,536
2243,920,19,13.134825,262
1345,831,19,9.952847,839
2393,1284,11,19.057576,938
126,1884,18,17.060643,554
1418,1327,10,17.002525,266
2181,1096,15,10.515551,275
220,597,8,11.257417,601
829,506,16,11.236705,821
1372,675,11,15.219476,225
1168,1510,14,19.466309,1026
2141,1399,9,3.332481,148
2183,2369,20,15.662244,894
1301,655,7,15.174954,945
1905,1910,14,14.762807,834
1096,1187,18,18.493188,570
370,1595,9,5.370412,377
724,1409,19,20.002431,393
2315,2386,20,17.595789,471
1920,618,15,6.158609,793
2480,1525,17,13.045228,695
841,1648,19,18.685311,201
232,719,14,0.895324,539
964,1174,5,10.211372,698
1013,2351,9,17.148931,1128
166,978,8,5.775429,813
2221,2024,12,2.563259,1055
1363,1573,11,3.306382,289
1547,1486,11,9.398907,480
1748,2230,18,12.582066,694
1019,197,14,0.044470,1009
974,2345,14,5.867973,943
1511,1017,6,15.844821,1145
2034,1954,11,6.112209,1131
334,154,5,4.802990,697
292,204,15,6.656990,253
199,261,12,5.259077,177
671,2207,11,1.130350,368
1495,1578,5,3.488071,156
2456,1616,14,18.697132,644
366,1308,7,7.716590,946
52,62,5,7.622730,915
2259,962,5,19.476201,125
185,219,13,0.066575,1120
1891,1639,20,2.683219,1150
1701,621,9,6.644541,235
545,1300,17,6.524666,999
2201,1651,7,16.415265,509
1606,1501,13,15.822675,533
810,1323,6,3.027663,164
2097,1824,7,12.220249,139
1974,2492,19,17.876549,723
1566,582,11,13.624032,283
775,2190,17,2.701020,423
2043,332,10,9.962973,880
1841,1872,20,12.487968,1166
390,380,6,10.369132,760
1637,2147,10,3.087051,333
2049,1645,12,8.530005,1080
1980,941,20,15.792710,1198
652,1735,20,11.800053,867
470,971,13,18.907573,222
1302,387,19,6.955980,128
1846,1332,11,8.946911,1101
2404,2396,5,18.840353,576
2325,1703,14,19.948043,818
2395,2339,7,16.003203,1050
315,221,15,2.037022,609
1276,1655,11,18.385879,266
217,825,20,5.941967,578
842,707,19,12.528452,1173
1349,2283,20,18.651097,1060
2315,1459,10,12.891681,555
1411,582,13,10.648771,1120
270,146,9,4.119667,1128
1375,2255,6,8.840174,972
665,2212,18,7.152210,1054
650,2244,17,20.058830,362
1859,1655,16,14.350744,124
1483,1177,6,16.996310,949
2133,646,8,5.093148,687
695,1381,12,5.582373,971
2259,1599,11,16.518179,734
2413,795,10,6.907555,623
353,1479,7,16.219133,394
2210,65,18,0.031492,788
1313,2480,13,16.337495,440
2067,1080,9,6.285180,359
1409,1147,19,11.991485,1118
1064,1388,20,5.706336,417
1017,602,10,7.572544,284
1041,1678,12,8.558510,933
450,2164,10,9.204411,693
685,2182,19,14.289158,767
511,2106,7,13.691134,730
2420,1362,8,12.391202,207
2444,2126,19,18.312209,347
2182,217,15,1.237078,394
1631,2020,5,4.910430,649
842,480,7,18.376487,1031
1636,1354,6,12.320246,827
1336,68,7,12.901758,849
1891,1122,8,10.117675,658
1825,567,14,18.425161,655
272,2294,18,13.256448,349
1616,440,7,13.673708,1002
1486,1349,17,18.013472,1033
1798,216,16,12.299824,406
943,1672,9,6.512188,707
1593,370,14,16.726691,572
197,2193,17,4.561688,560
2092,1471,9,19.187229,430
191,1135,17,13.111550,772
1238,787,9,17.356578,391
1532,827,13,4.917061,1117
2156,2382,14,5.401261,579
328,72,19,17.707162,561
1881,428,12,3.983091,1155
629,1481,11,0.687074,839
943,333,15,0.709194,735
551,733,19,13.587051,685
856,2491,5,9.154996,1127
1796,1496,9,1.250126,243
152,943,7,14.561494,399
2245,1320,11,3.917799,716
1879,1015,8,13.425371,558
901,693,13,16.258928,723
621,2032,17,20.008603,351
1560,2261,9,16.645416,248
1986,828,16,17.203227,140
1387,2274,15,17.023560,821
1463,59,5,3.820572,756
1428,39,7,14.176503,191
50,1828,5,13.106425,483
977,1564,5,13.339708,569
1329,874,13,13.303595,669
43,329,5,0.303207,294
1659,2036,12,1.898943,435
1943,957,19,5.812275,190
1761,511,11,0.962436,744
1569,187,14,0.284612,1029
1502,2422,20,1.744968,653
76,439,5,7.012314,1083
2451,620,5,4.806741,952
2120,414,11,8.422018,481
1974,1797,11,2.472761,206
2313,1998,9,12.084245,339
664,189,19,5.965275,960
891,1918,7,16.466635,889
2,146,8,18.824098,149
2356,1106,13,10.357763,692
337,228,9,7.730368,508
1145,204,5,9.898034,549
997,262,13,20.064127,485
1094,434,14,9.088688,599
2400,1047,8,6.272008,629
248,96,15,13.969937,421
794,725,15,5.240769,492
1349,1174,11,17.801203,532
1555,1386,8,2.207678,643
1572,1468,16,13.053664,822
1769,619,11,11.819383,408
714,2085,18,5.680454,867
1675,1546,14,15.380679,816
471,895,19,1.739085,1075
2193,874,19,18.474530,564
1758,1455,7,1.979681,1054
507,2369,9,13.217330,700
1610,1632,8,10.806939,391
340,2256,7,14.208091,1058
2495,1037,13,9.209072,510
276,889,10,1.855669,1199
1864,1937,19,3.462085,556
898,1121,11,7.876302,1147
477,619,13,6.488914,1031
1405,800,12,9.076193,673
771,2106,5,18.987378,443
2225,1611,5,1.159711,667
2422,112,6,2.052419,941
595,1780,20,18.379239,1185
1707,12,14,19.245623,404
1077,2163,10,0.795967,1001
1284,1915,9,0.626160,475
877,1460,17,7.941948,465
1224,243,7,4.677222,608
2276,739,17,4.339208,873
252,970,7,9.678589,743
1988,1456,5,16.220727,777
2334,2306,19,4.469998,1167
964,820,20,8.768856,586
2028,48,5,12.871154,1183
1481,199,12,4.520937,520
345,938,16,15.891916,925
993,2018,18,6.245792,851
447,1086,5,2.483485,890
573,1315,13,0.544463,860
1053,1843,11,7.194140,945
2414,766,9,3.173374,161
526,1231,19,19.223869,333
813,749,19,11.642945,1104
307,340,8,2.839785,1188
1979,2447,15,11.928587,501
954,851,20,16.873676,692
1258,1533,17,8.053588,1167
264,1044,5,11.633647,325
1171,1572,15,16.822553,570
2335,1570,14,18.115961,692
2144,541,5,11.294725,246
1567,22,10,13.268231,593
2217,2282,13,12.179266,417
1039,1125,16,1.199992,815
477,662,18,19.121481,304
1517,491,15,14.265105,924
1567,670,8,7.395624,854
1564,1857,12,12.556613,148
1015,240,9,9.095528,791
494,2383,8,4.879376,677
1140,508,6,11.722987,736
2278,1066,9,3.591251,665
535,2379,5,1.148186,428
445,2492,10,0.948715,235
1917,1171,12,0.529726,210
137,345,11,11.833906,1118
854,341,17,2.590168,219
470,1780,11,3.406786,1071
2270,282,20,19.497737,147
1405,945,18,1.571028,722
194,837,8,16.221360,986
1461,1188,8,13.215886,210
76,13,7,7.909199,240
2163,1108,20,12.996896,515
1118,1104,10,10.597874,1069
2,2472,8,11.590069,1153
2081,796,13,17.114379,916
550,1182,8,9.010414,1030
179,923,8,19.444288,435
1044,1790,9,16.266690,353
1728,1682,9,11.197724,725
1582,1541,6,9.462265,183
1396,127,10,16.207136,440
1108,1948,14,10.416954,275
484,978,18,17.507380,1057
50,2144,13,10.650881,844
777,1567,11,12.768581,1070
1222,1611,11,0.257582,276
2233,892,5,10.153122,731
939,2341,19,17.123015,564
1699,256,17,7.085821,831
98,888,20,9.677786,688
1032,2132,16,16.220273,1006
1681,1672,9,6.184268,1114
431,787,8,4.092373,975
2041,1643,12,10.378360,764
479,137,20,14.451704,1138
1577,407,13,6.473102,864
2065,2208,20,2.614595,1063
1963,578,15,2.489091,315
1796,2280,12,2.117407,750
2147,1224,14,12.182192,848
2239,199,9,2.131619,423
1955,745,16,13.230505,992
660,1493,13,6.858262,1157
672,1770,8,0.379349,510
1021,1235,12,19.809980,1032
182,102,17,11.928253,306
2369,1185,16,5.318040,571
852,850,19,3.967192,644
372,2258,12,12.943688,1018
1749,1237,10,13.694674,494
648,216,5,7.850922,1127
539,1791,20,7.015683,354
1382,857,12,6.259052,122
790,1693,14,8.533813,1096
1190,2461,14,4.657096,397
864,2023,14,2.280743,142
1121,1319,13,17.331179,713
1477,477,6,2.489178,960
877,2044,19,16.575895,422
1225,2247,14,5.520360,121
2035,2191,16,15.434674,1135
1254,322,9,0.582128,297
1270,1882,5,6.219363,1136
858,1978,5,4.694305,986
2384,52,9,1.294073,498
494,1905,19,14.033272,981
503,1727,16,18.740257,1088
1033,2371,14,10.568850,256
490,2048,11,6.153302,1167
22,2290,10,0.105370,530
1213,1560,20,2.915861,1111
144,1917,19,15.713239,1011
2098,1101,8,12.290739,425
2265,2089,7,9.474581,396
208,1376,20,0.832153,718
467,2497,18,1.525317,631
1692,1983,17,17.868661,522
885,1937,6,5.254346,1054
81,1273,10,11.413962,972
1552,741,17,18.583539,513
1375,9,20,18.265231,720
1870,2010,17,9.381270,787
1180,598,11,6.457055,662
396,244,11,11.040699,1069
2014,582,19,4.326416,939
210,2026,17,19.740414,948
1770,1565,20,6.395781,247
1550,943,20,1.385645,404
354,590,19,2.631823,154
1307,1749,18,2.157955,746
2490,5,12,9.865250,726
2179,340,6,14.212134,340
1437,1564,13,16.846615,341
1501,1587,12,19.024228,439
1013,2185,12,11.839354,136
1424,1014,12,12.873455,664
919,136,17,11.805782,103
2481,2490,20,9.706355,311
1290,1648,11,19.330614,665
1732,1425,5,11.606125,433
1328,999,18,2.236024,931
284,1893,16,0.497659,290
2033,930,19,9.066975,118
898,372,17,9.213959,1085
1523,856,19,12.686747,842
1700,246,18,12.625825,1000
1854,2467,14,16.241362,704
1061,1779,15,18.567167,808
1171,550,14,19.045155,964
2210,1566,6,16.461841,708
1483,671,8,0.637905,103
1755,1652,11,7.688108,530
312,934,15,5.152927,216
1906,2327,17,6.813301,552
850,1353,11,7.155179,820
1210,2218,8,12.227848,482
2049,2234,19,2.399001,1165
854,1171,14,8.618040,507
2310,1230,5,9.575354,648
429,365,15,0.800401,660
920,568,7,6.065465,575
884,2419,19,2.932289,1065
1609,609,8,10.303269,1051
36,474,11,10.666395,109
773,336,6,13.062673,400
1709,846,12,3.253129,1034
637,182,19,13.122032,279
2261,2262,7,6.614211,961
2377,2431,19,9.447895,938
1196,2003,6,7.069780,1142
393,1191,16,8.086914,342
1670,1633,16,18.769066,860
1807,1751,12,9.635914,224
875,1586,6,19.076810,803
440,103,6,9.697747,792
2315,2398,12,13.166976,370
2240,499,13,9.372112,752
2274,1987,18,11.928068,836
1058,2484,14,16.420840,633
2218,1130,20,14.380592,733
655,392,9,18.403946,872
1079,1535,6,19.088019,180
2193,1209,18,18.502241,579
48,1585,15,11.651898,770
1780,2382,14,7.370640,134
1753,884,17,11.476989,1065
1784,1109,18,20.068244,259
137,1195,14,17.988861,467
671,845,11,4.298973,210
1904,1647,17,1.264097,530
758,1778,15,12.486182,1063
1428,1254,7,20.404208,318
1403,509,12,11.820913,448
397,882,20,1.898406,1051
1156,1223,16,11.413286,1028
2416,581,20,1.493405,152
1812,1611,15,14.946741,936
899,161,7,13.488552,305
1093,2095,8,12.195970,395
1538,1700,10,6.821723,1092
564,90,20,14.417710,222
2132,2187,5,16.313744,528
2339,198,14,18.797094,125
205,487,12,11.059699,171
1792,2041,16,7.752979,484
859,302,20,14.161444,826
2323,2397,13,18.924797,706
2112,737,18,5.276848,942
47,297,20,13.208592,884
1402,1328,16,4.855282,390
664,2402,8,6.442577,1129
576,525,15,12.116372,122
2211,1356,12,10.227372,216
95,129,19,7.477728,196
250,2165,7,15.917730,409
506,507,6,19.743068,262
1838,2146,15,16.910488,454
702,711,5,14.346239,439
2397,2096,10,1.739846,110
66,1695,12,2.054532,1056
1058,599,10,16.053178,797
756,363,6,12.234057,718
158,2042,8,3.605422,796
1279,105,8,6.825903,376
394,457,9,7.642328,731
2238,1108,12,11.570155,870
894,1541,7,10.618014,405
1959,885,5,7.189531,276
1735,75,20,16.586673,101
2315,1876,15,14.323829,436
217,274,9,10.936974,1119
2235,222,13,18.438342,278
1602,31,12,8.180662,752
2413,1873,18,12.117944,446
391,133,17,13.495084,597
1287,2303,13,9.835920,361
1925,2066,16,6.974125,223
814,704,6,1.129987,361
572,424,18,6.529010,445
2012,888,14,6.946188,531
877,1464,8,14.197165,477
2094,2288,18,14.229782,492
853,2300,15,16.633670,473
951,1221,14,15.332641,823
935,606,11,14.874909,365
1194,1504,10,20.367053,688
54,1283,18,10.978170,621
1122,1960,20,16.170709,295
1605,2025,6,15.566694,1038
2480,2190,20,15.700404,461
2136,474,8,7.174978,1044
250,1540,13,20.178195,117
1054,2225,19,8.476992,134
548,1518,17,12.478769,1021
2008,939,9,15.361936,280
2415,1932,6,3.140124,1183
73,313,17,16.282866,761
1971,1181,16,2.351709,1114
1387,1087,15,12.794078,949
2049,2429,13,8.227121,376
2154,543,9,15.629543,600
1055,624,6,7.468972,1109
952,1235,12,12.096369,616
323,1247,7,14.370923,746
865,1835,10,18.899622,874
1283,2191,9,1.309582,355
813,272,19,1.947169,1043
2109,1011,17,4.711209,1165
743,2210,6,4.439471,682
1283,1818,13,10.544880,1169
2029,813,8,1.251362,1135
606,301,10,4.333256,841
2436,1749,20,9.143046,441
1493,1750,9,13.469686,1028
2433,2458,20,17.978650,1074
388,467,13,7.013777,681
2133,2162,8,8.627875,1098
852,191,7,12.373549,803
298,154,8,18.047977,918
1131,2025,14,1.078731,1169
1795,1481,12,10.493474,378
1225,83,16,18.117184,439
1949,1113,19,8.304210,127
1467,1983,17,17.321144,785
2477,1416,10,19.582206,581
1916,1825,8,2.781589,110
961,1858,10,6.167823,201
2225,2248,10,1.089832,523
1836,1181,11,6.384446,880
2342,2311,8,8.771959,791
635,1974,9,1.738313,1117
1210,1790,17,15.631118,132
2232,2180,8,16.051486,374
2315,716,5,9.519068,524
94,405,18,0.910361,866
925,2411,14,14.023513,926
916,1549,19,13.704803,842
1906,1069,7,11.549020,357
488,940,6,9.254270,391
458,1805,6,16.726260,318
2268,2337,18,3.751170,456
2298,3,14,16.349306,294
738,671,10,2.074598,1160
993,1115,5,1.019686,1018
1181,1292,10,2.821058,382
1789,445,11,0.691579,452
1451,1227,8,12.529914,398
594,2223,5,2.484557,939
181,145,6,7.448145,1129
181,428,13,11.723893,279
1353,953,12,13.259756,198
843,1550,12,6.976226,953
75,173,9,5.178719,884
1893,932,20,12.467747,271
556,586,14,11.179210,165
2328,1500,11,15.603845,1157
366,1673,13,4.623004,1154
1704,2080,5,17.103224,713
1672,2182,16,2.285353,928
656,903,19,4.430123,233
2402,819,9,11.972528,716
935,1011,19,5.851180,471
1920,1856,19,16.366657,220
608,2354,17,17.047033,1172
1208,2033,12,10.395300,1132
1775,1619,12,15.975191,1167
1181,1356,19,1.389966,868
768,1677,6,10.960972,232
897,613,15,14.138750,1059
1593,100,6,8.030247,257
229,1309,6,14.844305,1178
371,1447,14,15.566278,184
716,1790,7,6.634837,269
1855,2324,11,11.825670,749
219,1591,15,4.964951,1193
725,1578,6,7.962647,364
2349,1032,7,16.538250,437
579,534,16,16.425527,737
1538,1307,9,12.016301,312
1906,1786,7,17.630762,592
218,1122,19,7.210445,448
1029,166,10,12.346530,821
347,464,12,18.775437,507
2225,663,13,7.503993,219
778,130,16,18.015322,591
1191,1595,8,18.220142,1196
1638,1111,5,4.003381,305
428,1784,5,19.388256,1134
602,2250,17,18.453074,1191
526,590,16,6.264653,1122
2345,1849,8,7.742434,1061
391,1799,6,3.517467,137
1823,310,12,14.827196,1027
1244,595,6,3.841875,811
1761,171,16,9.566547,632
649,130,7,16.896330,938
1046,1309,18,14.374056,361
2396,546,8,17.563947,1156
1260,578,19,17.849689,1047
2435,743,5,17.345617,143
705,1780,14,11.422769,1167
2320,277,9,10.105253,520
274,115,15,9.965403,1127
1900,2344,9,1.358144,489
1370,417,7,18.720173,1087
2325,1089,7,18.258691,469
1910,1053,19,6.535353,715
556,940,15,18.492458,445
2260,83,11,16.720262,419
1415,612,19,15.130585,1191
25,1464,5,18.647020,1053
2233,2317,14,4.868851,222
1044,1177,17,11.764355,123
1434,1574,10,19.810849,640
2489,711,16,2.017872,198
1611,1156,15,18.212557,726
641,635,15,18.123175,1122
980,696,9,9.674115,564
797,2244,10,0.685546,1127
1573,993,16,17.585110,644
1545,862,18,12.648020,736
2404,1313,15,13.557381,299
914,62,5,18.796919,674
732,816,5,10.619738,771
643,547,9,11.376126,689
1600,968,9,7.727891,149
319,109,11,3.197743,1114
472,1241,7,1.160545,243
301,2423,13,18.115009,124
64,1107,18,1.931158,576
1048,1098,17,11.865691,1073
889,680,8,6.216665,808
1118,1585,19,10.573400,1153
1503,2078,14,15.590498,422
768,2321,14,3.194433,154
2286,1539,14,12.011870,494
2134,1328,7,0.542584,1172
1919,492,18,8.405846,243
1275,1948,15,15.100003,734
1290,1437,20,4.193673,281
1686,412,13,6.794353,506
450,892,5,14.272285,344
2113,1547,15,12.739071,791
935,982,8,20.004766,105
890,1156,16,9.651675,460
1452,2415,11,9.322026,453
895,2234,15,15.351531,710
1712,747,11,13.948851,1130
1770,315,7,6.452127,547
166,1609,9,10.912969,232
1843,373,14,4.177674,868
1646,2400,19,18.452363,512
412,1600,9,14.661635,1186
1391,1748,20,14.784636,1176
2193,193,20,16.172016,284
1618,619,16,17.303732,935
181,10,14,7.676212,601
2221,709,13,1.202206,709
2060,1428,14,19.234693,1177
1016,1159,13,12.817145,460
2071,1274,9,1.313784,569
1382,1237,18,16.920473,526
276,676,12,5.260320,358
747,606,6,3.314468,524
1312,943,12,16.439926,552
1983,1095,7,15.529392,981
1124,764,16,1.829939,522
2092,862,15,14.275800,214
1920,1994,20,15.771057,451
1884,1030,15,17.510151,1041
1987,48,17,9.253046,1104
310,1972,6,8.652426,793
914,868,18,8.752562,573
531,1725,20,1.637521,501
1214,2015,11,14.853253,916
272,57,12,16.438849,1137
1267,751,13,9.806077,726
1258,1203,19,10.137505,575
482,398,16,13.380053,1140
922,2373,14,12.784817,650
2177,1218,11,20.446547,1014
1713,1095,10,13.639331,102
1839,1337,14,2.259525,648
1903,1815,19,17.864540,563
76,24,8,17.776559,1039
2114,2262,7,1.002171,469
1002,836,11,13.767014,496
302,1858,8,2.868173,871
302,1201,12,12.488617,484
1311,290,8,15.583156,351
2142,2104,14,16.412377,302
2164,675,10,2.185218,595
1811,655,9,8.181733,959
2484,1003,14,0.823801,852
625,1788,20,6.118618,1115
427,607,14,16.440115,1144
1857,785,18,2.115921,499
1639,2320,20,13.897012,473
2067,1751,14,18.067468,921
472,2249,15,19.760352,919
1987,2439,9,15.334645,542
31,1233,14,6.808159,459
703,1852,8,5.650621,274
907,1394,8,5.266325,1024
766,1226,12,19.868675,254
1112,1324,13,16.232885,1169
2236,427,9,15.744704,223
1717,385,19,0.509759,189
2325,619,20,2.411919,1133
1433,972,18,0.301730,373
1883,2426,19,17.019859,791
536,1754,19,13.994018,930
1176,1772,9,13.276652,627
2334,1678,12,15.362866,864
1035,2256,13,3.932088,602
2482,2281,17,4.074787,531
990,2090,12,5.234619,280
887,1235,9,3.931733,384
162,1287,8,11.123860,129
867,2465,10,4.384978,326
372,810,7,10.454441,931
321,978,20,14.198621,204
1716,1760,6,19.099297,915
949,2453,7,1.047765,352
108,1499,5,14.469394,1100
402,673,7,5.136118,941
513,1474,6,4.923984,1028
2000,1131,19,6.360137,162
723,1184,18,18.778666,570
520,831,12,11.145356,971
1825,102,11,18.456712,163
2121,1148,5,7.899198,891
2048,210,11,2.972441,868
1169,1546,10,13.260422,1134
712,1654,5,17.765982,510
2495,1350,16,18.137126,953
2343,2327,8,11.880488,293
1586,1994,18,12.600977,1023
388,2246,9,3.041663,640
502,1336,13,15.108898,498
1573,1724,17,17.087941,448
393,1984,14,1.297683,858
722,177,5,2.615138,453
648,1365,19,19.118035,528
1033,252,16,14.761654,461
1484,1702,6,15.227707,499
224,1498,5,4.921099,463
2379,782,12,12.031525,350
2279,1330,5,5.954685,761
2254,1357,18,4.748321,187
1655,338,14,5.871563,369
1898,1618,18,14.707133,1117
1212,1105,9,9.577602,1013
1473,2344,19,19.733219,713
1383,2007,9,8.374040,438
1085,2234,20,18.183723,1086
1499,133,13,11.087249,1189
2496,339,12,3.410919,1088
1044,890,19,20.175180,419
1603,2094,14,10.863974,1155
2183,31,8,11.541468,323
523,2183,11,9.575700,452
365,992,10,15.122709,1180
471,2117,14,5.329381,1192
344,941,19,5.856308,607
2495,1361,19,4.152062,654
739,2087,18,8.355213,112
2370,2408,18,7.854864,207
1162,1064,8,15.742447,490
1092,2392,17,2.041956,481
2240,1105,7,6.705421,728
2090,1443,11,2.646446,208
2139,1617,12,7.164963,425
374,2144,14,19.409795,1155
2029,1827,18,17.905197,1077
2445,2497,11,11.015401,742
1654,15,19,3.447154,899
1341,310,19,10.417495,298
297,567,5,5.867840,741
845,1282,8,11.866460,668
544,1253,18,2.987232,454
689,966,9,17.140244,197
2315,1131,11,3.713319,1165
574,2388,18,6.476856,866
1379,437,19,2.822626,869
1291,1728,10,4.045656,880
1288,1044,18,15.205006,1153
329,65,16,16.373600,677
534,444,19,17.321016,557
1783,1925,9,9.155992,803
1898,422,18,6.031468,436
1221,323,20,7.431949,938
389,671,13,18.583008,896
694,1157,14,11.425780,709
103,632,13,12.823864,810
1564,198,7,18.491560,191
1501,783,17,10.069639,593
1694,2137,8,9.563823,447
378,1220,9,10.722336,150
246,1628,13,18.126589,109
743,535,9,16.890480,287
96,1356,18,2.184852,720
38,885,17,18.083716,187
1920,1681,10,17.835311,979
123,505,10,9.949284,485
1974,1148,6,1.620061,707
500,4,14,5.548502,847
1067,1178,17,5.025714,162
322,1229,16,8.079525,795
461,596,6,0.021284,1128
465,892,19,8.088411,211
534,796,10,17.316257,883
1029,1273,7,6.666486,1102
1100,518,5,0.996151,364
1884,1192,5,19.408541,927
415,651,20,14.874068,1046
757,525,20,17.455030,577
1560,274,12,14.109338,855
322,1450,5,4.215353,152
87,528,9,9.902300,128
66,395,15,4.841312,852
480,893,14,2.902184,1104
1578,919,8,4.253876,419
77,2022,10,14.977792,1190
369,1812,15,19.590949,411
1662,1888,13,17.291361,369
1211,2465,12,17.397294,1092
1360,1500,15,18.077236,1027
684,1320,6,19.105738,316
2119,1999,19,18.706389,333
2418,544,14,17.907623,678
2068,1810,8,10.289448,430
1448,1517,17,12.612964,757
1828,409,11,4.491243,164
1012,2205,12,19.385573,658
334,2104,9,11.280153,339
200,48,11,6.358001,895
1482,484,18,16.800148,1058
896,1847,14,4.315478,610
2289,585,16,8.458981,759
1781,720,6,13.791354,331
2176,2427,11,8.119979,172
586,2251,15,17.678593,692
953,1324,20,5.940829,171
1156,440,10,5.370746,152
1776,811,7,2.706244,291
1533,1253,17,9.000402,142
775,951,10,13.209852,685
1780,555,8,12.876201,269
1713,402,11,13.716112,106
644,877,20,6.752631,1116
1527,329,16,2.336794,729
1920,399,13,12.416849,766
2438,1403,18,4.325605,857
1183,319,7,2.615519,398
2302,1508,20,9.836430,493
2125,401,11,10.278353,505
56,1820,7,2.792247,942
905,1955,16,6.269369,943
2341,2216,20,1.808159,452
945,309,16,8.772430,869
677,862,12,15.058099,114
387,2190,10,6.870694,536
169,761,15,19.416528,195
960,675,18,9.313415,308
2283,1403,14,4.524320,704
362,370,15,3.002080,301
960,20,12,13.772694,803
1869,2286,7,15.438181,675
1827,799,10,2.929299,596
175,1094,15,5.632790,568
1229,1114,16,4.105121,768
265,1306,10,14.018518,189
842,1753,12,4.830781,146
1672,1184,13,4.358799,1200
1258,94,20,13.729811,793
1305,2193,7,8.057516,253
2080,1147,7,6.363539,470
2028,482,9,12.432197,865
2450,2238,7,15.321325,468
2275,2312,5,4.627065,706
2236,349,17,1.211431,1130
677,619,15,11.820479,655
470,1878,12,11.331227,1160
2487,528,12,7.436457,357
933,511,10,3.428087,892
2468,2016,11,6.874230,777
50,2027,16,3.002384,491
188,2192,16,2.373252,396
2434,1236,18,0.723537,426
999,345,18,1.615352,1174
2013,2490,17,11.665526,949
1430,493,12,0.124147,129
1754,1223,11,1.912958,1032
1137,765,17,9.403585,591
1617,515,7,14.196684,812
478,1000,5,0.453321,694
1332,1531,19,12.104137,701
229,1484,5,4.238130,209
2004,638,15,17.901490,648
2430,447,5,17.877999,381
1431,385,7,8.916597,830
483,1954,14,17.042593,272
1130,484,17,13.065869,483
1005,1831,7,14.002856,1006
1388,2406,12,14.609119,639
2237,533,19,0.305820,719
2121,124,11,14.700545,402
1292,654,17,1.189525,779
1553,1265,14,16.213153,365
1116,1041,13,0.634740,965
737,1444,14,11.511689,896
2230,1514,12,12.080956,183
1051,2126,16,16.960191,913
490,1853,5,16.849371,672
2160,2412,19,3.174240,658
1743,579,15,11.001935,380
1817,279,15,15.496582,874
1650,339,20,11.709455,649
2429,2310,13,19.687149,710
1142,1104,6,7.081642,860
2395,1084,15,3.525003,969
553,2099,8,14.559459,349
759,113,19,12.906530,613
2091,2407,5,8.667952,143
1545,1967,20,20.313926,786
1889,889,20,15.485858,356
385,57,14,1.594573,585
1143,2099,15,3.711894,1065
1810,871,12,14.238625,1153
433,633,11,18.761814,1045
780,528,18,0.331211,1139
494,2056,11,5.443135,628
889,1186,10,12.402954,475
1308,1355,17,7.334934,1096
1609,756,13,13.090030,146
653,1886,5,6.785272,377
2140,2117,17,0.937874,692
1081,1069,16,20.244202,789
1926,2276,17,14.137000,1046
1068,2480,18,5.649516,359
270,1326,14,5.681687,777
739,1160,9,8.709593,622
656,1738,18,18.659025,1089
1944,1543,12,12.505250,1129
1495,1528,12,13.935716,633
1453,496,12,4.311079,1099
80,916,7,3.093683,355
930,2308,12,3.255350,1180
127,1956,19,7.733087,350
909,121,14,18.923350,598
960,899,10,10.521011,797
2060,1512,14,5.664382,300
531,159,17,2.815634,565
1178,1146,7,2.226640,551
2081,418,7,1.096568,232
747,1954,11,1.866390,908
894,2349,5,14.363056,348
919,1197,10,6.930473,613
991,2429,17,18.843341,678
2475,259,14,16.019914,808
2202,1567,19,13.975232,574
89,548,5,11.918039,444
1033,1106,16,5.542674,331
653,922,16,20.083463,155
1873,340,20,7.666266,448
1006,905,19,14.535570,115
973,1401,8,20.032202,1164
1801,1951,16,17.532628,1071
1723,534,11,19.647138,887
1712,1834,12,9.961671,748
1232,598,12,11.048392,138
884,646,8,0.577214,1151
785,1492,8,19.145682,403
1945,1711,18,15.756632,987
2233,983,8,9.862016,779
1199,2240,16,15.179056,177
1050,2421,13,13.823717,1046
1146,488,5,17.447043,424
2181,1948,19,13.423030,876
1660,983,6,14.740426,1117
437,695,15,0.267068,974
157,2410,13,18.142256,213
1203,1519,8,8.022984,644
1289,1943,18,14.259590,1193
1993,1142,20,11.819595,304
126,2377,10,12.050663,236
1517,274,5,1.977470,690
978,2192,19,18.101266,362
978,2356,10,5.634362,129
187,81,17,12.749858,331
1245,804,16,2.445189,1042
1171,1414,15,13.219383,204
371,1173,11,7.958003,1124
995,2384,8,12.963219,131
283,694,19,8.468633,890
1951,624,13,19.152947,1124
360,1949,19,15.556620,995
432,1069,20,3.743280,460
1830,1904,16,18.794407,120
949,23,16,6.371542,1127
1961,795,16,9.591325,1132
1517,1363,19,20.084023,845
1828,494,19,17.157013,149
2466,231,9,6.008174,848
2275,2384,5,8.113371,345
392,1989,8,16.799439,517
376,1140,19,13.788779,401
1797,1407,12,16.371539,708
2462,944,13,19.446958,743
2337,553,16,14.840365,918
2335,143,20,18.604273,263
779,1083,19,15.298208,1182
565,1174,10,18.730483,782
915,37,13,19.936464,981
1241,973,19,7.903687,190
1885,1649,19,13.470882,427
1503,849,7,6.900081,208
197,853,16,1.578295,444
2370,208,16,5.011227,625
531,972,18,6.467122,1118
731,473,15,9.750204,238
7,2413,8,4.028370,1083
964,226,17,13.830645,173
2420,1202,18,10.294781,336
873,2473,12,11.290087,1025
2242,1113,6,8.960499,902
1952,1630,20,10.699429,269
1939,1925,16,9.733093,650
92,1412,19,5.256831,899
1807,630,13,13.712396,185
997,1400,16,17.205949,392
1801,871,6,11.369066,877
2497,1042,19,5.131427,315
916,1108,18,4.559527,474
566,2137,17,10.477287,217
1324,2205,5,16.993010,942
1232,2144,12,13.000236,599
2099,1111,18,11.165946,239
590,55,18,19.610987,457
1032,781,14,18.447044,325
2282,2020,6,11.108576,944
1811,446,13,8.488674,298
2152,982,13,12.820691,211
1238,1343,10,14.394534,248
15,2394,18,0.315685,210
1538,1746,18,1.784324,864
453,222,10,9.461535,523
1349,1010,16,3.173227,1096
2379,1722,18,6.588499,698
1344,984,18,17.532863,1027
87,1497,16,5.538828,512
2151,1736,17,19.764932,712
143,1703,18,6.813270,514
750,2308,8,7.719940,103
1113,1112,13,11.753632,777
206,2419,6,18.903247,808
827,2417,6,9.817512,1172
120,1049,15,0.772392,1166
2178,1714,5,7.345123,1059
588,1280,5,7.091742,155
260,2403,19,12.936142,540
2161,2427,20,20.411247,977
2352,1608,5,18.775047,270
562,799,5,7.847801,1029
1901,1185,16,5.933130,206
1520,171,10,14.436962,1120
1224,1043,18,11.516965,487
263,812,10,2.821583,827
2256,1930,14,19.174720,346
1238,1943,16,14.458562,1016
258,1417,14,11.460329,231
310,98,15,13.128310,1023
258,332,16,19.973349,835
1554,1775,5,20.155958,819
1866,2193,6,11.932323,598
854,2227,15,19.122588,619
932,446,15,9.306568,123
1081,1883,13,1.040304,375
1840,2464,17,3.127303,732
1946,495,6,20.480480,666
1757,1694,12,10.389013,513
352,1577,6,16.868869,667
515,1217,6,10.035885,455
236,1881,17,3.264606,446
1219,817,10,11.067185,166
1590,83,11,18.898200,741
2009,102,15,0.067765,400
2083,903,13,20.299437,723
92,2262,10,4.018716,128
1034,534,19,14.404099,1049
663,1820,12,15.944555,175
368,1899,17,6.392658,914
1713,191,17,3.519217,556
1602,2024,6,13.174885,762
475,473,9,13.570838,1044
2031,1969,12,13.742699,786
1771,1794,15,10.894895,520
2318,2223,15,8.196638,710
2078,2425,18,16.160097,400
950,1166,14,7.881754,428
2485,955,18,11.346270,162
457,469,20,12.278971,752
923,809,8,11.588061,525
1047,1829,6,16.419909,471
685,2097,20,20.208205,1055
1688,833,17,16.006116,1081
1756,467,13,0.494969,140
1976,1341,14,0.261686,857
977,2437,14,8.052545,269
961,1726,17,19.043525,690
693,483,16,2.834799,748
572,928,20,8.143757,1131
1824,1309,6,20.149815,1023
1589,805,13,8.434271,399
131,638,14,16.441445,639
314,1990,10,4.387295,399
2322,155,10,11.860035,356
338,1713,18,8.871864,1142
2480,623,7,7.982961,756
2130,2442,14,16.491917,1075
148,2051,15,8.187624,834
1254,1472,20,7.728350,505
2265,1811,15,4.404537,481
170,1324,14,18.643914,243
1056,209,8,7.522279,1148
149,1079,13,12.024085,1176
27,2376,19,6.660586,776
508,2394,8,18.353185,963
2349,1165,8,9.517433,273
485,509,14,14.541404,117
1642,468,5,7.415504,363
952,1091,16,5.677911,816
640,149,16,6.660888,604
1235,1568,14,17.693692,1165
1993,2339,10,14.118366,1175
2065,963,16,0.337993,441
359,2402,9,7.606597,122
243,1490,19,15.083889,502
2459,605,13,6.004608,832
861,2135,19,8.096792,720
585,2346,17,15.864447,566
1845,1229,8,0.749206,1177
608,295,20,12.481497,409
1321,875,11,13.691278,234
974,2053,11,5.433343,986
1434,613,17,1.625348,354
1687,669,20,8.944386,659
160,1593,17,7.604363,606
235,693,10,2.177979,880
1329,112,15,11.953360,572
945,530,8,12.878371,478
1186,1998,10,3.658381,667
783,206,17,13.895394,330
788,319,11,18.515973,824
944,1725,11,5.062596,491
296,1796,20,18.494273,378
2298,2167,15,20.214867,256
1676,1950,7,18.661616,601
1453,917,14,2.881327,1160
1439,622,12,7.632880,574
2226,229,16,17.632705,220
2335,134,15,7.212822,109
1789,1690,17,4.166914,1029
1438,458,5,1.378126,1135
865,448,15,1.136779,362
1256,1297,16,14.504307,1110
1597,1210,12,13.640280,686
38,1754,16,9.240450,481
792,1724,13,6.772593,1169
2089,1798,20,9.359959,941
2091,52,17,10.505402,598
757,2231,12,12.045208,339
1927,2057,10,6.711723,726
337,259,7,17.356332,697
829,1227,5,16.086045,179
511,2078,8,6.242647,990
1095,1971,17,13.076043,1193
1049,2060,7,19.109470,447
697,2243,5,17.555612,388
2052,2345,12,19.842232,456
1898,2207,17,16.496120,1097
1343,915,7,8.422745,842
1077,150,8,15.055469,436
1043,238,10,7.503460,812
1651,1650,17,15.983584,840
602,1555,18,11.218707,257
914,2117,20,3.102882,704
591,2499,14,17.168434,121
1155,543,11,17.946402,956
321,185,5,7.448009,500
577,2022,8,8.939983,766
156,1050,9,17.664794,363
893,2051,14,11.685603,414
149,27,17,6.426382,477
2144,1595,11,16.529216,1092
1182,192,7,9.764905,900
1144,599,6,18.671083,1000
40,269,16,20.180994,673
2128,823,15,13.518429,1094
310,847,7,11.176924,781
1229,1832,17,7.604524,243
1449,716,5,13.510584,538
2305,708,17,7.465945,901
814,1977,10,8.799828,1022
1764,1662,8,19.520727,1170
250,1680,6,18.419462,326
1274,1839,10,16.237641,630
380,465,10,14.277131,1175
107,974,9,9.030166,859
1256,1194,11,17.576895,1163
1938,321,13,13.526192,697
1866,1523,13,15.831867,586
1965,1129,5,11.447097,943
288,793,8,19.699471,659
122,810,6,3.705269,234
1570,1670,10,19.388316,460
1660,673,20,13.996090,434
462,1326,14,12.462617,128
2253,262,18,8.719019,183
2099,709,18,18.371687,574
1116,1445,10,1.231610,480
294,1295,9,15.471532,138
1600,760,18,19.471178,718
2276,312,9,8.725629,276
1847,1698,19,9.033812,239
1041,967,6,15.693289,506
911,158,5,10.521701,641
846,818,15,17.179490,501
511,831,7,15.195249,485
2245,1252,8,19.396866,779
86,1450,17,13.713949,1052
2225,145,11,7.627778,1014
1209,2430,14,7.704690,925
2300,290,17,1.993162,355
445,81,10,17.430270,248
1439,2140,17,10.458818,517
2266,1212,6,5.291107,760
408,879,11,19.346083,276
1183,67,7,4.460684,1001
351,599,9,13.878153,1125
225,318,20,7.112153,604
1020,2344,14,18.580423,894
714,1282,18,11.498629,920
433,2222,9,0.116045,430
2380,2279,12,4.537270,350
288,609,16,9.460448,606
2079,1085,13,1.593837,752
27,2438,14,2.767254,1046
547,35,19,0.873586,352
2017,1772,7,2.191605,947
1929,1286,16,12.748990,620
1456,144,13,16.688567,313
50,66,11,11.887387,1144
395,1995,10,5.752673,848
565,1559,11,10.167198,657
1635,2151,13,13.543967,594
2265,1869,16,9.250558,436
200,1576,19,17.075048,144
571,1632,7,19.966330,960
99,2095,6,8.810325,1119
742,824,8,5.218451,161
957,2063,12,8.551607,1017
2258,1657,8,18.789318,1053
859,156,16,5.860114,524
712,1349,17,7.771350,208
510,1030,11,10.028785,197
1330,2095,14,18.585553,321
2179,1867,8,11.618779,418
1515,48,13,12.894016,1092
2238,703,7,10.181880,940
1603,2148,9,3.616021,670
1885,2139,15,5.740437,457
2101,1608,20,2.095792,764
1987,1705,16,2.340739,1128
602,2114,5,10.945331,240
440,1491,11,10.027387,926
2048,325,13,9.989502,1099
426,1262,8,10.933458,1071
558,2316,20,17.319297,977
1089,362,14,0.432276,645
828,934,16,10.923670,226
1195,1849,15,17.804899,562
1571,1334,19,10.880766,502
69,260,6,15.052702,347
1303,1661,8,11.200948,594
1075,877,9,12.910400,1072
1668,966,5,0.338718,135
2114,37,15,8.552798,271
1040,445,13,15.628409,999
1033,731,15,5.561798,1058
1060,972,5,18.594290,613
148,1783,14,2.666008,1094
480,260,10,19.863134,149
1807,2474,12,11.775995,483
429,1710,13,13.240436,128
1008,880,19,19.240408,911
919,614,15,12.323321,683
586,676,14,1.334632,820
1987,1184,11,17.490745,1138
1949,1129,10,17.212167,608
2484,126,15,14.861465,240
1249,1123,9,10.647793,114
1940,116,16,8.433364,148
743,122,13,1.260451,461
886,449,18,1.164413,914
769,657,5,6.524769,974
2153,721,19,2.223522,1026
792,1669,5,9.370434,562
227,813,10,6.700928,770
122,1355,11,7.090080,538
451,553,19,14.508514,421
2482,790,19,15.135577,746
585,1034,17,8.353544,215
1943,836,6,12.428029,482
1797,2388,8,0.448622,484
1844,1923,5,6.340252,171
35,2427,20,7.036493,821
1790,2334,9,3.116712,650
1361,1252,10,13.882502,546
2146,1784,16,3.691418,1072
1805,369,17,7.502943,280
2121,2122,16,19.506381,607
1634,616,13,11.821659,675
424,1262,16,11.684700,922
1267,812,10,7.069316,595
1939,592,11,19.670918,756
631,19,19,5.453534,1196
1606,1922,13,6.510041,609
2322,333,7,1.961808,1087
406,889,12,15.682219,936
2147,714,8,11.282105,515
318,2142,17,1.853857,424
1367,1340,12,3.254812,1073
2097,2384,17,3.960417,875
635,611,15,1.986796,327
905,34,8,11.950426,262
139,335,19,19.717144,141
1554,956,14,12.103339,530
1357,747,16,13.662884,792
393,607,10,16.976049,623
1416,1705,7,3.311097,561
2328,1657,8,15.287264,1146
2415,48,9,5.340775,279
2077,2199,14,10.456392,1018
2233,2401,16,19.244354,613
83,1055,10,10.937290,633
510,627,13,3.485848,822
1635,62,14,19.827931,455
1709,1938,6,17.656533,594
1425,289,11,11.748071,961
509,1782,11,12.185088,952
883,795,9,14.069993,1011
1243,1632,18,13.622134,154
1767,2377,13,9.540031,1181
822,291,7,10.353363,299
2203,447,15,8.036786,232
362,808,11,4.152723,1062
392,880,10,6.664607,743
1776,826,16,14.952687,770
1189,1804,6,11.838947,1009
144,1873,20,2.521908,155
1290,380,19,10.917466,956
2331,1128,17,17.342918,1136
2475,599,5,14.747102,102
721,90,10,16.054498,243
346,1788,11,4.703283,961
95,2183,6,15.426443,818
1597,697,11,12.899203,193
430,923,17,15.800559,912
1523,2262,14,1.317929,758
413,2123,20,10.115687,178
2331,647,12,15.670471,238
2414,990,18,19.044258,834
2124,1781,11,6.104571,980
337,1378,18,2.377863,296
114,1469,9,16.629578,342
892,2420,20,4.205276,241
1196,1230,17,19.118679,506
1389,676,15,19.078375,195
282,710,11,4.704225,458
1570,1516,7,1.763839,1173
1211,59,17,11.817180,858
770,486,12,19.592248,902
524,1292,7,7.947081,959
1568,1000,12,2.929462,637
1748,479,12,13.176131,264
1182,113,20,4.685651,283
2126,150,6,9.728697,382
1821,1235,9,0.999038,592
1769,1890,8,12.644165,237
1471,2424,9,3.400674,127
2443,166,20,19.459237,120
1754,90,9,4.923399,457
1712,1044,6,9.435735,1119
1236,2253,12,13.477450,1064
520,1518,11,16.238687,1012
1777,639,9,20.094324,136
121,1091,12,1.633831,848
414,2437,10,15.458369,989
2404,1092,9,1.859103,986
1191,1830,16,4.855124,920
1803,1591,15,13.385063,795
559,1984,17,7.208034,347
1191,748,13,12.829298,427
368,1469,5,4.745282,182
2053,227,17,6.781947,1094
1660,2079,20,12.535828,447
1385,1776,18,1.424882,874
888,2076,15,20.498201,336
412,2323,6,0.299930,330
2232,1892,15,17.144498,1018
133,1978,14,8.817224,1185
415,844,15,11.375274,418
923,574,15,17.635497,937
1041,777,7,8.959730,760
2019,1159,11,14.344123,1113
2431,1326,13,17.360787,431
2288,221,7,15.359611,429
1252,230,10,1.493546,562
2273,1743,17,17.677726,118
2194,932,20,1.502531,119
1583,666,11,12.301396,322
1468,389,5,16.046951,954
1989,2436,19,13.933864,1123
348,940,8,15.816255,838
158,1825,20,1.540300,278
2043,706,14,14.553018,645
2144,1457,17,8.112787,851
1681,24,6,7.808362,781
2404,2007,5,11.432628,240
1111,2446,17,4.520304,1130
1806,476,6,17.659723,159
1851,2402,14,13.748698,114
1133,2008,18,8.748089,1185
1328,2261,13,4.509051,1124
1749,1352,7,16.503801,591
1369,1788,9,15.239045,1076
1340,1363,16,11.307219,254
1356,1579,5,6.316557,124
2356,2067,18,6.961577,597
1775,1332,18,5.496892,894
2491,1523,8,5.101494,472
1759,2408,20,16.870955,380
976,599,12,18.701165,128
871,153,18,19.699620,622
764,1822,11,1.156876,829
1133,789,5,17.695140,105
1646,732,12,1.881477,586
2314,1892,12,10.303438,1127
330,2188,20,15.679053,466
289,803,11,17.343090,1183
1645,162,18,18.586504,618
623,315,8,11.341503,824
677,2310,17,20.291767,542
1241,414,16,19.341694,710
193,2376,20,7.403038,730
19,378,6,20.143871,918
546,1541,16,13.563866,1001
930,2343,12,14.264577,801
1285,2089,14,4.394391,171
2472,100,16,17.619687,172
2348,1449,17,16.200479,1017
1387,1844,7,13.340993,531
426,1386,17,6.650915,359
2380,1839,14,4.480811,543
1224,2004,19,7.435071,1027
1572,584,7,11.795336,745
2341,1932,11,15.707153,403
2322,1632,8,1.697911,580
311,1772,8,6.426363,431
2474,1113,17,19.653680,525
1920,1961,18,13.060319,886
213,1815,15,17.358787,540
131,1690,12,11.052239,220
448,1274,11,8.273058,1194
1738,1939,6,14.527487,411
2416,894,7,10.493979,324
1078,345,5,1.107957,618
1868,1570,5,7.868495,646
2377,8,8,11.690842,882
1056,2387,9,4.303343,207
1972,2016,8,7.762657,245
2446,1613,16,3.526808,214
1998,2107,13,17.757509,1036
2399,1586,16,17.428365,538
581,2276,6,13.542082,1004
876,886,5,2.993554,936
1124,2453,11,16.223987,655
2286,1052,13,0.609765,985
1606,534,8,10.353113,1047
1475,1408,14,9.143244,1021
1630,1346,20,16.712297,125
1666,1170,12,6.909013,327
1724,1567,7,8.005053,330
2365,1208,14,5.165002,756
757,200,12,13.850504,890
1563,2208,17,20.452439,834
2277,1180,6,6.148877,717
2218,2379,17,13.002950,1100
1999,63,20,16.765543,693
2315,358,16,17.588952,794
1240,2278,11,14.160632,166
1548,1612,16,17.939239,1016
1005,491,5,8.764037,399
77,1356,7,7.020894,1039
302,2092,19,7.023848,471
1637,1426,12,15.800719,867
2254,1717,18,16.479388,885
1773,1893,8,1.755449,514
2366,2218,8,19.947617,161
998,2366,10,8.179158,709
2058,1147,16,11.618698,759
16,87,9,19.541840,456
1671,1076,19,15.447639,253
0,2306,19,15.284545,240
835,1658,16,8.495608,926
722,1435,5,20.036337,813
2234,2484,5,9.258034,1121
783,1041,20,17.843160,945
2108,2490,19,1.909521,214
1008,2408,15,0.233410,408
639,1948,19,10.951061,975
438,2378,10,19.193407,680
513,2254,6,13.602070,535
265,988,18,19.054939,1175
2045,1337,20,12.827357,889
852,1101,13,11.914888,886
710,381,7,15.164126,1132
289,1104,7,18.432477,667
2379,2297,9,9.780667,591
1328,932,14,7.077957,316
778,620,10,9.729875,865
1083,1939,9,18.036393,922
1878,401,7,13.866189,1179
1099,812,8,7.447322,441
1681,1776,15,8.435782,824
2441,712,15,6.413359,655
334,1814,7,11.114594,364
864,209,18,8.851049,298
2354,720,13,6.154293,306
920,1246,9,6.886382,753
2361,1352,9,1.039603,257
1002,2203,7,5.011067,488
876,223,12,2.046449,1053
1282,2180,12,4.418144,281
1723,2218,20,7.971465,656
657,1908,17,3.721883,456
2344,1210,10,14.592556,280
879,249,8,16.435655,183
1111,1581,6,14.434972,622
1982,1655,15,2.457321,551
2132,1074,20,11.384389,751
1163,1257,17,15.501581,843
470,1214,8,2.969022,480
565,1089,8,4.238044,936
1553,46,13,17.754081,300
2107,849,13,13.769937,988
1740,1044,17,7.067976,489
2333,2256,8,8.224401,201
1369,592,17,14.223756,983
848,1237,5,2.350754,662
1453,505,12,14.766544,557
2276,1195,15,13.618170,381
271,1620,10,1.846589,536
471,1373,12,4.054440,141
1637,1618,9,12.699788,536
886,674,18,13.538226,1122
1083,2493,5,5.658073,1027
652,308,5,4.003962,781
2274,1466,18,7.638137,508
1244,2292,17,5.776063,481
1893,998,5,11.423135,369
424,597,7,6.450451,1013
402,1463,18,18.170318,962
610,1740,20,19.395700,387
1194,1118,13,12.158848,1146
86,5,12,6.150309,615
2346,509,14,1.165861,449
2193,232,5,9.290575,761
838,942,6,5.548314,1034
892,940,9,9.633205,869
440,1844,6,17.613500,1111
1758,2396,16,18.386723,417
2185,933,5,18.648723,916
751,809,9,0.079763,409
692,1101,10,12.696261,471
1420,2007,20,4.720933,1170
1466,2032,16,15.850070,293
944,567,15,14.818689,802
1144,229,10,3.050462,126
202,1086,20,7.361098,528
1840,1962,13,14.121435,415
369,1083,17,16.768576,197
1967,492,11,16.150250,531
1358,1990,6,8.242779,305
1417,2108,13,2.618033,472
1005,1190,8,19.081152,833
1542,1757,14,17.453230,580
1401,153,16,16.749277,1006
922,1165,7,6.659084,169
1755,1878,7,0.680970,715
738,1188,5,9.846040,543
1607,1132,16,4.394775,696
324,1380,15,7.482620,678
793,1933,11,14.197503,632
118,671,12,3.952352,1131
1106,1975,5,12.538975,724
142,1443,12,19.299022,800
1693,1908,9,19.700046,609
708,1371,13,15.193504,556
1930,1249,15,16.729329,928
1472,2334,20,14.807187,400
1620,1183,6,18.022249,988
362,1123,20,20.334090,822
622,470,6,6.270970,110
1306,1392,15,3.091873,208
1795,2242,15,6.039173,110
130,857,7,6.900428,662
1788,1771,6,14.668242,639
2027,1782,11,2.766393,594
1449,932,15,19.860100,568
368,2452,9,19.777568,648
785,1221,6,16.995955,786
1013,1313,7,12.927389,486
1311,2378,11,11.809575,427
1932,1800,16,15.650922,787
501,2228,15,13.569188,647
2190,2164,16,11.876185,1048
1894,283,10,5.053769,976
2250,382,7,18.825721,1047
1448,1076,18,3.856434,371
1219,833,11,9.388469,160
1968,1994,8,8.116691,1125
1629,1418,5,16.459517,805
21,2331,14,15.236696,212
925,1331,9,9.101343,956
1843,274,14,17.560548,937
1388,788,20,14.071412,1085
2418,1613,12,9.783540,779
2112,440,16,4.417278,700
46,1031,13,0.806150,666
1891,1265,19,17.665989,335
428,258,11,2.440002,1029
400,2103,20,6.727740,457
1010,2172,12,16.912035,1197
1051,50,9,14.734578,1103
352,1305,8,16.260655,1193
1306,1078,19,19.228375,929
1679,1541,16,19.415773,272
866,906,11,8.916028,454
1633,1,19,7.353979,528
176,744,14,3.662869,424
766,2105,10,3.215209,497
369,2178,19,6.630124,1133
2428,72,16,1.815159,1084
613,1818,6,4.782323,657
1352,920,13,1.269695,700
570,378,10,1.191780,638
1686,1290,20,4.942152,238
1745,569,12,12.883135,611
605,128,19,16.446968,764
594,1249,13,16.976430,889
1885,2414,17,5.594444,935
583,1652,5,16.208843,396
576,1837,6,3.712936,1046
2196,307,18,1.404725,987
1123,1934,7,8.479348,885
2022,578,15,1.025020,963
1754,496,15,8.424933,811
1581,382,7,1.216623,262
408,1340,17,18.867396,907
1355,632,20,7.953325,232
2182,1102,18,13.982107,678
1488,2403,19,3.128463,313
1286,1343,16,5.271942,664
1473,479,5,10.782425,774
1874,1319,15,12.051802,302
1314,2449,17,16.158362,848
1547,1454,16,10.511903,572
1186,288,6,9.754908,980
702,145,18,14.745109,982
1995,582,14,19.317479,1152
1005,828,6,9.396429,549
3,1864,7,1.251357,504
278,2391,17,4.933456,488
1619,1845,15,14.882521,841
2320,1198,5,4.580515,404
1208,790,9,12.395283,489
18,701,11,16.353000,557
1813,1692,12,4.026648,1005
1559,2274,8,1.209317,678
960,902,16,15.212455,762
879,2119,13,3.872120,610
1739,772,19,14.147328,396
98,254,15,18.519248,350
227,1450,15,19.102321,476
1466,488,7,11.157553,503
755,2472,19,10.733370,433
1574,1479,19,11.735061,894
1338,2171,8,0.641507,1015
328,110,14,13.985367,1094
240,2201,12,16.031101,1177
695,1117,14,10.591131,636
1319,303,12,2.774702,122
2037,1242,17,12.064672,261
2439,242,17,17.614229,969
1045,74,20,12.644152,789
2113,2338,17,7.266897,927
1054,580,18,19.741317,206
1531,2318,9,4.223832,982
2240,1948,8,4.688372,1172
688,2028,7,0.321337,385
628,55,8,4.497077,620
1201,923,19,16.578413,1012
716,1361,14,16.350618,1039
1555,2238,5,7.118935,272
691,792,10,18.917779,271
1885,606,15,6.758441,417
836,1799,9,11.874519,1069
1869,563,18,6.059288,333
1741,154,19,0.622992,547
817,617,19,7.996855,1179
982,1484,16,8.520366,355
938,51,7,8.556000,409
1534,1122,20,3.894768,957
1428,635,15,20.192491,1099
1493,1111,8,13.681498,170
756,1232,13,16.975634,314
2117,2393,7,3.477238,307
501,1533,18,4.244455,1136
2047,1307,11,17.718243,327
2299,728,18,15.317733,522
1139,1710,19,9.143690,383
80,66,6,2.655076,881
297,541,15,12.641712,538
93,324,14,14.916642,271
1866,1378,7,17.212969,765
105,961,13,18.315726,497
102,864,16,3.280996,1140
580,1666,7,6.807462,633
2402,2230,11,0.671288,870
1444,720,18,16.530678,582
2016,489,12,18.341683,576
456,1816,9,6.103928,391
666,2446,14,15.466771,1051
2080,35,18,6.669307,772
817,1610,10,12.532981,441
2466,359,11,13.854839,1099
166,1819,7,18.384277,959
1185,2006,5,11.379444,538
400,1487,18,1.835149,1102
661,356,7,8.278270,868
765,2365,10,0.659885,1172
470,56,17,4.353109,1032
1874,10,9,17.603606,315
1436,1246,7,13.321773,720
0,1293,20,4.278520,1009
840,685,9,20.165957,279
462,1687,19,0.632174,296
561,2254,8,6.589710,1196
657,1710,6,14.266141,475
2336,1741,6,4.440621,713
738,1493,14,13.690420,1101
2312,745,18,0.457603,144
1635,2104,5,15.021626,547
336,1962,11,12.099578,619
83,959,20,20.312125,896
2085,1423,13,16.662748,641
174,1032,14,10.152423,228
644,2177,18,8.128491,497
685,539,16,17.101640,898
42,2349,5,12.269794,821
1103,517,8,19.475348,348
18,616,13,14.368710,183
190,669,15,3.124537,965
1477,2249,11,13.072190,795
1606,415,14,10.870189,1059
1458,1018,14,3.939822,500
1561,1411,16,2.147073,350
2026,121,14,2.210806,440
1266,770,7,6.664298,886
449,901,6,8.299634,346
445,1885,16,19.157784,631
2236,519,13,6.979998,801
940,2239,8,12.975348,361
887,2393,12,11.518683,845
2316,829,19,20.057731,342
38,116,14,10.687200,834
1154,2498,13,6.356933,242
236,556,8,12.626229,314
409,1034,7,4.353548,1116
314,1833,17,0.547852,650
729,578,6,1.780281,628
791,1123,5,8.354199,457
2341,1800,17,13.803410,149
1562,2324,9,14.955802,511
783,1212,5,10.567613,322
1592,2240,16,1.407006,593
1085,18,9,12.002280,870
2105,1462,11,3.665986,1143
1460,634,11,3.644565,692
1229,1528,7,10.148901,380
238,2041,14,14.544783,657
1836,37,17,11.607099,728
1979,1357,20,16.053815,930
2425,1344,15,8.633985,225
748,1035,15,6.910482,353
71,173,10,1.999084,682
452,1213,10,10.974818,163
1753,422,10,4.935731,839
239,228,11,7.943126,1113
1681,1605,15,15.777934,1160
375,128,20,4.016215,119
606,1413,15,9.208920,433
1474,98,7,7.040529,914
1214,103,7,9.828535,288
921,337,9,1.229033,336
1772,1800,13,13.788167,578
2473,1361,17,8.358117,841
527,2003,17,16.902801,1128
1679,2202,11,9.758659,1181
1994,359,5,11.146170,137
786,2110,15,6.230382,495
1543,2059,9,8.737542,349
2164,161,12,12.364435,168
2145,344,12,4.774326,380
447,1251,15,0.910108,998
1112,1993,10,5.460641,525
2146,357,20,13.253113,1010
2212,2101,13,18.116908,1175
945,2308,5,2.666224,140
1596,1975,10,13.684274,1177
1017,1722,8,2.071855,767
1869,1583,10,10.259619,1009
2035,991,18,15.955898,1124
1165,1954,19,15.740802,911
1848,456,19,7.634222,964
1168,874,7,18.190828,168
1727,1445,14,3.396075,167
1435,846,13,11.356125,306
610,1909,9,11.640568,292
199,462,11,15.944103,875
2446,1993,13,4.336261,179
1701,2447,18,6.107705,617
2224,455,8,5.176053,113
1397,2259,16,19.593005,891
1248,1451,12,7.777446,926
1720,398,7,6.659428,260
1275,1591,17,0.803113,1068
1431,2196,12,17.535408,191
2401,2124,20,1.423889,1086
194,1877,10,13.695778,754
1763,878,12,2.016295,870
1081,2276,6,17.644241,1032
1701,929,19,16.570297,581
1900,1178,18,10.583413,243
1581,544,6,13.727463,239
2270,1864,13,12.283859,1076
2260,609,5,8.345538,822
1813,2017,8,11.697491,1048
1419,1293,11,16.489179,857
2107,62,15,6.265343,1117
1933,1317,15,4.754552,887
2053,678,9,4.639667,408
1334,225,11,17.930670,548
1477,2241,20,12.068780,685
2328,845,10,2.612943,1077
977,1657,7,4.199091,148
602,244,17,9.868221,975
2318,784,18,9.962483,597
1673,2282,16,0.491460,367
24,145,19,2.903567,449
634,128,7,4.497634,498
1092,1811,9,10.709177,1028
2315,2167,9,6.860863,396
1801,239,7,10.521221,736
1340,664,13,5.935038,121
518,1760,18,11.499374,1163
1942,488,5,14.643869,266
1796,1882,12,19.610896,924
942,488,6,0.563239,1143
209,25,19,18.750910,747
2357,483,11,11.109762,1136
19,399,18,10.944071,627
2048,1279,13,18.078014,1083
674,484,14,13.626987,706
845,248,19,12.973926,548
264,307,10,0.403553,268
1121,618,9,12.726475,637
786,2339,7,17.463575,134
1775,924,19,9.947938,154
1945,2389,9,12.620985,446
1533,740,19,8.136161,398
2038,2211,12,16.979376,1021
2444,2455,18,5.446352,288
887,864,19,8.472622,647
431,250,20,17.883442,509
1387,139,17,11.524217,649
1013,34,16,2.901565,823
1228,1662,16,0.849672,1085
281,1370,17,17.515208,180
671,699,14,3.908062,216
1915,2226,8,11.088318,727
1319,123,9,19.202720,496
558,1697,7,12.196082,434
32,1511,13,12.055278,1017
2103,59,6,10.640907,326
1622,2018,13,6.558959,1168
837,1670,17,4.165114,422
2369,1687,10,10.891423,596
1771,1365,7,20.352023,436
1266,171,9,0.003756,521
76,1584,13,20.357266,377
1264,249,15,8.163931,825
279,468,20,7.080182,1108
2212,564,18,4.306936,691
1401,182,20,15.750067,174
652,374,8,6.416535,161
2107,1777,19,2.282055,243
2498,271,10,6.519451,737
1675,149,7,18.251745,441
276,331,15,1.908055,1070
1006,161,14,16.567694,607
567,1079,15,11.960906,1163
1590,1607,17,16.478377,284
1075,1800,12,16.742736,559
806,2283,19,8.601659,533
651,450,13,19.855531,122
1275,217,9,10.472861,1011
931,1169,15,8.264823,159
1575,1674,17,5.240506,1075
1296,1905,5,15.996495,973
919,1090,8,12.242358,869
349,1658,20,8.562293,231
487,1249,11,12.164919,385
2202,189,10,11.448415,360
2073,1021,13,14.256218,189
1059,194,16,15.251092,922
2128,1591,17,0.284049,180
1557,955,6,2.261151,419
278,2368,17,3.907883,187
748,666,14,4.444799,855
1249,1604,9,18.862585,1133
434,1689,9,16.057598,622
480,1384,8,15.492598,323
803,834,8,19.092490,1096
1904,86,13,1.246907,1000
235,1061,19,6.721518,177
1595,475,18,18.985420,786
695,1326,15,6.083273,456
351,1580,9,3.380940,1078
2095,1457,8,13.508653,613
1543,715,11,4.265019,583
474,780,13,18.282255,619
2466,617,10,9.028202,372
1242,1234,15,4.286209,1196
140,469,14,11.938751,316
1054,2189,19,20.100298,1133
987,1976,15,8.551335,494
1670,702,18,10.437832,1105
1220,1556,14,5.980288,1092
176,2030,13,11.507574,1178
1046,1968,20,14.328254,353
577,1373,16,15.412623,184
1678,1235,14,20.232254,742
1998,527,5,16.376215,1001
1433,742,12,5.434756,1084
939,1787,6,17.255517,208
875,615,12,3.740599,815
1192,1719,5,20.240572,540
2151,287,11,2.307633,792
2280,83,20,14.124139,915
608,2130,15,11.917130,759
2244,1735,13,12.412910,1079
1636,1799,18,7.196688,1051
375,797,7,11.895677,1092
1482,1674,9,9.492229,640
333,1677,15,3.574513,283
1587,1802,11,1.829817,544
1620,1012,9,5.140603,743
1255,1236,15,7.892230,622
123,1129,14,15.859065,772
19,2061,20,9.662210,1009
631,2394,11,13.375472,725
6,1823,15,13.439680,467
275,2306,7,13.691137,230
912,1499,14,19.010280,514
1049,1858,20,1.539538,1105
917,2110,9,19.225781,686
717,2143,17,15.028951,225
2093,53,19,9.741497,805
0,277,9,11.479687,120
1434,929,18,19.569504,595
2493,1999,19,11.200280,898
566,370,20,17.561761,811
1690,1846,16,16.860253,564
226,251,12,19.315265,787
2036,1879,19,11.252540,1199
1430,1738,14,5.641539,240
2375,1968,15,17.066799,1002
280,942,14,19.561868,642
1534,1129,7,12.070375,846
1276,1542,6,9.944173,1060
2363,1729,19,8.843063,466
27,2314,10,16.152727,734
614,1727,17,5.868980,312
224,675,5,19.806742,1117
2281,1874,12,18.858996,542
104,637,10,2.652010,303
1887,636,10,0.427001,141
2158,1001,11,5.607750,1030
6,532,11,5.850451,947
2423,530,14,4.907734,333
1481,1565,14,14.188760,581
835,603,11,8.626036,813
2031,394,6,7.877833,229
408,189,9,18.402321,673
1240,210,16,4.673703,173
975,861,16,4.430673,1083
509,1418,9,14.236762,396
356,2361,15,9.522516,1006
2247,1988,6,18.807742,1103
1177,1428,14,13.105989,508
2322,836,7,7.815810,1086
631,1154,17,4.752797,844
1605,1012,9,3.948878,235
1910,2133,5,9.875302,1032
2239,1573,17,8.643258,109
1039,852,19,18.982118,807
2092,1039,11,16.622633,363
1954,2207,19,4.140213,1057
1915,1938,9,5.635021,102
89,1929,11,9.341465,101
2214,1192,5,7.559453,1130
2432,1244,17,1.102891,700
454,968,13,0.185203,1048
32,791,20,18.216698,540
420,2292,7,6.708813,161
1578,898,10,20.485855,520
397,2093,5,8.502515,1192
1008,1106,17,19.998193,1050
1770,2336,17,1.802020,745
2125,798,17,2.609274,1099
389,2152,16,18.606524,235
2156,987,20,4.993387,1045
2241,1695,6,3.790182,346
1833,2034,6,4.971361,1067
1456,2325,17,3.882981,173
1972,848,13,0.368446,946
1169,655,10,17.688218,158
1993,2144,5,8.492743,353
1718,2466,7,13.901707,891
435,1106,17,4.177997,1029
1078,62,6,2.553944,359
2139,186,12,19.170616,128
1312,2022,6,10.924595,567
1379,22,9,17.776018,954
179,1764,8,9.222634,987
2092,445,5,18.310687,931
1698,247,18,4.377447,583
662,614,15,8.617745,971
2454,792,8,0.842240,783
2019,1591,14,8.696121,1030
1490,2284,20,8.328599,1045
1320,641,6,8.056070,297
332,2182,9,11.058474,1075
563,2280,9,9.672101,1108
1847,2370,8,19.799296,546
1669,143,7,2.426953,696
460,49,6,17.181665,1061
1314,1018,13,3.570657,979
1897,1242,6,8.843840,317
2369,2390,9,16.595085,805
1043,332,20,12.703752,359
361,1328,11,2.737517,986
634,391,8,16.826654,291
2196,13,16,17.959864,579
267,2361,9,8.851944,924
1709,1322,6,17.667176,575
628,372,7,16.901114,179
2353,1483,18,16.599119,395
1988,4,13,6.180400,102
1133,1735,11,4.022427,918
39,2320,17,16.717192,262
24,1170,19,14.892840,1174
449,717,8,16.010123,610
302,993,8,10.682052,794
629,2095,19,0.234129,1120
1398,1172,17,10.542172,771
2150,1838,14,11.802911,221
1796,525,10,14.138733,988
1379,1643,9,19.112054,418
494,244,11,6.192762,634
1789,437,8,19.474189,1019
1158,487,5,4.162042,608
1477,787,9,11.130617,435
2383,834,20,15.299306,1148
2465,199,14,5.294410,863
826,2391,12,14.132056,965
1267,2337,7,7.976500,613
2402,527,12,8.928241,676
1341,891,12,6.161095,300
2089,2165,17,8.966411,678
465,677,19,6.303222,250
2461,1912,14,9.828628,745
463,2187,6,6.604545,1033
1723,422,5,18.349010,957
1058,2451,7,3.680876,248
896,796,17,0.420677,361
2148,1596,18,15.255256,173
2349,2464,12,12.852192,1046
403,2191,5,2.112629,228
1097,1813,12,5.863420,236
1201,2129,20,7.209096,698
2055,435,9,5.956098,588
2222,1098,19,10.751652,477
2026,806,9,18.716445,925
512,2392,14,14.222997,472
1780,1849,15,5.856350,409
562,1085,16,12.255543,199
2176,785,15,13.974948,934
1177,391,7,9.349578,120
1255,2068,13,14.536484,311
135,742,18,9.661630,398
15,540,20,18.979074,798
106,250,19,8.762681,468
987,934,15,2.947939,411
230,463,17,10.993483,857
2311,1012,17,19.835816,552
1797,1849,17,9.138662,1127
888,369,5,14.564472,588
1855,1450,15,11.702473,590
588,1327,18,7.899337,958
1406,519,18,10.700771,361
1760,2287,18,11.107978,418
1286,1243,7,15.036017,860
1839,99,17,8.209867,576
819,91,6,5.858186,634
2172,3,11,10.718344,389
1178,575,7,17.327908,760
1088,609,8,2.904900,301
828,594,9,17.374806,448
927,2114,10,15.310760,599
2344,796,19,13.053391,949
1797,1680,16,5.787710,298
1813,1840,13,14.266981,311
1511,923,18,17.587559,158
1187,1837,19,5.295214,1044
609,1079,6,5.310476,840
1646,185,7,7.969360,599
2390,94,20,11.676364,432
959,2122,19,15.524937,410
2067,2376,20,14.823131,877
1335,879,11,14.494381,230
1469,1404,20,17.400839,560
1562,1994,8,1.649428,1121
1915,90,5,20.469901,460
1918,92,8,10.060025,549
926,767,20,16.991065,644
651,419,15,8.597005,591
36,1444,13,0.730119,767
455,854,17,8.945345,553
1160,1286,9,7.330948,326
2211,2077,12,9.970501,591
1961,1517,13,9.544939,112
413,217,11,19.508224,178
900,1456,15,16.259639,862
1271,41,5,9.755808,295
873,1251,11,4.248935,112
579,2408,13,4.032717,856
2346,651,19,0.777605,947
2011,840,7,12.868654,1113
894,1805,11,9.306716,882
1731,274,19,1.266689,898
300,931,5,8.772192,260
727,2107,19,0.376628,1048
1040,1811,15,10.009496,282
1209,241,7,17.187351,1006
775,1888,9,7.174073,700
219,856,5,4.039346,860
2289,327,8,3.899992,1007
524,701,12,12.171348,188
1634,337,19,1.006926,518
1379,264,18,11.840127,151
932,383,12,17.811525,637
1511,2093,6,2.465482,1168
1400,192,8,2.736420,811
394,2142,20,8.037476,990
2046,283,16,9.701599,243
781,1486,12,8.407606,977
223,1367,9,11.040957,626
1919,1847,14,10.367055,149
2190,627,9,10.351305,506
18,1404,18,19.659415,295
983,2066,16,5.788641,1117
2324,1388,15,13.383514,561
1303,731,7,13.639137,931
1001,63,6,6.837469,558
1755,1188,11,10.484484,987
2458,27,12,19.545809,957
1250,1403,5,19.310406,480
97,1477,17,4.650224,425
1834,1356,10,9.017975,559
1653,937,7,10.754139,132
1242,2122,13,16.083580,311
666,2408,7,14.496859,988
1745,2060,18,9.599997,572
106,1254,13,1.347984,885
696,1922,20,16.764187,581
501,1468,14,12.519505,588
1695,1426,10,20.422387,1159
1763,2211,8,1.949435,239
2076,757,15,14.921956,682
1643,1929,15,13.249710,199
1866,1264,15,3.288587,588
798,1044,10,6.317775,1120
1460,354,20,6.655321,483
1342,111,18,10.526890,205
1107,1164,10,4.769992,163
929,1615,15,0.791664,971
2040,1602,10,18.345765,1044
2035,2293,12,3.870198,310
2013,1673,11,9.242909,887
72,1915,8,2.618109,687
1731,1199,12,9.869965,191
1360,104,15,18.509154,315
678,470,16,10.495265,463
1725,973,11,13.299279,648
2435,2029,19,5.415314,1096
723,1979,15,19.998481,395
108,859,7,12.400925,729
205,788,14,11.665352,603
1553,645,19,0.038352,427
1263,2027,7,16.999835,922
1461,1037,7,7.856437,1060
2485,1092,11,5.074258,936
139,592,7,11.917964,864
2362,1413,19,18.648627,936
1259,725,19,10.412177,971
1309,843,17,12.871327,944
1062,438,20,11.013672,693
1909,608,11,19.949733,407
2385,1312,11,6.286919,669
2028,805,5,6.460723,240
2425,162,7,0.524903,489
430,867,20,5.926627,612
1128,2184,6,4.419270,558
20,1240,18,5.296914,423
148,1743,5,13.151772,168
1192,1665,12,0.189886,250
1439,1613,20,19.048791,1127
988,571,19,19.438207,124
23,1523,14,0.048480,502
1402,2356,20,0.763018,683
1355,1777,15,0.940739,1156
1600,1196,9,15.099101,1188
1440,1126,18,12.298879,785
2163,1635,18,16.579296,810
1241,1909,16,2.211304,924
2107,640,6,11.712157,1160
1754,2086,10,15.317624,1176
883,228,6,3.937652,941
2097,410,18,11.948528,491
1340,1605,8,16.791170,531
264,2160,6,17.503571,727
961,1006,16,18.789035,891
773,810,7,5.145605,635
1102,341,18,10.654643,900
971,25,16,18.338090,1067
545,915,20,10.357724,1130
682,1522,10,14.838595,292
194,1263,14,15.671655,721
1973,411,18,14.050421,1080
595,1920,13,13.960981,1189
45,2229,10,8.665487,715
2080,1508,7,1.712526,931
1161,126,9,5.735081,959
283,1269,17,15.722501,264
404,857,8,4.075616,278
609,1414,9,20.302624,194
1561,747,11,4.081988,413
532,54,20,4.941285,198
1140,616,14,8.659785,304
480,931,10,2.263598,263
1216,1613,14,0.206340,973
2042,1539,10,19.217194,353
368,1955,8,1.414256,270
1845,123,15,6.654738,1080
1528,1398,10,2.045669,728
188,1535,19,18.025116,203
2359,1280,8,18.799382,155
807,2212,6,16.239833,759
1526,276,20,0.281442,969
307,1396,17,8.149558,847
644,550,11,5.657281,850
2339,1374,16,15.426310,291
2437,586,16,19.396158,478
1599,890,18,11.144578,492
1203,178,5,15.905368,754
1843,2285,14,13.976262,264
1692,746,18,5.938826,1150
2040,1078,8,17.109816,1010
70,1314,11,3.253759,383
303,1589,11,7.973252,347
401,1040,8,18.053102,1170
1916,1501,13,18.262498,476
1799,961,11,11.886160,549
576,96,15,20.162952,1101
744,874,18,7.401047,603
1798,2146,19,5.139910,366
2065,313,8,13.009250,599
1056,2228,11,12.612762,1043
1914,200,11,8.857409,877
645,1293,11,16.597983,435
69,1669,18,20.361162,1013
2021,366,20,17.769541,745
1961,99,13,15.163980,972
215,1001,20,6.022846,919
2241,107,17,7.078721,1143
885,1735,15,12.966364,1016
2468,1097,13,18.620611,589
2461,2184,10,17.415947,298
2043,745,9,12.220304,131
1368,1577,11,8.536073,398
1971,2486,20,16.977232,780
7,2373,6,11.323265,731
833,1525,18,7.225188,369
1844,1313,10,18.606148,1099
2235,1981,19,14.396963,106
798,421,14,11.045348,637
1992,1076,18,16.072515,214
2377,704,10,3.726092,924
539,962,17,9.820562,1041
792,2025,9,19.480241,957
142,1108,17,6.851994,148
21,877,18,11.403877,162
1172,1385,14,12.619423,762
1267,1763,16,19.786924,536
1460,2348,15,13.722373,511
1723,904,19,1.558919,1029
1905,2241,13,19.220846,1067
1493,1082,9,15.025096,942
178,80,9,14.651330,276
170,888,7,0.679568,497
331,1498,13,14.112063,549
933,1883,9,14.667540,572
1633,1579,5,16.606011,213
2216,186,9,5.482817,675
753,1816,14,15.443438,639
2444,763,19,11.266826,539
2204,1352,18,20.263895,554
959,814,18,2.388081,505
2085,589,6,3.938832,1080
2055,1230,18,16.004637,963
2385,1090,16,8.088628,383
1492,1692,6,3.056799,893
513,801,12,9.559036,155
1807,53,11,16.509060,764
2260,173,13,7.975426,322
2059,1405,12,13.119606,226
1788,915,14,12.096436,421
115,2171,16,18.123484,274
2279,2360,8,17.190313,144
1849,2426,10,16.744320,235
1908,2233,7,16.166189,794
2457,676,10,4.988155,114
1376,412,13,13.788854,866
1038,1366,15,11.370876,561
1077,1413,19,1.496463,218
1724,2271,13,10.125657,573
305,254,15,10.482480,600
1875,1678,6,5.057565,831
505,2334,9,16.280100,1150
2496,2414,17,6.327508,787
1775,511,8,10.277105,193
1419,248,15,18.782220,283
801,637,9,2.994535,1098
2140,35,16,5.969818,352
1319,1186,7,15.555213,578
30,475,10,13.846813,1074
631,14,18,10.664877,1193
642,996,18,6.504768,1173
2417,1213,15,6.334113,614
1694,2454,12,3.488285,315
1625,1135,20,6.956186,738
2494,2050,14,3.083392,407
1275,779,9,0.162408,658
587,1827,8,2.281898,330
55,927,16,18.699651,635
2025,1564,9,10.783445,784
1653,2298,10,20.299300,368
837,262,10,3.004450,395
1956,2036,11,4.855826,612
254,747,15,20.297716,639
1704,864,9,2.521297,439
467,716,6,19.301490,323
2028,1714,5,5.478675,410
665,50,18,5.969742,990
1734,1095,20,15.337368,379
21,2231,11,0.393762,150
261,926,10,7.445301,171
2390,1028,14,5.844085,231
1151,1938,6,6.873413,789
1916,1861,17,9.577697,239
1932,961,6,16.911280,258
1158,2118,12,1.960392,181
1023,1248,12,0.640797,1169
1221,2196,5,15.602730,1188
1949,190,11,3.937930,328
501,953,19,11.859921,385
389,519,8,3.292162,864
2398,137,17,1.548271,247
2393,2242,6,6.626261,727
1196,95,10,8.523784,153
1249,131,7,16.936188,453
1202,572,6,16.297601,873
1296,594,8,16.019873,1196
1490,87,11,16.990139,440
2436,2242,17,7.643021,1108
1738,716,9,5.647974,413
1338,79,17,3.212883,1050
984,227,16,2.669323,891
225,611,20,15.069980,194
987,256,7,19.255248,930
705,1335,19,4.017797,581
499,634,19,9.335574,549
2385,2424,17,20.089754,694
2309,2262,6,12.880389,902
754,2039,7,12.827747,128
1297,1461,10,0.580645,1094
194,920,20,3.771570,1028
1651,607,14,6.695067,1118
2393,1658,16,1.729504,592
514,560,13,17.802193,411
2413,1253,13,0.743585,459
1828,2032,11,6.830547,241
1893,253,17,2.156229,1189
594,1562,20,13.530738,750
1247,2339,19,2.716169,803
486,2121,5,3.301539,1160
900,1982,13,18.502867,1026
1689,137,14,0.023961,371
1852,301,11,6.417941,831
1571,497,17,9.128199,639
79,1170,18,7.256983,556
299,569,13,12.179953,970
480,2122,19,9.540915,1045
1429,111,17,16.855351,1171
1449,2315,8,3.677161,439
1493,831,12,3.236323,1019
276,52,15,0.871599,194
1185,1807,14,13.336723,1168
481,967,8,15.675261,651
775,1295,17,14.260996,774
922,739,6,12.911311,395
2292,691,16,4.103394,1079
975,1507,10,1.015178,968
678,607,18,8.123592,734
539,2173,6,14.972003,643
1367,2112,17,7.069254,585
480,957,13,4.218204,1161
506,656,14,12.337278,1189
1772,1462,7,5.996883,470
2029,316,18,15.134620,633
937,1554,17,14.397675,838
1865,1264,11,12.905513,1149
841,625,17,15.270723,744
2319,221,14,14.119527,850
358,44,7,1.294007,729
1657,2068,8,13.296923,1136
1002,248,17,12.388481,1049
537,1106,20,4.224586,840
538,2038,18,9.148952,286
2193,2017,20,1.307599,535
303,2107,8,5.566040,950
490,859,10,7.144347,841
1308,1473,17,17.077505,460
264,2277,6,15.359631,210
2447,1470,19,7.897524,1192
668,1890,14,19.993625,861
2444,2307,14,16.416829,1151
1044,1516,14,0.153007,590
1512,1546,6,11.539424,492
2116,2453,12,4.701991,666
892,1730,7,13.404911,1071
2408,313,6,13.309794,219
993,878,20,10.955023,815
757,13,13,2.978777,932
1096,883,17,15.277037,673
1529,2164,18,3.756295,995
2474,1057,6,16.603323,1092
1931,424,6,12.409651,543
1394,1778,6,8.619946,409
1499,563,7,20.217042,148
639,374,10,5.568170,871
1380,438,6,8.041518,1068
557,840,12,2.595977,976
1110,1587,11,14.705145,399
1686,2299,12,9.365019,274
757,2243,14,1.484653,361
1453,1486,9,3.243897,1126
1303,2185,10,16.964760,793
1545,1800,11,2.266615,1135
2243,2363,6,3.284298,598
510,513,11,11.117257,392
180,2060,13,16.455985,1037
1699,305,15,7.549598,698
1525,1910,17,16.361061,792
1429,352,8,16.152427,612
399,1236,16,20.259743,751
229,2199,6,1.613263,749
2437,310,16,19.808734,1023
1935,1091,12,18.564941,906
1940,1809,9,17.301077,512
418,1218,19,15.716111,216
821,556,14,7.041647,349
2126,253,7,16.301186,702
2061,191,13,14.625476,1020
1784,2341,6,9.092010,382
2434,1653,19,6.226849,564
231,1635,17,2.940896,1184
1680,2270,8,7.223139,1049
2438,2202,19,12.085919,1130
135,1297,19,20.011323,628
764,64,6,11.251342,575
660,267,7,12.240858,812
2452,2096,18,15.537765,253
1424,2036,18,18.541766,570
1955,1988,12,3.434263,1158
394,311,6,4.538123,1047
1343,1690,10,0.154275,405
190,813,5,9.457496,676
2207,1881,15,13.784262,495
1800,405,11,6.316163,393
1698,1530,20,0.121807,372
796,1194,8,1.670212,426
1569,416,5,18.339611,1178
240,2338,19,6.879462,884
283,1071,11,9.804565,267
1590,166,5,10.653645,222
1668,993,12,17.803288,123
458,28,19,11.552702,742
7,1438,18,6.660301,738
127,2226,9,9.170570,576
317,1115,7,11.627508,672
1824,1307,8,17.103635,1013
946,525,9,1.682380,443
1039,1854,20,5.323138,742
1169,885,19,6.758705,535
1945,2458,6,19.585901,767
2377,938,7,15.197982,833
102,1688,18,7.814681,1077
2423,197,15,0.491302,452
198,2115,16,3.730583,280
203,708,16,11.800816,648
2430,998,19,9.995856,241
2494,1835,11,15.373515,230
990,141,7,1.635155,840
2384,2288,8,18.112158,1090
2326,720,14,14.143034,1046
535,11,16,10.635051,772
952,108,9,5.230632,112
1622,309,8,7.118367,1004
2391,2116,19,15.491208,1093
57,167,12,5.318675,450
1965,1530,18,13.490560,1154
188,356,15,4.079547,725
44,1210,5,18.466392,158
1441,1457,15,11.604171,257
1216,839,7,0.317156,538
693,1746,16,1.414961,1055
1729,399,19,1.327572,547
791,2265,8,4.001917,1081
313,2164,19,19.985192,387
698,2452,5,2.009130,1189
1682,2006,9,9.769700,352
10,1069,12,0.039332,1197
2422,2314,6,14.683475,430
1902,1318,20,7.273128,1181
1623,1868,13,10.081675,431
1265,716,7,3.480206,1123
1705,2490,18,7.368276,448
2440,667,15,2.205523,188
951,155,16,15.799190,976
1464,32,19,1.292632,522
1498,99,11,19.299642,631
2132,1040,11,5.459722,913
2180,1265,5,19.756084,834
94,638,19,18.498948,647
2337,234,18,19.758545,380
493,173,10,14.290564,739
501,2192,14,16.870399,963
1279,1407,10,14.904742,833
678,583,20,4.217885,930
2349,345,8,11.638538,1182
474,2246,18,0.097087,282
1884,1184,18,18.169685,269
756,496,14,2.481098,869
2086,2180,8,20.208844,920
1156,1527,9,14.310063,974
2201,389,5,6.580260,874
1752,96,17,19.944156,1088
1525,772,16,1.921583,669
365,479,10,1.318721,702
1291,1446,14,15.207055,412
434,1782,17,3.820308,667
980,892,7,5.503554,382
2068,1155,8,11.708948,232
1272,1779,19,14.893558,437
2265,1052,13,16.374719,752
2268,1643,11,17.102999,283
536,253,6,8.201183,1061
1062,288,12,18.670605,710
121,1249,18,3.436793,1126
2182,1157,6,15.349143,900
407,1351,20,3.251841,441
230,1510,14,6.042676,739
1374,304,10,12.118654,191
2254,2387,8,14.576481,559
154,297,11,1.401061,931
2170,259,17,10.123308,500
1348,1311,14,18.715374,797
1449,1466,20,6.104429,209
916,1671,7,2.454499,124
215,1559,15,12.957317,520
444,595,9,15.363181,830
1982,438,16,16.498447,238
1561,1024,9,1.404498,1009
714,2312,9,8.287590,739
1173,97,8,0.431224,453
289,413,18,15.563303,717
1726,1008,15,11.692603,948
1686,2446,12,2.147578,879
1787,2117,13,3.289542,438
1915,1559,7,12.524331,571
267,868,9,18.388921,246
448,1225,11,7.959539,888
1026,245,5,0.535800,975
375,269,12,6.037439,949
894,122,12,6.129806,1148
1599,1325,18,15.228105,307
1485,2049,6,2.992330,539
2198,1202,11,7.890508,804
1775,1668,11,15.170246,1019
1472,576,18,8.957324,1072
2481,453,12,5.197206,213
916,1418,17,17.248287,348
986,687,5,8.022910,930
1645,481,12,7.868136,468
588,631,17,13.319995,727
1010,2191,15,4.489110,204
1895,717,18,3.797453,572
318,1611,12,15.185253,1113
539,2220,17,2.069986,206
326,1364,5,13.715314,253
567,570,6,16.111178,557
942,951,12,7.315287,529
1212,187,8,15.640322,1018
1936,922,20,10.277948,210
249,276,16,18.911669,1092
1331,1396,13,14.339917,286
613,1314,15,4.499840,985
1756,312,5,10.553732,778
2480,1684,16,6.680886,167
984,2204,10,19.651638,914
1489,968,13,1.738189,980
103,1241,13,2.774410,199
1083,2113,6,8.319297,238
39,1353,8,3.851549,538
73,1986,14,17.213492,328
830,16,11,14.550522,1023
702,1383,11,16.007724,796
2310,2028,20,14.362532,840
1031,2182,8,20.287604,1077
1845,1604,7,1.917120,1015
1596,1830,11,15.381557,778
339,1672,16,8.378759,102
704,367,17,19.560788,828
1269,233,17,13.067862,1144
1386,1322,6,16.306321,268
2442,815,15,1.159525,165
933,795,6,7.756989,958
2072,1668,20,3.721987,1011
2050,874,18,15.434179,1124
1746,1868,9,16.842713,417
2367,1028,14,3.741519,864
1358,879,13,8.025731,834
1761,1969,8,5.337305,605
1307,2306,14,2.088356,665
2303,992,6,5.757765,1104
187,1874,10,2.312705,683
135,2114,20,10.142838,338
548,1932,10,5.685596,1139
1924,280,9,15.045185,273
821,1018,17,20.082840,1183
1105,1758,8,8.826813,714
966,673,19,17.275160,789
710,2363,12,8.600187,482
479,723,6,19.104610,269
301,88,8,8.616065,730
1840,2387,12,19.725478,234
1646,491,15,17.270134,300
207,910,20,3.100934,308
474,1278,19,0.517686,1115
1088,1189,5,5.976869,1080
282,516,11,10.781950,195
476,1960,6,17.300069,438
1813,1793,19,18.943733,532
1572,1371,18,8.345131,566
2333,2036,9,16.341744,190
120,1676,19,1.012673,928
2158,209,16,19.414266,278
1490,389,12,16.602152,400
791,2258,6,14.195894,259
617,118,15,2.644890,630
748,2468,17,4.266189,484
2115,454,9,4.529743,664
957,71,19,8.045293,698
2386,2220,12,19.876395,870
8,204,14,7.321714,548
1250,1373,8,16.168545,726
397,18,6,12.256832,101
480,359,17,5.730587,452
2278,2007,16,1.033457,138
66,494,16,15.638613,577
1777,2116,7,15.407388,1017
922,878,6,15.201351,1131
1779,1889,15,6.257062,1020
849,2181,10,13.806800,296
3,2143,19,18.615900,521
1633,2498,14,14.456141,924
836,1347,8,0.911383,707
1900,1925,7,7.250807,173
1819,2225,7,19.603821,1164
1996,1990,7,14.271408,980
396,1917,11,19.331440,183
454,1350,11,11.946952,767
126,85,12,12.795450,1159
54,2323,8,1.081980,754
988,774,9,0.398319,439
732,889,6,18.439088,528
510,1425,15,5.474725,647
2036,2459,12,16.545303,553
1724,1336,12,6.210881,1074
2274,849,20,16.198446,359
218,1347,18,6.200420,1030
937,1153,7,16.437884,632
2449,2198,19,17.492650,650
501,2108,19,16.902656,961
217,1103,7,6.533756,100
746,735,15,3.503513,1148
408,718,13,4.739684,1170
1776,556,18,2.588318,518
1372,2325,6,12.574238,235
1094,882,15,5.364174,1135
685,742,17,8.579966,745
1841,608,20,0.752033,386
2203,1212,20,8.113212,367
743,326,5,18.529812,400
1440,168,6,8.163471,660
2133,2405,12,10.611509,657
325,1284,6,19.159338,982
2431,1778,14,17.328573,929
380,704,17,17.011665,950
2241,33,7,18.527347,521
1956,681,17,18.149763,375
898,1862,9,16.819392,373
1465,1658,19,18.158027,1093
2204,114,20,15.042310,427
1435,1259,5,17.668851,864
611,1862,20,14.423894,815
897,332,15,5.389571,894
1776,1106,16,11.899012,682
720,1018,20,10.759901,1060
363,1978,8,12.345825,536
383,1531,15,12.784903,908
1284,797,20,12.796318,577
1114,1729,15,7.910421,669
1134,686,7,13.316685,896
204,1317,12,20.349865,846
1436,296,14,5.384703,825
1889,1591,17,0.096361,167
362,1172,17,4.191205,767
2407,1072,10,6.459259,422
1089,2333,6,10.911331,366
797,1719,10,9.526877,888
495,1990,9,9.210050,433
513,1964,9,0.295335,584
1130,1698,11,2.790989,729
233,191,10,14.865318,434
1093,639,7,3.714441,244
514,1733,13,19.535686,283
698,2360,7,6.449851,510
1136,1937,7,9.363895,813
32,1175,9,15.246962,384
1832,1681,6,1.358534,234
1720,915,10,2.884770,1040
73,2257,16,2.766808,1133
1457,1364,9,18.238184,658
1537,1561,14,11.600013,605
189,1337,6,6.239581,894
140,1000,6,14.405059,505
909,1362,14,15.571016,810
1956,1350,6,14.295517,314
1940,1921,8,16.632913,922
2245,219,14,3.727903,610
1871,450,17,10.057029,508
896,1016,16,9.563817,772
22,704,19,17.469816,1122
266,2457,20,9.238468,212
381,157,9,16.197581,897
1092,1285,10,17.734073,136
652,1406,19,17.064146,829
1225,872,19,1.184493,259
1184,997,18,14.237203,522
932,1785,20,19.252819,588
2296,389,8,5.601171,487
1980,1158,7,15.863254,447
1486,728,16,11.579519,283
1089,2051,10,15.881471,1112
2279,261,5,4.863515,208
1358,1496,20,10.693214,256
2332,521,19,14.949950,513
2403,920,17,20.118483,815
1908,1267,8,16.594938,292
1703,2151,12,1.635723,971
1819,1540,13,12.323933,353
833,1241,17,16.321513,998
687,782,7,0.770159,281
426,572,7,6.603068,130
2268,1101,15,4.557492,160
1398,861,11,16.303912,638
1556,2104,18,4.095206,431
575,2413,8,8.572249,922
898,750,19,19.471297,963
420,546,14,8.698884,386
841,2406,6,11.269757,429
1240,4,10,9.075700,628
2365,1429,10,9.142084,920
444,2491,5,15.740408,189
144,544,16,11.231279,477
532,1694,11,10.046229,535
2424,1336,5,7.490417,615
274,280,17,2.890397,640
374,2183,13,15.967696,1108
1299,514,8,7.394254,568
2301,1608,17,7.818834,170
1873,2032,9,17.841544,901
178,2124,6,4.076937,692
697,612,20,2.613905,517
1747,1211,12,17.603444,258
2362,1227,14,18.990020,842
324,1148,11,16.218703,1137
224,568,6,15.868454,626
172,1597,5,11.846134,234
1186,1954,9,11.124357,809
1845,1013,14,11.339151,1032
230,1512,5,19.646924,438
1988,2128,10,10.919981,1079
2402,694,7,1.430795,1196
2151,2209,8,1.072026,1188
1660,801,16,7.767112,518
1717,1156,9,3.146689,824
104,696,6,18.349640,980
391,806,8,15.288150,728
1758,2341,11,16.830021,561
1363,1509,18,14.497344,856
1291,2076,11,20.125333,359
2315,79,9,13.544210,490
848,329,11,13.993773,223
632,662,17,14.146202,1091
2418,706,7,6.994823,945
2078,344,9,19.023363,615
642,1489,5,8.969207,231
1958,1565,17,15.285246,998
91,1317,10,7.576773,1082
569,2265,18,2.842066,633
2130,2008,5,16.907502,912
529,2336,16,5.242917,731
1209,129,6,2.082093,107
1550,2135,5,0.183135,219
2256,450,14,6.167528,1110
387,1066,7,14.180857,869
672,965,9,12.546909,211
1995,1876,5,2.341984,286
318,1019,10,13.849400,775
2440,2407,18,7.659863,143
1318,110,18,13.010349,181
1899,951,11,2.090214,189
1415,208,16,7.994957,330
2461,1177,16,5.418731,211
1313,2405,16,3.676256,949
1431,1409,6,20.382112,1060
2304,740,6,1.964678,230
1425,1837,17,5.257553,747
12,1706,5,20.434999,151
362,643,6,17.103659,1059
1091,1154,11,4.383024,1090
1379,463,13,8.953756,202
1919,1040,15,14.727830,850
1580,1179,11,9.768426,717
1686,1763,19,8.659355,1093
493,968,6,9.049585,885
2021,537,18,7.541317,600
656,1330,13,9.952755,209
151,662,19,9.962975,596
302,1767,6,4.213503,274
564,1514,20,1.440912,516
2336,2413,11,4.305539,435
116,874,17,0.886217,909
1339,1238,9,20.018228,248
916,878,8,7.420102,659
1779,468,5,10.013825,1097
284,2374,11,14.565024,639
870,2216,6,11.308956,398
2082,2212,17,9.723683,158
788,310,19,16.865041,276
1196,1320,5,12.752063,842
1517,2011,18,6.712540,371
453,2085,20,17.206099,568
1429,793,14,8.772556,906
649,1485,12,4.665853,1159
87,2207,5,4.825411,323
17,2243,18,13.221707,494
2206,421,5,12.208774,968
1248,328,12,0.883163,684
1209,1990,5,10.958747,303
1897,1718,12,10.697540,772
691,301,9,5.662193,843
2105,1473,10,17.307012,1159
720,460,10,4.859993,982
1864,2008,14,17.330553,832
2306,2456,8,9.305941,265
1797,200,7,4.457143,619
1659,100,12,8.588010,1172
2345,353,6,15.663472,352
446,1035,15,4.119829,699
1935,675,16,16.668217,457
2025,1913,16,4.757862,673
1004,2333,13,16.606332,1172
142,941,15,1.330000,1076
1230,2072,12,7.967455,879
146,1020,14,16.830014,754
145,530,12,13.150450,623
862,1293,15,11.576325,956
461,111,17,4.543851,1148
451,1847,8,10.657102,1047
2049,124,17,2.096655,331
996,1569,17,2.536912,430
402,1960,15,16.172310,764
1316,1872,11,14.979021,399
1110,2050,6,13.228522,867
2361,1103,7,6.188217,519
578,1264,15,11.896480,985
1059,967,19,17.234120,605
2386,1121,19,11.324947,620
764,1697,18,13.920758,280
722,1636,17,2.619647,131
14,1540,18,17.496330,848
1600,83,5,14.325983,152
1427,992,11,17.235227,762
1350,2464,15,1.322413,798
2387,49,16,3.561881,978
132,1493,14,7.799523,969
2319,1237,13,10.229429,362
1267,828,18,13.225762,1063
2271,2310,8,12.992260,460
1830,539,15,11.704250,932
549,2125,19,8.449837,325
1833,971,8,19.542646,209
655,1966,14,7.936445,947
1002,1332,6,3.914565,1003
1700,1135,9,18.764947,462
1233,1758,16,17.951613,838
1246,1145,18,17.033392,942
2129,657,13,10.197592,1072
2064,87,13,17.193362,275
1793,998,11,18.602207,451
2085,2314,8,2.277693,619
1561,449,8,9.549791,830
520,1498,12,6.960194,235
711,2276,16,18.642992,963
1948,374,20,18.826192,161
1022,865,7,20.066150,1131
761,235,16,15.994850,411
873,832,8,7.054835,1032
2307,2157,15,15.944378,842
722,521,18,3.323233,116
314,990,14,1.103783,859
211,595,18,16.896282,417
1896,841,16,19.901052,543
2024,2370,8,5.657123,1065
2249,2015,11,15.838127,1114
2174,173,16,15.923768,439
552,1468,7,4.901248,1110
1446,1398,18,10.410620,554
1282,1158,14,11.719842,556
1976,48,15,6.004981,1073
1883,1477,6,12.008360,959
1203,2025,10,17.283961,1029
253,74,10,9.392755,881
800,1913,7,0.066118,778
862,818,19,15.724776,943
1749,1401,10,17.737325,134
855,758,5,17.532247,277
1784,1558,9,17.993552,739
1746,2380,17,2.055271,741
1588,427,11,7.498655,392
2243,122,15,17.480834,660
2266,809,14,7.190568,658
614,2491,11,18.035361,273
1862,1126,5,12.145695,418
1840,883,5,11.563319,953
2226,257,14,2.228789,325
1243,1346,9,19.179549,380
351,1968,12,2.328526,431
843,1682,12,8.900106,1028
1862,1210,10,1.968709,908
240,2378,17,11.592458,986
2422,644,16,14.535539,173
142,1556,17,1.984186,1094
1468,1086,7,15.865284,981
1516,2015,6,13.340385,430
351,1534,9,7.588664,126
1574,2167,6,10.447766,324
1556,945,18,10.500368,191
1645,1742,12,2.645042,1103
196,889,7,3.614395,679
124,446,13,3.356707,1151
303,1690,15,9.376971,295
1119,2427,8,16.137836,779
1419,1322,19,0.634059,954
177,2480,8,18.982075,100
893,2468,12,13.452208,1000
2040,1422,13,2.513875,402
1490,1054,7,18.739510,1166
1221,775,20,9.211121,695
2155,1027,12,2.790938,1196
1448,2116,8,3.290546,1056
2233,2087,15,20.032480,799
1801,747,15,14.625657,756
119,887,17,16.027843,1191
827,2010,6,6.437535,101
2137,638,15,20.414344,648
301,1867,11,15.762266,629
1586,2251,18,15.363839,644
1028,550,12,9.003794,582
1540,1017,9,10.588749,291
688,2405,13,9.894329,1139
1627,1871,19,8.214656,647
124,1411,5,13.379156,614
1665,528,11,7.504851,233
1830,2240,5,12.976551,314
1390,2039,19,17.940644,1146
2296,1074,10,3.659993,613
688,1195,10,4.230106,855
1129,2076,11,9.163677,973
229,749,14,10.498464,983
933,54,16,10.676754,199
2340,124,17,11.304159,374
1102,957,12,11.258742,255
1291,549,13,7.083006,146
1381,1652,19,7.926852,511
642,1039,16,2.918683,161
255,1462,6,0.492400,516
2345,1714,18,7.522288,802
1853,1065,15,7.220267,610
1526,757,18,16.261503,111
2411,1349,14,15.630071,208
2363,444,7,7.106066,642
2470,1116,13,10.781898,1122
191,744,5,16.225148,1110
1150,2208,10,16.363234,886
1911,1161,11,7.935183,157
98,151,13,4.755375,747
445,253,13,17.232865,156
1029,1915,8,17.530924,971
2004,681,5,19.900897,1036
1467,1796,9,12.632146,331
282,834,5,6.995428,173
8,2055,8,18.899112,407
1577,1788,17,18.907345,837
1834,634,10,4.272619,109
2350,1089,12,16.490415,778
1009,1898,17,6.090031,301
1115,2327,18,15.345072,1060
544,883,15,7.326799,753
638,834,9,0.120828,326
193,2067,16,1.216624,289
2407,2098,15,11.515642,1125
885,1993,10,3.932488,116
1251,1099,10,0.928737,466
2328,597,20,0.987003,937
840,98,6,0.685261,841
1133,1110,15,14.408684,957
579,509,16,5.178376,1010
902,1452,18,3.894098,1095
224,1604,12,5.354821,582
1839,869,5,13.322922,511
1117,1554,13,18.800682,935
14,466,11,6.756972,713
526,1957,18,15.751881,1172
1281,95,12,13.602018,530
1578,1717,19,9.339517,1110
945,1609,12,7.147908,845
2183,1678,6,3.024627,560
1741,1379,17,2.982217,526
1195,507,13,15.662142,833
2472,1773,19,5.618872,902
959,1387,6,20.099149,899
1501,2244,11,16.223969,806
208,880,6,8.024180,801
459,1859,14,18.428305,993
193,218,5,1.493106,921
886,1826,12,0.586765,913
1794,240,9,17.088128,430
2313,302,16,12.936128,281
1397,491,6,1.547901,488
1775,1441,8,15.893230,502
2355,939,5,10.909570,1012
2433,837,12,14.118462,869
1341,201,5,0.489142,299
1265,1487,6,18.394167,372
199,767,17,4.463443,133
299,580,8,7.772492,255
693,1528,17,20.499559,612
873,1453,7,2.240237,1151
2305,2155,14,17.933797,774
1346,1751,18,6.135309,1101
711,21,11,9.446802,1059
1832,2138,19,8.731754,271
1688,467,8,13.933641,565
1107,377,13,4.628722,331
468,512,8,7.997299,851
610,2308,17,10.485569,721
2177,843,13,17.865975,569
2265,1098,11,13.497595,562
801,363,19,9.225582,715
1692,104,18,15.780351,168
956,1142,18,4.634910,592
1962,1489,13,1.629243,1191
1508,640,6,3.947702,547
1953,1806,20,2.271329,1029
1734,1139,16,8.181057,1063
1051,1767,10,13.833707,198
1060,336,10,3.451775,948
1676,648,6,17.037348,138
487,446,17,11.060968,122
1504,274,12,3.343058,153
1982,2229,11,15.167196,604
1486,304,17,2.628296,1170
495,811,10,4.255901,958
285,968,14,8.014815,890
933,246,17,12.427347,695
2239,214,16,7.711822,163
2120,2032,20,5.690612,1034
1592,842,17,14.895065,503
842,118,6,7.410130,747
2051,1265,8,11.270314,519
2227,1165,14,16.612765,700
1234,812,17,18.556688,712
697,441,18,18.209142,870
522,1416,6,6.592107,1088
677,1550,9,20.395832,925
691,409,17,0.319404,489
229,914,19,2.595150,109
1975,1795,19,19.740190,138
282,915,14,15.407792,902
127,1374,12,5.903087,216
585,350,15,15.230724,323
1594,2003,9,8.269261,939
1828,844,9,19.826161,100
2438,2231,17,15.442150,829
649,682,13,11.646036,436
1927,1319,8,0.067775,1032
1036,984,20,9.156146,516
1057,249,14,0.377262,525
1758,342,16,11.733675,472
151,797,10,7.596202,1168
2250,1474,11,0.065102,785
1690,791,9,7.860622,255
681,419,8,5.111914,1116
2101,2270,5,15.341392,876
1456,734,20,1.498724,722
375,1122,5,8.717322,154
1836,1479,7,10.254918,748
1648,358,15,9.244925,167
1029,578,5,9.258834,588
1843,133,8,3.036830,974
1683,584,10,10.421669,1077
1696,1824,5,14.816034,882
2404,716,9,20.294084,483
1518,515,20,4.898821,634
936,1915,16,6.841344,365
1440,1309,11,17.918817,246
2288,761,15,16.366152,261
1337,2324,7,16.823459,1032
40,1295,7,0.731047,644
2002,853,14,5.176237,228
1497,2046,6,6.091488,406
1273,377,16,7.629359,958
1806,2249,11,5.620125,403
2475,445,14,16.269328,1130
2457,587,6,14.603886,876
2088,1446,17,9.554331,653
2110,2465,18,14.954529,820
879,2428,15,7.009713,879
1999,1568,19,19.376968,174
812,2354,20,1.757005,393
848,1167,9,12.185658,812
1941,814,12,5.635280,428
2293,10,12,3.919469,381
1107,939,11,9.072507,577
1879,657,8,11.001697,1093
2426,1325,5,15.677770,1185
912,1215,18,10.381503,613
2375,897,17,1.077338,660
692,94,11,9.866609,777
1344,145,11,19.349916,1011
1464,1100,19,16.867140,1187
869,661,8,4.390188,393
57,901,19,1.276867,135
2417,913,11,15.217853,317
1317,356,12,13.053584,484
2120,844,20,4.819414,211
1907,2228,10,9.785425,291
2310,1238,9,17.739299,893
2458,1916,14,16.084027,873
349,1610,15,5.466863,1186
1334,189,8,16.232259,273
1956,2087,12,8.562089,1196
1906,2298,19,18.024159,265
1413,1409,12,8.004203,1064
540,1444,5,0.378980,400
1584,1658,20,3.577445,1180
1013,1396,6,0.612563,262
388,2199,6,16.022197,1123
2068,1118,7,5.285034,652
2349,2277,15,11.948334,937
334,1573,6,1.486273,187
1390,29,13,0.989393,643
692,2111,20,17.217884,323
84,493,10,7.771823,857
2222,2485,11,3.033243,631
844,1513,8,15.259635,1010
614,2402,6,8.897288,916
1709,983,9,11.117077,653
272,1578,8,14.868857,118
1869,701,5,4.440974,349
2284,1328,13,5.274731,642
1830,2219,10,2.375679,269
1744,1815,18,19.802396,626
662,1510,8,16.953873,870
919,2073,5,14.535373,710
1846,936,17,10.507727,370
246,385,12,0.563990,474
2126,1902,17,14.471947,800
1508,930,9,18.410779,1169
1555,453,10,12.175132,236
1595,2130,11,13.440422,183
2269,1956,13,19.255454,886
2246,236,12,17.638767,901
1211,2182,9,2.282037,261
1704,1975,17,18.039877,441
1568,85,16,12.468426,1097
1278,311,9,3.667945,700
957,1556,13,19.560484,246
2251,258,18,17.348591,408
411,737,15,3.833855,362
358,2290,12,17.120281,1131
1830,166,16,4.705094,899
1159,2258,12,6.122601,131
127,1658,10,8.931630,762
1304,152,6,1.227421,1190
1661,1408,11,6.416099,928
1924,2462,9,12.369671,975
1918,803,7,7.227353,833
619,802,6,19.260239,555
2338,2246,11,9.440700,513
116,1623,8,14.704848,470
1696,397,8,1.098649,717
2217,921,10,2.450532,609
809,1818,20,11.540591,1107
252,1234,5,1.909469,660
491,1249,16,1.177192,148
2320,1995,7,13.265957,880
1966,1052,15,5.655204,957
395,62,17,15.095655,135
1580,2199,16,12.244848,799
641,166,10,12.363782,123
478,1226,18,17.336245,930
2322,1799,9,0.785401,486
1280,1681,19,5.816091,313
961,717,5,16.212916,449
723,1723,15,5.898835,229
1067,2392,15,11.339897,113
2224,806,6,19.399256,205
2280,1906,16,0.267386,572
739,1408,16,20.111203,787
742,1554,10,5.574292,696
1812,211,8,14.555303,638
2342,605,17,18.989572,1140
1472,454,19,4.191556,856
311,1965,12,16.514067,724
784,20,9,1.194267,314
569,1132,18,1.904991,793
1827,1436,5,5.511644,1128
1987,1761,5,9.712671,967
816,6,13,9.479639,1139
952,1528,16,4.873803,125
796,1481,5,9.553357,793
22,199,18,4.042294,1040
905,1835,5,6.985834,851
2051,2488,15,13.086401,987
646,398,13,13.631625,504
824,1666,17,11.823436,1099
168,1315,17,18.981012,769
2155,2366,12,16.410012,854
89,2476,12,17.539773,631
2163,2372,14,15.408073,559
742,2120,12,14.812154,416
2070,1385,7,14.421616,362
2030,1672,19,11.487291,843
880,1540,6,7.835371,1022
1856,2050,18,19.230531,721
1289,2400,19,11.162251,739
1060,50,15,16.964804,1047
123,1637,7,13.727610,1059
1212,1767,10,11.452579,193
900,1416,5,4.338172,782
351,1279,9,11.438485,193
906,322,18,17.472040,725
2027,575,17,11.683883,965
179,1272,17,18.570755,537
2117,1726,5,12.048980,918
1854,1859,5,18.877299,1189
2329,1828,7,4.382161,321
24,896,12,13.392514,876
2010,1838,14,18.966544,673
894,1761,16,6.608713,1122
1059,1679,15,13.551405,1045
258,305,6,16.365110,182
2188,2416,5,16.745449,1108
882,302,7,15.750598,359
1670,1849,15,4.720590,366
403,595,18,4.489230,217
97,1051,15,1.342525,875
2050,2229,13,3.082155,249
2326,2240,11,14.285695,960
1693,448,18,4.836097,420
1171,1666,10,14.561168,773
884,895,6,5.335603,444
596,367,17,10.083706,1076
537,1546,19,4.286945,1125
1361,895,18,8.020173,122
1679,1863,10,16.464821,634
1801,517,16,4.231662,222
1295,1213,9,0.222491,1029
267,753,10,7.241329,399
443,205,15,9.051783,772
2355,975,13,0.914859,161
1226,1747,15,2.277921,956
1171,2253,18,8.597984,314
1359,1958,5,1.193685,1198
415,1210,9,8.162654,757
2236,883,6,15.587687,427
1035,1298,17,8.131998,864
1604,1638,18,6.698178,400
102,959,6,6.151625,1088
1318,1865,11,9.754679,106
1636,1309,18,1.155768,838
2140,2395,20,0.504654,1200
981,919,12,0.246802,347
308,240,5,16.818237,345
1050,580,8,2.235202,621
2250,1089,16,5.517483,679
1970,2181,13,15.792903,718
547,926,11,9.755808,279
910,1819,19,1.598889,428
993,209,14,12.345814,916
626,932,8,19.596842,490
2103,2230,8,18.497287,292
1530,1909,16,11.163904,919
328,609,17,17.852533,850
809,1333,5,8.653552,130
1456,2067,13,12.678848,309
1796,1334,6,14.927152,650
1566,1514,18,0.841793,210
1046,32,14,3.093029,1151
916,1965,16,4.418062,835
1219,637,7,4.054909,949
2200,1863,13,12.040653,942
1109,590,7,8.550931,194
1380,2413,20,12.244967,722
2068,2440,12,0.621567,342
364,2046,17,13.829182,174
619,1137,15,12.813598,1177
2260,408,13,7.686347,415
171,1946,11,10.786833,898
2354,1156,5,13.386430,655
896,2412,9,17.021943,770
161,2006,10,10.839418,320
2170,968,5,13.948095,1168
257,32,20,18.919749,915
1292,1253,14,20.213355,644
783,819,17,19.171579,923
1752,841,9,10.423671,1028
932,968,11,11.276616,538
2295,1006,14,6.658269,536
340,705,17,4.362265,1157
1712,378,9,2.259412,180
2263,781,18,3.070802,446
1896,259,12,15.523231,716
1814,340,14,5.598785,565
1292,980,13,11.402609,341
1055,1047,13,16.694771,772
1985,1760,11,4.004083,768
555,1184,13,4.583747,448
151,2301,12,13.669457,809
470,1900,9,11.480921,815
416,34,20,11.948065,1115
218,357,11,9.966610,703
2341,1365,5,3.293747,455
1586,1301,9,4.882182,702
2332,1075,13,12.577682,1043
437,32,14,12.845258,463
2439,1220,15,19.562356,612
1452,763,13,18.807287,891
1674,2353,17,17.659347,345
738,1889,14,4.050959,403
1812,710,15,10.473647,200
1837,2185,9,17.638365,816
437,1236,10,7.891220,882
2356,139,20,4.996676,563
1887,1073,11,17.790131,212
2370,1232,18,14.933492,1087
1465,159,16,20.370402,1147
1328,971,11,4.663273,135
482,1605,9,14.409117,698
1049,2408,10,1.949881,808
2431,1884,19,19.358120,617
1508,1990,10,13.048548,854
1928,725,10,2.478340,966
590,635,7,2.649258,419
560,1712,12,6.408586,751
1560,877,6,13.545846,859
2461,1359,7,11.662002,1015
352,1447,7,5.156057,1134
557,1972,18,11.225987,501
2198,2239,16,17.237881,431
373,164,18,20.351754,778
1046,1996,15,13.126866,259
1144,87,10,11.122922,173
1465,173,20,12.868237,962
230,1984,17,7.056103,1164
1683,1064,9,12.817103,900
260,2261,6,3.793358,797
1785,798,10,8.702362,832
1510,1799,11,2.755404,491
1342,2073,16,9.638870,1130
1486,812,8,11.270866,671
1215,2028,18,9.937754,156
2126,172,19,16.509891,757
1527,1799,17,14.623335,556
429,1223,8,12.974005,140
1430,821,13,17.887193,1069
1668,2063,19,17.661939,523
1439,1544,11,18.195150,299
182,1462,5,16.883410,594
2141,1901,7,16.854531,267
1357,399,17,10.418227,1161
849,1842,11,19.190423,742
346,1161,11,6.460848,1189
2116,2103,18,14.662262,250
1237,2171,5,9.142793,1198
1337,1432,14,14.280629,303
1304,714,10,19.969400,509
1469,1865,10,1.483689,1083
2171,35,13,17.039576,1020
886,1553,20,20.214403,446
21,543,17,14.566107,999
1620,1075,14,18.672699,269
1330,2329,15,15.290831,1052
1274,2006,12,2.933539,987
230,666,14,13.748955,618
2022,1333,11,18.459886,269
607,2148,9,9.698728,1110
368,1137,9,2.469980,232
474,1515,7,16.946258,679
1036,1535,13,13.346528,679
950,1874,13,5.069000,413
2099,788,15,9.287600,993
1719,1877,8,18.122674,231
1018,406,18,14.049473,567
127,2376,12,3.583934,668
128,2305,14,9.051635,554
728,1459,14,10.654733,1100
1744,281,20,1.051521,217
2497,1198,5,3.478044,245
333,946,10,12.261196,922
634,1728,13,11.048947,129
2335,1858,18,8.721331,459
1324,1584,8,17.841540,1076
892,1515,17,17.777115,1111
1815,1597,5,7.455274,1096
1002,2420,10,12.425323,366
2141,1222,13,6.740371,1131
2125,1963,10,4.012116,838
1979,1445,6,17.755472,415
781,1787,18,15.349749,491
557,762,15,15.321082,959
939,1214,7,18.891812,157
2155,419,19,13.342272,404
1248,1259,15,16.170767,219
245,496,15,3.772843,663
1595,1336,19,8.216657,978
1371,373,12,13.258010,750
871,664,14,18.708951,199
447,1646,9,7.575738,1100
20,1979,20,14.828792,795
41,1852,12,6.274418,306
885,2376,11,9.011702,713
1973,295,19,20.240014,1146
1114,106,9,4.132494,253
560,889,8,1.700095,663
253,738,16,5.925154,232
1240,2018,18,9.552493,791
391,1376,10,6.683969,734
561,2144,19,13.378867,769
148,1681,18,13.701605,603
1783,1947,10,4.082454,387
2064,1356,10,14.716227,180
2439,1558,18,2.808572,767
892,2054,20,13.856600,1184
1130,614,18,16.168845,261
2234,504,15,6.766023,269
2316,241,20,0.877669,1035
419,1662,20,4.022130,1063
2404,1296,19,5.808310,789
673,1418,17,18.282853,599
1926,1821,14,10.409324,680
1219,1121,5,13.241413,783
701,564,16,7.578872,953
1405,1228,10,2.152012,549
1011,2263,16,18.032386,398
877,2026,13,16.333590,820
2221,320,10,9.973916,353
101,822,8,13.360714,237
244,855,20,2.393691,884
1545,992,5,6.308944,364
1975,2219,11,1.108345,384
1839,1541,17,10.406450,1160
24,1982,10,9.643308,675
137,2247,20,1.728634,630
1464,1725,8,16.205976,185
312,910,11,11.759459,356
2349,404,8,9.586707,137
1279,2017,12,18.650340,169
1261,2345,7,6.767374,364
506,1227,20,7.261554,672
2021,1797,18,19.615551,677
131,2309,19,19.497944,1106
793,282,10,14.098708,664
612,1199,9,14.507872,283
1553,2226,12,18.508228,550
2021,1705,7,9.559004,957
203,7,17,13.599441,710
1029,313,17,10.065159,820
618,2247,11,9.138689,261
741,747,12,10.941040,714
790,411,12,0.004364,902
850,2386,19,9.631538,933
324,1342,17,5.201325,189
526,575,15,6.948332,615
1935,827,14,6.483089,222
1504,520,18,3.647194,1059
143,2195,17,16.408138,210
2140,1683,8,11.583080,1155
2306,90,7,13.334918,703
35,582,8,16.452953,108
387,1682,16,3.651687,774
1802,1376,20,3.860057,1194
1237,2208,5,7.435429,770
1906,912,11,9.850643,574
1861,181,18,9.466546,415
289,359,15,1.062529,649
424,20,10,15.908125,797
1,1569,19,1.246305,662
1170,934,9,9.542248,1056
944,2059,5,16.562388,347
2428,590,10,20.410047,1017
157,1486,9,20.072599,1185
1195,1608,11,9.008561,290
158,562,15,1.832226,263
399,1082,14,3.094578,341
1350,50,7,4.023822,396
2033,288,11,4.477725,726
2192,1494,5,16.742104,547
2235,535,18,14.994143,1164
1596,1130,14,19.377156,325
1356,2011,11,12.264305,852
1092,2072,18,11.400500,279
2476,1494,10,4.425153,589
391,778,14,17.163410,148
2430,749,8,8.786225,1141
1274,1350,20,2.051325,233
1509,1889,16,9.497266,1066
1947,655,12,10.127318,561
1360,804,14,16.849408,416
1838,2326,19,20.460213,128
1656,2288,19,18.041271,486
1765,1985,11,1.787895,862
1969,1918,5,11.485675,952
2011,2184,12,14.434683,956
1328,2467,7,19.714307,687
339,749,17,8.859470,653
1374,2200,15,17.867561,433
391,597,17,15.041439,196
2185,1270,20,18.473705,611
1013,1336,14,10.868977,530
458,1661,5,19.408451,115
1972,409,5,0.349200,130
1477,1740,18,20.362979,860
897,2052,16,16.363301,762
718,1785,16,12.124295,214
99,2474,10,18.544317,1137
2394,1697,14,4.396842,962
1143,1785,5,19.360574,612
2092,2307,19,8.950519,813
138,896,8,2.220314,1063
672,2315,17,16.978632,294
2116,42,10,9.981700,663
2386,1952,20,0.009559,121
1512,2318,20,18.216169,353
1972,335,12,5.324607,228
1195,584,7,0.335069,1090
1981,283,17,12.777432,857
825,2071,16,12.281529,566
667,2134,17,9.899752,1020
860,431,18,18.380163,1057
896,2370,11,18.039700,1098
264,2105,9,0.190897,834
315,22,19,5.639885,1169
2218,1352,18,0.419558,404
2347,433,19,11.636329,1159
896,25,18,15.143978,269
338,554,13,11.338164,979
630,1200,11,19.139488,442
1375,707,20,12.536421,646
1288,374,5,8.845135,767
1824,2286,11,5.804430,195
394,960,8,1.176840,905
861,981,9,3.206109,218
1478,2495,19,4.048565,1084
142,1160,15,19.952525,746
344,2244,11,2.464950,247
1922,1821,8,18.356108,894
1346,2449,11,19.036837,868
2281,756,10,10.379345,668
627,1162,6,9.988517,334
2040,1565,13,19.612759,353
294,1337,20,4.957888,843
2132,814,6,18.685311,1078
1187,1769,6,19.212314,1007
1049,140,17,5.782536,265
643,905,16,15.330709,316
1696,1129,17,12.044848,889
1279,1706,17,17.667172,499
1736,1411,10,17.320552,1090
512,1558,10,16.632713,277
12,15,15,2.870813,749
2129,305,10,7.118186,241
1407,2279,18,18.891091,1031
622,1767,20,20.058595,345
677,2116,20,20.259843,1070
345,668,6,14.688884,660
1726,331,16,7.289923,374
186,2153,17,12.731108,747
1997,46,19,4.821030,155
1814,1877,11,13.085198,846
167,1238,9,11.301776,904
282,1008,8,7.112143,813
1906,654,19,9.892612,799
2440,382,15,10.046720,102
1759,2196,19,14.085142,389
469,159,9,5.125367,626
333,1210,16,17.349924,504
207,1661,8,11.766405,839
519,1259,13,17.434906,142
876,1240,14,4.774930,1005
1601,1128,17,16.613297,843
2125,806,17,6.831979,564
517,1419,16,17.267269,870
2246,517,20,18.685140,101
978,652,9,19.883218,761
195,87,9,16.285813,361
715,983,17,17.481006,246
894,1259,9,19.114010,1020
312,1009,17,18.233595,1113
1539,1841,13,11.528295,710
779,483,19,18.744281,465
1355,1748,5,0.267299,902
1458,139,9,6.218185,525
1566,1470,17,4.002440,816
73,1062,13,5.403997,543
40,970,11,0.793762,1033
624,1203,18,17.321466,160
346,1829,8,9.131517,258
1370,1224,7,12.812527,1072
137,1044,8,5.164001,530
1664,100,20,3.714895,1135
1447,1854,17,12.310064,257
1937,1049,10,17.560828,283
383,784,15,1.405963,330
644,323,17,12.868992,559
551,1447,7,15.123921,200
575,220,5,6.808307,735
818,1933,12,15.863714,669
76,114,5,19.203002,1014
246,2370,16,8.896844,172
1253,1844,19,4.431192,271
2030,1271,9,11.419313,905
770,534,17,8.868059,880
924,567,16,1.962438,250
354,1238,5,8.018598,692
2270,2499,15,2.663848,201
1292,1408,6,3.449410,583
1577,433,19,10.292489,726
1728,405,19,19.029266,1044
888,894,12,14.572022,354
2292,1832,8,4.275938,657
685,379,17,11.429443,201
1450,183,17,19.931910,195
1246,35,7,13.171930,314
1268,216,14,20.465044,901
756,959,13,4.049631,1158
112,2403,14,16.988699,600
143,2239,6,15.654348,446
2011,1391,11,2.238270,924
133,618,15,19.087452,636
626,1679,12,9.069890,860
1440,1615,10,2.017816,791
1859,1168,20,3.277467,817
96,1190,11,13.312810,1162
2120,2406,19,11.113519,559
1600,704,19,1.656900,1117
989,509,10,10.006528,1162
818,2475,19,8.390011,1057
2497,1663,18,3.209994,737
479,471,13,4.015247,967
830,2193,20,4.971296,795
1210,2274,14,14.033167,948
2010,744,14,14.409524,193
438,1012,12,17.938539,584
174,2334,12,14.900159,222
2105,487,5,10.699085,1049
1127,2249,20,11.210645,928
1933,2238,5,9.819177,660
1890,547,8,14.224993,108
55,2196,8,6.362238,957
1805,817,11,10.885285,811
2001,1617,10,10.793943,165
2100,521,14,17.385153,830
1824,1378,6,11.282838,490
1299,1900,19,3.541280,148
1867,2415,16,19.746780,565
1999,2480,6,16.604838,443
1992,1991,8,4.186562,747
1775,309,9,13.221052,106
780,827,12,5.101767,836
1231,965,6,1.519950,627
1767,1682,17,10.388580,916
432,567,11,3.786125,530
642,419,10,19.470652,791
274,1210,8,15.935702,452
2433,918,15,18.315772,345
510,296,8,5.270872,614
1133,52,9,18.026477,603
1424,2431,18,1.286006,1097
501,350,17,8.646344,688
1632,619,11,16.378667,251
1478,1357,7,11.826894,932
1940,309,10,5.916140,1115
1096,1770,13,16.043890,1041
2118,288,17,17.318719,437
2324,953,20,14.335572,992
2131,134,6,0.510929,453
628,2060,10,19.937910,552
1261,1510,15,6.025545,578
659,290,17,19.183410,501
741,2164,5,9.515972,193
1210,1389,15,5.671079,688
2461,2145,15,6.912207,713
1401,33,17,11.112115,496
1818,555,5,17.686824,471
2016,1275,13,4.430927,330
1906,29,17,16.864166,1062
1415,1708,6,0.355710,419
2007,2053,14,15.721799,1102
567,467,14,10.620029,671
2078,476,6,14.553894,337
2059,2031,14,7.236731,1184
588,350,5,13.501260,759
1739,420,17,14.012157,852
2217,1708,8,19.711607,122
1938,1238,15,15.779465,154
1777,2011,18,13.413174,298
1727,1888,15,4.487264,626
524,1122,9,14.651183,1045
1203,2120,10,19.587044,1189
1855,1342,5,17.009410,620
1847,17,15,16.965476,294
1768,596,16,19.194077,343
1575,2273,6,20.099487,174
1522,213,5,16.139916,1105
537,2284,7,4.732390,483
2019,915,18,0.312582,246
867,1356,8,5.406326,217
1602,214,18,11.235797,1148
1083,318,20,6.138489,1176
1637,76,18,8.996455,1074
2010,1320,7,16.946101,1175
889,1555,10,12.799787,153
1168,2187,17,15.260939,364
562,544,7,19.113483,781
641,2455,19,0.172351,1006
987,177,19,18.851188,178
433,100,17,12.009853,333
1670,752,17,8.128219,1183
522,2173,8,2.946604,820
1971,418,9,1.438388,1138
2370,1403,15,10.037076,248
1055,2014,11,6.779433,1028
2468,2066,15,17.772263,297
1035,1981,20,3.105070,896
2477,458,13,9.103211,488
1756,1484,17,3.327941,192
1389,1746,14,3.286720,479
1237,1706,20,12.620639,364
1928,1772,5,14.973131,1065
2340,2095,14,19.250690,205
547,2171,17,3.501586,848
1142,856,11,17.055533,422
1093,1955,11,12.412624,1069
1505,899,19,4.476841,631
1478,565,5,15.753501,1117
584,2342,17,4.201308,571
1420,1712,16,0.392064,433
250,1621,19,5.526056,311
1336,2248,12,10.350885,1145
197,1208,15,0.433366,620
213,1728,20,7.209073,554
264,803,11,13.397957,589
1610,785,7,1.794920,519
863,556,11,4.497357,780
22,1971,16,16.972728,1156
2021,1123,5,14.334705,970
2456,793,16,17.143961,186
156,1078,16,4.360355,1001
1385,1105,11,3.058503,368
2199,82,6,19.198514,568
1072,868,12,12.376171,379
1819,322,7,5.682678,886
1653,181,9,8.991779,164
1619,554,5,8.153801,1153
1752,1266,5,18.205021,414
14,2206,5,13.325069,166
892,115,6,0.215841,1107
532,2290,5,5.403731,951
1367,718,15,3.618274,673
1389,566,8,19.614255,333
633,2461,19,5.851499,188
206,280,20,14.186579,429
13,1425,16,15.380469,771
310,1061,5,11.173809,264
377,2281,10,11.725552,265
38,1113,11,2.871993,1078
458,844,19,14.138285,167
974,1747,5,9.144622,270
2151,1987,17,3.687513,529
90,1034,6,18.617646,1059
1389,785,13,12.049202,601
1343,1729,19,12.833179,148
1474,1838,9,7.187959,669
2265,2353,17,17.439290,406
1532,1780,8,7.948626,163
873,1796,9,11.332760,736
2107,529,15,15.419909,961
1840,923,17,11.776274,808
973,2095,6,15.586042,560
2474,761,15,2.866843,527
183,419,7,12.025236,876
689,517,20,17.587048,1092
2022,2079,19,20.302414,190
2351,1013,5,15.463278,214
309,1631,5,14.285453,1197
2379,2041,6,11.531730,550
2010,851,13,12.750756,1115
686,659,18,17.346093,1141
2034,2365,12,4.684544,124
647,1867,14,16.577696,717
2017,2307,7,20.052299,970
2491,2288,14,13.858096,419
654,319,5,7.851781,370
2498,1065,6,17.199308,902
1200,1707,6,19.954955,931
1160,1294,10,19.058602,124
2467,1616,16,12.651293,973
1425,271,13,17.361327,856
1585,350,17,7.936794,818
2429,2025,20,4.068063,583
2437,802,11,14.781643,548
1462,1142,9,10.276131,558
1330,2132,7,13.870009,269
2102,807,19,8.769370,266
189,1831,7,6.095490,1167
247,1618,7,2.010791,698
270,951,13,5.881375,802
623,2115,5,4.017990,489
112,1331,15,18.960971,512
2044,1854,14,5.411424,588
537,455,20,18.394478,717
2387,1230,17,18.634259,1079
2240,391,6,5.185484,991
147,841,8,9.477931,303
1736,926,17,18.906738,855
208,331,14,0.482604,722
770,544,13,1.670997,1096
2414,68,8,7.346666,987
1674,1485,12,2.137281,771
180,1130,12,7.416459,607
27,2196,12,17.825938,183
2342,1342,20,1.929444,1127
1557,583,5,4.947679,1167
1553,114,18,18.031559,828
1226,1637,16,3.015238,350
2443,2264,8,3.679793,747
303,761,11,2.154159,977
105,1369,10,17.979908,488
1654,606,16,20.082126,1106
1167,266,18,17.633403,1023
2085,1586,9,3.223649,275
2496,871,9,3.540409,1158
517,2395,15,12.144666,805
1253,2122,7,17.609701,285
2448,1211,5,12.374184,583
1976,1577,11,20.220680,169
292,375,14,11.522421,283
1690,1335,14,4.484027,1053
853,2398,19,8.295115,1009
2316,167,12,18.564857,448
392,1084,8,11.524863,450
1203,2117,10,5.734217,448
236,816,8,1.159019,353
1619,1722,12,16.121120,837
2434,1764,18,2.008632,226
329,500,9,2.488246,170
2078,1213,10,7.209729,494
1380,1449,9,2.507860,117
504,1718,9,0.234231,530
1841,963,17,3.860147,431
728,619,5,11.762531,1074
1567,596,14,19.802134,681
286,287,10,9.496275,869
1037,1849,7,17.505846,842
1258,772,12,7.182510,350
914,2007,12,10.822431,126
1608,1199,12,1.461912,594
2232,1885,8,2.783160,412
1456,775,12,3.856707,155
1322,684,11,9.000969,217
239,1850,10,20.474853,889
2305,2009,15,12.020330,200
1773,1724,5,8.588792,610
1917,1166,20,15.185319,922
805,2004,10,18.898698,686
1779,2223,19,2.566870,157
2063,938,7,10.725656,917
124,1866,12,16.585950,320
2264,244,19,13.402466,738
540,2138,16,9.915982,868
514,1636,10,12.046125,324
2227,1382,15,19.596102,707
1866,1908,9,19.345968,1020
2218,680,19,1.387917,253
36,1512,16,9.792669,129
555,499,7,6.613552,448
9,2400,16,14.697022,1131
2331,2392,12,5.830634,288
365,1935,14,17.943666,1048
340,1021,6,17.363529,1115
1918,1016,9,19.712873,962
318,1162,14,4.471560,894
680,1204,6,17.087263,813
2060,1589,6,11.129784,230
414,127,9,8.412387,357
2260,1514,13,4.066347,742
339,2242,11,1.258687,928
2031,1955,16,11.837359,352
108,1254,8,1.728777,487
358,1314,15,0.285038,1124
1640,2202,17,5.595601,658
854,1227,7,20.143844,487
2199,2344,11,6.073364,831
1057,1391,13,18.302915,345
2306,913,20,12.238912,834
2264,1124,7,9.147190,1133
2036,2100,6,5.877675,250
2278,2101,18,14.481661,703
1156,2437,14,2.584970,118
908,2494,10,12.653952,917
357,174,10,7.997733,200
2490,1587,14,5.855489,233
522,290,11,0.772074,1166
655,2244,9,19.798003,431
719,1671,17,11.934944,509
1450,51,15,6.216474,894
583,529,14,1.351297,790
2314,1390,15,9.695920,986
2481,555,17,10.111652,276
1625,753,15,19.869352,482
79,1188,13,0.033690,733
2077,193,10,7.971403,665
584,1390,10,0.112390,152
1566,1286,5,3.564914,176
1793,2124,19,12.337491,235
712,735,8,3.236818,928
1704,2306,9,4.275971,173
2343,2218,19,5.869212,390
1805,2303,11,11.007124,440
1700,1574,7,13.338286,822
2491,1962,15,2.726349,147
1270,1,16,20.409141,342
2225,789,9,5.601935,341
1047,284,12,18.138386,791
720,1173,14,1.702031,333
390,713,16,7.323424,672
1882,1132,20,2.984329,627
2391,1019,5,1.495003,998
370,66,11,7.346596,317
2345,152,6,2.431138,1200
816,2270,12,14.217072,593
1736,1309,6,18.354768,1189
966,803,5,5.399782,623
2307,133,20,4.026375,354
517,1008,9,16.444564,407
1308,1462,11,16.463885,617
1774,2312,18,15.009907,460
1047,1012,20,18.471659,102
1608,1448,18,11.554891,523
1932,880,8,7.160119,109
703,595,13,14.587682,816
2259,2423,8,9.771555,285
999,1659,9,15.669763,896
246,1512,7,0.683389,996
2402,2057,16,1.038149,1143
877,1111,11,3.331006,310
1814,953,16,12.487190,1114
1951,319,7,8.375580,1159
1725,406,14,17.447783,238
736,2486,16,1.078994,665
1999,261,7,4.185628,867
1733,2408,5,0.747674,340
2249,2094,15,12.581687,806
1749,808,5,17.643300,206
1822,761,20,19.290198,190
1043,87,9,18.997448,674
1056,1509,15,12.206421,117
678,312,13,10.491869,1177
1578,409,14,3.650412,173
796,858,9,16.670419,701
656,1394,6,14.072670,1070
437,2356,16,16.401056,386
1435,883,9,13.392314,153
453,1822,12,18.047619,807
367,2396,14,6.400186,139
9,750,18,19.250806,776
2067,2471,12,8.800888,892
2056,139,9,10.602107,746
250,136,15,14.636990,860
1111,732,10,19.202582,683
152,475,7,3.416379,434
1827,1600,19,10.491921,754
1808,1450,18,13.688117,988
1824,650,14,3.636816,248
1713,2121,18,0.192726,686
1208,2327,15,15.390801,706
406,1633,19,4.963236,1153
1236,1539,10,5.947372,600
1339,1283,7,2.694607,1027
2360,2418,16,14.820751,589
136,1373,5,19.279744,989
1594,2246,12,12.756767,155
1088,2066,13,3.884841,426
708,705,19,19.319003,434
156,636,15,16.289868,569
1375,863,18,11.430567,1110
523,2307,19,10.993606,937
122,1034,20,17.841251,612
1030,1087,6,2.783774,508
2467,113,17,6.978352,1078
915,216,17,5.839210,519
2069,1772,15,15.856109,854
230,1326,5,9.665083,186
528,2437,10,9.675981,628
935,1596,20,9.604452,165
70,1312,15,19.522978,595
1704,1296,9,4.128046,759
1077,1976,6,17.782898,372
1134,1230,16,5.806512,1199
2461,576,7,10.856660,207
1809,249,16,12.407600,481
205,1269,14,17.767149,761
1169,1481,17,5.533794,529
454,1477,17,11.632871,760
4,1190,16,13.977458,676
184,1309,20,6.003311,354
454,814,6,3.871704,384
1811,212,20,16.895423,277
795,2030,19,12.063714,586
2179,2066,11,5.536617,1165
114,2423,11,5.196517,714
1976,1266,8,10.353069,966
591,1503,9,12.759802,255
131,1148,8,7.076823,999
1353,1323,5,17.720278,279
13,1413,12,0.185832,893
313,1611,7,3.939474,884
1958,2412,5,10.452023,1027
1590,1642,18,11.443600,194
102,1140,8,2.627789,782
2496,891,5,5.211754,714
853,1878,19,0.654574,444
1762,2181,17,19.425895,366
246,137,11,16.049610,856
1463,767,17,5.346271,1172
1258,2326,11,4.456681,182
933,1473,20,0.486329,668
1407,1609,7,6.322401,584
1414,2403,15,4.999846,150
1668,320,6,13.686428,309
1867,1875,6,15.875585,168
305,1833,16,11.704687,1094
728,1927,9,19.903244,933
1281,46,5,0.204366,693
1711,874,15,11.702894,616
1560,1391,11,20.379269,107
16,2155,13,5.248574,913
681,943,11,8.834753,1006
612,2049,18,10.559084,725
242,688,15,14.570986,865
1311,666,12,9.227509,1186
1408,669,15,19.316363,597
2082,1028,18,13.834808,991
2225,938,16,19.262305,807
1792,182,15,8.434856,1192
314,1460,6,15.578398,486
723,144,20,8.736190,107
2082,1567,19,10.978899,269
67,2151,13,11.279351,138
379,1508,20,20.430844,1025
1609,1749,13,10.056610,1172
1114,1156,8,9.812937,470
2462,1641,12,9.816186,600
2426,2318,20,5.911378,733
1380,1196,5,8.089845,1098
261,1056,17,2.292937,522
2220,476,13,6.558613,886
2277,964,5,16.606443,148
991,1741,11,17.107290,697
2435,418,11,2.234433,862
34,488,5,18.745441,111
1924,1134,7,17.009706,145
2440,425,14,18.207169,436
1054,426,5,17.132972,1096
993,725,19,4.965615,121
1072,1736,11,18.263342,746
1336,1066,17,5.649730,402
1739,645,12,1.460703,1140
1422,21,18,3.879634,943
2087,2201,10,2.062167,963
1826,576,14,1.898967,385
2213,408,19,11.165338,1084
171,1021,11,16.551206,672
2118,511,20,3.741566,898
2029,168,20,11.042758,277
2492,339,10,9.346435,748
1788,1158,17,10.825461,684
1364,1561,8,7.940931,102
1253,446,7,16.497887,1149
64,1137,15,1.271612,439
2018,886,16,10.677824,427
1024,2217,7,5.509049,1002
1159,1010,12,3.032746,1079
15,1896,10,3.980949,428
2090,2388,8,4.422998,618
779,1586,15,13.189292,833
144,867,10,9.153018,1021
2072,2182,5,11.755666,858
1832,571,12,3.230331,878
1464,2458,20,5.494602,353
2389,1683,9,14.255915,146
1674,1632,9,18.239860,661
114,1470,14,3.558394,1139
1713,546,16,14.759538,377
972,1497,12,11.096665,763
1238,1891,5,3.654945,344
2150,248,15,5.374403,497
300,1096,5,0.008920,604
108,439,18,9.718024,433
700,681,19,0.535239,1034
18,1187,20,0.345192,673
1226,2330,5,18.087142,383
1593,1563,15,7.934039,174
278,1435,13,16.922672,520
310,838,11,19.756391,661
2309,1153,7,10.527217,1045
144,2154,6,16.702779,412
2206,181,5,19.341599,101
2121,2173,17,0.420432,407
845,2045,12,16.723660,975
2388,1428,5,9.109718,849
1771,1246,20,4.701456,450
601,2297,12,2.655634,703
964,2238,16,12.293028,605
426,1962,8,17.537889,817
537,1260,6,1.595037,943
2224,451,6,15.335248,952
1998,1722,20,14.864480,941
948,674,6,9.283270,1110
841,2291,8,6.149418,329
181,319,6,4.414129,411
1569,2336,10,4.019622,184
1808,148,16,15.183538,393
583,190,8,19.772562,1028
519,1207,10,18.895217,297
523,424,19,4.038202,583
489,621,12,19.071435,463
993,2110,7,16.387486,246
2493,56,14,11.836842,177
929,1202,9,5.881542,559
91,1333,12,1.099102,820
2466,1588,18,13.289915,324
670,2420,10,19.309577,525
1940,1941,11,5.667155,1083
408,239,15,13.923156,277
2057,2010,9,15.508558,100
1588,2215,15,6.779818,1011
711,124,7,4.380609,418
1366,2138,19,16.898562,254
1042,1555,11,17.355206,972
1801,2233,5,1.078516,1035
1566,2251,13,15.869444,776
1125,2053,18,6.554879,173
1364,148,6,1.833715,841
2211,1591,5,9.864378,338
1923,666,8,2.453827,960
1198,304,6,16.475136,865
2104,219,16,10.412841,1022
859,299,14,9.807453,106
2237,1950,12,12.209776,1056
2151,801,6,15.692945,574
217,1591,9,10.507725,1073
1437,883,20,1.225530,1125
410,282,13,5.248935,806
1803,439,17,20.395092,1095
494,2218,9,16.294023,1022
1965,1020,19,8.233426,1038
2364,217,11,13.764592,480
323,1934,10,10.421715,379
1518,510,18,18.481906,763
497,1949,14,17.642265,851
942,1899,17,8.260342,446
1936,586,14,10.680434,1060
2483,12,17,19.499374,910
1613,853,11,14.803628,257
1847,2171,9,5.994272,1068
274,1286,7,8.274801,433
642,922,5,14.679426,755
188,895,19,16.358839,670
829,1265,18,17.488375,263
1822,1325,7,20.063026,148
2358,1838,9,19.755287,538
220,1560,17,3.727241,1029
888,2125,7,9.511412,574
1643,1824,13,20.324668,582
2120,2299,13,9.640405,1075
1978,943,15,18.391128,325
2229,1661,6,15.408148,666
322,203,15,12.195157,692
343,682,14,16.034640,663
2031,501,15,0.311553,749
2387,1487,11,13.065051,549
1220,1024,12,16.179372,478
26,682,5,6.333217,122
339,949,16,16.823953,613
95,905,8,0.011711,1120
1098,1297,20,9.863472,1190
280,1649,12,14.727026,239
1517,1913,6,1.497709,1052
1732,1141,20,4.819496,829
2345,2308,12,19.292226,1073
324,1273,11,14.525357,610
1703,1546,17,3.649960,399
915,1035,11,14.987003,1094
251,1926,7,15.585626,531
2004,252,5,7.963503,314
1016,850,18,11.310005,414
655,713,6,2.722514,358
68,900,8,9.494419,961
400,591,9,18.624717,343
447,950,9,15.885039,926
955,77,9,10.693343,521
187,1235,20,8.536857,590
1263,1849,8,13.494201,369
1194,1138,11,14.894156,129
515,441,14,9.809251,170
46,1241,7,7.270095,1079
98,1558,14,13.619609,633
2194,19,16,13.195339,809
1324,415,16,0.796253,253
347,772,18,10.440099,300
1795,2229,12,11.869088,1135
1857,500,10,4.044215,981
1064,672,11,15.929464,658
140,804,17,7.222298,740
76,28,11,0.330829,710
857,879,12,6.631585,1076
2451,149,8,4.347132,974
2243,668,15,2.599910,331
2352,440,18,12.567641,1024
2056,1512,8,15.521604,888
337,147,15,15.898517,1096
588,476,11,18.208065,1168
2124,1091,7,13.878334,629
2418,2273,5,5.341583,598
2464,192,7,4.500753,764
2122,855,19,7.608593,616
1094,2259,18,14.173664,639
1569,157,15,15.361569,763
1928,7,13,17.708403,110
1069,2110,20,2.048477,582
810,1843,11,15.599470,761
546,352,8,0.725834,129
520,2165,20,18.485458,299
2289,1598,20,8.845212,1000
1193,2365,19,16.007476,333
1954,577,13,1.175116,551
961,191,10,18.318185,702
1173,1910,8,11.012747,108
1057,261,16,0.935586,991
1966,477,6,14.680002,197
932,1049,7,1.643797,722
2357,1723,5,13.554532,957
720,2325,10,18.361361,155
979,2449,14,13.623179,570
794,302,16,7.711113,1192
2,2412,10,2.051871,1082
606,2038,12,14.239591,119
2304,1242,7,3.439687,1161
2465,1898,15,15.299117,548
247,682,15,15.031121,930
1390,2281,8,8.270712,1051
1858,1199,9,14.181951,320
2313,750,13,18.323559,782
1494,1219,9,8.939152,376
1118,1093,16,9.730244,1016
645,1879,12,16.393305,173
1595,715,15,18.162946,217
1726,1721,8,11.966917,543
923,517,12,15.128152,270
1109,72,7,3.637782,388
1767,226,5,5.362778,677
221,1017,6,4.018218,686
6,276,16,1.842512,721
225,2106,19,0.436051,718
244,1464,10,7.016496,175
2350,1758,17,14.965045,318
2041,2238,9,4.455371,999
1520,1780,9,15.633825,289
1472,2208,9,6.147800,386
1510,1311,6,20.000373,844
843,1656,12,1.253441,609
1630,1352,9,13.305284,1058
231,496,5,8.743262,710
2389,1596,20,20.082505,808
858,2309,11,7.052624,995
533,481,16,19.504800,1104
1472,315,16,11.988610,780
916,154,12,12.382541,273
1467,1040,13,13.099847,1113
737,107,11,12.001716,651
583,877,13,12.718864,723
329,1450,7,3.478309,1090
924,1804,20,11.468845,595
249,1380,11,10.579011,264
158,944,18,17.696224,641
484,1919,6,4.468952,1197
1348,1754,10,13.905684,805
793,913,6,12.230138,1159
2225,422,16,9.280351,583
30,1457,10,7.410639,528
192,500,12,5.982342,364
148,660,8,4.028187,994
2068,2261,18,16.132011,327
436,1077,10,7.296277,599
2167,666,20,17.155408,565
246,450,11,0.654519,919
2435,1234,5,8.031823,807
1793,564,10,7.549694,694
1020,313,17,1.747823,1070
1192,988,6,14.861656,1167
1281,754,17,17.455416,233
2463,288,13,16.068870,534
963,610,13,19.437701,373
1018,1309,6,2.991975,846
2156,2005,9,7.736049,180
1386,1739,15,17.771284,1148
1457,1752,19,18.772115,623
657,2276,8,3.009551,149
1639,599,19,9.149087,796
2027,1981,20,1.063466,975
2226,159,15,1.692586,838
593,723,6,8.935504,584
1102,2004,8,1.793152,481
763,101,19,3.592913,637
1752,971,15,6.855295,764
1904,1693,8,0.473881,662
1274,958,15,18.873293,1014
925,1995,12,12.276984,315
1284,1352,16,16.374035,701
1514,1820,7,13.208526,632
506,2233,6,14.259817,1127
2316,1679,7,12.731013,248
480,1573,14,7.448278,454
336,671,19,14.074930,115
828,1256,7,16.300099,738
690,2263,7,11.862175,1026
1601,1578,13,5.307739,232
1163,2045,6,13.094690,354
1718,339,17,10.541328,953
316,636,12,13.488175,1159
641,2297,20,1.758956,524
1916,2274,7,20.253978,789
2179,26,9,3.366210,165
2098,41,6,15.351130,475
673,1609,6,14.627474,191
182,645,17,15.507669,466
12,2356,13,12.763169,1198
907,410,11,14.462975,1059
2099,2119,16,2.373617,848
2037,1380,17,10.593915,380
2271,1080,15,4.553104,1018
2106,377,18,3.826164,495
1557,1596,6,10.152687,985
1422,1891,5,9.346418,501
1632,296,7,5.028607,1110
1195,1173,6,6.111656,166
237,2164,18,9.068661,559
2324,102,19,6.808970,286
1136,1597,14,5.644945,579
897,423,13,1.115363,1137
878,1582,19,1.361268,708
2362,2189,9,7.818604,540
2339,1258,12,0.698340,261
1592,156,11,16.869196,973
217,1899,5,6.358518,519
243,215,17,7.350472,398
248,1155,18,14.487410,355
1401,41,14,13.872289,420
600,2392,18,19.778633,325
1371,2354,13,6.425765,318
833,397,13,14.652271,1100
2334,1301,17,18.075065,855
691,1315,5,15.545668,171
1822,1703,18,18.343174,124
483,236,7,19.999458,239
975,2377,12,0.198338,745
510,906,16,13.715302,656
2089,1408,5,4.956325,564
1420,1613,14,18.829810,803
2066,1348,19,13.964697,299
646,1381,14,19.251376,563
363,302,5,14.911928,704
1508,95,9,6.230377,1043
942,2307,20,4.136232,544
1146,702,15,18.668545,100
179,2183,18,19.931679,681
1055,2075,6,17.688807,249
1166,1426,5,12.960538,132
1206,1506,5,7.635254,909
2414,2218,10,6.757530,344
601,1256,8,18.762278,309
178,264,14,5.061529,730
561,2189,10,2.447520,502
809,1171,7,11.340021,564
1357,1378,10,9.405789,401
425,2272,17,7.686743,993
253,11,20,13.241601,1175
996,972,13,1.170325,1038
740,844,5,20.163994,696
844,1484,10,19.483718,616
2008,1367,13,6.817983,335
627,2163,11,9.990550,912
1697,2265,16,10.645597,173
1905,2371,19,6.510081,248
236,572,6,15.229741,644
2047,2253,6,1.646282,865
27,483,10,10.990206,212
1315,1523,8,10.633460,1193
861,1832,15,8.693407,993
42,256,20,5.509501,369
1357,2036,17,6.517499,299
2244,2196,19,4.669622,596
15,682,8,3.520424,718
847,928,9,18.965850,689
1547,500,14,7.166733,838
1717,1882,13,6.005248,269
394,1730,16,7.772075,408
551,338,15,5.048266,1037
570,2066,20,8.221961,838
770,657,6,15.035438,1182
656,1050,10,4.276943,950
490,145,13,17.569544,238
294,32,18,17.808310,568
716,553,10,6.845290,829
31,1974,13,0.910204,121
2299,1404,17,11.310927,786
2307,311,7,5.238843,905
369,14,13,16.084248,532
1290,1773,7,10.208999,741
1377,503,6,6.390836,404
1083,1398,12,12.636132,675
1844,1801,15,11.683304,1154
246,2438,13,6.223548,141
484,1364,14,6.570372,774
1725,73,9,3.408063,216
1927,1542,5,7.616893,1114
2154,368,19,9.700439,471
558,1128,5,12.883237,1128
824,1209,13,9.584748,379
683,2332,11,14.463270,978
586,1256,7,0.279004,448
758,2412,7,6.106148,1059
1544,31,14,14.793546,356
1605,221,8,15.133702,480
1521,2023,8,9.470175,674
300,2324,13,7.666767,652
1520,652,17,12.935159,703
2399,1873,17,7.900799,473
2115,1882,15,15.814661,134
2412,1522,15,14.218076,285
2076,124,12,13.717837,697
1162,651,13,8.914636,794
2273,861,6,20.113146,648
1294,1352,16,11.965897,804
1982,182,13,0.606518,1160
1974,775,19,16.584482,970
582,456,7,2.256266,1070
2114,1561,20,10.880086,945
1409,609,18,2.226744,953
1289,1713,20,8.379938,969
468,1625,5,1.051081,1171
1690,1410,18,15.198301,383
2037,2074,19,11.093424,934
1095,1825,6,10.904449,1115
848,682,6,4.336082,1177
2250,1044,15,7.173521,868
2340,389,6,18.797413,428
131,1462,14,4.866205,907
2040,1007,8,12.251952,692
144,1010,17,12.622441,385
119,192,8,18.128734,262
810,66,8,20.432649,993
1694,2296,9,11.554586,716
1120,725,12,19.791333,987
667,286,19,7.416223,266
2436,1021,17,9.956526,865
1673,1413,18,8.426812,107
81,1361,20,4.732671,1072
625,2137,5,4.414632,584
1883,1937,20,14.494080,305
1488,2120,18,3.089024,754
1252,1311,14,1.075420,119
2356,1501,7,11.262831,162
431,1479,5,14.334200,351
1812,2011,11,7.388142,296
1953,1500,17,17.345197,102
1488,1060,10,8.925179,267
1766,1647,15,14.771222,783
1198,1497,16,19.253215,713
1568,950,8,11.525536,1011
1537,2327,20,10.609042,695
1597,915,20,5.269545,519
2486,1606,11,7.564250,607
1177,1721,19,4.011249,179
2355,73,17,13.019231,477
1410,95,11,8.643703,893
1160,1710,6,0.717206,995
1238,1237,18,14.934929,885
2075,2482,13,10.297974,983
969,1487,19,0.767959,539
1811,55,12,1.553654,188
1277,895,6,13.676214,574
1156,1541,19,7.761451,1152
816,276,5,12.397210,474
2409,956,19,20.052609,710
483,67,6,6.598803,501
1546,1637,14,5.107554,325
1339,2071,8,7.571441,178
581,512,18,7.618525,1063
496,1772,14,8.115881,136
822,342,16,6.520169,654
796,822,5,6.226314,161
1618,1999,16,20.286298,180
1327,1222,11,11.898278,962
335,1383,17,2.701896,204
856,1988,12,11.178977,1090
1756,1293,16,2.436073,650
2106,1605,12,2.114420,191
1186,1775,5,15.238895,1011
500,1297,19,14.451692,881
494,1534,14,10.498820,771
88,1713,16,14.204345,863
1250,978,6,10.952081,888
515,1604,10,16.811599,1087
1605,2172,18,16.040795,236
17,686,19,18.724067,506
357,1184,7,6.659162,663
1644,1081,16,0.676213,156
714,880,18,4.054217,965
1065,1387,17,0.205383,605
988,817,12,5.050649,1198
2288,1246,15,7.183512,139
1519,362,9,9.776764,630
2142,191,5,12.399364,721
2463,614,10,19.717997,237
1480,542,16,7.535979,694
345,4,19,14.889924,204
188,1592,15,6.797744,798
1775,1234,12,15.168193,988
351,18,6,0.490492,1192
1232,992,16,17.899386,457
1637,2354,5,6.472712,289
1997,621,17,2.290850,1180
1944,956,13,10.329620,577
187,2380,20,18.245522,529
262,829,5,10.963620,1114
988,188,9,9.166552,500
815,228,16,8.903900,1077
1469,1113,17,11.311899,1121
1755,2333,20,2.748572,730
458,2168,15,11.787101,1127
2156,163,5,11.691525,328
1905,1608,20,18.133396,204
2213,2233,16,17.185734,1105
1763,578,8,4.633142,385
327,1090,10,4.153902,193
24,2362,13,10.103211,202
53,766,15,18.170092,283
1339,83,5,11.840769,931
326,298,20,9.535075,594
58,302,19,0.696656,108
1197,661,17,18.931139,409
2132,649,15,0.127132,352
1400,649,14,4.662143,796
1057,2236,14,15.823702,1058
84,440,6,2.538711,873
1928,144,6,19.315623,396
350,2014,14,5.443150,1068
468,1333,18,8.932240,979
246,1140,19,17.192387,1192
2160,1182,6,17.081241,485
2281,1753,12,16.135290,1178
981,848,15,0.431027,392
69,646,6,6.188209,716
1156,1547,6,7.799375,564
707,544,11,0.077691,1071
582,1051,12,16.110573,1017
1383,742,5,17.016277,604
1181,1976,18,12.507197,295
1154,2041,20,1.654964,824
52,1302,5,10.786375,564
525,1735,20,17.026737,1043
1749,1564,9,11.951576,158
1760,945,19,15.464695,250
445,1860,17,3.539673,857
583,1630,17,16.472467,835
1273,315,16,11.183992,643
710,50,19,19.420621,364
1283,1971,20,4.800988,1090
341,810,12,4.014671,709
82,1336,11,17.218357,566
24,834,17,2.535724,162
1225,1106,12,4.836390,222
1564,260,16,3.234581,934
1955,125,20,5.206909,670
85,1165,12,16.815983,1004
83,1071,6,7.613709,626
538,1986,9,0.049765,890
1557,499,14,6.465589,1199
1501,329,16,16.812987,357
1398,296,19,15.011852,851
275,22,12,4.814757,1053
865,1511,5,6.101883,911
954,1226,15,9.866512,605
2112,1264,13,12.396191,440
1627,2234,7,20.454681,876
920,2064,10,0.557853,379
782,828,10,3.816428,231
1384,383,16,0.950973,600
543,756,7,4.171658,186
1081,2056,19,15.261987,860
1559,869,11,12.239249,656
2148,804,5,16.709279,961
782,1392,19,13.139033,1182
2067,1656,20,20.335812,173
1771,2279,19,14.216814,1199
2029,602,19,15.109122,477
640,1237,15,10.237578,535
649,1264,20,19.458435,508
1406,479,17,5.585782,942
2074,784,7,20.271416,916
1352,804,5,9.655568,611
1029,1760,6,9.084619,581
437,296,18,18.883079,308
2423,1047,20,2.369845,1008
2423,1472,7,3.811192,1123
235,2292,20,3.628076,314
2074,1296,5,16.298394,716
284,930,17,9.617762,1052
376,1264,15,16.334809,335
1725,1535,19,15.110197,848
1072,345,13,12.437501,801
1564,401,9,11.209446,629
1626,1731,12,4.505567,783
1769,2006,12,8.888364,969
611,37,6,10.300784,360
634,705,11,15.255389,963
1811,643,19,4.079176,158
1654,1153,15,3.290127,708
424,260,7,14.219843,332
883,832,13,4.496545,405
1338,2226,20,1.506570,777
1693,2445,9,19.589542,104
2424,2312,9,18.996580,718
343,172,18,5.952069,521
2096,1050,6,13.390949,784
1699,2046,16,14.186178,133
161,257,5,10.330280,1194
1513,280,13,2.643132,982
613,2185,10,2.728894,1184
2490,2466,10,4.128294,475
1620,407,7,14.789788,1189
2008,1955,14,12.376912,308
866,346,19,13.308183,865
2237,1450,8,13.820053,780
800,1958,9,17.247298,635
291,2066,15,3.246019,902
43,2337,7,17.349225,570
651,751,7,19.553807,844
1813,497,5,14.031747,360
573,1212,11,16.712363,956
2461,1588,15,16.401270,310
1860,621,13,3.483441,139
1455,912,17,2.934099,483
798,622,16,4.067504,650
1813,304,8,8.057112,252
214,311,13,17.285153,982
1750,2276,7,7.608219,1187
1133,1134,8,15.702932,667
2037,58,8,7.957599,370
1786,889,17,17.231533,626
1581,898,7,15.574409,141
1782,660,18,20.485671,581
460,1570,19,8.532471,1156
1607,1720,14,17.894110,1058
25,1331,19,12.680914,185
697,528,19,17.318603,293
1095,2056,8,7.938722,803
2434,42,10,6.999014,590
1464,1869,9,18.730140,1031
2452,491,5,16.363438,366
2430,2482,12,11.852070,1004
1252,633,6,5.337716,383
2363,369,9,4.549554,376
125,1199,12,3.647836,695
1462,1750,12,10.191794,742
2466,569,5,11.274322,823
1502,139,19,5.023553,509
2288,1520,19,15.529123,251
1879,278,6,3.869317,801
1745,1416,14,17.776369,951
184,141,9,0.009499,338
950,1535,11,7.009780,957
767,603,12,15.120262,1045
1571,2057,19,3.282557,334
301,266,14,8.588886,1200
215,1086,11,1.323348,1100
650,1273,11,4.094488,420
928,1807,5,2.930924,1176
1144,1828,15,3.106643,156
649,1661,7,7.454617,217
187,604,14,16.081918,576
570,586,12,3.154152,754
313,698,16,17.161852,957
2361,1986,9,1.244650,1103
1375,2208,9,15.396863,321
1750,2244,14,19.515798,834
482,1030,5,5.401440,777
1986,149,9,18.649996,178
469,2051,5,19.962752,392
1600,2032,15,16.237959,569
2293,850,11,3.179844,614
2075,994,10,1.587564,967
112,1519,17,10.065035,114
2189,939,16,11.600374,414
2321,2316,16,10.151653,212
217,1206,12,8.461518,586
1295,2397,10,11.713707,287
21,1186,15,20.264083,548
1496,1580,19,19.142247,798
76,1650,7,0.249589,644
1871,2452,5,2.565236,234
2246,1364,15,19.328255,885
720,1618,8,15.263856,884
2055,446,8,2.729354,970
1250,547,14,5.233354,218
624,921,15,4.365357,1101
2180,2027,12,19.273935,105
1796,1401,8,19.818415,1015
1661,598,7,7.485387,733
929,398,8,4.425614,471
654,432,12,8.007632,764
961,1722,19,10.264112,852
1247,2263,9,14.005649,243
494,1060,6,10.378773,1093
997,1817,20,0.825703,152
2352,2036,16,8.141869,1006
1222,468,14,19.458760,501
942,1871,15,9.450691,345
2301,339,18,13.036252,383
1611,431,11,17.798781,946
2497,200,18,20.463090,213
852,47,9,15.892996,868
432,2186,17,9.560600,183
992,1549,14,16.933734,308
1316,2133,18,13.436416,179
1772,757,18,10.935856,526
942,854,5,13.433350,178
2398,668,10,4.585421,414
351,1583,5,12.382287,280
2303,725,6,8.567839,637
205,135,18,14.287525,397
2223,1312,6,12.036867,938
1397,835,16,12.662068,420
2275,159,20,4.144813,807
1698,1812,17,19.152383,444
327,1320,9,3.839986,639
1365,920,6,16.626922,116
255,1441,12,17.657076,676
2295,708,18,9.803900,835
2280,1971,18,0.639480,419
2005,497,8,8.093989,237
1010,2354,8,1.236581,915
2463,2130,5,9.280086,716
1158,1183,13,6.881161,465
2490,2441,13,11.220411,1188
436,976,6,5.068068,730
1335,1588,13,4.217775,412
515,1739,10,11.238912,411
2089,2078,18,19.170029,821
1935,596,20,5.907099,898
2153,2163,17,4.879137,346
2464,2251,15,15.460610,490
2287,1036,8,18.024255,1185
1669,2236,19,5.043947,481
2063,2374,8,14.220603,455
1062,979,18,1.245205,745
611,2292,13,15.756487,687
1722,874,18,4.682857,136
902,1036,11,11.433264,1045
1417,233,5,1.680083,960
1779,134,10,14.797677,793
1856,1636,13,7.009150,744
1131,1351,12,14.589053,278
1873,21,9,14.829363,1177
816,1374,19,4.284945,566
1122,801,20,14.900284,421
165,1066,5,11.447440,390
1999,561,5,1.820438,309
2165,163,9,9.110890,597
1549,1222,20,5.012491,198
101,2326,19,0.638852,445
1780,564,11,20.156365,887
1396,2008,6,18.995589,219
2105,39,17,12.375894,1158
946,1837,12,19.667215,639
2273,1113,14,0.097909,455
2356,462,15,2.026013,1116
2006,346,15,15.091953,123
2307,1170,19,10.562098,760
165,2494,12,15.056258,1198
1533,799,10,16.332008,1103
1042,2241,19,12.712700,628
1797,331,16,17.662302,692
762,1702,5,9.138399,349
835,2373,13,4.297833,404
333,1085,19,4.733906,236
1578,869,15,10.676170,363
451,777,18,15.409292,1127
1471,157,5,9.821974,1199
671,2079,16,5.570113,297
139,1958,11,20.355514,120
1209,2427,20,1.905141,908
398,379,20,9.271392,164
327,719,15,19.742515,276
1900,1958,20,12.914192,256
1958,377,12,19.940721,225
1886,639,18,19.327173,105
115,2304,12,10.462180,166
1105,424,18,3.530641,518
2189,2038,18,10.866707,834
677,461,14,15.271181,741
985,583,9,11.054672,206
1239,503,10,14.298199,636
1784,2344,9,3.649160,305
795,1734,16,8.414177,544
940,2316,9,18.370754,966
1096,2060,19,7.013786,1163
888,1459,9,2.141999,794
956,31,19,18.509647,151
89,892,8,7.191740,234
1360,1233,9,11.920510,1126
1407,2073,5,6.157187,880
1923,636,10,2.168773,1066
2466,2243,5,0.946182,1124
311,319,12,15.537250,920
1515,1363,14,7.609689,973
2210,1181,11,16.740031,708
1362,1628,8,11.391993,125
1610,38,8,18.256656,120
570,468,7,8.172193,591
924,1923,17,16.952993,920
936,436,19,1.419907,457
1236,1826,19,15.416602,297
1805,840,20,1.985058,463
166,2373,15,9.337100,587
2334,1639,18,11.604921,581
2146,915,8,16.732066,154
304,298,19,16.878161,895
1055,1927,14,15.549884,119
1375,631,10,0.156879,1137
2476,47,19,13.123279,209
866,2349,19,7.680000,149
1119,467,18,5.185233,1194
918,185,8,19.740894,543
132,709,12,16.782930,634
284,1596,15,5.376539,367
2431,1379,14,6.398471,989
980,2357,15,11.547519,1041
1653,1447,7,1.725820,736
1338,847,9,8.061560,1194
2157,651,17,6.612865,1149
435,1598,16,2.018753,474
2125,2455,6,16.958215,728
1684,1139,7,14.066424,370
2177,1406,6,0.675996,941
1293,1340,14,12.192682,621
2068,1354,13,20.250215,1146
647,1918,15,20.292048,731
2260,334,20,7.393790,794
2074,1126,12,0.768915,186
1180,2160,16,18.822286,298
1503,514,7,17.719382,908
1431,1523,18,4.938599,301
1655,799,5,20.342435,850
870,868,11,7.110495,1166
176,205,9,3.953408,598
1583,1840,11,19.329589,793
2410,389,8,15.338561,611
583,566,20,9.349748,1124
1874,2297,11,14.207294,625
1632,2015,18,3.135942,525
125,1010,6,11.406646,1053
1041,46,16,0.275753,145
1577,1159,11,19.607729,247
2440,722,15,4.758993,520
25,763,11,4.756675,733
72,907,16,15.350216,419
1407,1355,18,19.376358,1030
466,583,18,3.219042,1190
540,2113,12,2.303350,605
2130,567,10,5.345864,191
409,168,12,7.877966,715
156,203,8,2.965101,1156
1123,1082,13,3.783622,215
1104,1636,5,10.308800,1177
1618,473,19,3.650552,255
2091,2129,14,6.015801,973
2149,1530,6,11.691488,689
2309,2410,10,3.096799,1018
1121,1006,18,1.077958,702
1403,2143,13,4.952901,1077
959,112,20,2.115596,1162
805,1331,15,10.232232,1144
219,1262,16,10.441217,129
2157,861,5,0.936952,1043
1050,1900,5,1.651840,206
1503,278,15,2.604769,961
1528,1564,17,14.581970,397
1314,2039,17,1.638490,415
114,1190,9,17.852280,1150
2240,1648,19,19.610695,356
731,2395,14,19.116290,173
1936,2125,5,0.375436,936
777,1757,16,17.140951,1026
1420,2174,19,13.088007,723
1696,1633,11,2.111175,1031
2406,1541,20,15.030763,254
1090,79,10,0.550981,195
693,1896,8,16.696082,924
2030,1,12,6.701608,877
2304,326,14,14.140095,1178
1972,1674,9,16.515356,1040
1848,2258,11,7.026494,370
993,1850,17,5.576628,1091
1803,511,14,16.520939,725
1305,1481,17,5.494097,469
1442,1322,20,15.604172,1066
673,62,8,19.724957,1143
878,181,15,18.650033,1170
2467,1312,8,2.552016,783
1968,600,10,20.382809,523
332,1858,9,6.262230,339
2250,2462,16,3.141947,523
129,929,12,16.955645,931
548,375,19,2.419455,278
1236,2440,9,2.253174,1024
1430,1164,9,5.737220,253
593,1961,11,6.754905,124
1595,1423,14,7.686441,1167
1019,1692,19,8.482160,398
1086,604,10,19.934618,372
1882,85,11,4.070002,969
2063,257,18,16.717895,349
1518,123,19,7.841702,933
52,863,19,13.118034,499
2335,1483,15,15.216736,1137
1915,2436,17,8.681223,131
695,1332,6,1.540213,856
2142,990,11,0.128634,922
956,1248,17,9.587077,760
1070,1879,14,19.388612,187
1067,2407,17,13.125058,1066
1758,92,20,1.273810,570
998,136,18,5.728354,921
1267,1372,14,0.622875,509
424,132,19,10.882565,155
1014,2294,5,3.600972,545
312,1678,16,12.142584,790
825,1074,11,0.726252,615
999,754,11,8.839247,482
2147,114,19,14.421721,981
1986,1695,12,10.978801,991
1942,2157,14,3.005094,125
263,11,15,10.967203,251
1954,1147,20,19.779197,1097
692,473,15,8.282082,730
2257,942,14,10.128167,1107
933,885,6,8.754314,662
1031,462,11,4.803433,370
1120,1484,13,9.664985,666
2245,1585,7,16.114620,437
1429,757,5,15.246011,157
1844,1322,7,12.592903,869
692,1612,16,12.020077,396
1495,230,12,17.719545,211
1026,613,10,18.709103,1056
2353,1114,19,17.259229,761
2133,937,19,13.392231,997
1181,2133,19,7.868306,154
2102,1375,5,11.094414,102
1943,803,9,8.963746,320
212,1138,17,14.044162,259
1080,744,9,18.072642,702
692,1409,19,5.732763,123
8,139,6,14.278281,765
1444,1754,10,7.207274,1085
1520,1395,13,15.585831,1189
2339,1405,13,0.941255,1132
1725,1148,14,8.861239,556
1515,702,13,19.289289,448
1561,707,16,18.278078,687
376,2411,17,19.676785,1033
1159,2243,13,14.930105,837
1928,2032,9,12.717753,474
403,1951,10,18.077212,761
1809,2085,14,15.072252,1153
181,39,10,19.635429,168
1132,686,14,3.892239,1196
141,1921,15,3.327220,726
384,1957,20,1.762293,868
2463,1965,12,1.742823,1122
1309,1824,9,5.002038,1046
764,187,17,0.817215,406
671,951,16,15.893680,554
793,183,18,0.851436,777
1867,278,13,18.219272,730
401,263,18,5.643439,838
1797,1249,9,17.674750,885
1561,734,18,13.183079,659
1065,1538,8,3.663514,195
1982,2339,13,1.128237,924
567,1444,12,15.403470,213
114,59,16,4.457366,536
982,380,17,15.190450,1019
2496,130,15,8.035070,1094
2057,1578,16,16.414334,173
1011,1181,17,10.972500,830
1951,1053,19,7.260722,1070
1579,1641,20,8.296409,1183
2277,2126,12,19.648321,534
679,734,19,13.320663,490
342,1446,9,4.687627,117
1787,236,7,10.096724,561
1051,3,14,11.249672,726
2444,503,7,15.931399,1070
619,1647,10,4.239978,989
1348,2098,18,14.863863,1028
1545,1092,19,19.454806,969
1305,2096,9,2.021742,381
1372,750,13,19.881160,1043
1596,2392,17,19.072965,948
2469,1392,14,18.112198,329
1088,202,10,5.244950,913
493,1127,14,12.939367,550
381,224,6,8.841303,730
444,2162,13,9.111171,557
1075,2467,13,3.361660,978
583,455,11,6.258804,324
1008,1682,8,16.764643,492
259,980,8,5.497788,1067
390,1266,6,18.106079,160
419,2139,9,5.260009,295
1166,710,18,20.462692,532
1224,2249,20,4.392201,834
2205,722,8,19.292195,170
768,228,19,4.895418,989
1568,1406,5,1.785655,534
2278,254,13,15.500073,1148
1120,1836,11,19.677002,214
1121,1822,20,5.380036,963
453,427,19,7.615678,382
2290,1632,20,0.469694,596
881,998,7,0.337897,969
445,1816,6,16.077890,1038
1498,1547,7,3.131940,716
986,98,20,0.228552,865
691,1016,7,20.127780,112
2213,1805,18,7.609945,306
233,1999,7,5.894227,913
1397,1349,19,9.294937,502
2277,899,18,11.164782,627
443,655,18,10.177647,941
1672,1433,13,8.008350,1115
2164,852,7,9.152430,934
546,1659,15,7.897253,461
1112,878,13,0.825765,947
1942,251,17,4.989924,754
2420,1865,8,13.570430,266
616,923,10,19.491440,826
1238,1525,16,19.732499,803
1702,1852,7,12.920094,436
1478,1172,10,6.483037,624
1617,239,13,7.709874,1099
735,489,9,4.745534,122
199,1573,19,10.512525,535
856,2051,11,11.261835,552
1325,741,19,19.745793,1164
1170,749,14,13.093538,277
1345,871,20,17.457407,649
1929,2143,19,4.395127,473
2208,2459,10,7.606761,338
608,2452,10,3.856688,120
954,1254,9,10.892734,606
1331,1898,18,3.456741,1059
472,1773,13,8.880386,797
2178,1060,12,3.549832,950
1886,2331,14,1.842048,939
2445,2043,13,6.678216,1157
1557,1546,6,3.635332,593
1999,2419,15,20.193624,351
595,1139,20,16.249102,842
46,2251,15,9.152377,792
837,2491,20,16.100402,873
2466,1027,18,14.094833,1133
2349,119,8,14.653634,175
466,2158,14,14.695828,794
373,220,10,12.572264,777
1007,2077,9,20.092081,585
293,179,13,4.446153,762
1969,205,18,16.816978,1014
305,1847,6,16.904935,491
1178,1432,5,0.177058,988
1996,859,5,0.437969,251
1760,198,10,15.287183,982
1085,2171,13,17.848621,205
2255,1533,19,8.644394,1097
286,1493,13,19.352578,872
1707,1190,7,18.177191,936
1466,323,12,9.319745,238
2171,2052,18,14.015794,213
1611,1567,8,15.846358,657
831,2455,13,18.483261,1140
1949,1026,17,2.002713,1089
648,1767,5,7.103107,744
1667,1348,5,9.914823,648
278,1751,12,14.707385,581
675,1082,7,20.323339,1080
376,686,5,8.338938,340
1412,2170,6,4.050793,510
2053,691,13,0.046403,644
68,1447,6,16.997859,319
1319,2270,14,5.592195,321
1036,633,18,18.164204,598
2417,2250,7,7.021968,338
1840,100,16,4.457247,1197
85,2325,8,14.094695,214
1952,1191,13,10.776783,845
159,1563,5,7.863235,461
1755,82,8,11.286062,875
442,1726,5,14.387476,694
1525,2110,13,3.411397,997
1841,2408,18,4.853688,588
380,1080,17,3.192401,364
2004,1731,17,13.894987,890
1854,1146,15,11.057344,812
551,529,14,6.668047,811
461,1493,19,19.645776,938
2482,2174,11,11.444377,1112
146,2001,11,16.721765,1167
1309,660,20,20.048965,602
939,34,14,5.575533,1027
2235,1455,13,19.424906,751
1352,1134,18,2.820394,524
277,1996,13,17.341682,186
125,748,10,5.240755,393
120,1603,19,18.608574,293
942,271,13,8.929349,658
2120,2315,12,19.935471,964
836,1792,5,4.309963,518
55,1861,19,10.250187,554
288,2433,14,5.320529,235
1564,1629,10,5.407699,122
868,1827,8,9.382288,359
259,2349,11,4.013220,574
296,1198,8,4.239807,455
537,647,6,4.501684,1125
502,1111,11,15.251020,481
1172,1077,17,5.062440,1198
1790,725,20,3.763605,1019
2405,1191,8,19.656311,227
2461,1517,5,5.164721,708
2327,1079,12,10.845213,1150
793,1068,20,6.361463,108
1697,275,15,6.117127,666
125,1130,16,17.641840,718
2398,1032,19,9.986470,304
1549,1398,5,6.384992,889
542,1858,12,9.380999,1024
568,715,16,17.612220,534
334,2450,17,5.215310,794
1255,604,11,14.925408,296
347,1311,7,14.534250,1091
201,1978,12,6.075726,634
1780,2268,19,3.185314,221
344,2101,13,17.882925,958
533,1312,5,6.840093,1036
262,1977,14,13.796570,1136
716,875,13,9.983260,1186
1176,471,6,15.403788,424
1807,1638,7,19.332800,999
2337,1872,5,6.137242,938
644,1491,16,5.036035,1077
2462,1251,18,2.197564,270
1057,2494,15,17.437963,737
1273,2180,20,18.763900,394
1706,807,7,7.058589,285
1717,443,19,9.900844,126
2375,428,16,6.430065,1131
832,1115,17,1.824330,1147
791,1397,20,11.086393,998
1066,762,7,12.266971,1189
2252,711,7,9.428582,1024
2453,1207,9,1.321661,939
2435,102,14,13.724700,391
947,215,15,5.315155,980
247,1405,7,4.859719,236
1828,440,15,1.430948,837
1373,1565,19,9.647222,749
1191,553,13,13.768016,690
679,438,10,5.729196,455
2261,555,7,2.699041,261
1724,224,18,12.350161,1138
2281,1835,13,4.349170,151
465,591,9,7.658852,197
1682,2430,15,19.737646,423
658,2070,15,7.914627,1061
1303,1677,15,9.143782,388
345,1161,14,17.181437,443
79,31,5,12.457020,1137
2034,2163,12,17.174402,711
1802,1554,8,16.066391,433
683,2025,5,4.455733,358
1459,1681,5,4.133981,528
930,259,8,0.037565,133
776,2179,12,17.037595,107
1340,616,6,2.298298,1158
1835,1855,11,11.547292,680
434,2472,14,8.496704,535
1145,492,13,16.405469,1120
580,1507,18,6.585855,572
1546,2006,8,15.415452,686
1291,1424,17,4.492406,761
406,316,16,5.705103,756
270,2073,11,1.548940,410
492,113,9,6.447950,345
1008,83,5,12.266191,744
296,2269,14,14.120675,250
1973,1412,18,15.528137,367
1278,1444,15,13.763925,649
1843,1654,6,12.788420,1073
663,1025,10,18.379695,433
2260,1220,6,17.833159,689
1984,2070,15,7.598688,815
620,1772,18,15.255955,1039
2087,369,16,10.701029,268
919,1675,13,6.522271,1148
1040,2247,18,18.167858,747
273,1237,15,3.432439,1189
837,2078,14,6.041130,362
1257,2159,9,6.985314,170
676,935,14,5.889302,1141
4,1166,5,10.802480,105
280,1431,20,18.255126,132
589,177,9,15.079733,595
2181,346,20,4.285003,289
1746,685,19,3.168981,1105
2081,2083,6,9.515252,1087
2297,932,7,9.724193,140
1174,1206,20,13.754672,174
1123,882,7,10.002539,951
1952,1957,18,10.558958,798
106,2143,10,11.653664,581
2152,705,5,17.403952,447
671,594,8,18.212192,837
771,1973,9,3.976052,1013
1043,1662,7,4.036688,784
1806,1051,15,14.797035,304
790,666,8,15.904059,571
1991,1568,20,16.521011,239
992,2206,19,2.468109,799
1151,1161,9,12.647674,826
595,849,10,18.148072,435
857,553,13,14.482968,979
1379,2414,20,8.537241,143
593,267,9,0.322315,633
1881,1485,6,17.683581,567
1842,807,11,5.586608,1065
88,353,14,1.186527,835
122,389,6,0.737685,1091
2021,936,16,6.342303,276
2402,1937,8,14.529466,1102
1187,376,9,12.397962,996
2368,1007,11,8.852922,231
2120,1492,14,5.284193,672
2157,382,15,15.932783,327
2304,18,16,14.211052,304
30,1899,17,13.119613,859
1471,1181,8,9.966387,561
543,516,17,4.033420,685
2251,1703,20,1.783488,919
150,2033,16,7.736561,403
678,1072,12,8.328965,924
1320,1247,12,3.893737,935
1949,1569,18,7.389565,333
35,1234,10,20.172984,357
481,390,10,5.682093,264
167,364,6,16.624638,428
904,1305,5,0.777955,690
1410,274,17,6.105905,816
146,267,18,7.135488,449
740,1780,5,17.080413,416
668,689,12,13.188292,947
934,930,16,2.381101,660
1740,1858,6,5.537848,594
1591,2060,15,9.757505,176
1156,1788,19,19.284668,266
1881,997,7,16.907308,528
349,2368,11,8.647491,674
1321,2083,13,5.615376,970
1625,660,16,7.447671,341
182,669,18,19.202598,750
1027,1638,20,2.149916,655
2188,725,14,14.352026,682
1756,1374,7,1.594826,1112
1463,2307,5,1.712794,357
134,277,12,4.871007,322
1633,2358,13,5.409376,632
1794,1245,6,14.589423,1055
1035,685,8,0.219452,392
1833,285,6,15.342599,1042
1372,114,17,13.051394,806
738,1097,15,5.352827,199
708,616,12,12.454372,1185
67,1403,17,0.206409,1127
2114,2334,16,1.654302,1023
2443,1162,6,20.489753,510
2098,2210,11,8.962854,399
616,842,6,15.234859,1188
1002,56,16,14.086961,279
2172,1567,16,7.074116,628
112,1877,14,19.264401,126
878,1262,6,4.260614,1038
2430,1318,7,12.931978,702
45,1702,17,1.620729,685
1348,546,5,4.867309,1022
571,1532,16,8.943546,405
351,2080,18,10.911619,171
874,527,5,14.029565,644
2306,1864,18,3.182960,1087
1066,1390,7,2.301664,1122
479,2365,15,5.095189,914
113,87,14,7.416473,138
480,289,14,14.870739,402
340,734,12,16.264124,223
1106,516,6,14.037626,131
2066,642,7,9.815946,141
57,502,6,16.865880,293
330,1780,12,12.050750,1008
15,221,9,3.256010,1074
1022,2357,16,9.576042,583
1180,1470,15,5.054661,232
2270,1084,12,16.070990,179
1500,434,16,19.116008,1183
1099,344,9,15.449398,114
2029,521,20,15.548093,646
1262,2349,20,19.365454,414
580,1235,5,0.933779,1003
1287,945,19,0.229496,889
817,1335,9,3.877846,419
347,1709,19,9.565789,690
1487,1094,5,1.576133,151
1226,1272,17,8.386223,920
863,715,10,5.261346,379
2461,1511,18,1.737890,507
2431,1056,16,1.492659,494
2232,1599,8,1.326549,1155
83,259,16,7.382396,161
742,1409,6,7.551759,183
2189,2175,13,0.889463,614
781,1879,9,6.937725,802
2449,1726,12,17.409414,794
1777,2372,20,10.027950,264
2118,652,9,15.999763,318
2462,1915,11,12.611397,927
132,729,17,14.229475,222
1494,1591,14,16.660050,915
2441,2203,10,8.633373,155
1171,1961,9,7.562111,1181
2020,2053,18,19.523399,365
1698,103,5,13.314126,685
1925,1861,9,3.464739,243
296,1952,20,17.874253,447
862,2016,13,3.134283,219
491,1282,12,20.309245,609
497,669,8,2.856223,960
1482,2030,16,18.818176,191
2455,211,5,10.854260,652
1722,280,16,10.391843,528
2321,941,14,2.392208,579
75,39,19,6.727833,766
2061,865,19,8.443559,708
1560,942,18,4.119740,1130
1741,892,18,1.619425,190
448,1111,13,11.022166,758
2061,2137,8,11.670916,384
982,2009,20,17.608341,667
2386,2468,16,15.389146,401
72,2438,10,4.760785,122
2296,1885,5,15.493873,563
811,810,5,13.443481,963
680,1166,12,13.733451,643
796,2013,18,0.742248,613
1350,1995,8,9.402553,1047
615,1523,6,15.213968,1149
1965,164,7,3.208494,707
1165,2144,16,8.356036,343
1615,2398,10,18.607224,565
1364,2244,7,18.209052,1139
549,1289,19,19.758133,649
620,1003,15,4.999998,447
1737,2482,5,1.706063,951
168,2368,20,5.576976,1128
1222,1337,14,2.295167,635
1647,1100,18,19.895128,406
60,1355,19,11.212302,865
2004,2158,13,1.497389,1152
1467,839,13,12.597465,886
2339,1080,6,2.034942,302
1760,1205,17,2.345144,925
2012,2009,20,15.370703,882
1584,476,7,5.713570,730
399,203,17,14.733326,533
1655,438,13,16.489903,629
2482,36,11,19.677219,741
1547,905,20,17.206029,340
227,528,14,19.667292,1182
1723,1681,20,4.602337,755
97,432,19,5.437341,285
469,2219,10,3.130218,623
2303,1034,12,15.648377,1036
249,1671,6,13.806836,903
1704,2331,17,5.334456,363
2345,206,5,19.290120,744
2054,2282,12,11.507838,1011
354,2492,14,17.546480,1055
2031,2374,13,2.069863,585
1347,1805,6,10.457412,259
548,1082,12,9.713603,340
1205,1836,10,4.689274,413
659,1635,9,5.231802,360
2445,1278,8,11.022965,551
711,1902,8,0.168435,924
310,35,11,0.649100,319
200,2396,17,9.840161,986
1650,502,14,10.011722,907
519,1467,6,11.571221,1091
453,1087,5,1.166292,798
1634,918,16,16.740754,178
2237,47,13,1.493286,478
673,455,10,9.211509,525
2091,2414,20,2.651479,327
2213,1485,15,3.951803,240
134,1404,18,18.625079,166
2187,27,17,2.092792,785
137,1082,18,19.844484,701
893,571,20,17.903628,305
1734,2421,17,16.383834,1079
407,68,16,11.317574,192
1322,1021,6,13.946164,1096
1317,278,13,11.806529,916
1120,1257,14,18.329151,980
644,1984,15,16.942369,260
506,1148,19,4.668115,307
1518,764,8,19.721832,602
1813,2355,11,18.396027,193
1007,862,9,10.483692,352
775,1268,19,14.983497,408
1731,2162,15,4.229886,121
2310,576,14,3.016508,276
72,642,8,4.745289,232
1097,595,17,18.027410,416
151,924,13,11.388676,984
935,2484,20,12.658938,1031
1184,2251,14,6.398744,680
1080,2066,11,17.004908,1045
2320,1604,10,15.615000,950
1076,229,13,15.205242,777
392,1069,13,8.242554,350
831,567,14,12.662020,668
1829,1122,17,12.017007,366
459,1264,15,7.261461,750
1669,84,11,18.014591,1193
295,2217,5,7.385125,109
2150,392,5,16.360262,747
257,160,7,9.635991,546
310,2380,18,7.313889,836
73,1184,5,7.477812,252
1644,26,11,14.312713,168
980,2475,16,18.756100,1004
1241,2195,8,1.645652,328
597,104,14,18.617997,589
1328,477,9,1.765504,1137
2243,1298,18,11.847170,416
1837,1457,14,5.157158,442
1127,523,15,9.026195,358
487,995,17,20.049594,207
1606,1848,6,14.031904,654
299,872,10,17.570837,856
1451,251,9,11.550051,898
92,1500,19,3.630551,357
362,1989,13,16.907041,1145
480,2473,9,15.028165,144
388,67,8,18.407285,1157
2364,1160,11,1.404292,327
383,2117,8,2.800485,978
199,2089,13,3.686699,588
1307,1453,14,14.379263,578
829,1232,7,12.767448,781
354,731,20,14.299711,154
2456,348,12,19.475468,935
944,2285,15,4.005053,443
308,2283,11,16.487325,644
2208,1248,20,1.362356,119
539,2414,9,16.809904,1057
80,858,6,9.748586,1155
1807,1529,14,0.280734,213
2347,1777,8,16.673304,782
812,2353,11,10.302425,951
100,2236,17,5.020531,749
44,1632,6,11.402450,963
904,952,18,17.133836,1103
270,1201,15,19.977168,831
2116,2477,8,4.155921,816
487,1678,12,14.131193,474
2096,2150,16,12.057779,703
2336,1268,19,8.387723,888
608,285,6,17.536584,575
1265,1398,7,13.724962,509
2063,957,17,15.415568,535
2207,174,16,13.309613,1151
2027,1826,19,7.280908,219
468,1556,18,13.768895,295
1720,2408,9,12.163777,514
1049,2153,9,14.701128,1117
1904,542,14,2.296234,752
1455,479,18,1.924544,446
1459,995,9,16.904258,983
1028,2284,17,18.424340,905
634,1643,15,13.762879,485
92,1824,11,0.785838,1055
1501,1861,7,18.939763,977
1181,1195,19,9.690894,209
55,1300,8,7.185462,945
1671,2484,9,11.303593,711
1703,1223,17,7.283677,854
1751,1863,8,6.414758,1055
335,210,16,15.093550,1136
585,181,8,1.566661,633
743,148,13,13.783945,238
634,815,20,17.665117,859
740,1216,19,20.263299,1106
77,257,15,20.075957,366
1126,543,16,9.182842,373
464,2097,14,13.008311,297
802,1081,14,6.306241,309
1110,1470,6,1.863181,164
2492,1702,5,2.226834,1109
1686,2220,12,20.172373,1061
1843,1415,18,19.011013,331
723,1149,11,18.896158,480
1540,1875,11,10.616806,329
2466,1918,16,16.331026,812
423,1237,15,12.587964,814
2090,1901,12,7.649797,341
2059,631,14,15.384184,1158
144,443,17,8.475430,305
1121,1389,20,6.241553,839
1483,1174,17,5.621500,824
172,832,7,8.601386,447
2449,114,17,6.107026,167
251,225,7,5.345929,958
1408,1801,18,7.221251,117
1984,99,11,12.429493,1018
2408,970,10,14.774053,578
2340,484,20,19.266359,997
2159,445,19,5.059980,296
2074,1172,17,11.334300,140
1235,838,9,0.249144,384
2387,2486,12,13.744089,1160
581,29,6,15.965527,1096
856,2445,17,13.433321,939
212,539,18,18.500948,1148
2385,1405,16,16.224639,658
1188,264,20,10.459044,1061
1176,455,17,18.880839,1134
566,173,7,1.257581,191
1160,2041,11,13.359858,797
1081,1564,16,10.054049,488
477,1511,6,18.789396,959
2373,189,10,12.465949,529
1713,1875,7,10.966938,944
687,2206,17,4.398227,543
1615,1717,14,8.229331,804
778,446,8,15.629107,141
1128,63,14,17.987865,145
1363,1945,18,7.516769,1018
2173,1289,5,20.108737,849
93,1486,14,6.349115,306
2357,1314,15,18.283541,940
806,618,11,11.895037,343
1638,1727,20,15.941648,468
1917,1864,19,3.391692,876
280,412,16,12.683612,693
259,1787,8,3.586662,509
2238,375,14,13.456703,205
568,1728,9,4.447985,911
2383,308,13,18.567374,232
332,978,19,4.138310,377
744,1802,12,4.069640,367
930,1625,10,15.193323,918
339,867,14,14.284403,244
924,313,16,19.540140,494
1233,1054,7,6.776798,342
2343,1472,16,15.432423,474
61,566,6,5.022211,297
2161,1701,18,12.422231,473
2325,1824,19,13.590860,703
1585,99,8,11.548287,738
2427,2315,19,13.179982,155
745,2015,20,6.144866,818
955,563,13,9.728324,1034
173,973,17,16.611746,779
1322,2276,5,14.598129,930
1704,534,16,1.354683,649
974,947,19,6.746410,254
1930,1815,16,4.722646,931
357,242,5,9.261558,595
999,518,5,16.367941,654
1124,1649,17,19.355091,377
131,2453,5,14.990733,956
1408,1125,5,3.823722,1199
2085,631,14,14.188879,984
2166,1290,6,3.883392,658
49,1274,17,11.980764,190
1277,1337,15,0.109159,897
486,1515,7,15.322721,103
594,2430,11,2.915604,766
1981,2038,17,8.297343,1147
1517,1596,14,12.882751,730
1716,2209,9,18.006723,1141
830,1837,18,8.877854,145
1474,2499,13,2.330609,670
2325,130,20,18.641150,299
80,137,12,11.787911,1200
247,93,7,14.743285,446
2447,713,10,12.984761,125
566,2153,6,15.612145,657
888,2300,14,13.450873,276
2240,1582,6,3.812327,916
1556,2375,6,10.683625,648
587,503,15,3.656343,562
544,720,19,2.702503,538
898,1582,9,2.008016,811
1089,772,5,17.800117,292
744,248,11,0.401065,317
914,2309,5,17.167278,428
1875,1833,13,2.160631,855
1185,608,12,5.312060,970
436,1105,15,15.059629,222
1664,1321,12,13.707086,805
161,1339,10,6.150601,593
1477,1000,18,2.771448,652
856,2278,18,1.309432,682
2366,1322,5,12.729845,847
1039,1188,8,20.493259,405
1945,1657,20,10.615885,613
1555,493,16,18.423008,114
1647,445,5,17.433238,538
239,456,8,1.347882,228
186,10,19,14.212577,705
1210,2131,13,19.826843,404
1226,1653,14,13.724853,813
1155,1149,16,6.042711,172
891,2279,20,9.049129,922
828,2212,6,19.525664,149
1045,447,19,5.020387,418
2239,2346,5,1.342415,357
1352,1019,5,4.647379,585
1334,622,12,10.694623,889
987,2025,8,19.774902,754
56,107,19,10.929368,177
2312,1068,11,7.102059,360
1392,1008,9,15.308002,277
99,75,20,15.761866,683
1064,1723,11,6.691615,365
75,2120,17,5.740501,222
1814,260,15,10.839167,916
2428,644,8,4.531679,611
871,2046,11,8.047719,1163
815,1172,18,20.333420,226
862,484,11,7.145145,1093
2283,114,16,6.384610,815
1909,1203,18,16.178524,309
1684,1891,15,9.063379,739
1843,792,6,5.159504,904
2284,198,19,16.594245,205
62,1080,20,3.927818,1056
1294,1982,7,3.651603,664
1452,794,15,13.139020,920
777,495,9,13.510613,659
1501,1117,8,15.624499,899
2029,1206,8,0.622447,1029
109,992,12,15.284915,1014
523,1964,20,0.213509,861
693,934,14,4.436103,1108
406,1735,8,6.867162,1043
1879,2126,19,15.719973,987
251,1639,10,10.786867,706
1676,281,7,6.800391,299
2161,489,6,2.560246,833
184,651,15,2.326202,416
1661,2071,16,13.469962,904
1161,1842,10,0.495259,869
953,533,17,5.071644,1048
244,1701,19,8.246630,247
1594,1264,19,13.752935,596
2143,1639,6,11.688714,789
613,1837,16,4.085211,1157
2034,1919,6,14.476393,488
1866,1458,10,17.019449,380
1870,949,12,5.976241,1195
1431,114,7,10.425318,304
409,220,16,6.446014,1187
1684,1507,8,14.942084,396
1646,1442,11,0.413433,849
103,1259,7,17.203686,369
1657,1008,16,10.492854,780
281,2242,18,8.200240,1150
2473,2123,9,12.307197,1115
2430,1635,13,5.119846,1141
976,273,7,18.816183,180
730,359,10,9.019121,877
1689,384,9,16.545742,884
684,2318,12,13.538426,856
1942,617,7,2.424797,984
634,1899,16,16.932780,446
1055,1793,20,10.201353,348
671,523,15,4.236653,397
156,2473,6,9.206386,617
759,1133,20,13.692826,123
1074,1864,16,7.608219,593
629,512,20,3.859651,320
2324,670,19,8.153559,1113
998,2406,12,5.364919,353
169,1402,19,10.207617,897
772,494,8,5.054969,374
2202,1455,5,5.362299,197
2164,300,14,18.545880,616
1956,731,6,12.227642,540
1523,2054,18,1.400216,946
1763,2267,15,1.411657,557
435,1069,6,12.515919,1148
2036,64,17,6.818756,425
2335,526,16,11.040413,942
166,1578,20,1.060494,284
812,709,6,16.073794,324
2313,387,11,13.184741,949
2477,2445,14,10.384799,709
575,171,7,9.540466,723
2284,1816,16,9.922424,1157
1644,304,6,1.487572,186
2445,661,8,18.053002,1146
1140,139,7,20.305992,931
2355,2379,11,20.368834,424
1724,1756,15,5.086000,501
1150,1831,7,18.433697,1093
2090,1980,14,1.643408,976
1104,1861,17,11.441527,1011
2155,1112,13,6.876707,595
1869,1801,8,0.621049,1163
1490,1746,17,13.056370,271
1336,232,20,19.132598,1062
1683,1602,19,12.368019,510
908,2165,17,13.870851,653
1011,2252,18,0.351651,984
685,1567,13,13.621204,490
194,407,17,8.258314,470
2340,2212,20,9.278619,653
114,1803,13,19.415395,968
1534,820,9,0.720867,282
1961,516,15,8.342062,185
1126,2401,14,18.935106,1094
1205,285,12,0.607826,473
1252,2290,10,13.724589,565
1213,1249,15,6.259220,629
2249,1191,12,5.211478,743
1917,1142,20,4.558558,572
242,455,18,18.355048,1058
2470,1689,6,3.484185,498
1771,77,18,0.170891,1149
713,2024,12,1.213577,985
1574,1366,18,19.895373,772
324,2431,9,9.278091,880
1298,1062,15,16.742776,573
2361,457,7,10.961523,866
2011,1831,14,19.839296,174
1783,1248,15,4.216983,1027
1322,933,5,18.870060,657
1969,1394,7,8.033908,386
1287,93,18,18.667907,394
1977,955,11,3.365155,314
1987,840,13,9.390561,699
1512,1837,7,11.287994,811
636,1103,18,1.444498,991
1987,2378,5,12.696630,865
1207,2070,19,11.580361,677
1851,2268,20,17.385893,674
2198,2015,6,11.345396,907
283,933,9,0.518090,259
2122,1061,5,7.958496,964
327,2227,8,10.550517,597
239,1104,6,3.212921,123
1391,1205,9,8.922290,597
199,1879,14,19.830466,472
921,629,9,12.486401,254
2254,1259,7,1.098679,149
297,1592,5,13.143361,587
1398,1618,6,9.498286,167
2376,998,11,12.502315,133
2348,1877,10,16.793541,393
1608,2336,8,17.120219,688
1172,1438,15,2.717218,455
2076,1627,6,8.951145,713
2462,1010,15,17.531467,714
2412,2250,7,8.665619,442
2146,822,15,2.162194,1136
2047,1445,18,14.701091,1072
1169,1657,7,4.452525,489
1844,2179,16,4.708894,169
2287,22,12,4.706159,930
2381,2051,20,7.103808,147
1392,682,17,1.747492,374
2282,590,11,5.446356,1010
1152,832,7,12.182017,550
982,1181,20,9.927133,219
1511,1873,8,12.436405,413
1408,161,14,6.961425,225
2004,611,17,11.149054,580
2040,2022,14,3.584568,1069
2228,1222,10,8.158070,805
2405,1268,9,6.218643,1080
1725,1602,7,15.771337,261
2422,486,19,11.192607,229
366,1131,6,3.835735,642
2380,21,18,5.759214,571
1395,1658,15,15.687769,751
985,349,15,17.100474,558
522,2177,10,2.311017,659
177,709,19,7.971559,100
878,1133,11,8.622665,656
1412,2205,10,7.824606,953
2362,1809,8,3.511016,753
1022,1388,19,3.917231,447
1017,484,6,15.183725,235
755,928,6,4.730909,178
1641,1948,11,1.614111,1049
1636,2240,16,15.643739,624
914,929,19,1.127304,485
1102,1593,10,9.664126,652
184,1132,14,9.075417,256
11,1456,16,7.561292,983
1238,933,18,4.553258,951
2277,315,17,16.997375,765
43,2284,7,14.102865,722
2280,817,16,10.367715,780
955,890,6,15.716023,175
1464,2121,5,12.839508,133
1549,2076,14,9.209633,924
1488,1860,8,9.935312,1086
2307,1200,12,17.778677,632
145,1397,13,6.457618,216
1153,214,19,19.236894,503
2076,813,20,1.210511,153
1323,459,6,11.673085,362
1127,659,20,2.983831,554
1000,2159,6,1.006216,892
2465,2449,14,13.972505,248
60,1991,6,5.739979,1159
857,1347,20,20.293680,995
1069,861,13,15.316561,177
1148,1768,6,20.183151,614
594,1126,10,13.256664,1120
2232,2041,12,10.687117,628
698,2254,15,2.724114,1087
1413,647,19,14.192208,384
2333,425,14,15.943137,930
2469,2218,7,13.754221,1063
254,1544,9,14.187016,824
980,2264,15,16.897424,134
1874,1464,7,7.419219,433
2398,1720,20,16.323617,582
1375,198,5,15.636096,1156
45,1068,11,12.305763,189
1383,2329,12,15.330000,566
1831,67,7,19.594971,554
1344,910,7,12.292302,1003
134,1359,8,16.850237,1118
83,1187,14,5.633847,645
1443,890,20,0.723658,982
261,394,7,12.408867,646
2043,1131,20,4.852875,805
630,2304,13,13.841868,293
2080,706,18,11.373917,316
2431,443,5,14.198660,320
829,1754,13,17.172921,148
1918,676,19,7.865008,136
1964,2022,19,6.963043,812
1601,1829,14,1.867972,800
2499,1302,20,15.112304,912
1651,199,6,16.207769,858
825,220,15,1.561473,903
319,289,16,16.874518,516
1706,470,14,7.605037,244
2298,1999,20,15.052936,816
1911,1025,6,13.459652,667
610,1994,14,18.377634,499
2420,598,16,2.145409,860
2264,945,11,19.857038,626
2087,322,10,19.502388,1086
1133,589,18,14.246516,552
1002,1871,5,18.042447,1094
621,575,8,15.407388,622
1644,128,12,15.638540,648
359,1396,10,19.145107,457
1156,1641,17,2.279441,406
905,1469,12,6.667913,902
436,1154,11,6.437556,878
228,1528,10,20.092913,220
1010,2268,13,15.054803,390
2400,766,14,11.768816,533
2071,2287,6,17.085975,805
1241,2093,18,9.489943,757
1298,1741,9,14.605069,194
2324,0,13,16.608143,562
1858,2227,14,2.433793,624
1903,442,6,1.788331,909
1323,326,5,10.597727,771
409,1626,6,2.092362,1070
1938,2110,11,7.889873,992
1060,707,11,13.881709,870
1436,1015,20,4.336407,847
191,1698,8,7.413482,333
492,2376,8,10.637270,341
1727,2436,10,10.046344,635
330,1920,8,17.098440,684
1480,249,9,5.367109,1107
2292,243,10,4.426917,893
1394,119,5,0.738031,1125
2264,330,9,19.966461,259
1787,1365,10,8.855633,613
842,1669,6,13.284269,935
2194,2068,15,3.901977,1090
2242,209,9,2.357421,667
2453,1498,9,14.281831,248
528,370,6,1.039835,670
1307,331,7,18.080755,1173
129,982,9,13.479141,1019
973,883,13,4.390743,716
287,409,16,14.648345,567
1916,674,10,15.585580,1010
746,1592,9,5.915032,834
1785,1201,10,17.302353,1188
1529,1575,6,19.785149,985
838,2216,7,15.632232,1116
614,362,7,1.339219,859
467,695,12,5.786666,314
697,846,15,17.084386,938
2221,2114,15,14.923223,157
581,22,13,5.152986,803
418,1509,12,14.446138,704
321,2113,15,8.682968,757
1006,2354,13,2.894044,984
2183,1689,12,17.184982,858
187,1746,13,4.180057,813
2217,1124,20,6.082677,255
1263,1553,19,7.384023,760
838,1072,9,14.031759,1179
1446,962,11,12.793180,763
809,1272,6,10.055660,772
683,1454,13,2.571492,450
331,1713,14,11.362846,879
499,1583,11,1.846064,1036
2469,1246,5,2.085766,300
223,1301,19,10.960938,332
1773,1194,8,0.406852,321
629,542,8,15.988308,771
527,733,20,2.250590,1000
1291,2344,9,16.366159,774
806,1689,13,17.102677,130
225,2360,14,14.033236,343
1167,1881,19,7.540895,390
24,1014,9,17.145943,879
2216,2390,12,17.493269,457
1560,1245,10,8.668156,1074
1801,1628,6,18.986548,367
1284,1404,8,18.506929,450
1406,2142,5,4.777282,1027
544,280,18,12.729383,103
145,964,8,13.560213,412
320,664,10,16.915447,1175
1716,2465,6,7.496359,918
1075,21,10,16.431971,616
877,734,17,15.409468,305
534,528,13,19.649607,182
1583,178,7,18.718828,804
1343,1924,9,18.734255,718
873,168,10,14.555347,247
1335,1954,8,7.179692,231
1094,1990,13,19.844441,602
1264,1729,17,13.140439,589
1961,2450,10,1.385699,324
279,1146,14,15.194414,387
1079,847,10,6.011097,626
1053,1144,8,8.479911,1068
1724,609,10,17.109814,642
323,6,7,2.967573,1033
1185,34,13,17.021589,252
2463,312,16,14.476442,520
1617,1924,12,10.582533,644
845,2094,10,12.635189,175
291,1167,19,12.532101,337
2292,978,9,6.732602,359
987,1163,13,20.112143,555
1239,632,17,17.994645,726
2193,1733,7,9.933765,569
1964,87,6,9.613978,504
509,803,7,12.618792,865
322,2251,13,3.871141,1020
2456,1327,5,2.075085,389
1473,1374,7,7.814789,444
701,367,14,20.348418,901
1778,53,7,11.907044,117
1365,2303,5,10.341857,336
1322,1803,8,9.567398,556
1935,182,7,13.802153,1037
2224,1742,6,14.039022,185
1794,1561,9,1.078083,315
1590,1571,18,15.040796,624
816,1025,9,18.563116,1002
1692,1947,16,19.050388,470
1535,1984,6,6.965638,183
216,90,11,8.208955,939
2306,1319,17,7.201594,238
2380,1453,17,15.492027,913
587,2295,10,6.446575,884
2440,2030,7,18.197363,636
2025,1236,14,13.273221,669
912,1952,9,17.129919,794
380,1684,10,3.472280,386
463,2477,8,19.935192,1091
1100,1814,18,4.753893,522
1053,2440,10,3.945445,895
807,1538,15,13.711664,323
2116,2015,18,11.342679,832
1008,2492,16,10.876213,162
1614,647,8,8.285502,584
899,1380,16,18.006260,972
142,1376,17,17.274875,784
1241,319,5,0.939479,158
1879,1263,19,8.765537,702
104,47,6,11.559313,195
406,1813,19,0.257162,813
395,1275,18,2.191687,897
847,899,14,15.924887,909
688,1461,6,1.075875,667
1666,411,20,14.999789,885
1346,1120,15,14.616119,1031
488,1737,13,16.809010,515
1348,1281,11,9.617378,143
843,833,9,19.494320,135
897,885,19,19.925195,831
2063,1273,17,4.251671,794
2133,1013,8,12.325915,908
429,2171,9,12.383679,312
1065,1512,9,6.904963,953
325,489,6,6.375627,761
1226,443,11,18.603390,198
1084,2178,20,8.680405,614
977,671,8,2.653011,348
1802,606,13,7.241128,1025
503,1263,7,12.549432,1143
158,96,6,13.903513,441
1662,2020,19,20.118189,887
1273,267,7,18.531219,524
1531,227,13,8.059883,197
1228,2291,18,10.068080,527
1900,2112,20,7.030907,235
683,1173,14,19.686509,366
1729,203,18,11.100630,897
961,908,19,7.045183,1058
367,881,14,19.382742,292
2087,1406,10,1.917695,117
1540,1266,9,6.435852,993
613,501,19,13.776805,744
58,2116,15,3.860508,788
1022,1643,20,7.411339,901
902,1243,18,20.065931,965
2489,2355,9,18.908433,1093
2100,23,20,9.248046,144
1849,823,15,18.471324,1183
517,1770,9,1.979474,1118
1460,1229,18,11.310339,646
382,929,17,5.267635,412
760,1941,7,3.741767,1042
1884,206,14,17.662338,1042
129,2409,8,18.869939,580
1497,305,19,4.808389,564
822,2040,7,12.196465,678
1701,2189,11,18.070615,255
95,2001,5,12.833416,173
2440,1956,7,16.936093,205
125,2132,7,10.375221,618
2309,391,14,19.896378,547
2064,203,14,16.366216,1089
1201,1017,14,8.887371,282
969,1560,20,9.064507,102
1715,2398,18,3.709507,216
864,1795,9,6.733383,1190
315,1574,16,18.002995,250
1706,2240,7,12.760133,690
1794,1659,19,12.550745,1112
214,1460,16,13.965916,324
988,1031,17,20.300944,892
1869,360,17,0.972393,349
2009,1444,8,18.922896,509
289,1481,17,1.527371,158
885,1521,10,11.897861,201
1950,81,14,15.034842,672
1173,1844,7,15.306322,802
1638,208,9,18.715440,780
1512,166,10,20.272750,540
1819,2401,8,16.799319,1186
1991,2029,19,16.051959,701
797,2174,17,1.617018,298
962,1958,16,1.514948,1088
1571,663,7,19.540078,593
2296,181,11,3.099459,748
777,1538,11,12.252112,424
2431,348,9,17.480158,612
94,1709,14,19.687486,251
1590,1057,5,16.385470,1083
401,455,8,15.110101,378
225,959,20,5.140522,906
1433,599,19,17.325532,1120
2167,237,5,11.735412,986
1775,2003,18,17.906852,752
704,745,6,2.679927,182
1047,2217,10,4.028900,135
2442,53,7,3.295398,782
1827,996,5,14.221502,655
594,1945,8,19.323687,1025
914,1629,13,8.924784,664
1602,430,12,8.011590,584
1932,92,6,14.511453,441
377,1901,7,20.126815,920
301,1782,13,0.543469,265
251,828,7,9.761913,376
625,2062,5,14.120689,166
799,1929,9,3.537387,135
480,1740,8,9.005297,1171
1578,1351,6,19.670084,236
1166,352,12,15.242375,168
2428,2059,18,17.173043,785
1298,830,17,14.906061,370
2126,1150,15,2.175145,904
1784,401,17,15.355689,157
1704,1789,5,15.148283,212
1884,890,5,18.542511,832
2451,1050,17,16.650175,124
307,1790,16,5.976526,263
160,1802,12,16.068925,1131
2058,1451,20,3.494013,235
1597,157,5,15.866587,495
765,103,14,12.136261,498
395,2363,13,3.849864,787
683,2043,15,7.235876,1198
640,2370,10,13.006779,496
2113,1737,7,1.978682,298
185,402,9,2.344426,128
1264,359,7,6.510460,463
1839,569,14,7.944133,782
16,723,6,4.327695,792
2353,618,18,9.792172,925
1328,1348,11,3.713403,1075
1355,303,15,11.001288,935
1120,1404,16,16.087143,443
515,751,13,10.771489,1129
1537,1994,7,1.233963,875
2390,1845,12,1.861644,273
1614,387,9,13.104720,446
1632,1411,7,0.446697,1122
1824,272,20,5.675204,823
232,375,12,11.008136,168
411,1627,14,10.926898,959
1789,473,13,18.353045,176
1792,1132,15,6.108381,930
2335,550,9,0.853720,976
2014,630,17,11.964293,218
2049,1154,16,19.990319,840
634,1906,18,1.324174,557
254,11,5,1.991927,481
491,1488,8,14.350951,700
1741,383,15,2.470840,136
2043,719,20,17.905177,297
631,1717,12,9.265019,897
1662,232,13,8.101279,100
462,2040,5,0.186342,1098
2007,1863,8,19.694639,149
1614,2163,15,14.686503,434
1380,1512,14,10.889655,948
1649,2137,9,19.725671,227
71,1790,17,20.057618,414
1895,1616,8,4.060141,471
2440,909,12,7.112513,333
1611,450,7,3.981868,731
54,725,14,11.477705,1174
393,1408,18,1.186084,747
642,892,6,14.742492,851
401,1650,15,17.062390,1004
1047,1791,15,2.113934,294
959,1309,13,16.562623,244
1958,112,9,2.354957,976
361,1432,12,3.677052,428
854,698,14,2.253415,486
1410,2332,17,15.085186,326
241,881,11,14.633084,159
1883,857,9,7.272102,136
1969,855,20,9.280642,917
1098,2342,17,0.279891,1012
1109,1788,16,16.821199,527
1679,2074,19,17.403316,642
1313,295,9,7.072929,465
192,2188,20,17.587537,100
1377,1689,19,20.271189,988
775,2432,20,9.163299,865
2153,2200,7,11.327468,952
291,651,8,9.905512,1146
2417,521,5,5.305384,166
265,419,17,2.579303,864
832,424,12,8.002489,662
840,1736,5,9.147120,878
64,1491,14,17.596795,471
1637,561,6,16.566266,826
988,2222,14,13.683638,756
2400,389,13,2.872024,574
996,1366,16,2.631535,485
295,1800,15,8.065429,440
2355,397,14,18.491383,948
202,229,6,16.406582,1076
1572,534,20,12.383670,697
1225,2309,11,1.593013,480
395,849,14,14.383444,408
2215,762,18,20.402202,573
858,513,17,18.506354,366
1228,284,19,19.286758,1074
2214,430,7,0.056547,1123
736,298,19,0.711287,678
76,2436,13,11.259758,290
2277,580,8,1.692049,209
1796,1663,17,6.246034,685
1542,254,7,0.304974,661
915,1751,8,17.257956,484
1596,2223,16,8.841937,157
292,612,17,14.036685,342
1956,2175,9,2.017069,300
1197,1612,15,19.837648,534
879,315,14,1.690663,1122
1734,1053,9,16.096469,150
333,1207,9,7.188498,667
944,286,14,18.251826,1072
2280,2005,19,11.340621,663
138,281,8,5.167130,324
1451,1967,11,9.617140,588
1069,549,13,5.737242,627
197,935,15,0.337681,232
584,1292,15,12.696853,989
2078,663,20,9.673798,646
834,1681,17,16.444411,1137
365,951,16,15.951814,428
553,2024,8,9.128098,840
1246,1652,13,8.117850,1186
816,2199,12,12.286991,204
2408,307,14,13.983602,844
2391,2310,14,7.986043,754
408,1820,20,16.728296,760
751,820,7,15.812039,152
2101,83,19,6.991340,456
2046,1212,12,2.871883,900
1237,95,12,18.330895,379
1099,1281,16,0.666518,261
716,335,14,11.508238,218
402,2072,11,9.294946,237
979,2201,15,8.229327,877
255,1957,10,3.430669,974
109,1311,9,14.007568,228
1644,2350,14,2.259761,677
571,538,12,2.340289,787
2499,353,17,18.944790,115
1718,1701,7,2.802549,1100
2267,1231,17,2.003994,314
236,154,11,13.844560,1134
241,1375,5,8.943661,102
97,1021,16,14.434603,583
1512,852,11,13.612907,1132
1518,2006,20,3.011746,779
1240,1746,7,15.315031,967
800,477,10,0.417631,978
1746,1999,16,6.681504,993
467,28,7,14.429234,831
1900,18,10,13.574785,326
186,2424,11,19.892612,533
81,2094,6,19.718921,1089
1086,1607,8,13.877054,786
1581,1076,9,11.939144,400
1948,1998,19,12.131750,932
1866,654,6,16.253009,732
923,221,8,12.588395,357
1788,810,15,11.871624,240
1643,579,5,5.392820,212
1548,2108,12,19.532418,588
928,1815,19,4.347585,570
1176,2343,8,7.919961,297
1595,1127,16,1.275999,600
716,91,6,12.451951,738
2451,1537,19,6.046854,174
1568,119,9,7.619796,1026
655,2448,17,6.394981,409
1948,1374,16,1.021810,1182
374,1878,20,7.528528,971
692,1237,6,13.941734,573
1714,1650,5,12.331566,977
1953,920,7,9.871673,833
1272,1050,13,16.246827,822
1361,1804,9,12.210845,1009
948,1568,14,4.752987,707
1048,471,13,18.567345,263
2371,1786,11,15.381629,192
717,823,6,18.324595,486
2373,761,17,17.632264,800
1386,1462,10,14.238161,846
261,335,16,10.167913,340
929,665,15,15.870093,626
2498,2194,7,5.537804,143
1622,302,19,11.570826,464
418,1925,15,18.289236,138
2369,38,10,13.174831,302
1910,113,19,14.020569,780
1724,1079,10,17.712366,559
528,144,16,4.535980,200
2107,801,19,15.274334,1003
2176,2089,10,13.731355,309
2286,627,6,9.220695,263
1577,1597,12,3.302541,1103
1265,1469,17,17.927844,888
119,1991,15,17.774849,583
455,1572,6,18.009694,809
490,2187,19,11.649337,1147
2083,708,9,4.856936,768
768,1289,18,0.764996,1064
2404,719,14,14.343746,952
506,1052,19,0.162921,185
1418,1678,8,0.233551,616
2328,1921,11,18.243076,715
1283,1025,6,4.698201,238
1292,1645,8,14.754639,1072
2386,1114,6,13.560845,704
875,1307,8,13.545893,1193
559,1425,9,17.281183,271
2357,569,14,18.225612,1030
2153,1930,7,7.699074,1060
2187,2474,5,16.492913,268
1477,977,16,10.574928,177
2100,2434,20,8.207167,1092
76,166,13,18.872087,1165
936,2320,17,1.394112,189
101,2181,6,2.982145,1105
552,1868,6,12.346335,1120
1981,153,9,2.572654,1107
609,301,10,15.366103,446
699,673,15,10.436863,780
1843,1417,10,13.105186,511
2253,1962,18,17.810667,891
577,770,18,8.972833,218
2383,396,18,14.405107,715
2204,512,17,16.645104,145
2306,1402,9,15.122803,1173
277,2364,8,2.071178,1081
1468,1460,16,12.779026,1186
1213,599,9,12.563272,751
1816,1171,13,14.321976,629
773,1342,9,6.776101,430
1828,868,10,18.599588,653
2176,946,8,13.182221,133
1890,2171,18,18.394956,102
1611,1795,14,17.761422,1031
2167,1080,11,1.792197,838
418,1870,16,13.955982,208
2110,833,19,0.756648,501
329,2070,12,6.303807,748
1689,480,8,18.354655,205
613,344,14,6.086365,760
569,911,20,2.981135,1001
634,480,19,20.260471,1037
540,1767,9,11.054882,261
945,1920,13,10.876711,721
620,21,9,11.159811,577
2166,432,14,6.060978,757
125,2192,20,9.703261,911
1967,1707,16,13.301968,1020
1997,2063,20,0.745581,934
780,1990,11,11.350053,591
2319,956,6,18.383763,699
209,1615,8,19.754621,1173
2331,308,13,6.779238,1163
903,1090,14,0.471699,139
1636,1468,13,8.124986,1056
1745,615,5,9.034213,636
2183,1431,10,2.251674,796
1591,346,18,17.853993,167
1568,2092,15,19.611710,791
2363,301,17,12.860348,963
675,2367,13,12.392973,158
1059,1489,10,18.459521,568
2474,712,14,2.825789,192
2178,273,6,12.263490,1096
1032,873,6,14.315415,298
149,2237,12,11.480198,431
21,1409,11,6.866429,220
1319,331,7,15.722418,1067
1415,1898,20,15.899623,1131
1318,373,9,12.456411,1162
1573,5,13,11.543613,153
1294,354,11,7.147730,294
1513,1586,16,12.683025,693
1735,457,20,3.818521,761
94,267,14,19.345869,156
752,2045,9,14.621413,180
326,79,14,16.708625,775
1193,971,5,0.484389,722
401,1004,14,13.156125,887
2211,1118,5,12.959239,466
1069,448,8,8.393518,358
1437,2246,9,9.559491,777
1893,2183,10,7.312678,329
1073,263,14,9.230604,821
1021,1069,19,5.979664,322
560,461,14,19.581355,610
792,519,9,16.632193,610
1588,276,7,17.676055,992
1080,1219,18,8.359446,1041
2280,2330,18,1.083157,893
2435,793,18,2.959698,766
2332,2,5,17.995348,495
2313,729,16,14.722022,406
983,2131,11,16.410493,260
1611,1878,12,17.198601,1165
575,793,5,5.066406,906
951,1264,15,11.414654,912
999,185,20,5.983947,213
930,905,18,4.094246,521
624,1421,7,7.964230,140
463,720,15,16.441061,707
450,844,18,1.783388,933
1515,677,15,2.632538,347
2499,240,11,0.160696,595
1515,636,10,12.034742,798
1372,963,11,2.324671,221
848,2207,18,19.225158,793
1854,2101,8,1.614522,1001
1311,2456,7,0.927180,348
1089,1724,8,17.617170,546
2407,1881,7,12.605561,146
1881,675,15,3.684773,256
1027,1991,10,9.678555,463
24,1202,10,8.995838,410
302,1687,10,11.285835,1114
1231,2245,11,15.670898,675
1401,1294,5,16.756730,811
1414,473,5,5.294232,414
752,2295,13,15.465228,1020
724,2152,14,6.005059,236
77,211,8,8.625754,558
2271,883,19,4.465994,689
967,1620,5,19.112664,780
658,1498,17,2.751030,795
1745,1968,17,17.013198,1113
750,2499,13,17.560527,841
706,474,12,9.026465,832
77,1054,18,1.604187,479
50,1577,16,8.483220,474
10,1216,13,1.427618,370
1057,1325,10,15.491227,521
592,1853,10,6.818217,710
2292,134,15,4.490100,913
2310,295,19,14.619112,259
173,1841,7,18.130772,188
614,1125,5,11.466442,156
508,177,5,16.642827,1035
713,1948,15,19.064720,199
904,96,19,16.986569,1167
922,1344,6,16.458258,961
1391,558,15,14.694526,1195
362,1133,14,7.546360,158
89,1310,15,19.390524,925
1288,736,7,10.349887,542
2037,260,8,19.221967,272
2171,688,17,13.315009,426
2351,2312,7,18.130798,479
1582,849,11,1.354533,210
1988,2255,10,20.175117,199
2036,1603,5,12.292709,438
1515,1686,16,1.285834,974
2092,1540,10,13.865258,999
2062,65,15,8.882501,449
1718,2469,5,20.289052,942
366,755,16,5.047720,984
1663,879,20,2.727742,715
1860,1593,5,9.341253,395
2395,1753,18,19.441887,1116
868,1873,13,6.320216,537
1573,1683,17,6.408347,1195
1728,1873,8,18.106311,560
871,1635,6,4.080031,786
1157,526,10,5.699540,148
2426,587,7,14.955723,267
2415,874,14,6.850387,666
2307,514,13,3.477286,577
2088,1715,7,12.570841,1190
293,2402,20,16.735767,103
370,194,9,17.170736,1141
26,1583,17,11.335698,567
736,36,19,16.128743,1179
76,671,13,12.226930,868
922,983,7,2.829333,120
329,960,11,4.127887,809
2356,1372,11,13.755802,980
1141,30,6,5.918336,202
538,1708,5,8.066915,1197
2209,1045,18,10.393961,150
276,488,12,18.723268,1127
207,703,16,13.647441,241
670,2218,17,1.891552,241
1070,676,20,3.429274,773
1176,1755,7,17.793137,286
662,106,5,10.582116,224
2307,551,7,5.288404,735
737,433,17,9.891644,598
51,880,8,18.571260,887
292,1582,19,11.159720,106
2111,928,17,3.314352,705
503,870,10,14.472298,351
1126,1230,12,13.996142,631
1860,2458,14,18.215918,368
1789,1731,8,16.503410,829
575,1697,10,4.893872,375
1431,1485,7,6.850332,571
1669,1017,11,8.293501,379
452,2223,13,7.747915,803
681,1125,5,2.080817,442
309,1418,20,3.635919,1030
1864,359,14,20.307732,850
488,1773,9,7.187995,263
907,1592,5,3.130656,207
1973,1525,7,12.155596,1074
755,2185,19,16.888583,795
1400,265,5,7.185076,513
581,783,11,18.462953,1182
1892,1794,6,7.758958,828
25,1249,5,2.304851,330
2168,1081,6,0.242694,145
404,1137,15,1.437137,1135
1505,1940,16,13.158942,388
803,10,16,1.317296,233
291,1737,9,19.717310,792
1485,1114,20,7.537972,129
659,494,16,12.492458,167
362,12,9,14.001712,1091
2030,892,14,14.368837,204
1005,125,16,7.585622,159
1959,2350,17,18.890404,723
2493,614,16,1.042104,767
1633,941,18,7.483429,870
985,2075,14,10.972721,752
614,1905,18,8.119237,531
1342,1088,8,4.856208,941
685,637,8,0.190700,912
237,1853,6,4.372870,636
1199,585,12,20.204776,354
331,1293,19,3.897951,980
1645,502,8,16.587729,1195
1733,2341,19,13.399431,244
1667,451,9,4.805516,1150
733,2008,9,1.529796,562
2269,761,17,6.673311,524
552,1879,13,13.493478,234
787,373,18,13.090916,254
582,967,19,1.772001,139
2368,1280,11,14.880336,917
2441,2270,6,5.714816,658
737,758,14,5.938061,596
1570,2281,16,8.438259,461
1037,2244,10,5.030619,1021
173,1052,14,2.509095,414
725,456,14,18.528665,157
2282,2041,12,19.699905,544
819,2405,7,2.461998,970
1815,2451,9,1.536203,382
42,2086,13,12.944496,638
712,2284,17,0.308735,130
1088,365,5,15.681365,913
2379,2317,15,5.688976,421
190,1727,9,16.802725,1101
1600,1101,18,14.986590,437
235,152,5,19.690798,371
1514,673,14,11.174969,306
953,1542,15,1.535536,266
317,1897,10,12.974332,191
1852,1363,17,3.808693,926
77,815,14,4.170223,337
1619,1507,11,18.128727,530
821,2047,5,20.429417,927
2214,23,17,20.454983,539
1743,1564,9,18.513612,652
345,1896,7,4.537667,832
717,1925,9,9.536568,362
1404,1184,10,17.537479,270
408,1773,9,18.137621,138
29,2044,10,17.452138,237
94,90,6,18.965429,628
453,286,17,12.720168,143
2134,1277,10,1.603717,1034
1525,396,13,16.373611,1045
1339,1753,6,9.814994,1024
1660,124,14,20.045237,1168
1266,1502,8,13.150394,703
1721,245,5,12.867964,836
1948,1107,7,13.011658,1110
364,2476,14,16.659839,990
37,1936,11,16.352067,291
2122,1236,9,3.247348,465
1635,960,18,7.495443,441
506,1565,9,12.625587,1021
1380,1711,9,14.820509,248
2410,1302,11,9.915564,1176
643,220,16,14.284677,219
163,2479,5,5.903011,1169
1023,258,14,2.321490,522
2215,2277,13,17.451213,165
798,354,17,13.016643,1085
1522,1374,5,11.559750,1108
443,2066,13,11.272383,425
816,991,13,12.682344,1196
1526,424,14,9.033521,333
346,1015,17,1.200611,710
1879,555,14,9.852151,555
2167,2162,17,4.260980,126
645,1789,8,9.993026,510
1080,2405,17,5.634924,817
1669,1491,20,18.730961,336
2251,453,7,3.725322,999
1223,104,5,15.771614,1031
1958,209,17,0.634293,946
2064,1815,14,1.339289,879
493,1591,7,9.894518,169
1943,1312,15,8.014216,973
363,1861,7,15.118879,814
831,672,12,16.064258,525
1406,2342,17,1.986711,588
218,1067,11,5.767175,312
457,773,19,6.721387,948
1690,345,10,12.905496,544
442,1815,10,0.512065,1143
684,186,7,5.754339,466
1110,1388,6,19.345645,710
1844,599,7,13.469834,500
2423,2482,14,2.796532,334
2005,1553,5,1.319939,447
880,332,10,15.883097,588
1883,1179,12,18.739180,1095
684,1520,12,4.077455,734
1120,2215,11,2.554148,1095
1555,2474,7,13.677430,835
1023,823,12,9.251013,1142
1351,871,7,16.829893,714
1666,1899,10,4.234269,348
1527,1563,10,20.351289,682
295,2389,20,4.724534,323
60,71,11,7.401560,805
561,858,5,18.707016,426
2308,1352,14,3.498661,936
431,1720,5,7.422968,897
2445,845,6,4.085424,1146
1371,630,18,4.546680,530
2467,625,17,1.073289,585
2498,1538,17,7.607402,720
775,2223,13,10.774548,916
1338,1613,13,20.308695,572
1573,235,8,15.380756,1045
1987,2247,17,16.003775,1134
254,2276,11,3.337298,747
187,996,13,4.090712,840
118,1888,12,11.410130,848
1008,1369,7,18.611739,262
295,617,5,13.695154,879
2228,326,14,7.558209,388
2092,520,5,14.981729,591
420,1543,6,16.561034,406
1006,2297,12,12.580809,191
41,2360,16,19.103719,518
1871,2115,14,2.205950,1042
2487,728,5,9.370554,1196
648,2089,19,2.772237,480
2228,1181,18,10.864886,1144
576,1376,7,7.060773,491
2398,1801,8,7.341853,552
645,1078,19,20.238861,958
2052,1802,19,18.991755,893
1450,1931,19,2.831474,673
277,1557,6,4.801618,407
200,1500,18,5.802257,486
2310,698,18,15.870029,898
1529,613,13,14.512943,1182
1723,1395,13,18.274261,956
1352,1030,17,14.056173,878
246,1242,19,8.742688,836
1485,997,13,11.003999,878
948,2265,20,18.618119,524
548,90,20,19.117759,893
1915,1592,17,5.154688,471
1362,1109,18,1.607446,504
739,239,12,5.753730,930
666,1392,9,19.330923,853
1839,312,5,0.280611,275
1159,1044,7,5.053802,1054
1458,1862,6,10.756676,1188
1856,923,15,2.972426,639
990,726,8,5.539269,489
601,1165,17,11.122181,350
716,1784,17,10.449869,701
1087,1768,5,17.752497,123
277,1364,8,1.717167,941
1828,2121,17,12.381956,1123
2013,2154,15,15.289853,356
2405,253,14,0.550739,837
1905,189,14,0.419526,807
861,195,5,13.062314,761
1812,1245,18,11.077244,457
516,1764,14,9.553135,1005
1097,1731,9,18.315727,1193
1991,2349,14,5.382708,819
825,1733,6,5.016016,760
2388,873,15,18.470380,832
1954,1969,7,15.353135,1026
628,1075,5,16.480220,929
1966,1603,7,6.983631,549
889,2276,15,3.478656,343
759,283,16,11.256194,461
501,1103,6,16.598602,1100
1958,2234,5,18.232276,313
1656,784,6,10.376062,970
1822,1235,8,19.854647,999
141,183,19,13.957286,798
535,1043,20,18.308285,780
2185,1682,17,9.593962,262
1370,2184,10,7.590683,481
550,880,13,0.234141,654
168,444,20,16.616172,752
370,980,9,16.452153,399
801,1031,5,4.690225,1144
731,1875,7,19.221435,470
824,1036,8,10.921512,290
2469,1317,6,0.983870,921
1479,835,7,20.002779,631
2299,2049,18,13.052011,1111
1814,1462,13,19.144031,680
853,2252,13,18.684845,930
201,1043,19,7.004670,840
1676,1198,10,3.965714,190
1026,615,14,9.154430,929
19,1134,10,19.667927,361
1003,2331,18,15.469581,752
626,899,13,10.458372,662
541,1635,16,19.629842,867
1915,9,7,7.753112,299
221,2268,11,18.158253,985
1179,1491,7,20.426679,498
2291,2284,18,7.560635,489
2238,1269,15,1.522056,127
1610,1797,17,3.514027,846
151,564,18,14.192207,1075
885,384,8,0.005702,560
139,446,9,13.348401,1121
726,469,7,19.255453,541
1281,2075,11,3.959339,245
2017,2001,13,15.550086,1159
373,2231,10,2.715048,497
864,2441,13,17.010800,1075
916,2027,16,13.894398,1006
726,682,10,0.121845,597
656,2424,7,20.258265,329
111,1235,18,11.727001,1046
1937,785,11,7.159877,375
497,1444,13,13.815971,286
1617,1335,14,0.590354,311
511,117,7,8.590839,969
172,1811,8,13.713626,870
1204,1809,19,19.714894,559
222,1157,13,16.701804,926
1410,1503,8,16.722053,370
2268,1471,18,9.140983,873
1438,507,18,4.471891,1065
1691,971,14,3.893209,1038
903,561,20,11.943187,1153
1374,1369,15,8.091276,205
995,1473,18,16.964630,396
550,213,8,2.933503,742
1978,1227,15,20.201313,182
1970,2049,19,18.483662,1030
704,1592,10,17.300831,150
2446,1037,12,13.028052,529
2048,1452,14,0.410694,1003
1205,2060,20,7.092544,359
2181,1523,17,19.535782,860
1851,625,7,11.874707,206
970,1332,11,12.833071,397
2022,1508,10,13.247520,311
62,1255,20,13.278180,468
1040,149,6,0.874923,827
587,2237,12,14.095363,294
2058,2278,14,14.636398,780
1565,1609,13,8.655404,1119
304,2046,5,4.622226,803
1880,74,16,15.041013,1181
1667,1465,18,8.739386,926
1426,950,8,8.741998,815
750,1847,5,4.424949,653
947,1217,18,18.829627,650
619,1615,9,1.199441,171
460,2063,17,14.513115,255
1143,1401,11,0.454831,1047
1289,2361,6,1.749312,873
1114,741,17,5.994040,883
2154,1208,10,1.592433,1067
1540,260,20,12.991816,551
1961,523,16,15.677517,211
1769,2176,19,10.880090,922
1661,2445,15,11.819883,243
388,1376,7,9.899162,390
1589,660,8,10.717845,532
1605,1154,20,15.914593,137
1304,2382,11,12.584647,1165
788,1800,9,11.085280,1092
2493,713,15,17.355376,711
1839,1022,20,10.662388,896
243,2448,19,19.869901,641
1001,2437,13,6.567018,901
1878,1114,19,4.026826,938
1705,1318,14,10.309134,1155
900,2245,19,2.319324,908
1937,2313,8,15.316129,732
28,1466,10,13.231276,643
1183,1354,17,12.001569,176
552,1328,9,19.423726,568
1379,2056,14,0.268214,469
351,1863,10,5.583141,519
1302,756,12,4.679348,181
710,1835,7,16.077746,668
1682,1118,19,7.475563,442
212,856,12,1.918436,529
657,2280,11,5.650800,1121
511,2137,8,12.423055,366
1597,8,15,2.643934,1055
330,1542,6,17.627673,1175
2437,761,9,2.084392,317
2460,1893,20,5.806093,271
1315,307,6,10.786365,522
1775,2369,18,11.544061,766
1412,67,15,0.974056,1199
1867,213,15,12.042383,349
2034,2412,12,0.262109,909
1842,1861,15,2.009797,679
536,933,19,18.772164,852
1520,755,8,18.266046,170
879,920,8,1.205010,179
581,1399,12,7.476186,405
628,1341,7,0.052986,328
367,684,5,1.504288,148
159,1634,10,1.042638,502
964,1470,9,7.706113,440
1500,527,12,13.337977,507
488,2402,7,7.409649,638
718,1274,7,13.081074,543
1091,664,8,8.791794,541
1329,483,8,0.717223,918
1321,887,16,6.184742,634
118,1935,5,9.367553,994
792,331,16,13.133990,549
390,724,10,15.695801,282
489,1943,19,15.030926,230
2495,1904,9,17.545445,449
1188,2317,13,10.922712,145
2019,2108,9,2.423123,1138
2063,302,7,6.532295,598
496,599,14,18.613234,574
1301,76,5,0.691402,499
12,482,19,2.385616,1169
18,1825,17,5.572061,112
1692,201,12,13.832806,939
2374,165,14,4.942614,376
736,2186,8,17.821700,265
2330,787,19,6.586343,796
848,1310,6,14.895228,418
1524,2318,10,13.724497,563
2108,1390,16,2.097346,260
1155,218,13,19.221853,1058
967,2225,18,2.157137,418
141,434,16,0.019918,434
523,949,13,11.174321,410
1027,1404,14,19.905567,759
1024,172,14,17.099326,257
1522,506,20,18.070017,674
1017,1583,14,17.805475,103
1366,786,9,17.552069,259
235,805,9,18.130532,1153
214,91,9,18.902255,165
1313,1616,15,15.527498,134
2206,1607,7,11.596348,1190
649,623,13,20.010221,236
1474,488,12,8.003857,672
943,1850,14,11.293039,171
1632,1395,16,3.919660,1081
2229,2044,18,0.212099,357
2029,1931,16,17.232227,183
1067,2213,19,13.005993,1051
739,792,19,10.366070,1143
512,1001,8,9.045235,952
35,1330,19,16.193314,1184
71,2246,7,6.687582,767
635,2436,8,1.868370,885
1261,1372,17,14.573773,1117
512,1828,6,4.775523,1118
888,2469,19,1.434840,1149
420,2338,10,9.905384,495
20,2005,20,0.406282,871
568,1899,15,12.754374,229
268,1915,14,2.135516,976
1135,1474,13,8.253959,241
162,1758,5,2.905271,704
1426,1654,5,13.399741,633
264,1550,9,19.947652,1153
978,407,17,0.305621,348
1048,1967,9,15.675607,1031
1277,154,20,15.406824,1061
592,67,18,10.154828,1137
1695,816,8,8.951146,156
1590,1928,7,0.772775,396
581,1315,5,14.818673,335
1595,1122,16,4.597196,1027
1893,109,18,14.986552,497
934,853,6,10.008804,587
967,103,8,6.099198,748
350,2300,12,1.579203,114
543,1097,17,7.921361,307
595,1976,13,6.802909,650
2354,200,8,1.114034,266
1582,2213,5,1.064200,290
2084,102,8,5.756113,161
2129,1449,16,16.180045,840
136,2200,14,8.281034,955
46,1653,18,9.731398,1199
2422,1061,8,14.164901,169
1459,96,6,19.461044,978
1073,1769,18,0.697296,1180
549,1257,9,0.529749,1015
345,2279,6,0.412074,1053
1387,1227,5,5.990055,885
1817,2446,18,10.675769,969
2311,2392,9,18.512954,844
174,1394,11,2.897349,325
801,2438,19,13.747018,877
1897,2418,20,4.231950,156
168,727,9,14.548898,1098
2301,845,8,15.849535,662
1693,504,20,9.258405,550
405,334,6,7.910067,200
554,353,9,4.822749,268
938,192,12,16.111176,156
1082,1950,13,9.495692,803
2256,2240,13,0.817977,1186
288,298,8,19.527047,813
1968,330,19,11.956849,1160
1027,373,10,0.046847,1123
1299,2107,9,1.749781,476
577,1942,14,2.360907,931
2060,782,15,13.469623,538
697,1096,6,9.458095,144
803,2044,17,0.292039,414
2411,1934,16,19.842875,456
1384,863,10,4.240155,329
702,2396,8,1.870721,467
698,286,18,16.069267,604
1277,52,10,11.310089,210
744,402,13,8.215973,917
1967,1437,8,12.958866,659
2404,202,14,3.321380,865
472,520,6,4.101826,639
1808,1134,6,9.451534,431
1834,1877,8,19.377425,114
2114,2054,19,3.959883,342
2444,1295,13,10.724625,365
1590,457,7,14.659683,196
2328,134,20,13.369768,601
281,2008,13,14.872067,518
618,1266,5,9.819750,1157
830,67,7,2.555317,509
1472,904,16,15.509074,584
1399,1665,20,13.315660,1088
1275,804,15,7.613952,598
2367,225,16,4.168659,257
775,191,13,1.565477,827
906,837,18,8.560004,367
2119,1587,13,12.562060,790
115,1961,14,14.860377,1024
2297,2486,9,13.387694,946
1568,2383,13,14.264499,338
1971,470,12,17.207554,660
2223,1657,12,15.580694,1033
1346,1505,15,14.604298,632
359,413,6,11.822614,555
180,105,16,4.605957,689
88,2162,11,3.698862,972
1075,930,6,3.733183,501
2280,1552,14,8.524819,1002
1637,2204,16,13.210218,243
91,546,5,16.405941,797
2002,792,14,9.586815,970
1137,224,10,7.646810,288
1115,232,5,11.168841,678
2350,887,16,5.354370,1040
725,1909,19,10.256406,215
1586,923,12,15.325167,960
1278,2355,13,16.388163,700
2106,1100,12,1.774828,892
2212,331,12,10.904678,389
1649,2063,12,16.563705,102
90,429,19,16.651084,910
2405,696,11,0.708245,503
1640,1323,7,4.709141,618
1799,1453,19,17.729851,1030
1177,1395,13,15.128710,1157
1727,2049,17,3.710907,343
1612,1768,7,19.774147,281
1202,2247,10,5.508976,1143
1770,1527,15,10.737406,173
455,1888,9,12.859683,785
10,2276,17,18.949011,219
491,1288,16,16.189128,174
2247,2327,16,15.514264,690
353,2264,17,9.697778,126
2175,148,11,11.368452,690
2408,758,9,17.357224,700
2204,437,12,13.327763,251
2482,2040,19,16.526299,764
1252,2015,10,8.941788,685
253,1831,19,12.166982,269
1402,838,17,6.198199,361
1258,2145,11,11.630883,137
2061,1757,17,15.734727,204
334,1824,7,16.226411,802
2398,299,10,4.413155,726
350,1481,12,20.272874,984
791,1060,20,7.296951,428
435,596,16,16.929633,946
2308,289,15,13.471117,853
1154,1379,8,17.650683,687
674,17,6,15.279205,364
1996,853,12,2.770330,527
2161,501,12,2.536382,1187
678,1642,16,11.453366,1117
826,1459,20,14.197121,1055
730,1100,20,1.688620,716
1758,1885,6,13.411079,372
1928,878,9,5.084900,209
2299,1243,16,14.475064,101
372,1081,14,5.662273,182
2127,1235,11,12.006808,1088
1441,397,12,8.911273,994
54,1698,5,11.208597,230
412,1742,20,20.338870,1012
2477,740,12,10.560388,932
2010,2189,6,15.003781,1018
846,1887,13,17.160907,857
1500,2177,9,0.088175,277
565,229,5,0.069390,767
2345,2055,14,13.298160,102
814,1728,10,4.214139,886
691,1007,7,11.829750,834
979,1093,7,2.086400,765
1319,1860,15,6.210269,1043
825,1088,6,16.342471,955
2350,825,9,10.258049,258
509,1958,16,9.918291,295
1386,417,15,11.468293,863
749,1362,11,11.873804,210
1939,874,8,16.361045,1185
1268,1812,10,8.021118,472
363,2366,16,4.549635,649
486,977,15,17.651767,919
1314,1220,16,15.549999,458
2008,465,11,0.934943,654
1635,1520,7,4.049533,805
1127,1950,17,16.229508,680
206,1777,17,5.269887,612
1219,1811,5,11.850237,927
733,238,14,11.575749,478
711,684,12,15.919843,611
2038,1167,11,10.157528,869
756,1613,18,4.402556,1071
1182,1171,10,14.911571,648
2191,1834,12,11.676524,230
525,650,9,7.207311,585
1904,719,9,7.794693,114
976,282,9,1.724977,768
1436,417,11,0.962462,709
2262,1049,20,18.434837,374
1404,2301,10,13.255923,977
2405,2494,13,17.807395,491
1986,281,5,14.274563,1017
801,350,13,6.637950,337
1102,1054,17,3.864640,224
420,1042,8,7.091062,250
1887,1336,20,19.105838,494
2235,2100,11,16.705087,1152
781,2288,5,8.271965,689
1508,999,8,5.702131,320
2369,2069,8,3.023319,498
33,72,13,17.560459,851
315,1999,13,8.699932,441
564,1432,5,18.587175,1000
2263,1422,20,5.055536,1064
2399,1469,13,12.374766,476
1880,226,16,8.360247,1012
1574,1522,15,15.942285,1134
1634,2000,12,7.024024,803
888,1615,14,15.899905,601
1247,1812,16,5.625863,896
1325,208,5,16.350372,497
299,411,7,13.569848,1099
397,879,14,12.784669,534
2312,2395,14,6.076266,411
927,1208,15,8.945702,993
1489,1959,12,5.557514,389
349,1684,5,7.661404,741
2277,2305,14,2.178968,676
1523,786,12,7.871122,577
306,1502,12,11.043891,797
659,404,8,4.789787,169
347,304,18,17.416317,1009
116,2477,16,17.387826,1057
390,605,16,2.855704,369
1924,1295,18,8.647745,438
1929,1014,5,3.823794,1136
773,322,12,16.114509,102
2281,1111,18,18.524848,892
529,2276,11,15.814740,680
2336,1639,14,13.627744,617
2494,2290,18,2.248444,602
2468,1723,12,3.828568,1140
1233,2285,12,1.614109,244
1083,2202,5,17.140797,946
1797,1625,13,3.864614,1004
182,2130,7,16.157318,1115
421,369,19,10.468952,311
2107,152,10,12.121776,424
1827,1207,16,8.646025,476
509,2277,19,16.675397,1019
1637,1109,8,18.055406,102
1537,665,7,9.645404,1163
1943,1279,12,16.952878,470
1614,913,19,8.816374,915
496,2223,11,6.892511,108
1340,1266,19,7.512936,732
121,641,10,19.412983,697
218,634,17,10.522314,294
2486,478,14,14.071885,706
1389,359,15,10.749680,890
2316,279,8,3.081824,1122
334,2234,20,7.207319,868
963,743,18,18.530323,436
2131,729,7,6.844673,1118
1266,2354,6,18.788842,889
2,1264,7,6.669844,516
1684,1816,12,9.893743,760
2066,1669,13,19.147098,948
1429,258,10,19.607672,886
2223,1399,17,14.986279,1041
566,18,12,13.500049,178
2490,742,10,8.981075,850
975,1367,14,10.101397,958
1739,228,11,12.297492,1111
130,384,19,7.446881,156
1165,161,5,15.370935,743
145,1607,14,12.344557,847
1434,668,8,8.967235,916
752,1876,7,18.454168,767
1082,2059,15,5.377513,409
615,916,13,5.265032,1193
824,2177,9,7.712819,629
1474,26,18,11.158889,119
1921,253,19,19.018331,732
1753,873,16,16.576306,639
2107,2172,6,7.565503,225
981,178,18,0.772774,474
251,1269,18,17.677560,924
2448,1356,5,11.520584,271
1988,1445,7,2.186348,470
1408,2384,7,15.552868,245
1313,2454,16,12.672430,282
391,2364,18,0.673899,189
480,115,6,1.757924,1059
1558,621,14,14.776631,864
1245,1492,7,9.932033,1077
1607,1212,18,18.593442,187
531,188,8,13.420029,108
1567,563,20,10.159016,658
259,15,17,6.030980,794
2304,1999,14,20.317700,808
705,1650,14,7.251008,1109
2022,1319,16,4.285803,604
1486,1167,14,5.797576,557
2222,2234,9,15.843682,625
1599,916,17,3.424882,461
2446,546,19,0.351667,211
1881,1448,13,6.934791,784
709,415,8,5.911919,443
281,358,11,11.398477,800
1135,1393,19,4.818146,1160
334,1506,17,2.002848,254
671,1481,8,6.279591,630
1930,1984,13,0.685809,868
2423,2187,13,10.242963,785
553,2413,15,0.075251,1074
618,110,8,16.773704,767
990,1678,5,18.246720,216
1169,997,18,18.105057,339
1874,1094,20,13.544820,234
1182,1686,12,5.789276,700
1698,1618,15,3.370472,866
1218,2138,12,11.427872,792
2037,398,7,6.131421,709
365,1103,11,14.201252,1079
1894,2414,19,15.137415,1095
780,1523,17,4.496267,769
105,1790,11,20.152081,914
1179,2218,12,14.945438,322
1344,806,9,11.790853,889
74,1476,8,16.770062,421
1021,2247,15,7.784654,890
2459,543,19,14.063568,1049
815,530,11,17.161186,125
1949,1717,11,1.744601,212
1436,1954,16,5.409322,396
614,1393,16,8.019632,539
57,1098,13,15.722625,360
1617,1121,6,19.955525,769
950,556,14,16.774765,1127
679,1438,6,19.196140,561
2255,2219,11,18.748650,1027
1046,208,8,17.932731,622
995,274,18,19.560822,1172
1982,2043,14,17.166769,654
2025,438,9,14.301979,141
302,948,16,5.837525,1054
997,897,8,11.904226,716
20,2398,16,3.037731,613
1232,95,11,0.214452,1039
228,848,17,18.495066,828
1704,2241,13,2.327569,821
1350,1839,14,6.214445,1019
1559,236,15,5.700681,257
191,1099,20,2.893149,367
907,1047,10,15.685161,944
1867,2486,19,12.131743,926
875,1924,11,12.001123,560
1962,1145,16,6.232446,427
1540,205,19,6.808456,528
2360,1539,14,1.898204,670
2387,774,12,2.747158,105
1620,1382,17,19.150627,258
93,2261,11,1.025880,153
1344,1666,6,12.175807,839
894,2398,20,17.994099,658
2459,2074,6,11.820521,903
2325,2366,17,18.144350,1144
1263,61,8,7.141090,766
714,1804,15,11.318854,1154
1445,1444,12,7.467650,928
2141,904,19,3.395238,130
409,1708,8,11.884490,609
2372,977,5,2.261131,1155
601,1858,17,3.215482,961
1600,970,19,14.117130,926
1313,825,5,10.888821,250
824,964,8,2.928593,294
2423,1878,20,6.216675,367
1586,2190,6,2.711442,401
2152,87,14,13.777158,357
982,627,5,11.908272,217
1950,73,7,10.164792,269
463,1987,9,13.331301,1126
2172,1300,16,17.318673,324
45,2327,19,6.992106,723
1786,953,10,17.153430,268
1786,2313,5,9.584336,1023
1268,549,6,7.055756,1115
818,1970,8,19.931767,367
1309,898,13,16.596895,173
1102,1122,19,14.587805,1044
901,809,13,1.994297,785
2365,1457,19,4.067430,242
451,684,9,15.428960,112
2363,362,14,2.726854,365
2102,1310,9,17.256898,1122
1957,463,19,10.001487,841
1172,556,16,12.298707,178
1213,399,6,1.890393,796
1793,1534,17,4.405252,1051
579,1389,12,7.980685,1108
2455,287,10,14.856031,601
518,1149,9,1.484424,741
45,130,20,0.100772,990
456,1599,10,12.241547,525
1967,1714,19,11.239655,822
174,960,13,17.419039,250
1876,160,20,10.777759,255
2283,1357,15,16.819002,1165
700,455,13,17.144559,181
210,1665,13,1.033200,750
1572,1449,17,3.506490,671
170,715,17,11.487035,1161
1791,804,8,0.775039,741
1216,381,6,9.308447,152
112,569,16,3.606393,221
1352,1856,9,7.144588,381
1591,558,9,3.867707,669
172,1938,6,18.961406,716
2413,2225,17,6.784907,1076
709,592,18,11.190874,527
109,118,12,11.435384,451
1385,610,20,20.027852,1090
1120,1792,19,13.667913,852
1793,1384,7,11.526545,904
2113,457,13,9.813143,400
1465,1178,10,6.641654,1056
54,659,10,19.453732,292
1905,844,13,1.338509,268
788,1763,20,5.724298,586
2334,1818,5,16.946962,1049
1034,95,19,14.062954,694
1144,2429,11,17.012317,941
1071,167,7,7.952169,704
53,563,19,11.187415,256
1970,2211,20,20.420171,1000
1340,2094,15,7.598376,1027
2126,22,19,7.931917,1051
2136,2211,19,11.044220,788
1365,1100,6,9.629141,1177
1387,32,10,11.199991,1196
18,1711,6,14.249390,285
1967,2320,7,2.879530,177
968,688,9,15.696758,1050
1256,1674,10,7.541873,925
1469,567,10,7.762818,410
296,578,9,6.072159,179
92,563,20,18.489793,814
1756,1241,6,0.353716,1112
1177,2239,6,4.019596,291
2046,637,12,11.924494,306
2438,1625,20,14.135014,712
499,2109,20,0.107592,360
330,25,20,18.389492,321
54,136,15,12.780110,471
1078,1238,5,15.741086,778
375,609,5,12.660178,519
1978,818,13,4.885090,327
262,540,6,10.519576,148
1756,54,18,1.823273,163
2056,387,17,15.277128,1198
1035,706,6,6.329677,394
2241,2172,13,14.166951,535
625,91,20,2.834835,1196
214,971,18,14.107484,906
2435,79,14,0.920408,803
777,149,12,12.880725,667
1137,871,18,4.600511,546
1760,1475,10,11.279678,218
879,2388,13,1.072012,1088
302,1341,18,4.829175,330
543,792,5,16.545634,930
217,1540,6,3.903441,430
2194,1401,5,8.599852,541
92,1814,16,3.937864,205
2440,826,13,2.690770,451
571,1325,10,8.183882,1123
427,1237,13,17.323611,139
1520,162,9,9.186090,718
1572,947,12,5.355445,664
534,2147,8,12.974393,446
2083,112,8,15.055330,1198
61,1868,10,0.181899,840
91,92,15,2.944026,1072
1107,1134,10,18.356006,927
1476,1529,11,7.186458,546
2304,1938,19,13.937542,689
1209,1093,18,5.272291,685
2271,991,8,11.000758,442
526,488,19,1.145428,308
280,649,19,6.874095,170
1245,2131,11,9.615317,583
791,620,9,9.950996,1198
2117,90,15,19.933208,104
446,1150,16,0.640368,958
2270,962,16,15.855645,190
618,2398,11,5.140657,814
1480,1500,13,15.416536,227
1232,162,12,11.118210,1116
2299,1012,18,20.097616,761
1271,1008,12,3.690157,962
1637,960,11,12.687192,140
781,1391,14,5.075000,967
1942,2361,13,7.025784,239
1355,1922,13,2.915389,816
481,1961,9,20.244499,696
1230,1539,9,7.066421,557
1474,2462,10,18.756785,288
1211,723,7,9.512648,152
1892,1185,15,10.696865,477
2073,1122,16,18.080206,834
2264,1823,14,13.372900,947
2101,104,18,1.766355,200
729,53,5,17.177990,332
1535,2058,8,2.782942,727
878,625,16,18.920415,1067
2451,415,5,18.038909,938
1596,215,11,14.419955,915
1976,1790,11,11.989613,873
1631,1864,20,1.274176,364
2223,2193,5,20.401611,525
1644,347,6,5.086513,389
800,980,15,8.799459,235
680,115,13,19.062826,189
738,1683,10,9.553166,701
1025,1974,15,9.033341,542
1366,648,15,9.567557,1149
875,84,6,13.242562,441
5,994,12,18.928840,962
1738,2120,12,12.380466,130
1886,517,5,15.115030,555
444,1279,16,8.918083,472
1826,902,20,13.624399,1113
2188,256,20,14.779665,1074
2228,1693,19,4.231413,340
72,1044,5,4.028830,739
2454,1915,11,13.574553,604
953,2364,19,17.595775,1029
804,190,18,1.129857,838
2017,574,19,13.295007,855
1919,5,6,10.320871,188
2152,347,8,13.177107,688
102,939,8,7.258336,723
1168,287,14,13.998997,524
1838,1488,8,2.827152,347
270,2245,15,12.538829,642
849,416,13,17.736216,361
1420,106,14,15.149797,973
1891,319,11,1.247333,1006
834,790,6,3.825966,564
2343,2147,12,0.800905,703
1323,147,10,7.704404,468
108,933,11,5.366088,407
2097,23,18,12.616054,186
2050,2431,13,1.963832,847
1938,102,16,16.416979,378
1249,418,12,2.742637,225
204,534,12,15.485812,479
661,398,20,4.659711,568
230,285,10,7.731618,1145
1500,657,18,3.272220,255
2068,1780,10,0.832571,638
932,2245,6,1.938516,199
1452,2292,11,9.615818,1016
62,168,11,13.890250,241
1240,1546,11,10.647050,217
2471,635,5,2.331740,604
1370,2189,7,7.829675,927
2351,1247,19,4.880068,973
36,667,8,12.517786,229
376,81,14,2.601592,636
2230,104,15,2.963426,285
1064,1076,19,19.184688,324
877,2276,6,18.380802,1051
2210,1282,15,18.592415,745
2366,2072,19,0.196223,681
1661,352,15,5.894402,227
720,2430,20,14.381696,1111
1823,841,15,17.332741,612
2397,1834,17,16.002411,840
371,2325,11,12.012819,1071
226,2394,18,8.690319,273
681,673,14,2.823245,551
1383,1833,11,14.239720,895
718,1403,18,9.876465,761
1516,1121,9,12.725297,444
1526,64,10,14.284395,196
1660,783,12,9.111036,155
53,1387,9,13.032487,482
2043,965,8,12.866457,1022
558,2074,8,18.887118,874
1148,220,17,8.521915,602
274,1839,11,5.363646,746
2329,807,7,5.001427,803
40,2420,10,6.658120,1119
1093,582,20,16.606261,1079
982,352,9,9.031282,215
1307,428,8,14.889088,299
2121,434,11,20.487107,497
856,1399,13,10.626870,767
1449,704,7,0.904086,550
246,2001,16,11.234919,535
1424,391,19,17.710962,569
1886,1870,10,10.056563,640
1021,500,18,6.466711,1018
1852,2277,11,20.163946,871
1207,462,16,8.897046,227
1979,649,8,18.597125,569
157,1413,15,7.804666,522
1892,1731,6,1.339504,740
497,1382,19,17.482620,713
53,2217,17,3.912608,354
1619,2016,15,2.204865,113
942,2007,13,14.107196,657
1044,1016,9,18.662975,1010
1340,925,8,20.182949,238
1951,581,11,15.967605,824
1136,549,10,4.299242,831
1844,1567,20,19.584788,1153
1621,1738,8,14.489067,161
484,563,19,11.687111,643
1136,37,10,16.928668,135
175,2009,6,20.399177,1167
1751,2353,7,13.545247,509
515,946,18,9.579990,564
1691,295,20,17.405341,373
33,84,9,12.502933,343
437,377,6,12.807162,765
57,945,8,16.842340,116
175,755,8,19.483366,360
1467,147,19,16.515200,366
1080,266,7,15.079506,571
185,1442,16,11.399380,1200
1687,2246,20,12.236415,1128
75,749,11,10.100641,495
1419,1133,5,0.242205,508
2240,845,6,15.988297,337
1293,1909,6,10.849085,430
347,2085,11,7.186300,724
1425,2438,14,11.570218,841
1153,883,6,1.180289,409
1294,306,20,13.521816,931
1905,2021,18,3.584742,181
1463,1165,16,8.957638,887
677,1224,17,2.192805,1132
2247,2119,18,6.014140,789
301,1261,11,6.300467,214
1498,636,10,6.735571,1103
770,2376,11,7.197990,164
434,1283,14,11.956187,479
708,326,8,12.897587,1170
1029,642,15,15.504601,429
413,99,8,6.763399,120
520,1033,20,3.728789,1034
774,18,7,10.145658,1193
2424,1997,5,4.875770,276
978,1056,15,3.341453,986
1182,1622,18,3.768483,252
1564,1910,7,0.524230,404
847,40,8,3.184367,346
1166,988,6,17.373199,1084
232,1828,18,9.810796,1036
677,2157,10,2.696887,965
1381,988,13,10.999322,990
8,2079,18,19.498642,930
770,601,13,7.661335,1133
1029,312,20,8.333791,185
1829,1626,7,7.067718,326
1451,679,11,19.919128,592
2116,744,18,16.465613,451
1566,47,7,14.873431,750
393,1990,6,16.782352,863
1563,4,19,8.663008,359
47,2412,18,18.929259,911
740,1575,11,17.017624,775
207,3,15,14.995799,297
1609,1952,11,10.737549,1053
711,308,20,4.419100,872
90,918,16,10.811327,1153
1501,301,9,17.104987,248
1435,2147,18,1.423552,177
1652,1739,19,7.767511,130
2392,575,8,12.224044,751
1196,123,12,6.206364,102
570,865,9,19.960445,536
1968,1891,8,1.888229,138
741,2337,6,9.011338,1018
1397,2414,12,19.619368,268
1086,1997,6,18.528043,277
143,189,15,16.381971,436
1148,649,9,6.081598,844
77,1574,13,6.829504,1021
2077,728,14,9.595577,426
2480,1041,9,4.753368,690
259,356,18,10.214076,348
1770,1887,12,3.725210,716
188,710,20,1.069725,256
911,101,11,8.871362,972
2403,1160,11,6.317598,991
1888,454,12,18.127473,780
1863,2459,17,6.324248,719
1032,998,19,7.166695,205
339,1,5,12.574056,1012
488,1094,15,9.379616,1028
86,1515,5,18.080865,661
2052,203,17,7.856542,995
2118,598,7,3.046970,496
167,2485,19,5.758057,1169
562,1948,12,3.641243,885
836,1098,9,6.493710,464
2368,1837,10,20.051601,272
608,203,10,5.112477,156
2232,1816,5,19.341345,862
898,2373,13,8.666717,654
2240,1645,11,4.671733,1179
1138,1142,15,14.148580,224
693,1978,12,2.509770,389
898,1900,14,12.523579,816
201,387,6,11.015717,195
127,39,16,13.437290,912
2350,985,14,13.071888,891
142,2071,7,7.015463,392
2096,936,10,14.564015,433
832,111,16,2.963126,648
829,1860,8,3.528644,695
2241,566,7,0.803922,909
7,817,6,16.428628,749
362,1276,15,19.131333,343
686,1147,11,6.841450,758
1078,2126,8,5.061377,930
310,1092,12,1.212044,780
1323,1079,17,10.868954,276
1313,1814,20,18.745644,428
702,1632,6,12.820569,146
1365,811,19,20.114444,984
369,2243,11,3.204369,551
2027,963,14,12.891456,780
268,2346,17,1.298554,165
1130,189,19,18.273886,927
2051,1986,8,15.117590,175
977,1008,20,15.573331,895
427,853,8,5.853940,1110
966,1505,10,4.573961,573
2417,1409,20,9.074362,596
602,772,9,2.559124,1057
1118,437,10,11.173834,858
453,2321,6,2.941189,604
1723,153,8,14.901737,984
1853,381,14,20.185582,607
1525,297,11,11.906060,748
2006,413,17,4.191305,754
658,1203,7,14.275560,318
1165,1780,14,11.617312,605
705,1971,19,5.875873,354
682,2225,18,13.941491,1013
1024,820,11,8.738899,176
234,215,17,7.237137,472
1358,933,10,11.142470,696
1441,1680,20,6.164879,827
1867,2070,20,9.105597,1019
662,2227,19,4.172756,1149
2043,99,9,2.249078,939
2270,171,19,3.285587,759
1597,164,7,9.116365,1055
1339,379,17,6.513789,343
2344,1197,16,15.403309,271
1790,860,14,20.114908,157
1337,259,19,16.546873,811
1950,620,14,8.939395,1144
2191,391,11,7.729931,629
1278,1530,16,16.940157,859
1327,2243,16,3.005110,1061
2016,2357,14,19.878434,532
343,1906,20,1.645087,668
2333,1203,16,2.418229,177
262,2075,18,7.983761,1064
1485,312,19,11.803652,553
1968,918,12,0.723966,1115
155,899,18,14.644578,592
2403,247,16,19.081945,193
1243,1280,10,12.967695,509
1893,381,13,17.582034,501
1095,1771,11,0.637862,950
2368,1828,18,13.058275,208
1379,1274,18,9.439932,807
2211,1404,14,17.754016,250
1638,1767,13,8.765406,342
2379,2092,6,1.167048,867
1791,493,10,12.456256,115
804,802,13,11.571609,670
1869,1566,12,12.767036,914
1546,2107,7,6.546365,1022
2490,423,20,4.554939,489
7,151,11,9.808359,295
712,156,18,15.416236,864
1614,284,14,13.352471,941
754,1244,20,15.804657,281
2212,1863,8,5.176201,687
1825,1797,13,1.777860,1182
1575,652,13,6.179050,879
1123,654,7,4.608450,333
974,1698,6,6.259133,591
1525,1728,12,5.798807,349
1525,2271,6,8.658780,196
835,1390,15,4.282832,174
1435,274,15,10.574875,570
1890,1421,5,8.012225,661
56,583,15,20.118319,1180
1834,1713,5,9.618944,461
1258,1085,15,13.104062,218
572,674,14,8.405344,837
1663,1309,14,12.346920,1126
1590,2472,9,17.434179,893
2290,1494,17,8.204255,759
867,1957,5,3.315382,595
103,928,8,10.175845,1053
1145,1033,15,6.844126,1031
1991,925,17,0.600880,896
975,214,13,4.485826,1057
387,320,11,0.391047,1080
1146,1383,19,18.033061,415
2383,649,19,0.854013,276
2014,2418,13,4.678221,857
1587,1995,16,8.104179,162
434,398,20,3.949501,839
957,1305,19,10.044358,340
784,101,5,1.040375,604
586,930,10,12.610409,735
1266,922,12,19.660309,237
1349,1994,6,11.342397,354
1636,2485,18,12.843965,374
2178,1731,8,6.994641,815
2314,486,9,13.906165,126
1577,2266,12,3.553138,916
2055,75,16,19.369817,1050
1229,1117,10,5.567890,393
2188,304,9,6.913527,151
2453,2418,15,0.063992,922
733,2114,14,17.337016,214
85,686,7,1.003551,868
181,1481,16,6.804963,147
1947,1010,10,10.602636,247
1654,1140,15,3.581881,725
2380,1669,15,9.788587,111
2386,1200,9,11.832073,225
1486,1185,11,6.855289,847
1976,1241,14,0.830490,246
489,285,20,19.939473,472
2111,570,17,4.210826,1131
958,667,18,7.774120,261
1046,145,7,16.524535,886
1720,2271,8,8.746149,1124
1894,1935,5,8.256774,552
1915,2186,20,19.894976,882
1197,2196,13,5.445448,1065
183,1292,13,17.304231,784
1070,797,9,19.493935,125
1737,637,19,13.198368,775
1641,825,9,12.616721,723
475,208,15,4.990925,641
747,1398,12,9.712664,860
2012,1246,8,19.862919,857
2187,109,16,7.297260,116
501,1567,19,10.684503,698
374,10,11,10.104846,976
1170,1626,14,0.303247,480
974,2299,18,1.925758,396
741,2223,17,15.196291,366
1167,462,17,4.223583,794
2420,2272,13,18.915183,764
1715,480,6,2.575306,1075
2375,889,6,16.611398,496
2390,678,19,17.454443,101
40,2394,13,11.175754,950
534,1499,16,19.019672,1155
125,378,19,16.597179,446
1719,2429,17,5.862588,207
295,1666,19,1.776255,877
917,968,16,3.126383,954
946,1970,13,19.568003,444
916,903,7,17.235037,532
946,1723,10,5.092401,842
2149,74,8,17.275133,525
218,796,20,6.702261,986
539,2376,6,4.554433,199
729,374,17,2.110516,1104
657,1626,17,15.830564,896
728,637,6,17.834857,824
2010,1218,6,15.026059,400
17,143,12,2.482789,861
481,1347,17,13.060496,655
77,2202,13,10.323027,643
1382,1185,6,16.589323,417
706,1939,19,6.633814,762
1821,1323,9,4.268934,642
217,2021,13,1.425774,924
680,281,12,18.685327,1057
747,567,17,14.988472,593
2469,488,6,1.376303,412
2300,228,6,1.060824,674
1282,1185,19,9.694431,720
2392,2200,17,6.343423,579
1195,1668,18,1.270271,132
1804,1621,15,11.194611,1123
87,1620,11,3.318037,1021
2159,1909,18,11.913202,1196
1818,1001,10,15.718382,766
1962,607,13,18.716277,108
2187,1163,6,11.141200,1186
1311,1027,16,2.033550,585
2135,1674,19,16.049504,180
1306,227,12,16.160041,357
765,2484,20,5.661199,778
1971,1687,11,2.296631,956
1206,1938,5,8.977887,186
41,828,18,19.859487,256
1018,1749,17,8.866650,591
129,1293,14,8.737714,728
1528,532,17,13.212688,394
221,2087,7,12.695946,411
1052,747,19,15.728068,352
796,1729,16,6.937431,775
804,1901,6,10.346285,660
302,297,10,20.200027,628
1048,1071,10,6.948919,806
826,2006,16,9.488861,1075
315,999,16,17.652585,377
1864,238,16,12.771920,476
496,1949,9,3.515229,578
1917,1918,10,3.381896,525
120,1664,16,4.444589,1161
2493,2078,5,15.213263,653
663,373,14,7.990887,1035
966,1412,9,6.764891,1116
67,1022,6,3.927609,259
2205,971,19,4.053462,970
529,419,12,13.205810,613
1652,1459,12,5.285304,241
1672,814,5,17.962753,743
542,2012,11,2.378224,715
615,609,7,17.243222,1181
1117,1841,14,9.979764,854
937,924,5,19.837597,850
1410,2465,20,6.321625,334
2479,838,11,6.300249,1052
2312,2193,9,15.453309,1142
381,1214,19,13.769701,631
198,1420,10,9.548382,511
104,1921,7,10.932057,945
1594,981,18,17.323387,109
1246,1341,16,11.110595,517
301,612,5,3.677628,171
1713,43,14,13.365228,957
200,499,12,10.771700,769
2117,1408,9,11.898685,1075
2429,513,16,14.973392,990
2499,2160,15,12.269241,560
1061,1323,17,7.324348,196
655,1728,8,0.654558,371
2356,1935,18,10.514975,879
1681,1816,5,14.770112,666
2115,1350,13,10.472589,876
1054,1141,10,6.008822,496
1652,2346,20,2.361480,718
2472,756,14,16.996431,1157
177,1271,15,5.950867,675
356,412,12,11.481806,935
1212,2284,11,18.673297,510
875,2349,14,19.662004,266
1617,1504,6,0.705957,249
2496,1781,9,15.958083,735
322,1198,12,5.875043,484
1210,1131,5,11.648158,701
861,399,12,19.085168,767
2228,1909,17,18.445917,268
540,448,9,12.496923,396
2113,1033,7,18.696979,819
2273,1946,6,18.444330,286
885,415,7,0.303202,1182
1015,115,13,20.175515,141
1064,426,11,2.782550,1080
1340,587,7,5.389174,668
2067,674,10,8.023860,894
2036,864,19,17.957827,193
2004,1690,11,20.308284,169
2010,1628,7,12.117297,254
759,224,12,8.923303,987
1650,1280,12,16.155426,1027
1407,1518,17,1.790169,1101
642,1766,5,1.577834,686
2363,238,19,12.830443,1117
2251,821,13,19.385384,830
1783,434,14,16.789750,1072
485,1599,17,17.653576,124
1137,900,7,7.875943,258
749,1878,19,6.411296,1052
2230,2210,11,13.723693,660
2381,219,20,12.454389,280
1586,74,6,4.490783,215
1468,1859,20,18.639166,1109
2150,493,11,8.329850,357
1193,2144,7,5.074410,996
1149,1294,5,16.965892,613
1112,2494,19,0.418204,1063
1774,465,13,8.890392,353
1913,213,14,8.115715,1133
218,810,8,7.576527,768
789,2148,20,16.782534,162
1210,2486,7,20.358475,996
1460,1446,14,12.839928,885
2056,1079,8,20.204842,698
1724,1112,16,8.544395,442
336,1380,15,15.104678,646
2476,779,9,19.629824,762
1067,1115,8,16.730693,491
2055,814,7,16.999314,393
1503,1082,17,11.815383,763
1014,1747,17,10.032016,722
2489,1132,14,15.792866,872
1109,1985,17,17.015072,193
2074,695,6,8.205140,1155
504,1920,7,10.155209,628
208,425,20,16.317029,643
890,1550,11,10.133436,299
2483,168,15,11.119564,1169
2190,1949,18,2.632784,383
2353,992,5,8.386925,688
1669,1849,8,10.161655,117
684,964,6,1.077639,885
555,2194,15,6.463541,990
1109,519,10,4.876167,289
1746,1280,19,14.920829,258
2200,1924,8,2.084207,1193
1475,1621,13,14.084043,571
1625,1417,18,15.716417,1107
1452,1242,19,0.347230,627
978,1210,9,4.229851,729
888,360,7,11.892974,581
1967,788,6,7.583095,494
1835,2485,7,16.922474,978
1408,623,5,11.228531,682
1747,463,15,10.671462,340
1814,1204,8,14.428075,497
2105,1947,8,4.415948,204
272,1938,15,2.719264,258
969,228,11,16.878537,288
290,405,13,17.066165,912
2022,1202,5,1.082519,413
950,2062,5,5.206020,193
1245,633,10,7.697159,339
1859,172,10,6.295119,193
1297,1242,13,2.767955,1000
204,2403,8,0.923031,203
410,744,8,16.829217,1054
1426,904,13,11.051462,340
979,714,16,12.959177,1144
970,310,12,20.156334,886
545,601,18,4.559738,483
1290,1257,18,18.158806,341
2398,2374,13,13.631587,954
934,1780,9,0.678117,973
1418,1764,9,10.782944,220
1632,1528,15,17.327049,148
381,355,17,17.649598,724
1912,1964,19,6.771910,580
2352,883,5,6.894795,217
77,2431,19,17.847560,706
2067,377,20,19.283483,692
2476,884,11,0.014736,924
563,440,13,13.751254,434
2287,2178,16,6.321956,806
1688,937,9,16.648442,464
1506,1041,18,13.068592,302
1405,653,12,9.485133,739
376,835,20,6.539178,1052
2315,164,14,13.818961,336
157,2269,19,5.521371,898
1106,2198,20,16.866550,472
730,650,8,1.263143,750
1410,1253,19,2.545372,359
1399,1392,7,3.820338,987
1191,2295,8,13.976746,307
1669,2000,15,3.997773,1120
