Source,Dest,RateLimit,Latency,LeaseCost
174,166,11,13.817520,313
125,233,19,12.598419,850
222,26,11,1.509996,421
6,130,19,8.682735,702
249,234,18,13.319029,191
131,40,19,4.869011,1150
147,19,16,8.513080,541
248,189,14,2.415460,177
240,55,7,14.553725,1016
95,31,14,1.397081,800
76,62,11,15.183869,847
222,235,14,10.591353,251
248,148,8,2.881259,560
115,132,5,4.286460,1040
216,25,19,11.702186,277
230,246,5,8.112752,1192
209,29,20,19.673885,307
57,143,16,17.072593,1067
234,201,18,15.944590,340
103,122,15,10.371775,224
197,183,20,1.137248,1067
1,230,9,10.819769,523
65,72,17,11.893876,541
245,183,14,16.808817,844
233,181,6,11.884750,737
209,98,19,1.644269,377
49,243,13,11.882653,979
72,61,9,4.317682,873
140,126,9,6.136958,646
67,92,8,11.071446,234
53,91,16,5.345356,317
80,148,11,5.669215,1076
237,109,16,11.206448,1038
210,239,15,1.721489,627
67,155,11,2.606005,349
205,3,17,2.946650,1009
3,50,19,8.552264,1125
13,74,5,15.968856,612
134,106,12,7.805014,194
152,15,19,10.250097,183
167,29,6,8.526304,638
144,106,11,15.338428,396
24,223,11,15.179501,773
223,248,14,5.414116,820
102,73,7,8.107526,517
156,195,15,7.672222,800
204,232,19,16.811369,148
124,68,16,17.068252,664
214,176,15,18.197572,827
92,55,20,16.635220,189
16,118,12,14.865381,687
246,47,20,5.523322,690
5,99,13,15.524325,861
28,8,19,10.158201,347
17,102,15,2.095399,854
87,4,15,8.774342,303
135,162,16,10.422606,830
183,79,17,15.785616,282
75,98,10,11.534987,446
196,185,8,6.221433,188
181,249,11,16.576804,266
128,44,13,2.505714,662
43,172,17,15.599660,1066
100,154,10,19.369456,938
235,55,11,6.458001,662
123,157,13,9.558772,1173
32,210,16,18.116009,347
186,119,14,16.761985,926
159,211,14,1.675819,818
86,131,13,16.400150,254
63,181,12,3.139297,121
4,157,19,17.995270,1196
47,119,18,9.698686,891
219,147,17,16.153132,697
0,8,8,0.364044,378
230,161,13,11.720443,810
187,54,19,0.407398,971
59,16,11,11.551491,344
228,14,17,14.061736,299
196,203,11,7.951345,336
66,203,13,15.806319,974
189,106,9,8.272350,450
239,45,17,7.448825,763
196,168,15,7.166971,1145
236,196,13,7.349035,1094
192,96,20,3.506005,1093
102,20,15,6.533286,421
54,175,15,14.131355,700
89,189,5,19.424668,202
84,169,17,6.542088,719
158,48,14,16.723405,422
55,91,19,19.722765,371
121,133,7,8.551664,239
87,205,14,20.090358,872
67,116,12,9.180351,267
37,80,10,1.714619,662
102,103,18,10.274290,427
63,117,17,12.901267,1087
33,144,6,8.953696,886
222,85,18,16.584519,174
195,240,10,20.258504,455
187,139,10,7.661740,908
79,33,16,4.344697,1135
149,82,7,15.607323,1154
104,7,7,8.391489,192
137,81,6,14.235700,686
222,223,18,6.259715,314
148,35,7,12.553749,1188
146,131,10,2.237760,155
85,163,18,2.036450,390
196,228,8,15.332726,995
229,172,19,20.309139,263
145,7,7,0.809748,1035
195,194,13,0.838335,775
249,67,8,0.074828,687
40,240,16,17.780741,404
175,12,9,11.046905,959
107,248,10,16.089954,330
120,162,15,10.437629,150
59,110,19,0.738145,167
212,166,13,2.774613,1050
128,4,9,14.216697,931
35,180,5,10.996854,551
164,33,17,7.962177,246
202,45,20,8.036837,794
63,97,14,17.778877,387
207,180,8,1.227921,948
76,208,13,18.367880,297
119,176,10,9.218688,554
52,86,17,12.938426,761
140,50,15,1.095435,1008
91,245,16,17.050550,365
0,200,15,7.168864,331
66,154,12,14.974892,981
110,32,14,19.295135,351
230,118,17,11.061577,306
114,169,17,19.345419,968
105,90,10,11.052750,386
61,160,14,13.272735,597
149,249,17,1.702448,540
149,110,17,16.459026,1142
77,55,18,14.307422,707
59,80,20,11.432650,637
200,188,12,13.672606,361
105,142,19,10.763149,1198
64,193,14,1.853256,1087
20,19,6,1.518898,190
166,199,5,7.917789,443
152,119,10,18.618964,1142
40,107,8,17.283443,628
48,198,6,20.132987,271
54,68,10,12.544628,306
89,228,19,4.904224,115
186,67,8,17.389363,581
242,167,13,9.842116,430
243,137,16,4.229498,256
151,116,7,13.750714,313
63,2,19,7.462532,718
237,172,17,12.094805,1175
59,3,14,7.276886,1186
11,128,7,1.073726,323
102,179,15,2.889306,729
140,152,19,8.085231,444
249,104,11,15.315173,709
45,89,12,10.462957,854
87,188,14,2.511020,1186
71,50,20,11.294150,673
68,61,5,14.570860,548
27,123,15,1.717326,406
119,246,8,15.291434,1139
202,99,16,9.009661,877
156,73,6,20.465479,276
174,212,13,11.470712,1175
115,201,7,10.411655,781
170,223,12,4.841271,897
203,115,14,16.118981,1048
180,231,20,8.976979,597
117,97,15,5.988582,648
190,219,19,15.705893,617
142,122,18,19.960894,745
66,234,8,10.871140,272
91,129,20,11.351856,377
87,101,17,0.434822,541
55,40,16,3.228616,172
177,53,15,5.527613,1011
183,21,9,19.396308,942
97,187,9,20.473382,809
106,204,10,0.528233,717
20,94,20,1.906661,879
248,143,6,12.926575,813
39,98,8,7.862439,1085
175,168,11,9.308400,346
232,145,14,4.003697,886
59,157,15,14.695370,1009
179,59,6,15.283530,683
161,177,10,16.510988,385
84,243,19,6.434041,1004
142,156,14,13.474036,100
240,99,9,17.071321,527
168,228,9,2.018416,1058
88,226,8,11.942027,997
82,73,9,4.607042,880
237,154,20,13.972108,1196
205,92,15,15.507251,935
201,98,11,18.716216,518
88,186,17,0.765039,929
191,98,7,3.727398,1049
137,194,9,17.371911,1173
134,60,13,14.761602,946
10,148,11,1.268061,622
115,230,9,0.487682,292
61,42,8,14.481575,392
178,246,11,6.259048,633
164,85,9,2.409159,633
191,152,17,15.213308,135
195,152,5,6.182339,982
119,166,10,3.204160,890
221,210,10,13.336138,1036
116,184,10,2.931564,147
60,123,7,4.072010,1185
138,76,19,17.758818,137
203,30,5,7.431008,420
227,101,11,13.173929,991
64,203,6,15.553338,378
125,71,8,3.467111,156
5,179,18,8.424126,806
156,5,17,12.751192,1079
67,51,20,0.699319,880
79,161,13,15.483247,1171
112,8,13,13.655171,500
249,202,5,14.212933,1158
241,73,10,17.538163,555
193,80,18,1.251237,473
178,211,13,17.941430,1037
94,213,11,16.197765,404
22,101,16,9.837782,379
42,20,16,12.479888,1111
217,148,19,16.523390,1170
53,106,19,11.599864,1015
153,209,16,0.837894,406
129,8,19,8.285482,808
135,64,6,0.059312,718
232,67,5,20.460484,397
248,238,13,12.728086,632
71,172,5,0.089808,887
148,83,16,7.020417,773
21,217,15,12.310851,954
235,190,17,19.515389,117
135,202,12,6.593557,698
144,27,7,16.737504,338
242,31,10,3.931582,508
168,182,6,3.645299,358
42,159,14,17.466286,740
112,110,11,2.057916,1008
68,219,6,15.139760,231
199,63,5,4.240909,137
109,140,5,7.197642,368
212,98,8,13.999882,215
239,230,11,12.161530,592
21,161,12,13.511379,162
155,178,8,11.777874,1124
86,119,11,17.800146,415
189,138,6,6.630940,138
127,205,5,1.160224,771
142,38,13,4.497463,941
235,26,15,14.547763,890
199,196,11,5.363299,484
201,4,5,7.437629,209
99,144,6,16.834623,154
239,151,9,13.726125,151
40,147,9,0.190826,1044
34,48,19,14.116316,915
39,183,18,16.555443,1033
95,233,11,16.885058,749
111,92,17,5.012126,926
205,171,14,9.283907,416
146,78,5,8.499274,607
215,199,11,8.114947,394
157,177,18,11.233934,166
201,181,18,16.449717,167
46,170,18,4.554615,763
79,67,19,16.656790,331
208,223,16,1.840852,344
212,65,19,2.763609,316
120,148,13,8.905598,186
130,242,12,19.517426,928
84,190,12,10.206144,1096
210,188,17,19.585555,664
97,115,14,9.597654,174
94,63,8,17.253118,1197
44,27,18,3.158086,695
27,206,13,15.434678,361
42,19,13,2.520776,1168
197,12,19,0.965763,1166
145,165,9,14.091869,472
14,192,10,9.006265,149
15,160,15,11.236120,677
166,157,12,6.429849,214
33,172,20,13.989421,905
63,145,18,15.151320,513
110,241,13,3.661968,1128
236,70,15,14.122472,347
117,74,14,4.682700,605
117,112,5,7.613765,209
86,220,9,4.048900,361
229,23,11,2.314099,567
98,140,8,13.156701,220
187,157,12,4.767930,960
95,90,7,13.387087,296
232,226,20,8.181322,1195
187,98,15,18.954106,527
234,86,18,8.383679,204
36,40,8,9.315522,801
23,78,14,17.417165,394
113,91,12,13.377000,419
112,95,11,4.236985,347
84,153,19,8.908452,1130
85,0,8,2.915636,357
170,24,5,10.610221,932
42,124,7,5.996649,1156
45,41,14,14.941556,894
26,32,12,5.031413,132
59,185,16,18.253408,1184
190,34,17,1.938388,751
155,162,5,15.747937,730
196,155,5,16.977545,1186
156,83,18,11.603589,453
77,66,16,9.225127,992
57,204,13,7.716145,634
96,62,20,7.348896,269
66,241,9,10.307549,553
149,217,16,20.309745,149
94,174,5,1.862357,580
225,48,18,18.721896,420
122,28,13,4.815759,1190
45,37,19,17.830573,1013
95,207,5,12.648254,717
4,190,11,13.989592,854
222,93,10,13.709659,395
2,91,12,1.527576,386
9,160,19,13.999769,205
238,231,6,17.783524,123
179,51,14,0.427905,544
221,246,20,17.244175,815
242,213,17,2.157051,541
148,94,8,3.076972,642
51,38,20,10.047394,246
193,55,16,16.415938,1192
153,109,8,14.012825,982
149,164,8,5.176004,615
232,95,17,8.624156,850
146,75,19,18.524406,374
173,2,14,2.034089,374
67,36,5,10.646284,833
139,125,12,15.013558,958
41,19,15,18.365936,387
44,200,13,1.727727,1153
180,2,18,14.013505,504
183,184,6,11.932914,681
79,45,15,12.590329,321
25,187,17,20.386766,983
61,50,7,13.155044,769
161,132,19,13.492960,854
158,13,12,0.112580,440
149,30,9,11.183354,336
202,206,11,6.356435,835
141,129,11,7.773214,182
114,238,19,5.313775,591
5,4,5,11.353739,858
69,217,20,19.385220,261
3,206,20,0.624178,855
0,118,16,17.945566,204
70,47,16,10.085563,801
37,233,14,2.990504,1194
190,64,9,11.671239,457
230,209,7,15.366246,985
219,86,11,0.808266,636
65,232,9,6.269181,1048
126,13,5,10.779184,1085
102,229,20,19.326395,614
232,37,18,0.619541,1067
210,180,17,16.453748,855
40,25,5,10.677555,736
112,62,5,10.624993,773
154,68,5,15.835685,610
111,184,20,2.954858,889
83,201,8,15.208656,823
62,44,5,17.836189,719
54,140,17,10.469146,757
196,27,8,7.435573,1014
217,61,15,1.136412,656
66,22,11,2.349846,877
158,230,16,0.945617,917
46,232,15,11.428502,936
186,161,7,14.004844,464
207,127,13,15.347647,670
172,223,17,5.449328,358
66,127,14,2.792190,433
147,98,17,6.055898,552
97,92,12,7.253048,592
215,164,10,4.856894,731
12,89,6,15.919301,1009
118,169,11,17.125108,1030
176,140,11,6.239481,199
194,99,13,13.140888,1077
18,222,17,14.833609,837
105,124,20,5.256048,139
46,34,5,13.790217,866
118,143,5,8.425477,440
9,89,10,13.783137,334
113,174,15,1.181879,1023
176,226,14,10.185281,981
62,228,11,9.619398,903
96,186,14,10.573449,606
58,167,19,1.458141,556
107,23,8,13.293965,440
179,83,10,1.857904,597
200,163,11,5.490160,891
87,237,9,7.110643,565
19,201,12,0.147512,521
140,122,13,4.822049,548
190,4,5,10.971299,780
230,163,7,19.567171,697
82,237,12,7.565823,834
175,155,18,4.508442,387
162,229,13,8.735570,1171
243,149,16,9.048392,596
126,75,6,17.382582,555
11,38,11,6.790867,291
89,213,5,3.219667,758
217,26,16,1.724962,533
8,90,10,11.923299,306
85,158,14,15.373486,1003
22,25,11,1.291882,523
51,210,17,8.801468,570
30,53,9,0.889291,400
207,148,16,14.459546,1130
148,68,7,10.089761,664
156,86,5,12.889664,792
224,85,16,3.213683,536
109,127,11,6.134313,1186
62,80,12,6.363769,999
227,236,7,12.933273,609
83,97,20,16.212494,407
53,200,11,6.871941,397
222,139,18,7.497113,705
6,199,7,15.728672,149
12,229,18,20.307878,772
59,146,13,7.998351,230
144,183,20,15.278015,1059
18,97,12,14.136598,735
238,3,5,14.720799,309
18,231,11,1.504216,212
181,145,6,17.154950,278
50,241,8,12.619905,325
142,186,10,5.740840,418
50,184,12,19.711697,679
249,130,12,11.069182,586
1,151,12,0.638481,745
150,138,12,3.766174,862
102,37,13,16.104377,1052
20,192,17,4.180002,561
32,114,20,15.466818,825
161,212,6,12.848705,375
179,207,12,5.192816,408
227,106,12,5.348954,355
115,4,9,8.367479,212
218,38,19,5.892713,258
216,193,14,20.461774,730
97,207,8,17.148827,176
80,196,16,4.375511,202
22,161,12,3.340859,188
86,95,11,16.927859,857
189,145,19,3.907177,1132
133,14,13,19.689553,982
18,101,9,2.207516,720
18,132,18,20.454741,166
105,35,8,2.967325,152
22,73,13,17.363831,176
238,12,9,19.623913,614
239,76,12,17.494183,738
182,115,8,17.878870,378
111,167,7,17.623360,548
148,44,11,15.814353,702
38,181,10,16.891421,132
170,75,18,5.471376,313
23,72,19,11.309026,1028
2,185,19,2.367085,535
243,176,14,17.236161,528
31,158,19,11.962640,879
69,129,10,15.721546,600
49,246,11,17.995207,250
188,146,9,1.074193,614
148,13,19,17.396752,1077
43,58,18,19.738083,389
141,61,13,12.485037,378
186,127,11,2.924196,371
1,39,13,19.387896,719
188,209,18,0.505184,234
170,91,13,1.801742,923
228,60,11,1.907017,686
117,94,7,7.538965,981
158,157,9,16.121623,1147
134,14,8,16.554462,510
108,52,18,3.640328,704
205,41,11,1.544875,715
179,206,7,17.555599,891
79,30,20,9.724848,355
120,5,9,12.275270,462
185,20,18,5.333818,317
121,163,16,8.774429,607
181,93,7,6.521624,281
115,131,10,14.307664,101
56,40,9,9.577064,1102
64,16,14,9.237019,570
155,8,12,2.136799,655
125,209,8,5.775390,854
197,38,17,18.490303,717
24,55,15,15.133372,665
134,81,16,7.644950,679
11,133,14,8.571187,757
207,220,16,7.170613,909
64,151,13,6.051493,200
209,111,17,0.842846,806
51,67,15,17.270503,526
171,125,12,7.296114,523
209,24,5,18.535362,844
81,52,20,9.293555,1133
67,126,14,17.894686,496
140,98,14,0.617127,1076
96,130,11,18.707890,1045
18,53,12,10.537591,911
31,48,18,16.605446,784
222,117,14,16.155127,1012
164,57,11,18.712571,465
14,214,10,6.834677,569
94,55,18,1.596375,1173
168,234,6,2.373463,1026
132,172,11,5.686211,1193
129,233,17,17.553412,1053
183,4,16,4.189506,1200
43,162,19,1.886250,750
15,176,14,8.943921,674
183,212,6,18.296306,855
72,242,20,10.293107,123
114,128,17,6.478699,940
154,38,20,6.906578,259
205,34,5,12.084294,380
172,137,19,15.903268,232
93,103,8,5.393889,885
22,1,16,9.099048,1193
239,165,17,6.247334,317
154,190,7,2.145512,312
225,199,11,9.443547,286
116,190,14,5.390159,780
31,9,9,4.390991,914
43,232,14,13.474041,272
62,184,11,2.854508,788
133,203,19,12.715787,1092
80,10,7,19.338666,478
25,147,10,1.316553,695
125,196,10,11.288422,425
45,6,12,10.990635,363
184,143,20,1.030713,867
133,226,15,5.953236,188
249,105,12,8.251282,788
43,23,7,11.464433,155
228,6,15,19.501537,1000
196,113,6,2.268828,948
71,222,17,15.618650,357
229,40,18,4.438245,707
61,119,15,17.336429,237
114,89,19,18.592645,1152
183,152,8,5.507430,533
159,233,17,4.227968,715
189,49,8,8.737045,896
69,123,18,17.121745,156
33,214,11,8.335847,313
132,57,18,2.984340,879
116,200,7,7.337763,226
213,32,18,7.986805,171
164,37,20,6.202792,386
243,79,20,18.257971,1065
115,194,20,18.560030,655
81,179,5,8.976733,351
204,177,12,7.726465,112
231,212,5,8.766391,737
226,246,7,2.715529,1067
52,96,10,2.817958,255
3,215,13,14.388058,711
231,138,7,14.230257,780
8,50,10,9.455573,495
93,104,13,18.339674,999
171,16,5,18.564180,1048
17,89,7,6.810533,649
96,169,8,13.268189,608
76,49,11,3.997157,1088
161,192,7,4.909292,252
205,238,15,18.148244,618
183,149,18,2.406057,214
64,86,7,17.434547,450
67,162,17,16.737440,102
117,143,19,14.006257,479
153,16,12,3.440147,997
13,211,11,5.832134,1008
178,119,6,7.672700,1075
187,74,14,19.602500,874
203,6,6,4.833001,1124
64,212,10,9.142541,598
43,116,8,6.735443,501
149,13,13,2.296396,789
198,15,10,0.760340,628
32,187,6,7.265389,878
50,79,7,9.342386,778
160,197,5,19.878570,584
115,172,8,14.752503,707
144,5,7,6.944708,1016
26,206,12,18.195989,1172
175,139,20,0.135527,816
11,213,18,5.357861,740
54,176,8,9.202508,390
204,4,15,8.898675,900
209,106,19,7.675223,935
73,123,20,10.185853,936
208,109,19,19.508218,799
118,57,14,15.658987,953
57,217,17,11.911932,682
4,153,11,3.548117,499
131,34,13,16.548182,221
202,183,14,7.595926,1078
41,3,13,4.074947,492
21,22,8,9.913577,695
116,166,5,6.693170,592
46,202,20,3.047243,927
123,170,13,6.245288,361
19,89,11,1.360486,482
233,154,14,8.297948,772
196,206,10,18.863414,370
9,10,19,17.629983,425
32,222,15,13.517536,982
231,181,15,7.457715,984
204,236,9,3.677108,951
90,154,5,12.649310,720
160,33,19,7.696274,998
32,75,18,9.158020,169
111,38,10,14.016076,889
28,112,15,10.000463,705
0,226,7,15.978242,1095
139,222,6,14.660800,628
135,180,12,2.229744,899
170,239,5,2.780725,956
202,48,16,5.202158,210
128,223,15,19.641806,153
102,231,19,4.340192,762
91,105,6,7.515893,842
67,237,19,9.206079,1189
177,149,17,14.677126,437
54,192,8,16.447048,1091
77,90,18,2.891515,1047
190,242,6,9.294102,850
201,114,15,3.871901,533
132,62,6,5.394841,1055
209,140,13,7.314482,752
157,151,9,15.871048,714
28,198,5,14.909444,405
102,239,15,6.835574,1032
23,13,7,17.164994,178
149,79,8,19.597932,579
50,35,5,12.435117,346
88,235,16,3.169571,340
189,118,15,0.534719,690
66,2,16,15.303147,697
131,92,20,11.776297,1028
249,175,14,15.889818,860
191,154,17,3.780370,461
83,197,9,5.085247,851
168,93,15,16.520050,464
39,80,8,6.600169,1017
76,234,9,5.647171,1154
196,227,17,15.360326,718
140,123,17,8.907249,326
213,171,14,8.824099,1174
159,169,13,14.629025,913
59,189,8,3.695644,727
14,149,13,11.626551,388
130,230,11,7.684291,872
56,48,20,0.567146,112
35,98,20,19.691348,990
216,231,17,11.436354,511
146,153,13,13.796618,266
65,74,10,2.987953,254
53,205,18,15.189036,182
187,149,11,10.975162,966
65,189,10,13.491188,794
131,8,13,7.793784,570
229,137,16,6.264708,751
237,175,8,13.108110,716
164,222,20,5.506912,1030
248,202,14,17.950615,121
67,152,11,18.647689,495
107,242,19,8.647175,224
173,75,5,6.230110,231
238,229,11,15.306635,384
107,114,13,15.713920,213
148,245,15,5.413072,588
132,119,6,14.520137,372
200,31,20,16.908053,356
173,124,14,14.387153,428
206,131,6,16.401823,133
158,208,18,5.028003,389
168,115,10,10.409337,413
241,64,8,4.611538,856
176,213,6,0.634695,965
94,99,7,10.715373,415
53,63,19,7.613492,277
184,90,11,16.987801,195
114,156,18,8.926152,713
89,44,10,12.215012,908
227,1,13,20.367545,449
107,30,20,18.348431,166
81,53,9,15.848957,518
220,212,16,8.719819,1181
234,102,11,12.033357,386
100,195,11,3.816665,1159
105,64,12,12.930364,283
169,32,12,9.713654,706
165,130,15,9.562365,1044
80,215,20,13.356425,918
42,192,10,16.328884,442
123,14,19,14.733108,987
17,224,12,11.200552,666
108,179,14,14.485604,754
136,159,8,12.486514,268
128,237,10,15.788816,764
57,198,5,11.665631,435
67,234,7,15.561010,728
24,25,18,9.657242,538
168,238,13,17.023158,993
114,223,12,8.076686,894
158,1,5,1.433774,785
165,246,9,20.252088,346
204,231,11,19.862543,326
225,121,12,16.487315,869
78,200,12,19.263247,741
143,102,8,11.085887,1088
151,149,6,5.471438,301
187,249,14,5.989034,838
182,246,18,12.936421,886
119,121,17,1.824863,110
120,16,6,3.559530,1038
181,242,15,5.331870,215
72,144,19,10.276761,490
58,111,13,0.731780,141
245,179,17,17.931098,827
23,102,16,16.158294,123
245,58,12,8.461091,489
13,175,6,10.924523,826
87,225,13,5.238345,1143
243,48,12,19.733730,1092
41,99,12,14.051006,234
150,193,16,13.034006,523
157,162,18,6.727921,845
199,99,10,11.783020,989
188,64,12,13.721997,989
28,240,11,9.704998,558
173,92,6,16.655387,824
55,31,15,19.654549,157
36,5,18,1.375368,561
240,153,10,16.419206,1104
133,201,18,0.623778,189
231,34,12,6.111786,158
30,48,13,17.151375,1116
234,12,10,16.212361,1189
42,185,6,14.254357,398
72,2,17,8.859117,344
204,242,16,14.840755,874
14,42,16,15.529604,890
116,228,7,1.803484,875
112,160,19,1.342805,937
62,156,6,10.278299,521
236,56,18,18.380946,275
169,122,13,12.795356,296
118,105,15,6.748002,236
186,162,9,11.427434,113
109,13,5,1.439949,578
240,27,9,8.903958,859
184,150,18,4.091174,500
249,158,14,12.633986,562
54,73,13,4.156063,568
235,53,18,20.068334,525
211,138,17,16.328188,396
195,132,5,12.117198,874
51,197,6,15.199547,1112
204,108,7,10.299191,1154
237,166,11,17.343953,299
105,143,18,11.075403,839
165,242,19,18.088094,280
68,242,6,14.958753,960
133,53,10,8.908410,592
89,215,11,9.470190,1088
55,190,14,11.063777,617
45,17,14,16.793836,1063
77,204,7,8.405990,944
106,25,13,13.825787,275
154,17,18,8.291102,231
38,99,6,16.451136,205
152,165,20,11.018879,162
48,180,5,15.225575,645
198,219,15,13.397752,838
60,183,11,12.096382,121
138,96,9,20.328045,1081
110,123,15,6.823779,794
172,110,20,19.579822,740
105,214,11,4.467552,478
222,94,8,10.232477,170
114,183,13,9.253770,323
54,108,11,11.150965,453
97,190,9,13.975434,1124
178,23,15,12.232768,862
158,79,14,5.199345,417
243,51,9,12.982155,588
160,41,12,1.933772,697
87,170,9,19.689589,817
217,49,11,16.232814,1094
246,86,8,12.946670,1019
134,80,5,3.997026,1079
37,25,11,12.900922,1126
10,159,18,10.936975,598
152,109,17,4.544430,598
109,236,9,0.369638,153
153,201,12,2.811273,945
32,100,14,2.193535,548
11,105,10,7.315039,1066
23,104,20,4.461639,1077
165,240,6,3.867016,662
223,215,15,2.564683,368
84,5,6,3.732105,719
91,236,11,20.339151,428
113,157,6,0.151277,494
19,50,9,14.264392,853
5,235,20,15.306175,521
247,233,7,0.646335,202
179,194,6,9.995900,815
214,182,9,14.058586,491
100,54,11,10.079172,887
221,140,6,15.707238,758
17,16,17,9.626968,931
101,75,16,0.654001,529
14,15,18,11.315222,1113
165,156,18,13.159176,841
91,110,16,7.731372,411
249,119,19,11.985907,363
76,203,16,14.981107,392
224,6,14,12.853508,494
206,145,14,16.404287,272
183,145,13,7.294122,396
133,208,10,14.687012,552
145,171,8,13.807353,570
55,199,10,9.900204,112
25,220,15,6.609742,531
143,206,18,14.229285,460
95,17,9,18.338196,173
133,102,5,7.941807,394
79,248,16,2.813888,513
55,93,17,7.555280,985
169,162,15,17.611812,150
183,200,10,13.251893,805
59,140,17,16.826074,325
157,219,9,15.064186,220
194,42,6,8.159661,176
186,222,14,14.766430,817
3,127,7,0.566253,311
114,186,5,15.947888,417
211,15,12,4.850884,155
200,43,7,4.130432,965
189,193,12,7.259298,1000
31,177,8,16.860122,1138
170,148,18,1.467831,391
1,10,7,9.947046,899
16,109,7,16.070944,463
244,155,12,7.118795,846
204,29,18,0.680214,786
104,47,17,18.831288,105
173,240,15,8.717624,903
143,129,10,15.931744,545
207,218,5,1.326995,212
123,146,12,17.276818,644
145,227,18,13.079804,905
126,178,20,17.686055,370
3,51,7,3.712668,1072
68,53,6,14.630902,918
53,240,18,16.934173,1038
139,155,5,10.497981,640
243,206,9,4.256724,248
101,180,17,14.068121,216
114,113,17,10.786911,703
213,57,17,14.917913,1120
206,94,16,1.074271,1133
82,245,10,3.226241,1144
40,29,15,14.230105,732
184,176,6,17.253223,790
140,45,18,12.046895,1048
167,213,6,11.286928,476
7,130,11,15.700547,1131
235,68,18,10.103109,971
157,223,9,1.282074,964
10,183,14,3.261990,190
45,237,13,10.622461,961
149,142,17,3.834943,811
201,105,11,14.046870,968
67,89,20,8.412900,717
20,96,6,6.227969,675
172,171,5,0.381475,1093
6,194,6,17.203712,434
108,39,12,13.578070,557
249,248,8,16.406319,627
28,61,20,19.779323,1095
22,28,5,18.123499,392
171,4,13,19.482355,1176
38,8,16,3.926089,1016
150,196,11,13.515230,679
95,145,5,18.933067,367
83,172,10,6.219143,328
73,179,6,12.053592,570
17,126,20,15.742946,835
174,10,16,1.755740,575
209,126,16,10.499576,548
7,102,11,7.837081,217
99,117,9,19.616264,854
86,96,8,11.287635,132
33,37,16,9.215526,374
124,184,15,16.454509,474
245,80,7,13.072664,959
220,201,20,14.621880,1155
220,4,7,13.963688,1013
35,171,13,17.497984,1165
25,110,9,6.476836,556
118,154,17,13.852400,474
102,149,10,19.931947,503
224,146,7,0.038397,562
164,155,15,9.020432,581
144,102,15,5.984390,983
127,163,18,14.339856,211
7,104,19,7.330822,1199
94,170,13,5.969708,131
36,234,7,10.544719,172
7,235,9,10.897322,665
0,33,20,12.790376,830
165,128,7,18.020680,1187
188,13,9,0.193230,937
140,85,19,1.270953,1132
99,189,7,5.189063,786
87,193,20,15.050270,275
35,126,17,10.723958,1130
114,82,19,19.876224,1182
243,55,10,8.944287,255
122,65,17,4.979739,521
55,49,10,4.842768,719
6,121,12,6.246522,1074
201,176,19,4.220526,281
15,99,15,11.665333,533
196,148,13,14.269534,304
155,219,10,9.116330,420
55,92,17,4.918888,318
176,45,12,17.898872,1018
249,83,7,18.697423,996
77,76,12,1.034473,596
163,41,17,5.583487,1018
158,119,18,7.731639,887
33,119,5,8.985060,1178
80,34,12,8.592240,648
79,64,9,13.471609,1166
191,106,20,6.749706,728
3,114,20,19.491149,272
43,148,10,8.799227,292
243,112,5,16.277487,665
44,177,13,6.032060,455
231,93,5,5.266254,471
105,249,8,4.132783,1189
96,141,11,17.580050,1173
133,223,20,3.506898,241
142,97,8,6.721189,287
166,249,20,5.015943,915
162,215,15,18.445731,578
105,234,18,13.653222,811
200,76,8,2.754368,1188
40,30,12,4.587397,827
49,172,13,6.174432,1177
237,214,15,7.114302,543
178,236,18,9.961112,812
47,194,15,3.908618,182
80,124,12,3.172240,316
39,86,17,6.737089,379
154,0,19,12.313755,409
249,6,11,17.958465,1146
165,236,13,4.900964,453
223,220,5,17.234970,344
168,139,20,7.274784,570
149,226,13,14.047251,990
95,101,10,15.654169,1091
249,218,16,8.356118,610
0,3,9,19.362836,1157
172,122,19,9.620364,310
168,122,19,12.879702,107
116,221,8,11.329344,294
133,67,7,11.013612,1107
126,213,14,2.426435,375
192,195,15,17.065924,257
81,192,9,0.461855,375
150,207,7,4.107652,992
82,169,14,0.783952,599
138,102,20,19.582970,176
169,79,19,7.368256,1147
54,178,7,19.953614,318
102,211,6,11.222062,1086
182,112,7,2.318788,845
220,74,13,8.897459,152
15,210,6,17.416772,438
202,44,14,2.315636,384
233,84,16,20.044184,543
199,84,9,15.844526,819
52,192,6,0.829757,125
124,227,6,13.308838,769
30,125,20,0.949753,290
85,174,20,14.517594,193
58,2,12,4.550148,1178
98,176,14,7.349433,849
152,45,18,6.104812,755
84,129,6,1.019203,1106
184,45,18,3.800055,358
185,171,19,15.735064,399
247,3,11,7.950257,305
108,49,17,18.379634,111
19,73,18,2.708508,387
125,180,5,8.676244,704
206,89,9,0.537588,1134
19,108,19,12.181685,771
40,24,18,18.847751,670
207,115,8,7.550699,823
199,0,18,12.670937,945
141,89,11,0.717921,787
40,139,6,18.307635,1105
149,115,11,13.981245,230
182,109,15,14.505952,1074
60,14,16,17.669659,121
32,84,20,14.015176,843
157,119,20,12.999844,469
169,90,8,16.900190,838
147,116,10,9.906970,817
127,114,9,9.094934,611
131,137,16,16.793862,1163
148,157,16,15.423609,531
173,239,17,16.907077,264
153,149,14,4.059259,762
171,200,15,18.606601,733
70,14,7,17.067017,907
194,131,11,10.147959,927
183,161,20,19.377201,754
247,64,6,7.228037,543
27,224,12,15.621526,601
208,33,6,20.184955,1039
82,125,9,9.062844,577
30,229,13,2.566698,150
205,138,5,15.784175,329
139,151,20,0.718622,1103
55,201,13,10.350464,275
85,63,8,6.860300,882
31,51,13,17.599470,790
29,153,13,19.047927,514
69,91,13,16.189619,564
118,165,13,2.954067,137
33,121,9,14.989494,682
230,104,16,5.377238,1171
174,148,20,5.132009,449
132,215,6,13.597060,611
197,19,7,0.203109,229
201,140,20,16.845301,995
146,210,17,17.186562,214
87,46,12,4.551013,707
229,46,14,4.701642,284
117,222,18,16.890059,941
166,67,7,11.303764,468
235,13,13,17.149758,896
77,228,10,10.128587,694
131,85,16,9.510113,756
169,55,8,8.124476,972
28,34,8,17.015506,214
86,66,20,15.765159,321
226,109,11,9.218684,955
164,172,11,6.097536,698
56,124,18,0.304616,242
43,4,15,12.547238,313
118,48,16,9.360779,1103
41,217,14,5.798911,168
62,45,15,2.588486,655
47,188,12,12.130599,124
205,217,9,8.968137,843
98,39,18,17.584668,786
116,141,15,11.051423,917
65,231,19,2.057804,1099
91,155,11,8.109496,693
4,97,17,7.238831,249
105,174,16,3.385528,902
133,206,8,6.211551,912
17,221,12,10.086714,965
133,233,18,1.441849,267
227,124,5,10.849868,215
83,185,17,8.921032,426
163,202,18,9.585804,424
201,0,17,18.294900,260
210,199,14,6.309053,175
164,124,14,16.057849,747
0,245,15,7.922084,985
247,168,15,14.094373,548
240,171,10,18.663475,640
0,129,15,9.025899,226
64,21,6,10.072914,315
72,88,12,12.594719,623
193,235,7,17.934969,785
74,217,14,2.711701,511
242,103,5,13.934456,730
126,43,20,11.434260,657
70,95,9,0.599363,577
8,44,8,17.331165,953
31,12,12,15.880643,1104
180,183,20,6.745011,607
92,225,16,1.725935,391
220,210,12,9.230543,854
249,171,14,1.756048,594
37,112,9,0.818191,258
30,218,9,14.998484,859
73,72,13,13.127031,642
234,71,17,8.079561,1043
76,72,12,7.896975,236
89,159,20,11.089330,102
116,22,12,16.808193,1083
115,125,7,5.456723,468
222,170,5,2.808938,753
118,47,10,5.960941,132
4,75,5,9.683913,863
35,176,7,0.219064,687
172,175,18,5.702361,847
42,45,5,15.137881,1142
210,23,14,7.248503,399
25,179,17,18.633152,793
21,232,13,5.752932,891
4,55,6,2.485504,474
244,38,20,6.142899,944
73,39,10,19.390471,143
212,3,13,12.523907,225
240,39,5,20.027377,904
111,53,16,8.246838,697
132,154,8,19.565867,503
64,246,9,18.202454,966
162,184,8,10.069469,1068
98,56,9,10.842842,443
96,117,17,4.388643,1118
170,138,11,6.371479,647
26,169,18,7.126211,1131
109,219,17,20.111275,1197
94,41,6,10.666882,207
17,119,10,3.541519,728
180,153,13,9.652180,146
128,33,8,10.531879,308
16,57,5,9.781395,1168
66,33,11,16.287100,338
184,217,10,5.322359,580
77,93,18,7.036660,232
55,120,15,20.460210,406
176,126,20,6.365438,753
8,172,9,1.362179,696
233,20,12,20.275143,231
215,207,5,1.048456,1114
130,47,8,5.817861,756
223,116,18,2.069260,684
231,23,10,8.495155,729
144,62,13,15.651819,668
215,181,16,10.290511,178
102,3,17,12.692246,1034
241,58,19,9.956987,569
95,83,18,6.689332,250
88,55,16,12.256815,278
108,121,7,17.668201,300
164,30,18,10.065736,669
159,78,7,11.975834,420
104,130,17,18.020787,573
24,13,15,17.983113,245
183,142,7,18.556102,805
1,132,8,8.469749,157
180,198,10,3.236056,384
174,146,16,13.763306,376
65,48,14,14.321892,616
2,30,11,17.018616,266
170,209,16,18.243345,749
227,63,16,11.993017,1143
66,229,9,7.703912,1133
15,147,8,20.377974,623
46,151,15,20.236911,423
154,218,14,13.657253,592
162,179,11,1.488619,414
161,34,7,18.849091,511
219,232,15,14.488614,1082
238,101,6,2.429144,239
137,144,5,8.651137,166
88,246,17,5.292666,110
99,47,6,5.096229,955
191,182,7,16.175895,140
233,107,13,10.166170,192
38,0,8,4.143525,704
110,54,18,19.949999,757
189,16,13,14.260117,1004
185,219,6,18.240779,656
248,94,20,4.255540,828
50,102,11,14.139716,1175
203,199,13,12.560999,642
178,240,17,12.921038,319
90,202,17,17.672303,991
62,206,9,6.775094,341
145,206,16,7.328585,381
226,80,5,20.185616,266
153,239,9,13.781462,379
179,45,17,17.366476,867
25,199,17,15.271885,1181
216,210,18,16.357325,922
5,85,9,3.549645,720
121,54,18,14.505134,1183
194,108,13,9.974643,764
181,22,16,19.890407,1110
11,200,20,5.692881,993
145,112,13,4.594555,691
220,99,15,12.725868,1056
228,168,20,5.525214,1024
193,194,11,16.460923,1102
190,148,16,10.099184,1141
95,143,7,0.922060,433
112,109,5,17.028336,445
245,51,14,5.604708,854
48,55,20,5.126111,725
169,226,19,8.740975,541
223,3,9,7.778837,206
22,26,9,8.435019,1196
79,155,11,6.040481,1159
24,107,17,1.395096,269
29,151,16,5.692829,567
95,113,7,5.756794,461
69,5,7,15.921780,672
27,111,18,18.394399,795
237,239,6,1.051822,1011
93,127,8,5.281297,164
118,132,6,11.959872,1105
8,171,15,10.853370,308
78,221,11,0.599152,530
136,246,8,16.753240,1096
246,112,14,1.009965,724
16,205,7,13.482888,1051
224,95,8,7.269962,532
186,123,15,7.742861,649
77,13,20,12.092151,547
158,155,9,1.795015,723
216,227,10,8.395194,549
76,108,12,13.816696,406
105,45,18,18.293998,981
98,170,17,4.968537,177
10,157,15,7.545962,525
40,165,18,19.989299,654
249,126,6,12.646113,363
15,3,7,16.064141,1017
204,131,7,9.067620,1095
232,130,9,1.188458,487
58,72,18,13.214447,454
55,189,14,16.741572,902
222,178,5,11.068722,106
79,76,18,5.882274,982
31,245,15,4.665157,370
117,102,17,7.528997,1061
90,76,17,12.099517,788
77,142,16,19.951421,843
81,38,9,0.047746,1179
149,174,7,0.069033,679
123,138,20,19.208537,759
25,240,19,5.493955,1074
229,89,20,11.259966,1010
132,205,7,11.450784,286
140,165,9,12.345137,108
1,8,15,3.511480,649
8,106,7,7.459466,600
38,231,5,20.187996,473
119,186,15,16.467738,803
88,213,6,20.133672,316
54,172,5,7.444142,109
143,106,14,16.788652,144
114,70,5,10.009116,890
193,112,7,3.619365,998
9,218,12,9.146886,666
228,72,9,15.720267,1070
54,90,20,7.084595,179
211,82,20,9.718264,1146
193,109,14,9.644721,1086
77,24,16,20.312058,947
2,65,5,13.667217,264
24,36,7,17.549557,693
124,22,18,19.352537,821
75,15,19,5.931517,999
133,153,9,15.355762,135
166,11,9,2.869297,913
79,7,14,3.496042,959
195,34,7,16.410180,495
119,109,15,7.071575,616
12,235,15,7.943422,683
47,150,16,12.842146,446
204,25,15,4.866437,391
214,70,18,14.182336,770
12,141,17,17.276640,181
126,158,15,20.397903,967
33,202,13,12.797474,797
157,166,11,15.709397,698
22,224,14,6.218192,670
41,161,12,1.215328,1018
151,112,7,14.047391,103
98,72,17,5.028405,251
171,201,18,18.785219,855
159,7,8,3.622478,1181
212,7,20,5.828754,642
176,82,5,9.573256,1196
55,42,15,9.932040,140
81,160,5,5.858503,431
209,103,12,14.800059,1011
181,60,20,8.845239,870
70,235,12,3.549608,171
29,222,8,13.598788,1044
33,158,14,1.544016,329
177,185,8,2.269544,431
168,46,13,5.264514,1126
124,204,5,11.352719,1074
6,210,17,2.614672,823
161,185,8,19.477013,720
204,203,7,17.926722,135
65,211,10,20.412175,907
246,217,12,18.751621,898
205,19,11,17.848568,960
155,195,17,8.830655,606
14,167,16,16.563457,386
69,68,15,11.806961,606
247,27,20,6.620936,578
239,101,10,7.906669,941
161,17,18,15.351070,406
119,233,11,8.836583,153
132,67,8,0.052558,1177
121,138,10,5.572723,946
240,31,11,1.784397,909
32,51,17,16.923340,388
122,3,9,18.309357,1015
191,190,10,15.446711,686
144,185,5,9.537168,120
88,39,20,18.233094,165
169,38,10,8.892946,1133
88,175,17,0.434899,918
182,179,14,16.675285,899
173,49,11,3.598356,671
10,140,13,6.976431,420
22,175,8,18.676279,147
243,128,11,11.072406,650
72,42,13,2.907944,737
125,248,7,18.976532,929
146,20,5,14.676451,787
0,26,14,6.452409,688
130,201,12,0.968707,585
19,242,15,7.120560,995
212,188,12,11.427672,784
165,118,9,15.179270,1094
15,224,17,1.157718,454
8,151,12,2.574699,883
119,212,15,20.490617,324
213,199,9,3.640253,141
72,154,9,7.328998,353
85,101,11,9.825223,931
126,214,14,19.254048,559
107,146,17,4.587179,302
70,6,15,8.070236,199
46,133,13,7.794955,1170
47,94,6,18.304037,904
85,137,18,5.250029,673
137,119,10,14.029942,662
176,54,14,18.756070,628
239,160,12,5.420775,422
179,40,11,7.919195,401
52,185,7,19.589613,554
187,239,19,0.069444,1012
93,232,6,4.924010,755
5,16,13,17.390523,809
217,231,18,0.053601,386
54,75,8,17.001455,1186
196,221,13,19.954862,824
180,151,9,11.661662,680
171,68,17,7.951420,113
159,40,8,4.697903,539
200,130,11,18.868165,969
143,213,16,13.855088,505
223,121,7,9.473848,1014
66,110,7,6.768503,265
93,111,5,13.306536,749
124,209,7,7.714604,615
170,107,17,4.828979,237
201,1,16,15.587883,319
110,105,20,11.573564,827
38,151,5,14.092862,211
128,234,12,16.935281,337
151,24,13,17.757390,277
52,15,11,11.592841,622
194,30,10,1.664111,945
141,95,10,14.853428,903
124,67,8,11.223774,1045
176,243,12,5.951979,883
235,240,11,2.067825,837
185,82,20,9.359288,833
52,64,16,17.353865,898
83,65,10,8.758159,579
242,161,17,7.243620,841
15,105,17,12.471319,687
242,41,17,16.532437,338
102,166,14,16.480829,707
238,225,6,19.137150,1146
194,166,7,5.529887,1012
10,56,14,1.733102,506
17,34,9,14.480093,917
114,51,20,9.273966,683
15,185,13,16.388965,1191
106,125,17,0.266001,854
218,198,17,8.854303,528
159,89,19,5.541380,426
85,106,10,4.930392,800
160,201,14,7.862063,951
200,57,9,20.187634,902
242,205,19,11.504073,639
36,242,13,8.917477,163
143,73,10,15.174033,1044
9,183,13,5.957054,1095
60,62,5,12.912985,271
244,0,9,2.473277,435
51,127,6,17.649181,838
224,0,10,14.664659,124
60,6,9,8.163214,949
17,118,9,6.840253,722
240,86,6,14.217593,267
93,231,6,17.487835,419
178,219,19,17.484536,788
36,137,13,13.530323,818
159,112,8,19.943085,711
246,5,17,14.492110,532
103,53,8,4.947259,372
119,75,17,7.368712,130
178,187,16,6.773694,219
247,207,10,14.727256,960
118,218,12,17.834261,971
168,15,7,10.066409,616
180,102,19,4.328616,960
146,190,9,10.081903,394
50,23,18,9.293817,327
228,179,8,2.487048,1073
140,31,10,15.388250,393
71,132,9,11.516882,192
127,70,18,19.659730,942
73,64,14,6.386584,303
53,211,17,6.771677,1001
54,159,16,1.031784,1171
5,223,8,17.833827,774
22,204,8,9.148190,1031
212,163,14,20.335473,188
221,14,5,0.817730,493
230,110,18,2.127681,166
96,214,13,10.784964,781
99,23,15,0.784575,1088
59,196,15,4.726671,252
99,193,9,1.632384,400
208,100,17,1.736465,1179
64,115,11,10.052122,1142
127,118,10,4.873064,433
69,73,9,20.184213,757
128,117,15,11.273658,206
139,235,20,15.326939,1015
29,1,19,15.628608,738
22,198,17,12.562545,926
55,36,10,0.884957,1128
205,45,15,10.756011,988
233,51,17,10.884186,665
28,125,12,10.664654,1190
217,129,12,12.969015,808
178,133,15,14.070945,1029
178,165,15,4.854624,891
136,184,14,9.940865,1125
52,245,10,3.100040,666
16,188,8,8.539957,406
249,3,18,4.618867,270
61,166,16,1.753349,553
134,6,15,9.861859,972
53,183,11,12.967204,1140
202,186,18,13.094353,304
221,54,8,18.789788,1031
159,47,15,16.486868,1124
87,175,17,5.543263,416
51,98,16,8.338717,361
74,178,12,6.571781,1146
55,229,11,0.226013,912
134,218,7,7.789065,745
121,118,11,5.695620,530
77,21,5,19.054775,1055
214,49,16,19.699449,418
139,8,10,8.650020,216
139,153,14,2.833717,352
182,7,17,17.340520,1149
56,169,7,14.632707,315
53,21,13,0.234170,464
70,32,15,14.898641,626
14,104,14,16.112714,216
156,88,7,17.449808,506
130,214,11,3.832693,698
68,206,16,12.329862,1156
246,142,19,1.327453,558
79,35,17,15.774992,692
45,193,10,7.646457,1102
3,108,19,14.136624,615
124,109,19,10.363023,130
42,51,8,17.745971,556
246,174,17,10.181901,185
116,179,13,2.022643,438
74,235,14,0.070449,544
92,116,7,9.971455,581
168,164,9,5.958738,671
1,195,13,5.640395,540
122,106,11,3.818907,130
57,155,16,13.504446,445
71,117,20,7.541156,710
122,4,11,19.764651,983
58,174,14,1.466703,255
166,107,13,6.311472,453
170,60,8,6.369471,174
34,120,15,19.742631,309
155,93,20,11.557075,848
175,42,6,4.913572,620
95,52,12,11.555632,219
26,215,14,12.604442,703
244,220,7,2.315697,431
17,175,15,15.514466,899
20,102,6,15.558298,388
136,32,12,8.941851,607
122,82,16,12.694756,1119
191,48,18,0.456081,143
21,5,17,0.558315,373
167,63,5,9.244793,195
47,163,13,8.877038,731
197,219,6,19.185038,325
52,209,18,7.184735,273
65,95,5,13.062504,1059
148,75,12,3.932285,763
104,165,12,4.967070,971
113,5,5,4.516992,909
33,57,17,2.961186,280
137,100,6,0.497191,998
93,175,17,18.726394,895
5,1,18,7.614184,726
171,192,12,16.317308,1096
148,121,8,18.522065,175
111,98,12,7.915795,168
8,119,14,16.482540,418
122,101,5,3.775400,371
76,15,12,9.973043,925
93,126,8,8.423701,758
54,85,7,10.163694,1169
151,212,19,2.786928,922
124,188,6,19.074517,223
209,88,6,6.257246,320
91,248,19,12.996016,285
142,155,8,17.352693,916
119,201,17,17.801708,718
228,44,18,4.324946,551
125,210,19,9.492412,527
233,40,15,16.127071,1079
43,32,20,10.865103,892
247,122,9,17.145349,286
26,63,13,2.996665,761
104,164,12,15.253523,278
186,210,18,0.474186,162
117,121,18,11.568549,792
150,106,11,9.979885,855
15,225,9,15.641434,823
193,132,16,4.699262,645
27,17,10,17.590253,465
119,110,20,3.021707,719
50,189,10,15.686434,277
25,146,18,12.289661,717
14,41,13,3.242475,712
213,157,11,14.506415,912
87,234,18,18.233042,298
40,99,19,20.381611,712
65,176,13,15.490724,711
21,182,7,19.044752,1133
188,93,17,18.520592,311
17,152,19,11.396183,924
215,76,16,0.437151,347
124,64,11,19.231415,253
87,207,15,7.285347,1077
90,197,8,18.333014,803
121,25,8,4.726823,304
96,111,11,19.156596,581
110,235,20,18.454615,850
190,103,13,16.289210,312
86,232,9,19.971661,155
69,146,5,18.558859,731
116,163,8,12.052574,720
33,95,10,5.942593,655
200,242,7,15.820688,228
241,96,15,17.530502,895
53,147,17,11.252485,852
103,206,18,2.465483,408
7,141,12,0.760528,575
162,201,7,5.435654,182
81,189,8,7.560165,1153
60,29,18,12.174031,433
18,49,18,19.806493,1198
186,227,20,1.872640,786
26,208,8,14.670733,1188
118,232,7,8.909979,558
225,133,16,6.296985,844
26,23,20,4.693031,158
109,50,9,2.202256,807
186,176,13,7.363586,296
194,105,16,9.347082,1072
42,221,16,4.578300,999
140,197,13,3.871803,749
148,207,12,3.666980,824
70,4,14,17.048826,578
168,63,19,5.170291,855
240,126,20,14.753962,437
225,17,5,11.716807,1107
238,19,17,19.012127,813
153,172,10,0.058549,1117
42,219,20,4.531195,593
120,27,14,5.328294,636
177,28,15,9.759639,1006
201,238,6,17.234246,591
73,9,13,19.272475,692
155,35,13,17.543500,228
65,71,7,18.430031,103
185,194,17,9.545315,584
181,227,20,12.198741,690
15,101,15,16.431773,624
139,82,18,5.699683,356
151,68,13,14.946908,173
87,14,19,17.801133,827
170,8,16,6.625009,912
249,150,6,16.939220,745
190,194,15,0.433668,1042
20,185,7,18.464577,504
18,89,7,7.175382,440
113,235,10,17.152746,128
220,242,12,10.352010,751
78,246,7,5.246200,688
189,221,14,13.122607,619
47,13,9,6.210715,161
216,206,19,14.751095,815
148,54,15,0.627184,241
221,181,18,1.702949,740
122,96,19,18.556760,260
37,181,14,19.992146,910
128,63,16,2.591822,245
176,49,10,18.078842,275
119,35,13,12.408229,494
136,172,14,8.942999,608
94,169,10,11.041834,1176
76,75,17,15.872613,219
16,155,13,10.117441,143
191,50,9,13.665794,812
45,203,9,9.209586,472
150,107,8,9.463559,336
44,60,20,6.172247,731
76,1,20,12.653994,665
82,94,14,9.389482,797
101,11,8,1.849079,873
0,106,15,5.313465,786
176,174,10,8.911915,168
49,179,6,8.173497,423
6,75,7,18.259957,505
50,122,19,1.919419,1083
186,63,8,4.025344,177
144,245,13,18.484353,618
112,14,13,4.959958,282
75,72,5,10.242118,200
239,157,5,20.414482,176
18,90,16,7.304015,311
68,228,6,10.870075,512
136,30,9,3.873924,378
46,31,20,12.036894,476
228,95,19,19.443208,356
230,40,7,1.708116,1183
182,209,7,7.665473,806
228,98,15,13.784984,993
128,39,7,17.326325,131
234,208,10,5.302780,1160
97,64,19,15.640859,428
78,31,12,3.390080,463
137,76,20,18.665149,316
185,71,18,10.962974,645
3,39,8,17.848519,586
122,63,10,8.924116,317
10,161,13,6.246165,681
112,184,17,11.085735,522
161,100,7,11.632534,163
65,5,15,15.055969,430
87,197,19,9.325895,1119
138,70,17,7.771520,135
38,15,13,1.169245,814
187,8,20,2.651971,879
77,218,19,11.569401,846
202,8,9,4.131879,282
156,48,8,1.059760,253
1,96,10,16.088969,853
90,120,5,12.534197,269
183,208,9,18.062239,1088
5,26,10,15.439804,745
50,207,16,15.479146,176
59,91,20,8.301238,886
195,139,15,13.865044,906
183,169,8,18.413463,353
223,11,9,6.420002,1165
207,62,19,15.115532,770
16,101,20,7.562400,174
176,157,15,3.768303,647
197,205,10,20.396266,786
108,207,14,10.149202,863
56,61,15,17.335945,591
135,75,9,0.175229,602
116,208,16,14.674494,705
218,158,7,4.280335,540
160,66,20,16.478403,573
225,237,20,6.653702,577
101,32,11,12.358092,1020
85,199,17,5.509584,258
145,102,15,14.331313,724
131,61,12,8.981749,416
124,225,13,6.976229,435
128,89,11,7.465353,876
69,4,19,14.419143,181
63,103,16,12.853830,174
79,108,18,11.512216,419
158,129,9,15.884905,130
229,98,10,18.197795,972
175,93,17,15.948520,1020
48,117,8,19.464735,415
62,117,15,2.385863,301
192,237,10,19.747538,1160
2,166,16,20.036501,1092
179,6,10,17.362220,1142
19,81,16,11.912883,821
187,46,6,1.519844,792
177,92,14,14.716891,172
233,42,8,13.867170,887
62,2,16,16.725471,340
142,241,5,5.148414,470
38,219,11,17.893799,719
89,28,7,18.739743,893
212,197,7,18.008907,1159
211,148,5,13.293197,693
41,103,8,9.811217,417
170,42,17,2.836712,246
9,75,9,8.588873,165
232,206,5,19.181319,1011
53,15,6,7.849458,527
66,131,12,20.230865,162
129,148,5,0.812834,285
109,249,18,7.892205,885
52,187,10,15.158192,161
33,157,10,11.432901,899
173,208,18,4.618552,203
37,28,12,3.286214,618
178,196,15,13.646807,348
96,190,7,15.564479,839
10,50,19,12.541474,167
200,97,19,13.108658,291
154,141,8,2.508976,1128
134,161,10,15.907327,838
51,48,18,17.149847,578
209,246,9,17.999866,881
152,11,10,15.072038,408
96,23,5,16.230642,454
146,192,18,0.247627,787
34,245,20,6.395785,455
32,239,19,8.910670,707
126,116,18,4.172383,1078
31,157,6,6.668463,1109
87,104,16,9.814959,148
102,74,12,5.940919,735
213,212,19,7.398617,831
100,238,17,11.898749,199
6,80,18,20.331420,353
102,113,10,7.053947,267
186,118,7,14.885709,993
44,156,14,0.038661,519
136,204,10,19.992656,955
65,235,7,12.169722,450
189,33,13,19.968593,416
213,27,20,11.369149,956
10,102,18,17.557490,727
236,119,9,12.386504,116
152,162,5,7.470545,611
213,202,14,11.011652,642
9,3,10,17.211615,922
45,222,14,16.761884,782
77,170,6,6.922607,608
181,167,13,4.755276,388
160,4,14,16.123460,135
233,153,16,13.597385,1194
69,26,19,20.230955,214
39,144,15,8.740822,847
134,203,16,2.149662,307
83,157,17,5.081484,989
167,89,15,10.267348,118
155,34,8,9.043983,747
52,186,18,9.392408,943
65,96,13,3.455905,261
118,103,11,12.236838,336
155,52,8,15.320882,1141
91,229,17,16.030003,1025
129,175,17,19.832586,1002
91,197,17,11.158848,572
1,199,18,6.561994,555
244,29,14,12.545452,377
119,3,14,8.389627,349
79,185,7,11.408640,461
104,237,5,18.544254,290
73,185,13,11.789902,490
96,67,15,4.876842,373
200,101,15,15.998189,769
51,165,9,14.846687,1018
108,112,11,18.204212,1140
79,12,10,4.872988,1140
103,220,19,6.223137,1111
71,44,17,5.716125,287
178,203,16,15.674434,228
49,140,6,6.304564,973
74,139,7,17.739116,905
33,190,17,3.555658,1070
104,245,12,12.059777,595
89,88,12,13.069731,744
237,248,9,13.386578,115
20,157,15,1.756708,510
226,93,6,4.346080,441
131,110,15,4.182722,280
83,218,16,4.331438,207
49,207,18,12.941346,712
30,96,18,13.914776,1007
23,94,9,8.333439,878
108,12,12,4.307601,464
245,172,10,16.629563,1115
116,24,10,3.931041,818
139,44,11,13.691666,204
230,186,18,14.390811,1076
218,195,10,0.217855,710
223,222,20,9.020777,270
179,15,19,19.774675,190
209,40,5,5.608793,336
17,129,19,5.612604,124
88,208,14,12.107644,723
85,152,14,20.109305,456
94,220,17,4.545777,276
229,15,11,1.776824,881
226,164,17,3.517535,468
83,103,13,1.415925,786
47,222,6,2.588219,599
177,100,5,9.623610,479
216,248,5,16.769872,773
19,113,7,4.296597,664
118,194,10,9.175423,1081
10,55,8,6.022621,330
73,207,13,17.324787,494
166,189,9,0.933921,732
20,71,8,18.260381,623
158,213,14,4.534478,294
144,204,13,10.199733,710
124,193,16,10.567452,1136
235,85,5,8.471948,777
20,11,19,20.136356,997
177,217,12,0.993797,1006
109,42,17,7.467353,666
193,94,12,9.971160,1151
6,197,11,11.295922,314
196,236,7,18.165869,334
200,214,15,17.760012,681
94,107,15,18.614370,820
144,121,13,4.850501,894
173,0,12,2.114736,602
123,116,9,20.496420,1074
102,236,15,4.641563,870
76,239,7,19.995485,409
172,160,5,1.683187,310
175,40,7,4.077679,189
193,242,7,1.090340,1058
69,104,13,7.123908,804
134,54,5,10.307875,205
2,28,20,10.499127,901
11,112,5,12.581160,960
92,39,8,15.625419,921
68,76,10,11.633359,352
203,74,6,19.845068,215
174,57,7,17.412646,193
103,241,9,16.050218,144
159,165,10,0.260862,239
202,155,13,0.387684,949
237,33,6,10.609664,761
14,120,16,18.647120,433
182,38,17,19.996691,490
0,92,8,3.121727,664
16,80,14,12.922166,788
24,52,11,5.785403,641
60,194,20,16.464957,958
81,25,8,19.665338,456
104,110,6,19.035379,998
213,197,10,8.626806,937
158,25,20,1.516148,566
8,117,12,4.070293,670
18,199,8,12.815641,100
98,26,7,9.777390,623
181,103,16,16.823236,432
83,89,5,5.563354,868
147,145,12,10.273370,973
191,45,5,13.541010,986
32,56,8,16.177414,1118
198,167,12,11.979185,697
238,76,14,2.513727,749
87,179,14,14.682329,711
81,5,11,0.408989,542
47,202,17,12.192954,329
182,73,8,5.209083,542
51,50,6,3.836142,551
150,83,9,12.885041,735
176,160,14,19.809779,1182
211,83,12,6.451440,371
123,176,12,5.015683,384
121,41,8,16.528017,586
137,96,18,4.888363,1130
25,36,12,8.765624,591
33,3,11,11.901425,1109
104,108,16,12.682109,854
32,132,19,11.777499,362
45,239,20,13.549424,106
227,175,18,5.440824,816
205,159,11,13.704997,754
217,70,13,5.051761,486
23,144,19,5.348708,250
93,55,18,0.939543,163
186,160,6,6.323557,987
240,181,15,6.502620,645
165,54,16,12.684782,320
136,181,19,1.498201,188
105,176,13,5.549320,122
11,230,14,19.850436,229
85,220,17,12.389115,395
228,118,5,15.783978,537
207,101,12,6.237558,558
183,243,12,8.812876,1082
188,24,7,5.921678,196
115,126,13,12.307454,227
139,160,14,18.023066,824
76,132,8,4.653585,929
57,9,12,11.331005,337
89,241,11,15.442305,202
206,144,12,1.501315,143
49,146,19,10.169629,859
218,15,5,0.284871,105
148,240,6,6.092212,463
217,203,14,8.456794,786
206,13,8,8.620402,166
150,234,16,9.872473,1152
127,33,7,16.589007,229
151,245,17,10.170383,1144
115,184,12,0.254237,697
102,104,12,12.337168,466
61,204,12,12.277212,124
52,153,8,5.320128,112
100,125,7,11.581833,773
2,178,5,12.347526,575
95,133,14,16.265825,519
213,204,8,0.408602,116
203,66,7,17.012769,1198
142,78,16,16.021327,1022
71,203,8,7.895419,675
170,225,7,0.929199,507
224,241,19,17.630089,149
172,120,14,19.388801,371
44,121,18,2.516229,112
164,106,13,9.505340,684
23,185,6,5.114453,359
243,52,9,0.451504,857
215,58,5,17.746655,393
192,239,18,13.195312,804
194,54,15,1.497255,224
107,65,20,19.807909,197
160,76,15,15.888273,941
148,129,16,0.611902,398
29,9,11,8.814561,1034
139,147,19,3.844984,615
107,240,10,12.526759,851
50,249,7,9.361471,225
199,13,6,19.840283,160
156,32,15,6.532727,843
124,131,14,18.398451,607
31,23,13,5.419037,279
236,123,13,8.798723,245
3,194,19,13.881448,111
136,65,14,5.872743,1200
40,179,7,18.012402,1143
244,24,5,13.358424,1118
214,94,20,18.978600,177
31,81,13,4.951348,537
225,74,10,3.172756,1158
96,144,17,0.386803,588
199,175,8,12.809644,469
121,53,19,11.234505,588
150,210,13,16.230599,315
182,178,15,11.188018,418
3,28,8,4.990783,717
170,124,16,0.618139,479
36,240,5,15.336136,594
143,149,8,7.262151,328
244,5,6,6.587332,951
158,75,20,20.298140,1159
34,99,19,0.024552,495
184,23,7,12.013943,445
48,23,19,1.689568,724
26,179,17,12.607130,1139
110,193,10,14.721912,979
189,67,11,16.937679,705
37,209,14,0.089747,624
171,53,17,19.459401,286
31,124,19,9.050760,449
114,99,6,14.524450,950
94,147,20,2.462571,1021
22,219,20,4.895986,1086
4,189,13,1.411054,1190
40,148,7,8.190835,475
108,160,15,16.138394,945
219,73,6,17.533400,619
52,248,14,4.724051,796
159,28,11,20.018951,871
75,2,7,17.386537,235
95,229,11,5.878166,616
167,124,10,16.058785,325
140,219,9,3.735078,1095
143,26,6,6.339093,872
215,197,5,7.350570,662
171,71,9,0.171122,1052
45,125,16,7.913174,931
245,23,16,8.855587,904
124,228,9,11.647703,300
60,59,13,14.792991,383
16,179,20,11.208472,223
128,10,10,8.711639,404
209,90,15,9.368239,550
159,184,18,6.742352,161
124,242,17,16.463031,1021
92,88,18,1.773900,650
62,154,8,2.243312,394
57,126,14,12.769484,1067
178,121,15,3.611844,455
100,85,9,11.660767,648
107,25,17,13.907507,614
34,163,7,18.539888,480
41,189,7,9.484560,1136
177,145,15,15.564421,573
212,148,17,20.283549,1033
171,117,20,17.294777,330
41,28,7,12.908220,746
160,91,9,5.339405,1172
124,214,19,7.673031,643
139,24,8,8.111683,318
171,74,20,16.266984,760
67,196,7,1.879564,756
96,52,14,14.668270,910
182,31,11,19.232481,615
66,211,18,11.427484,972
120,138,8,6.253520,280
193,6,15,16.923111,204
186,154,9,5.197937,909
127,104,9,16.973698,1030
156,181,11,6.367737,951
67,168,8,15.181331,110
238,120,10,5.542373,1055
187,223,9,0.591876,991
228,111,7,16.035706,231
47,147,11,13.991327,867
164,28,14,12.857436,902
30,2,6,2.023024,181
36,21,10,9.235168,1034
53,99,19,4.898441,716
88,131,10,7.418392,452
163,29,19,15.877781,419
131,58,12,18.050126,743
90,174,17,20.197322,140
158,19,15,5.678802,154
197,112,10,3.540152,464
139,166,15,7.032688,503
69,209,16,9.376340,277
139,187,9,0.336026,341
91,241,17,14.215555,1123
102,22,10,1.069179,596
171,105,10,17.198927,710
33,111,9,7.512021,104
115,33,7,13.881806,971
161,83,13,10.212102,1006
46,32,6,14.051957,785
122,231,12,3.075577,598
11,98,12,1.771026,325
10,139,7,18.062605,451
111,186,6,16.367552,508
63,196,10,19.865195,984
63,125,15,14.379729,984
79,90,8,3.857337,162
183,49,5,6.242821,438
103,130,6,11.532225,347
78,185,6,5.419808,449
1,239,14,18.857863,702
78,73,13,2.910413,1193
99,74,20,7.543520,1149
129,199,18,10.950093,679
7,65,18,15.439790,904
97,211,12,3.361156,1182
131,23,7,8.471579,261
201,22,20,1.996408,1090
168,241,15,16.993168,783
204,93,5,18.593974,626
190,26,6,9.733195,147
243,224,9,6.449285,176
48,160,13,14.042519,697
55,154,15,10.860955,170
45,30,5,3.081487,391
150,10,5,0.530191,1068
197,113,6,4.770860,539
229,194,12,17.587437,972
84,6,12,9.515303,770
202,149,8,4.607279,167
111,4,13,19.491524,759
91,40,19,1.496014,424
22,153,5,17.566050,486
181,117,15,11.069273,622
84,66,5,15.912269,106
116,89,8,9.270922,701
77,96,5,15.463159,1184
145,26,6,14.731680,862
116,108,7,15.956807,508
24,155,7,20.205630,543
243,122,18,9.588606,252
147,235,15,2.375645,525
203,153,7,6.813830,708
154,237,10,10.055652,755
3,177,11,3.664261,399
65,207,9,4.459900,335
180,17,10,9.330355,114
18,79,9,15.711720,668
58,54,17,1.235033,395
110,182,20,16.151788,714
193,49,8,7.605089,916
180,78,6,19.826692,982
21,249,13,10.116523,928
241,125,6,8.393105,438
179,115,11,0.745665,373
46,142,5,19.105266,868
147,24,17,12.741229,736
184,179,19,12.705136,966
197,84,12,7.799688,508
158,6,8,13.839300,546
118,141,19,14.413847,568
110,93,17,13.745177,535
61,76,5,6.652354,109
69,223,6,18.494028,283
139,76,19,10.067250,487
230,130,10,15.261538,998
125,179,20,6.963617,433
84,142,7,6.291923,766
225,7,5,17.866250,655
216,38,7,2.547578,817
225,157,12,19.512911,711
13,207,5,7.099608,726
125,74,11,2.157569,185
100,60,11,3.861512,475
144,61,14,7.573862,528
216,129,18,2.773444,1081
153,193,14,13.369062,670
176,187,11,7.504202,688
73,139,14,14.195255,595
189,162,8,0.700213,959
17,29,14,7.400686,355
106,182,15,16.505244,878
19,110,19,9.205187,486
169,193,17,19.420059,994
29,132,13,19.605501,1134
140,58,11,10.676642,484
222,145,19,12.619844,103
5,188,17,16.870916,1024
136,231,9,3.437475,719
166,238,16,0.687133,1147
180,79,12,10.126433,229
183,105,8,0.736912,436
135,155,17,17.926516,197
9,221,12,2.874474,540
33,99,5,10.086987,989
163,103,12,3.778246,1100
78,115,19,0.137299,803
243,168,14,7.030844,958
110,234,18,15.324637,657
195,151,11,20.242182,218
89,211,8,4.035206,711
32,36,17,1.553993,339
180,196,14,19.215325,1183
19,79,9,11.593453,100
47,65,9,10.380452,812
82,58,9,0.180791,699
18,240,8,9.996188,746
25,200,7,0.117632,1092
131,57,7,12.910712,570
55,143,15,6.411570,1008
124,248,18,9.116024,242
76,97,8,13.219592,113
235,158,20,10.095318,397
111,33,19,2.978440,337
233,218,10,0.227694,741
169,81,7,13.677240,369
120,101,19,6.065624,770
95,220,12,7.460068,735
124,35,17,2.697232,597
227,217,12,13.858239,485
50,144,19,14.846643,1092
173,83,18,5.951133,264
39,238,7,11.392211,458
190,177,12,17.736510,1010
192,40,17,6.648888,512
193,111,5,9.393882,364
152,137,5,0.320348,1130
97,171,14,5.941356,438
160,45,13,17.315203,923
97,137,18,3.917698,374
78,107,20,18.184971,205
15,212,8,6.432806,794
94,237,6,13.087229,763
200,245,10,18.196755,354
170,242,12,6.306207,634
107,103,18,18.311009,130
58,153,13,3.019572,523
52,230,18,14.988974,1196
101,200,7,10.854197,819
75,234,13,0.457691,502
246,233,17,3.237807,466
233,0,5,12.432131,1087
222,221,11,10.944852,840
57,180,13,11.655503,446
146,143,9,10.108909,1119
239,194,12,0.381184,880
246,64,9,4.317755,936
151,41,10,7.561476,776
172,130,20,1.039880,477
193,187,16,13.142048,165
56,229,5,5.724419,1125
241,48,6,6.533597,367
198,230,5,0.072417,1034
80,172,5,4.435842,355
80,9,12,20.178027,774
200,177,8,0.723931,713
21,220,16,7.313193,764
56,219,8,12.582941,1046
41,205,14,14.397162,1010
42,113,6,9.112787,695
9,7,7,20.085189,1113
154,198,14,15.046533,610
185,76,9,15.231487,100
213,88,8,6.896231,487
202,144,10,7.112088,199
121,145,13,12.658458,586
218,50,19,12.604476,365
226,153,5,11.310817,327
136,20,13,10.672868,299
41,57,5,13.490665,333
90,39,11,20.249599,213
207,61,19,18.159255,1176
19,140,14,5.091899,1154
157,174,12,4.839066,328
59,240,6,15.210049,338
57,85,7,16.321137,1191
217,48,17,4.365444,248
235,130,7,4.192866,325
246,107,10,17.736844,1048
45,85,17,14.072103,732
70,187,15,15.271823,646
61,79,5,0.505158,940
89,57,14,9.980065,412
209,174,5,14.048080,163
229,47,19,19.525960,1091
182,131,11,11.839949,189
17,234,11,4.896690,197
248,128,12,17.253678,1160
99,137,18,16.048938,1068
162,114,7,18.675746,825
37,107,8,1.004901,353
27,105,14,10.735906,683
76,226,10,19.999179,156
92,249,7,4.663294,901
5,148,12,7.105528,332
107,40,18,10.519017,491
72,82,17,16.049062,1148
101,119,14,20.484880,447
156,125,12,0.438855,344
55,213,15,7.823505,933
85,198,18,12.572987,503
87,1,11,3.487417,1069
39,1,16,10.417255,1136
21,95,7,10.083590,803
44,162,17,4.046695,272
84,19,19,10.718742,734
18,230,11,15.133529,864
9,203,16,11.750209,197
5,222,14,7.189524,597
48,124,13,3.360450,583
246,93,6,16.572850,741
17,133,11,1.659157,947
57,238,17,12.498883,523
130,235,6,3.147048,818
55,25,9,19.681285,911
166,79,7,16.331715,903
26,57,14,12.175954,648
177,20,8,0.021061,863
177,201,14,2.903855,464
192,231,20,2.578116,649
121,232,17,5.426921,708
190,84,18,11.464392,168
111,221,18,0.257288,628
211,217,10,4.190740,1130
86,25,5,6.080623,113
4,109,15,10.024398,681
210,56,12,10.829765,154
242,133,9,16.447604,265
29,27,19,15.111331,1125
179,239,16,12.901505,249
131,15,13,19.810254,1086
243,126,8,19.004262,197
15,115,19,2.512393,1160
15,110,17,10.967221,759
85,60,13,17.454756,220
142,98,20,3.731175,907
18,228,15,16.172023,920
185,211,13,14.052321,476
215,236,8,15.081235,761
108,119,17,10.532638,997
154,6,7,2.018506,425
56,160,6,14.436250,651
237,46,5,12.683896,581
53,214,12,11.911808,157
246,118,6,14.010425,670
215,91,5,16.094375,543
232,30,20,9.670560,1013
55,114,10,17.824201,234
13,218,14,1.869146,1020
5,140,14,3.444841,399
164,209,15,9.740470,419
9,243,13,17.582782,760
142,227,10,2.559528,878
233,203,17,3.625633,1139
167,203,6,0.210506,1104
237,84,19,12.682748,194
177,146,7,19.487078,886
57,133,13,19.808893,109
32,39,6,14.132700,1027
2,188,6,11.026262,683
169,180,11,7.164040,625
243,56,6,19.830794,1161
222,96,11,13.019297,778
94,47,13,1.013631,272
146,17,10,4.563732,1018
234,0,10,14.856548,173
126,90,7,1.253544,951
165,196,15,11.064528,933
93,234,14,12.078568,507
104,232,14,18.465513,541
126,139,16,11.777572,131
104,147,5,4.470090,315
151,60,16,7.063182,1194
187,19,10,2.755320,1077
55,175,11,16.109691,884
101,214,11,10.382175,145
184,117,15,17.120209,627
2,246,11,1.106528,512
81,99,8,6.445844,286
147,168,12,4.811485,859
147,118,6,13.891925,1030
96,181,11,13.334655,1110
1,56,10,12.204781,138
136,169,7,14.614082,999
181,55,10,0.433702,535
233,34,11,9.269219,227
132,43,7,18.142182,781
188,35,16,4.151285,553
247,231,14,7.718449,895
11,9,16,14.415348,589
213,159,19,12.525296,1161
186,50,14,7.531895,312
191,248,8,14.479237,352
86,94,16,14.625025,469
53,128,19,1.338098,850
123,182,7,5.866942,576
109,105,13,3.391423,634
8,146,20,13.668683,207
0,139,14,9.011292,688
220,62,15,18.785037,1102
60,242,7,5.993338,679
110,217,20,16.200521,263
86,223,8,10.365897,623
81,172,13,2.971876,630
206,59,6,0.430013,769
31,101,15,18.177629,381
63,171,15,5.319541,1068
78,59,17,4.125665,246
188,207,6,5.479137,458
246,202,19,8.065130,822
76,91,14,11.009791,786
22,89,5,19.762908,226
165,193,16,4.342511,580
84,152,18,19.206082,357
63,141,9,7.297719,945
19,210,16,16.281195,1107
67,91,20,19.226257,1065
146,11,17,2.148834,1013
56,209,17,4.774210,1189
170,130,9,13.632301,1114
180,51,14,0.382443,523
144,141,5,19.408295,172
144,246,7,16.335628,277
7,70,13,3.126229,1017
210,148,15,12.481203,589
70,144,6,20.391314,353
124,176,9,7.051940,974
133,3,18,18.072476,397
225,120,9,18.766133,660
25,183,17,17.984044,1171
241,158,13,5.101931,448
72,190,15,14.956056,972
186,156,7,0.476440,723
227,111,6,18.627753,832
218,78,20,11.265277,938
65,170,17,15.668578,825
62,16,16,11.714081,1065
227,160,12,11.498947,117
233,131,10,13.740375,172
213,154,19,5.033727,325
124,27,16,17.436367,106
183,81,6,18.194959,1198
169,146,6,1.672019,572
144,89,14,9.240925,319
104,212,18,5.278700,655
40,186,5,2.085987,620
141,242,15,12.274657,697
4,43,11,15.039319,1102
116,205,18,4.254267,436
234,168,11,17.013888,512
245,5,19,3.450875,319
224,83,18,11.277601,1181
96,115,13,5.734834,847
78,1,5,18.431603,1110
76,103,15,3.257820,585
222,51,7,9.191200,1077
69,37,15,19.625800,724
136,137,10,19.383442,157
159,226,8,0.858005,371
47,0,19,16.960177,233
48,76,15,4.930738,1027
142,102,16,7.562948,447
83,96,5,13.309332,1091
0,199,15,19.654415,278
163,65,8,4.504729,652
75,225,18,19.981768,600
177,212,8,15.754406,887
81,48,17,18.625165,1129
222,113,6,18.809756,262
207,23,6,13.987875,139
74,126,14,13.464558,564
93,242,19,19.539662,407
124,165,17,1.509193,336
96,79,16,5.161138,737
234,241,10,12.849231,1046
169,124,6,3.428793,719
12,70,14,17.516296,643
52,71,13,3.914293,1105
133,47,16,11.850308,528
187,164,16,8.118375,1027
232,180,12,14.129270,605
28,113,17,13.126699,347
87,44,16,4.172624,864
56,143,10,9.748300,107
215,169,16,11.924302,218
37,43,10,13.329886,680
100,35,12,7.721988,717
236,168,6,16.763864,761
179,248,11,4.480029,1199
248,88,9,17.726858,1164
27,56,18,14.298987,550
146,74,5,9.924583,990
198,203,8,14.305691,761
145,143,11,8.211213,154
125,166,16,3.573619,1184
190,225,8,13.229858,1140
241,234,7,2.257404,986
37,168,15,16.994034,527
78,175,9,5.771217,647
223,127,20,20.469602,236
1,60,14,4.183457,172
19,131,19,4.117311,1145
114,67,20,7.937608,972
240,13,18,5.869544,1029
44,193,17,13.884504,1159
7,31,5,14.876566,934
7,73,10,12.240820,345
31,59,7,7.740002,805
195,219,11,19.663826,780
116,28,6,15.081420,116
37,192,19,18.288727,392
173,196,14,19.969907,413
190,207,5,10.455265,125
157,184,18,5.014509,851
120,210,15,1.877784,550
233,197,17,11.141385,790
142,237,8,20.462566,1052
110,10,17,7.255540,390
0,237,16,4.636531,1054
19,115,18,6.113708,144
162,151,16,11.330817,191
113,182,19,0.124832,880
154,102,20,8.868843,1148
172,236,17,16.681390,284
91,210,18,20.198965,610
169,15,13,8.910853,1078
209,171,6,14.479498,536
116,150,13,3.445458,1128
27,170,6,9.362959,1132
215,184,15,0.968792,700
59,171,13,2.107163,110
34,85,9,16.566155,449
247,149,7,10.340218,656
234,80,16,1.808275,593
219,59,6,3.618383,529
226,209,17,16.165349,213
7,222,13,15.308720,680
219,234,8,17.450524,775
213,249,12,1.434164,536
149,156,18,17.981156,783
119,248,14,2.996813,554
187,124,17,3.224698,995
116,20,15,13.584986,542
235,9,8,3.204632,287
179,29,12,8.837218,533
229,143,14,7.397075,921
158,153,6,10.593971,171
26,113,7,12.809677,1138
216,144,18,16.439520,987
36,74,13,15.108162,1016
58,70,17,18.406007,276
124,235,18,1.428272,1068
188,30,5,16.431780,959
249,147,19,7.708221,1190
113,32,12,3.964448,1170
148,33,9,20.071966,185
41,56,5,3.832862,566
232,122,17,9.218406,245
153,198,13,14.195983,800
227,143,10,0.111268,1187
172,197,7,13.807358,181
222,56,17,11.314332,377
26,31,6,18.738085,270
138,116,15,3.295575,311
47,169,12,9.117152,569
58,11,8,18.868943,273
86,141,17,14.851551,1104
222,200,7,6.928663,1066
41,85,7,4.672759,222
26,27,15,14.150803,1084
123,177,18,10.370038,597
246,25,16,11.609668,554
139,229,5,14.565957,644
135,116,9,3.230299,558
115,38,15,10.249546,515
56,93,14,5.955264,134
112,214,10,18.403093,488
240,205,10,16.841883,111
196,127,12,10.586144,298
49,130,7,10.573509,791
35,10,7,3.962742,1196
179,125,13,13.615431,1115
191,38,13,6.775511,809
99,58,7,2.359424,137
36,180,17,11.158606,622
115,116,9,10.554821,107
162,14,17,4.352618,1057
31,202,13,17.058456,1108
149,246,8,5.853027,1033
224,169,10,12.967303,231
120,44,17,20.037174,926
166,40,7,5.919440,1100
172,5,17,19.257195,418
23,217,12,5.986646,585
146,36,15,3.383998,427
176,91,10,14.624296,311
88,4,8,0.921372,772
194,169,6,8.842019,1087
219,63,16,4.792467,283
209,45,20,15.336150,348
37,84,15,9.790322,981
94,241,19,7.183324,410
234,64,19,2.780731,215
152,164,14,8.055465,349
62,193,10,9.624551,1128
59,165,13,2.671058,658
45,74,6,16.268800,1151
171,107,9,11.871382,292
120,179,5,12.095820,139
87,220,20,16.093577,1133
245,203,15,17.692105,872
243,23,19,11.929722,552
204,172,16,20.092823,1062
167,88,16,8.611060,219
18,195,6,3.266328,733
163,94,7,5.451893,314
152,108,15,10.023963,413
187,179,17,8.219154,648
96,246,17,10.008703,1134
79,201,6,2.201862,878
35,148,15,1.871747,802
38,9,15,18.684260,168
82,123,6,4.569405,1022
151,56,5,5.573363,312
66,218,14,18.805456,1074
16,91,6,3.569741,967
113,186,7,0.984496,1006
151,85,12,14.115286,144
156,189,19,9.571631,941
222,204,16,12.290195,384
96,6,11,18.833244,889
122,193,11,13.960890,1084
205,233,10,7.177825,1089
166,31,20,8.399554,901
118,210,13,17.292154,973
186,208,19,17.700235,1030
220,42,16,15.301039,497
61,142,9,7.763727,194
68,11,11,14.660181,1172
55,231,10,10.375663,509
79,56,14,14.118746,581
56,70,13,15.099692,870
68,192,8,13.416968,213
137,201,10,12.275114,1124
73,84,8,11.292324,865
79,123,10,4.559783,722
247,138,19,10.363375,642
114,125,8,12.908783,667
79,238,11,4.833729,609
170,133,15,2.428172,196
52,61,16,16.409506,404
66,183,9,4.296424,678
9,170,16,7.134652,193
91,150,17,10.235367,655
5,228,17,19.344597,1105
51,203,8,14.276101,887
86,217,16,11.764615,281
171,190,7,17.762688,318
94,19,12,11.029045,513
208,130,18,6.829136,528
13,101,12,19.004424,941
211,10,10,14.531676,135
247,209,12,9.945451,159
13,120,7,19.934445,839
79,189,12,12.885369,852
83,93,13,9.441113,541
229,144,14,17.943104,746
240,177,6,17.625685,998
79,169,13,18.119787,355
224,153,14,2.401265,1172
36,30,6,4.275756,361
190,158,20,16.269932,251
228,206,10,13.106210,875
121,230,15,17.144871,153
151,70,8,19.538125,1118
77,75,13,19.385818,202
182,66,11,16.469918,237
162,203,14,8.997782,338
48,212,18,19.228453,897
150,97,16,12.238294,854
43,13,16,8.521981,1180
236,215,7,10.380874,1122
248,155,5,8.940348,345
193,106,20,2.128563,647
49,60,6,17.806881,266
239,189,19,9.836235,812
138,197,7,3.943944,394
234,203,15,12.427167,167
164,245,12,18.242691,117
242,90,10,20.253155,288
83,52,12,17.505565,944
132,239,10,9.527916,453
241,199,16,18.004006,238
124,161,14,20.049540,905
106,218,17,5.976184,427
87,143,12,9.261777,348
93,171,20,15.341525,348
231,58,17,12.808927,857
27,119,13,13.492249,950
112,48,17,7.218739,738
114,60,12,3.558167,470
128,238,8,9.771597,820
156,202,17,15.044830,473
39,218,6,15.244391,1028
176,27,19,11.951955,444
145,109,17,4.940183,833
4,138,14,19.803048,1015
158,24,9,4.814971,296
153,224,11,0.176041,620
243,218,19,10.534730,647
222,168,14,18.716076,969
153,227,6,7.124014,458
34,222,13,9.082028,858
163,86,10,18.515068,1046
64,101,17,17.619941,998
89,74,9,18.636572,272
159,228,20,9.001291,774
143,89,9,18.974322,848
165,43,20,11.373505,199
64,241,13,14.022957,478
1,206,14,18.316620,996
225,212,13,14.376800,1176
233,201,6,1.040633,1065
49,55,7,0.801402,192
57,221,19,15.295944,245
131,113,5,3.788552,1128
180,169,5,15.337609,1151
74,227,7,8.776767,1182
18,76,16,19.133467,1175
209,219,12,14.234345,229
151,19,8,11.519473,924
57,44,9,1.421789,421
206,31,18,6.915368,605
40,224,9,0.466940,918
97,213,7,13.190732,840
206,82,17,4.663340,1020
117,229,5,2.690850,1173
22,104,12,7.526214,543
235,46,20,3.910851,133
208,192,17,7.440559,665
234,19,20,11.755156,724
115,155,18,0.624071,755
81,138,8,7.401428,1121
131,62,14,14.375983,863
106,170,15,18.640223,1067
208,190,18,19.809980,882
216,115,14,0.333587,550
34,184,14,11.974053,806
244,234,14,8.227236,143
103,246,15,13.839488,457
14,74,19,6.969722,269
32,197,7,3.188233,783
236,64,13,1.714522,597
139,164,15,15.839728,376
149,116,5,9.770838,1183
240,202,16,7.111611,911
192,206,9,8.154949,255
187,89,20,4.951379,651
176,31,11,6.927395,725
111,65,15,5.420583,864
140,188,18,2.700187,173
125,97,17,16.220367,735
115,32,6,6.884597,1010
246,222,9,4.834703,989
200,30,16,7.911976,1038
221,201,5,7.692474,106
235,8,10,5.580207,996
52,163,14,18.162207,996
249,225,5,7.312621,636
26,235,5,3.151868,1025
148,201,19,5.163797,146
66,114,20,13.932698,644
58,60,11,16.294042,353
114,148,10,18.124224,444
157,56,16,5.636680,224
102,214,16,7.739860,492
87,160,7,19.125676,295
72,203,19,4.352223,199
235,155,8,16.929498,1061
214,163,7,7.373389,333
145,140,9,10.554103,760
191,147,7,9.695055,1105
80,131,9,14.572340,991
47,121,10,18.561838,534
170,132,20,9.109197,775
148,49,10,7.044711,503
66,111,20,5.681021,425
96,24,13,20.317309,274
85,164,19,14.495746,1047
248,105,17,7.992773,784
138,180,20,17.530514,547
186,20,17,8.251066,447
217,215,7,14.353357,1063
111,198,20,0.360843,167
239,37,19,17.692796,683
69,163,7,18.988044,991
61,207,19,8.960240,1071
51,22,14,19.119049,715
237,128,19,17.507515,774
38,51,11,13.561192,1043
221,224,12,6.200140,674
151,196,6,17.978092,912
49,221,15,16.352040,1170
76,128,6,12.028757,454
16,193,6,4.588783,665
119,50,12,14.864429,218
10,201,19,18.371531,238
102,75,8,8.760675,1003
123,169,11,18.079378,517
48,143,6,13.485752,1147
99,239,5,14.394293,988
46,177,13,18.700615,153
159,237,12,10.003889,748
47,170,12,7.558447,320
164,224,9,9.026046,1043
124,45,6,8.234109,753
226,117,16,10.880970,521
187,34,15,6.972809,591
141,236,11,3.574112,143
248,16,20,5.555612,174
35,155,12,15.975243,305
209,227,16,4.518100,232
15,196,5,10.859611,171
205,128,12,9.784783,450
157,25,7,20.284260,335
172,159,16,14.425366,398
201,246,6,10.820173,1019
60,11,13,12.528991,790
67,144,15,19.450058,850
178,228,13,18.492690,648
150,241,16,20.244233,970
83,245,20,1.772670,915
227,222,20,10.395130,1200
79,68,6,3.798122,776
8,242,10,14.849730,1028
234,174,5,0.737529,656
169,190,11,6.102333,530
21,171,19,10.155639,457
65,117,7,18.305809,627
199,115,7,9.524423,512
115,75,11,5.972237,984
175,210,7,12.695487,981
206,46,17,16.783673,558
19,141,14,15.771929,659
44,219,11,1.308253,1141
130,239,14,16.059024,365
30,200,13,3.106874,436
200,238,10,12.763572,272
208,139,14,0.794533,946
203,166,19,5.875804,519
123,248,7,6.960919,429
177,22,19,6.985071,242
29,14,20,12.864033,160
0,183,13,2.339557,117
151,90,12,0.836062,828
92,99,11,17.455564,483
181,90,16,0.707785,861
15,23,14,12.515494,153
141,133,12,4.560951,498
209,147,10,13.356702,592
248,11,14,5.390224,715
15,141,16,17.875024,163
138,122,10,8.107480,1034
161,121,14,14.389618,695
67,107,16,0.997447,712
96,2,16,6.388288,283
43,171,19,8.107940,510
229,44,12,10.722972,756
66,65,15,6.811044,394
184,78,10,12.922786,109
178,221,10,19.554585,423
163,38,6,17.108047,1166
169,138,13,18.265923,357
197,28,20,7.043962,418
169,80,15,6.901118,1176
212,168,20,15.303968,430
105,222,15,5.637529,305
135,6,20,15.606026,1002
178,206,6,1.702665,140
198,32,6,12.453523,968
179,188,9,1.008319,587
66,161,5,1.106318,916
222,40,8,11.403731,681
146,233,20,20.103111,728
227,13,19,5.329770,413
173,16,20,6.500266,584
183,228,13,4.143816,468
87,39,16,10.726304,476
48,129,19,20.171542,1171
249,22,11,14.500562,344
221,186,18,1.014275,141
27,101,7,2.152216,1002
80,161,17,6.708891,1194
144,194,9,13.879121,350
204,215,13,18.853031,282
196,39,12,9.728789,129
96,154,9,0.066044,1076
68,39,10,11.198843,740
51,82,6,2.367933,1166
120,242,8,16.461407,857
84,50,18,20.127405,915
30,6,10,10.587280,1175
29,196,18,7.223700,674
234,226,6,4.527170,897
24,233,15,2.701068,1158
247,21,8,8.268304,687
51,33,20,10.094305,668
128,167,11,1.837390,840
24,26,8,3.713009,441
208,180,17,10.356446,111
23,178,13,6.894398,189
14,248,15,14.552118,842
11,164,19,19.292605,595
66,248,11,2.213257,1020
2,126,13,18.155576,514
2,159,18,6.951880,822
249,31,12,18.616869,592
86,177,6,10.842662,1007
76,50,15,14.853538,410
151,49,10,9.164576,634
70,81,8,17.753807,848
211,208,10,13.717181,374
88,209,12,0.531312,581
213,82,9,1.691985,577
16,112,8,6.398188,156
162,64,14,2.524702,321
235,188,12,14.050331,325
83,121,10,19.509800,298
144,165,16,14.972428,776
110,23,20,0.396110,443
245,230,7,19.034335,454
242,11,7,10.238377,1032
140,167,19,6.780997,504
125,222,15,8.547016,319
215,0,9,2.269122,972
143,249,6,15.101787,432
154,54,16,11.762574,430
179,14,13,2.140310,865
51,132,15,3.218825,978
171,120,13,5.595524,373
126,101,16,2.768581,862
22,37,6,5.899328,1190
246,223,9,10.078904,190
188,133,8,11.384847,686
76,230,8,17.902918,743
151,82,16,13.044379,821
150,29,14,11.829910,241
177,31,9,3.030876,814
194,71,20,1.178554,519
213,84,19,14.137302,651
83,152,7,18.283003,1171
93,108,13,10.869298,684
145,52,12,15.861630,666
243,31,10,1.719267,159
47,193,18,19.646920,156
133,144,11,13.995200,578
104,222,15,14.358385,634
109,229,5,5.614239,269
234,67,20,15.011000,1033
148,126,18,10.648438,612
99,234,17,19.622814,151
155,197,6,11.011987,227
109,215,15,17.002652,671
32,50,20,15.561667,591
40,3,7,17.940415,459
150,179,5,18.468357,904
41,33,7,0.951266,493
55,122,9,5.473475,394
238,68,15,11.012314,677
103,142,14,14.960116,346
114,215,14,3.579780,940
194,4,9,3.370004,157
212,40,6,4.032653,782
24,50,15,19.548045,546
121,62,5,0.845338,977
182,78,11,10.925650,1006
202,235,12,19.453432,546
147,11,14,14.116654,740
29,73,18,10.288594,658
132,156,10,14.079055,774
202,11,8,6.402352,487
227,43,5,8.191695,365
140,156,14,18.947616,1155
164,64,9,0.726400,131
39,166,17,11.776307,117
73,60,8,18.183884,520
142,86,14,8.135476,840
86,97,16,15.765231,593
114,232,5,14.800084,176
229,105,8,11.431319,639
203,84,13,4.577734,475
19,211,5,12.640879,156
120,25,5,9.951080,354
100,1,11,16.087154,369
118,2,8,7.840934,151
192,3,11,9.417833,481
94,207,6,17.735197,936
211,115,18,20.014547,674
7,186,6,18.359957,119
181,83,19,14.223454,293
213,246,14,0.579746,1013
138,200,8,3.530147,1084
97,245,8,3.910563,899
28,76,15,13.102977,161
179,208,17,7.749138,1034
1,76,14,14.438897,667
32,70,15,15.675291,1025
184,239,12,9.850441,914
208,112,11,7.724328,412
77,73,13,4.864043,438
148,168,6,4.959848,388
143,110,7,13.194655,1158
52,105,7,0.384958,948
208,44,14,9.656607,856
110,5,16,18.073185,117
149,65,6,2.991082,574
37,9,12,8.540098,1134
232,55,13,8.972070,207
83,81,5,15.756033,179
136,171,15,16.967586,572
22,147,7,3.276613,743
68,105,9,0.686646,673
2,29,11,11.411791,1057
43,156,7,9.702996,1010
84,11,5,11.999663,633
51,15,18,1.542351,152
32,155,19,4.906488,235
145,124,5,4.266504,171
88,96,9,7.260290,447
5,203,13,6.320648,1113
232,227,12,0.941489,168
30,88,12,10.463412,153
27,88,5,18.804467,878
207,179,14,16.888227,495
41,88,6,17.438418,661
234,194,8,13.318844,468
140,51,18,17.643645,303
174,2,11,10.537347,968
88,46,11,12.884698,879
201,45,12,20.357886,620
152,179,10,17.403444,472
22,8,20,3.246116,755
231,215,7,6.842885,1119
167,26,14,17.666958,754
172,186,16,19.507599,1078
137,12,13,5.698954,699
20,232,7,11.506210,1089
213,8,15,6.940233,738
183,31,8,8.754727,1132
243,208,12,8.461628,438
157,203,19,14.600905,215
27,76,10,17.513084,351
147,226,19,16.656071,671
236,243,12,6.301914,1126
106,14,11,4.377878,549
57,174,18,0.164177,115
112,4,17,4.366721,1146
229,78,19,13.133652,234
160,213,16,19.274238,901
83,19,8,11.723171,494
36,75,8,15.718394,878
104,188,7,6.840592,648
174,189,12,12.529275,462
109,37,9,19.470047,539
132,86,15,9.664955,922
89,64,8,17.036645,202
228,26,17,12.917127,505
135,242,19,11.341990,989
209,33,12,7.130906,982
131,30,10,17.342640,904
219,72,12,9.814154,210
19,168,17,13.491749,1083
146,79,5,10.685673,847
204,61,17,8.207747,757
86,193,11,8.885819,617
93,248,10,5.464031,337
225,154,12,19.816139,339
234,94,10,11.407547,1168
28,86,20,16.379232,1014
103,56,12,19.879419,815
155,234,18,12.472443,254
7,172,12,12.803393,954
89,202,13,16.222113,521
169,179,10,11.538234,1172
26,95,11,16.851489,314
82,146,17,1.922008,789
213,35,6,1.880583,1108
221,88,17,3.532075,866
40,7,14,19.125955,846
206,204,10,0.578259,1143
233,91,13,17.649261,924
108,22,12,9.275851,446
166,133,17,18.766743,455
36,161,20,18.588159,362
16,139,16,8.455995,333
132,232,14,13.325321,554
88,248,9,4.628175,1075
94,52,19,9.601029,228
107,238,12,14.613375,389
148,67,12,1.506321,487
110,98,20,16.937271,670
43,83,10,9.415581,753
77,162,11,19.955735,1152
128,229,9,4.916492,792
238,88,10,20.163861,1184
8,181,17,13.874821,579
120,59,20,12.515686,752
92,149,19,10.910691,962
152,229,13,12.999478,604
2,7,19,8.139877,823
43,44,18,16.899884,965
165,97,13,1.260205,1033
69,243,7,1.559276,1059
107,186,5,19.504804,955
210,178,8,0.969482,697
152,166,20,15.728057,582
151,127,16,6.781774,930
182,67,10,13.378753,793
10,2,17,1.170302,1172
206,28,11,5.179196,391
206,127,12,20.043726,775
243,73,7,19.066424,874
219,211,17,12.259973,630
227,61,13,10.458440,589
150,194,15,1.726305,270
104,31,7,2.467494,1097
173,114,20,3.768263,557
52,139,15,9.950966,225
175,45,5,11.070160,1157
215,61,9,1.333148,601
91,218,7,4.530151,695
67,50,5,2.016296,1104
165,176,8,18.943007,970
33,23,7,3.693943,735
25,248,7,6.264777,834
18,13,17,14.033308,1119
74,30,12,19.171414,363
88,54,18,14.022017,472
97,95,7,15.281577,690
9,11,12,1.212892,341
242,122,9,17.210340,789
197,131,6,8.976482,205
206,184,6,5.456285,243
248,183,11,4.958370,351
45,161,5,13.367004,155
184,199,13,13.617986,879
170,121,19,16.292821,396
186,153,16,5.246706,475
57,67,17,14.121420,100
135,230,13,15.478396,922
2,163,9,9.346401,437
93,31,10,0.664301,831
98,21,6,18.108334,186
46,213,16,3.040348,712
197,63,9,4.621786,344
202,245,16,4.132368,414
98,217,8,3.373881,557
138,68,12,0.866045,990
174,88,8,16.793401,866
57,139,15,8.988595,507
15,6,17,5.396302,751
1,116,14,3.716297,1177
44,240,17,18.653018,820
109,195,13,2.766643,520
145,182,15,8.554475,783
217,78,8,13.244210,693
223,22,5,1.921795,1181
23,117,10,14.691195,588
156,55,7,2.586974,1055
152,156,17,6.088951,477
201,100,19,16.192402,115
227,78,17,19.671492,563
108,95,9,16.992007,1019
186,214,18,7.749113,192
196,80,8,17.232393,1092
26,123,14,6.362347,251
216,155,7,18.479456,382
192,215,5,3.598462,961
180,59,6,2.151743,703
27,96,13,16.514271,664
171,93,17,16.616001,789
108,162,16,8.386052,1077
126,40,9,1.387137,947
136,100,6,11.061291,208
83,189,12,3.104257,219
247,128,19,7.874126,147
140,104,19,1.836283,520
103,30,11,0.619525,221
153,204,8,12.729327,330
41,248,9,2.546385,147
220,9,12,4.796758,110
113,151,14,9.789572,1021
188,185,7,14.803059,741
230,151,18,6.664241,607
130,243,16,8.801757,213
75,235,13,12.842374,1029
95,249,9,0.297032,720
216,54,19,7.318041,642
110,226,8,8.119364,968
119,218,18,19.275039,442
157,129,12,12.420130,1142
4,82,11,10.965054,615
178,249,15,19.380094,715
228,75,6,11.412027,941
203,75,12,18.435297,186
173,7,16,2.219663,935
67,38,16,3.688505,302
178,188,7,3.056318,502
161,95,17,5.155733,124
225,218,20,6.525758,478
220,26,6,2.468225,976
167,237,18,14.273004,1082
174,187,15,8.588644,1125
60,174,8,3.931991,442
223,34,5,8.638891,494
129,170,11,6.840065,665
94,128,9,9.593277,761
170,33,14,5.276606,1093
81,10,16,5.440603,259
26,140,8,5.237079,144
77,56,19,14.653315,570
140,14,9,0.280369,318
123,142,19,20.295780,371
234,27,8,15.469599,578
100,56,7,4.788148,938
85,142,14,16.045761,546
30,139,6,18.023487,106
25,206,12,8.133469,756
88,64,12,19.764217,453
14,235,18,17.737918,417
38,98,18,8.220401,618
231,73,7,15.026363,418
155,36,17,5.189088,566
147,81,17,4.809077,1046
15,104,20,5.738279,591
237,148,6,2.972763,259
148,178,19,0.507173,768
176,209,10,10.893968,1124
67,151,13,16.940897,567
66,55,13,18.660053,833
119,219,18,10.168515,365
209,110,7,11.130069,116
92,14,9,18.376223,423
224,125,10,6.481930,891
233,223,17,7.819993,243
230,122,17,8.410837,859
77,201,13,0.046082,171
3,158,17,1.581479,135
122,15,13,7.370493,117
2,128,12,8.041120,760
121,29,11,20.082528,1048
135,224,7,13.789711,844
67,158,13,8.941689,764
37,146,9,1.106267,985
138,126,17,0.243379,521
212,29,8,19.274924,417
26,197,11,0.309344,403
86,137,20,20.113467,881
134,110,16,12.435338,981
74,146,12,15.656293,1049
151,114,8,8.710531,455
76,86,12,17.301015,496
176,63,16,11.894635,119
125,49,19,0.254623,343
177,137,20,6.121722,374
99,15,12,6.100549,534
232,21,13,18.909914,321
14,223,15,14.965991,1190
167,179,6,15.817390,301
117,35,6,1.043409,212
15,154,8,14.540139,870
69,122,16,9.414211,649
19,186,11,3.454295,658
29,183,20,9.332069,731
7,54,18,6.099731,704
93,81,20,12.695243,145
235,83,13,13.188394,769
159,152,6,19.058387,372
92,90,16,15.147851,1045
132,160,20,3.520475,1098
226,154,7,20.248076,503
159,190,18,4.476261,587
110,163,20,9.399959,997
211,139,12,6.414579,811
177,24,10,1.057073,445
154,165,15,16.628290,1132
201,11,11,17.750418,825
89,85,9,5.646806,1060
17,113,19,3.516063,1117
239,238,16,7.053487,614
8,190,18,5.739295,896
235,25,18,6.983123,403
73,162,11,16.356608,202
154,225,7,9.414869,994
109,58,13,16.956525,742
182,17,20,10.642449,696
87,112,19,7.316958,1074
155,79,15,2.938655,519
159,5,5,9.993980,298
198,21,10,0.305577,1008
112,59,6,1.812821,208
79,227,20,14.409338,696
159,182,13,2.368718,350
241,63,14,12.248914,824
129,5,11,3.971020,1009
98,168,9,6.430085,153
21,166,11,17.877525,733
149,0,9,14.724595,1171
43,34,8,6.877551,966
64,186,15,12.109032,695
46,222,13,8.644703,1079
239,7,11,13.001824,1028
38,221,8,8.941472,887
180,202,15,6.824095,120
113,115,7,15.543193,1052
105,120,13,8.032772,1150
207,20,9,9.124095,386
125,112,8,10.720572,468
53,94,16,7.119710,602
125,145,17,10.107939,858
53,90,19,3.104934,843
35,200,10,9.527125,457
118,67,20,2.226559,1041
12,193,14,10.148855,123
247,239,19,16.346831,979
215,227,17,5.518873,541
21,154,20,16.123370,1157
37,57,5,18.068591,695
87,146,15,17.491599,458
205,75,13,6.977327,246
104,139,12,18.700624,570
7,246,20,8.538355,1154
224,208,13,13.487103,840
57,232,12,14.112841,662
194,70,18,9.955402,1145
169,218,14,19.406919,558
32,99,8,11.220745,1070
222,24,8,14.342660,1130
156,70,11,2.909561,1127
214,104,16,12.892279,501
224,88,15,6.136027,178
152,115,10,7.831016,211
0,209,18,1.315829,605
118,108,6,8.623595,728
80,85,12,18.560091,1160
212,174,14,0.143020,964
154,48,15,18.062718,656
80,90,9,15.774623,163
104,190,14,14.705210,352
174,221,10,16.743151,1102
141,78,9,2.824379,124
120,171,14,13.792933,651
115,111,6,10.549888,148
153,47,16,12.084431,111
23,152,17,14.658822,249
1,41,7,16.975649,1069
184,142,18,0.216893,445
45,20,16,2.011858,148
171,149,16,6.041298,420
169,195,17,13.177782,1074
200,128,6,11.077353,341
183,133,11,18.068141,748
205,1,7,13.182115,653
41,230,9,18.759669,870
4,72,17,7.990535,502
117,24,15,11.032410,317
150,46,19,3.562124,733
103,231,9,8.639211,522
93,8,15,17.130258,819
168,156,13,10.918942,1024
182,197,12,8.348403,674
82,113,14,16.851557,122
39,26,12,10.122382,1039
60,7,11,9.097747,770
236,156,20,2.513886,1069
152,130,17,11.344820,822
28,161,11,9.784785,363
73,33,11,4.204488,210
154,61,5,15.635770,1196
182,11,14,19.086236,898
156,220,6,4.297097,730
203,35,20,12.104947,1178
187,55,15,13.561732,1114
37,52,14,2.399445,976
89,37,15,11.774007,1127
57,171,14,4.981702,1083
219,217,10,6.326782,1102
105,166,11,6.801758,750
10,129,5,13.385239,1025
121,4,9,8.542423,682
93,10,11,4.808006,1089
0,29,16,2.042446,203
11,41,16,13.808428,424
70,143,11,1.020293,103
113,44,10,17.565320,149
65,246,13,7.063380,400
212,149,11,15.529159,212
109,7,14,14.256071,1184
80,61,7,4.119215,228
60,45,18,7.877439,883
230,62,12,17.585300,1170
16,103,19,11.449495,670
212,229,10,11.028948,1091
116,132,17,5.809716,563
113,59,11,18.763808,1026
52,95,12,4.297895,749
245,147,17,6.151793,424
175,121,15,16.265155,454
8,30,8,19.146689,964
152,120,20,4.548062,912
103,80,18,11.647207,724
199,104,8,7.465961,1078
218,8,14,7.733497,369
135,159,17,5.539137,616
235,124,7,12.945941,408
76,179,14,20.121216,1021
8,92,16,13.066049,1070
105,56,10,10.148424,787
22,114,12,9.009397,861
220,192,14,6.034155,442
213,26,9,10.124781,152
249,211,16,9.404077,1145
172,140,8,3.248505,919
98,86,5,11.105330,128
235,48,5,2.332640,937
185,90,14,6.789408,855
139,249,11,7.584771,211
167,37,12,9.369742,637
182,114,12,19.753142,1087
20,179,10,4.628655,692
214,149,8,13.241159,716
78,55,16,4.338947,778
147,185,7,5.429427,709
230,1,13,8.390971,278
244,73,12,2.104386,596
59,155,12,11.080120,658
98,68,20,3.861538,914
227,21,16,7.091403,404
222,233,16,2.346397,1158
127,161,8,9.493861,251
47,26,14,9.729858,125
223,119,10,19.375990,164
169,249,11,16.936550,149
189,226,20,12.639312,1135
142,16,7,12.703071,1038
28,39,13,0.692108,737
181,81,13,7.912327,622
31,86,11,13.416833,440
230,98,7,15.107797,677
208,53,16,13.082676,536
168,31,18,16.953793,1185
137,237,14,5.887594,749
218,2,13,19.480795,354
133,218,18,8.497816,293
151,120,14,9.935441,188
82,71,14,5.142649,985
228,116,17,20.264914,610
41,165,15,18.755213,186
11,48,8,16.286083,410
18,70,17,7.331618,961
110,62,15,1.247116,200
216,158,15,7.253278,110
140,27,19,0.076051,361
39,40,14,8.559962,1115
15,22,6,14.779868,496
241,16,19,8.702305,268
108,40,6,10.496991,717
211,171,18,5.024370,1058
1,104,9,12.821432,173
91,109,14,0.876863,535
163,98,16,11.221648,1190
48,223,6,14.415150,183
114,101,5,8.920034,801
242,226,14,6.930699,852
31,3,8,17.306358,1122
128,166,16,10.723876,244
21,192,16,10.741907,668
46,205,6,20.471014,718
14,160,19,18.052023,1172
116,201,13,20.064217,829
152,67,6,5.900346,110
225,130,6,10.651416,214
89,67,14,18.016376,399
78,60,5,11.516036,498
217,118,19,20.368957,136
183,68,10,12.352362,287
124,92,7,18.812810,507
15,75,11,13.122899,668
158,211,14,0.350626,1033
209,21,15,18.939558,100
237,92,20,9.687335,521
14,174,6,11.153636,709
3,233,18,5.386402,380
248,232,16,13.286277,646
123,72,11,16.440205,689
160,245,10,20.344586,902
245,61,6,12.690722,1145
12,10,19,9.589019,143
74,17,16,18.630242,782
137,200,11,10.989158,588
131,230,5,12.287078,757
66,47,14,9.560890,132
233,185,8,11.887705,821
113,150,18,19.594265,1114
123,126,16,1.585990,983
94,224,5,7.449278,484
203,209,9,3.200369,755
65,184,19,17.135991,880
207,233,16,1.212647,488
103,35,16,1.062538,221
14,165,7,16.947352,956
223,199,17,11.401622,564
61,202,11,1.174513,965
87,100,9,14.676714,1104
207,219,17,4.061636,417
200,53,10,3.915079,843
246,167,12,19.675944,314
5,37,12,16.450791,610
199,203,10,10.209952,832
1,9,20,3.721309,127
188,6,7,13.736699,130
13,1,14,5.332030,1122
239,167,8,8.877349,489
207,147,19,6.258009,275
58,3,15,0.817869,947
145,8,5,16.101068,956
81,65,14,10.380686,1033
113,225,15,16.049356,717
233,81,19,7.626079,523
90,34,17,6.884763,953
126,189,11,11.234793,1018
177,181,17,13.448808,487
217,241,6,9.579641,550
29,2,9,5.439535,393
176,132,7,16.670479,331
85,68,18,11.421442,893
62,207,14,15.006691,1107
142,111,7,11.260106,125
217,236,19,7.895829,653
206,65,12,15.526869,598
212,53,16,8.656137,553
146,145,7,14.844865,612
192,229,6,19.901111,397
58,133,12,10.814184,910
155,61,6,16.323280,1192
10,78,11,2.033505,803
133,213,16,1.678553,856
200,178,5,12.720962,855
149,129,15,7.883203,950
155,235,16,2.442153,1071
101,84,9,16.282545,494
170,246,12,1.850616,372
126,4,8,16.238419,472
5,27,8,3.851565,830
106,207,14,13.787439,131
216,109,6,4.003363,1085
29,178,11,18.366756,462
216,224,6,3.753220,993
8,145,5,13.409455,705
169,126,12,19.908939,437
76,220,19,7.082464,807
62,186,14,19.896267,766
85,16,9,14.889302,693
208,71,7,12.775542,1034
14,19,5,6.381598,403
230,131,10,20.239913,452
67,130,13,8.291227,382
147,236,12,2.874185,750
112,115,6,14.617860,1019
164,240,16,15.669895,200
2,183,11,2.995523,726
140,175,10,13.151153,1011
92,41,7,9.771009,666
195,16,5,7.925751,144
32,198,17,11.196619,1130
190,205,12,16.014073,596
180,9,11,18.861882,375
80,230,15,12.954639,154
92,17,13,16.354259,853
205,164,7,19.366067,436
117,225,8,13.199354,1005
58,125,13,13.080483,787
66,88,13,11.902487,1090
129,41,11,3.576227,883
222,163,8,5.847484,1171
29,105,19,8.470519,323
224,202,10,1.606400,411
169,151,19,2.630752,676
146,24,11,0.540510,1132
108,46,14,13.673705,580
203,170,7,16.764592,673
113,162,9,15.220277,1112
163,21,10,2.656564,618
51,141,9,11.029994,1192
84,53,16,15.652355,976
15,12,8,9.569476,854
179,120,14,8.465310,380
159,215,5,3.042881,602
119,128,20,15.066153,755
104,206,5,6.674061,705
170,84,13,4.720371,462
78,127,12,1.354051,502
68,199,15,5.978323,414
76,156,19,9.788054,1019
70,72,11,3.972972,1048
207,211,14,3.153226,790
208,72,13,13.705809,569
2,151,20,0.714544,720
29,175,17,3.512833,160
71,242,12,4.858332,425
228,152,14,6.267091,720
117,76,13,19.185877,975
59,225,19,1.308494,1054
29,35,7,4.905949,832
160,221,19,9.276419,235
56,9,11,0.349842,298
18,219,6,7.982287,1130
92,43,16,15.739954,1148
189,170,18,14.690994,841
103,44,14,19.811929,766
72,104,19,3.389118,714
68,231,8,10.422826,415
153,90,13,3.655114,669
16,71,9,4.850735,1133
223,79,8,5.277003,990
36,249,15,2.298652,870
46,47,7,19.498810,681
70,74,8,18.314297,1067
73,145,16,12.346148,166
14,218,11,19.622368,1005
182,192,11,6.441031,441
163,71,9,12.763112,842
216,2,17,1.528595,206
161,162,16,16.403618,184
44,143,14,11.987496,263
126,212,17,19.300996,458
42,73,8,14.663840,579
146,185,11,11.217380,1198
62,121,5,14.736924,1118
223,2,17,12.588342,113
220,236,19,3.927783,967
126,81,15,12.987759,1107
64,210,8,4.702529,888
165,218,14,3.048047,1165
34,169,19,10.189518,264
165,50,16,6.123342,857
57,140,17,4.747820,101
64,248,13,14.151042,874
245,185,5,10.793660,792
196,223,8,0.921856,139
41,122,11,18.569643,942
237,159,8,3.854803,988
11,70,7,10.953411,1062
116,79,6,14.126658,344
212,184,14,9.571982,1021
64,245,6,18.271984,702
234,172,18,5.525423,576
118,248,8,18.881451,956
138,12,17,4.763522,614
18,164,6,7.393949,499
203,165,11,17.055290,931
72,34,11,17.560314,1167
211,237,18,16.537128,296
124,219,20,17.696250,1049
226,47,10,4.999857,868
34,212,12,14.250650,751
212,198,6,8.644328,902
83,198,10,3.136890,103
233,242,17,16.988805,411
205,37,19,5.063368,416
111,79,11,3.745191,1064
21,59,9,10.017432,925
25,84,19,0.627029,1063
166,180,9,4.376840,667
4,214,10,10.161658,341
31,45,13,12.117770,891
193,40,8,16.707247,829
101,140,7,4.384557,884
69,105,16,8.051454,490
195,158,13,14.940405,194
67,207,15,8.829598,700
196,90,11,14.975099,1107
248,26,18,0.639304,626
231,115,18,11.175107,1181
168,169,20,11.609319,934
81,207,19,18.881187,457
151,29,12,8.611024,549
238,126,15,18.856504,341
37,15,9,0.021720,816
37,76,11,3.827417,665
49,202,15,6.111306,942
61,155,13,14.203859,414
183,12,15,10.406998,1064
144,133,11,16.134223,800
49,239,7,7.158997,1014
70,146,18,5.246921,733
78,116,8,5.005226,238
100,40,10,10.734041,911
191,52,15,18.681750,880
25,128,19,17.529075,1055
36,26,9,6.005084,1112
178,107,14,10.641709,392
117,64,15,6.915663,727
137,126,9,5.570445,133
236,0,11,13.847844,765
218,118,12,1.420603,1030
184,192,20,17.808584,193
184,103,7,12.023635,228
95,40,7,17.199858,1121
67,79,11,12.147768,641
4,15,20,15.778809,384
248,137,19,13.179153,114
140,160,5,11.324631,484
223,239,15,3.109065,907
202,40,17,14.951178,234
50,4,10,13.542038,120
177,232,6,14.745755,771
229,156,12,13.678717,634
126,106,19,8.576194,908
139,165,7,0.532188,690
161,117,9,17.962215,764
13,0,19,3.163154,921
10,204,15,16.344040,148
15,179,7,9.560800,997
154,142,20,17.269527,981
113,217,20,7.893691,251
150,33,5,2.939066,709
132,237,6,6.307281,418
117,186,12,12.386092,242
40,210,12,10.521333,1144
119,178,16,16.560288,233
56,141,18,3.163061,1064
23,41,20,2.473257,969
200,107,10,15.175607,815
33,9,11,17.269700,860
223,175,11,20.390556,429
140,153,15,18.098622,1006
210,237,7,20.160785,591
199,8,19,5.409391,163
183,148,9,4.005693,478
52,115,17,5.849989,946
216,111,16,8.712426,235
158,93,16,4.241395,104
197,21,7,12.008954,872
247,118,17,19.322215,299
58,86,17,14.987507,114
123,78,13,10.046569,110
152,1,7,9.412441,360
109,197,14,10.540940,543
133,124,10,11.059552,199
134,129,7,4.879327,442
205,130,5,13.815859,462
130,227,14,13.652057,565
106,26,18,12.483587,244
96,13,17,19.490842,893
168,194,14,3.548142,1142
119,113,18,0.730956,392
29,57,12,2.172264,710
47,171,12,0.853121,551
17,150,13,1.262155,303
30,83,18,17.208997,123
12,186,10,2.348377,1041
76,140,15,18.949477,764
96,165,6,7.060606,1128
56,239,17,7.655966,167
86,28,10,8.845408,847
246,85,13,7.624362,290
97,23,17,7.723711,607
39,214,19,4.869514,1187
23,156,14,14.547142,916
28,197,8,18.251181,1017
200,169,17,19.577670,768
143,142,19,7.388008,508
135,143,19,3.216797,150
77,2,20,16.598151,1059
186,75,5,14.945807,149
221,21,9,9.044614,150
82,46,11,1.590058,145
53,52,9,16.251893,285
167,241,19,14.974478,687
70,231,8,6.837183,673
17,167,16,18.129444,320
88,145,5,13.592483,771
207,153,14,9.246184,143
200,4,18,1.107272,361
131,0,17,9.323787,593
222,226,10,17.832269,210
165,78,17,9.782352,1043
174,52,18,12.889380,1161
178,146,13,17.398000,477
33,21,10,8.717104,338
107,162,17,18.612980,1053
109,115,10,5.298304,452
64,4,9,10.795049,856
175,11,16,17.227398,987
11,47,11,15.587490,908
21,44,7,3.281999,1158
38,96,10,20.344779,789
58,240,18,3.032119,707
42,10,12,6.804958,1144
185,170,12,2.271496,367
180,47,5,11.791160,675
4,51,5,4.940043,613
146,49,7,2.603842,830
222,227,16,15.550718,532
154,185,13,2.796535,1006
239,28,11,1.861018,425
143,28,17,19.952068,764
208,84,18,18.157661,225
113,221,12,15.570833,406
239,103,6,11.164497,812
106,176,5,5.270882,276
121,220,10,14.332608,648
207,228,15,7.328212,1104
91,143,18,16.621424,203
132,45,5,6.949847,1064
29,214,20,11.615463,134
158,226,12,11.409080,293
55,108,8,14.427512,311
212,195,7,4.777556,583
193,159,12,14.213517,883
190,72,15,0.844989,820
84,100,14,9.849492,170
64,149,18,4.342319,157
67,123,16,0.549905,294
143,42,18,5.365882,381
182,65,17,6.031647,318
18,73,7,5.159406,392
185,8,11,13.005405,779
103,156,12,18.057253,1006
164,144,10,9.360670,323
164,58,5,12.073669,899
78,171,12,10.739911,208
58,157,9,16.212399,231
99,215,9,19.469718,1004
0,164,9,2.922574,1162
139,227,8,10.097569,363
26,90,17,19.350588,478
1,21,17,2.017635,225
124,123,6,11.370310,326
132,96,20,20.282329,1184
14,12,15,2.604159,1119
69,22,11,8.147810,738
90,7,9,10.197671,491
79,151,15,18.244987,1141
79,213,12,16.621432,728
128,160,8,0.049409,463
183,202,10,5.372693,1055
141,205,9,17.204900,470
16,83,14,13.720768,163
177,155,14,2.207996,371
248,234,10,16.915315,155
91,242,15,1.484851,803
72,233,7,7.648976,1038
77,49,18,15.461937,940
87,95,12,8.623080,690
236,198,19,10.997996,361
139,245,17,10.525727,201
46,166,5,18.736362,178
241,166,7,1.173383,1199
4,99,14,5.837435,403
104,142,19,12.671337,891
12,227,12,0.416161,668
29,124,17,3.251948,943
241,39,8,18.561094,577
10,114,8,13.586115,414
228,203,14,14.208150,1166
51,95,19,19.507673,544
61,246,7,4.738056,832
156,167,14,12.002515,1046
200,164,7,8.878829,285
114,0,19,15.900000,1048
131,54,5,4.476363,616
74,40,19,14.260105,456
41,159,13,4.227397,802
233,125,10,15.844700,885
235,57,18,2.443201,723
244,194,18,11.154571,502
101,240,9,17.617029,613
176,181,8,15.983103,299
6,238,19,16.072526,348
59,98,13,10.501081,256
40,154,14,13.037858,110
33,113,6,19.798474,1043
237,15,18,4.499989,656
201,73,16,11.733705,539
240,34,12,3.797534,142
220,155,17,12.072650,111
180,0,14,13.229038,415
29,240,8,17.890415,1104
115,84,14,12.536653,431
223,66,17,11.564268,1114
148,222,10,1.044063,308
94,192,17,18.137273,542
139,123,10,18.105601,634
218,227,8,11.866270,919
87,30,8,17.406399,909
49,163,14,6.733741,413
195,231,7,15.541846,993
27,108,20,15.243888,1074
138,166,14,6.174491,775
147,234,17,2.462172,1174
3,99,19,11.333244,1184
243,98,12,19.672662,1132
123,204,19,15.346095,1184
154,43,13,2.615814,156
87,230,6,18.164120,410
173,68,16,3.975541,401
209,201,16,18.791374,163
234,153,17,0.110493,1078
240,90,12,11.519116,1173
41,127,16,10.363645,580
225,175,19,8.324512,240
202,80,19,5.512738,139
93,86,10,9.603584,936
81,225,10,1.406703,1167
5,70,11,2.197054,701
187,142,8,12.940108,302
143,71,14,7.643141,346
101,241,8,14.964905,107
167,9,15,3.472222,1194
98,190,10,13.910941,1026
231,178,6,17.199465,450
126,115,18,12.152850,669
64,196,5,4.666724,268
84,7,7,3.364988,312
40,152,14,10.887399,760
146,96,18,8.160177,971
126,78,14,4.159974,1180
230,35,8,2.644155,801
93,152,18,5.759163,670
23,186,7,18.367839,738
16,225,18,6.163095,1137
179,72,16,18.809903,541
84,10,7,18.450769,810
163,127,8,12.010213,315
126,229,6,16.307819,621
244,229,17,2.270346,519
171,237,8,1.887119,342
83,119,15,3.050908,133
244,239,9,16.405752,529
186,60,13,6.076929,639
249,30,18,13.129762,253
171,46,7,14.707588,111
103,148,18,19.168612,1129
178,34,8,17.371118,551
57,72,9,16.948722,632
96,157,18,1.206386,625
161,138,7,2.608424,1110
86,142,14,4.724576,996
99,13,7,11.537893,200
73,20,17,9.462915,719
159,84,12,5.647204,363
237,14,17,9.400533,815
14,187,16,7.235343,894
16,146,6,8.909031,972
248,9,17,2.328350,894
2,36,20,7.959896,259
95,219,7,7.846866,144
84,103,20,15.566537,418
38,189,6,6.991310,863
14,32,7,2.445612,780
118,40,17,6.421680,514
73,110,17,3.283182,993
153,31,18,15.290440,837
99,214,6,2.210069,140
179,231,18,6.942281,472
155,236,12,2.726597,732
170,147,8,15.387280,751
49,15,18,18.184083,416
73,114,8,0.107238,1065
26,116,13,19.371066,814
211,178,18,11.398550,652
168,3,10,16.491904,128
245,181,16,19.044236,298
24,166,17,16.887727,234
121,86,16,7.694154,923
245,15,11,19.175843,1113
99,138,12,8.462901,1073
219,223,15,6.760801,140
233,202,16,2.017762,804
21,149,5,8.915359,805
209,145,13,13.896177,768
122,47,10,5.465810,964
200,176,19,15.878728,1029
43,21,6,2.204656,743
158,20,16,16.583370,150
104,231,12,20.387699,555
91,228,7,12.427115,669
106,47,11,19.757238,1178
71,54,9,15.527483,1127
173,89,8,2.536099,948
142,107,16,14.861466,1123
153,84,15,10.244995,1122
42,229,10,11.200779,1077
196,183,18,0.954991,1159
88,114,13,19.881382,344
234,99,7,7.880324,1029
136,133,12,15.847993,338
133,26,20,2.978344,842
213,189,19,11.420544,264
52,158,7,16.106926,887
119,92,16,19.685849,111
218,44,19,0.849787,589
1,149,13,18.072370,672
128,57,12,4.911473,918
84,58,17,17.829565,415
201,202,7,13.539007,1173
10,197,15,5.315997,819
13,240,17,6.617561,848
163,217,18,10.245003,289
62,52,17,4.410911,1168
239,99,19,3.905352,313
35,85,8,7.067853,675
204,39,14,8.384573,1064
55,222,20,10.647405,1195
211,186,18,7.154294,1001
10,71,20,12.958896,389
217,193,13,13.644872,1171
121,78,19,3.805166,316
13,63,15,10.393037,432
233,1,6,2.937534,726
31,43,6,18.017261,802
22,17,7,19.725759,277
59,78,15,5.983033,671
72,221,12,19.832712,1178
24,96,19,7.752406,1156
27,97,5,16.158595,889
23,139,16,3.428405,832
16,65,11,0.824846,515
3,8,18,0.422575,604
198,200,8,18.139898,427
222,63,20,15.917902,728
135,7,14,0.326677,897
14,232,8,17.287690,453
226,48,8,13.608215,742
226,152,8,5.645720,979
185,52,13,6.750039,635
109,218,10,14.257137,682
37,86,12,10.717634,1054
29,202,7,0.004621,1032
234,58,18,9.124760,499
24,237,11,7.636009,500
121,111,13,4.631080,478
149,171,17,8.081492,971
156,42,7,10.870620,965
203,59,16,10.298569,652
160,190,10,4.870834,770
70,91,14,13.345319,324
116,235,15,4.038401,377
219,65,16,17.521961,566
27,229,10,5.746819,1048
4,117,14,0.916988,164
233,158,9,6.244922,784
179,131,19,16.350766,249
94,159,10,4.261916,1118
39,35,12,5.139772,481
145,152,15,3.769501,1091
145,249,13,18.408200,316
121,43,18,12.921986,935
73,184,20,8.634435,241
247,116,6,5.425832,419
13,157,13,0.429418,172
33,198,15,4.417272,193
128,202,7,5.592200,1119
111,75,11,5.753460,329
53,209,7,3.474590,264
60,148,6,9.781827,1145
207,34,8,5.799980,930
41,120,14,1.849938,548
245,177,8,8.398006,279
126,61,8,19.980516,849
241,212,18,14.716605,464
151,32,15,15.177193,338
36,122,19,18.538177,398
194,9,11,0.689074,185
24,226,18,17.291847,1186
68,50,6,6.516232,425
77,0,16,18.308596,980
183,176,16,18.933259,978
248,242,10,20.253964,832
131,9,5,18.819561,958
52,19,9,0.741525,325
40,51,8,3.297436,359
146,104,18,16.628955,896
32,144,12,2.866497,700
114,229,11,11.154361,1145
44,154,19,7.097146,497
246,81,8,16.258474,1042
26,122,19,20.093296,439
7,99,12,16.971888,126
229,6,10,6.477221,834
3,243,12,1.934017,568
72,141,10,8.500658,348
93,101,17,1.324687,971
65,166,18,20.144294,1113
242,170,17,20.061684,154
167,43,20,13.556823,765
60,51,19,19.812833,146
239,152,16,19.471233,483
18,217,16,4.436458,877
113,83,7,13.873769,1063
130,171,5,2.487880,965
147,194,14,20.394456,953
154,117,17,13.678596,1149
11,82,8,17.832254,795
16,228,18,15.841862,235
113,101,18,13.376637,480
178,145,11,0.365264,150
82,35,7,4.800191,485
124,10,18,10.362082,750
125,43,12,19.806806,928
127,16,6,6.069592,1124
201,71,12,5.108594,728
196,149,11,15.713397,170
45,221,14,16.031269,668
247,234,11,10.685312,919
108,55,18,17.346866,289
144,195,8,10.484244,582
14,126,20,14.472804,409
54,52,8,20.250799,247
214,215,15,9.663179,219
30,201,12,2.895089,930
125,17,20,6.394288,239
79,214,8,0.391791,444
70,39,10,8.819145,549
1,202,6,19.741891,890
21,36,7,11.653493,258
234,123,11,9.371608,523
245,158,19,17.618917,325
21,63,20,2.266621,1149
16,207,17,4.139173,891
194,27,8,5.326503,327
109,203,18,11.098007,808
106,15,15,10.711542,152
127,22,10,13.457961,467
227,47,20,5.165575,1043
221,32,16,19.416508,794
0,123,10,2.291347,1155
234,34,8,2.817599,304
59,194,15,10.657245,1175
101,78,16,6.129432,907
170,142,17,12.516707,1076
78,25,17,11.749866,918
215,83,13,6.187152,260
105,144,10,10.393746,783
178,48,18,3.236194,1132
143,169,7,16.163499,273
162,248,17,20.224463,681
25,58,8,12.749852,1030
41,23,5,13.080480,890
244,127,12,11.737620,968
102,30,15,10.879885,1154
116,139,17,16.655343,675
145,161,17,5.431538,907
130,231,10,8.959629,1071
72,131,6,5.104068,652
248,64,6,15.041860,572
99,7,8,19.566316,585
3,86,14,12.992031,146
213,229,10,15.298855,171
163,210,8,7.023305,409
162,222,15,5.849016,433
230,70,7,3.536822,723
30,90,20,2.731740,544
109,186,9,18.968182,1095
219,11,7,3.141625,1168
223,172,17,16.896478,1141
131,209,18,17.574640,443
228,212,18,15.030812,1069
130,16,8,16.400035,291
47,25,9,16.523454,266
18,111,8,18.082591,565
234,7,19,4.276537,664
165,121,11,4.148145,420
166,108,12,2.634864,712
184,122,12,4.922213,1135
217,44,10,1.006705,552
110,248,16,18.807985,739
202,207,17,10.443444,238
7,61,6,3.778665,528
18,157,10,7.235499,754
247,147,7,17.790603,1000
1,228,6,11.665086,711
135,55,10,2.133362,1102
168,29,12,0.054003,161
216,6,17,20.273107,133
2,196,16,17.714388,421
26,2,12,2.093384,573
126,222,16,15.478117,1075
205,89,10,11.940871,504
0,82,7,16.510426,121
218,40,5,3.081970,1159
69,118,12,7.713727,216
54,217,7,0.983428,618
121,184,18,11.608473,1168
13,196,9,17.353523,537
151,235,16,6.909894,400
155,239,13,0.412549,1067
241,159,8,0.516671,258
41,90,18,14.678742,210
6,145,8,16.580950,1026
16,132,18,14.306602,983
105,132,11,19.488662,577
102,91,8,8.838873,331
128,192,15,16.047341,165
142,119,18,14.867471,183
74,90,14,4.664442,981
201,113,18,5.523479,963
124,31,13,4.803313,1175
46,95,16,17.554240,1112
131,217,16,13.766173,1002
115,107,10,11.021459,222
140,174,6,4.777636,325
25,238,12,9.491298,1181
14,249,19,4.386871,246
24,181,16,17.129216,749
12,84,8,6.119137,489
125,224,7,1.007578,1148
8,1,7,6.631016,146
173,121,20,10.155353,610
136,72,11,4.077515,362
54,137,6,6.941671,1186
224,190,12,11.212742,370
208,202,17,18.439284,465
114,225,19,17.396935,565
205,78,8,5.555745,817
101,116,12,6.013985,214
213,2,10,4.288671,949
106,195,9,4.040635,684
65,215,12,15.918801,954
191,187,7,8.362952,326
121,149,17,0.546474,266
94,181,20,4.411511,1111
121,104,15,7.884620,863
91,61,16,19.231990,937
62,208,18,10.680078,675
65,208,15,0.243671,1190
226,102,8,12.272070,170
154,223,13,11.936936,726
37,127,7,0.419831,1130
156,162,13,16.521286,1067
112,10,11,1.539742,1067
23,168,19,11.494167,1055
59,233,18,11.690134,678
163,73,6,18.264996,1120
196,14,7,2.402833,355
230,109,10,3.199331,888
30,37,11,0.245360,884
227,168,14,18.259531,842
158,23,10,0.664581,644
45,168,9,0.176794,1145
192,198,14,7.447568,1035
77,110,12,2.201873,975
242,43,19,4.452119,572
226,205,20,5.610763,943
33,175,13,1.874902,257
196,56,13,1.384536,550
90,242,7,8.336862,685
125,152,17,12.892679,762
231,57,18,17.166555,451
34,29,19,15.991517,334
241,201,11,9.318415,206
51,147,10,5.401509,1173
189,19,9,12.457764,1007
193,30,11,17.585512,480
177,147,14,3.972404,348
132,3,8,17.373943,503
222,137,10,14.141090,295
142,15,9,0.330309,521
225,73,11,14.790370,412
209,83,15,19.598360,1174
182,127,15,12.112773,808
191,99,5,10.155081,199
116,131,17,13.442610,1104
163,162,12,11.587182,668
175,38,20,11.856249,591
247,51,7,15.031093,671
76,30,5,6.838501,558
82,49,9,9.673672,310
245,35,11,0.877206,1095
217,47,17,14.470273,741
98,195,9,3.843619,439
81,167,11,14.518478,446
199,97,13,9.960583,808
172,133,11,3.925419,979
178,224,10,9.679479,871
235,234,5,18.591165,1163
48,139,11,3.827163,1016
198,218,20,2.821679,281
18,204,6,6.531359,1144
184,104,7,9.423619,242
95,82,13,12.109327,417
171,82,16,1.377439,972
174,137,20,20.225288,168
73,35,9,0.377770,776
56,176,15,17.436178,730
46,51,19,0.046393,1005
62,38,12,13.305793,260
173,246,19,10.646396,842
244,209,8,10.980014,413
176,4,19,11.176353,230
94,149,20,19.235539,369
199,126,9,5.781199,1045
232,193,19,2.768131,588
215,63,16,18.727170,1169
153,13,5,2.369400,191
215,198,7,16.502018,560
4,181,13,19.230859,771
185,37,20,18.821027,605
14,44,18,19.336620,729
122,151,6,2.711393,1100
0,51,13,14.837463,1066
82,100,19,12.067915,502
229,71,18,1.238639,880
46,219,8,6.289766,876
239,224,7,7.987191,1111
198,249,19,19.900976,220
176,139,14,16.958189,644
181,110,13,12.398783,767
168,137,19,19.504661,759
231,177,18,1.592332,802
1,171,18,4.488376,238
128,111,19,5.921856,1043
63,169,14,2.704704,314
192,111,18,0.593978,302
56,58,8,0.006472,750
95,146,16,6.547579,306
59,113,11,10.183623,280
35,125,19,5.396730,1153
244,218,19,19.266550,606
199,246,7,9.972122,185
97,237,19,20.097997,1073
50,94,18,7.971424,201
237,71,20,20.253436,239
152,171,17,19.817990,626
83,74,13,2.197923,806
27,116,13,13.251361,1183
75,9,7,16.888997,303
51,239,11,5.829715,1074
209,210,18,11.766216,516
130,122,7,7.530701,886
22,113,7,20.268643,1028
125,144,18,3.344588,401
208,129,8,9.598523,340
240,141,12,15.743144,439
78,89,14,6.740818,1077
154,221,9,8.517270,714
68,133,17,7.500366,928
95,88,10,13.563543,864
32,234,6,0.076581,138
55,112,19,13.621878,753
186,1,11,19.129799,638
51,81,13,1.762320,542
130,217,8,19.918659,335
35,118,10,7.820416,1182
187,218,13,1.161387,975
175,152,18,15.750280,820
57,39,12,11.690171,565
160,206,15,8.299577,110
208,108,19,12.086898,780
124,164,15,10.345212,403
141,127,20,14.715053,131
8,217,7,14.786789,1065
8,152,16,18.885005,691
231,74,15,12.519222,737
114,110,8,18.569781,933
16,11,7,14.101858,638
32,160,20,16.398179,726
179,181,14,7.419911,561
243,24,6,16.193903,682
19,149,9,3.223593,918
169,89,17,10.865080,1095
137,172,11,0.082917,169
89,148,7,4.348874,876
241,14,6,6.595346,514
157,242,10,10.612649,805
130,149,10,7.921125,480
77,70,14,19.687792,902
151,152,6,17.008630,287
122,149,6,8.914750,429
44,13,12,2.778869,377
110,78,6,0.036380,370
131,59,8,13.718156,432
215,143,19,8.703141,1188
165,224,6,19.250220,993
203,190,6,2.309413,919
4,106,7,3.380592,932
148,151,19,20.106384,379
220,195,15,13.739036,963
118,181,8,9.519169,737
217,116,9,10.519107,915
194,182,5,16.885759,757
57,17,15,11.141243,832
229,52,11,11.177723,234
61,232,17,3.350538,788
172,61,8,4.644937,1106
126,20,14,12.959873,378
15,93,17,13.142275,1089
108,102,16,9.420902,965
178,32,14,10.808818,604
38,176,8,18.445583,752
117,15,19,1.837024,386
211,43,7,10.682272,512
72,201,5,19.766687,825
12,243,19,10.465597,744
140,32,16,12.558475,204
228,30,12,20.217813,673
182,84,14,13.507564,806
97,24,13,17.299937,980
114,106,17,6.740976,1159
31,53,12,19.746750,417
41,149,12,19.584680,748
82,241,15,11.425578,1154
188,217,6,18.538412,901
235,50,6,20.089583,264
177,223,11,7.353125,304
245,25,8,10.385680,203
13,192,12,7.678316,577
196,187,14,12.444689,796
191,116,17,8.772126,164
209,153,17,4.207736,1043
18,167,8,10.249280,717
148,90,14,9.047674,838
162,90,14,3.779085,923
194,236,12,15.415109,112
205,28,15,8.724563,205
104,214,11,2.536354,914
207,210,15,15.043254,905
65,23,6,14.049398,352
147,30,9,18.338275,410
22,82,7,9.027520,299
75,68,18,1.396532,865
129,237,9,9.491442,172
202,16,6,17.607545,388
171,127,16,3.591838,320
78,74,18,3.428693,186
103,235,15,14.477948,311
126,162,13,1.895445,110
54,110,6,11.153762,972
242,209,16,4.702550,483
38,120,5,12.940865,346
81,28,6,11.636223,202
231,249,15,17.823166,363
167,47,8,5.911878,1122
9,211,11,17.688467,736
44,25,10,6.764768,926
143,66,7,8.045688,264
115,142,8,2.681556,953
210,223,18,11.198954,689
159,99,6,6.624387,520
93,1,20,18.997473,1146
58,165,5,15.082581,594
37,109,8,0.955198,327
0,195,15,4.197132,348
87,213,17,2.735832,671
213,54,12,11.049357,678
197,130,7,18.130493,1132
192,119,13,13.994013,434
197,229,8,18.412952,1100
35,166,18,0.509599,1133
53,224,12,13.502535,327
192,128,17,15.499883,1177
150,183,5,17.036865,1095
128,246,15,14.437064,437
161,189,10,5.901065,134
150,30,16,3.659397,639
190,82,19,16.892508,1024
23,182,15,11.680676,662
29,160,9,0.522168,1139
239,192,11,5.620753,485
121,240,19,2.514316,986
37,155,7,11.444588,848
158,197,15,18.133693,653
35,109,7,12.063365,515
213,104,9,11.352245,518
193,8,8,15.322651,995
174,38,17,11.269267,835
43,15,18,12.249231,815
76,183,14,6.585763,348
12,75,19,7.072725,759
12,116,5,18.098336,254
100,15,15,7.562330,603
173,190,12,13.684539,686
78,21,6,9.988185,852
215,206,17,11.701980,272
20,115,6,3.086725,247
168,213,15,16.472841,831
203,128,15,1.155867,1122
96,60,19,16.656288,609
111,13,14,4.650523,936
142,85,15,9.875238,446
73,178,8,1.368873,453
38,117,12,5.647196,666
138,108,8,15.145912,116
220,53,5,11.002894,1197
191,42,16,7.245771,864
220,188,7,7.429902,788
22,12,18,6.895769,650
34,237,19,11.966970,443
72,52,11,12.082295,781
41,235,5,3.401997,624
126,220,14,9.727614,757
124,103,7,11.775900,1013
148,65,7,15.517536,556
126,26,19,3.580433,1021
108,59,6,9.739596,659
101,175,9,13.017422,690
183,234,18,17.375604,1066
142,81,6,6.659015,601
86,38,8,16.469536,860
214,224,16,11.215242,719
243,225,15,13.278784,1188
247,112,7,1.929061,811
206,213,17,13.278456,811
163,24,19,9.477112,532
91,243,6,2.490367,492
137,223,16,20.374213,1141
195,198,20,12.246225,316
27,115,18,2.545628,890
65,14,13,2.300347,467
162,207,20,11.045776,618
180,29,10,12.542286,775
182,9,10,4.021154,266
217,106,6,14.894009,1177
132,223,20,19.795209,873
229,35,19,5.595864,1047
240,174,14,6.026436,233
174,55,17,9.121389,688
194,164,15,13.223673,475
159,104,17,0.606194,501
127,25,14,6.757038,310
97,168,18,3.976814,314
183,3,17,7.256554,1104
174,178,20,3.221387,1192
19,208,17,15.237167,814
193,71,8,12.290944,468
60,204,12,4.040440,577
97,65,15,19.349426,313
124,11,8,18.617488,386
135,8,9,19.690206,892
228,187,17,19.065003,575
177,56,15,16.552497,519
27,34,15,0.589409,552
182,40,20,20.050758,1092
65,61,14,15.351927,252
174,229,16,18.798012,773
187,17,8,7.407934,544
88,28,16,13.872732,989
194,203,8,12.283255,696
217,27,13,3.325937,259
101,95,15,0.356651,1023
103,41,19,4.776509,900
15,240,7,0.701782,833
73,38,17,5.267999,1106
166,20,13,11.523377,532
137,73,14,7.481205,578
208,26,14,16.513568,310
45,39,16,11.235391,920
120,81,6,7.266825,110
34,62,16,4.561383,465
68,47,9,0.154015,397
242,105,14,16.299004,500
176,241,11,19.477275,851
198,161,16,9.875698,1023
80,51,11,18.669171,124
71,74,9,13.693565,189
243,33,13,5.848684,213
128,126,12,17.863479,279
136,51,11,16.064799,1150
43,140,18,19.062792,324
144,178,12,10.752875,281
38,212,18,7.031540,140
219,43,9,5.990328,655
73,200,14,10.533291,920
26,43,12,19.713732,683
60,72,10,9.816218,231
9,16,20,7.978468,642
72,227,12,12.445905,396
35,36,9,5.085536,995
33,155,16,2.056625,413
49,85,9,6.644251,703
190,75,18,10.391696,1194
79,114,16,3.546087,336
91,214,14,5.188735,1079
71,114,13,6.219141,292
234,89,11,15.640304,774
113,140,20,19.548337,727
65,194,12,1.040673,434
131,195,11,0.201427,907
131,167,13,8.901654,884
146,219,6,17.679723,281
80,118,7,20.286100,600
104,204,20,13.803610,363
117,65,16,4.019251,137
189,128,18,2.904373,1161
86,116,9,6.095975,827
47,176,14,11.236935,1060
31,47,15,9.262903,507
177,190,19,10.954744,382
129,217,7,3.505344,870
78,151,14,0.294854,586
214,152,7,7.068727,618
54,149,7,8.485054,786
206,81,12,3.283270,1128
31,206,12,20.455321,631
18,190,7,13.598351,326
202,226,5,5.279968,468
175,59,5,5.332236,1184
72,125,11,17.117106,573
151,2,19,7.516753,848
248,223,11,16.961765,624
112,192,11,4.323149,589
164,92,20,5.797006,1000
138,22,7,17.980713,350
225,122,12,1.458156,832
211,207,18,0.147128,310
14,10,13,17.979011,658
9,190,6,1.032202,282
118,171,12,6.944540,1109
210,218,18,6.171909,418
235,222,10,14.352975,389
147,193,13,2.980436,485
199,23,16,12.456411,801
89,232,8,6.139996,473
221,198,5,4.964610,717
242,152,5,14.318615,1097
226,243,15,2.994045,443
84,117,20,17.416555,1140
27,9,14,13.117965,1061
107,82,18,18.779133,431
67,70,7,2.475519,156
119,245,13,11.938993,827
236,5,16,6.617412,975
82,59,14,3.598860,307
130,100,16,4.135693,981
236,48,14,3.527184,265
67,13,8,10.402576,110
50,200,12,12.838172,147
133,50,18,6.583375,281
97,27,17,10.930636,454
187,158,14,6.922802,635
241,97,10,0.818400,964
57,189,11,10.036586,657
115,14,5,13.465988,479
80,188,16,10.731735,883
178,81,14,0.451193,378
178,13,15,12.867019,260
150,127,12,6.525796,706
159,88,18,8.704136,554
197,36,19,5.096367,472
100,25,7,13.073601,1021
130,1,14,12.785682,1091
11,228,14,13.012879,929
91,160,5,12.734675,1011
133,156,12,17.418569,1143
147,124,12,5.045341,255
63,10,8,8.040140,997
140,73,5,10.684409,900
214,112,8,4.098601,579
115,73,20,1.333590,680
195,197,13,3.496412,1050
25,166,19,18.144023,369
80,178,10,17.589509,1103
116,62,9,11.454402,1034
173,164,17,15.682177,660
153,41,13,1.108578,421
104,157,10,4.780670,571
129,84,6,18.425945,413
23,212,15,19.331448,458
124,25,13,9.869592,287
8,222,8,14.006191,301
170,28,19,5.511353,979
129,9,8,8.877522,436
231,32,19,16.398090,522
156,27,20,19.795264,802
158,190,19,19.151379,853
157,43,14,2.429390,304
42,174,15,10.946596,218
209,236,16,5.252337,395
186,211,17,6.617510,655
21,221,8,7.365888,973
208,235,9,6.658830,386
149,154,10,13.214650,652
160,236,8,14.481583,978
136,47,18,10.028563,732
1,245,15,5.264536,763
223,61,18,20.003927,281
3,17,18,16.328417,1140
145,220,10,11.358525,276
52,172,8,10.421084,654
236,246,18,4.106115,126
66,246,6,0.594284,280
203,198,12,14.359148,103
201,53,5,5.249674,423
243,235,12,12.767406,330
230,227,20,3.328191,468
103,124,15,12.872982,235
220,103,15,8.929123,548
120,37,7,14.841754,512
164,24,15,17.648221,138
142,178,7,11.415352,496
11,146,20,20.231878,272
243,133,16,10.463048,532
12,57,6,7.122389,885
180,123,12,0.041744,599
172,189,10,11.735080,251
138,153,5,13.671693,200
159,146,18,9.327344,550
29,172,19,8.165408,365
165,142,15,17.676702,295
183,30,14,13.742824,528
68,189,5,6.990636,864
221,144,17,16.699078,858
32,118,14,19.547354,608
218,42,11,16.955059,482
183,233,12,14.121937,499
59,84,17,18.579094,743
38,147,11,7.362322,389
49,47,9,3.768829,1004
28,175,6,12.344907,101
175,49,11,16.463580,990
121,109,14,10.675212,678
249,137,11,1.470443,493
24,74,6,0.116080,149
69,142,17,2.975994,493
46,33,6,18.509787,734
208,61,16,17.724635,408
43,212,6,17.708321,1157
172,46,19,4.691340,411
69,248,8,9.369620,609
223,94,18,20.447646,116
10,238,13,1.947257,104
67,23,13,11.885985,716
69,55,16,19.668986,333
10,185,19,16.494529,1012
10,41,6,19.206402,735
36,211,12,7.586387,635
78,49,14,7.754111,177
13,40,14,1.881815,527
127,6,11,3.491001,921
189,85,12,3.768846,570
196,170,9,6.419177,771
6,154,10,6.510953,742
199,158,16,0.690120,776
196,104,13,15.276015,396
149,29,18,18.474271,1188
144,17,5,11.268409,754
10,121,19,2.936059,976
31,188,17,9.642272,178
158,10,20,14.497124,1054
225,110,17,18.205852,425
117,128,15,16.213988,584
186,17,6,14.050721,330
38,52,10,15.931115,1004
3,234,9,13.215562,899
84,113,20,17.728462,444
95,246,17,4.381450,1093
63,14,19,19.197983,898
28,229,12,11.305751,107
31,143,17,5.604964,1033
241,160,7,1.590064,617
96,45,16,0.950466,732
134,105,8,12.602036,863
8,204,19,2.071797,657
224,211,12,14.531608,967
147,249,15,15.569170,673
70,196,12,6.562691,175
131,51,9,7.111538,146
221,178,9,10.014202,490
195,239,9,5.855460,235
246,207,15,8.119782,823
66,147,15,19.819345,994
95,97,16,5.580965,119
187,129,16,16.231929,1091
242,153,8,18.064170,156
32,194,12,2.641370,396
145,226,12,9.957832,572
105,121,10,17.951756,327
104,95,7,19.964012,298
98,116,18,17.551688,1018
137,199,5,2.502567,588
55,35,17,8.196051,531
156,118,6,12.613570,103
19,40,14,20.321333,620
28,101,13,18.614791,729
121,88,11,14.571803,656
9,49,17,9.379500,1034
76,131,20,6.964780,726
219,131,15,17.335614,1029
118,142,17,13.904283,966
115,193,17,2.269710,1068
57,185,8,12.395437,428
104,49,17,7.083550,893
10,113,13,8.272749,433
144,167,16,0.274675,128
73,4,6,19.862828,1036
39,16,18,18.932015,337
59,204,7,9.173455,427
83,71,14,7.626399,1004
162,70,5,17.468787,722
7,182,7,19.235699,776
87,56,19,1.270256,888
214,8,5,9.084958,178
194,147,6,6.158050,709
201,117,18,2.003540,593
109,99,6,7.927375,907
228,63,15,4.711397,838
104,23,13,5.027048,282
19,180,7,15.657854,635
103,127,17,19.210985,521
62,125,16,9.796855,1143
10,25,8,11.725668,395
188,183,18,14.463830,132
156,39,6,18.784233,716
223,242,16,5.461593,575
33,201,18,2.729364,673
201,172,7,14.392965,510
115,152,14,11.179619,603
214,66,18,15.941898,1001
214,237,10,13.172667,327
179,165,16,1.744260,1034
21,117,20,12.565586,485
16,147,15,19.899826,859
40,213,18,4.743501,336
167,228,19,10.819047,492
59,208,12,6.756755,1081
150,80,7,1.986768,509
207,81,8,9.771612,402
42,131,5,7.388167,237
199,154,18,3.686109,871
136,238,5,17.022783,402
101,17,12,16.265144,109
133,190,7,2.765431,1107
38,217,9,13.266135,136
205,91,18,14.979709,615
229,211,14,15.448093,365
140,169,12,5.355530,1028
188,52,13,15.162725,741
217,117,16,10.374226,737
72,119,10,3.274422,1090
236,71,12,13.879416,795
51,157,14,19.355606,1065
107,55,5,14.260352,586
154,40,11,19.695854,273
17,125,18,12.553859,585
56,130,20,2.407489,218
184,119,11,3.399618,645
183,120,12,19.965710,406
123,63,18,5.213181,264
107,164,18,11.881828,432
198,149,12,20.298876,973
69,81,5,20.167412,508
221,130,5,5.381891,542
74,25,16,5.112586,344
199,32,14,8.732996,465
158,175,19,18.867771,496
153,101,15,13.424832,324
94,9,15,8.768282,1034
95,190,20,12.489606,1181
49,211,20,12.575112,1104
221,194,17,6.371247,988
219,0,17,6.952403,722
238,162,13,12.535209,1078
172,101,7,17.179562,352
205,202,6,17.044439,285
43,74,10,18.639379,972
228,177,13,18.005714,778
247,164,17,1.624460,756
11,176,10,14.598840,775
188,219,17,0.540253,294
168,125,15,17.024126,152
186,158,18,3.795927,703
165,215,5,5.488971,1152
107,188,5,18.019806,946
84,170,19,17.637683,510
84,126,17,0.854883,676
53,113,8,18.957351,1075
17,169,16,0.841618,146
226,122,15,19.904120,554
157,165,7,0.645665,713
48,237,17,9.300708,673
228,246,17,0.653309,662
112,53,18,17.770121,506
106,27,5,14.194904,924
145,192,15,7.902516,923
147,13,13,7.835710,1086
82,194,9,11.744357,1070
111,101,5,16.006382,1184
72,44,17,11.128418,260
102,76,8,20.327129,857
36,190,19,5.943427,646
68,174,10,5.406865,469
47,181,20,3.740298,578
197,181,10,12.129390,150
41,223,9,6.236280,274
113,158,16,13.167009,991
38,204,16,9.954949,717
56,2,9,2.962594,570
135,170,8,19.636353,1168
192,200,17,1.953867,983
133,46,9,5.265235,926
114,203,9,9.026156,265
101,138,12,11.825906,1059
27,89,15,16.467791,1193
104,209,13,5.389871,960
88,223,13,18.729681,1018
72,105,14,0.580130,765
63,138,8,12.453694,892
226,238,12,14.162726,543
220,199,10,6.971039,1143
158,152,17,6.986997,356
64,75,15,7.314924,1134
239,226,8,18.001833,875
44,157,19,1.389560,424
246,36,5,11.765025,850
186,112,15,11.220788,704
70,150,16,11.650602,900
207,11,12,6.187115,1177
79,237,9,3.768174,252
195,147,16,16.023050,629
160,109,9,4.177491,1130
114,248,5,12.629766,141
192,43,12,13.347244,898
43,248,15,3.108968,161
20,123,5,10.121658,610
74,147,5,1.600172,944
52,9,16,6.533939,852
226,169,12,10.635714,1092
33,193,8,4.759407,410
29,139,17,17.306797,263
119,123,18,10.032031,529
80,197,9,10.092521,362
13,26,19,6.547691,905
72,15,10,11.860030,156
237,155,9,2.822449,799
67,128,15,12.854377,108
138,19,8,4.638616,312
82,80,12,19.237503,236
169,100,7,8.617201,1112
23,163,5,12.033711,478
158,118,7,16.694571,409
76,241,12,8.849018,468
77,121,7,3.584413,879
114,58,7,7.341958,453
162,241,17,7.946869,187
234,214,12,13.153274,357
92,78,18,13.309560,1100
152,233,13,6.711769,712
152,172,7,4.755575,522
133,52,6,19.466302,1174
32,22,14,3.224099,684
43,155,9,1.225279,601
133,101,13,0.296528,673
156,110,5,14.406925,491
50,170,19,3.055406,209
210,68,6,2.225458,997
137,243,6,2.544678,1009
5,23,5,9.829343,513
183,187,6,10.130407,920
12,150,16,19.071066,417
37,118,14,19.299369,381
12,108,7,9.707250,1059
189,101,20,15.341352,1126
116,56,15,5.432357,723
9,163,9,17.035330,190
39,151,9,8.861047,343
196,248,13,19.009785,255
176,225,5,7.051314,1068
220,166,5,7.551085,745
207,105,18,18.209298,277
137,188,6,9.473423,314
91,30,13,12.284993,547
170,10,5,8.913909,255
43,214,13,7.621715,1019
162,73,19,8.667028,1074
172,219,11,6.253086,691
175,65,10,0.871224,200
172,138,16,17.819351,891
13,59,13,11.477663,118
37,46,8,17.879568,648
20,158,17,9.981494,1089
4,141,8,15.704603,926
57,166,15,5.529453,900
125,122,14,12.858873,858
33,50,7,19.363574,758
121,21,17,7.730958,922
166,232,7,8.584097,577
177,45,19,5.024677,765
222,2,18,5.252903,244
155,20,16,14.338892,279
208,35,15,18.331365,1162
210,121,18,13.028880,370
149,84,8,2.290510,673
125,169,15,6.265596,1170
193,231,9,10.751872,400
240,104,7,7.457109,925
105,125,14,2.209864,978
132,19,12,4.195684,467
210,217,9,13.366207,464
27,68,15,0.558031,797
101,28,19,2.417869,187
185,126,16,3.983040,103
64,125,18,16.190024,838
173,148,9,20.469437,493
34,125,5,2.149940,413
183,72,7,8.142354,965
205,178,6,4.583466,550
44,42,12,14.908852,573
69,196,10,16.184115,488
14,205,6,0.148119,465
156,249,15,18.103957,486
114,21,17,17.549564,785
150,109,12,7.630459,905
133,217,10,15.852553,405
0,101,15,8.419927,284
41,68,8,9.090273,510
174,106,10,3.613310,215
27,49,12,4.951937,896
4,79,19,6.115516,192
86,81,19,7.615855,439
77,60,16,11.318021,1145
12,76,5,12.742258,364
185,9,17,16.672581,1157
147,53,12,0.181668,261
197,169,16,15.302214,563
4,227,7,16.553157,447
46,64,16,4.336108,245
5,165,17,12.118579,285
169,4,12,9.722530,290
244,150,19,8.349884,1079
100,101,9,12.970688,255
144,181,7,14.923078,753
149,125,11,13.629031,388
52,121,15,2.008737,791
61,62,9,15.278702,858
235,43,8,7.313120,839
116,145,8,6.921242,1173
214,45,11,19.713632,955
49,34,16,0.655526,1103
117,8,7,17.684270,1127
85,143,15,15.092575,607
38,113,11,9.161707,389
122,72,15,20.276610,333
181,238,19,15.986053,520
116,196,9,15.901440,546
35,242,15,20.491026,669
45,210,14,17.416525,896
236,12,7,20.280453,525
195,249,5,16.269953,791
141,107,8,14.289422,202
195,29,15,9.797307,782
94,184,6,14.811123,219
212,156,8,5.842110,276
151,237,7,15.106967,510
76,48,20,9.053135,257
81,233,9,2.340834,997
136,233,6,15.112255,608
87,27,18,12.722811,707
7,206,7,10.173638,590
81,122,14,15.173918,603
163,3,5,2.057910,264
2,9,10,19.891489,875
128,193,7,5.280171,581
69,30,14,7.260904,213
154,95,10,0.255022,864
177,207,15,11.109090,1115
16,142,12,10.420569,781
223,161,14,20.169452,1083
43,178,17,1.102775,171
239,235,7,0.792758,988
166,144,14,7.401505,1184
223,15,17,12.148870,402
69,237,16,4.274383,791
119,58,8,20.499272,1165
143,130,6,12.587243,249
164,161,13,9.072773,1104
75,29,18,6.322949,889
22,78,5,19.231143,460
80,218,7,12.092286,478
34,111,15,19.001000,379
244,111,16,15.331462,472
91,152,17,12.069747,855
16,192,10,12.092529,703
237,55,15,4.885300,126
197,102,20,8.161084,729
103,71,14,12.404636,310
146,72,7,16.616129,904
229,208,17,10.554359,470
242,2,16,13.633926,529
107,56,6,1.979142,386
170,55,13,1.124377,366
175,17,11,20.362105,900
100,231,19,14.452627,510
172,124,17,8.910856,234
111,176,6,12.188205,1059
158,44,18,0.152763,631
104,3,17,14.856014,534
106,236,19,11.894409,860
51,17,11,3.155375,933
247,97,5,17.139105,888
113,176,7,9.566275,623
3,90,15,2.066384,617
118,4,6,9.811541,224
162,225,15,12.717593,401
233,56,6,18.300561,528
83,126,8,5.967030,142
197,86,11,17.329702,335
22,29,16,5.697008,363
57,245,11,14.680875,119
91,189,16,16.995175,176
124,55,15,1.510068,846
120,127,5,10.144529,231
57,199,12,9.277817,701
113,120,10,1.138030,407
122,166,10,6.158801,506
192,92,11,4.532040,227
139,194,12,10.819759,459
21,162,16,10.407868,320
171,156,20,3.355688,329
43,26,5,3.456689,757
153,240,12,19.319323,264
167,168,8,0.816414,1007
57,119,9,1.850360,126
85,133,15,16.470124,479
186,128,18,5.061934,529
175,101,20,3.813595,604
147,105,14,19.501349,850
37,39,9,18.550089,516
165,200,19,3.360893,266
29,206,6,19.520330,530
107,88,10,4.546186,385
58,218,20,17.261412,705
31,217,18,2.350424,331
7,42,6,15.539322,1118
228,23,5,6.167734,1156
201,193,9,17.795786,1003
127,165,10,7.893953,216
15,226,6,17.764018,612
194,185,8,16.930730,1196
135,67,6,17.756219,552
65,7,14,4.752445,673
225,249,5,10.446934,157
148,165,5,15.286928,694
157,192,10,15.224114,193
225,158,11,1.814411,1014
38,95,20,5.809628,846
203,65,11,14.481705,793
205,156,5,11.556662,826
233,142,19,6.047494,444
224,45,5,6.191575,754
162,246,6,13.604389,916
102,50,14,1.812829,520
118,104,7,11.081870,112
242,178,16,4.144192,581
187,196,16,0.133430,475
200,83,11,12.449331,673
222,162,12,6.581310,809
78,8,15,1.449284,915
102,71,7,1.001149,849
108,117,5,0.558737,1114
157,155,18,6.147150,146
100,122,18,13.995143,970
195,22,10,6.555297,1006
210,176,17,3.826760,279
239,158,13,14.322143,785
2,124,11,19.328002,227
145,176,10,0.766787,808
228,112,17,15.307083,843
173,91,9,10.393499,1137
162,110,20,11.326709,379
171,81,12,13.934259,1115
26,168,15,0.488525,695
117,235,10,9.590191,984
49,75,9,6.444133,261
237,67,16,1.255727,756
226,139,6,12.778586,969
217,201,13,12.961011,262
186,24,20,10.563789,596
170,114,8,14.181000,1167
131,24,17,9.622745,778
51,188,7,15.852653,1080
162,149,20,14.406945,529
44,88,16,11.277162,220
34,19,20,1.710713,254
108,241,15,13.973083,261
231,158,9,9.321768,519
195,117,19,3.409512,1184
61,164,17,17.521257,166
7,20,5,4.708568,362
136,33,5,15.116109,1197
136,234,10,11.544779,1061
249,149,18,19.363200,438
248,116,14,8.287882,1139
175,8,15,14.310498,257
230,81,18,16.016732,1011
81,113,12,6.019735,1161
45,43,20,16.326811,609
28,166,14,5.593757,1006
30,124,8,16.351373,510
122,93,14,9.273748,1188
115,53,9,9.897732,601
89,33,10,19.880222,1109
163,170,13,11.668333,952
109,156,19,5.693565,593
88,228,9,10.443114,882
94,121,5,11.680822,613
30,158,10,20.096192,708
76,26,17,19.220097,628
187,75,14,14.631232,980
28,14,18,2.983541,631
81,63,11,3.840946,500
171,150,11,8.885153,282
206,6,11,13.184311,762
190,235,6,19.138657,391
195,154,11,20.391376,252
31,164,19,16.928954,377
163,231,5,2.075943,107
28,44,8,10.506987,1093
158,128,5,19.991830,1175
48,193,5,2.928901,957
33,124,12,14.507558,245
33,91,10,11.934083,528
242,181,15,7.982131,583
62,42,12,13.095438,329
147,219,9,12.490740,620
40,63,6,12.538317,506
82,208,11,0.840997,172
83,7,13,4.359298,1104
139,208,19,17.390702,1063
44,28,7,18.894437,1062
208,65,14,8.211771,306
4,219,11,5.601232,516
177,44,9,13.304092,657
205,146,19,1.478698,336
199,52,17,9.978383,768
36,53,18,14.495959,800
81,125,18,0.255039,627
43,73,12,4.498874,1131
99,9,18,16.920201,586
43,0,16,12.485944,1121
154,33,19,8.775743,504
78,211,19,15.976584,113
68,99,8,19.281716,346
202,124,7,15.578705,356
245,9,16,4.243719,136
54,37,18,7.688880,510
249,232,13,9.860058,269
216,209,17,2.433383,848
5,32,20,11.293247,829
140,130,13,15.702299,621
26,228,20,3.981890,1064
82,19,17,5.198105,817
202,62,11,17.566069,425
190,156,17,15.389606,976
16,218,17,3.681258,1099
200,114,16,15.029706,386
40,14,19,5.245446,430
13,161,17,3.243903,860
239,202,16,12.594662,150
14,11,17,18.150074,461
25,129,18,5.136556,1009
59,30,9,14.517454,787
150,39,17,13.666313,785
77,166,10,6.791383,492
15,107,10,18.024103,890
176,208,20,4.931260,1078
153,97,13,6.823395,1024
168,187,12,10.048487,471
18,114,7,1.163981,280
79,50,18,1.769109,540
125,27,12,8.011633,855
63,91,14,12.407195,1163
102,190,8,18.421510,140
97,102,10,15.892082,989
11,145,6,9.029290,895
147,238,10,7.785405,417
6,138,13,15.127716,245
29,203,14,14.542271,502
57,52,12,19.767236,404
214,203,18,3.090610,786
185,121,11,10.306757,637
63,223,14,6.626552,536
128,242,15,3.705564,492
241,60,14,10.632769,738
236,116,19,1.986437,842
171,193,8,12.439606,875
73,37,7,1.674153,261
176,24,9,17.497782,353
71,237,9,4.455856,963
195,86,20,1.494857,1098
103,230,5,7.540823,207
114,179,16,18.898349,505
149,176,7,3.519876,313
189,177,19,5.944831,633
92,221,9,14.490143,866
214,198,16,19.369513,827
21,49,17,6.029267,386
84,57,12,15.835760,1115
113,9,10,4.270939,638
117,210,8,12.334338,897
160,56,8,5.788936,783
97,124,6,13.029008,194
85,117,5,10.663231,762
222,10,11,6.760499,1121
78,124,5,10.091184,988
145,214,19,4.948450,256
12,62,18,19.308326,777
200,123,8,10.057385,1184
56,153,18,5.073167,838
58,122,9,17.259623,757
85,121,11,12.419069,1181
159,248,13,2.793510,569
77,188,18,16.012773,685
246,172,15,15.177993,363
32,176,13,17.813947,915
183,180,14,2.259492,1112
98,10,16,9.503827,749
75,25,6,17.726385,814
31,94,8,5.439912,1182
146,217,9,20.147720,880
140,231,11,3.493469,624
94,211,10,18.681432,636
221,64,8,12.998614,635
236,3,5,7.807135,966
9,210,8,8.415218,414
110,167,10,9.555764,1020
165,172,10,8.824910,1032
246,186,10,0.578527,362
177,162,16,1.317215,259
31,64,14,17.495387,1074
121,56,16,13.997077,561
135,120,12,16.671667,248
170,103,10,17.473552,1040
131,43,17,4.918849,427
13,168,9,0.128567,884
185,152,13,11.086899,983
171,183,8,6.632983,291
116,75,17,17.588906,182
2,202,10,11.415448,851
4,40,10,19.381868,583
132,218,18,15.689369,807
155,183,12,3.061193,100
129,201,12,9.147299,1133
157,49,14,13.360502,1173
169,27,7,9.886926,556
92,192,11,15.079641,618
71,133,10,9.487489,751
112,213,5,17.316920,264
61,32,14,9.921559,1084
163,131,7,19.898891,435
170,175,19,18.764859,1126
26,70,7,17.855627,921
166,155,19,10.589106,635
55,137,9,2.106419,623
123,22,20,10.195425,196
98,197,7,14.415171,1160
245,142,8,14.071938,160
1,108,17,17.265856,782
246,240,6,13.068509,291
35,204,11,8.583175,140
7,163,14,19.800518,561
122,249,16,4.387614,791
62,234,15,10.016846,546
25,186,14,18.370627,397
152,126,6,16.367701,140
195,111,17,8.570092,533
155,151,15,13.537952,1131
170,181,18,10.169820,208
215,50,13,5.074068,635
233,192,19,12.572774,657
19,165,18,5.096134,389
212,63,20,6.820073,581
49,113,7,6.366334,506
54,15,18,13.747398,1120
80,62,10,18.764368,843
191,91,15,18.774808,814
125,239,11,7.883809,1051
102,35,13,14.503743,1029
96,91,11,8.532159,268
190,38,8,10.680185,734
171,234,8,10.866587,1173
135,227,18,16.336609,101
249,81,8,4.004051,886
142,116,9,8.495219,480
153,141,14,13.179960,609
16,86,14,1.587038,558
234,4,14,13.758306,893
102,67,5,13.943207,288
105,127,8,11.011132,379
16,42,18,5.055991,1185
60,170,8,6.369063,782
227,85,12,2.328228,487
61,9,6,1.638709,889
101,107,20,1.315494,1091
238,192,8,3.572262,554
97,197,10,5.499592,150
101,51,18,19.068746,1164
219,42,17,20.047320,808
113,29,12,12.555112,197
126,215,10,14.150994,186
119,88,19,17.499258,583
93,6,16,9.335358,484
141,119,11,10.690948,709
49,222,8,12.802017,670
115,189,17,18.515821,1114
193,146,12,19.963868,847
125,12,7,15.476090,1099
165,45,7,4.264318,425
24,121,7,3.746236,1000
66,158,13,16.815589,334
85,90,9,10.163538,750
151,131,19,2.954648,610
155,116,14,9.401406,165
136,37,9,0.156069,1195
0,177,7,0.349003,954
210,249,8,5.443365,708
190,179,7,13.366866,766
62,218,10,13.298820,314
92,144,10,0.607467,167
160,138,7,9.173659,737
179,32,9,13.385677,435
151,142,18,6.832214,1106
82,205,15,11.129125,602
110,144,7,6.863993,154
232,208,9,3.173108,616
244,82,5,15.057370,984
135,235,16,3.448869,1018
50,187,5,8.959635,627
57,89,11,17.393069,481
179,79,15,1.976875,1089
84,71,8,11.513047,1087
43,25,6,6.821415,313
112,198,5,6.917472,520
197,242,6,19.063620,178
34,20,15,15.114314,1074
35,117,12,15.293226,286
223,29,10,16.439832,1137
200,143,7,13.469079,814
171,233,20,4.659911,577
211,50,17,8.424004,646
11,204,19,12.122029,194
224,4,13,5.009538,551
48,56,15,4.100456,147
160,137,14,4.918025,873
33,152,10,7.453330,812
142,3,20,2.531051,1104
8,74,19,20.168326,835
132,152,7,17.478684,325
165,241,16,18.465102,933
151,80,15,18.362657,111
11,126,16,4.326280,327
170,104,9,5.741898,484
59,132,17,12.267874,926
20,171,11,6.413767,413
94,242,17,18.387859,622
17,71,18,9.130316,978
141,207,11,9.862613,842
249,246,12,5.681579,925
34,221,10,12.165312,215
46,100,13,17.463371,827
211,122,19,8.600777,670
51,76,9,14.981355,474
127,83,19,3.046414,774
11,46,7,12.116248,572
75,246,16,9.765597,872
235,168,18,6.795678,466
228,74,5,16.196414,873
163,138,17,15.946435,302
69,46,20,6.715951,178
207,240,16,20.039856,370
25,108,14,19.618474,499
145,129,8,3.933404,1087
56,165,6,9.944253,237
188,88,17,20.399370,151
200,104,10,4.408573,968
155,9,6,0.399221,362
62,0,19,6.008876,254
76,227,11,6.623489,764
166,17,14,1.062236,625
170,94,17,3.937221,1084
14,172,20,8.952575,569
30,84,15,4.325775,640
202,218,11,17.762952,1006
151,138,15,16.531097,1064
183,93,14,5.721625,705
117,126,17,17.564918,338
51,117,12,9.671493,244
58,8,13,2.203771,695
192,246,5,2.844883,303
12,94,10,1.947348,867
32,177,7,8.201616,1127
207,113,8,13.617172,371
177,204,8,19.420124,337
127,12,15,20.440505,677
127,213,11,12.442295,363
3,207,7,10.680608,486
130,60,5,4.175021,529
48,51,8,10.866178,607
80,112,13,2.624624,167
243,207,14,17.713283,1038
60,118,18,15.437099,379
115,61,7,9.756563,480
15,11,11,11.900659,296
26,160,9,0.253009,1087
7,143,11,4.295850,103
11,193,9,19.461896,562
5,56,19,19.908937,259
157,240,9,18.755866,361
125,234,6,1.472890,773
208,166,15,11.433470,779
229,187,8,18.149226,154
105,101,20,0.809995,499
142,100,13,11.710474,314
146,186,19,11.719568,997
146,157,17,7.814070,684
68,176,17,15.481094,145
219,74,16,3.741530,281
208,121,20,7.115515,132
76,174,16,3.036343,491
168,126,10,9.551727,473
191,145,8,15.986625,779
216,98,17,13.694812,272
87,113,15,8.379482,1185
65,19,20,7.685830,930
211,149,12,4.454886,894
130,206,5,11.406753,604
16,25,9,12.663621,289
124,44,5,19.326336,728
116,66,9,5.871833,1020
210,48,12,9.651526,810
161,163,12,17.217096,1167
179,37,10,1.061680,473
5,97,9,0.751793,597
56,114,6,14.691982,433
2,39,12,10.888708,456
50,161,10,11.524834,1068
163,238,12,6.407660,907
189,63,16,5.579721,357
192,118,15,4.148803,863
77,222,5,11.542228,782
32,25,5,11.185645,285
36,189,12,15.322890,761
47,236,5,2.924307,732
232,149,6,3.506490,1167
73,177,12,17.835600,1119
54,249,11,6.489935,536
198,36,5,14.178787,1045
135,169,20,17.836594,201
44,142,16,4.995858,1016
13,36,8,9.240642,876
20,101,8,14.708802,1071
187,198,14,17.590871,345
93,243,20,11.644895,555
68,179,7,3.043021,163
175,2,14,15.612508,362
143,164,20,15.511744,343
122,241,10,10.000641,822
109,145,5,7.639475,756
178,241,6,0.938040,262
218,192,17,13.798284,198
185,245,12,16.712784,554
158,125,18,12.189604,205
136,199,7,0.180895,835
164,167,11,15.852983,137
11,158,10,3.051497,642
46,0,11,18.927845,758
65,179,17,1.820912,761
35,115,5,13.896557,638
17,100,13,4.239303,537
223,65,17,8.901935,356
246,180,11,2.424158,200
89,168,14,18.004686,486
95,125,10,16.547002,129
104,192,11,17.565526,807
38,166,14,8.305438,590
195,1,15,10.123044,706
100,186,11,6.148484,1006
67,71,16,5.538230,959
89,112,15,5.954501,471
14,234,18,18.140606,867
225,189,7,3.780476,136
144,227,18,0.269411,1132
204,171,10,13.918465,162
146,221,7,5.649952,877
11,125,17,13.334491,1177
143,151,12,17.295720,978
194,65,16,18.274752,666
108,54,12,14.066600,868
87,248,17,19.647891,703
12,95,10,8.680885,1044
121,212,8,5.306301,101
132,49,17,10.264648,185
63,73,7,17.602610,223
68,132,16,6.662919,918
101,237,18,11.121557,350
109,96,14,5.141358,1049
145,163,9,8.834962,1029
58,97,20,10.624430,1020
97,196,16,8.315610,866
55,241,19,9.798952,384
240,200,8,20.217658,1106
142,172,13,10.111829,598
61,210,5,0.739946,381
102,233,13,13.664715,527
98,243,5,13.221025,849
172,131,7,2.815869,416
178,242,19,3.222832,262
183,249,18,10.135103,119
84,108,16,14.940225,663
147,65,13,12.651413,1025
35,195,10,17.452781,108
18,33,13,16.756462,1106
21,185,11,4.437279,480
144,73,9,13.472538,166
138,179,7,10.837798,135
212,230,17,0.711549,1007
90,27,14,3.577452,353
5,34,18,2.247450,760
119,83,13,9.159691,908
28,201,19,1.258723,684
56,63,6,10.163468,892
126,82,17,1.883735,831
153,37,13,13.199288,136
157,99,5,4.557446,105
241,122,16,0.686549,992
181,49,5,12.828504,828
219,197,7,7.784564,1107
102,228,17,14.506802,140
95,197,13,4.300429,929
226,38,16,7.536903,335
116,209,20,4.219857,1005
15,149,13,5.774602,695
204,14,8,14.089971,824
93,43,8,17.062853,655
211,152,14,17.559047,1163
231,89,12,1.664054,844
32,199,6,8.982585,229
6,10,5,19.506212,626
40,54,20,11.098995,1062
85,7,12,17.462214,911
122,75,14,7.154584,841
15,182,20,10.126106,480
128,78,16,12.614325,136
110,243,9,2.396411,834
196,62,19,2.742650,589
144,12,6,18.754256,1186
121,182,19,8.551919,934
216,23,5,17.977523,1199
25,192,14,9.391697,1094
230,145,6,5.626740,972
66,51,11,11.053090,1037
93,139,11,18.692263,462
25,195,11,3.343529,275
137,65,12,20.449281,332
11,15,10,5.559149,812
82,210,15,16.672060,180
37,58,13,14.384088,115
32,3,13,8.170985,915
28,9,8,20.435104,164
62,137,12,7.345837,834
178,237,18,19.179774,724
20,119,8,4.298640,530
163,61,20,5.229176,450
88,123,15,19.211794,1160
162,31,18,12.395743,1159
54,88,12,8.136914,585
196,175,5,15.420649,688
165,0,12,4.336967,1043
100,172,20,17.213372,910
0,239,13,15.569894,880
225,241,14,8.765198,621
172,36,11,19.381692,188
56,0,16,4.087250,562
141,179,7,10.179663,209
99,145,15,6.685897,449
0,39,17,12.786356,411
133,141,8,3.428932,1122
179,12,16,11.460510,481
84,225,10,18.525219,387
239,146,20,15.273358,293
14,39,15,0.973892,201
175,143,12,19.829513,400
213,225,19,3.101550,1012
14,94,13,14.089294,475
182,141,13,11.302014,878
130,222,17,20.145221,635
205,21,9,4.646245,808
183,179,7,18.572879,529
207,79,17,3.350402,379
209,170,7,11.943095,1138
155,126,8,6.533391,523
104,0,12,15.131849,284
214,238,19,7.764904,370
42,146,15,18.445526,1154
68,138,15,6.772088,1064
9,21,10,16.984701,625
42,249,7,15.415925,1151
63,185,13,16.548013,697
109,152,16,12.311432,529
152,201,11,8.635343,694
4,162,10,8.864511,881
84,123,7,15.427729,1011
157,89,12,4.887158,1109
36,23,13,14.044640,1131
239,163,17,0.946792,408
38,228,5,19.955346,328
26,176,16,12.955868,126
58,38,11,20.277049,1159
183,196,11,9.195210,798
78,155,9,3.525347,827
114,40,7,17.726061,1060
123,161,19,4.227700,583
153,151,11,5.051889,862
74,110,16,9.406641,733
92,209,8,20.308226,879
176,79,15,0.333856,882
155,164,7,18.669467,501
197,67,7,14.361576,495
114,177,15,2.044401,268
122,29,19,11.720423,231
181,64,16,18.537613,287
144,11,15,13.717957,780
69,62,11,12.788644,232
3,29,6,11.022385,792
215,14,18,16.682834,989
180,189,15,6.110358,727
142,190,10,5.253774,1105
34,36,9,4.200390,501
63,1,7,9.122629,703
3,226,20,2.378150,983
83,84,18,3.746024,594
222,88,10,8.835452,493
142,53,20,7.700872,687
241,84,6,5.383336,705
40,126,19,14.268002,664
207,224,5,1.059747,544
46,154,7,18.904263,711
175,28,5,18.962958,198
229,141,17,14.367775,296
127,145,12,11.925388,199
217,89,16,19.630806,558
210,41,6,6.180319,1092
13,166,20,8.910630,137
76,22,6,20.158350,119
208,13,13,2.053761,652
0,241,19,5.455238,1086
236,138,8,17.808658,936
18,176,13,18.465237,132
226,150,11,8.040063,459
206,67,20,10.200129,240
190,1,10,8.363655,471
211,160,20,6.947414,691
229,180,20,11.381348,570
22,110,19,3.752490,927
0,151,8,10.792743,363
116,49,17,11.151984,370
222,159,13,11.686521,232
168,163,8,9.290600,880
225,226,19,12.941736,328
10,234,19,19.325813,885
111,29,18,4.949374,1155
208,88,10,5.440977,567
96,17,9,15.191419,1059
88,103,14,13.325909,290
138,211,11,6.519307,1146
168,62,18,7.541887,471
34,137,7,8.980744,737
50,203,13,1.376518,348
212,64,10,3.421315,382
183,248,9,7.823800,425
62,60,5,10.377152,644
18,208,15,5.070890,706
195,59,16,18.381174,448
26,210,8,6.956908,224
67,233,5,15.191306,905
127,54,10,8.190793,1158
124,220,5,19.662520,111
209,222,9,14.885044,1065
38,178,19,1.786320,310
46,246,14,18.785336,987
130,248,15,14.707176,609
194,180,19,12.867259,768
161,12,11,2.631343,913
154,24,10,8.521054,713
227,15,7,3.445501,1142
228,208,12,18.738928,126
93,233,19,11.321929,584
39,111,20,16.544716,974
150,231,19,7.533721,193
113,30,9,16.537500,258
129,62,14,8.466850,1021
125,188,13,15.085736,377
202,55,12,1.894695,327
156,128,10,5.258579,745
197,248,8,16.565548,164
122,111,8,10.553248,226
53,97,6,14.032215,984
37,98,19,11.923732,655
53,223,10,18.433227,869
73,196,19,6.786700,1174
237,188,8,12.405078,1052
144,81,20,18.905855,1034
187,36,18,13.495057,1175
7,227,12,0.059408,502
42,61,6,12.039411,276
200,125,14,6.283408,1103
149,24,6,11.206671,1188
14,55,18,0.582582,949
182,62,20,0.166833,1029
163,72,20,1.622497,476
39,212,9,8.639146,1106
238,43,14,9.556566,717
20,184,16,12.162314,145
156,100,5,0.322476,258
64,166,13,12.746772,122
30,166,20,13.097755,263
162,125,8,12.834428,358
41,166,18,3.785791,497
205,26,7,9.264425,293
2,170,8,4.039874,884
168,39,7,7.560055,212
102,204,13,4.585265,595
224,219,17,17.279787,154
102,160,11,0.531763,429
230,237,8,12.502721,277
125,194,14,10.142115,811
99,89,18,10.817889,348
3,209,8,20.327481,1185
97,126,10,7.808787,1033
239,112,16,20.009470,434
71,47,6,15.505259,838
98,181,8,9.584880,310
19,61,18,7.717297,1098
226,88,17,9.803480,235
230,223,13,0.683963,174
204,211,20,17.286809,879
193,34,14,19.399547,745
122,200,15,8.392555,142
224,30,15,6.475042,156
157,67,16,15.590692,665
126,72,8,2.358433,101
71,182,12,7.490618,753
239,29,19,8.671378,312
81,249,8,14.172210,494
139,67,13,5.672401,162
145,118,7,1.708392,378
89,171,20,15.430065,1031
225,205,9,1.362497,149
231,20,8,1.985938,390
30,82,9,10.504916,888
243,167,7,14.773423,856
128,156,14,13.819206,228
3,230,18,16.661166,546
22,132,17,11.165367,229
27,102,5,10.705679,502
158,239,8,9.644809,1046
22,109,18,4.807131,925
45,90,14,18.847142,1138
204,196,8,13.241399,1039
225,94,11,3.559644,260
181,82,5,6.144678,286
37,138,7,12.145057,564
12,143,18,11.213946,129
176,122,9,7.104130,618
122,76,20,1.132022,227
68,85,17,0.107498,633
15,64,5,19.688330,1044
187,190,18,14.021769,788
173,225,5,19.972037,128
210,165,18,19.086823,1123
29,210,5,9.872919,319
35,219,16,16.018527,1067
232,81,18,0.951482,791
31,28,13,15.619402,166
136,11,15,6.583800,910
22,90,7,15.845739,784
218,65,19,19.023886,687
92,138,10,19.902284,299
189,55,6,0.274484,1141
53,33,5,7.824372,378
107,110,19,15.457174,382
235,185,9,13.227583,1144
215,222,18,19.732555,502
54,105,19,2.336639,143
198,158,12,9.261703,220
54,45,17,16.026519,584
3,138,16,0.578869,698
157,213,19,7.580381,971
198,71,14,5.959832,1155
227,147,14,6.032497,208
200,215,20,9.588930,924
136,9,15,0.317389,1023
117,106,11,0.243183,924
65,81,15,9.025903,824
141,222,5,5.588664,572
78,51,17,16.113870,115
36,126,13,16.437411,140
15,249,19,20.030363,717
121,48,17,20.139093,190
103,79,11,13.197209,917
145,73,9,7.287176,522
154,137,9,17.489859,1038
241,41,17,16.858038,1155
67,35,17,15.945398,1023
45,120,7,8.525251,441
211,117,20,6.908120,797
242,82,5,10.167118,375
19,193,8,1.829385,1065
79,205,20,3.700108,955
171,100,11,19.422285,616
178,7,12,19.481270,110
143,233,16,18.424434,566
171,95,6,11.005109,231
164,98,8,5.914780,726
51,2,10,12.015665,773
126,198,20,4.261337,157
125,203,9,12.439772,725
186,164,9,19.896473,753
113,149,20,14.815176,818
44,99,17,1.401098,1187
58,246,6,16.124915,685
191,119,10,4.858028,1043
82,162,5,8.162926,679
67,45,5,7.611426,323
161,221,18,6.461690,174
211,29,5,8.445934,368
76,145,20,14.127154,1049
198,74,11,2.008363,882
249,230,13,0.360072,600
105,41,6,8.066370,1123
1,155,19,17.888617,465
37,126,20,13.319111,198
42,246,14,16.425833,256
55,84,15,3.737187,1009
154,101,14,17.644772,323
20,214,14,10.565605,540
17,111,15,7.382621,1181
230,93,5,11.487949,517
209,81,17,2.583350,234
216,95,11,18.561651,660
201,103,11,15.196373,1120
138,61,20,2.343647,312
217,182,7,10.497588,979
168,61,8,12.944902,226
127,75,18,15.189941,997
243,107,8,8.043204,165
45,116,5,19.232918,1189
223,143,11,0.469111,1132
142,212,14,18.600071,1003
61,89,20,4.873286,783
2,168,16,15.218789,676
48,14,11,18.639581,797
242,91,5,13.625126,420
137,157,15,6.188869,666
238,46,19,17.966447,711
89,196,16,13.560200,1130
99,11,10,7.854814,261
49,92,14,14.321722,400
82,127,20,9.080970,930
207,238,7,13.389296,466
58,20,14,9.632034,389
148,76,12,19.064373,733
23,95,6,20.317927,717
229,28,14,3.479996,545
37,30,12,14.064573,827
64,130,8,6.525534,767
174,124,12,1.016162,1173
28,147,9,2.141974,661
169,148,14,2.728945,682
12,151,14,15.034099,1009
105,240,11,19.348479,950
189,199,5,18.801709,265
141,36,19,19.588109,931
8,82,10,16.375455,150
45,175,7,12.325153,768
146,124,20,4.975167,399
28,220,9,19.751835,1177
224,57,6,3.845460,644
172,43,9,15.925623,480
94,164,16,20.219417,893
130,140,9,2.820695,758
144,184,15,14.455486,246
214,218,6,10.853609,1071
198,51,5,8.251807,297
151,203,18,16.350750,357
118,107,7,2.700667,536
145,5,14,13.572524,900
206,240,10,20.199641,993
204,15,12,16.137819,702
20,236,13,5.791326,190
121,60,12,4.030775,1003
148,220,14,11.649524,1061
7,51,10,5.584356,996
178,9,5,11.863652,499
57,28,20,19.214359,1120
117,188,16,7.403733,1087
98,204,6,16.702502,487
25,227,7,13.075396,362
94,86,15,18.953881,942
43,90,12,5.154034,1130
160,232,10,11.179036,358
1,128,16,19.054465,171
32,113,20,7.576881,543
223,140,5,1.418194,716
162,144,19,20.429039,187
110,155,15,19.630785,724
115,46,6,3.407230,889
29,129,11,15.241804,140
225,190,20,4.373362,384
179,108,6,1.028058,332
116,199,16,13.420289,529
153,138,8,15.986510,523
224,213,7,20.431706,383
199,182,10,4.801974,1184
168,223,8,2.240212,999
15,124,15,10.715272,586
99,52,8,10.343331,924
30,119,11,17.946443,846
9,46,11,11.495337,602
13,66,8,14.261058,705
139,157,13,5.739648,972
70,65,8,2.809860,548
88,101,5,9.148584,921
23,49,13,14.176169,147
81,107,9,0.446961,569
178,180,12,8.567741,700
162,23,16,4.717663,1092
101,58,14,19.368424,1042
208,248,14,7.115024,496
153,91,15,11.141879,844
241,150,13,0.895294,973
100,124,19,17.732899,1191
65,78,17,0.999892,268
35,40,12,1.852475,959
163,241,14,3.893035,612
29,107,5,19.059041,1179
193,181,17,12.096279,1008
134,107,13,3.648848,561
70,78,18,12.359321,1031
137,130,16,17.921826,137
242,166,6,15.498415,791
134,114,8,18.337836,552
183,5,17,11.313744,843
130,218,20,13.779639,239
64,17,20,14.015382,881
197,14,9,4.827571,871
137,85,14,6.691585,130
63,211,14,0.215482,587
216,204,18,4.154613,168
32,125,13,2.597274,1136
246,10,5,18.003738,1148
50,155,6,3.316300,715
50,210,16,17.862794,457
198,91,13,12.514351,584
60,67,15,5.907347,1080
184,22,5,1.716892,242
172,221,13,6.713609,1106
149,199,6,2.889325,585
218,99,14,9.878453,560
243,203,9,13.609749,902
97,82,12,7.813689,881
210,177,11,13.000745,994
240,120,12,6.443043,1060
192,110,5,12.722330,264
50,224,10,16.711231,266
234,10,18,6.114609,192
165,166,15,0.576273,670
210,189,18,4.750096,503
8,34,10,3.476314,746
97,80,9,4.560224,990
249,14,14,3.599243,388
11,34,20,15.675582,1093
3,37,8,14.099913,236
194,113,18,14.318678,1031
130,232,20,15.815476,716
119,169,20,12.347380,1082
221,131,7,9.349940,457
94,142,14,5.316456,1015
226,199,13,13.894528,177
63,11,20,13.081667,444
126,186,8,18.591742,1166
235,80,18,5.707664,363
208,25,16,10.393734,963
123,162,17,0.819151,821
213,174,5,4.427993,569
122,240,9,7.709159,973
230,99,15,17.489105,148
30,50,18,10.418660,973
228,180,11,3.118645,428
152,81,12,16.966520,507
203,111,11,12.774346,1096
119,240,20,11.987985,1191
179,82,12,15.541489,542
18,227,15,12.831875,590
134,117,19,11.357885,215
78,68,7,15.876332,128
194,6,13,17.060401,151
131,201,6,10.721350,1081
66,169,15,7.748501,229
215,64,14,12.216384,839
119,149,16,0.264232,167
174,111,8,10.426176,741
190,25,5,2.223052,475
88,193,12,4.476265,856
103,248,15,15.401494,1071
203,52,11,17.020886,779
199,110,6,18.336642,259
89,231,12,19.321826,502
208,125,10,7.367661,828
2,73,13,0.355239,1135
12,194,8,8.786639,947
54,197,15,3.674631,220
245,72,5,19.330862,1124
59,58,16,16.974430,462
54,34,20,2.465706,380
168,190,8,13.642628,566
241,156,12,1.585995,520
28,169,9,11.802211,895
203,148,6,0.935792,683
188,63,6,12.669340,352
167,109,15,7.600373,940
23,125,12,6.567113,280
48,146,12,18.002651,372
235,132,12,11.071697,395
69,85,11,7.222364,409
114,34,19,2.289287,369
189,149,10,15.478998,613
76,214,6,1.571543,993
207,129,15,20.390540,206
60,223,7,19.660234,1178
43,240,6,19.823188,1002
212,246,18,15.366765,262
231,243,14,9.548903,765
186,11,6,9.822027,779
199,41,17,3.496496,713
14,194,16,14.352710,1165
94,218,9,5.151922,837
155,131,17,5.144367,623
61,60,5,13.608590,921
106,230,10,1.868045,936
17,103,12,14.768052,437
24,168,13,5.589852,154
196,23,5,0.145568,223
82,222,18,1.742761,1080
43,2,11,12.371579,504
128,8,15,13.107462,124
173,23,9,6.100643,726
63,142,14,6.351297,180
248,156,12,13.152328,289
186,10,5,13.205873,326
202,184,11,14.286506,783
84,182,12,10.931960,723
131,239,13,15.699866,984
81,33,12,10.944725,1091
3,120,19,13.613777,881
240,12,20,3.973205,811
157,139,6,3.401892,482
73,49,20,2.692815,793
233,63,8,10.294733,876
49,46,17,2.052778,622
180,241,20,4.817005,283
237,150,15,15.257524,532
16,5,14,10.795566,768
63,82,17,12.551191,300
173,207,11,5.585962,240
12,228,16,5.003069,164
176,229,10,2.594069,458
238,181,20,2.475356,1108
204,99,14,10.840568,840
214,99,7,20.408879,674
197,8,15,11.229023,357
19,214,19,18.193729,238
92,89,8,19.463515,1009
195,165,5,14.391470,1198
159,67,20,17.835394,1039
131,120,13,6.200270,261
68,40,10,11.476950,250
128,65,10,12.084270,358
98,114,19,7.573754,201
200,150,10,3.137989,827
194,231,9,9.867975,431
219,159,9,0.549080,466
147,144,13,13.920057,516
192,165,18,2.048857,440
115,163,17,16.237658,156
99,28,18,11.015812,194
43,236,13,7.502413,841
122,236,9,10.373080,1072
66,145,13,13.240043,890
226,197,15,13.984882,137
132,121,12,17.758402,113
93,85,8,12.097741,515
85,105,9,13.590540,105
117,223,19,5.213367,1193
87,221,20,1.352368,1080
6,51,19,3.830207,202
30,163,19,19.558281,842
57,121,12,7.976861,1101
61,146,20,9.609076,510
55,52,17,3.684905,1014
219,148,18,18.525595,211
207,76,7,7.677585,471
68,239,18,15.173027,674
168,20,6,18.335078,1164
19,101,7,15.799332,353
39,130,19,5.195789,796
141,198,13,4.133851,1047
52,110,8,12.660649,204
165,73,5,2.255111,615
102,200,8,17.581995,361
37,90,7,16.915523,644
152,33,16,15.105915,1122
200,27,19,7.366304,133
122,88,12,1.588556,682
230,232,10,13.001255,602
49,128,5,15.072112,736
66,153,18,7.905353,1013
158,203,14,6.877079,321
140,145,19,14.371841,801
248,37,20,11.896413,665
82,86,8,8.235820,1065
83,181,8,4.736967,1074
192,82,11,6.417956,1088
187,233,6,19.312236,997
224,67,10,6.611211,904
16,164,11,8.876058,313
118,93,6,7.784502,358
173,31,17,6.956043,1166
166,214,11,18.864187,120
192,148,12,17.250313,385
134,174,20,15.734833,1197
232,109,5,4.366666,471
32,241,12,3.855330,845
225,82,8,6.224097,951
61,187,10,12.095042,707
86,115,9,1.541408,248
123,45,7,9.377275,670
123,160,14,10.794013,1108
208,239,12,3.372052,184
146,243,12,16.576723,854
61,225,20,11.182743,971
23,181,14,8.623742,1061
14,109,6,6.453553,694
231,172,6,10.220085,249
38,104,16,8.453224,1037
163,140,9,7.620118,785
71,43,14,4.879226,580
159,192,6,12.563188,1171
214,147,14,6.309503,417
103,113,16,17.572462,943
6,88,13,10.749908,674
197,152,18,5.616940,389
174,195,9,7.097906,1167
202,96,10,7.337112,1015
208,38,20,18.082502,277
201,85,16,2.642689,304
95,59,12,13.340438,1012
103,54,14,7.395714,129
18,224,7,11.414718,1121
103,140,10,2.064693,555
240,75,7,9.136443,908
125,165,7,16.589790,155
99,60,16,14.693749,944
218,73,15,15.634713,1166
144,78,20,6.607689,719
181,161,8,4.304820,173
159,157,7,18.231661,388
195,172,17,11.541605,157
111,175,20,2.154645,727
22,133,8,18.487897,197
139,210,14,8.375668,199
234,112,16,0.372458,191
207,206,5,7.000524,908
139,148,20,18.246646,604
104,64,13,19.059282,963
101,157,20,19.078955,296
126,169,5,3.183614,144
148,96,10,11.746380,1197
248,226,16,2.273296,323
36,152,6,11.934953,949
5,83,7,16.890403,597
67,129,18,13.518815,696
37,143,14,20.494054,918
139,212,19,2.188838,387
36,39,19,17.806953,1164
13,126,17,18.519574,665
104,211,20,17.642348,1157
49,242,12,17.286432,1077
137,205,12,11.567634,1177
139,55,13,3.669409,560
154,21,12,10.364784,782
101,122,11,18.414628,821
4,238,17,8.434681,1073
38,105,12,9.741946,321
236,11,8,16.976258,625
239,201,11,6.962621,179
222,225,20,7.765469,784
1,231,15,16.618246,1080
164,71,12,10.195293,842
46,50,5,17.866133,605
3,229,16,7.578257,138
211,84,11,9.727801,364
119,140,20,4.015309,410
81,108,19,13.869808,1121
36,73,9,12.130945,254
40,86,13,2.329117,945
88,183,18,14.643744,593
37,169,12,14.228057,221
127,230,12,2.007208,254
207,186,16,15.533963,234
63,27,7,20.167152,814
10,190,14,15.217094,628
17,145,18,12.995641,100
94,35,16,5.384276,727
13,174,11,7.608597,390
95,185,14,5.103234,976
33,39,18,9.913029,629
93,161,7,0.803104,430
140,26,9,7.425108,824
171,195,11,2.929042,1147
43,12,9,17.682861,1014
147,47,15,0.569725,588
200,26,20,4.196576,446
237,49,6,2.552489,606
30,189,14,17.083434,489
60,114,17,14.699424,143
16,233,20,15.391258,486
118,46,13,19.991195,722
140,53,14,4.376981,570
74,233,14,15.772875,1038
161,27,11,12.226707,954
86,33,10,10.388809,1166
129,238,5,11.011328,1189
176,149,5,7.649388,749
205,185,6,7.348195,424
65,17,14,2.789886,710
166,114,8,9.249698,880
104,145,7,18.810721,1102
166,222,18,11.623630,991
181,141,14,0.892685,704
246,24,10,13.453441,727
133,157,20,5.813703,185
219,111,14,17.830428,1189
227,120,13,10.338622,255
86,52,9,17.360185,1185
66,194,20,8.723980,705
245,82,18,3.090005,366
158,42,5,1.871087,396
81,155,19,10.331848,1199
28,88,16,17.414594,265
49,219,15,7.293158,748
218,70,14,4.322772,801
155,140,10,8.677273,571
145,86,9,1.201766,892
172,2,18,15.723157,885
244,120,17,1.660732,108
138,95,9,1.108024,330
114,138,9,12.703107,437
143,171,10,6.000179,1034
207,84,19,16.126651,282
229,108,5,2.307768,778
58,13,12,16.909631,309
36,140,15,6.035236,1179
40,106,16,2.527100,210
125,6,10,14.105207,398
241,148,13,3.976141,1055
95,140,19,11.982500,389
197,194,10,2.515080,885
98,130,16,15.748986,358
221,10,12,4.525233,840
153,121,14,18.888302,386
153,140,9,4.287847,415
190,106,17,18.460957,176
234,183,15,7.832714,361
208,51,5,15.847718,107
146,57,11,12.375524,855
162,98,6,7.704790,385
3,131,5,0.194947,620
199,226,6,8.300443,774
247,246,7,10.052871,1187
0,194,12,8.946343,959
74,165,16,6.176156,1026
73,1,19,6.839419,799
131,166,15,14.771525,978
189,217,5,10.908214,208
31,46,17,9.776256,277
143,196,8,8.916972,1002
95,187,19,14.715618,1160
191,43,9,18.681102,1005
151,209,17,17.501542,827
65,12,8,14.675331,885
115,35,18,9.081955,200
53,13,6,16.006368,1148
166,124,8,16.260333,123
45,227,13,15.540863,420
130,225,7,3.913324,585
16,163,18,8.007915,686
45,153,8,5.062151,773
103,120,9,17.977745,1007
238,249,8,18.988553,474
13,177,20,17.606696,731
154,131,13,11.130534,861
204,52,8,18.441003,1146
149,236,13,4.818494,260
151,205,10,13.748369,119
115,150,7,5.106629,731
99,184,6,14.888364,323
52,140,8,9.161516,955
67,5,12,7.622035,972
1,175,15,6.050423,219
37,26,6,1.776322,381
90,30,9,12.863814,418
173,37,12,18.783884,740
149,97,6,0.009547,1005
70,141,18,17.073733,575
87,55,15,4.439694,1023
194,111,16,9.191630,994
216,78,17,12.026575,601
225,14,14,5.995943,847
169,107,8,3.374628,492
27,117,12,15.828437,1133
202,41,12,9.940588,476
168,8,18,11.853322,1112
74,33,7,13.737716,1063
27,42,13,18.526742,203
96,140,19,19.476201,265
139,28,9,10.928543,484
220,150,18,18.875428,904
62,209,6,12.138534,326
171,215,14,19.044714,800
232,207,12,15.707369,871
55,237,8,18.739862,1035
18,148,5,19.264223,652
39,171,20,11.311128,1082
15,174,11,1.350523,931
59,223,19,2.789190,329
24,129,20,7.305153,147
182,82,5,15.278730,662
34,171,16,9.002362,229
82,93,6,6.864888,286
169,44,16,14.839876,885
134,202,11,17.770515,689
142,54,6,0.107003,224
212,28,8,2.759050,446
50,39,19,13.662094,863
35,37,13,11.487914,741
168,193,12,9.808369,513
235,67,6,14.133123,597
207,171,5,15.322086,126
24,177,5,15.345853,568
122,70,20,13.843678,993
110,99,7,15.578306,379
197,231,18,18.178785,109
52,102,11,19.593883,1093
109,32,19,9.858032,895
24,229,9,9.863783,855
36,164,14,11.812105,1081
35,146,14,14.316223,122
4,17,13,3.950127,762
97,215,10,8.260426,803
90,193,6,16.758707,615
207,130,9,12.709194,432
7,231,7,19.608997,759
181,236,9,10.831263,351
177,8,14,17.414359,1048
13,202,8,18.230787,837
206,207,10,3.970835,108
14,204,7,9.324622,1037
60,158,17,20.279409,1074
29,217,20,3.170392,205
35,27,7,18.147305,701
144,180,20,17.845646,165
175,92,18,16.265476,615
43,65,11,8.703085,959
128,174,5,3.208122,676
234,141,17,8.262238,110
188,58,15,10.709805,318
56,24,9,17.469005,402
151,28,7,10.726085,1152
17,180,17,15.844994,328
137,128,7,10.665597,856
25,160,14,0.796918,982
174,16,8,2.863297,957
20,148,5,13.827549,950
163,153,18,11.417664,492
177,171,16,4.139660,209
129,118,16,13.024281,1134
245,225,13,1.514393,301
245,99,16,20.248952,689
240,224,6,6.310203,890
152,105,6,11.519872,385
62,120,10,10.404445,606
165,98,20,2.814042,844
100,23,14,14.542582,881
70,51,15,3.516361,223
17,206,7,3.220970,299
118,114,6,1.271586,317
215,220,15,16.985747,865
79,177,9,8.020203,113
183,66,13,19.250746,210
54,50,17,17.692964,698
35,86,19,15.883786,980
63,92,9,12.769318,172
104,16,18,5.976599,417
204,155,9,3.681794,146
94,195,12,17.320977,677
121,227,16,2.002077,1092
111,142,8,12.504806,860
30,171,14,17.529388,1055
121,201,17,9.127270,990
87,131,7,4.973680,1009
65,147,9,6.962404,629
119,211,13,18.976391,860
137,71,17,2.122906,939
172,209,14,12.867693,796
23,150,5,11.627926,975
228,232,8,6.215424,216
143,82,13,8.331461,1032
193,199,16,10.988791,730
166,224,6,13.047818,251
192,47,11,3.486180,106
85,175,11,9.083973,407
198,235,20,18.901623,668
39,67,5,19.532084,951
105,33,20,13.630862,470
56,233,19,13.423174,176
242,225,8,0.799754,1130
12,51,7,0.841848,697
235,74,9,19.977235,301
116,160,7,13.615165,141
192,223,6,19.369737,996
185,41,11,19.082548,813
40,125,14,17.216254,211
233,226,9,1.571116,1009
204,124,11,10.360682,701
45,118,11,4.453958,212
116,138,5,11.484161,825
190,99,20,5.702039,1085
195,144,9,16.870122,478
186,71,8,19.310757,910
3,81,10,10.675589,498
176,155,18,17.063782,590
142,55,14,2.689702,944
210,16,15,12.338964,995
32,243,16,3.709016,162
243,189,18,11.840886,721
44,144,17,3.742625,904
113,15,10,15.570253,230
172,188,20,5.386259,1062
248,127,6,3.267152,267
10,181,18,19.397445,659
133,123,11,19.797004,195
110,7,17,10.790946,764
9,155,15,13.689484,215
244,193,15,13.676631,481
235,228,8,12.771867,463
139,64,11,10.945912,515
112,33,14,18.067212,405
155,208,10,3.057791,785
219,105,19,15.601014,890
171,214,17,14.380566,855
142,37,5,1.641210,239
108,100,17,7.520821,508
183,46,19,14.026734,434
249,205,20,10.892863,488
0,104,14,5.172574,275
124,197,14,10.018274,548
144,33,17,15.928390,639
181,176,11,9.781551,848
46,19,9,11.025320,654
74,207,7,17.725461,919
158,123,15,1.039108,1134
16,236,18,19.606226,1188
31,49,6,16.774915,975
168,151,19,11.262038,286
189,66,9,6.587795,844
215,228,9,18.405879,249
207,54,17,20.220544,1050
60,102,9,19.931713,862
153,102,6,16.458403,477
145,215,13,4.884892,667
179,70,8,8.247435,836
119,235,5,1.586171,363
174,15,5,0.843894,863
151,249,5,2.553161,998
194,133,20,17.533984,699
188,34,18,8.589755,1147
35,31,7,13.477137,1057
242,240,14,6.475132,1100
48,107,7,16.136329,586
130,147,12,4.319379,622
100,76,10,8.285478,774
19,86,18,0.621045,731
123,194,20,5.785613,1148
40,41,13,3.180164,453
38,24,11,17.699937,523
66,67,11,20.432874,254
166,22,8,1.358995,860
26,22,17,13.501642,372
200,79,15,18.767613,242
214,56,8,12.540661,1091
135,177,13,16.559508,487
196,189,5,11.540566,743
11,159,12,9.997658,342
42,186,5,10.738475,863
225,100,16,13.506255,528
50,111,8,5.184708,488
5,121,16,9.970425,458
40,117,16,6.338262,120
247,218,20,1.840221,1103
121,120,14,3.945414,865
86,196,11,11.589227,690
104,117,12,14.722742,590
49,188,15,12.432671,228
191,132,18,16.178056,1144
24,128,10,14.797422,382
24,172,9,5.473380,1186
132,189,12,13.046397,258
73,174,20,8.707841,518
187,155,11,19.711780,1080
168,70,15,6.746532,639
92,75,8,18.049912,555
196,233,14,0.588715,639
33,218,16,0.140405,1130
192,81,19,14.392985,1063
133,230,6,5.147073,664
169,24,18,5.452620,616
214,7,7,14.933607,304
111,42,19,9.086304,1013
11,148,6,12.966977,704
191,111,5,14.388172,614
180,43,16,17.562781,898
133,239,6,5.157654,1091
97,194,14,9.459204,1124
52,101,18,9.494488,1117
49,195,13,2.956469,256
132,155,19,7.192833,161
161,5,15,5.120806,758
60,205,15,8.619315,1106
87,153,6,20.205242,428
106,78,9,9.731604,872
22,32,7,15.337137,755
20,33,13,3.790343,989
246,106,11,4.347794,1157
214,230,12,1.482121,387
152,65,20,4.160973,790
233,228,13,2.226971,959
75,220,16,2.450255,1185
175,85,19,20.005972,539
227,223,8,5.173826,420
202,145,20,14.843936,1078
175,89,18,5.110155,470
218,183,10,9.463983,813
144,161,8,16.869714,180
44,46,20,4.652344,997
204,67,19,9.899261,219
126,150,8,11.859238,1179
43,7,20,7.130764,1080
245,11,9,15.045130,919
130,114,20,7.099611,447
27,79,5,9.984351,729
5,229,13,2.522045,210
146,144,9,1.608864,875
19,35,12,10.846974,487
165,74,13,13.234101,1192
230,188,12,7.383330,843
130,169,6,2.403998,764
91,26,11,11.343892,1035
181,114,12,14.833732,1078
213,62,10,4.795505,465
124,217,17,10.736407,144
144,199,9,6.378373,113
105,164,13,8.490365,199
44,64,16,12.268563,766
132,142,15,3.068624,946
0,221,14,9.412303,745
131,245,16,0.340097,1184
148,171,11,5.986839,432
58,211,7,7.690999,1042
212,209,8,16.766046,196
48,52,7,11.351288,927
126,137,7,19.112938,324
132,56,16,6.327281,524
38,200,19,1.579740,694
226,144,8,8.577714,1182
229,70,18,10.795891,505
216,74,14,2.763286,1108
165,138,12,6.456316,400
78,92,6,1.178132,237
183,182,7,15.582553,1147
12,124,20,4.798386,771
160,228,14,3.311775,668
71,129,11,16.573348,300
13,160,6,0.187487,187
137,113,18,5.162008,1026
92,195,17,17.860097,211
188,178,14,16.225428,141
217,112,10,19.068003,1174
197,91,18,13.292324,155
171,243,9,1.122753,602
10,176,9,10.986476,147
111,47,11,11.850886,704
175,151,19,10.490497,872
67,28,16,9.642902,613
145,194,12,6.001886,282
217,198,6,17.135642,863
120,181,7,0.373339,1166
124,205,12,5.457874,1165
123,209,11,3.749596,458
67,86,12,12.116079,348
22,112,10,9.602750,899
195,90,19,15.158502,931
5,248,9,20.176723,847
243,139,14,4.944851,252
121,193,10,10.535590,502
60,28,7,18.873685,743
246,65,19,15.428615,945
217,176,19,20.269121,148
143,150,5,17.353340,715
161,243,14,9.589222,960
225,124,13,12.030872,949
109,239,16,2.972007,385
242,194,17,6.143098,388
60,5,9,19.742952,961
155,158,14,5.039121,404
150,44,14,17.749510,1072
197,7,15,13.440057,512
187,205,9,14.885717,1063
203,73,5,10.495409,669
237,176,6,3.785837,211
70,177,19,11.532379,254
25,1,17,10.864907,302
134,209,20,6.342832,785
73,241,14,8.134316,1172
30,224,9,1.783864,622
154,41,11,12.639969,397
141,124,17,2.153016,438
181,118,20,14.575192,1012
98,219,19,14.112945,188
51,79,9,17.737512,512
133,108,15,3.188680,1015
134,142,13,10.800558,446
42,148,13,9.428474,309
192,187,6,8.112496,169
136,111,11,8.365540,336
193,128,6,12.351291,463
84,223,9,19.434683,728
219,8,16,9.366037,1092
232,88,11,16.580772,329
38,100,12,6.713961,706
239,65,16,7.014773,530
77,9,6,17.643160,407
102,6,8,3.218429,203
63,210,8,17.190557,1031
23,177,19,16.909862,1003
104,99,14,8.340372,764
57,108,19,7.188024,126
35,213,8,17.355393,194
57,88,16,19.250427,1187
1,179,9,15.770765,419
109,235,13,2.242667,749
38,58,16,17.222316,671
73,89,5,7.676797,629
83,75,5,9.868707,425
156,243,8,4.998442,387
88,122,18,7.377842,161
12,68,12,16.389545,1008
5,157,14,2.926915,495
187,71,13,13.373432,163
150,48,15,20.139613,1194
9,225,15,1.002823,949
167,40,17,13.437243,490
122,23,16,2.419750,311
227,60,16,12.401091,827
23,132,7,14.074412,421
107,214,5,16.527125,593
66,160,19,2.539118,148
194,214,13,18.448506,480
64,183,10,3.190115,302
149,189,7,1.628530,704
146,196,5,5.166030,779
21,176,5,2.906716,202
175,74,15,19.152280,797
239,199,12,14.974748,286
80,94,16,19.422148,940
19,138,5,15.212684,364
82,118,10,1.079162,159
86,151,8,4.117440,591
24,27,8,5.268411,967
3,198,9,20.267510,822
239,30,15,9.360285,486
40,174,16,12.979167,1139
139,175,19,8.452114,942
187,31,9,10.602489,936
134,24,16,2.160947,502
57,95,17,16.395202,592
201,213,20,10.460340,120
83,67,6,18.552112,297
247,159,13,3.029169,785
182,167,8,7.375143,439
129,90,8,10.068249,1170
171,12,18,2.919864,471
215,56,15,11.688817,137
133,195,20,17.447922,462
7,4,14,18.259061,580
133,68,17,18.118601,805
6,249,19,7.518630,273
131,45,5,11.044850,314
51,5,17,4.073712,486
7,82,11,17.344143,728
63,85,10,4.441585,770
132,68,11,0.571754,454
117,32,12,1.116743,734
123,79,12,17.070852,445
57,104,12,13.850954,458
112,159,13,16.477474,1113
175,232,12,3.191088,585
77,183,18,12.264192,1133
49,193,14,8.019751,937
231,82,14,3.807390,119
212,161,16,12.765660,1149
29,71,12,16.723353,928
42,97,11,7.078199,1170
39,119,14,6.510614,370
135,30,14,5.323361,877
161,66,11,11.644897,271
12,67,16,16.925340,1021
136,212,5,16.397409,271
86,218,19,7.828001,863
70,167,15,2.508099,108
86,4,12,19.470611,362
115,220,14,19.781871,441
64,5,20,0.933274,392
169,246,11,2.105523,121
52,88,7,6.911530,1048
196,59,18,0.145364,187
128,81,19,13.883465,223
142,109,13,11.525665,119
105,89,18,16.363283,916
190,54,14,1.421250,841
24,105,13,14.020640,857
134,97,12,15.336699,851
66,115,16,14.825762,756
123,154,12,7.110248,256
115,5,14,10.953172,570
8,140,19,16.327483,517
129,54,9,3.694493,863
248,241,16,9.268834,393
48,224,18,11.777193,812
158,154,15,18.935815,336
147,233,8,8.598997,493
98,228,20,14.884859,125
176,64,19,9.610031,244
166,179,13,19.203919,1001
100,115,11,5.935451,757
82,187,13,1.010181,471
34,44,5,15.980568,624
60,141,11,4.035119,901
237,111,9,12.059294,138
248,45,14,17.829958,417
225,33,10,2.304433,270
31,58,7,4.076354,1033
79,160,6,5.780677,905
45,158,15,2.289883,990
152,47,11,11.191366,1100
52,25,12,7.853283,880
12,137,10,3.471379,803
248,103,20,3.869146,1172
24,92,18,15.411205,518
20,225,6,5.235528,1200
201,5,18,0.010865,770
40,221,20,14.473163,274
226,196,16,19.719426,1048
76,225,16,6.305759,388
154,196,20,12.633384,1012
111,123,17,13.533277,770
85,50,11,19.917525,338
50,146,9,17.726340,560
23,107,12,16.760105,219
179,249,8,6.478268,469
92,10,5,13.121180,1176
196,54,6,4.635836,1109
181,66,9,6.946266,253
82,6,9,9.250480,1164
244,49,5,4.680641,704
182,236,11,17.513637,947
1,217,18,9.525249,525
122,212,16,19.272896,1149
171,17,18,16.660446,606
28,237,10,19.501458,1030
138,226,18,5.882569,1138
198,49,7,1.708011,724
225,238,11,18.127390,910
40,226,17,10.612521,251
89,83,9,9.384719,748
239,140,18,5.664292,667
158,120,6,11.102052,1175
65,159,13,10.696648,476
184,230,16,17.228500,1102
20,39,5,17.480609,349
199,177,14,10.151698,1007
21,17,18,11.799539,1105
109,208,14,16.708985,1079
191,219,12,3.442430,568
76,88,16,15.355641,340
9,68,8,10.421923,119
117,213,10,1.905686,937
138,139,7,10.686087,1105
196,82,17,8.715912,973
21,164,16,4.801851,223
170,236,18,16.529686,542
186,107,17,5.415296,1192
189,53,15,0.691810,141
5,189,13,11.090839,327
6,28,15,5.718242,259
124,106,9,12.190679,515
90,232,10,0.795613,522
161,61,11,5.237435,357
125,35,15,14.065249,747
143,236,5,6.013178,356
99,194,9,5.449441,258
238,175,18,11.969960,153
226,98,5,19.706367,1078
204,8,13,4.867491,120
120,53,18,1.855146,134
130,66,6,13.851251,962
238,206,19,11.588676,170
226,76,18,0.304857,628
152,175,14,3.800294,923
42,74,15,6.025491,210
23,239,17,3.649325,1086
95,111,16,16.597145,706
177,123,10,6.692121,1191
127,169,17,4.955970,786
189,133,8,8.803502,501
144,21,18,19.400037,760
170,27,16,18.393669,602
78,239,18,16.696009,680
38,97,13,7.257809,1148
203,10,16,18.296963,189
8,174,13,2.618472,975
19,248,7,12.330727,220
90,130,18,18.570246,451
241,171,10,0.850019,898
215,180,8,4.001073,234
88,59,15,17.265624,1024
152,83,16,10.856892,194
169,40,11,11.054405,360
120,196,20,10.713935,1109
59,46,15,16.885027,262
32,230,10,15.047329,393
112,166,17,15.441535,1192
71,51,17,2.396887,1155
87,102,8,1.997117,239
213,59,6,17.857271,1142
186,126,18,8.399178,597
243,91,18,17.566247,890
18,66,12,11.285201,933
146,121,14,6.595407,1122
74,169,11,0.405973,411
54,118,14,4.396204,540
77,133,20,11.743160,1073
3,25,10,1.388352,1068
90,230,11,15.035444,224
1,167,14,7.339984,972
166,246,15,2.552756,547
170,197,5,10.985224,1030
45,13,20,16.364788,911
242,217,9,5.991093,289
53,165,18,16.757657,953
79,5,19,17.204370,104
203,129,7,13.445580,312
140,17,15,5.242483,1131
174,225,17,1.840795,291
121,91,17,1.611622,523
43,67,15,3.441341,145
158,225,18,10.695265,1194
170,82,16,5.790550,351
186,205,17,2.654148,810
231,91,5,14.362082,1194
214,16,8,14.350532,547
3,240,6,8.974987,170
106,146,17,4.886433,588
108,151,12,17.076519,871
138,124,7,3.571924,1051
184,57,14,19.782226,874
34,14,19,2.299184,307
132,6,11,0.478699,684
96,146,16,6.627206,1191
171,179,7,2.781599,536
230,26,19,5.782137,154
197,124,13,15.749852,1192
2,120,5,6.658816,751
202,242,10,20.074126,231
193,157,7,9.715991,1145
1,225,14,19.368500,856
91,186,13,6.371907,109
246,234,15,16.636969,591
157,164,6,19.056153,472
171,178,20,16.648201,341
156,43,8,11.316425,137
182,199,9,18.277478,102
46,242,18,16.584723,358
126,131,9,16.195547,192
60,80,11,20.461637,842
224,65,7,18.030574,439
34,232,7,7.441020,194
79,0,6,14.440097,635
10,233,9,14.350855,375
194,100,5,10.120724,984
141,54,6,18.686894,834
162,119,9,13.217644,567
30,123,15,15.458291,368
44,197,14,7.009136,995
84,114,20,1.504920,371
220,56,17,2.450168,806
108,31,10,3.381067,419
152,17,17,13.117311,138
247,80,10,0.390231,929
163,99,13,14.847606,700
68,90,11,19.196811,511
132,16,7,19.153933,281
174,126,7,8.600103,596
242,214,20,16.007601,509
14,68,16,3.997609,651
103,39,13,17.382429,173
10,152,13,7.313862,1029
191,47,8,6.741417,325
69,43,14,18.629148,121
248,4,15,10.982526,148
173,97,20,14.508859,406
50,9,14,19.057964,1172
156,188,15,18.052751,526
101,249,15,13.951731,424
29,193,20,7.219395,835
123,131,20,2.154131,988
78,94,20,13.907367,477
162,94,6,5.576412,793
235,72,11,13.473130,601
85,132,20,0.933352,307
183,241,14,14.133606,908
83,213,9,6.946806,894
38,165,6,5.650320,604
139,224,6,8.438229,865
59,49,17,7.906071,466
29,165,19,10.109575,750
30,97,17,19.061332,785
24,73,8,11.041299,873
86,36,5,13.157855,1133
84,143,19,3.867077,969
86,10,17,5.056756,457
100,242,11,10.523548,1196
56,95,9,16.861672,321
145,59,5,0.653110,227
193,100,9,0.422033,393
217,94,15,4.251750,855
158,47,10,13.855795,1098
235,146,7,15.562479,523
226,227,19,4.815700,293
31,237,14,5.741255,885
122,217,11,9.013202,453
55,14,15,10.982848,333
156,59,6,15.937791,295
79,246,13,20.278379,628
76,63,14,2.874476,911
185,13,19,10.784857,876
81,62,14,20.487312,474
232,233,9,8.881301,649
133,78,12,3.692127,154
70,104,7,10.466022,305
124,240,5,17.564229,1045
224,209,14,20.029644,629
186,85,18,12.403069,258
243,150,8,4.306306,1010
64,243,8,5.211595,1175
204,54,17,10.630836,496
29,123,8,16.015018,765
137,89,13,13.320694,1144
111,196,18,14.108369,379
132,128,19,9.806408,277
152,186,12,14.674064,915
142,106,6,5.139349,158
34,160,11,16.815417,800
6,111,9,6.263415,679
52,233,7,7.112767,365
72,45,11,3.617061,724
165,222,20,4.168299,1110
113,168,8,7.736006,155
184,82,20,3.555575,293
98,236,20,11.611303,1088
224,8,19,11.857396,348
29,248,10,12.124295,436
96,38,7,16.253853,445
128,64,16,1.318259,576
67,174,16,19.191994,585
203,232,17,13.228826,600
90,188,11,10.762259,947
0,155,8,19.007729,738
150,52,18,16.729403,1055
140,72,17,5.058870,1032
160,6,16,6.725403,1029
9,151,17,15.090074,333
103,90,5,19.202317,688
69,117,5,12.493660,899
78,97,7,2.736810,720
127,203,17,13.064412,675
134,29,14,5.624675,336
36,6,14,18.688215,787
10,243,13,1.576726,712
165,231,5,12.465254,148
34,25,7,16.206561,986
103,2,18,1.116404,785
214,107,16,0.991104,771
217,59,19,19.734823,227
36,160,10,14.357728,1151
119,162,7,16.769396,519
225,194,13,17.430098,362
216,27,17,2.547809,845
213,245,14,15.007966,1058
211,27,9,7.873374,129
111,43,9,7.645404,735
178,78,8,13.493708,126
114,33,11,19.348623,1156
17,170,18,20.277497,891
152,107,14,7.640059,907
198,13,8,8.691731,1108
73,108,19,7.544373,782
241,175,14,2.894666,627
73,142,17,13.665583,452
69,189,17,6.412312,226
175,26,13,7.248737,339
227,52,17,6.566266,389
71,164,6,14.174175,437
199,178,18,17.209919,174
196,249,10,13.099237,1144
218,137,20,12.237730,1053
206,68,14,4.103706,599
166,184,7,9.773719,918
165,13,13,1.595137,1106
177,5,14,15.517228,341
103,141,20,7.543685,438
182,234,13,14.746332,886
83,23,7,4.905696,567
69,233,9,12.137261,359
156,215,13,3.324254,179
53,129,14,3.724322,428
46,35,20,0.141539,604
234,176,17,14.280493,1010
179,53,9,20.274682,883
100,6,9,5.447686,837
225,224,7,9.484813,354
216,35,10,19.106669,868
84,197,8,8.290026,780
182,16,18,17.207548,979
6,190,19,10.802108,110
182,98,16,11.183266,216
235,208,5,5.153327,271
209,6,10,7.442131,1016
34,118,13,11.890558,469
51,119,19,16.110645,755
50,82,20,0.349596,589
130,145,13,3.128352,898
131,207,14,1.376150,114
113,154,10,14.546205,328
61,53,20,19.025300,114
44,159,8,18.638067,526
163,141,17,15.607415,592
120,236,17,9.874601,863
236,20,10,5.817881,269
174,91,7,7.760376,462
207,182,10,4.223436,1198
110,45,17,4.460603,995
112,80,14,17.895638,559
235,118,20,10.898731,363
154,188,8,4.003532,1015
158,149,10,17.842236,429
226,82,18,15.235650,750
108,249,10,15.546449,1014
15,35,16,14.430698,895
217,158,9,5.910035,662
152,61,13,20.307723,558
118,26,17,4.808447,928
14,177,18,6.089473,870
138,143,6,10.325389,180
133,242,8,7.680467,298
37,246,16,10.243328,1013
125,82,12,11.180160,910
136,185,19,12.067506,614
184,63,20,18.826086,706
161,60,11,12.874734,728
52,133,15,1.310488,385
67,2,10,0.142324,483
82,3,20,5.251481,531
0,207,10,8.516971,812
65,100,9,16.553863,122
122,235,13,7.813897,987
215,132,13,4.198629,1168
183,246,19,18.065907,1004
78,117,20,12.883500,720
206,4,20,11.164919,558
74,31,12,5.083746,1105
23,109,15,3.222481,810
167,142,16,12.540296,988
0,249,17,17.014798,134
82,131,20,0.374605,729
200,202,12,1.329312,411
219,230,19,6.185255,1018
227,90,17,3.728829,159
200,45,7,16.896270,410
68,212,6,20.034400,409
16,172,7,9.002338,1030
180,238,14,1.839793,658
30,21,15,6.516791,1001
96,198,19,13.889550,1003
163,67,18,5.416992,351
143,158,10,13.991368,915
88,73,7,12.433110,986
43,226,16,9.568603,780
39,174,10,3.825334,518
182,32,5,5.233265,917
229,2,6,19.541747,523
98,5,17,13.382641,1096
16,232,12,3.205646,392
82,54,8,17.748860,879
74,204,18,8.407168,472
47,78,10,0.769803,557
185,60,13,10.766633,459
193,147,13,5.255519,813
128,168,12,13.687230,1099
122,33,17,15.218747,917
10,237,18,15.737663,720
170,83,12,9.536236,895
9,223,8,15.481610,891
40,11,7,13.349849,628
3,197,5,18.413783,1052
142,19,20,4.441770,1020
125,106,5,6.167262,139
63,106,17,1.207475,1193
178,233,11,7.810407,589
128,169,7,2.168885,1195
169,206,15,2.834544,794
190,159,7,0.053272,422
234,53,20,18.206443,1069
199,161,12,12.073271,527
177,64,18,0.355391,909
119,145,5,10.713274,218
225,8,18,3.162712,878
241,55,19,8.157723,1152
42,75,7,14.531774,597
40,105,14,0.017656,921
104,57,18,1.237291,933
235,242,9,16.303225,684
28,172,9,14.859208,807
235,33,20,15.905282,540
77,205,20,14.630016,593
131,112,5,6.902829,228
138,43,7,14.295934,547
222,15,5,7.607052,711
102,127,17,17.953896,741
62,9,15,9.073713,1054
248,214,13,1.483387,1157
157,131,6,5.331725,278
174,56,10,14.277268,303
173,126,11,15.791410,160
195,236,13,15.369774,525
64,55,11,10.103215,167
42,43,13,8.551242,483
194,84,15,12.239619,424
227,198,20,5.898885,933
165,235,17,14.262428,1050
247,213,17,5.247480,794
54,10,7,3.573428,631
202,164,19,17.467307,528
75,150,17,15.848893,1089
34,164,20,7.764193,943
62,239,16,12.715332,1112
178,194,8,20.475931,983
222,31,20,11.982070,275
168,210,7,2.349976,292
213,177,15,4.045005,849
14,155,8,19.867258,200
209,95,14,7.949102,717
107,192,15,1.760810,682
5,217,10,20.219364,720
140,109,6,9.377021,213
160,95,6,9.666853,696
182,193,8,6.009697,1162
167,186,9,7.719250,365
190,29,17,5.064144,953
14,243,11,6.060506,1172
143,111,15,4.335058,175
30,140,16,5.641501,715
174,151,8,17.231413,128
157,169,9,20.327083,111
129,151,12,2.263050,359
141,167,15,12.564529,458
18,6,6,2.251173,1115
179,17,10,5.525003,609
159,111,16,19.185234,405
65,54,15,15.397524,635
194,39,18,14.586823,947
178,1,10,1.028212,994
122,43,13,17.269781,190
60,160,11,19.079397,1142
240,223,18,1.630075,854
190,189,17,15.928866,1119
63,226,19,16.117755,838
196,109,9,0.304905,454
5,172,7,15.976563,619
28,64,5,9.114626,563
73,17,6,12.272255,166
111,157,11,1.121403,299
42,171,15,2.310168,139
10,15,17,17.900957,659
171,160,15,14.865044,781
81,168,10,6.367990,420
165,223,7,15.419449,104
66,123,10,7.929214,955
217,169,6,11.444044,698
0,154,17,13.351377,628
10,211,20,2.480409,929
56,60,7,3.688622,139
181,65,11,7.865353,241
72,24,7,10.449858,930
132,182,13,2.731406,475
212,228,16,5.809189,507
243,138,20,11.574615,821
27,198,16,15.722724,894
29,237,8,6.639408,524
172,208,8,5.402912,981
244,187,13,13.548343,101
206,141,9,11.678328,539
162,154,14,19.113142,383
100,163,5,1.375533,453
10,52,17,10.940343,178
116,242,9,18.023707,706
94,234,12,3.272722,428
48,120,11,11.990740,756
55,20,10,4.602734,388
5,249,5,15.571303,1159
182,221,12,8.106919,125
235,42,7,8.432289,103
92,178,18,19.744911,1173
174,21,18,8.118549,456
67,19,17,19.889330,864
201,110,17,8.872113,299
73,40,10,7.423448,211
154,194,7,1.105146,1002
47,235,9,10.508920,311
249,144,9,3.220615,260
83,222,19,5.650859,1035
51,105,14,9.293875,437
192,210,10,18.485314,825
49,125,7,11.196205,1107
94,3,17,0.743029,867
27,202,14,2.273806,144
106,6,8,2.204588,445
123,56,19,2.165717,1130
187,212,8,6.580823,504
114,61,8,2.432526,103
228,233,6,13.830445,1085
155,148,12,17.700044,884
198,101,5,13.732484,1047
41,4,5,13.655481,475
42,94,6,6.965238,697
192,158,5,2.814152,794
53,74,8,16.734645,1177
219,103,17,7.247545,204
125,220,12,1.742221,1117
36,98,12,3.227926,919
32,145,14,1.402792,474
139,90,16,11.476497,969
221,213,8,14.677970,390
78,153,8,19.364305,248
121,197,10,5.482738,1174
144,175,6,9.939106,888
173,204,9,18.790626,997
140,144,5,8.755520,1145
242,224,8,2.796700,397
18,145,8,18.968849,607
99,91,5,12.137542,1108
42,215,10,6.790962,756
245,167,6,2.236704,775
127,51,16,18.840524,758
176,111,9,7.439488,904
29,62,17,7.727045,794
244,184,20,20.365940,1066
225,160,16,17.100743,1030
31,34,8,5.581079,390
221,214,8,6.821307,1079
228,163,18,5.149876,329
137,48,15,3.753319,957
3,223,19,0.053773,615
239,229,8,17.393501,116
153,23,12,10.288713,546
47,67,6,18.288814,1113
80,65,5,15.208188,649
157,85,19,3.973365,294
6,46,20,7.777615,414
175,7,20,15.489088,522
86,179,6,0.603292,519
134,121,19,15.438604,103
150,178,10,13.194159,944
123,185,8,3.532535,952
175,0,17,15.921483,1016
49,38,19,19.589511,472
170,109,16,20.384988,843
150,200,17,13.831108,656
184,53,7,1.800627,206
205,20,18,17.684911,111
46,85,12,10.444330,141
161,110,12,10.666396,1034
0,223,13,2.192661,655
222,151,7,19.920847,734
169,109,20,1.756831,524
97,149,7,3.966934,1104
4,137,15,15.918730,492
26,145,7,17.081605,231
79,159,15,17.770579,497
60,222,17,6.633194,703
98,119,20,15.089464,609
20,233,6,19.817518,183
152,129,12,8.644245,186
196,154,15,11.323953,472
167,144,20,6.124207,809
5,239,17,14.076368,932
100,29,7,7.211554,409
110,128,13,6.089317,694
160,8,8,10.627866,1197
197,119,9,14.376615,355
74,43,13,0.446223,735
51,36,19,11.624907,1001
197,46,14,3.737080,903
248,17,6,4.819307,692
138,156,13,14.233521,937
108,111,13,6.196363,854
15,44,17,14.890709,188
151,233,8,5.794315,288
48,110,15,10.572104,216
20,17,11,7.193987,110
136,17,11,10.931152,333
249,113,5,5.189767,443
103,85,6,1.379941,120
89,160,18,5.928691,744
11,202,18,15.392192,697
172,156,10,9.254141,821
94,125,17,17.756368,115
248,240,16,9.812271,997
137,234,5,6.389747,488
195,142,20,10.487080,557
24,20,8,6.378485,1119
62,168,9,3.053834,563
132,149,14,17.952451,329
184,48,14,19.751988,1051
222,190,13,19.342103,807
113,118,14,11.402990,291
1,147,7,11.996108,788
41,63,13,2.999797,1021
174,110,14,14.067411,963
246,20,5,13.388927,754
189,65,15,5.430633,684
206,15,8,14.821449,173
79,172,18,17.992991,349
44,45,13,19.965549,210
244,237,13,15.855734,429
24,219,20,6.930600,972
238,190,16,2.874329,419
119,99,12,5.155572,469
206,8,8,3.684342,174
234,35,18,9.809115,150
30,186,18,1.856572,425
206,245,13,16.424200,921
214,30,13,4.212235,854
30,190,17,19.516859,1017
55,160,20,15.743137,301
196,12,12,20.124842,329
184,218,6,7.999896,1091
134,34,18,9.856946,726
114,224,6,6.096691,878
65,164,19,13.730340,530
71,95,5,6.374015,334
196,48,16,9.138408,739
145,44,12,18.165518,309
71,122,14,8.826891,768
118,12,12,14.201150,209
115,246,11,2.850246,368
106,166,12,6.153103,1009
187,184,12,4.876357,286
241,242,17,17.120590,810
117,148,11,15.897896,433
186,45,19,10.881224,812
90,165,11,0.806813,346
143,241,16,9.127937,571
189,78,15,9.260806,1009
97,192,18,3.624467,543
249,206,13,10.474548,322
218,108,14,18.687584,111
47,42,18,18.646957,107
214,211,8,4.372998,599
34,49,13,15.966869,458
127,96,18,13.488242,816
174,232,5,18.842837,805
178,22,9,9.982060,645
96,113,10,7.209705,519
67,34,17,8.854481,378
163,145,9,7.191734,402
69,31,11,2.394583,685
148,45,5,8.311986,471
198,118,14,12.926596,469
123,117,6,17.881138,797
187,105,7,17.133186,578
217,122,7,9.618710,429
115,198,6,19.343842,499
238,80,5,0.353885,862
175,169,16,5.016160,360
10,180,20,14.852766,585
211,62,16,17.804337,244
135,24,16,0.828998,1191
66,140,5,4.748916,1186
123,129,18,6.978894,1148
171,26,7,8.101684,1068
242,128,19,4.506823,571
183,194,6,8.256214,1163
226,231,14,11.562067,664
104,50,7,1.503009,179
62,56,13,19.657815,946
212,68,5,13.647656,826
29,162,6,12.574247,993
146,110,20,1.198198,1078
220,21,10,11.030578,787
208,67,14,9.808076,323
28,153,15,8.261862,994
34,105,17,5.832267,389
131,95,14,13.495195,329
131,41,9,9.352798,1043
26,104,19,11.722769,730
18,83,14,6.046414,1090
158,109,7,19.721343,702
227,194,11,18.424973,700
105,157,12,15.471364,767
232,147,12,8.564287,669
111,1,11,3.007027,829
60,19,14,3.430395,202
88,120,15,8.598859,773
28,179,17,5.190479,1005
94,127,20,9.282676,198
96,42,18,14.000294,1044
112,172,20,5.725322,157
84,110,13,3.880381,660
70,25,8,1.828640,560
138,165,19,8.395855,1075
28,116,17,14.818575,705
5,126,7,5.971734,966
202,161,14,13.346673,274
235,239,18,15.041188,968
218,17,15,7.183036,784
74,24,16,10.869307,1180
8,65,9,9.882065,363
91,39,19,19.727253,664
118,28,12,11.893097,582
126,199,8,0.157735,637
116,31,6,11.099230,872
138,83,9,16.797462,1184
165,184,15,13.985210,1125
55,129,15,13.708369,801
51,243,9,19.960201,1161
21,107,19,10.999298,447
161,231,13,7.822442,1043
244,39,12,3.296359,828
154,20,19,13.643694,379
174,46,12,5.527051,182
111,102,17,3.394421,258
243,178,18,20.234068,980
189,231,5,7.584879,155
62,118,10,2.732235,535
148,238,12,11.083142,574
40,88,16,2.834499,993
241,185,10,18.676384,598
46,174,7,14.844205,118
86,57,13,14.745709,369
235,123,18,14.675179,161
46,29,18,4.124500,160
140,8,20,12.163162,1196
141,0,5,17.661878,339
205,220,13,10.998617,358
188,21,19,1.463779,1115
105,117,9,17.243671,1003
118,70,9,10.671052,483
163,219,20,15.621982,1014
146,22,6,2.864384,717
6,179,18,3.691679,195
176,116,6,1.409299,414
69,108,14,17.181962,934
92,234,11,12.347717,569
51,25,15,19.354840,865
53,103,10,16.553765,277
18,223,18,9.337773,265
77,221,6,16.198375,620
114,163,5,5.950015,768
243,220,10,5.520287,355
15,223,11,8.011962,475
238,164,20,19.268678,787
157,187,19,14.593760,218
233,207,9,20.289517,395
102,96,11,15.943163,645
15,138,11,15.444031,932
161,79,14,13.683615,858
19,229,20,13.038899,113
238,8,17,12.407674,599
167,92,9,13.565773,874
217,73,9,5.954602,715
169,131,16,1.389344,699
233,139,18,15.510094,266
205,194,19,14.470804,786
46,22,19,3.638382,403
215,245,9,7.944940,1115
188,153,17,8.010301,759
92,132,18,3.839285,501
214,190,14,15.146287,670
34,3,19,5.445106,904
167,17,6,0.476200,470
234,26,19,10.631164,832
34,144,14,4.554574,515
48,165,11,18.455562,974
131,108,19,3.316100,314
193,155,7,7.643895,262
184,76,17,1.424267,749
209,73,7,6.203609,952
200,133,12,9.763921,443
224,103,6,13.193753,893
201,7,12,19.284249,612
245,133,11,9.138351,959
80,96,13,14.223649,510
76,37,10,3.756649,695
50,0,12,3.496270,932
60,186,17,0.281293,262
172,35,9,16.509352,260
247,6,9,13.012392,364
215,170,12,9.292395,130
2,55,20,15.080387,144
98,167,13,16.691524,790
191,117,12,4.968003,350
5,78,19,1.936343,793
165,122,12,17.969224,1172
56,116,5,8.506227,910
187,1,17,13.759163,644
107,143,5,11.875586,304
107,84,17,9.207406,433
244,240,11,17.845964,328
192,201,5,6.480350,973
199,123,10,16.757563,1091
39,45,18,18.148507,399
15,242,6,15.017590,712
55,245,18,16.124254,613
48,84,15,9.108296,486
96,57,20,18.667138,687
179,124,8,12.828692,286
192,15,14,3.432641,1099
108,122,8,10.951812,312
230,239,5,8.598285,478
157,13,16,2.642678,365
142,35,14,2.986272,804
233,12,5,8.419095,667
18,249,20,9.544713,135
127,36,6,10.341813,1099
188,9,9,13.901714,637
21,206,11,7.494483,572
212,111,14,3.694250,611
164,47,12,19.302368,598
73,195,6,1.312476,522
48,43,15,7.328926,557
147,127,11,19.465846,722
145,119,18,16.649686,829
89,56,20,8.597858,115
164,131,20,3.328055,249
244,160,12,16.948010,642
63,238,13,14.119064,1062
230,156,7,11.469626,383
94,89,10,15.643877,628
43,139,8,12.238895,375
25,42,18,6.643388,683
146,105,7,10.521998,915
0,111,11,9.695755,1153
145,108,7,11.767914,698
8,60,13,14.371434,270
144,47,8,1.842850,867
67,94,17,13.052218,968
139,240,10,9.638087,844
142,28,12,19.488411,819
219,28,5,8.705568,393
110,142,7,11.502280,613
224,130,13,15.738320,976
40,233,7,12.381388,652
17,143,15,17.921396,882
15,234,17,7.053843,206
112,66,6,3.917266,852
72,174,11,17.994255,965
224,203,7,1.569783,945
20,228,20,12.127779,771
163,248,10,12.830053,471
129,67,19,15.703205,540
42,235,16,3.021117,999
66,187,18,4.340055,132
46,90,7,15.034831,424
231,182,10,18.102551,1120
133,142,7,7.161639,401
91,1,15,2.557996,1198
180,100,6,5.209500,938
56,170,8,11.596806,815
218,211,13,6.853976,756
13,143,7,15.635964,1047
43,194,17,2.479109,278
85,36,11,10.333251,491
133,99,17,12.655790,137
67,73,14,12.572003,778
194,76,16,1.404422,477
25,88,6,1.791640,532
61,222,19,11.202936,920
64,192,5,9.420241,146
201,167,17,1.339472,337
171,238,17,18.047462,511
125,190,18,16.231882,1104
103,213,8,19.909379,313
92,242,19,5.896326,191
38,185,10,5.981051,243
105,19,19,0.850433,936
127,188,9,16.083767,1035
185,4,19,15.533303,390
210,235,11,12.805288,1049
37,133,14,9.531876,213
146,43,20,19.289923,1106
42,3,12,9.535059,333
227,154,14,12.788947,199
239,177,8,2.540412,836
100,21,6,18.239934,979
243,159,17,19.839483,961
228,19,6,4.597298,1094
220,153,15,9.631252,1158
207,204,16,10.696301,204
158,193,5,16.451315,344
212,167,16,8.782744,862
204,249,10,8.662013,562
88,42,8,19.012400,629
69,110,20,5.626399,1041
31,197,11,16.395636,166
154,172,8,19.881275,1110
71,98,15,14.033205,1144
30,131,14,2.284495,305
3,188,7,13.647367,577
249,240,9,13.199759,369
211,92,8,13.270310,390
118,193,10,19.262145,929
31,201,9,8.394822,738
30,103,17,20.101922,672
203,243,14,18.202965,113
205,105,5,18.571284,921
200,234,14,2.382252,198
184,193,8,1.980575,1024
238,165,20,0.855346,1016
119,213,10,10.511447,394
156,11,17,12.048797,1145
187,81,9,15.753907,236
232,105,10,13.732990,309
63,189,14,5.019732,358
176,152,14,11.550717,358
226,141,14,18.269638,329
75,152,8,7.001162,781
185,151,15,15.904515,475
247,59,20,14.053722,1135
123,237,13,13.456371,1039
68,177,19,8.427979,799
197,245,20,16.962772,116
238,86,8,18.011820,1154
15,177,16,13.383999,961
77,46,5,16.687013,723
164,16,17,10.330748,825
248,144,13,12.884693,985
91,25,14,17.384762,366
182,57,18,15.803260,134
82,98,10,1.770005,445
169,88,15,16.225131,857
36,215,16,11.310775,151
157,212,10,11.231501,1096
122,126,13,17.580747,652
207,126,7,4.986587,769
112,128,18,5.280121,1059
19,46,13,10.253999,430
168,248,5,2.001642,789
169,41,7,6.549633,171
110,91,8,2.045527,852
41,15,13,14.370972,398
202,198,19,19.341623,106
138,66,7,1.780698,1138
199,149,13,9.350275,815
247,31,14,4.387999,280
228,219,18,4.158250,312
67,200,5,15.492744,902
55,22,7,16.103573,329
207,227,19,16.768880,327
51,39,15,3.261876,195
159,144,20,3.541727,961
6,192,5,18.615990,279
171,72,17,0.972945,164
104,210,6,19.787361,766
198,146,6,12.415302,930
245,153,5,5.986304,461
171,144,16,16.384474,146
134,7,16,3.709242,1006
190,202,6,16.391228,565
209,165,15,14.177836,270
158,150,5,11.714902,1001
159,208,14,18.776427,920
247,110,15,11.609461,1116
89,42,9,5.820824,147
140,222,8,2.425102,688
140,5,18,13.553859,1166
90,75,19,0.816041,724
37,91,6,16.319449,542
27,150,18,11.724932,111
170,141,5,20.281947,473
147,61,9,16.053661,1052
179,238,6,10.259400,712
194,48,5,5.780821,177
145,31,16,16.341565,411
171,45,20,16.746774,695
68,143,19,12.203967,589
213,143,10,5.135780,1082
22,177,19,5.783124,529
158,204,14,0.724091,612
231,48,17,14.320973,249
232,60,19,11.804191,444
136,125,12,7.107637,211
76,92,10,12.412960,817
71,59,9,1.152409,116
3,137,10,19.656039,1196
206,99,19,18.634887,110
43,228,14,19.229514,810
212,142,12,19.611050,521
183,219,15,3.223198,1098
245,182,13,15.180114,1022
34,68,12,9.796397,311
134,242,14,7.125599,704
188,198,15,5.592123,117
24,64,10,19.920118,191
245,21,18,8.156697,359
37,156,14,19.275434,424
2,64,20,3.124103,658
39,81,9,3.482915,342
214,65,19,5.231879,770
91,4,10,11.565832,408
73,62,9,12.962767,227
209,65,11,19.383917,1172
180,25,20,1.542702,220
172,129,12,9.321551,969
145,151,5,15.060759,888
23,71,19,16.641203,1167
139,22,20,1.131051,172
135,174,17,19.961058,287
187,236,16,4.945403,122
123,107,10,5.400566,1034
238,102,5,12.669354,748
122,51,7,12.463880,1073
84,61,14,10.050917,358
7,232,5,17.984615,675
59,159,5,17.340173,283
193,198,11,3.207079,197
183,78,16,6.713681,219
227,228,7,9.771891,728
197,98,5,19.836449,683
75,128,17,1.535886,750
66,120,5,15.985016,719
187,128,15,13.044033,968
114,105,6,5.790335,122
12,17,14,8.398629,250
167,13,8,18.458577,630
19,243,13,11.179375,137
6,90,12,1.644055,204
204,240,15,9.146260,1142
244,13,6,6.590003,849
247,133,20,6.081800,487
102,31,13,6.518070,848
121,153,18,5.368977,834
207,43,14,3.016352,1077
125,245,16,10.812718,1103
142,184,7,12.893066,1030
30,72,11,13.444447,767
190,178,16,6.071310,785
11,221,5,20.433424,524
198,83,20,3.008726,597
233,52,16,14.050115,160
122,48,10,13.586894,161
13,195,12,2.535438,386
232,188,12,18.643033,782
2,221,16,6.784980,998
34,175,9,8.700813,790
108,165,10,4.872139,148
28,211,12,3.330550,361
187,97,7,20.269909,479
83,148,16,3.972389,461
187,215,8,2.562050,689
156,246,19,13.986231,663
93,32,13,4.220259,1003
61,227,8,16.339622,1161
184,170,6,17.864091,316
81,234,16,8.254452,1171
64,227,20,18.575377,1148
185,175,8,13.285072,978
76,187,14,11.089427,767
30,222,19,15.347680,383
212,30,18,14.973863,699
175,48,12,11.317460,673
6,172,16,9.348754,1047
171,204,17,20.091264,349
133,175,14,0.342138,496
86,209,6,11.091718,513
153,144,6,15.089678,441
27,171,9,2.419338,767
49,132,17,20.289021,1197
114,231,18,0.367149,161
139,91,18,8.542049,1001
57,128,8,16.273149,837
185,29,6,4.451910,1115
2,42,15,0.569566,502
111,55,18,8.526128,152
132,166,7,7.426062,612
206,198,16,0.480956,785
203,102,12,11.335076,1141
212,132,9,4.695531,543
85,123,9,7.721403,698
117,88,8,0.721413,553
227,189,10,8.166313,934
157,47,9,15.135399,398
77,194,13,1.675506,326
28,129,9,9.540966,595
16,222,6,13.822979,1022
95,50,11,16.642459,1071
243,214,14,2.335132,1131
129,13,20,9.508221,337
171,196,6,13.936548,330
223,190,12,7.260271,1073
247,109,15,5.096583,171
13,188,7,18.982673,233
79,78,19,0.733052,475
168,80,17,7.868112,945
195,78,7,2.686028,492
59,166,19,14.259466,677
37,65,12,16.264260,584
117,217,6,1.904353,1030
24,4,10,6.827777,985
9,188,20,17.115868,353
32,120,16,10.925688,1158
174,123,5,14.179543,882
248,52,14,6.101035,660
196,207,20,17.738400,946
107,47,15,19.866919,919
30,78,20,10.741789,230
182,146,17,1.113568,923
156,114,12,13.853763,985
36,183,12,11.597156,634
190,181,6,13.038076,412
100,110,12,4.678183,958
42,207,14,8.249391,823
247,16,5,19.404267,798
120,91,13,12.213984,1030
86,126,9,6.404296,164
113,147,5,6.538496,100
33,183,16,11.066304,160
188,203,9,8.467848,1004
161,145,8,11.802397,952
33,225,15,9.899708,235
87,198,7,15.405480,1191
186,31,6,5.769624,388
40,115,13,15.195172,834
25,107,10,3.218839,1153
196,35,11,3.513668,324
175,81,12,20.343511,638
65,75,14,18.300970,942
221,65,19,14.957134,550
8,221,18,17.247078,767
120,122,8,17.105551,668
249,226,16,2.276544,986
161,171,9,2.734328,974
49,22,11,13.604073,379
225,168,19,5.938988,351
185,75,18,4.417220,956
122,153,12,2.945877,388
128,206,16,4.072950,195
112,102,10,13.241323,928
142,159,11,15.727655,129
157,154,15,11.136545,309
85,148,5,5.765531,412
177,40,16,16.593578,655
34,178,18,9.814723,592
92,124,14,10.253912,958
53,6,10,12.721776,759
183,75,14,11.075909,229
70,188,10,8.384613,966
139,150,6,17.893918,333
99,128,18,3.601980,396
190,240,11,17.637036,398
190,184,14,6.795945,167
181,71,13,20.054761,1130
164,43,16,6.405828,1114
145,58,12,10.268944,479
246,141,13,14.166713,1158
228,8,8,14.995046,234
90,78,7,2.688235,785
213,42,15,5.648262,999
249,204,19,3.630215,516
247,151,19,16.276556,822
8,159,14,11.753992,359
149,224,18,11.638287,843
99,223,12,16.329514,156
14,48,13,9.700909,715
234,236,8,0.096784,357
197,79,13,2.629572,1047
239,155,15,0.112970,633
130,176,15,15.485473,871
143,192,20,4.378034,929
239,214,8,1.990492,590
162,15,20,13.999476,409
15,112,20,18.385216,928
41,54,5,7.531980,409
87,53,11,14.576753,1183
4,81,5,11.283763,881
131,64,16,17.393612,319
72,206,14,3.539841,907
134,133,20,10.363805,437
180,22,6,16.021007,1058
145,181,17,20.414270,1053
212,249,15,3.029820,445
25,109,14,18.855309,590
185,78,16,12.107245,775
8,83,12,8.406078,117
60,48,15,14.485993,127
94,71,9,10.843968,857
61,249,16,10.800332,755
22,220,11,15.255030,316
164,120,10,14.847217,182
124,75,14,13.241519,721
110,180,13,4.687036,957
24,192,10,3.769076,545
171,61,16,0.841412,309
174,206,15,14.480307,743
7,55,10,15.344717,728
123,84,18,13.320727,570
59,64,19,5.134688,175
186,19,9,5.288224,455
79,139,19,10.736145,215
105,96,9,0.347721,1025
51,211,12,17.759025,999
154,88,18,7.292538,817
129,165,7,18.014224,1160
98,128,14,13.714532,1141
52,128,7,5.575621,601
27,24,10,10.432790,1146
50,103,10,3.950797,498
143,63,10,3.496063,582
121,152,20,14.228063,508
140,238,12,3.807380,883
20,242,11,12.020000,791
149,51,6,6.714774,887
189,99,16,3.126377,446
47,45,6,15.741142,880
26,237,7,2.601395,784
87,17,9,18.103239,549
142,99,10,0.666121,103
39,104,19,6.114515,443
176,246,6,13.040025,1028
141,105,18,4.801322,542
48,202,17,15.434101,1150
183,223,19,3.889851,1060
25,115,20,14.584540,396
244,109,19,11.734738,379
96,118,17,13.698193,1116
69,20,14,4.304499,775
44,67,6,19.287081,1172
134,222,12,17.875779,257
222,140,12,19.848634,1048
41,53,15,3.656029,767
206,45,15,19.679645,1100
229,32,11,6.518069,154
223,56,20,8.783735,466
238,223,16,18.604040,302
155,206,16,3.210223,999
173,80,11,17.888871,970
101,141,20,4.231359,912
139,110,12,16.822735,1027
150,186,6,10.924913,920
78,190,7,11.153553,131
154,133,9,6.537370,1134
72,108,17,5.500064,642
24,63,6,12.954080,978
197,17,17,15.736687,820
50,20,13,12.005765,262
80,194,12,20.302321,962
205,204,16,14.980641,553
211,124,6,15.135690,203
145,128,7,19.500527,291
86,15,16,1.526945,175
77,176,6,6.170617,178
173,64,10,16.701515,853
246,11,7,2.798861,191
132,8,20,12.648311,214
47,141,20,7.187136,1123
48,1,8,5.108467,477
231,100,18,20.050727,948
206,197,17,9.240187,1024
238,189,16,3.236912,248
42,89,15,19.569360,697
95,63,15,7.839011,921
27,207,10,9.965946,1175
37,132,6,8.377408,1103
37,72,15,2.524985,802
245,239,5,19.789170,182
155,47,5,1.138991,527
228,10,8,12.607866,797
220,44,12,1.164107,571
168,86,18,4.582339,151
182,113,18,19.954878,702
128,209,18,13.349700,1008
99,20,5,15.849565,1143
160,248,18,12.978154,590
180,111,17,10.474099,477
82,66,13,9.097622,934
56,207,14,2.865814,577
164,162,7,13.856941,438
22,4,16,10.580662,901
3,30,10,15.148344,462
203,149,7,6.659988,866
6,174,20,10.525383,481
27,66,9,18.530836,595
23,141,5,12.256918,551
240,79,10,3.837936,346
228,42,10,11.846991,832
63,231,13,14.214551,395
11,210,7,11.647565,825
85,140,15,5.406602,624
181,186,11,9.686926,1105
14,229,16,0.334502,1043
248,245,16,13.086199,418
130,26,16,10.601231,918
201,225,10,19.614090,727
136,180,7,20.440417,227
158,232,9,17.283185,1157
111,52,15,9.105694,942
95,163,18,5.695151,912
103,157,14,9.216931,861
205,192,19,4.200747,183
90,95,12,15.408602,1163
205,98,18,5.547730,667
183,52,18,3.991234,976
113,233,13,16.195366,623
79,140,16,7.166095,321
166,62,13,5.532606,1102
168,16,17,14.535555,465
177,189,9,17.652077,590
167,214,6,2.873927,350
49,120,9,12.297213,992
206,243,20,1.892236,193
160,81,9,9.188016,466
99,235,20,5.230105,857
152,232,5,13.839460,533
2,232,13,10.537927,316
213,176,18,10.615341,372
211,157,5,17.210181,338
107,115,7,9.441480,345
68,100,16,0.529120,532
146,37,7,20.269418,660
89,59,17,16.234984,931
213,123,11,17.732099,919
203,15,7,19.565501,589
74,149,10,1.919359,233
146,51,7,8.839414,676
212,179,16,4.976711,391
159,59,13,4.772720,1046
137,239,19,12.782122,266
237,22,12,20.054931,161
189,23,6,2.437921,284
5,137,20,7.016579,1056
104,54,6,9.361016,993
53,32,6,13.235781,1047
134,140,17,3.134145,794
64,33,8,5.306501,480
149,184,8,7.096524,1121
23,214,9,17.444078,1135
247,217,9,18.476105,258
97,30,18,6.221526,206
21,56,13,9.572991,121
155,184,8,12.785779,492
205,110,14,0.174489,350
4,116,18,0.932543,342
3,241,17,16.237545,426
211,39,5,11.012157,399
159,57,18,5.807747,388
91,187,14,16.312500,324
147,72,17,15.425602,171
5,112,6,12.806197,120
105,149,12,12.953554,444
189,222,20,13.977578,521
201,21,16,3.388732,342
51,41,16,6.659279,601
16,108,11,8.187394,649
172,168,14,18.817842,355
144,96,14,1.139192,302
201,200,5,13.954129,252
10,219,17,6.985206,924
183,45,6,19.013509,147
60,36,7,19.552006,922
203,237,8,16.250454,856
95,118,20,12.565487,998
74,176,9,9.616483,670
213,161,12,9.019645,576
130,76,9,4.516577,156
87,184,7,18.359513,1028
161,71,11,1.386847,147
189,42,20,0.662851,418
12,175,17,8.468590,173
109,183,13,10.285505,370
152,31,8,6.030900,577
43,127,9,12.635433,236
13,121,13,6.166545,554
186,44,5,0.211512,671
4,34,9,10.700521,1129
23,52,15,14.469837,392
217,68,8,19.818535,1000
83,54,15,9.323849,837
184,241,11,9.271579,840
192,168,10,9.015576,300
128,97,6,9.903752,381
175,32,5,17.871268,460
4,27,12,4.079120,933
51,246,16,13.247745,128
26,30,8,0.904605,662
120,166,7,5.923301,877
248,129,14,3.155224,281
92,215,18,19.648629,562
146,76,18,4.368664,935
197,157,17,13.470240,974
22,202,17,16.773632,1162
11,103,8,19.034229,1042
45,211,14,16.661902,866
228,122,13,13.322872,505
248,125,10,11.430255,434
3,43,7,4.928245,265
170,4,8,7.585648,611
166,55,15,19.432809,470
118,25,15,16.269422,410
72,228,8,1.167857,1183
125,104,7,0.945751,1069
40,202,11,7.840832,999
100,89,12,18.955482,107
40,108,13,19.552371,729
84,80,10,10.549785,755
211,197,9,1.415519,396
157,42,17,18.345239,487
194,43,16,6.076617,219
31,152,8,14.220771,289
40,223,9,10.756971,1184
231,83,9,7.040790,578
195,24,19,3.519467,687
96,46,18,8.455668,958
91,196,20,17.644235,417
9,231,8,12.260352,794
247,139,10,3.034359,724
2,233,16,2.422519,357
28,210,11,10.963236,149
166,88,19,1.504296,714
148,36,19,1.468242,617
96,238,12,12.634025,346
171,123,9,19.197052,736
105,76,19,3.282834,285
121,194,18,14.560861,865
166,33,7,6.125191,338
10,34,8,6.599064,955
199,155,20,17.563718,695
179,78,17,0.284925,711
54,248,13,8.751106,494
162,217,5,6.289950,663
81,137,6,1.658060,703
37,35,10,5.419156,306
129,183,13,4.268311,694
95,107,7,19.774181,370
148,115,17,15.143753,700
55,127,11,10.224861,273
43,60,17,4.169035,127
240,228,12,18.138093,1070
100,198,7,16.362848,1121
80,227,15,12.953250,139
219,235,8,0.306172,822
176,137,10,18.459148,261
217,219,13,17.008812,744
217,2,17,1.303152,910
183,109,9,18.580002,545
106,62,5,18.387491,296
204,148,15,13.373129,939
173,242,9,16.191108,559
56,32,8,13.081832,963
28,59,8,2.827413,824
56,59,9,2.078917,400
176,62,10,20.341626,318
101,232,16,19.586807,501
170,211,13,11.731796,1087
234,104,8,4.703624,577
209,180,15,18.976136,240
40,142,9,3.734648,1086
36,156,6,19.739795,248
81,68,5,2.767154,1061
132,29,6,2.526021,739
100,117,7,10.532816,1165
193,150,5,2.680752,610
96,93,16,11.292459,1092
156,210,11,3.762634,921
51,171,12,19.351372,641
47,2,17,11.312725,810
227,197,5,13.855169,1115
201,2,12,13.673735,1048
230,162,15,14.441265,1145
217,204,16,15.160068,662
248,162,12,3.364771,204
74,202,8,14.043181,881
115,44,8,2.251836,1101
190,203,9,6.159089,263
31,115,19,20.365371,749
108,157,19,16.266590,767
94,90,11,10.296468,963
195,93,11,0.906156,1178
99,37,18,4.452858,1135
62,112,7,2.533122,762
217,40,15,5.306728,439
55,149,12,6.753637,795
74,154,12,13.782811,135
20,241,18,13.544865,518
126,182,13,11.595473,433
94,114,6,5.919047,600
17,95,6,1.769446,1021
22,65,11,5.923792,196
136,162,7,10.455848,780
74,70,14,12.101107,1174
95,204,10,1.315948,673
6,71,14,12.199219,604
11,163,20,8.189598,742
194,227,19,16.302898,1082
65,209,16,7.163100,373
75,157,16,5.727845,1117
156,71,12,8.064125,657
223,245,7,9.339894,883
48,234,20,15.701995,678
151,111,17,0.460764,216
232,165,9,11.194488,808
80,50,14,14.018076,1024
90,203,13,5.521054,1009
65,11,7,17.531036,824
157,226,9,3.315203,287
81,1,15,20.085125,1125
33,163,8,19.778646,717
185,249,18,1.635688,990
112,54,19,16.874403,169
239,53,20,12.062586,890
144,156,7,2.738517,764
168,5,16,15.007593,810
227,151,10,7.526619,261
248,229,6,11.160970,352
115,65,8,2.475093,700
149,1,15,20.188525,933
115,156,15,12.995069,842
28,225,16,17.626804,542
181,10,13,16.103473,176
146,150,6,19.829963,104
133,29,6,7.032798,807
102,61,5,14.202637,1096
60,150,20,3.770273,1061
18,175,10,13.628244,586
71,207,13,12.076609,756
16,127,18,19.547952,352
232,166,14,17.312262,842
58,140,12,0.649262,289
54,203,16,0.411315,470
113,105,16,4.014294,415
202,180,7,0.165948,174
192,205,5,4.755685,911
56,234,5,13.549068,1154
164,96,10,8.599681,1191
182,119,6,0.279220,925
77,32,10,1.504862,567
43,154,11,15.239802,879
114,108,12,3.908139,374
143,209,19,15.971607,741
217,194,17,8.598156,624
228,218,5,11.599770,121
84,30,9,0.820680,785
192,180,13,20.091936,282
96,139,5,6.093749,367
144,188,13,14.998624,107
105,218,9,10.321326,855
37,67,18,11.794083,1012
217,43,9,17.556683,652
135,184,13,9.993840,799
129,3,8,8.976701,865
133,42,17,10.814135,250
90,119,13,7.741855,1079
205,113,16,2.212544,955
210,130,12,18.031988,402
234,229,17,6.255136,610
123,226,16,16.574945,1149
167,156,10,6.457536,537
212,104,14,2.041574,962
158,76,6,3.971031,973
44,182,13,13.628848,882
197,234,16,15.101441,128
82,108,16,5.750020,398
88,72,17,7.492165,698
68,149,13,18.943219,965
170,47,11,8.082644,596
153,178,14,3.817433,245
68,96,16,7.157225,173
175,24,7,17.730734,460
95,194,10,12.579354,1091
101,22,14,19.112350,653
245,146,16,13.482724,1083
144,84,17,11.452275,219
200,185,5,4.319231,703
28,107,7,16.209428,554
193,188,11,5.534256,1130
86,121,18,6.042037,868
143,132,20,7.823983,814
102,33,14,15.929732,373
241,103,15,12.378181,491
90,128,7,1.797878,648
8,196,9,7.339644,1019
70,217,12,11.154592,160
66,196,8,17.754747,422
211,231,8,15.726374,1095
119,7,11,7.339804,391
159,230,19,6.644003,1195
123,127,5,15.946852,933
172,217,10,19.079835,539
6,34,15,8.236074,1099
224,34,19,3.240213,1066
0,55,5,3.838666,661
95,180,6,17.210314,463
215,155,13,17.121123,730
60,225,8,13.891275,188
87,166,20,4.757638,625
117,105,9,12.572128,696
92,236,16,4.392741,1090
238,57,15,16.144413,613
34,226,18,6.107203,132
74,131,16,3.209246,1178
107,165,17,17.304205,144
51,72,7,5.368762,582
14,184,12,4.992411,332
235,177,16,3.783108,970
210,196,7,12.066324,972
117,157,14,3.096693,845
218,28,8,13.417462,361
238,197,9,20.275262,1110
18,63,6,9.738811,281
65,150,19,0.498741,943
233,129,20,8.038978,120
60,144,9,2.535498,340
194,80,10,19.706198,467
81,114,16,10.859864,833
164,9,8,1.826276,898
236,57,9,19.330227,1178
10,75,19,4.458902,516
103,115,12,14.043582,240
125,157,6,1.028290,166
200,80,17,6.999512,357
109,241,10,16.705697,1094
111,8,5,13.744638,1192
135,144,20,19.477377,822
216,219,16,16.742863,717
30,164,14,8.350549,995
238,143,11,11.876483,481
86,125,11,17.532288,396
190,9,7,16.328166,1028
227,211,11,6.756771,127
103,234,7,3.413735,460
17,248,15,15.312228,420
222,61,14,3.991346,224
222,248,13,16.981924,372
125,8,8,10.567894,1079
194,204,11,17.764527,1034
143,166,18,19.412602,422
95,157,18,9.531289,359
168,233,14,19.022245,194
223,182,20,6.227599,521
196,232,19,0.702152,1011
91,6,19,0.513375,1064
237,201,5,18.641062,1139
138,205,16,17.880213,613
173,168,20,0.651051,1118
159,121,11,4.444708,990
81,17,14,14.799486,690
215,73,5,10.926335,652
105,47,18,4.223604,1119
168,89,5,9.557286,1006
48,195,5,0.989920,568
64,91,16,3.572229,667
89,183,20,16.899507,349
19,93,5,7.783699,742
73,50,11,1.415934,499
41,199,11,13.036470,452
178,184,16,3.619248,751
172,50,12,15.348142,1192
164,196,13,4.887701,396
177,106,18,18.109894,216
206,79,18,14.569807,709
170,39,12,15.215190,639
82,227,19,15.075461,586
55,33,20,4.959698,1025
203,29,7,10.849282,559
115,81,9,15.878397,848
31,212,8,10.536468,748
217,167,13,17.868280,1118
116,119,10,2.177027,946
171,124,18,16.314674,655
188,230,16,17.853706,1100
181,164,20,20.340792,409
22,139,20,17.365165,615
17,116,8,8.987078,241
14,96,9,1.700364,602
186,175,9,3.506738,1027
10,31,18,18.592655,172
200,190,15,11.197374,927
195,91,11,11.870562,1171
11,114,19,15.918240,519
28,185,6,5.073392,385
129,220,7,2.176588,143
1,19,20,19.846625,524
50,55,9,18.098078,182
91,234,7,9.276505,303
248,93,6,17.902522,385
40,206,16,11.306598,294
187,93,12,7.288621,640
57,106,15,16.607296,912
20,63,14,1.300882,977
122,46,10,11.339736,573
149,26,6,0.899270,1134
246,42,12,4.767336,879
169,177,6,15.404522,959
76,176,11,11.154203,130
166,194,12,6.955578,1039
88,100,14,6.692432,862
189,109,15,9.918551,882
146,54,15,19.205159,129
36,204,8,11.257898,478
71,192,7,10.696578,967
203,164,5,10.528539,1013
96,220,11,17.983021,477
45,110,12,17.478988,195
154,164,20,15.066140,695
48,168,7,6.351108,1115
135,78,6,2.584605,1199
147,175,15,5.763297,498
150,122,14,14.311714,1011
218,229,13,2.483972,429
246,137,17,3.136034,952
218,16,18,2.637608,1151
226,58,17,17.707798,238
188,229,7,6.286358,1199
78,187,18,19.131029,1107
58,148,20,11.810284,643
41,186,5,12.861095,639
155,15,8,10.436447,297
139,158,18,11.010028,685
74,67,7,8.638080,530
99,79,20,13.290248,1076
208,164,17,2.018871,742
176,182,9,0.284004,1046
211,168,10,14.905967,915
164,208,20,10.939833,982
81,119,6,7.320185,742
145,225,9,15.539033,1043
61,161,13,14.361259,558
221,20,18,9.755877,975
247,46,14,13.850157,861
161,89,18,4.993734,246
185,55,16,13.846960,1159
117,199,13,12.937922,1030
145,92,18,13.778936,1106
49,190,11,11.428533,950
187,10,17,1.392368,375
142,188,7,10.848484,1130
178,129,14,13.150055,917
93,120,20,0.302617,398
160,52,15,19.722301,326
188,126,14,2.710945,1141
155,56,13,0.081369,396
189,114,17,17.856651,391
188,137,11,17.012804,1090
106,29,18,2.431048,978
234,117,9,1.726491,1092
207,4,17,8.701519,104
229,21,7,1.641687,835
222,121,5,17.314083,409
50,36,6,1.059672,813
34,58,18,19.311415,1065
128,177,20,1.471684,514
109,146,13,0.885943,257
210,159,7,0.618130,929
212,131,17,2.613780,749
26,68,16,0.706750,866
72,121,19,17.913558,656
47,229,14,13.159944,656
222,100,8,18.902973,801
204,66,16,3.792526,733
20,37,6,17.479697,131
224,163,5,1.962798,214
167,91,7,18.863408,567
213,70,17,20.329168,1147
221,12,20,9.454817,950
192,52,16,7.370095,704
45,121,6,9.009902,513
79,42,8,17.863338,222
20,90,5,1.503682,577
124,57,5,9.643303,1002
155,124,19,0.734460,108
68,81,6,15.844204,642
31,174,16,1.575968,346
243,53,10,1.577570,788
76,243,18,18.685023,862
127,210,16,3.433965,629
196,49,18,12.619528,619
28,241,7,12.907060,1011
223,52,12,12.290336,247
113,188,20,0.264554,786
85,189,7,1.773828,219
15,78,14,18.378719,929
201,84,7,0.845203,1073
27,110,6,0.966571,143
247,162,7,15.531183,404
97,143,14,19.511778,392
61,214,11,6.844427,306
213,17,18,17.534085,902
211,86,18,4.176379,1099
23,129,12,6.004417,1197
202,93,16,0.064330,838
20,15,16,13.649001,207
249,101,19,6.368374,1195
106,89,8,8.755002,567
76,233,9,14.471175,712
24,62,14,4.883947,544
186,56,12,0.239455,661
73,223,19,12.752459,1110
177,160,9,16.549515,820
2,45,12,9.318667,659
6,95,6,8.657880,1028
184,70,5,13.451807,245
113,26,12,3.628211,1009
200,149,12,0.907268,839
121,119,16,13.543750,589
109,74,16,5.364436,373
131,149,13,18.019377,880
121,237,12,19.563935,745
203,56,20,1.951451,864
231,167,15,1.641629,787
135,29,19,9.217820,851
233,196,17,13.044150,858
161,42,17,17.622827,793
112,15,20,3.762535,1143
234,227,5,19.672659,438
120,78,17,18.938054,109
43,152,5,3.025400,737
185,116,8,17.589027,292
172,80,7,13.911127,189
169,167,19,9.211792,428
138,208,12,19.250265,1155
222,14,17,11.286911,1133
152,98,10,5.077053,1010
31,22,12,15.797472,250
167,95,8,11.146217,480
148,62,19,16.279708,190
123,71,13,8.797246,146
236,7,10,6.343244,281
208,12,14,13.406691,445
214,90,13,8.140762,927
111,70,10,0.541281,516
42,223,8,10.105494,251
196,218,13,17.198447,410
139,211,18,0.233172,299
127,86,17,6.423954,866
190,233,19,8.211566,628
53,202,5,3.529122,340
123,66,13,15.831064,281
113,237,20,0.965321,651
232,46,12,3.763202,600
66,126,18,0.430236,106
148,190,15,17.001222,1113
91,178,7,6.724929,739
75,224,19,17.828840,891
17,236,5,1.373968,842
140,103,11,11.447652,1168
69,238,10,4.168287,399
104,202,18,6.985872,438
243,2,6,10.389339,1108
225,9,11,1.115835,816
57,7,7,1.233543,1119
237,184,15,4.084812,300
159,94,5,15.922815,1025
99,142,10,15.646633,1140
100,45,13,5.566385,553
63,230,17,7.455610,582
227,127,13,5.279909,718
240,232,6,7.950361,1150
247,172,7,5.434332,456
213,235,12,17.239487,407
178,64,16,10.547332,593
68,106,13,14.078006,1168
48,156,17,19.914561,823
143,123,7,14.519342,1127
172,157,10,1.590896,107
29,231,10,9.623489,969
215,205,18,19.685466,755
190,74,15,15.181211,961
30,94,15,5.455928,552
128,106,9,5.271172,354
155,32,17,13.417900,786
117,127,14,12.643340,320
165,64,9,3.251190,1169
30,106,11,3.441601,412
61,14,8,0.592961,633
230,175,6,3.136792,643
63,163,7,1.560221,675
5,43,8,13.749395,940
134,230,11,0.504392,1109
148,195,8,17.319546,330
64,154,6,12.733179,368
53,28,15,10.488574,442
18,81,5,6.413152,439
68,169,14,2.725941,311
237,152,20,8.816091,726
111,35,19,15.377125,201
161,157,5,20.338228,291
46,221,6,17.432998,804
21,110,9,6.927259,134
36,168,18,13.156910,914
108,89,5,5.813344,354
146,59,19,15.208506,684
35,224,10,8.489041,408
61,189,19,14.867456,341
87,195,18,1.949348,1186
0,192,5,2.754675,163
245,188,12,18.506920,656
89,141,8,19.109048,220
51,62,19,3.065673,986
152,153,19,20.080258,507
233,88,11,7.758746,1183
205,163,6,19.196163,188
83,63,19,15.286823,1052
184,171,16,11.872405,517
203,45,15,8.932871,155
14,103,20,1.681752,760
93,94,10,9.153837,264
19,17,15,19.455512,242
72,133,20,2.351367,848
202,100,20,14.818369,380
8,86,9,3.432240,484
51,231,20,1.751419,811
92,13,13,1.964796,487
239,185,20,12.034265,1116
180,71,17,0.807650,125
152,97,19,9.967986,541
121,166,6,1.519897,454
32,4,13,11.069663,373
142,40,8,11.078327,586
248,177,19,19.993895,1139
19,164,20,5.345005,1010
36,171,14,5.866334,133
108,185,10,16.088440,380
21,8,14,10.761854,619
42,195,5,11.744654,643
64,44,5,3.747430,806
229,51,19,0.570591,465
58,232,19,5.289500,493
173,186,17,1.887234,1033
86,21,14,13.796953,433
46,128,20,7.642562,810
189,180,8,2.373245,349
169,21,7,6.410283,414
138,172,19,3.585476,857
178,226,19,12.375335,489
11,74,13,19.355780,372
91,203,7,0.716367,170
41,220,16,11.396074,520
237,105,8,5.136164,930
188,103,11,15.907749,336
149,121,20,13.762928,832
205,122,7,5.977247,677
94,25,9,3.708287,998
30,102,5,7.904796,687
166,16,14,17.163846,617
107,156,20,5.381514,1031
88,99,9,15.204392,960
35,193,13,8.907153,716
184,112,9,18.994604,380
23,53,9,7.659128,185
199,74,5,1.623679,241
169,49,17,6.234303,710
125,156,19,18.111916,563
193,196,18,16.207098,945
232,52,12,14.010430,374
127,121,10,7.435015,696
172,53,8,13.049737,1114
44,165,11,10.268726,1146
60,94,11,14.842250,1117
125,16,16,8.733217,598
19,200,19,2.548356,630
242,248,20,1.299590,827
181,211,14,7.710312,231
26,21,8,13.801800,267
18,103,7,0.982441,1186
164,166,19,10.832500,354
69,165,6,7.661380,835
122,248,16,7.663495,244
12,26,12,13.636526,105
22,10,8,12.571732,1019
244,98,5,10.329054,277
31,123,11,9.641086,1025
194,47,19,15.979826,408
101,35,13,12.918795,1055
48,167,9,17.074970,1093
31,37,11,15.430916,998
43,113,8,20.125064,202
147,180,18,7.009735,801
7,81,17,8.494744,973
206,160,16,11.555421,132
125,50,12,3.422031,1069
217,7,8,10.827123,1031
190,192,17,17.287424,938
175,50,8,6.727350,742
107,204,17,10.881158,898
20,41,9,15.591486,875
97,11,14,3.405846,657
20,108,15,10.369634,334
162,72,12,13.189729,172
187,225,10,9.980977,553
159,137,15,1.192711,100
52,62,19,5.337646,1193
2,68,20,6.770663,674
203,97,10,4.247079,964
170,48,18,20.059989,316
226,126,12,13.556755,922
188,95,13,19.746112,528
147,119,7,6.725785,775
25,12,6,15.357377,877
113,88,13,2.610709,248
205,119,6,6.860553,1139
19,70,5,10.431141,333
194,212,12,14.253922,1046
108,98,16,2.106244,737
8,41,20,13.317191,1139
224,123,14,12.548149,397
26,183,20,8.122734,543
238,215,18,9.283688,646
211,201,16,10.250566,307
173,5,9,7.674288,853
106,32,12,5.566363,1191
217,21,11,0.140501,837
62,150,15,3.951991,1135
140,40,8,2.077684,529
61,154,14,3.384509,213
119,2,7,0.974117,173
17,50,18,0.943682,460
88,67,13,8.622337,561
88,154,11,12.092733,878
234,223,10,7.858857,313
248,62,18,0.627593,1040
61,1,10,4.300222,131
154,130,16,19.449829,289
79,142,20,12.496154,418
51,54,18,8.616584,413
88,124,7,14.266429,114
120,203,18,1.275733,1188
219,142,11,0.120068,1155
74,93,8,10.991392,766
210,172,20,4.833928,360
231,203,9,2.162737,624
59,86,7,8.821698,1090
36,1,16,20.044946,1093
124,232,8,14.405849,571
212,117,13,6.350204,486
231,52,10,15.429505,852
64,43,14,17.996149,264
160,7,9,11.932684,315
249,198,9,14.478652,1150
57,116,8,11.257605,1174
207,110,20,7.609229,765
42,175,6,18.892101,216
233,145,19,15.847118,925
211,183,8,13.689769,537
53,49,12,0.549617,751
50,124,18,19.185936,597
100,51,18,15.614435,112
75,42,14,0.592224,770
159,102,12,19.214634,403
36,104,13,20.005017,839
230,27,20,15.031981,166
76,171,12,10.975648,1086
236,186,8,18.335219,229
150,149,5,4.698227,649
203,168,16,4.364466,1043
232,236,5,11.072483,984
112,227,5,14.770241,601
149,80,15,13.965501,516
113,0,15,9.640779,319
59,147,14,11.387931,105
116,21,7,10.250401,903
19,60,14,14.387145,682
238,40,10,1.626200,998
16,238,7,2.878780,589
45,188,8,9.305607,370
29,180,12,19.007218,1002
163,57,12,11.799710,742
194,31,8,11.735929,362
84,139,6,18.848611,124
59,243,11,1.138032,505
58,4,6,10.287420,904
36,125,7,10.333087,658
84,172,8,7.611630,298
140,186,20,4.355247,332
146,151,9,10.450351,314
142,47,11,9.450907,601
243,154,18,4.969048,810
111,31,15,7.491608,1118
6,105,9,0.508362,439
120,212,20,10.700259,317
246,176,5,3.116289,592
105,217,11,18.244300,253
231,171,12,5.659461,488
155,104,10,11.754356,933
164,104,6,16.689742,959
207,107,17,9.016211,882
9,222,5,12.413444,1133
171,128,20,19.391059,249
143,72,12,2.411858,665
131,67,20,19.197816,426
122,211,10,11.622256,278
78,184,12,6.202147,1104
140,181,18,17.430644,369
143,22,11,18.044690,680
214,202,5,13.851807,325
37,153,18,14.568444,621
117,119,9,1.923895,870
177,71,13,14.595659,924
39,180,6,18.408736,1110
41,1,6,11.462984,776
201,159,19,15.375229,403
96,90,8,16.366306,1141
188,215,18,12.904426,223
215,3,12,10.231264,1181
124,14,9,6.435924,330
16,198,6,3.607071,536
197,223,9,20.474571,623
84,156,16,14.438248,1083
212,39,15,15.665497,896
25,241,20,16.518912,1070
73,63,10,16.255108,1021
100,210,13,1.034320,450
66,44,16,3.138252,261
68,205,18,2.221090,480
103,205,5,12.674117,665
15,229,18,1.642930,785
151,31,12,0.124148,599
116,207,13,18.662543,931
136,21,18,19.177212,308
2,102,15,9.555418,932
44,184,16,13.773977,795
204,96,16,20.019298,331
229,54,7,7.145918,864
86,108,17,7.127747,142
62,109,20,11.317315,215
19,34,20,6.125488,612
168,208,19,12.021331,1179
212,80,7,8.285012,918
35,13,20,17.293360,1119
229,170,17,7.713732,766
44,94,18,1.473102,972
111,133,8,18.505179,659
45,207,11,13.073455,129
147,229,9,9.647752,576
14,175,12,9.021534,990
60,86,12,14.007778,914
121,81,20,3.726474,826
187,201,13,6.637919,306
62,232,8,7.151406,1182
15,91,11,13.873896,141
88,225,16,20.445296,601
63,66,19,19.059884,888
70,170,19,4.000873,881
165,32,17,18.477594,397
192,98,13,2.623237,496
140,151,17,7.201516,310
191,9,10,16.306969,481
157,74,5,5.663396,979
167,185,9,4.238637,371
140,147,9,9.878471,441
66,155,5,10.138743,152
228,162,18,0.817141,271
165,94,8,19.598215,355
224,194,12,8.404062,946
38,54,20,9.159470,805
226,72,10,18.541151,1062
20,53,14,18.231301,605
159,83,5,4.881881,315
28,137,19,7.512349,209
53,159,15,17.759367,1015
98,41,8,9.230445,530
183,114,16,9.852010,174
21,169,18,1.350510,699
1,2,18,15.362483,795
35,141,14,19.145098,916
151,20,14,0.889160,999
166,204,19,8.965569,592
115,154,8,7.895144,489
26,55,19,16.735074,278
171,184,10,19.587799,300
216,182,15,17.063689,301
11,37,7,5.185850,377
129,149,6,6.974305,699
46,66,8,14.907788,419
113,22,12,19.509321,361
112,21,5,18.414121,312
206,120,8,11.231555,741
70,12,11,3.663428,847
80,199,8,15.121196,826
156,8,7,13.649418,901
153,51,8,0.802449,435
140,166,16,17.679803,932
141,49,19,0.713176,405
66,1,12,12.923426,616
236,128,5,8.757557,222
204,104,18,4.852408,916
136,166,6,15.409790,470
25,102,20,0.217982,793
83,193,11,18.731172,789
134,50,5,18.553634,1085
245,74,13,2.233473,832
232,75,16,18.702712,227
62,35,5,10.296029,575
73,43,9,2.252991,655
35,181,20,15.925536,183
238,147,15,10.740905,101
51,195,17,18.477160,1108
228,185,9,18.863838,468
134,225,9,8.955227,774
207,172,6,18.692028,499
201,82,14,0.509765,349
91,29,5,8.495932,342
212,116,14,14.423974,790
31,61,12,17.204743,669
228,106,13,2.550269,500
205,203,19,7.865358,592
149,214,13,8.284604,654
185,22,11,6.674540,1086
99,42,11,8.051082,908
13,105,12,2.498100,1173
149,114,20,0.473261,1029
8,197,6,1.289176,895
75,123,14,13.000382,1097
87,229,19,1.979321,208
69,40,15,5.223786,474
34,145,20,4.039087,347
93,73,20,13.730191,333
230,59,18,8.943677,149
113,27,5,3.528919,1102
233,121,11,3.702498,923
249,89,11,5.207075,182
123,60,16,16.709493,424
221,148,16,12.738653,1114
198,162,15,3.380472,494
204,229,17,7.237634,193
82,225,15,12.796303,264
98,166,7,8.871396,963
149,17,19,14.781696,852
30,198,6,16.929802,492
142,144,5,3.068169,575
218,129,16,10.829475,232
195,83,15,14.110806,625
161,181,9,4.725348,319
55,61,12,5.758295,855
168,141,11,9.979252,398
153,78,6,19.151430,1000
147,223,11,4.199441,225
2,171,11,10.598600,593
220,239,20,19.114010,444
85,245,12,3.760345,678
44,163,20,13.907291,650
67,164,13,3.526003,152
206,119,10,14.440213,929
233,7,17,6.391658,787
54,234,15,4.100490,680
198,183,17,3.912280,985
234,232,5,8.036860,981
115,225,19,15.064773,943
4,123,9,11.092021,1078
185,186,5,7.096498,353
190,182,16,7.774784,202
186,116,16,19.515426,662
189,147,8,8.733505,293
7,199,5,2.113255,1088
125,59,19,6.969654,1018
72,1,18,2.965797,188
131,104,19,0.457687,276
77,22,5,11.436221,242
232,230,5,12.414820,1104
206,86,18,18.523343,1057
231,179,20,2.440133,1076
172,145,19,0.584269,431
145,55,8,15.267084,461
181,138,15,12.676448,122
193,190,6,16.228555,815
6,143,8,14.433401,714
127,10,16,14.906687,104
61,243,19,18.717730,374
120,92,19,9.370370,1058
248,196,9,1.947776,1115
230,240,13,20.128437,894
33,105,16,2.136405,423
55,228,19,14.724202,237
246,194,12,10.191075,630
245,170,19,5.820601,1130
234,230,14,16.775859,412
229,55,13,12.778201,241
31,218,19,7.215190,412
151,39,13,2.423378,180
174,197,13,0.956579,334
96,43,15,16.418069,810
35,154,16,20.323845,1166
182,12,5,9.121573,968
87,38,6,15.659816,1033
108,222,8,5.534374,367
196,65,14,6.748113,1060
221,3,16,9.709750,715
62,227,14,5.487962,942
226,16,7,7.551035,189
171,14,5,5.310890,262
219,226,5,4.309102,318
114,196,20,18.774398,761
90,222,6,4.639824,1091
62,24,19,19.018106,225
112,223,12,7.291312,397
137,92,17,3.557783,1189
201,38,9,9.002241,1003
8,21,5,16.213936,836
18,138,8,9.225244,433
36,151,13,7.016369,416
39,108,19,3.513962,1168
200,124,11,2.920126,529
104,183,13,4.621596,148
192,163,20,3.376779,1151
91,168,18,19.971956,861
95,25,9,2.481443,144
111,131,18,0.042230,655
225,104,14,6.058269,188
69,241,17,16.624786,813
51,3,13,8.680400,1059
127,207,19,6.285853,977
11,86,10,11.062871,412
55,124,16,4.829206,624
24,31,6,1.728219,1073
70,79,18,5.905888,734
25,230,13,2.086453,287
67,57,20,1.594886,596
226,219,7,17.844365,764
48,241,16,14.164339,1078
7,14,18,14.699633,398
55,90,6,3.768991,611
126,84,19,10.252387,977
4,54,19,18.211930,1056
183,64,13,10.375772,446
53,237,6,19.669075,562
122,204,10,7.790644,487
209,41,20,4.109309,580
119,36,10,6.062123,397
2,118,12,2.040108,912
222,234,10,5.191087,962
138,237,10,10.157100,990
167,160,13,19.940494,102
54,94,13,10.217931,980
12,164,14,10.201046,550
224,101,19,16.730827,163
35,46,17,15.004410,171
216,19,10,19.986950,207
208,99,14,16.123677,305
80,174,9,2.089658,498
31,113,15,11.718656,317
101,198,17,14.961072,171
221,43,15,19.526098,986
131,168,6,16.432162,102
244,212,17,19.733395,191
13,109,17,16.907573,1103
75,35,11,5.758129,972
160,93,20,9.188815,782
151,160,9,2.517459,688
14,72,19,0.391576,252
92,129,19,20.034173,1153
105,31,16,18.771049,1149
64,31,5,0.640234,854
198,14,13,9.103369,966
2,179,9,14.321375,433
49,28,9,10.500530,735
215,196,12,13.701576,995
249,92,15,3.826259,218
20,144,6,2.325311,131
89,43,19,13.255646,582
9,245,6,0.092095,984
32,14,9,18.985434,315
125,36,14,19.283507,125
3,107,9,7.375568,781
146,228,10,5.395977,662
48,74,19,18.571703,472
28,95,9,9.403805,916
33,13,20,13.646210,576
49,154,6,17.534202,982
247,237,12,4.415965,705
81,82,7,4.038750,590
142,166,13,6.523577,1035
49,151,12,18.023986,1177
4,248,11,4.288679,439
100,227,19,5.105853,841
170,238,17,6.934119,877
181,208,20,6.268495,773
57,141,16,12.501892,309
244,46,6,0.129298,288
228,243,14,9.201955,631
203,47,12,4.031726,690
101,248,8,2.398721,976
241,26,9,11.110212,955
137,121,10,0.777269,771
164,210,9,8.901373,427
105,3,15,18.568847,512
113,189,11,6.689147,257
71,34,18,14.653416,149
92,200,19,19.424011,339
35,0,16,5.343099,235
90,169,20,4.220582,1008
90,234,8,1.396053,306
202,60,7,0.312870,846
52,14,7,19.396970,1114
25,234,16,9.868293,955
186,42,19,10.407484,743
219,145,8,15.560672,112
72,159,14,18.921554,146
116,243,6,2.011189,235
228,138,16,10.479558,845
66,213,15,7.748417,859
177,55,20,18.576671,322
129,204,17,3.652515,419
135,187,16,19.894295,1017
135,194,10,5.694493,331
163,154,17,1.013724,215
75,223,10,1.262014,973
139,1,14,11.407732,766
233,24,8,13.341107,1142
148,202,14,8.710013,467
78,28,19,2.974935,1165
135,167,15,6.331274,397
113,125,20,7.621146,1171
159,42,9,3.463021,614
180,222,18,5.633910,431
49,6,9,9.423694,128
158,170,7,7.852011,881
143,65,13,19.152816,222
230,32,6,16.867627,945
154,10,17,17.211036,654
108,147,18,7.259056,822
34,81,18,2.661833,1151
22,245,20,10.957811,773
53,139,18,19.739663,976
189,119,18,10.647431,595
19,64,9,17.506272,989
137,187,17,7.065883,816
79,103,15,15.882199,895
132,112,18,2.273934,853
11,113,16,5.082361,582
107,239,14,4.613196,536
122,53,6,4.866878,648
195,218,15,2.174196,1190
93,202,20,1.642073,973
240,220,7,2.945492,790
201,123,17,6.686146,140
159,138,15,12.588342,913
65,146,8,1.605605,1113
152,71,17,16.702899,286
140,240,5,5.158853,909
77,64,15,3.744026,1136
133,48,20,8.120736,416
143,74,8,5.647037,744
54,228,13,5.761756,1004
29,145,9,1.970269,299
178,62,8,5.532150,147
75,105,7,8.895848,847
21,57,18,1.033393,577
75,129,19,17.061285,465
52,156,5,0.947054,758
123,132,8,18.647393,456
180,44,5,8.920575,1053
210,234,10,11.491110,662
42,8,9,11.008643,551
139,226,12,1.470046,311
92,37,5,8.625642,921
3,154,6,0.029709,434
25,151,7,2.651419,322
80,121,12,16.499120,1075
32,206,15,8.777142,366
18,31,6,6.506362,339
215,178,20,3.104173,1078
189,38,12,13.482979,726
154,235,17,18.770261,838
77,33,16,11.812266,606
213,14,19,19.484206,333
67,133,20,1.981435,302
73,156,14,16.658965,178
66,237,20,6.003917,1115
178,101,10,6.295360,753
14,157,11,11.385795,874
37,55,20,14.039363,641
213,227,14,8.290678,1079
22,234,17,8.504844,821
59,153,11,13.868347,831
85,32,7,3.770118,759
148,109,19,10.318749,186
104,149,17,1.624816,485
8,194,8,7.667772,718
166,242,13,2.033284,185
233,206,6,10.414485,899
171,89,11,4.976535,1115
101,66,11,16.828747,148
247,158,7,7.994207,1023
163,93,15,12.385860,1046
5,212,19,0.756430,261
53,70,10,4.758912,838
189,151,19,3.507593,1066
107,71,5,18.835940,319
186,137,11,8.114934,922
219,61,5,9.310358,545
139,106,16,19.507313,387
125,187,14,1.626893,947
73,198,8,9.072595,250
199,128,19,19.816970,659
222,239,11,16.465951,199
68,51,14,5.964772,424
7,221,13,6.158851,898
119,190,15,14.141916,709
169,211,15,1.984326,166
107,232,9,11.989800,411
41,107,12,2.257890,1168
175,10,11,8.952143,1110
101,166,16,14.291981,275
223,249,19,16.179487,600
14,53,12,1.937965,856
65,151,5,1.749825,458
97,39,18,8.005677,393
146,241,5,3.896294,120
180,130,10,4.676071,1047
148,34,13,11.098907,180
122,112,7,14.793533,199
180,89,20,14.024291,1096
221,129,6,18.217632,481
72,145,12,2.781833,753
77,81,17,19.731614,1088
239,206,17,16.973560,850
8,112,16,7.957657,193
97,86,19,2.679091,150
24,84,5,7.980408,621
61,212,13,15.424288,868
184,73,17,11.848998,394
49,39,15,7.904013,475
108,75,16,10.111368,351
189,35,11,6.695941,1075
181,78,12,9.746864,610
14,47,13,14.352318,186
146,113,19,3.775305,926
144,80,19,17.643476,1121
150,0,15,6.723621,551
163,107,12,8.470253,336
83,163,12,1.356787,117
147,203,10,13.768334,727
65,6,15,4.261108,264
49,65,13,9.480174,703
138,184,8,10.915103,271
219,204,9,5.311056,473
121,214,14,6.994145,1128
87,24,10,0.423280,412
248,236,6,18.043812,707
201,221,5,13.685653,634
245,208,8,4.768272,852
68,168,14,10.160380,1119
203,28,14,18.148603,988
93,74,7,8.475043,992
26,131,14,14.899881,489
96,55,15,3.461672,242
249,142,8,7.291572,682
242,174,12,9.991700,1009
202,64,6,11.066679,127
206,239,12,6.658249,1011
43,105,17,15.745033,1004
75,222,11,19.675188,365
11,181,7,0.579580,735
37,131,11,4.380980,405
194,218,15,11.620780,1195
235,220,12,3.436994,192
159,33,7,19.225251,888
71,108,15,15.516352,605
96,156,15,2.017354,931
115,238,8,19.998784,144
202,127,20,14.423636,608
190,116,12,3.468212,513
229,155,15,15.728633,855
118,97,19,0.218822,635
157,125,11,6.054304,798
90,166,13,9.556024,671
31,160,19,20.410160,557
166,63,18,3.633090,852
107,170,5,2.020562,1011
93,49,13,12.237748,460
163,226,10,10.898757,775
172,161,16,1.097188,869
149,59,9,3.056553,217
0,86,19,13.341238,896
75,34,14,10.233352,787
205,223,10,15.523648,858
6,22,6,17.987009,881
87,65,10,3.531486,529
170,129,8,12.119222,1048
232,152,19,6.717622,603
227,14,8,9.157571,549
118,76,6,3.570720,739
160,98,20,19.838404,513
38,159,7,18.321767,637
21,131,10,20.237283,159
143,35,8,10.598900,1025
62,91,7,17.800870,192
132,114,12,11.527613,677
110,68,11,16.942871,250
161,140,6,11.636541,220
246,12,18,6.226898,1113
210,141,5,9.636376,180
139,109,9,5.757541,329
136,165,10,4.670530,280
226,115,20,7.583944,806
104,37,16,2.364870,128
219,237,19,11.304952,957
191,73,18,15.457518,959
60,30,7,1.079460,449
106,60,5,12.808998,1184
236,79,11,2.327463,935
21,62,14,19.662950,1098
122,127,16,9.629528,360
20,130,14,14.554548,842
207,141,12,8.450655,1078
121,205,11,11.207302,811
241,108,13,15.442453,505
229,97,13,6.264100,161
35,196,14,8.950338,559
193,35,7,11.640302,818
96,230,12,11.705036,1116
195,176,12,4.474048,650
100,158,7,7.029644,1139
142,89,20,6.521016,351
74,167,7,0.262291,571
81,20,5,14.825825,1179
182,168,12,13.061971,684
196,72,20,1.938187,743
80,154,9,6.491781,966
190,137,20,19.824118,526
46,214,11,5.355283,240
224,127,10,20.017991,250
112,42,13,1.751425,1200
30,199,12,5.564453,1151
70,94,8,18.350329,1093
145,6,10,6.171863,269
176,234,13,18.585748,448
19,112,5,7.828784,780
59,106,16,8.666584,1112
129,249,9,0.318327,993
214,231,16,11.629185,754
90,226,15,12.810459,1194
71,153,19,2.356590,129
83,158,19,17.850734,296
240,163,15,13.034325,684
65,102,19,14.196685,246
228,193,8,2.502217,151
55,51,6,7.663130,851
178,209,11,15.641413,1047
117,200,16,17.006055,643
13,129,10,16.433680,924
39,230,7,11.650369,514
184,175,15,14.677999,819
107,96,8,14.747901,1128
41,45,8,3.221943,336
71,225,12,10.012211,325
59,144,8,16.903394,904
8,67,12,2.321670,104
44,32,19,6.667972,859
135,207,16,17.270480,964
67,46,16,14.663318,415
235,195,5,17.608180,167
118,78,8,16.355089,1039
30,118,14,2.866471,357
83,101,13,2.414848,161
157,75,15,10.764899,992
215,59,15,16.655825,119
236,223,14,16.034766,831
29,171,6,0.203742,1160
181,37,16,16.611653,666
108,210,16,13.236319,604
217,115,16,17.686747,1108
188,86,20,14.342790,485
241,168,11,6.541303,1188
13,112,13,18.612558,551
201,41,14,4.344306,726
216,102,8,13.882703,133
249,90,14,1.419822,854
214,240,18,6.124118,380
153,40,7,8.439685,1173
186,172,7,17.232375,412
213,53,10,9.743320,846
73,157,9,9.865206,425
191,4,9,11.284969,445
106,145,14,9.862738,419
29,179,15,1.897539,510
120,219,18,5.199381,255
120,45,12,4.001184,241
63,188,18,4.812433,418
242,33,19,9.046607,982
66,83,11,3.533834,757
179,54,11,1.523971,831
192,199,11,6.458592,659
163,28,14,7.396277,356
203,106,10,1.361017,429
139,213,19,19.913494,1067
28,17,12,11.451493,541
228,128,11,1.133365,608
151,103,7,8.295707,264
40,98,12,15.921079,323
122,146,11,7.451991,373
39,60,6,17.998485,541
194,213,8,0.255907,393
243,237,10,7.668823,287
129,192,12,3.499911,585
189,103,15,3.573451,629
11,6,5,3.366055,633
154,122,20,16.971233,403
214,229,9,15.455426,308
81,242,17,6.888459,264
72,96,12,14.831857,833
63,49,11,16.155084,992
107,64,15,15.655540,1101
67,195,16,0.923588,246
135,88,5,12.449842,1007
93,249,12,7.128589,122
208,187,11,7.478492,938
20,36,7,17.646782,537
234,192,14,13.475749,947
138,174,10,17.595180,482
139,112,15,15.523798,313
166,24,7,19.172769,833
90,124,6,11.156303,160
122,5,13,1.222211,405
7,161,12,16.376957,967
127,128,16,11.220439,785
78,13,16,10.247050,447
130,6,14,5.988257,121
107,163,14,16.629225,1159
82,116,11,9.037916,109
75,139,11,17.380261,980
128,47,11,14.987351,481
224,70,7,16.522111,853
83,202,7,13.337381,711
119,167,12,4.191234,501
153,94,14,3.973203,674
41,35,15,7.534324,1159
48,227,5,9.326812,963
42,123,16,15.676764,250
6,47,13,13.489915,809
151,181,20,8.601252,124
52,203,5,12.870515,348
203,21,6,9.085572,460
194,129,9,10.302430,657
125,215,15,12.259199,325
213,73,11,14.336939,1031
9,85,19,14.797034,1019
231,0,12,14.547537,611
89,152,6,11.139562,906
200,241,6,14.087874,839
90,53,8,3.321537,878
48,98,12,11.306335,807
49,196,16,8.403133,265
195,49,18,16.144296,162
46,124,13,4.259804,1140
83,240,13,6.901855,600
142,121,10,20.056756,658
191,126,18,6.712549,397
233,249,13,17.980974,358
217,109,17,7.349023,672
127,48,9,3.796339,968
162,147,15,1.567718,1083
120,195,13,7.056089,464
181,73,18,12.880995,829
126,67,8,13.988427,1097
88,230,13,7.358476,105
243,162,5,6.374810,698
92,131,16,13.596088,541
220,167,16,11.237877,154
156,31,20,19.266577,997
131,219,10,9.985039,909
82,152,13,8.450310,580
214,161,13,6.568733,373
0,171,18,6.451229,115
229,182,18,0.891009,315
87,93,17,19.120906,643
133,118,18,6.063921,957
180,230,18,15.290857,461
209,240,14,0.418877,573
49,84,18,5.404493,650
70,138,20,0.111155,1178
103,210,6,16.285365,899
149,222,16,13.836666,389
174,149,14,5.423822,438
43,39,20,0.309194,380
200,140,20,6.942293,425
166,188,11,7.362770,662
52,26,8,4.180520,1079
215,26,18,13.327566,746
224,100,9,18.688588,1189
164,238,13,10.493447,375
183,210,16,1.962823,977
4,85,6,5.596047,858
34,202,11,10.409670,804
214,144,13,12.852437,694
122,181,6,17.378181,453
106,30,13,0.949580,103
152,217,13,19.340022,712
127,91,8,9.474257,518
163,205,11,14.844374,1072
133,84,6,15.636481,844
182,154,15,7.179754,421
227,93,5,4.062617,1067
107,183,20,0.960338,876
232,43,19,4.080429,539
86,110,6,19.678332,487
143,139,6,16.792609,701
34,214,6,2.785823,780
18,3,19,15.308973,835
185,154,16,18.811462,228
53,151,5,0.557814,786
8,79,10,13.145360,929
20,177,11,16.260757,839
116,211,7,2.147187,1197
110,245,20,10.038985,1137
176,29,12,3.577719,713
123,235,18,10.571759,225
108,200,8,15.420183,673
73,180,13,0.395330,205
247,54,17,11.166794,1082
113,139,17,0.352583,937
152,40,6,11.404437,651
187,24,9,12.922152,836
248,109,8,12.761970,725
80,120,8,3.745187,489
117,120,17,17.986626,1054
214,38,13,15.686408,1169
197,73,9,8.521035,1006
198,151,8,9.992766,1200
0,145,13,19.815401,925
88,117,15,18.225718,672
38,184,15,2.718097,1075
161,180,19,11.321658,860
42,169,16,13.697402,104
35,185,9,2.524258,516
137,28,7,14.942997,780
187,228,14,18.399951,1038
141,142,15,7.835209,309
156,24,15,11.779334,559
177,214,11,1.339603,1138
107,50,12,19.029849,1041
127,140,19,5.587054,747
38,174,9,11.112310,165
240,37,10,5.945673,250
26,130,10,18.006396,590
104,94,8,0.093455,496
193,52,11,3.741500,1003
150,51,15,6.782674,977
132,38,7,6.000377,980
72,158,15,2.487696,915
89,176,19,11.676268,586
138,125,7,13.829022,256
143,240,20,0.281898,1102
153,190,12,6.628452,919
94,111,14,4.676056,311
1,121,13,6.679508,918
219,114,20,10.433821,815
195,185,16,6.114421,690
219,7,6,10.613383,967
211,91,10,15.005310,888
155,6,10,18.985632,988
66,243,7,14.813490,761
163,199,19,19.747531,137
180,166,10,18.331048,821
80,186,10,7.201809,256
74,208,12,9.387254,940
173,236,10,15.238062,206
129,35,9,9.048151,509
124,46,8,15.510233,972
60,89,9,15.275502,762
166,128,10,15.270488,431
135,70,13,6.029214,812
43,99,15,18.629841,1129
208,209,12,6.257504,820
47,102,11,13.607180,657
125,113,17,8.036615,528
121,174,7,16.741618,212
205,83,9,18.360799,576
46,227,10,9.223400,1175
5,14,11,14.986358,271
30,43,7,18.735385,429
190,123,17,5.026556,101
108,4,7,3.626109,1174
64,148,7,20.355615,834
41,65,7,6.727839,508
43,28,18,8.751996,127
109,92,14,19.683853,718
117,98,12,17.576985,1089
172,82,17,8.496085,164
142,185,17,1.787611,401
164,149,18,14.230581,998
6,64,12,3.430722,238
159,107,14,1.646983,316
163,12,16,7.225215,414
176,142,12,18.451791,1105
46,148,19,18.176956,812
235,166,20,5.737819,1084
80,33,11,0.670669,675
5,213,17,9.992938,407
185,227,8,20.435581,135
140,150,19,16.646277,909
121,238,9,3.776119,1167
146,7,18,1.627947,368
177,63,6,10.631093,609
72,6,7,16.319855,705
122,71,13,2.496076,1179
229,110,13,17.882626,617
209,102,7,0.096693,614
122,177,10,18.685583,245
13,50,20,6.282792,951
138,14,18,12.358576,1039
10,248,5,11.048581,296
53,96,18,11.054935,656
53,195,11,16.149967,827
43,36,5,13.439588,797
34,38,13,9.103379,758
213,200,13,12.387665,607
187,226,16,1.567343,712
77,212,20,12.644712,430
186,8,7,15.295410,1166
143,94,5,19.955355,821
246,0,18,0.295740,978
94,70,7,9.337053,530
134,102,17,11.291800,1141
69,203,10,12.428327,951
202,210,13,12.385260,421
203,23,6,6.543901,768
14,198,14,12.911042,602
142,226,12,14.913192,919
143,238,14,11.437363,792
155,230,5,6.110062,985
99,107,5,6.848221,258
61,197,7,15.820265,1130
153,137,16,2.545593,982
32,93,12,0.804833,972
130,72,8,6.674619,1056
52,220,11,10.405688,745
65,158,14,11.849809,1092
64,176,5,0.456608,916
112,60,15,12.718779,265
159,37,13,8.303524,571
127,194,7,10.273430,549
227,84,6,2.696455,572
4,128,19,12.548820,634
28,181,5,11.100751,362
240,56,11,6.409441,405
64,150,6,14.526764,355
190,122,17,9.692340,616
10,122,12,2.878738,934
16,99,18,10.072980,1141
18,242,20,10.524570,405
110,238,19,10.083219,469
166,231,5,15.223632,1113
120,75,6,17.628690,236
34,201,18,14.730790,1069
145,9,19,6.254618,680
110,73,14,17.812292,370
207,237,17,12.446086,884
238,193,19,8.692144,848
11,167,18,10.591234,1172
65,47,11,5.958042,1104
234,186,6,5.548386,289
202,13,12,17.374699,747
163,35,6,5.438930,718
60,155,11,15.714354,912
151,62,15,15.845880,928
61,159,16,0.317440,250
155,19,9,0.603696,654
183,96,5,5.597824,621
94,2,6,17.161443,1188
81,6,18,13.806817,871
99,32,18,5.725178,966
126,146,16,15.585133,391
90,212,12,2.886436,1180
88,108,15,17.006665,1091
169,112,15,18.957268,671
55,179,13,2.011860,513
110,214,20,13.412673,126
221,85,15,7.353880,102
40,131,18,19.482820,988
67,30,15,17.302564,940
95,242,6,5.134525,857
129,158,18,18.837117,317
175,214,17,7.203357,976
165,116,11,19.949561,611
162,11,13,12.374393,1134
28,75,19,11.034068,1073
196,106,6,8.549907,814
162,24,14,4.307504,635
106,222,18,10.406013,665
30,105,12,11.691632,899
202,228,10,14.916470,885
71,167,15,20.394392,992
122,79,11,14.654119,1113
162,170,5,20.143333,527
38,249,11,16.991395,697
174,186,8,4.525207,364
193,51,15,8.946645,368
234,70,18,11.080478,585
28,115,14,2.403860,843
243,183,17,5.423572,1085
232,129,20,16.187155,963
61,213,6,1.273729,607
185,246,5,16.408670,805
38,74,18,11.428600,326
177,219,14,6.509307,271
112,111,16,19.471227,1124
101,93,20,8.249393,1184
95,195,15,14.888510,1016
162,63,16,12.985453,993
246,235,13,16.934190,1190
14,115,12,9.448518,179
59,44,10,8.906805,577
149,55,14,5.624701,484
34,166,19,5.181586,803
245,168,8,1.214376,1110
117,100,5,0.068909,852
39,194,14,4.788007,210
202,47,15,4.316115,1080
245,215,11,12.703302,276
109,62,17,11.275089,552
243,152,10,2.101490,863
113,49,19,16.584518,1105
245,128,18,15.945067,649
140,89,11,13.675022,770
197,23,19,5.221327,346
16,75,6,19.458829,1046
21,67,5,13.165728,191
243,181,6,7.478336,125
88,172,18,3.349476,828
138,109,9,16.103907,600
137,167,18,9.370239,935
20,0,6,9.721227,411
249,209,12,1.640447,811
196,30,12,5.487769,121
14,36,19,14.233241,722
145,29,6,11.753302,738
72,110,16,11.472621,825
94,30,12,2.704353,196
20,194,18,12.982673,291
198,217,12,11.814685,854
144,211,6,5.171903,664
190,56,11,12.557271,717
246,22,5,4.965871,129
232,178,8,16.793608,1011
104,41,7,12.670095,598
24,169,17,6.959100,866
202,88,5,19.601152,1139
89,71,5,8.189933,100
14,228,15,0.982314,383
68,78,16,19.137369,849
85,128,16,7.868270,1077
8,163,6,17.310352,265
171,70,20,6.599041,522
147,80,11,13.610374,635
176,204,5,16.791681,311
17,213,19,11.670383,1072
11,143,16,17.501012,776
39,198,6,1.919159,1169
101,13,5,19.605608,407
166,162,5,9.676162,398
183,201,18,5.279660,750
35,182,14,12.407353,1179
188,15,12,11.173823,1094
116,48,14,18.492415,219
69,162,9,10.273242,240
64,232,18,6.566615,858
181,75,19,9.946659,1196
161,168,7,9.001127,128
246,4,15,16.487358,159
158,66,6,15.726928,474
242,1,12,1.231190,852
32,74,20,13.526883,926
233,44,13,13.990744,197
227,32,12,17.068277,590
133,111,20,19.008649,244
148,223,12,6.630153,139
205,8,17,1.503850,735
223,93,19,6.526629,718
147,149,17,18.006886,215
169,14,10,15.109163,786
139,248,6,11.251607,761
237,80,17,6.602493,753
215,248,10,0.386581,323
121,217,20,16.086646,712
19,94,10,16.147748,388
233,43,16,12.558596,714
111,180,19,19.231732,815
218,102,14,12.370863,1083
11,68,19,4.152802,527
102,242,12,7.646753,824
26,144,19,16.424983,423
178,234,8,1.432434,614
100,171,9,1.200738,607
168,206,18,13.732503,329
53,153,11,11.165953,435
56,52,8,20.267082,1041
79,66,8,15.208966,752
185,181,8,3.043297,228
49,4,17,9.789432,1190
127,45,5,15.912418,1113
135,40,20,13.689159,483
28,170,8,7.193284,835
7,238,6,1.361862,764
75,119,8,0.012540,1123
41,198,18,12.849810,1017
139,36,7,6.013181,745
122,129,7,1.503607,191
93,42,11,2.450041,652
154,248,19,2.634390,549
119,14,11,12.724084,761
2,89,16,4.362430,1009
30,15,14,11.813607,783
31,16,18,5.319763,478
43,217,14,3.561196,723
100,66,18,14.511285,591
72,232,7,12.477201,837
34,17,18,8.575210,1022
188,111,8,8.483838,784
214,151,10,17.094993,530
82,160,5,0.960100,714
177,125,11,7.812409,964
213,150,11,13.578111,757
237,192,19,3.311275,553
59,34,16,18.589087,580
142,240,13,3.527738,1009
249,203,9,9.061275,857
5,81,8,6.454052,433
155,101,10,19.468708,924
145,209,11,6.932800,532
206,181,18,16.811427,717
66,220,8,16.397646,336
209,232,17,18.067704,966
240,158,15,3.433615,400
185,225,11,2.272647,829
153,147,6,10.579050,791
163,213,16,5.267515,645
220,164,16,7.996530,958
77,68,12,11.350723,704
213,50,7,17.515629,1100
168,38,11,16.938658,451
180,109,11,8.680847,920
222,74,13,12.865476,136
13,182,15,15.704940,781
91,100,19,14.759891,965
112,188,12,4.594145,370
8,162,12,15.798467,439
105,241,18,13.495633,893
208,55,12,5.563725,437
207,65,12,18.228366,147
55,219,5,13.649619,303
36,237,7,7.272335,348
11,156,15,11.546464,605
138,209,18,4.484926,139
158,8,20,0.480478,1107
162,139,10,5.712670,1123
114,53,11,20.436508,1058
153,177,19,6.766185,518
64,48,15,0.743382,475
242,94,19,9.625152,410
235,214,9,17.828528,981
113,167,7,11.256105,292
130,106,17,16.734772,1099
132,44,5,1.819777,359
173,241,7,15.890929,707
188,113,16,14.324328,709
121,242,10,2.573025,776
109,177,7,4.977868,467
162,52,12,7.052883,529
246,248,10,6.846570,335
191,172,15,12.571652,955
207,21,17,19.968551,772
225,83,11,10.832912,1157
205,99,9,15.415669,1072
141,72,16,0.332775,1119
153,85,16,15.209042,357
32,157,10,13.021112,1151
49,16,16,1.448930,1069
172,107,6,9.467960,732
225,71,12,9.525011,738
60,229,9,6.646779,341
179,67,12,16.010961,344
111,160,9,10.804450,455
59,205,17,9.874653,961
197,110,12,19.205782,760
87,241,16,19.365989,808
90,229,16,11.194046,687
225,4,20,14.497071,1028
214,58,6,17.396335,1189
41,111,16,12.607042,203
83,112,11,18.567133,761
6,0,10,1.547316,125
31,239,11,15.725238,683
216,223,15,7.343688,1003
81,47,8,4.151883,917
246,62,10,0.625016,855
133,64,9,18.438424,274
209,138,19,3.037751,642
148,104,11,15.843531,810
122,100,7,17.313365,218
3,93,11,10.489385,806
44,63,18,9.348537,555
55,56,15,18.412164,1105
207,122,7,8.739043,102
45,194,5,11.855331,619
184,139,11,14.346367,567
169,217,19,17.295049,447
34,233,7,10.237698,1072
210,36,16,19.889007,805
216,21,19,3.409678,1016
71,1,11,6.021987,284
121,233,14,10.742167,879
151,105,19,18.755707,617
104,227,14,11.217725,605
194,116,16,19.860452,658
244,241,12,12.755633,818
155,103,13,13.476115,1105
107,10,18,2.668369,1139
196,78,15,7.025331,143
200,166,14,4.615158,1049
231,25,17,17.700774,402
59,20,12,7.134243,951
130,208,8,4.644231,1015
136,178,18,4.990544,981
131,175,18,4.919903,577
112,226,13,9.087956,868
50,248,6,9.417984,1198
222,33,10,6.647442,613
84,218,19,11.471847,599
116,170,16,18.771658,384
205,235,11,11.926007,912
104,198,9,19.405928,999
102,147,10,17.111641,880
231,110,13,15.053252,758
177,183,17,11.883386,430
136,153,7,10.564913,337
218,156,10,13.223157,634
180,140,5,10.887473,208
130,101,18,11.846895,695
78,106,12,19.091007,527
170,12,12,8.311673,660
85,100,14,6.697868,1107
16,54,13,17.027367,514
246,82,6,2.365605,1056
85,97,9,3.859853,102
146,98,13,1.252530,966
153,192,9,16.898775,204
85,72,10,11.865204,985
0,179,5,3.602305,857
234,249,8,14.195092,234
204,112,12,2.935479,539
97,34,17,14.702803,794
168,221,5,6.482444,515
121,71,6,11.049939,389
204,72,19,0.800930,1023
83,168,10,16.309615,172
52,201,16,17.041008,314
182,97,12,1.580553,299
165,194,20,12.163881,1034
161,204,20,18.270693,184
9,110,12,11.105818,921
92,239,19,0.454817,470
161,153,15,14.824103,116
140,13,15,5.024205,222
211,164,11,15.006885,1106
134,43,16,9.882565,1035
70,45,14,19.080471,127
88,189,5,13.344805,683
170,22,11,16.553421,978
44,178,19,8.279213,871
65,182,7,1.012132,1132
77,231,17,10.825767,947
204,56,9,4.022959,181
78,179,12,1.864318,1053
17,43,6,11.821802,449
36,10,7,9.800606,1089
93,143,5,18.697383,743
51,169,5,19.536463,825
55,206,5,12.484721,379
143,112,9,16.012841,111
177,117,10,14.601218,255
130,40,11,19.869076,1174
239,51,10,3.710801,744
176,186,10,12.976877,640
191,227,13,8.592626,1080
63,4,15,16.734890,751
242,199,18,5.900949,125
10,186,10,9.699202,587
79,127,15,11.147445,337
137,168,16,5.459144,228
131,159,10,13.550113,708
32,169,11,19.878275,407
59,123,8,0.935715,833
199,83,11,19.109728,222
54,24,12,6.200790,591
160,174,20,12.534630,958
233,36,11,2.478432,780
134,187,8,8.961033,861
34,176,14,12.801262,183
92,93,17,17.520944,222
240,118,17,0.559036,1174
4,171,6,4.396531,165
74,245,8,13.053371,910
70,99,6,4.799936,303
132,187,18,4.726212,391
229,57,12,6.699464,594
164,0,17,7.926466,1197
29,128,15,18.633057,147
139,141,16,11.910243,219
218,121,18,0.554209,448
165,149,16,5.109866,582
101,94,10,7.928831,773
94,11,5,14.987611,300
137,84,5,16.809164,191
58,238,17,14.488082,690
59,61,11,8.435468,1094
115,196,7,1.110847,778
249,25,8,15.794587,151
165,168,7,12.804517,223
159,39,10,2.265468,328
231,65,18,18.968453,141
162,132,11,8.507464,1192
101,29,9,14.154064,144
97,53,13,11.532372,967
74,54,20,14.991431,238
123,245,9,16.941581,119
86,143,6,0.090195,254
62,210,10,15.409404,893
98,24,13,18.551876,656
192,26,8,12.492373,662
123,233,6,7.989870,425
243,66,8,17.594021,889
69,14,15,5.951510,833
106,208,9,15.459714,967
217,197,18,4.664765,631
193,90,20,17.507235,287
123,224,10,7.184083,1077
4,199,12,12.072177,1028
240,214,14,13.940601,340
174,233,12,11.262772,850
194,72,13,8.752456,759
248,14,9,9.336145,939
74,140,16,8.530225,401
211,36,10,16.574509,885
181,217,16,4.572028,800
244,122,7,12.523636,646
128,194,10,8.302622,934
239,190,7,20.272452,235
53,230,19,16.869364,1047
58,194,11,18.997532,132
152,64,9,10.687586,201
147,79,20,4.982216,1009
205,30,9,12.713175,848
236,126,14,2.081405,414
95,26,10,14.712555,1000
49,97,13,7.946721,220
81,39,7,3.171635,544
147,40,12,1.363511,811
119,117,11,20.284583,104
8,158,10,0.672164,659
167,113,12,1.080970,259
132,34,5,14.048624,622
82,130,17,14.769316,401
108,224,19,1.443441,686
32,128,10,11.227484,654
16,107,13,2.520747,389
62,66,6,15.690496,909
215,23,5,3.476947,825
79,106,20,0.592361,1102
159,186,9,6.137718,314
186,89,18,1.448028,198
209,234,13,6.747950,1101
39,54,12,10.030995,362
39,170,6,0.904055,687
207,144,17,17.677334,812
173,30,17,15.877745,1195
124,206,16,14.545612,655
130,58,9,1.805183,699
150,176,10,12.031975,407
35,59,16,0.747549,773
145,190,11,19.083683,642
164,65,8,10.370116,332
187,130,9,11.965353,771
149,233,7,8.916422,574
130,109,11,12.415354,385
61,237,17,1.458436,349
207,28,13,17.183765,968
129,45,12,11.864859,571
5,22,13,14.422410,1155
226,128,8,20.070654,1090
51,172,9,7.692133,337
136,54,6,11.856794,967
25,152,7,14.841025,827
16,7,5,17.854530,306
116,61,13,20.046346,457
131,5,5,3.190063,361
102,7,15,9.943581,1016
211,130,8,2.422052,1106
217,132,7,6.173257,1084
214,106,14,16.205198,376
104,53,16,0.171018,662
105,133,12,20.218402,899
136,81,8,3.516753,413
130,199,17,9.668293,512
122,226,15,7.879937,660
185,44,7,18.381676,1086
88,82,7,18.754371,361
151,43,12,16.328470,856
192,103,10,4.609700,110
104,96,14,18.994095,320
180,190,5,19.986026,518
44,100,7,18.786857,690
137,56,11,9.654205,1172
231,235,11,12.223831,701
19,183,6,19.280765,986
100,106,20,14.612646,559
81,193,12,10.106131,901
231,39,13,12.632164,813
25,71,9,18.250231,1014
38,156,11,14.371410,969
53,44,20,2.783586,1183
93,198,19,15.373810,639
120,79,10,13.099336,564
64,129,6,15.792780,329
122,172,13,7.621929,920
50,188,10,2.640458,698
133,105,7,14.709334,683
158,15,18,20.414774,1176
108,228,15,4.230729,1048
171,65,15,18.974283,434
134,100,15,4.018165,981
172,233,10,19.203163,412
23,122,16,7.857268,572
212,205,10,16.032970,1180
185,178,11,6.817261,141
121,150,7,7.569369,1037
69,124,9,0.255604,1180
15,26,11,1.629722,1060
139,7,13,10.009720,251
212,155,7,11.231580,974
88,97,18,17.612144,1002
216,229,8,11.785797,1032
76,81,12,4.615457,320
6,241,7,5.846221,249
235,61,19,14.365685,795
220,64,8,5.471094,591
248,147,11,6.002683,1045
47,23,6,18.164578,292
52,168,15,19.179670,1155
19,238,11,1.339892,1168
60,156,20,5.180230,143
170,45,7,9.774288,1003
213,144,18,10.188645,676
229,133,15,3.249058,151
219,144,16,16.044757,942
112,145,19,13.373153,210
248,84,13,5.704291,127
75,217,7,16.925885,1057
1,52,10,1.799677,508
134,168,9,18.944408,1116
90,177,7,4.934455,685
131,83,6,12.340487,736
45,11,13,1.896323,1075
94,172,5,5.966494,1104
115,101,16,14.227503,738
177,218,9,15.673390,227
136,236,17,19.754170,969
206,163,11,4.504664,1070
231,201,6,10.073876,337
98,51,16,8.216521,1110
134,47,20,16.692525,981
119,78,6,4.922727,1173
18,8,14,8.538326,417
3,16,13,4.985319,999
219,16,12,14.333192,952
154,168,8,9.035579,1130
5,96,9,7.113762,350
131,169,17,9.560823,1032
134,212,10,18.060202,947
15,19,17,10.191547,294
89,35,17,11.974516,587
131,27,13,16.428773,366
115,13,8,4.189294,243
8,53,12,19.391141,657
239,196,9,16.295602,475
37,85,15,17.770131,784
191,104,10,19.542059,1183
134,238,12,7.485115,385
220,52,10,13.472182,483
247,196,20,17.685997,873
207,47,14,0.004678,828
63,187,18,3.222518,673
239,241,7,12.745423,844
118,137,13,18.802951,481
211,37,12,20.373413,487
165,182,17,17.556887,340
31,44,17,0.977965,964
1,235,15,3.153146,575
68,157,10,19.630092,383
181,153,9,10.499707,692
124,89,18,5.099235,272
133,16,20,9.142724,256
157,82,13,9.838571,207
221,111,12,1.631375,667
29,230,12,8.085340,1028
108,206,18,18.391386,597
37,184,9,19.010252,254
234,129,10,5.392656,1127
218,139,16,8.667162,749
153,98,13,19.286753,191
89,55,16,4.221241,468
247,1,16,16.210100,795
156,227,11,1.638311,917
13,106,5,1.123627,707
209,202,8,19.344604,158
214,79,13,8.486268,301
147,67,8,1.363768,1105
226,0,6,8.004863,704
244,79,19,19.236216,326
178,213,8,15.878833,783
224,184,15,15.983600,751
219,109,15,19.126860,603
240,96,5,18.709730,123
203,228,19,18.667460,299
98,179,8,13.395180,775
245,37,17,9.142165,985
18,147,9,16.685443,689
64,122,12,6.361361,196
32,139,12,13.607781,879
245,117,15,3.557989,1178
159,48,10,0.089816,533
232,144,19,1.654115,602
170,182,11,15.096706,156
51,201,18,16.251524,630
75,96,16,4.164611,105
155,68,19,20.470172,753
207,37,10,14.886742,1078
247,102,10,8.488574,840
226,34,10,9.539899,824
249,121,10,16.685761,271
92,233,18,15.422503,346
221,78,18,19.279397,267
118,19,6,9.534085,101
149,76,17,13.030114,1154
141,118,10,5.046041,627
122,119,9,15.989693,911
218,91,10,8.310195,1110
249,51,8,2.214644,200
157,54,11,18.268260,476
43,79,14,1.232583,982
8,165,9,2.596898,644
131,192,13,19.723029,240
157,194,5,4.592314,408
4,52,7,13.091774,651
108,27,11,11.790056,164
16,202,12,6.276486,841
149,159,10,17.784021,700
161,197,6,7.046546,511
112,2,9,12.363379,293
161,68,9,4.199207,602
78,41,15,5.149899,697
43,186,11,2.592753,210
121,245,10,0.230374,359
206,224,20,20.178091,270
91,165,13,10.437209,279
112,124,8,14.221773,172
205,62,11,2.135435,704
133,32,19,3.996012,1110
172,166,6,6.159948,664
158,70,20,20.328889,1110
181,199,18,13.164132,550
241,187,15,6.506680,722
204,208,9,8.842559,126
2,53,19,14.251987,1113
186,148,11,17.887183,1151
200,239,20,2.873337,1136
90,137,16,18.629395,666
145,10,15,13.147240,863
25,180,14,10.380467,1052
120,68,11,15.047368,959
172,200,11,11.052230,602
165,96,17,16.165866,737
117,193,18,10.212229,741
152,10,6,14.092142,925
157,2,16,4.016847,287
218,80,8,9.964145,270
157,27,12,4.017161,444
147,92,16,2.102395,954
13,43,15,15.018541,490
224,177,7,5.015272,243
157,14,14,12.995201,556
95,109,12,15.131058,216
91,60,18,10.488140,550
62,128,9,9.963224,732
34,33,16,14.246637,1094
147,57,8,5.863621,296
88,211,19,18.475705,843
102,164,19,4.287019,374
71,151,9,6.494350,270
58,21,17,12.790874,102
221,145,11,13.359293,1043
141,217,9,7.601548,1115
43,128,7,14.085304,578
23,50,18,2.437273,637
90,9,6,18.096507,372
62,132,15,17.973388,572
66,121,6,10.118327,1142
105,14,15,11.524944,200
50,236,12,11.722431,1181
139,162,17,11.448190,839
210,101,19,15.397452,543
145,159,19,9.628033,125
177,170,9,12.137134,1016
175,201,18,10.179051,1058
59,245,8,0.767322,1114
40,82,11,19.699888,1083
76,109,13,12.473524,144
49,200,11,6.783060,1118
92,139,15,7.802941,779
164,163,10,20.254206,1177
89,155,14,5.774679,1001
176,125,6,9.027156,319
52,45,16,6.691549,465
102,168,11,6.026877,438
52,8,20,9.728615,1005
123,222,13,6.549603,566
99,238,7,18.330811,1157
178,24,5,12.284621,638
112,147,10,11.387401,1065
117,59,17,14.851909,839
232,61,17,18.737061,1187
216,81,6,10.670136,421
160,0,11,9.940327,1175
152,104,5,8.084153,274
1,115,14,16.484770,1152
9,63,7,19.221064,344
60,109,6,6.730387,359
145,207,8,16.511447,350
117,246,6,9.837481,410
2,239,18,16.843075,482
212,200,11,3.599495,378
88,45,13,8.592787,902
117,63,14,6.316273,1185
88,111,15,3.502729,210
47,245,17,12.216865,647
129,26,20,16.654899,537
19,197,8,13.379306,233
224,227,15,12.859884,521
185,208,15,20.219505,116
168,106,9,16.998695,419
162,145,18,8.490871,1081
110,104,10,13.089970,702
85,89,11,4.402268,284
217,156,6,13.057820,1061
119,38,20,2.857253,710
196,156,11,18.461465,716
45,228,20,4.523099,167
176,44,13,11.041327,508
68,123,9,7.466400,216
234,159,16,5.902678,344
177,54,15,17.790691,446
54,190,6,15.880735,148
156,203,17,12.693038,1141
13,113,6,19.559108,1040
243,226,15,5.345813,205
68,160,9,16.743673,354
216,161,7,2.342639,527
12,5,8,13.091958,379
129,96,8,9.579652,807
80,228,15,18.381964,1048
88,237,15,1.193435,884
122,137,7,9.562484,859
43,221,7,3.291886,1112
227,65,9,6.984613,400
180,227,13,4.061217,1071
87,116,11,16.889041,686
2,152,14,5.226010,1176
165,9,8,18.221020,572
9,82,8,10.089474,998
72,193,6,9.754076,761
100,20,11,12.700388,1147
95,165,18,11.294274,367
153,160,19,13.432200,386
68,93,12,5.593448,254
175,163,13,3.025452,928
189,71,20,11.780925,348
104,199,13,6.333547,948
149,72,5,4.774889,605
20,202,15,14.696150,1074
190,71,7,10.272538,409
219,4,14,6.180376,467
151,146,10,18.504221,292
173,111,5,8.251047,1135
95,98,12,2.050519,611
92,45,8,12.891743,645
241,2,5,6.182301,662
232,194,5,13.416466,1193
217,237,6,12.950562,553
89,46,19,14.065223,935
40,188,14,16.584436,894
21,111,7,6.439606,644
22,215,5,1.348237,712
155,67,17,4.228586,764
136,5,13,7.065161,1165
144,55,17,12.241332,789
190,213,19,16.227571,227
151,169,5,7.220991,1136
77,144,16,18.368148,817
234,228,13,10.629357,199
157,95,10,13.669898,808
127,65,19,5.857304,461
205,231,19,12.311672,127
153,9,20,7.191991,1169
194,24,14,16.895554,820
58,171,9,9.856450,841
75,103,6,19.633402,802
36,159,13,18.602665,1055
124,90,12,18.961535,713
169,66,11,12.269599,553
134,220,15,7.165320,935
11,169,20,7.598618,649
241,200,8,20.497252,724
6,137,6,1.481784,211
65,171,5,6.641213,678
72,113,15,9.570203,937
183,204,17,11.215881,539
171,6,5,4.345946,313
144,19,15,5.391641,1058
199,231,12,9.212274,1003
134,59,11,2.473037,1199
232,79,11,16.002816,760
210,19,18,10.754483,742
112,121,9,19.349726,1160
135,139,11,12.239359,444
77,99,17,0.038358,971
228,125,10,16.412884,1190
247,186,19,6.976631,637
49,206,18,8.307337,583
5,2,15,17.394919,1059
119,189,9,6.188481,732
231,180,15,15.268320,373
163,167,6,9.208578,681
45,127,19,16.131389,113
212,199,5,10.253834,545
133,240,15,14.250897,1003
12,130,8,12.993195,826
80,58,20,14.715884,380
207,63,17,19.397419,824
30,154,12,17.527105,997
172,114,12,1.404135,287
100,41,12,12.062013,531
111,59,17,5.354593,915
126,145,16,3.750995,269
116,98,18,5.923129,563
50,58,11,10.340371,887
205,126,11,13.333877,728
128,100,19,16.544898,587
77,132,20,12.371963,266
222,185,5,16.859452,566
8,238,16,5.604288,550
142,33,17,20.018573,101
95,170,12,20.049002,718
80,160,17,5.301441,699
70,208,20,20.313336,176
234,49,11,18.924126,478
11,188,6,6.098980,888
230,30,15,7.329192,1077
206,50,5,15.815014,800
24,227,7,15.183552,659
103,73,13,11.832825,314
218,72,5,18.572874,392
7,180,13,15.535423,1114
185,30,17,16.297833,862
70,0,7,0.476978,419
69,231,10,14.201349,190
124,13,20,15.690673,694
215,239,20,5.233906,720
210,38,14,6.121604,177
22,241,18,1.777167,545
243,49,20,11.900400,830
53,189,6,3.611968,591
130,177,8,1.588782,514
7,86,16,2.252426,811
126,159,5,3.149432,183
5,195,18,7.714062,314
81,21,10,8.636135,497
134,13,9,3.075246,973
34,236,17,10.571110,1048
75,115,5,1.062805,992
66,143,20,9.444846,530
157,183,11,7.341786,1070
54,225,18,16.426744,322
213,16,18,20.234237,950
171,23,11,7.615670,307
17,142,6,2.343658,1078
73,246,15,0.922292,472
63,56,16,3.523849,450
35,202,19,13.746092,293
91,50,16,15.426144,645
118,211,7,14.422610,240
199,44,11,11.374494,988
225,229,20,13.774410,492
210,76,10,17.072814,854
96,15,8,14.596058,472
112,146,14,7.607028,672
157,241,14,14.598442,782
37,145,5,3.511533,1180
174,14,6,13.474449,194
94,38,7,0.875860,668
188,163,10,2.868920,354
136,78,16,14.993204,253
44,16,8,0.247727,859
205,177,11,20.262351,756
162,12,9,2.783982,372
205,97,12,20.114979,920
208,199,8,19.214920,414
179,172,14,16.929211,1199
181,126,15,18.490850,1190
46,91,9,11.910357,1139
180,8,15,11.201772,748
241,215,6,18.253117,181
157,204,17,18.687074,164
128,29,7,6.139250,440
2,215,17,5.976739,645
1,196,5,1.863908,691
42,60,6,9.698000,325
24,118,17,17.351719,366
199,2,6,20.065226,717
212,207,17,4.987479,492
13,223,8,4.387846,157
29,229,17,4.332834,808
160,107,10,8.767198,632
170,176,5,2.027262,955
78,57,6,19.736868,801
219,194,6,11.093949,465
21,178,16,17.912172,450
9,145,9,8.179652,386
97,189,5,19.507696,369
132,236,16,12.698360,625
131,203,16,11.375650,1034
8,9,13,9.709844,837
187,95,7,12.584708,608
27,80,8,15.880828,745
47,138,17,0.283403,550
226,210,15,12.784707,184
50,182,17,6.619349,609
92,0,13,14.425196,1179
121,160,5,13.846026,374
237,222,19,0.439312,309
127,217,20,18.193820,847
221,122,12,3.319734,167
197,150,18,9.768861,176
178,11,6,9.463430,176
51,4,9,3.492820,203
87,132,6,12.886946,470
212,37,6,8.592221,628
201,186,19,11.104931,501
55,214,9,3.131465,299
118,236,5,7.427786,148
13,213,9,9.066571,498
122,50,5,0.597270,383
231,159,13,9.745762,566
74,68,9,15.825268,166
92,207,16,5.075015,336
171,172,14,18.260158,999
193,185,18,4.146329,140
122,91,20,10.177917,875
214,188,7,14.692012,988
4,0,10,10.538537,257
176,237,20,5.552158,953
65,165,6,8.275360,359
235,212,12,14.598841,335
31,73,17,8.790234,1022
152,122,13,14.908324,310
204,246,10,0.531659,211
233,189,18,19.195051,560
3,12,17,9.558234,1044
157,88,16,2.565848,651
120,14,13,20.111497,799
188,31,7,14.883090,467
224,116,15,12.172241,1007
203,119,17,4.811344,950
59,79,19,16.762404,783
177,248,17,2.945419,1016
163,20,6,17.603796,947
44,204,15,13.291122,559
230,196,11,17.784571,1022
43,56,17,6.048907,1014
1,177,14,14.178370,387
184,178,13,2.280966,467
62,142,13,11.070388,581
96,171,7,6.830345,1185
177,0,18,0.764052,1135
92,70,16,11.356257,757
119,165,13,18.696436,431
135,147,20,18.417444,571
234,185,6,2.382044,981
107,95,19,8.698954,803
248,114,18,6.346242,372
125,236,9,7.767642,421
12,60,12,15.175287,956
7,27,8,4.551539,1126
14,239,20,12.609286,119
162,249,15,6.595387,1021
155,31,18,12.009447,523
102,221,19,10.049661,407
80,114,10,18.592959,581
215,226,16,0.966185,831
79,232,7,4.745569,102
108,58,6,16.885270,774
180,103,14,0.543448,420
244,113,20,8.354767,235
37,78,15,11.991955,1033
47,233,5,17.479662,975
98,214,6,15.355543,1046
142,195,14,3.775962,889
86,60,18,9.367651,678
87,85,8,14.573900,789
6,99,15,2.322917,842
25,169,7,2.369188,719
172,94,12,15.763483,418
153,54,17,4.546726,1135
200,248,7,3.500961,1032
194,5,9,19.856153,310
167,202,20,18.613719,575
230,75,13,7.537556,988
41,224,18,4.276014,242
27,12,8,9.218919,209
204,45,14,5.063165,176
7,197,16,7.606343,495
127,97,16,10.216392,821
187,38,6,13.151265,880
12,22,18,0.849238,992
177,140,14,0.196444,1044
110,210,12,13.106860,799
95,142,12,2.912085,797
71,109,13,18.644868,916
133,192,7,14.497541,809
31,137,6,18.500697,728
54,79,19,1.231000,1172
44,50,18,18.140662,965
173,248,8,9.209569,570
210,11,11,19.527286,808
48,192,9,4.724207,240
170,144,6,2.099153,995
162,0,14,9.593026,538
227,44,19,16.709469,700
4,246,8,15.278624,744
60,241,10,13.866153,522
144,125,17,5.849554,574
137,226,16,8.060167,495
217,177,10,3.083297,125
19,196,16,1.459038,756
196,157,19,3.605348,628
39,129,11,15.345633,1098
34,206,11,18.422353,436
156,231,13,14.245117,214
61,179,14,13.399305,455
246,242,8,16.923983,796
92,157,12,11.857747,250
190,36,11,18.029263,403
227,95,15,9.717517,963
148,177,6,16.310016,540
126,31,15,7.502766,116
141,164,8,8.145250,1127
55,194,8,4.904861,539
75,237,16,7.882702,550
57,142,14,9.210332,913
249,20,15,16.691976,931
125,24,12,16.311111,591
117,92,17,3.038271,363
204,187,11,2.940262,780
206,186,5,10.640562,306
168,48,7,3.529811,505
165,76,11,15.518896,1067
82,142,19,5.903242,993
222,12,17,13.920590,213
10,115,6,12.742930,401
249,125,10,7.589833,399
65,185,11,17.649214,220
62,116,19,3.897336,262
36,187,7,5.020060,207
96,49,11,14.604010,797
174,176,9,4.259199,1002
108,218,13,13.378016,279
199,125,8,2.003733,234
68,215,9,2.298007,618
16,230,14,7.314033,533
50,208,19,16.027588,1096
194,117,14,1.414696,656
147,110,8,16.679005,530
125,93,9,20.066344,268
120,118,19,12.997894,792
98,199,10,7.663819,270
136,52,20,18.288992,446
36,52,14,7.497038,198
124,158,7,2.027197,543
108,106,8,5.399252,510
245,248,20,7.712698,486
224,26,15,16.517662,871
201,37,5,13.129445,181
24,165,20,13.613029,236
93,207,9,18.725358,1175
27,152,15,1.331956,540
107,207,19,13.575701,901
0,110,12,8.319080,718
53,169,20,15.811637,968
63,16,9,19.250966,774
61,57,18,0.497885,115
123,50,15,8.654360,472
127,62,8,2.148215,1096
248,21,8,17.455105,1160
142,233,14,9.909043,812
110,192,8,16.680497,341
104,127,20,10.617944,651
15,83,16,15.896948,1045
150,120,19,11.502665,1187
120,97,13,8.429044,976
155,174,19,4.481018,1092
100,233,12,10.493382,450
172,100,10,5.832177,1071
151,61,18,19.246963,1029
126,194,19,3.172023,677
204,175,13,3.316025,458
165,248,5,5.856814,794
52,90,17,1.832588,742
161,131,20,4.127933,122
28,105,13,16.353417,132
183,232,17,11.993032,601
217,123,8,0.286257,1155
227,40,10,5.560505,1000
9,150,14,1.204968,1069
123,234,5,20.097523,177
217,16,18,6.922978,785
29,224,6,14.489968,631
140,182,8,15.050221,300
4,124,11,10.940314,768
196,95,11,10.524354,616
121,15,7,10.447787,229
243,219,16,0.238197,675
83,2,7,16.661523,532
233,119,14,3.236421,380
235,76,15,2.194186,221
132,110,10,15.120602,663
164,17,7,1.511008,868
119,160,10,12.913445,965
98,59,5,1.092436,809
139,65,13,12.936950,885
146,170,13,16.948544,124
213,222,18,12.388292,1148
77,25,18,7.711823,163
70,171,10,14.027106,248
91,217,11,20.045617,1177
191,22,19,2.760051,1042
146,41,15,7.267409,591
212,1,12,4.520905,1044
37,40,11,9.122432,393
61,16,14,1.858068,215
68,224,17,6.080895,968
19,205,14,11.230744,331
111,227,19,16.303525,1130
175,125,16,9.341559,754
82,226,7,17.450427,1167
215,15,16,3.715697,180
0,147,16,8.907535,144
39,128,15,12.743314,822
213,203,19,0.548318,762
140,205,17,7.699038,995
158,39,12,15.013288,1090
204,126,11,19.942795,966
54,205,10,8.727658,836
177,17,6,3.921590,831
42,46,9,11.684777,1087
74,62,20,19.086810,220
80,92,20,12.602113,1011
197,182,16,18.316283,909
155,214,13,15.917209,729
198,52,14,16.905501,225
129,52,19,7.113384,1193
91,176,14,5.251253,242
155,147,9,18.833996,794
158,140,8,8.290633,526
97,93,19,6.066389,780
52,228,16,5.782158,619
249,229,5,14.567843,694
102,2,8,13.960191,988
51,144,20,14.850514,958
9,81,7,14.450777,742
201,3,10,3.014576,442
146,85,6,14.371665,551
125,63,10,8.604992,596
188,186,8,19.141243,329
63,94,5,15.072397,126
87,73,8,8.675331,108
31,192,18,17.148780,254
66,0,10,8.349386,923
114,246,19,17.190026,679
228,41,8,5.652567,811
150,223,17,0.265284,227
173,51,18,18.509701,828
42,70,10,3.295454,631
211,41,16,13.768754,923
198,120,12,18.535847,795
154,97,5,18.743565,1194
230,128,19,20.278642,245
50,67,11,2.267277,274
229,43,13,19.848503,745
239,130,9,18.690830,738
188,0,10,4.862995,1195
20,150,16,17.474961,855
90,56,18,8.742250,949
23,7,15,5.922773,768
106,45,9,6.010478,556
113,7,19,13.384227,1132
215,38,20,3.352933,1012
143,163,11,5.137784,217
155,240,8,9.246754,202
79,234,17,1.522185,964
138,13,10,0.772308,956
185,218,7,3.429590,1000
249,37,8,12.346446,746
82,23,20,11.461018,533
55,224,19,12.317163,694
103,70,16,14.147649,721
63,38,14,7.355742,807
38,21,11,17.170251,336
203,33,11,16.821426,252
190,17,12,11.016261,831
27,95,6,7.423815,414
98,65,9,14.656486,996
225,1,16,15.696835,379
91,240,12,7.029911,818
14,220,19,12.330127,639
47,220,14,10.606360,363
157,210,9,9.672448,397
193,59,18,12.090118,754
152,68,14,18.404373,1064
64,225,16,12.117474,189
175,215,5,20.215945,645
149,175,20,13.212361,892
172,220,6,17.624591,429
167,231,20,18.131512,225
233,157,12,8.409054,563
167,174,5,14.679391,419
182,55,6,1.976596,650
73,2,16,0.287680,843
215,60,18,2.084387,174
246,170,13,4.862425,679
238,54,5,1.520440,1090
161,24,18,14.025046,692
134,183,9,16.232284,234
70,220,17,7.350706,550
8,6,14,13.970375,574
239,143,19,12.354473,1166
204,19,6,5.073774,652
224,161,15,1.701183,722
137,118,8,10.090837,117
19,130,11,7.527053,345
150,70,20,8.038322,768
93,66,14,7.856144,571
214,44,19,8.770585,917
218,176,16,13.545291,670
66,197,19,7.791159,318
195,75,7,6.196486,736
131,190,10,14.025024,968
145,195,12,17.788157,1027
135,112,11,8.056596,1167
23,57,14,9.279045,299
186,55,18,17.984354,414
15,232,6,10.012625,1090
26,199,9,6.560402,796
11,246,11,19.340722,403
241,3,14,20.175293,419
249,153,18,2.862421,906
153,188,12,16.641745,1034
71,238,14,7.812577,119
184,56,12,18.138566,515
55,156,17,16.534397,921
240,192,17,18.643806,475
194,215,15,14.706395,930
114,145,18,7.668713,1121
165,175,16,1.352405,673
123,137,18,18.687899,490
108,99,5,3.970363,154
32,129,10,4.138687,277
44,11,9,13.597299,565
43,50,9,9.713969,883
72,179,17,4.948569,814
170,26,8,17.804419,982
249,201,9,20.023650,480
6,78,10,11.469775,524
174,84,10,14.862400,886
146,9,20,13.989748,665
90,239,19,14.215675,145
150,225,16,17.970448,327
87,163,19,19.894468,1187
166,139,6,2.931549,624
177,150,5,16.801628,546
1,226,15,9.163841,222
55,232,20,19.758296,587
25,63,9,9.541835,872
238,36,16,7.303815,1192
191,124,10,1.448197,663
123,109,7,3.066453,535
23,133,20,16.821774,128
75,232,18,13.139017,1186
232,13,19,9.456113,506
126,167,9,5.727391,645
168,170,15,15.283924,854
55,73,16,11.768229,571
33,73,8,3.460677,232
64,128,8,0.466657,257
113,98,8,13.113995,277
193,151,13,20.078813,1098
204,121,18,8.097069,1022
239,193,12,7.252413,1079
141,104,12,19.550758,228
115,6,12,2.072655,869
212,210,18,4.474919,1091
191,237,15,16.303759,450
14,233,6,18.245298,285
52,183,7,5.765398,361
233,80,16,14.165551,647
248,98,17,1.708133,1187
173,182,7,17.392200,581
98,184,16,16.227220,486
87,167,11,3.688789,212
45,38,11,6.210527,774
113,1,10,14.864790,181
151,35,12,15.247179,665
41,139,16,13.582226,1198
63,93,10,3.874220,394
77,100,14,18.297580,170
220,127,12,6.996234,689
88,31,13,13.734782,299
230,141,10,14.896915,373
137,155,9,2.093337,1001
139,62,18,14.750201,860
106,11,9,7.509121,645
58,91,17,16.164533,192
233,22,6,2.956823,374
89,29,12,2.763202,1022
205,211,7,2.391452,676
120,182,11,13.299356,676
103,183,11,0.552830,614
34,165,9,5.468159,916
248,60,13,13.088789,127
69,227,10,13.208754,1051
3,15,6,11.211247,664
229,210,13,5.741556,532
122,150,8,14.627561,269
7,105,7,18.444106,831
200,71,20,11.917090,167
225,155,12,4.100568,602
184,235,14,1.737088,438
4,100,17,3.502095,1065
44,76,18,10.774963,643
112,104,9,1.964803,549
137,9,12,6.716525,604
164,29,6,4.661619,156
91,177,17,3.141994,1029
129,162,13,14.710360,967
151,36,12,1.620598,184
107,14,18,13.676742,375
212,175,13,20.211629,752
206,123,7,18.799710,1164
59,211,19,7.039217,1061
93,183,12,3.430669,681
47,239,16,8.745176,580
243,161,14,3.707915,910
18,174,11,14.940197,392
190,86,7,17.663859,276
141,210,11,5.176150,855
114,107,17,19.488360,950
74,38,6,11.970467,142
221,75,15,0.962056,811
161,65,17,15.388099,740
142,120,16,6.316165,651
207,94,18,10.378946,906
153,127,9,9.607611,358
131,243,20,4.445946,303
157,6,17,8.827127,306
186,66,18,1.934529,986
45,146,18,13.207388,328
53,181,15,10.019691,391
158,53,17,1.444082,384
150,8,8,12.728871,653
200,172,8,15.638283,759
106,196,16,13.826938,690
164,75,12,18.538430,556
128,55,7,11.573935,856
118,50,16,2.268030,877
43,86,11,3.137153,684
88,167,16,8.240330,1101
89,167,11,7.799770,497
237,165,11,7.421989,762
164,2,19,20.437329,1169
213,112,11,8.367200,744
71,11,7,19.285593,684
243,1,14,7.865811,1029
102,98,19,15.194673,624
48,150,8,13.327196,415
151,206,13,20.313369,427
22,11,17,12.435148,192
168,152,18,10.917781,461
214,116,13,9.374315,1049
173,106,17,17.523760,1165
186,22,15,7.688234,802
122,99,10,3.673503,309
156,159,18,2.705373,734
36,81,17,7.689244,548
94,116,5,1.216442,851
11,215,14,4.593210,167
218,101,14,1.976878,833
111,127,7,6.355436,716
197,104,18,18.560225,739
132,55,7,0.519547,334
205,94,7,15.060962,366
226,97,11,13.836798,621
92,125,8,8.501144,227
84,132,20,2.328647,838
160,72,18,0.968901,949
89,54,6,2.567225,1015
214,75,18,7.961789,178
79,243,6,14.541684,716
84,226,13,13.870156,1093
238,224,16,3.739919,963
94,7,11,8.208964,1091
25,72,10,10.619891,287
214,209,8,17.858655,115
49,234,7,19.653289,119
181,137,7,13.119095,634
21,24,11,15.910000,570
147,109,18,9.713152,195
188,70,7,18.305263,237
167,99,9,1.539739,907
233,95,16,19.105926,425
231,98,12,0.093253,987
207,242,14,10.520649,1027
17,110,13,1.358241,479
96,192,19,4.003141,585
137,86,17,15.561650,392
210,129,12,0.729212,437
123,189,16,3.678450,455
11,80,8,6.058824,690
219,123,14,7.637162,617
7,13,19,10.523453,1161
213,167,6,3.352313,616
136,121,12,9.948608,813
168,55,10,14.512628,259
165,105,12,8.166037,304
109,113,11,6.668436,212
22,63,12,17.072572,341
166,248,11,11.873826,873
8,19,9,19.481449,950
39,2,8,0.481163,419
79,94,13,15.000065,310
191,17,17,12.443630,1157
175,161,15,20.337631,865
120,172,17,0.797707,352
76,74,18,7.979168,571
4,226,16,8.498034,787
24,215,11,1.762375,672
73,224,20,3.287255,634
215,82,14,4.841549,988
125,85,17,6.036783,782
197,44,6,0.050902,376
65,156,12,8.487841,605
107,81,5,16.244290,1171
52,120,12,12.330422,339
144,75,18,2.698867,888
1,157,8,8.428157,461
80,49,13,1.928499,898
102,125,13,11.338270,912
42,27,13,2.166257,289
75,181,13,6.194796,178
112,156,8,11.852353,136
155,21,6,11.247382,306
153,217,6,15.600057,1041
35,4,6,8.191892,679
172,240,17,8.799875,448
83,190,19,18.061802,960
228,117,11,14.308035,560
71,211,20,8.735182,1100
201,146,5,18.077899,441
10,76,9,12.054078,340
76,34,20,19.236765,562
205,148,10,18.987334,224
136,122,15,4.320250,1045
168,33,16,2.920107,361
189,100,8,19.809016,614
73,104,11,13.555951,304
133,121,18,18.270725,673
184,111,13,11.175596,626
109,27,14,0.115952,606
125,2,14,10.635690,677
19,158,14,12.701517,723
220,111,15,6.717829,311
87,223,20,4.695668,158
46,184,13,3.935240,200
10,142,14,9.604911,236
185,139,15,11.578338,348
97,76,8,9.847647,972
196,9,12,14.082013,585
118,9,13,19.460963,134
201,133,17,1.757343,448
129,132,20,8.555522,246
205,165,11,9.531533,993
58,88,18,17.826424,270
120,86,14,1.199442,1002
198,44,16,19.592168,555
11,201,20,8.738818,516
219,162,11,0.768884,434
154,224,9,16.830696,1070
88,203,7,19.034750,534
50,70,12,7.348686,448
70,149,14,13.875036,341
123,104,11,0.418320,624
143,54,14,6.332119,922
2,132,12,5.096139,849
80,249,15,5.597562,613
174,204,10,0.211995,884
49,24,6,18.789272,702
34,39,15,10.966697,146
132,163,13,15.931584,189
32,122,20,0.201331,430
122,221,9,6.038380,471
216,22,6,18.119069,499
87,137,6,9.676797,641
114,102,7,3.020032,251
26,153,14,0.247323,685
29,120,17,19.898477,904
128,184,9,3.258226,346
119,215,9,7.050673,533
56,74,12,18.440581,495
30,239,11,1.833857,329
242,109,19,5.369989,404
92,112,9,10.228005,938
137,221,14,1.752359,531
151,228,19,2.629066,973
1,23,7,1.455369,407
238,78,5,2.673154,995
22,181,7,0.692995,350
57,32,13,2.518359,531
203,241,20,13.425687,614
75,11,7,3.532416,331
188,145,13,18.471044,622
193,48,14,8.659178,1156
241,109,16,16.949109,870
81,50,14,8.881287,1061
197,165,7,18.613428,379
183,100,17,14.102995,806
103,119,7,3.600035,1094
193,184,16,5.310680,813
162,178,14,14.618376,252
39,11,8,10.890872,214
98,112,8,17.097927,1094
62,127,8,8.513953,581
144,201,6,15.265953,643
31,203,18,18.157980,1063
146,19,10,13.874532,645
185,61,19,12.750548,870
120,36,20,6.592900,230
142,171,5,11.693106,831
219,55,20,1.187468,137
94,119,20,13.350179,1186
236,230,17,3.614373,827
31,200,19,12.516641,472
62,203,15,4.174738,808
212,192,16,1.377225,750
49,189,13,6.531768,769
149,48,20,15.722789,1003
184,116,15,6.198623,890
39,159,20,0.755284,1106
96,106,13,18.494665,366
111,44,5,4.368761,678
157,224,11,5.342552,254
76,129,20,10.940207,343
9,241,17,13.872445,656
126,2,20,12.666669,129
203,158,18,8.713585,150
174,89,20,7.562126,664
15,163,20,17.357198,606
144,235,14,10.731559,988
224,13,20,4.107052,541
75,214,6,0.766793,732
169,50,15,9.102500,1112
248,27,8,9.692923,1138
178,102,17,16.706618,193
169,58,13,13.184130,371
35,175,18,13.535797,1026
164,48,15,3.823700,652
64,35,6,2.776671,989
181,166,5,13.291045,938
193,121,12,14.758285,1143
10,60,14,1.646029,1039
77,79,13,11.743317,837
23,162,5,3.894298,841
38,42,19,9.943028,911
151,190,11,11.453195,362
193,108,20,19.732325,1073
75,82,11,20.310335,401
19,5,8,11.050627,955
75,164,19,6.620054,824
127,137,20,0.197431,513
154,192,19,12.403468,211
178,106,12,10.255807,201
242,115,8,1.417374,987
125,64,12,9.410900,1180
180,177,10,5.700541,1101
91,172,14,3.033307,541
109,147,8,16.507274,845
116,100,14,14.617586,869
248,115,17,8.908642,914
199,43,14,15.194231,1099
84,29,19,7.409190,930
175,156,7,15.895504,249
203,49,7,9.758235,833
94,79,18,2.144882,733
199,211,6,19.052411,736
152,219,12,12.831964,332
193,9,12,2.143855,1189
40,177,7,8.279372,776
58,152,8,18.115232,924
33,239,10,15.700394,491
3,232,10,15.596100,727
64,74,9,17.983433,276
19,219,7,2.342155,501
134,58,17,3.974101,576
62,55,18,0.346941,1023
127,119,13,14.424986,937
85,51,15,5.616874,529
125,195,14,10.840665,1098
33,199,16,4.197518,322
218,155,19,14.411849,1083
179,159,5,16.562764,600
215,105,6,17.024136,564
176,36,12,19.205858,547
162,192,8,10.672333,850
174,209,14,19.347959,1041
21,159,15,1.887543,965
224,218,9,1.888205,376
131,97,11,8.784571,647
2,167,13,0.710665,1009
220,154,11,17.420328,536
11,110,16,13.021701,872
17,84,18,6.403882,228
109,107,16,10.716481,606
69,98,9,10.143982,1013
28,174,6,8.113470,645
160,156,5,9.426852,381
188,138,14,16.504760,827
1,85,12,0.577225,921
22,249,15,3.034443,870
190,152,14,19.376073,1107
41,116,17,6.649339,215
113,130,8,1.735368,1060
131,132,7,10.163803,859
232,111,9,2.080879,159
21,235,15,4.688846,212
201,55,17,10.138096,928
23,25,7,14.122566,750
155,64,9,4.914137,154
78,218,17,0.790501,876
125,86,10,13.007105,511
144,169,19,16.499749,313
151,201,7,13.823581,162
180,11,10,17.377547,961
210,97,13,19.824437,244
216,185,8,10.582214,177
106,42,12,2.553090,577
50,205,19,7.662584,198
220,71,12,12.272737,1022
162,233,17,14.937390,192
117,175,5,9.672876,425
83,131,8,2.043685,557
55,146,13,18.448703,261
198,88,20,14.860464,400
56,213,17,4.326599,770
56,195,13,12.781253,1105
145,28,17,4.277177,1017
117,26,5,13.201120,324
136,0,14,17.723767,349
175,132,10,19.604287,385
0,19,10,12.288425,833
192,124,15,13.729431,1130
128,84,6,14.337417,453
224,144,19,3.018864,829
93,78,7,5.261037,431
239,75,14,8.328529,217
234,74,19,3.962854,703
154,226,6,13.241350,951
179,66,13,13.233613,449
45,128,18,13.071155,297
100,190,13,16.113815,1099
22,146,10,12.110156,747
16,245,18,1.909306,1062
112,182,8,7.276832,608
227,153,18,15.306021,117
232,121,9,20.387958,425
139,31,13,13.866952,772
144,72,16,8.099163,990
219,98,9,17.913213,1192
37,182,18,6.654063,731
221,225,11,6.917611,1130
133,174,9,18.865419,322
134,111,8,2.900811,287
192,189,19,0.627240,1007
108,213,6,4.092286,531
49,203,12,0.745378,147
77,125,14,6.074126,987
13,169,12,7.273699,717
39,199,10,18.540790,323
0,235,15,19.446635,582
128,151,13,18.268835,1192
17,82,19,5.732994,640
238,149,13,12.480741,590
125,204,11,16.236303,740
32,102,13,2.211904,724
162,118,10,17.109656,422
119,19,12,20.160982,569
83,180,17,10.056659,631
211,102,9,6.508123,315
130,59,15,15.246238,333
51,208,5,9.065436,507
20,16,8,19.760507,492
125,168,11,12.563289,999
171,102,9,1.506241,791
28,90,17,13.923702,215
159,178,20,13.263878,1099
118,16,15,4.365361,419
164,49,15,19.221880,543
68,209,8,1.252163,665
195,159,19,1.705636,780
247,184,15,5.316508,927
15,162,12,19.790849,932
193,7,18,18.609003,1019
62,83,14,13.828000,303
105,49,16,8.347953,472
136,225,18,19.902399,1129
201,62,15,3.679690,708
30,236,13,17.001730,1085
25,14,14,2.370502,284
216,101,17,9.636619,1125
236,86,8,0.407178,1092
222,131,5,8.981383,331
99,76,14,1.863234,1108
91,19,12,18.663641,993
227,9,9,6.320137,858
143,137,11,13.477390,1161
135,110,12,6.045074,221
127,180,17,11.912872,663
137,75,7,11.417231,974
143,147,16,18.056707,539
163,64,8,18.996883,521
41,29,10,11.949739,1144
223,51,14,10.256018,579
18,141,12,5.805326,1185
158,180,17,8.530959,449
110,25,9,6.373628,672
240,172,15,5.448007,884
242,237,10,9.968893,550
110,30,15,12.487125,424
122,31,13,2.436392,948
114,243,19,0.903337,476
247,40,14,0.332450,630
77,143,8,6.885205,483
33,1,17,5.511115,624
187,101,11,9.497850,1073
90,100,13,1.902978,601
178,232,10,19.512025,869
47,98,11,18.064988,510
6,158,6,9.644861,740
231,55,17,5.139945,920
139,9,12,1.312572,660
55,236,6,7.774217,739
226,192,18,3.530014,371
184,197,16,20.483700,900
31,215,11,13.872751,481
91,123,18,8.587062,881
104,97,19,14.363577,725
239,73,17,18.326429,1043
122,130,7,9.862367,1154
108,230,19,10.869006,1021
138,101,13,1.000185,433
245,45,11,2.186111,1135
40,123,9,2.816208,856
127,143,19,5.122854,236
1,224,15,11.799554,290
141,223,13,17.985323,425
169,200,14,5.141409,191
118,149,5,8.084843,1029
26,229,15,8.166159,1083
46,211,16,1.776554,216
6,9,15,5.361293,112
9,124,13,16.081725,834
209,27,13,10.226307,1046
228,40,17,9.118816,650
191,107,13,2.536097,270
234,164,15,4.560308,991
149,40,13,8.797098,114
53,164,15,19.715438,721
14,45,6,8.318440,665
226,146,16,14.767008,932
38,70,10,14.861120,529
98,63,19,14.203441,487
81,61,8,6.070012,140
86,46,9,3.615004,1043
2,14,12,8.802271,941
40,93,5,1.897636,277
98,107,12,11.400627,872
88,207,15,2.362232,1058
163,16,18,0.972655,324
225,163,18,7.416731,1184
201,27,19,10.156108,487
227,98,6,12.594876,521
132,117,17,8.610017,1154
30,35,19,10.512253,866
108,217,13,0.145675,1054
149,93,7,13.192118,1122
63,23,5,1.919239,766
108,25,18,13.928364,1143
153,48,6,15.267165,757
59,101,5,15.933131,623
202,240,9,8.688194,616
231,10,17,2.379957,859
60,172,11,19.031456,477
147,68,7,8.913020,1089
238,0,10,16.305645,1157
37,61,6,8.845111,275
221,83,10,18.252525,407
40,95,6,1.117591,770
73,204,13,8.405931,436
102,155,15,17.329576,175
7,228,9,18.661332,436
221,175,5,15.841812,256
214,246,6,10.727685,562
38,10,19,18.907031,459
84,209,18,0.499380,681
79,49,11,16.850117,471
57,223,6,7.755367,148
86,50,19,11.933009,511
172,111,17,7.334111,904
125,100,10,18.462596,501
247,53,9,1.199430,782
73,127,20,3.099214,250
53,0,14,5.273648,658
210,96,16,7.514287,225
32,55,9,11.283094,597
105,130,10,17.758480,1067
85,202,17,19.655118,391
42,164,8,12.419573,279
246,213,6,2.630712,879
225,164,11,17.751743,1124
40,219,14,2.398737,463
225,126,16,8.182467,722
21,156,19,12.829539,196
167,192,15,10.965288,302
114,204,10,4.071771,1141
109,225,13,6.195409,457
134,206,6,11.293687,829
201,183,9,6.722135,1200
198,95,16,9.099756,363
79,178,19,15.007086,478
133,13,18,4.056344,371
166,56,5,0.191746,634
217,57,20,15.148626,395
10,33,11,14.040858,168
89,169,6,19.060148,315
207,152,18,19.850820,568
231,46,14,17.685800,1130
122,228,18,15.232953,432
197,85,11,3.807757,886
210,104,5,15.736723,1188
59,28,5,12.034796,726
52,234,15,3.373190,112
48,108,18,2.837695,336
26,12,16,0.865489,1075
103,121,7,8.641911,370
185,189,7,4.670588,1152
219,120,20,18.433382,1021
123,153,11,2.725430,128
201,70,20,16.387769,640
186,157,15,5.406560,962
205,71,7,1.056515,519
35,220,9,11.958690,477
101,121,16,19.765935,885
46,194,16,9.129745,467
188,121,12,17.313237,140
222,157,11,13.769437,1103
28,224,11,16.425730,1187
113,62,14,13.480422,100
133,178,20,14.063209,1025
16,60,9,12.303817,104
36,59,15,5.906785,122
23,86,19,7.904914,698
61,40,14,2.844842,1187
130,215,14,19.402369,657
80,17,17,14.179302,691
34,242,12,18.488867,1179
238,233,13,2.978525,686
40,17,10,5.406321,888
86,27,16,9.056056,651
0,52,6,12.492397,1002
78,7,8,9.820717,414
114,117,9,5.087738,102
23,14,5,0.477970,377
218,116,7,17.745582,209
52,159,19,7.909346,370
15,180,6,19.938800,255
137,78,6,6.880700,233
67,6,13,8.331638,814
247,221,15,0.003611,431
205,145,10,1.601418,373
214,192,16,13.168021,1016
30,107,7,16.410023,1051
150,62,5,1.268131,938
215,154,19,14.360152,722
3,7,19,6.858891,1154
28,12,19,17.067913,1001
214,120,7,1.137909,645
142,198,13,5.292690,719
204,128,6,18.591591,1180
65,213,14,2.894061,404
35,74,14,13.249781,758
156,113,10,13.323331,784
82,179,15,10.906479,911
8,3,10,10.036620,238
94,103,8,14.869989,788
57,60,10,13.674894,881
144,51,18,15.538417,1100
202,125,10,3.126630,862
172,103,14,1.562499,542
38,125,10,1.550966,668
92,218,8,15.086991,760
117,31,17,15.879781,353
140,133,14,18.221981,267
138,114,13,4.179340,622
233,215,8,16.203021,849
191,88,6,14.897499,616
61,180,11,8.397039,707
169,156,13,19.307194,353
70,35,20,0.857965,203
40,229,9,7.640163,827
165,210,15,4.219066,1095
235,108,15,6.146310,658
113,48,12,1.906667,928
224,206,8,6.225926,1172
113,204,15,17.893258,540
97,166,5,11.080131,1193
124,179,5,19.325853,992
142,192,13,19.277874,335
104,208,7,12.766799,547
15,41,17,5.767467,549
20,57,16,4.448232,1145
210,187,20,12.232100,1101
45,201,18,4.182171,905
12,209,17,0.666039,601
98,207,9,6.925644,1036
141,235,12,17.660462,147
43,3,6,11.725197,976
115,214,16,19.417165,307
204,47,6,1.616007,1175
7,133,17,15.373391,305
52,10,10,13.612742,913
13,96,10,5.937158,869
95,72,12,8.840828,184
225,152,12,0.755646,317
231,9,6,17.854728,105
28,238,6,5.090699,358
163,206,7,9.111954,684
6,211,14,10.140122,773
128,150,16,5.929771,588
90,157,20,19.819456,586
16,246,19,15.988023,1094
133,197,12,13.027344,819
106,248,16,11.917956,436
47,246,14,14.724205,304
32,165,5,4.857952,818
238,228,18,18.729846,1055
132,51,20,2.783983,480
241,235,9,9.903185,1185
130,180,7,11.663493,580
71,123,6,5.119977,651
123,188,6,2.622552,715
185,2,16,1.310129,685
225,114,19,18.561062,1039
147,243,18,20.245609,1004
143,5,6,15.180399,1037
129,74,6,17.996219,222
81,27,13,16.393318,1116
232,108,5,14.455099,412
28,38,9,12.069588,1150
74,26,10,17.399476,198
132,235,8,12.313671,459
191,109,16,15.283412,939
81,181,15,15.461908,469
249,152,10,19.913327,107
125,60,13,18.768124,1020
204,24,6,12.562134,442
115,199,11,1.461737,704
32,101,10,13.566111,628
132,103,7,11.268735,433
98,239,12,9.588793,633
182,106,20,15.631946,203
52,170,15,3.778252,247
201,63,7,2.158864,461
59,198,20,19.984365,756
123,48,19,17.371853,565
172,184,6,2.357916,185
82,85,9,4.395801,799
225,165,5,2.400354,240
66,26,15,6.296608,903
225,84,13,14.521977,582
232,120,7,16.446753,511
97,91,7,11.626602,1166
241,78,10,9.318944,580
34,92,9,17.531504,468
35,108,6,4.932330,939
60,224,16,2.281669,491
22,106,7,9.303556,154
186,235,14,8.664830,503
102,156,20,4.709472,745
145,248,13,5.772644,980
71,157,6,13.535886,918
157,60,15,17.395325,422
221,36,14,8.211373,136
49,144,18,19.830978,513
249,174,13,9.215614,1172
201,8,6,17.906487,987
55,1,8,2.058034,579
100,108,5,1.127404,202
159,96,15,4.472695,624
59,72,10,10.565543,739
178,160,19,9.456038,1066
31,11,7,7.783443,611
131,33,16,2.877168,634
15,194,6,16.565483,661
28,62,8,10.922710,941
78,215,20,5.742985,281
67,222,12,13.003470,293
150,232,6,11.357098,644
66,175,8,8.604698,648
56,199,18,3.138967,1136
91,171,9,6.945261,775
187,151,8,10.523742,1028
53,27,13,16.145498,1009
69,210,11,4.012484,1126
243,182,15,17.469046,940
171,133,5,15.133984,498
96,107,15,7.973608,451
31,13,7,4.186067,438
123,179,15,16.620484,582
219,212,11,2.699789,529
202,27,9,13.287480,424
179,114,7,3.811298,960
234,179,16,1.527617,856
166,83,10,2.576131,213
60,75,6,6.952417,204
198,75,9,4.967503,185
212,73,13,13.102941,727
193,228,7,17.580673,292
80,108,5,2.802786,185
52,83,17,14.678891,941
205,111,8,2.013353,200
92,183,20,12.025306,1044
210,81,9,2.267175,127
236,177,6,7.128214,210
116,72,5,18.780488,555
36,9,20,5.278515,633
78,84,19,16.928329,421
161,224,15,7.309723,493
242,81,12,2.171749,479
43,119,14,9.862292,149
41,175,20,13.213852,156
148,232,6,0.308582,370
213,97,14,6.931404,371
175,116,18,9.086578,1048
8,98,12,8.628283,1117
124,175,20,10.404214,1152
161,96,16,3.061747,931
88,27,12,7.638255,325
103,9,5,1.017360,1092
188,99,16,10.238113,242
75,111,16,13.410319,531
24,101,11,9.101728,1068
112,17,11,6.775980,303
55,109,20,16.597332,668
171,235,17,12.984247,420
146,116,7,4.360837,1115
200,132,8,13.693335,168
43,125,19,0.440438,1165
175,211,15,9.897819,339
22,232,12,13.046964,474
94,146,15,8.312009,629
57,169,10,10.336281,946
125,4,16,10.149523,784
65,88,6,17.151427,606
244,51,9,17.082429,591
80,14,18,6.612698,185
184,88,18,16.632450,685
203,147,10,16.195913,535
183,209,14,12.615520,1023
174,170,15,6.805941,356
215,223,5,4.212869,283
65,225,20,17.118329,168
230,211,12,7.351343,537
22,68,17,8.614257,789
20,75,19,5.440977,560
134,217,20,9.400119,408
149,186,20,19.302369,1167
229,59,16,3.591524,343
93,230,9,12.069716,1082
242,188,20,0.639030,964
214,195,14,4.394970,857
16,2,14,3.843500,838
235,189,11,1.781228,687
42,120,15,1.436492,497
162,80,10,7.657794,841
12,233,14,17.559288,728
157,16,20,8.531384,943
179,88,10,19.419763,610
185,204,6,2.504408,259
95,168,13,8.422959,764
7,98,14,15.125326,261
194,35,17,19.577962,111
104,52,5,6.282616,316
226,213,9,2.782308,501
80,48,20,3.535615,495
90,151,18,18.642800,1124
202,199,19,16.196163,1128
100,99,11,6.359127,544
34,132,14,3.011515,109
40,235,17,3.403276,201
139,32,14,5.239330,1149
79,146,14,18.352530,945
210,34,7,2.378575,268
237,236,10,14.085226,641
141,29,20,5.555034,584
191,15,8,2.798351,643
91,96,17,7.494681,979
163,108,20,8.554594,398
74,193,9,15.723468,253
248,222,19,9.237609,975
173,88,16,15.753367,860
24,185,5,4.133521,385
179,196,5,3.254505,153
7,157,17,13.385494,1165
162,177,6,17.873219,331
221,39,8,2.538682,696
26,239,16,19.774151,355
121,13,16,17.056227,682
130,151,19,6.646150,485
163,114,5,19.635598,1169
30,178,16,9.980527,796
247,155,15,9.231070,457
124,54,20,8.827399,353
19,72,13,18.277370,1155
31,129,5,6.675730,1129
158,61,8,15.667603,386
46,12,17,6.360785,756
216,63,8,12.620178,317
79,130,14,10.319629,176
219,50,10,9.825325,1074
79,132,20,2.184266,1182
20,4,13,19.149041,533
229,82,14,7.437730,699
63,218,19,15.525679,517
231,40,15,0.462620,981
139,203,10,19.241826,709
235,60,11,9.547576,1006
165,117,15,17.569299,443
241,57,13,11.574516,636
211,97,20,7.933214,998
207,245,17,5.038861,645
104,143,17,14.243160,506
115,29,11,14.882081,694
107,61,20,14.800703,862
242,58,16,5.340986,123
206,76,10,1.581233,654
116,105,5,5.793890,356
214,85,6,13.808292,939
86,120,6,19.666899,1036
27,166,8,18.151779,758
9,239,11,7.263588,140
40,234,12,10.326571,558
190,151,8,10.079708,836
166,86,14,5.369323,416
82,110,20,3.503604,470
83,70,15,11.171265,249
2,15,16,1.131677,1088
245,59,9,19.344564,600
162,242,6,14.564033,395
3,117,15,16.701506,1168
221,241,11,17.969146,1103
41,47,17,3.450525,148
191,232,7,1.687160,492
201,122,13,14.972103,606
166,4,18,13.859889,832
57,163,11,5.440612,356
22,79,20,8.147177,876
100,49,18,11.506972,900
234,2,9,19.388138,450
148,97,6,1.172060,514
63,3,16,1.055352,145
36,51,17,8.377382,500
243,179,12,8.244325,285
94,217,14,14.534381,606
130,139,13,8.065749,766
225,72,18,12.434445,954
213,141,16,17.392930,1035
7,83,11,6.255272,338
231,118,7,6.615721,904
58,92,7,10.512085,485
131,86,16,6.251082,1100
57,86,5,5.545635,1091
216,88,19,12.860377,397
118,213,8,15.628848,411
10,126,7,16.169962,702
37,59,11,8.182786,210
93,229,11,8.564628,877
221,29,19,5.380845,714
27,172,12,16.236497,776
28,70,18,12.622868,1017
91,5,10,11.645540,1051
206,52,5,3.354215,517
109,213,14,3.161456,421
65,126,15,3.275378,1010
28,99,20,0.272181,773
42,227,7,0.463422,217
11,142,6,13.023453,729
40,104,19,12.994677,424
62,96,11,13.076476,570
1,58,13,5.878743,719
19,109,16,5.935183,873
128,41,19,13.632176,1187
95,1,15,3.318443,436
63,146,19,1.970430,500
68,214,11,15.158123,690
153,234,11,19.021253,365
39,25,8,0.183327,763
84,138,8,14.808950,1171
98,106,11,15.667938,660
247,8,19,13.527192,1066
83,237,12,2.336414,683
47,50,12,13.246205,586
36,31,5,5.372239,730
223,84,14,13.771620,685
237,73,12,8.375649,120
237,100,14,4.520624,748
65,28,8,8.077159,751
120,112,19,15.443435,917
134,86,11,15.334321,662
203,215,17,12.385342,957
4,203,11,4.601253,586
195,51,11,14.647410,429
206,78,17,15.275828,659
142,236,17,10.722864,615
117,101,12,15.434640,282
19,209,16,2.406218,760
219,100,20,5.985659,721
32,10,15,1.162499,511
16,204,6,0.894261,504
191,169,18,6.282533,467
73,32,13,12.086170,638
197,64,12,8.850237,723
67,120,11,7.359825,735
139,84,11,4.015214,125
71,142,13,15.576168,1082
242,129,5,16.411077,951
58,145,16,5.324534,899
199,156,12,17.823191,309
113,21,12,12.134533,211
218,94,13,20.095225,1049
6,169,12,17.968244,469
113,132,10,6.634714,392
63,235,20,20.237362,457
159,172,10,10.410857,365
228,158,7,14.604559,763
9,107,15,2.669392,123
178,109,7,6.702862,511
146,175,20,9.978355,837
113,117,5,18.147841,634
202,234,5,5.738603,1029
61,3,19,9.308733,874
221,137,11,11.024842,832
44,5,5,4.819999,908
230,17,7,16.530409,448
33,26,8,7.520932,707
188,196,12,9.204651,203
205,12,17,13.195814,1122
142,183,16,0.204404,454
143,222,12,11.673866,1067
49,241,19,2.394286,287
88,166,16,7.934003,755
134,131,12,17.142792,673
8,246,8,1.076234,880
104,15,8,3.595179,456
65,238,20,0.261537,950
59,27,5,14.603617,216
94,199,19,4.348705,114
7,115,10,5.700620,621
203,38,10,4.320963,710
158,103,8,9.291556,976
235,169,7,2.221800,477
3,130,14,19.619726,664
151,182,15,14.562973,362
223,54,14,9.758787,180
53,55,11,18.604089,162
21,129,10,20.072681,931
179,56,9,9.090107,401
98,55,9,0.434869,951
100,2,14,17.600251,225
112,234,16,3.675314,1146
20,104,7,2.546730,897
165,237,9,14.369811,239
18,205,10,18.164253,726
216,166,15,5.684127,167
149,43,8,10.505887,1003
174,68,16,4.682417,187
105,238,15,9.775122,621
54,204,20,0.701152,946
237,115,17,5.628755,588
173,153,9,18.427218,842
245,164,14,18.044704,387
19,241,7,18.013441,808
101,88,11,16.150637,242
115,153,9,12.400122,1098
49,238,5,0.199469,552
154,34,11,13.919139,1097
216,103,13,12.302926,1170
94,200,17,13.489310,131
183,26,14,13.876732,268
213,19,9,7.569031,161
73,132,7,5.759146,436
181,240,18,18.444128,234
115,219,12,0.799519,452
33,168,20,4.135887,731
42,2,7,1.246738,981
195,189,17,8.164395,682
180,94,19,5.383581,643
152,203,16,0.397753,1031
244,45,15,20.486824,528
53,249,14,1.551507,300
168,224,15,1.196852,714
201,199,5,19.122848,1174
12,182,16,3.656690,1143
222,218,17,4.214025,761
7,168,10,5.508603,757
0,28,5,1.665289,806
181,41,5,15.394186,1086
129,112,12,0.292272,379
54,218,12,10.835513,788
69,161,5,18.050234,603
202,19,6,3.924627,576
136,182,8,13.148986,1173
70,236,5,16.717405,828
193,17,20,9.305545,1008
218,228,13,3.739808,612
194,127,18,13.424590,168
9,48,13,5.249369,752
233,57,14,2.253441,983
205,162,14,10.526158,885
91,90,16,8.384205,497
233,54,9,10.495086,936
205,49,7,3.300743,167
77,80,17,5.866905,1142
237,11,15,15.570145,714
235,160,7,4.899664,467
225,25,8,16.629335,523
168,183,17,19.093384,695
125,45,12,13.067355,256
244,164,14,14.587722,448
73,146,18,17.480093,272
127,23,16,8.488761,233
187,206,9,19.998608,965
5,144,14,9.581408,1018
69,172,8,19.254918,532
233,147,14,8.132376,695
158,231,8,20.094963,311
145,153,5,17.590057,1131
64,145,20,17.072899,204
1,218,6,4.837273,124
47,97,8,4.264937,915
216,180,16,17.550735,433
179,211,10,18.117402,463
59,17,5,6.754891,488
46,168,9,13.730305,1116
173,157,5,14.521738,330
81,229,15,16.591041,381
4,20,9,0.531212,940
32,179,20,9.611006,611
61,139,19,9.448075,338
62,47,17,14.649083,342
216,82,17,3.023733,921
175,29,20,16.615785,102
70,105,8,6.621401,586
128,52,18,17.293838,234
249,145,16,11.820300,859
62,111,14,10.066288,249
59,154,14,14.302227,229
71,121,13,5.748142,397
177,19,7,10.456443,821
199,206,8,0.584828,564
238,232,14,15.078056,911
71,105,12,8.244414,592
185,74,11,17.674193,510
248,74,10,19.288997,782
154,114,7,4.038445,297
90,241,16,11.899555,1122
189,59,6,6.857480,638
48,40,10,5.236141,454
239,33,13,16.964425,762
160,162,19,4.860600,271
20,68,16,10.787939,476
31,10,12,12.477600,184
136,84,17,17.065573,439
26,214,12,16.715347,820
236,212,20,18.640413,822
171,180,16,4.637109,1013
191,125,13,20.162287,357
43,93,7,7.720442,1109
50,162,15,20.204826,1147
70,55,14,15.697366,308
243,130,20,9.853695,664
178,118,17,14.593354,810
116,92,6,12.952302,1114
222,8,17,5.255620,269
116,239,12,0.571173,547
74,12,8,13.245652,154
85,42,17,14.317396,264
191,170,12,10.875642,377
83,39,15,17.188943,1138
51,101,7,3.139406,146
225,214,19,1.482482,424
215,182,19,19.521971,667
89,158,17,14.716832,155
160,202,13,6.281599,1128
133,249,9,16.538322,997
51,78,5,6.780120,396
237,61,7,3.311108,588
43,108,18,7.537852,922
149,68,8,15.591369,211
33,67,6,14.556391,141
44,66,10,2.377676,819
227,103,6,1.423319,141
148,161,8,2.029124,571
8,186,13,4.068867,1095
138,175,18,7.573046,363
13,209,19,15.057382,369
84,78,15,17.642707,1132
102,189,19,0.040951,1170
13,39,17,14.779521,138
101,176,11,11.464731,535
94,225,10,2.850067,630
247,163,18,12.880887,1179
199,14,19,19.100253,1059
38,62,12,5.686896,487
120,52,16,1.938132,390
227,97,7,20.335908,154
137,38,20,9.275527,639
136,12,8,15.378815,1012
13,217,13,1.748309,236
184,237,9,13.894196,788
92,53,20,19.495285,129
226,156,8,17.817247,977
15,146,13,9.617862,1074
160,165,13,15.007371,811
81,73,5,5.302048,285
225,36,16,16.663416,1188
150,96,5,2.040041,566
1,215,15,15.531755,197
17,239,19,10.663546,638
140,67,7,2.395983,300
12,123,18,10.419747,760
207,164,5,0.747876,880
52,174,20,19.239413,526
38,29,13,8.259165,442
88,125,5,7.477745,393
136,13,14,18.057676,1131
137,181,7,0.653586,847
39,13,6,3.516370,508
53,126,8,19.438204,651
13,232,18,15.880483,284
24,54,20,5.990534,834
164,207,5,19.177053,126
5,12,14,14.919670,900
115,12,20,6.926863,155
48,10,17,0.146180,530
100,68,6,3.374891,1156
153,88,12,2.062219,376
125,79,19,15.636291,285
95,149,15,10.862216,542
185,36,7,4.995005,451
242,228,20,1.896623,880
107,157,10,2.473105,1078
33,166,14,19.496321,922
42,153,19,12.780325,204
13,153,9,2.194582,1141
139,215,6,14.405543,1160
63,105,19,11.748802,984
210,161,19,19.011771,465
163,133,14,18.695748,899
145,240,14,15.808195,1023
190,234,19,16.572753,1034
137,203,11,1.931028,329
38,128,20,1.901398,752
35,106,6,11.763339,410
189,3,6,5.780901,1140
0,133,11,10.860739,1070
228,227,20,11.835570,982
141,109,5,9.124936,980
233,122,18,9.668599,1054
214,115,14,12.750336,1046
226,186,11,6.787338,514
60,213,16,6.495008,683
229,0,19,9.734928,301
99,224,20,9.565390,418
97,12,14,2.222653,541
32,140,17,11.868661,634
163,164,20,1.289101,790
128,196,19,12.987391,430
171,206,20,0.731671,609
176,171,11,5.640032,390
215,49,18,7.973983,351
146,82,7,19.780164,815
85,215,10,18.599310,491
133,4,19,2.025367,564
130,148,11,8.062390,237
111,223,8,8.569201,230
116,76,7,12.446655,936
5,116,18,3.131302,1029
239,207,16,7.500120,545
139,232,5,20.039752,265
105,139,8,14.025171,671
67,32,8,15.552352,198
10,81,17,20.335268,244
167,140,15,0.115491,1114
236,152,9,13.984375,374
103,114,14,6.175012,209
59,116,9,2.871286,194
26,91,18,9.875020,1129
72,51,16,15.362140,635
79,82,9,16.219184,112
215,249,6,12.526580,603
29,64,6,1.038785,738
85,8,17,5.708005,804
108,138,19,14.536643,998
153,80,5,13.428100,178
187,79,18,12.835023,631
15,103,11,4.242697,1004
114,50,9,5.369300,972
81,98,9,20.476793,640
50,193,15,8.903544,337
181,119,12,11.750863,1049
249,86,15,5.598234,160
177,26,17,9.024099,753
225,222,7,17.855208,607
186,58,11,7.054426,202
239,128,19,5.889783,1045
134,122,5,15.683074,825
48,16,15,1.626269,1039
180,108,7,6.445922,349
40,124,11,16.960330,1084
149,183,16,7.170363,383
61,20,13,10.213680,636
240,60,5,1.094377,1146
118,101,9,19.151167,1181
56,122,20,8.758518,497
74,199,20,7.718368,498
138,249,6,12.095062,504
41,181,19,11.497946,298
226,42,17,11.984264,947
71,76,18,10.018674,474
232,138,9,13.785607,248
123,192,10,20.156748,433
99,34,14,7.871352,651
194,106,7,5.503700,1086
43,224,13,2.742086,203
91,153,9,4.085336,594
41,154,10,7.012943,742
184,36,20,19.049371,333
140,201,15,12.857020,220
151,95,11,15.246238,438
134,245,9,6.164953,936
106,51,7,1.492259,341
66,192,9,12.786690,118
23,4,15,13.537645,913
54,122,14,18.252105,1064
31,148,10,14.875658,922
108,44,5,7.642115,1197
80,59,12,12.252876,220
76,52,17,0.125584,151
204,152,7,6.298491,1111
24,249,5,16.731202,190
93,219,11,11.639477,193
245,13,12,8.930334,1106
5,20,16,6.879000,402
79,152,17,12.379073,845
164,137,5,5.793476,720
67,149,9,2.302473,666
11,61,10,19.558618,171
137,241,16,18.053550,1128
184,174,12,4.346309,559
12,15,7,9.667080,796
222,98,16,3.907922,395
3,200,11,18.387612,731
187,168,20,7.322468,948
246,50,13,8.619462,1199
122,114,19,1.484168,910
9,120,10,11.273912,743
3,94,17,16.165290,751
8,212,10,3.855612,254
27,189,20,3.978472,1182
169,8,18,13.420930,860
62,32,16,5.881794,926
75,141,13,16.091773,1080
11,141,15,11.159472,722
139,205,14,9.022609,388
13,67,8,13.747227,908
214,22,8,3.332478,482
177,109,15,3.016790,1196
8,29,18,11.174992,1106
10,120,10,5.904532,139
86,83,18,13.871167,959
167,14,13,0.678380,953
14,35,12,4.328659,510
58,63,15,2.377659,788
168,10,20,3.863821,876
208,52,20,8.301170,1149
141,20,19,3.853370,523
119,0,8,5.102859,165
53,104,19,18.753084,290
47,123,7,19.930725,698
141,62,10,6.117325,876
40,119,12,3.866869,348
10,89,18,2.316809,270
49,233,6,16.680114,1167
126,56,14,3.357251,322
42,13,14,1.363844,856
84,115,6,13.050664,653
216,114,20,19.692025,194
248,48,14,13.712334,743
236,105,11,10.063278,467
140,163,10,12.469063,685
78,183,15,14.319814,769
29,20,12,7.472302,114
120,126,8,15.970191,521
88,164,11,9.463520,1006
185,103,13,16.007806,1179
96,227,19,6.116976,554
24,240,20,8.861323,293
155,22,12,14.283029,680
141,243,12,5.731125,379
44,93,16,19.007772,727
181,129,16,8.801020,264
68,163,20,5.143289,415
69,166,16,9.519303,361
66,52,14,16.726600,603
58,186,16,7.737116,1033
55,230,5,15.806726,1040
213,34,19,10.404737,954
178,148,18,6.111441,277
8,234,20,6.132155,521
180,133,10,6.041643,427
202,51,13,18.542778,770
119,156,8,17.168429,385
112,36,7,15.466756,261
108,143,13,5.882550,186
188,76,8,9.680001,257
96,27,12,8.796030,270
178,44,18,2.971674,947
135,61,18,6.988051,594
81,67,9,11.353278,346
6,39,8,16.688742,290
152,168,14,3.035708,711
1,126,19,16.585824,1152
171,148,13,5.019395,697
25,161,17,18.556826,662
179,116,6,13.003397,751
61,55,17,14.511224,901
191,195,7,17.879957,681
141,155,5,9.298265,752
185,193,14,5.914266,657
227,0,9,2.061211,107
92,98,16,17.793142,677
186,138,19,4.400697,307
59,138,12,5.653530,1116
148,234,14,14.514528,717
203,22,8,4.442484,670
63,180,12,16.562890,399
56,83,10,18.242954,953
155,201,13,5.164740,688
37,22,20,18.405070,619
203,246,6,19.876171,404
37,142,7,14.041941,854
125,20,17,17.128059,514
150,84,11,20.357760,741
194,95,15,4.967501,175
136,24,6,17.880620,590
69,74,11,2.981431,232
227,208,11,11.167634,170
