Source,Dest,RateLimit,Latency,LeaseCost
610,51,15,10.794096,276
695,746,8,12.125733,186
529,528,11,20.365309,934
431,147,6,19.717062,346
135,389,16,7.825162,239
457,568,6,6.309917,376
290,205,16,18.238663,1139
429,644,13,20.397975,752
105,313,12,0.729810,162
156,640,18,18.305930,822
428,120,19,0.376353,706
296,744,18,20.414239,1075
719,141,14,4.700609,731
542,343,18,19.194414,989
648,695,17,8.487965,640
476,360,13,16.198711,907
712,57,5,0.103747,1114
198,335,13,5.371343,418
572,86,14,20.123893,908
447,412,18,19.133577,897
56,574,14,17.206899,533
676,323,6,4.094821,1171
387,489,14,5.920985,372
196,431,8,11.485549,656
204,56,9,5.562687,506
163,333,13,4.359704,502
531,352,9,6.634042,754
317,137,9,19.509490,582
536,636,13,17.296435,1154
479,272,6,5.544913,783
313,588,7,10.518967,693
616,10,17,2.946650,1009
10,151,19,8.552264,1125
40,224,5,15.968856,612
404,318,12,7.805014,194
456,45,19,10.250097,183
29,27,15,2.364281,839
311,367,14,8.126556,894
561,202,6,2.045197,1084
299,6,16,18.333640,1193
198,490,11,2.767918,1134
296,284,15,14.033419,400
280,476,18,18.596334,1037
615,33,12,14.449620,766
624,384,18,12.848875,942
665,495,10,19.816389,312
608,60,6,9.822683,1003
543,400,20,20.232994,279
202,402,5,10.966840,146
567,518,6,18.997677,572
371,168,6,13.881428,254
76,513,10,13.790747,243
321,138,13,14.610355,923
381,497,16,15.804451,536
577,124,9,6.898083,424
422,236,16,16.101435,917
143,165,9,14.852028,1198
298,609,17,10.566613,297
377,648,6,3.541195,859
572,175,17,8.239905,781
256,316,20,19.305036,345
317,426,10,10.127567,795
411,179,12,2.703894,1029
529,153,19,15.297046,624
468,376,18,13.051949,1032
446,369,6,7.124479,677
416,156,17,5.236075,898
354,211,7,0.346970,791
692,496,19,3.909384,625
621,459,12,18.034568,751
587,29,17,0.048408,137
178,301,5,18.911891,812
419,494,14,15.413075,337
686,87,5,4.852112,170
319,615,14,18.747975,164
580,528,15,16.095212,994
299,387,11,5.448557,995
385,116,17,15.499749,570
193,10,11,16.411896,1052
719,137,17,7.448825,763
589,506,15,7.166971,1145
710,588,13,7.349035,1094
576,288,20,3.506005,1093
307,61,15,6.533286,421
162,527,15,14.131355,700
267,568,5,19.424668,202
253,507,17,6.542088,719
451,614,18,4.554892,502
661,11,20,10.003799,687
108,468,11,7.140004,1003
465,361,20,5.548017,614
353,490,12,3.038514,453
265,242,6,8.445483,556
624,36,13,5.202496,616
566,332,15,2.721011,735
72,15,11,18.233732,474
642,110,17,16.016363,1157
250,333,20,15.337258,716
254,376,10,6.505002,249
158,705,14,3.591546,855
570,718,11,3.312968,181
307,63,13,1.483699,914
520,399,19,17.241797,357
229,146,14,3.167126,887
459,741,14,6.762595,854
81,37,10,16.781734,1180
74,197,17,4.919042,1182
560,609,19,18.779250,372
743,111,14,3.512771,363
29,637,17,10.335567,575
749,202,8,0.074828,687
120,722,16,17.780741,404
525,37,9,11.046905,959
322,746,10,16.089954,330
362,488,15,10.437629,150
177,331,19,0.738145,167
404,507,7,10.504220,121
194,604,16,2.890385,894
9,114,13,13.484664,249
603,454,11,16.568761,300
723,231,11,5.238223,527
441,740,18,17.032792,896
44,577,9,11.182591,409
671,134,12,6.730437,775
337,309,8,16.129222,176
473,450,14,13.606677,496
40,618,10,14.348942,1046
623,180,5,14.069695,403
262,157,9,9.177111,654
547,600,12,12.637479,917
705,171,19,16.255004,866
404,140,12,16.292766,296
707,591,11,7.163160,920
404,195,8,12.572373,124
485,338,14,15.650507,949
62,299,14,16.029900,638
602,710,9,17.173848,606
523,414,8,19.728829,387
418,365,17,9.669612,427
500,178,11,18.019681,427
393,748,9,11.583008,728
67,672,6,1.850878,834
55,61,15,0.603454,541
289,234,14,7.515255,110
681,710,7,4.997067,879
632,360,8,1.434241,815
736,116,8,6.564075,868
458,140,10,18.917747,845
179,10,16,4.654942,960
636,327,20,10.531727,403
360,225,20,14.856752,1033
154,106,14,3.552162,173
189,6,19,7.462532,718
711,516,17,12.094805,1175
178,9,14,7.276886,1186
35,384,7,1.073726,323
307,538,15,2.889306,729
420,457,19,8.085231,444
322,267,16,3.748443,493
368,596,13,7.199365,930
436,487,6,5.859741,321
716,490,13,5.614653,371
31,602,16,2.271408,642
507,525,6,16.651236,442
359,738,8,15.291434,1139
606,298,16,9.009661,877
468,221,6,20.465479,276
522,636,13,11.470712,1175
347,605,7,10.411655,781
510,671,12,4.841271,897
609,347,14,16.118981,1048
541,695,20,8.976979,597
352,293,15,5.988582,648
572,657,19,15.705893,617
428,366,18,19.960894,745
146,253,13,7.481547,671
712,270,13,7.134455,549
575,707,5,4.531237,280
552,564,7,8.329717,183
533,160,15,5.527613,1011
550,64,9,19.396308,942
293,562,9,20.473382,809
320,614,10,0.528233,717
62,284,20,1.906661,879
744,431,6,12.926575,813
118,296,8,7.862439,1085
340,167,19,12.578356,370
146,536,8,13.660639,838
539,177,6,15.283530,683
483,533,10,16.510988,385
252,731,19,6.434041,1004
426,470,14,13.474036,100
722,298,9,17.071321,527
505,685,9,2.018416,1058
265,678,8,11.942027,997
247,220,9,4.607042,880
711,462,20,13.972108,1196
617,278,15,15.507251,935
604,296,11,18.716216,518
266,560,17,0.765039,929
575,294,7,3.727398,1049
411,583,9,17.371911,1173
402,181,13,14.761602,946
32,445,11,1.268061,622
347,690,9,0.487682,292
183,127,8,14.481575,392
536,740,11,6.259048,633
493,256,9,2.409159,633
575,456,17,15.213308,135
586,456,5,6.182339,982
358,498,10,3.204160,890
665,632,10,13.336138,1036
349,553,10,2.931564,147
182,371,7,4.072010,1185
416,229,19,17.758818,137
609,90,5,7.431008,420
683,303,11,13.173929,991
194,610,6,15.553338,378
375,215,8,3.467111,156
16,539,18,8.424126,806
468,16,17,12.751192,1079
202,154,20,0.699319,880
239,485,13,15.483247,1171
336,24,13,13.655171,500
747,607,5,14.212933,1158
723,220,10,17.538163,555
581,241,18,1.251237,473
535,634,13,17.941430,1037
283,641,11,16.197765,404
66,303,16,9.837782,379
126,61,16,12.479888,1111
651,445,19,16.523390,1170
161,318,19,11.599864,1015
460,628,16,0.837894,406
388,25,19,8.285482,808
406,194,6,0.059312,718
697,202,5,20.460484,397
746,714,13,12.728086,632
213,518,5,0.089808,887
445,251,16,7.020417,773
64,651,15,12.310851,954
707,571,17,19.515389,117
407,606,12,6.593557,698
434,82,7,16.737504,338
727,93,10,3.931582,508
504,547,6,3.645299,358
128,477,14,17.466286,740
337,331,11,2.057916,1008
206,658,6,15.139760,231
598,190,5,4.240909,137
328,421,5,7.197642,368
637,294,8,13.999882,215
719,692,11,12.161530,592
65,483,12,13.511379,162
465,536,8,11.777874,1124
259,358,11,17.800146,415
567,416,6,6.630940,138
381,615,5,1.160224,771
428,114,13,4.497463,941
707,78,15,14.547763,890
597,589,11,5.363299,484
605,14,5,7.437629,209
299,432,6,16.834623,154
717,454,9,13.726125,151
122,441,9,0.190826,1044
102,144,19,14.116316,915
119,550,18,16.555443,1033
287,701,11,16.885058,749
334,277,17,5.012126,926
615,515,14,9.283907,416
440,236,5,8.499274,607
645,598,11,8.114947,394
472,531,18,11.233934,166
604,543,18,16.449717,167
166,452,10,18.363779,793
609,157,18,15.184273,1138
67,166,18,19.002744,847
101,147,12,10.640826,744
325,58,13,9.595535,1146
714,564,10,9.872315,136
373,678,18,15.541150,799
716,384,11,12.156271,366
351,50,11,4.891032,239
631,747,7,17.812752,926
115,405,6,10.432433,1098
564,178,7,10.571431,946
92,727,17,18.389341,418
35,726,14,6.192203,885
515,253,5,7.048563,223
329,34,6,13.070442,788
411,393,15,9.225435,830
235,77,7,19.884635,625
511,548,9,16.888061,279
554,281,12,11.033974,995
710,210,15,14.122472,347
353,222,14,4.682700,605
352,337,5,7.613765,209
258,661,9,4.048900,361
688,71,11,2.314099,567
294,420,8,13.156701,220
561,473,12,4.767930,960
285,272,7,13.387087,296
696,678,20,8.181322,1195
530,263,17,13.353287,923
693,291,19,16.863894,650
306,71,7,5.104788,1141
340,477,6,12.613692,454
637,200,12,9.929666,521
489,217,12,8.450954,1117
155,168,10,18.429091,662
325,701,10,4.877556,279
106,175,15,0.325303,697
388,566,13,3.459482,648
120,462,9,3.754973,284
546,541,6,9.111256,630
184,21,8,14.256422,775
667,738,17,16.651618,679
70,443,14,1.158093,610
576,429,17,0.540773,911
621,740,14,17.887716,727
424,240,14,6.321057,392
533,218,12,4.684848,1000
282,364,11,19.545235,485
268,115,9,5.486086,137
377,308,14,14.107696,621
743,33,11,0.525829,172
68,327,19,16.871560,915
684,218,12,10.576246,505
137,112,19,17.830573,1013
287,622,5,12.648254,717
12,571,11,13.989592,854
667,279,10,13.709659,395
6,274,12,1.527576,386
27,481,19,13.999769,205
716,695,6,17.783524,123
538,154,14,0.427905,544
664,740,20,17.244175,815
727,641,17,2.157051,541
444,284,8,3.076972,642
155,114,20,10.047394,246
581,166,16,16.415938,1192
461,329,8,14.012825,982
449,494,8,5.176004,615
698,286,17,8.624156,850
438,226,19,18.524406,374
521,7,14,2.034089,374
201,108,5,10.646284,833
419,376,12,15.013558,958
123,59,15,18.365936,387
132,600,13,1.727727,1153
542,7,18,14.013505,504
549,554,6,11.932914,681
238,136,15,12.590329,321
75,563,17,20.386766,983
183,152,7,13.155044,769
483,396,19,13.492960,854
476,39,12,0.112580,440
448,92,9,11.183354,336
608,618,11,6.356435,835
425,389,11,7.773214,182
342,714,19,5.313775,591
16,12,5,11.353739,858
207,651,20,19.385220,261
422,456,5,19.252771,918
22,514,5,14.139119,728
656,70,9,14.473624,1112
368,477,7,12.715408,669
109,745,17,5.342315,722
426,243,19,2.714773,352
562,603,19,8.196699,468
29,365,9,5.284194,621
229,645,13,0.930181,267
394,671,11,20.373127,1061
707,350,19,17.562464,879
22,659,18,16.597937,870
601,514,7,1.080692,658
390,433,12,0.514244,620
388,459,7,12.644502,402
18,128,17,9.134633,910
739,578,7,6.871786,988
167,745,16,5.159110,294
652,422,8,16.549280,559
383,447,17,4.560245,1179
272,622,19,17.798442,371
503,737,5,5.479262,198
85,529,15,14.137986,894
34,556,7,13.662806,219
418,569,16,3.260118,1155
512,248,18,11.195409,650
561,388,16,15.595921,316
199,175,9,12.626766,1090
102,227,14,15.881720,526
221,308,11,9.175107,1001
265,335,18,6.593126,615
177,429,5,1.479093,757
354,509,11,17.125108,1030
530,421,11,6.239481,199
584,297,13,13.140888,1077
56,668,17,14.833609,837
315,374,20,5.256048,139
139,102,5,13.790217,866
355,431,5,8.425477,440
29,267,10,13.783137,334
341,522,15,1.181879,1023
529,678,14,10.185281,981
188,684,11,9.619398,903
288,560,14,10.573449,606
176,501,19,1.458141,556
321,69,8,13.293965,440
537,249,10,1.857904,597
600,490,11,5.490160,891
261,713,9,7.110643,565
59,603,12,0.147512,521
420,367,13,4.822049,548
570,13,5,10.971299,780
691,491,7,19.567171,697
246,711,12,7.565823,834
525,466,18,4.508442,387
486,688,13,8.735570,1171
729,447,16,9.048392,596
378,227,6,17.382582,555
33,116,11,6.790867,291
267,640,5,3.219667,758
543,225,6,0.662175,498
262,432,14,7.041314,796
466,419,16,1.844523,213
317,220,6,4.228583,1026
601,626,11,2.508728,333
187,655,5,17.029197,752
558,31,16,12.193849,403
134,38,12,17.452112,1036
470,260,5,12.889664,792
672,257,16,3.213683,536
328,383,11,6.134313,1186
187,240,12,6.363769,999
683,710,7,12.933273,609
249,292,20,16.212494,407
159,600,11,6.871941,397
668,417,18,7.497113,705
19,599,7,15.728672,149
36,689,18,20.307878,772
177,439,13,7.998351,230
432,550,20,15.278015,1059
55,291,12,14.136598,735
715,10,5,14.720799,309
283,189,6,7.780509,881
55,76,16,1.653050,1182
627,121,16,4.128663,1164
145,422,14,11.707991,920
242,667,9,4.162847,912
352,241,20,20.430580,672
370,476,13,0.144329,765
341,99,5,12.311153,711
367,279,7,8.387201,263
418,368,17,6.957257,941
61,578,17,4.180002,561
98,343,20,15.466818,825
485,638,6,12.848705,375
537,623,12,5.192816,408
682,319,12,5.348954,355
345,13,9,8.367479,212
654,115,19,5.892713,258
650,580,14,20.461774,730
292,623,8,17.148827,176
240,589,16,4.375511,202
66,485,12,3.340859,188
259,287,11,16.927859,857
568,436,19,3.907177,1132
399,43,13,19.689553,982
54,305,9,2.207516,720
384,56,13,1.489819,682
648,416,20,8.646445,258
185,134,7,1.852967,425
375,350,18,19.573587,154
213,236,20,19.623258,436
355,1,18,14.951428,609
147,178,18,9.106526,837
120,292,18,12.143019,294
296,621,17,3.156293,899
248,400,18,14.000348,433
634,492,9,1.913011,421
658,465,13,0.216587,914
687,610,6,19.926680,877
446,599,18,2.623766,797
662,606,14,5.725029,670
262,726,17,4.042818,1184
324,679,19,15.487850,747
223,572,5,12.163910,159
695,226,18,3.550721,359
648,709,20,11.635820,370
402,264,14,15.296098,659
324,705,7,0.102790,274
389,116,20,15.482246,1022
612,97,5,13.990356,503
409,120,6,18.726669,364
281,266,6,9.594673,514
120,187,10,12.966933,794
202,269,17,11.012160,162
158,439,17,8.878089,332
652,483,7,16.878365,283
294,628,6,14.736903,1007
111,554,18,6.488193,235
722,157,12,9.887850,124
188,163,14,15.226380,191
626,294,9,9.980342,820
561,722,11,14.886823,511
106,706,10,9.511690,677
279,115,16,4.623193,280
214,20,12,5.274325,173
462,134,12,12.783059,136
351,661,6,10.252071,1020
157,651,9,13.068390,486
592,116,17,18.490303,717
73,167,15,15.133372,665
402,244,16,7.644950,679
33,400,14,8.571187,757
622,661,16,7.170613,909
192,455,13,6.051493,200
627,335,17,0.842846,806
154,201,15,17.270503,526
514,377,12,7.296114,523
628,74,5,18.535362,844
243,157,20,9.293555,1133
203,379,14,17.894686,496
420,296,14,0.617127,1076
305,199,19,1.546400,334
374,178,13,2.586000,314
636,305,17,16.831551,508
666,351,14,16.155127,1012
492,171,11,18.712571,465
43,644,10,6.834677,569
283,166,18,1.596375,1173
504,703,6,2.373463,1026
398,516,11,5.686211,1193
387,699,17,17.553412,1053
549,13,16,4.189506,1200
130,487,19,1.886250,750
45,530,14,8.943921,674
551,637,6,18.296306,855
218,726,20,10.293107,123
343,386,17,6.478699,940
462,115,20,6.906578,259
617,103,5,12.084294,380
518,413,19,15.903268,232
281,310,8,5.393889,885
68,3,16,9.099048,1193
719,495,17,6.247334,317
464,572,7,2.145512,312
675,599,11,9.443547,286
349,570,14,5.390159,780
95,28,9,4.390991,914
131,697,14,13.474041,272
188,552,11,2.854508,788
400,611,19,12.715787,1092
242,32,7,19.338666,478
76,443,10,1.316553,695
377,589,10,11.288422,425
349,421,13,15.094007,731
738,38,5,10.970301,1096
511,614,9,20.428786,564
347,214,11,3.551481,203
118,49,13,18.751111,126
506,16,20,16.083631,599
82,320,6,5.826635,1080
571,365,17,18.858676,278
618,566,8,5.063194,625
475,277,18,9.349919,494
672,313,19,15.043094,771
171,328,9,13.103727,1129
574,740,8,15.555635,317
145,495,11,5.733260,644
651,679,18,2.771333,1045
291,406,11,10.879194,355
637,469,7,9.563955,984
268,86,18,17.537679,1189
292,48,15,20.036231,657
226,195,20,19.323451,1059
667,657,12,20.385314,919
679,378,10,1.232714,585
328,171,18,9.915583,1175
282,8,19,0.755570,1141
320,434,19,3.433037,613
99,658,8,6.686291,678
103,105,5,10.916498,472
526,416,19,3.834914,926
520,463,5,7.674406,164
345,269,11,11.386336,594
670,613,15,0.826405,859
679,646,6,3.718204,1006
249,374,11,4.652954,1167
485,346,9,8.960016,430
146,673,15,3.712365,238
179,104,18,13.178834,579
663,353,16,16.861379,1039
88,78,9,3.081655,407
637,238,9,15.944297,409
612,2,12,18.055047,262
512,258,14,9.162346,167
125,611,5,8.064323,107
213,618,16,2.531028,716
280,664,17,11.952708,194
717,527,18,1.345705,664
176,697,9,7.417464,934
334,339,7,4.432287,534
246,273,14,11.419457,531
84,469,17,7.128786,107
27,360,7,2.526783,702
265,530,17,4.154802,449
125,228,12,13.178473,967
34,287,20,9.442537,858
149,271,16,11.871891,123
102,616,10,2.135390,1009
356,72,19,14.425727,715
718,192,5,0.965442,1040
618,286,9,4.444247,879
180,745,12,16.746405,120
480,85,11,17.185621,569
658,136,10,6.053115,643
704,251,12,17.085091,580
677,103,20,9.734771,354
458,275,17,4.690342,1057
594,714,14,0.390419,775
307,745,7,10.807986,250
391,473,17,16.640559,909
433,546,10,3.427508,113
397,394,8,1.731929,200
151,386,12,9.567321,834
31,32,10,3.780557,991
703,615,7,10.117932,849
411,37,9,1.608491,495
307,212,6,19.131225,782
464,249,11,16.129951,1008
240,693,19,0.778230,146
696,600,18,2.691257,1078
496,124,15,18.958298,898
498,612,10,16.794572,1139
189,182,7,7.416041,779
13,485,14,13.186548,248
668,203,11,14.055693,483
97,225,18,9.158020,169
333,116,10,14.016076,889
85,338,15,10.000463,705
0,679,7,15.978242,1095
73,3,16,11.098065,894
340,420,6,13.971096,1155
34,333,7,16.617087,311
535,705,9,10.512934,1083
506,141,20,8.385593,1119
693,15,8,7.488296,563
54,170,10,5.523093,1144
694,385,12,14.537203,758
587,243,16,4.442761,947
172,433,17,6.378166,498
648,741,7,15.591640,1167
72,744,12,16.524016,603
514,222,8,10.879763,373
63,340,9,17.183020,717
385,406,10,12.929980,767
233,289,17,2.299674,975
38,453,16,8.425824,1153
514,497,10,1.918770,159
135,656,18,12.284413,450
166,270,20,4.106231,255
11,649,14,7.253931,1137
530,252,7,15.538642,620
490,331,5,5.412243,111
531,272,16,10.808533,507
704,283,14,20.481397,871
439,570,17,15.704661,778
590,99,7,6.876921,971
506,280,15,16.520050,464
117,242,8,6.600169,1017
386,133,9,6.097770,1172
206,718,17,15.999129,650
561,421,13,16.573653,193
325,154,18,12.136460,387
322,732,15,11.042874,675
535,554,8,4.558593,472
135,427,5,11.064087,497
425,196,13,8.141013,821
281,526,8,20.297595,373
20,8,7,19.899352,658
720,606,18,16.577777,421
418,280,14,10.328349,741
504,113,9,7.271760,322
109,104,8,16.970892,1188
555,56,17,8.076176,784
401,590,9,7.270198,830
493,473,13,11.435686,452
285,320,19,14.737197,320
229,443,20,4.526247,1056
479,419,15,20.051728,1000
201,633,20,12.258059,770
656,14,9,8.173955,1094
682,269,11,18.906969,471
316,84,16,0.507499,838
227,89,20,8.132941,509
559,194,11,10.934591,485
574,77,14,13.728703,381
198,332,13,1.858850,578
531,185,17,20.133228,1032
618,174,16,11.676169,804
526,223,18,1.813555,106
600,23,15,16.950919,680
183,197,15,7.260401,998
380,213,20,4.768448,593
168,515,16,1.348456,1177
23,589,11,3.788862,856
392,215,8,18.011428,290
278,121,16,8.936404,105
621,64,12,17.065553,775
326,417,10,6.736369,1096
446,550,19,10.841879,616
745,237,11,19.346497,280
671,45,10,5.645998,198
579,284,19,15.024130,608
319,736,20,8.352629,287
440,194,14,8.232461,962
306,182,7,9.630839,594
316,192,12,12.930364,283
507,96,12,9.713654,706
306,232,15,13.206863,288
349,643,10,20.338873,407
488,557,7,7.271420,941
371,42,19,14.733108,987
51,674,12,11.200552,666
324,537,14,14.485604,754
409,479,8,12.486514,268
384,713,10,15.788816,764
173,595,5,11.665631,435
203,703,7,15.561010,728
72,76,18,9.657242,538
506,716,13,17.023158,993
344,669,12,8.076686,894
476,3,5,1.433774,785
495,738,9,20.252088,346
613,694,11,19.862543,326
675,363,12,16.487315,869
236,601,12,19.263247,741
431,308,8,11.085887,1088
454,447,6,5.471438,301
434,296,9,14.955549,1186
631,331,15,9.837241,635
590,648,6,9.843016,173
82,362,7,14.879200,1165
511,531,9,5.933328,735
657,453,13,4.762355,589
398,231,5,20.165512,890
581,8,18,1.946979,552
521,566,17,20.149092,356
349,745,11,1.142899,874
47,360,13,7.205995,1091
397,448,9,19.982882,313
330,0,20,3.371297,538
352,329,15,12.331002,950
535,7,15,12.927276,814
636,126,10,16.386820,536
280,163,14,15.424771,385
344,179,15,2.303034,1158
285,680,12,14.237786,507
46,2,17,4.537784,238
719,39,7,17.612565,400
622,541,20,7.076337,281
600,683,13,16.830233,552
22,61,19,9.917463,416
223,39,6,10.372898,505
627,692,19,19.237979,154
235,75,17,3.465467,915
50,624,16,5.914711,109
589,391,11,16.774276,1166
525,345,16,1.228164,286
534,327,17,9.580633,1106
120,353,6,9.246593,806
659,411,6,5.098631,787
50,662,13,19.371150,347
643,74,19,13.902800,638
395,689,14,15.403847,534
498,481,10,15.312652,815
418,9,11,0.766304,880
52,326,20,5.200193,628
325,517,16,17.157498,195
149,273,20,12.307546,394
462,315,8,10.420835,190
152,319,20,16.949529,460
734,289,18,16.273267,1170
597,201,17,1.112621,752
443,527,11,4.235288,968
66,503,16,16.731577,578
120,739,13,19.485196,831
322,17,18,8.626372,731
653,341,13,13.533684,1167
685,154,19,5.639381,1170
58,102,16,10.975890,334
280,273,11,7.342286,1050
291,618,12,4.546763,938
456,467,13,3.744727,177
439,550,18,6.331135,1002
124,612,11,8.751449,213
385,323,15,12.673121,176
654,672,11,3.163439,538
54,664,17,12.515393,830
742,645,13,3.987206,895
39,347,16,16.276989,1066
490,665,15,12.399806,699
180,549,11,12.096382,121
415,289,9,20.328045,1081
330,369,15,6.823779,794
517,332,20,19.579822,740
315,643,11,4.467552,478
667,283,8,10.232477,170
344,550,13,9.253770,323
163,325,11,11.150965,453
291,571,9,13.975434,1124
535,71,15,12.232768,862
475,238,14,5.199345,417
729,153,9,12.982155,588
482,123,12,1.933772,697
261,510,9,19.689589,817
652,147,11,16.232814,1094
739,258,8,12.946670,1019
404,240,5,3.997026,1079
112,76,11,12.900922,1126
30,477,18,10.936975,598
457,328,17,4.544430,598
329,710,9,0.369638,153
461,603,12,2.811273,945
98,302,14,2.193535,548
716,9,5,6.599835,703
267,658,6,20.198869,640
163,665,15,1.965364,946
141,383,19,13.944515,905
93,182,10,2.121844,877
136,422,10,8.482030,740
744,223,12,2.408487,653
5,268,6,5.500237,242
521,513,5,20.127319,691
559,287,20,2.741404,413
23,70,16,1.812260,1069
365,487,18,5.860559,993
514,266,11,7.770055,761
368,536,19,2.323157,570
574,448,6,15.520903,453
352,566,11,15.104208,883
23,292,5,16.998943,1129
413,690,15,17.034626,320
274,332,16,7.731372,411
748,359,19,11.985907,363
229,611,16,14.981107,392
466,220,15,16.899937,741
600,117,16,11.154903,532
266,201,13,6.760889,518
537,308,14,4.537621,155
505,320,8,6.940431,1128
362,8,6,13.480922,406
241,294,20,11.735960,1008
643,91,16,7.799142,176
196,644,19,10.952827,553
17,607,11,6.520990,1193
521,537,7,4.537067,513
585,308,10,13.927139,813
499,620,18,15.035089,983
273,373,15,4.875822,720
570,319,18,12.893214,1068
189,17,16,15.969900,288
86,307,11,15.330012,1081
465,213,16,0.309903,660
110,366,5,9.406984,921
21,496,17,17.337612,168
370,290,8,16.466878,290
151,589,17,9.434010,238
265,613,7,4.300807,915
616,707,15,16.906709,817
53,198,20,0.103043,147
138,402,12,1.357838,583
126,89,17,20.017640,785
331,304,10,16.767592,231
614,627,5,8.531718,308
583,741,19,14.214009,1160
474,59,11,11.799772,670
259,539,17,16.983351,1062
45,274,6,10.140136,746
335,198,18,11.935554,1103
614,639,15,10.373524,888
647,184,5,2.999040,439
135,662,9,2.431636,554
535,557,8,17.373557,1006
619,639,13,0.955398,265
384,368,20,5.276512,606
155,100,11,16.010952,1200
514,79,12,15.948486,425
641,173,17,14.917913,1120
619,282,16,1.074271,1133
247,735,10,3.226241,1144
120,87,15,14.230105,732
554,528,6,17.253223,790
421,137,18,12.046895,1048
501,640,6,11.286928,476
129,520,5,7.790347,206
574,702,20,16.753602,716
369,593,15,5.970797,1014
46,589,5,11.982750,731
119,61,7,11.100337,991
388,586,14,16.587565,337
140,484,17,7.771797,618
513,591,9,19.275697,792
307,420,6,1.634086,265
227,391,16,0.794759,397
13,676,5,1.807385,175
629,227,16,8.893477,275
330,205,15,20.469876,1193
167,702,17,2.345109,370
728,673,20,1.881686,226
35,254,19,14.042604,119
394,339,20,3.130020,136
541,48,8,12.349821,965
306,645,15,7.813004,741
38,170,19,6.858902,859
245,578,9,15.912778,697
221,537,6,12.053592,570
53,378,20,15.742946,835
522,31,16,1.755740,575
628,380,16,10.499576,548
21,307,11,7.837081,217
297,353,9,19.616264,854
534,359,10,4.152175,859
412,21,7,14.645720,419
337,187,12,13.247044,312
601,254,20,2.583018,756
478,585,19,19.380354,596
534,718,19,3.559078,1067
510,622,7,10.739376,880
640,725,6,6.372975,431
236,311,12,16.116060,1039
506,255,11,6.728341,365
729,274,19,3.749116,210
1,315,15,13.242841,137
330,327,14,13.744669,934
218,601,13,16.763845,1147
524,75,5,18.915690,1060
268,748,11,10.691883,127
218,21,9,2.953540,1134
132,316,13,0.610201,1136
220,595,13,0.042747,246
715,21,14,13.582446,667
134,236,19,15.429268,160
194,593,5,11.484895,476
656,331,5,8.176531,934
115,625,9,7.162937,950
709,439,16,15.124653,691
107,379,17,10.723958,1130
344,247,19,19.876224,1182
729,165,10,8.944287,255
366,197,17,4.979739,521
129,56,8,6.487993,320
177,422,5,9.385145,912
228,664,17,18.724702,696
154,123,5,14.029027,610
426,295,17,11.113050,403
522,139,14,6.484191,410
333,218,8,15.624894,647
179,148,16,9.540451,974
654,625,20,2.961102,837
684,610,9,9.432531,1185
37,338,15,15.468475,1054
204,625,15,17.225518,1031
282,536,7,1.019872,1104
328,734,12,6.624054,253
331,454,11,6.494714,384
204,450,15,15.736009,567
737,0,10,0.286589,606
719,377,20,15.852390,344
129,446,10,8.799227,292
729,336,5,16.277487,665
132,532,13,6.032060,455
695,280,5,5.266254,471
317,747,8,4.132783,1189
290,425,11,17.580050,1173
399,669,20,3.506898,241
426,293,8,6.721189,287
500,747,20,5.015943,915
487,647,15,18.445731,578
316,702,18,13.653222,811
601,230,8,2.754368,1188
121,92,12,4.587397,827
147,517,13,6.174432,1177
712,643,15,7.114302,543
535,709,18,9.961112,812
143,583,15,3.908618,182
241,372,12,3.172240,316
117,260,17,6.737089,379
463,1,19,12.313755,409
295,300,19,13.544181,1143
388,423,8,18.316073,1071
42,114,18,13.845684,714
747,415,10,12.298503,1099
413,516,15,7.793105,548
278,94,17,20.450038,1062
541,138,11,0.005982,116
195,431,20,14.139266,638
697,134,12,13.830794,638
668,697,15,9.515283,1076
172,331,13,9.739419,483
399,201,7,11.013612,1107
380,639,14,2.426435,375
576,585,15,17.065924,257
243,578,9,0.461855,375
450,623,7,4.107652,992
247,508,14,0.783952,599
416,308,20,19.582970,176
507,239,19,7.368256,1147
162,536,7,19.953614,318
306,633,6,11.222062,1086
548,336,7,2.318788,845
660,222,13,8.897459,152
45,631,6,17.416772,438
608,133,14,2.315636,384
700,253,16,20.044184,543
598,253,9,15.844526,819
157,576,6,0.829757,125
372,682,6,13.308838,769
90,377,20,0.949753,290
255,524,20,14.517594,193
174,8,12,4.550148,1178
295,530,14,7.349433,849
457,137,18,6.104812,755
253,388,6,1.019203,1106
553,135,18,3.800055,358
436,497,16,18.033253,1141
575,203,20,8.236466,800
290,140,11,15.381418,603
672,7,6,16.884146,431
99,196,13,1.225318,243
317,411,18,5.682943,338
58,324,19,12.181685,771
121,74,18,18.847751,670
622,346,8,7.550699,823
599,1,18,12.670937,945
424,269,11,0.717921,787
120,418,6,18.307635,1105
448,347,11,13.981245,230
547,328,15,14.505952,1074
181,42,16,17.669659,121
96,254,20,14.015176,843
472,357,20,12.999844,469
508,272,8,16.900190,838
443,349,10,9.906970,817
382,343,9,9.094934,611
394,412,16,16.793862,1163
446,472,16,15.423609,531
519,717,17,16.907077,264
459,447,14,4.059259,762
515,601,15,18.606601,733
211,44,7,17.067017,907
196,261,17,8.696348,1056
371,563,12,15.049128,809
749,195,20,20.287651,384
84,569,10,2.279266,1086
333,483,17,17.089857,246
83,549,20,6.755944,653
210,640,12,2.513048,1109
383,122,7,16.837592,711
32,509,17,11.419096,766
725,482,5,4.526513,986
391,226,13,1.442741,486
256,189,8,6.860300,882
93,154,13,17.599470,790
88,459,13,19.047927,514
207,273,13,16.189619,564
356,497,13,2.954067,137
101,365,9,14.989494,682
692,312,16,5.377238,1171
523,445,20,5.132009,449
396,645,6,13.597060,611
592,59,7,0.203109,229
605,421,20,16.845301,995
439,632,17,17.186562,214
599,253,10,9.562395,243
166,413,19,11.880149,119
172,125,12,16.896057,327
498,201,7,11.303764,468
707,39,13,17.149758,896
231,685,10,10.128587,694
393,257,16,9.510113,756
507,166,8,8.124476,972
84,104,8,17.015506,214
260,199,20,15.765159,321
680,329,11,9.218684,955
492,516,11,6.097536,698
169,374,18,0.304616,242
129,14,15,12.547238,313
518,486,12,3.439592,1058
465,526,9,5.110673,300
509,190,7,3.906614,931
349,321,14,16.863712,1057
222,710,11,8.105451,272
616,508,18,9.515167,722
481,495,13,5.375399,1119
669,603,6,7.530928,785
12,293,17,7.238831,249
315,522,16,3.385528,902
169,692,9,1.443824,1076
345,349,12,10.937194,1126
649,72,6,18.639831,649
10,591,13,6.854099,917
584,544,11,13.435622,993
628,442,12,16.483917,100
579,151,19,17.275158,978
449,492,9,13.521673,647
449,297,17,0.034291,1183
479,690,11,20.331951,840
473,230,16,19.689597,853
264,457,19,0.029756,668
510,727,12,5.260450,196
58,745,12,5.964633,491
334,85,14,15.888584,1135
129,251,18,6.075587,1056
424,465,7,19.856135,557
40,234,15,10.361610,289
747,161,13,5.810442,521
218,235,5,0.673894,296
177,315,18,2.616337,156
349,477,17,14.827071,908
246,345,10,15.256546,784
63,198,19,9.361872,1199
337,514,20,12.049766,625
64,336,7,6.145294,699
29,108,6,5.825306,1052
548,517,9,10.264151,1004
480,369,19,16.007224,341
295,642,9,9.292843,831
288,92,10,20.167195,995
405,1,12,9.547527,625
614,669,12,2.850418,1024
199,250,19,0.673395,413
102,445,12,6.483958,194
218,22,5,0.634424,1006
354,520,7,2.713310,916
8,400,16,17.816871,762
208,509,7,0.663045,546
553,710,18,11.937568,177
265,204,6,16.067582,485
681,472,6,11.516181,906
210,538,5,2.032796,367
90,255,20,20.091615,232
224,575,17,6.047029,273
275,366,20,17.384692,115
390,105,14,19.727319,275
14,396,20,9.145421,337
237,649,13,4.464425,440
715,275,9,6.224521,856
665,590,15,4.314493,612
368,659,11,6.220980,382
396,234,11,15.554096,711
160,694,15,8.215331,1187
233,372,6,16.946355,885
260,702,11,15.524020,210
735,747,11,1.616132,392
390,73,6,7.263100,199
129,427,16,10.860528,826
353,31,13,4.468236,149
385,141,6,0.247253,1178
357,727,9,8.698846,109
595,162,16,6.650072,710
194,327,9,17.878898,926
257,90,8,13.647299,550
748,208,16,19.784272,285
232,444,5,6.138402,982
49,406,19,9.132956,1081
741,89,18,1.201921,858
38,691,13,4.316621,918
212,447,19,17.086552,460
75,398,19,7.645786,514
310,428,14,11.327455,803
572,387,18,15.188394,235
376,53,11,15.463106,384
464,636,20,18.230835,258
364,319,11,16.903024,552
244,102,10,14.697107,512
448,121,11,8.865798,633
104,213,18,13.481238,235
646,423,12,13.099456,447
103,154,14,8.606197,673
569,478,19,19.888799,943
72,41,15,17.983113,245
551,426,7,18.556102,805
4,398,8,8.469749,157
542,596,10,3.236056,384
522,438,16,13.763306,376
461,82,16,0.200913,233
286,47,18,14.010425,1023
523,270,19,18.625412,377
548,292,14,8.578159,694
199,689,9,7.703912,1133
47,442,8,20.377974,623
138,454,15,20.236911,423
464,656,14,13.657253,592
487,539,11,1.488619,414
485,102,7,18.849091,511
657,697,15,14.488614,1082
716,305,6,2.429144,239
413,433,5,8.651137,166
266,739,17,5.292666,110
297,141,6,5.096229,955
575,547,7,16.175895,140
699,322,13,10.166170,192
115,2,8,4.143525,704
332,162,18,19.949999,757
507,271,17,10.320689,1186
521,616,16,1.787463,927
667,379,20,20.360095,347
155,496,8,8.081120,996
517,732,18,11.254894,1106
459,369,16,16.392088,285
472,149,10,15.688871,399
646,607,8,5.704994,1180
247,164,14,14.555498,1104
268,191,19,0.185657,867
738,113,14,5.314440,178
504,190,16,15.864693,917
76,597,17,15.271885,1181
649,630,18,16.357325,922
15,256,9,3.549645,720
365,163,18,14.505134,1183
584,325,13,9.974643,764
544,68,16,19.890407,1110
34,600,20,5.692881,993
435,337,13,4.594555,691
660,299,15,12.725868,1056
684,506,20,5.525214,1024
579,582,11,16.460923,1102
570,444,16,10.099184,1141
287,429,7,0.922060,433
338,327,5,17.028336,445
736,153,14,5.604708,854
144,166,20,5.126111,725
508,680,19,8.740975,541
671,11,9,7.778837,206
67,79,9,8.435019,1196
78,508,10,8.275641,293
220,721,6,15.999198,423
51,115,6,14.897766,172
208,318,11,2.569658,818
210,245,5,14.598165,692
207,16,7,15.921780,672
81,333,18,18.394399,795
712,717,6,1.051822,1011
281,381,8,5.281297,164
356,398,6,11.959872,1105
25,513,15,10.853370,308
235,665,11,0.599152,530
409,738,8,16.753240,1096
740,336,14,1.009965,724
48,616,7,13.482888,1051
624,521,19,4.588632,261
265,294,16,15.310591,642
474,279,11,6.333018,160
743,414,14,13.000453,785
212,120,6,20.104626,891
650,683,10,8.395194,549
228,326,12,13.816696,406
317,135,18,18.293998,981
614,574,11,16.654751,815
31,473,15,7.545962,525
122,496,18,19.989299,654
748,379,6,12.646113,363
47,9,7,16.064141,1017
612,393,7,9.067620,1095
697,392,9,1.188458,487
175,218,18,13.214447,454
167,569,14,16.741572,902
668,535,5,11.068722,106
237,229,18,5.882274,982
93,735,15,4.665157,370
353,306,17,7.528997,1061
272,228,17,12.099517,788
233,427,16,19.951421,843
243,114,9,0.047746,1179
449,524,7,0.069033,679
370,414,20,19.208537,759
75,722,19,5.493955,1074
687,267,20,11.259966,1010
396,616,7,11.450784,286
421,496,9,12.345137,108
5,25,15,3.511480,649
26,319,7,7.459466,600
114,693,5,20.187996,473
357,560,15,16.467738,803
264,641,6,20.133672,316
162,517,5,7.444142,109
164,742,14,12.227642,1061
614,30,12,0.326129,963
366,538,17,2.675955,459
132,611,5,9.083133,379
334,385,19,5.412435,1059
575,661,8,19.629791,606
634,247,20,9.718264,1146
580,328,14,9.644721,1086
233,73,16,20.312058,947
7,196,5,13.667217,264
73,108,7,17.549557,693
373,68,18,19.352537,821
226,45,19,5.931517,999
399,459,9,15.355762,135
498,35,9,2.869297,913
237,21,14,3.496042,959
587,102,7,16.410180,495
357,327,15,7.071575,616
245,115,5,13.789995,1162
290,397,8,14.618234,930
469,235,18,13.172320,1104
178,198,16,17.557061,411
639,147,16,1.048024,723
597,729,18,10.343734,798
470,567,20,2.734808,990
391,235,14,12.949281,835
315,464,17,1.874992,1087
442,674,9,3.412013,812
358,630,5,8.958917,1052
455,337,7,14.047391,103
295,216,17,5.028405,251
514,604,18,18.785219,855
479,23,8,3.622478,1181
636,22,20,5.828754,642
528,246,5,9.573256,1196
166,127,15,9.932040,140
244,481,5,5.858503,431
628,311,12,14.800059,1011
543,181,20,8.845239,870
211,705,12,3.549608,171
89,667,8,13.598788,1044
101,474,14,1.544016,329
532,557,8,2.269544,431
505,140,13,5.264514,1126
372,612,5,11.352719,1074
20,631,17,2.614672,823
485,555,8,19.477013,720
614,611,7,17.926722,135
588,521,9,6.421283,314
746,550,20,9.117914,686
686,543,18,7.984993,1090
652,586,14,16.646181,1179
323,344,5,14.625979,1006
605,195,9,13.845576,853
431,345,20,20.091660,525
242,325,20,7.369826,808
485,51,18,15.351070,406
357,699,11,8.836583,153
396,203,8,0.052558,1177
363,414,10,5.572723,946
722,95,11,1.784397,909
98,154,17,16.923340,388
368,10,9,18.309357,1015
574,572,10,15.446711,686
432,557,5,9.537168,120
265,117,20,18.233094,165
508,116,10,8.892946,1133
266,525,17,0.434899,918
548,537,14,16.675285,899
519,148,11,3.598356,671
32,422,13,6.976431,420
66,527,8,18.676279,147
729,385,11,11.072406,650
218,126,13,2.907944,737
179,409,13,3.440777,989
694,564,14,1.043821,979
536,468,5,12.111627,819
236,401,13,9.168230,1104
35,330,6,13.601480,1189
260,610,18,9.107417,170
418,466,15,6.097367,444
555,677,20,1.254669,1089
582,692,5,5.429013,1109
25,454,12,2.574699,883
359,637,15,20.490617,324
641,599,9,3.640253,141
216,462,9,7.328998,353
255,303,11,9.825223,931
379,642,14,19.254048,559
321,440,17,4.587179,302
295,67,7,11.524851,177
285,729,8,2.316490,551
669,548,10,17.037776,1061
413,358,10,14.029942,662
528,162,14,18.756070,628
718,482,12,5.420775,422
537,121,11,7.919195,401
158,556,7,19.589613,554
562,719,19,0.069444,1012
281,697,6,4.924010,755
15,49,13,17.390523,809
651,694,18,0.053601,386
163,225,8,17.001455,1186
590,663,13,19.954862,824
542,453,9,11.661662,680
513,206,17,7.951420,113
679,209,15,4.369328,594
171,299,17,8.960152,950
690,592,14,14.473812,1067
506,276,19,2.737695,968
346,623,9,3.671387,589
247,112,10,0.372852,640
486,442,12,3.547019,1149
282,350,15,16.329303,811
176,93,17,14.410989,350
570,149,16,9.074298,562
739,368,14,3.184126,766
4,14,15,10.514364,1130
371,639,18,12.408043,206
389,151,18,4.327339,167
305,143,14,15.987101,233
274,552,6,11.580384,520
261,284,16,10.172058,395
153,299,13,14.503958,1172
334,353,9,19.275697,1156
304,729,6,15.189076,464
704,176,12,4.320358,382
515,635,18,6.880835,389
268,647,11,19.856692,813
582,78,10,1.242494,564
567,35,14,19.852344,280
580,241,17,8.424788,831
446,583,17,19.589754,1090
80,62,19,15.945790,835
130,347,9,0.837689,347
443,297,6,1.433735,253
233,592,16,9.388867,327
746,575,12,1.242178,914
409,724,17,8.760049,652
589,176,5,17.911476,975
590,289,11,13.077050,494
677,316,9,6.979717,567
264,621,8,13.197926,989
430,557,11,16.474020,355
200,667,20,19.859581,1004
660,329,13,3.004660,1169
412,744,11,11.741555,422
265,337,16,0.811068,908
405,431,9,4.980158,374
5,595,15,20.063906,100
229,566,6,4.221429,662
645,502,19,6.649254,103
536,16,8,6.067145,142
298,578,6,5.279036,1199
250,424,20,1.752448,1190
520,114,11,2.024464,408
639,217,13,14.609249,1068
675,151,18,3.013349,707
377,258,15,13.104682,596
153,724,20,20.191432,123
580,212,16,8.518410,334
165,370,8,14.144235,860
359,225,17,7.368712,130
536,563,16,6.773694,219
742,621,10,14.727256,960
355,655,12,17.834261,971
504,46,7,10.066409,616
540,308,19,4.328616,960
440,572,9,10.081903,394
152,69,18,9.293817,327
686,538,8,2.487048,1073
421,94,10,15.388250,393
214,398,9,11.516882,192
381,210,18,19.659730,942
219,194,14,6.386584,303
160,633,17,6.771677,1001
163,478,16,1.031784,1171
17,669,8,17.833827,774
66,614,8,9.148190,1031
637,490,14,20.335473,188
119,296,19,1.133497,1064
29,268,19,16.776306,763
77,45,11,10.623419,831
394,464,11,14.044163,715
28,673,8,12.984065,293
172,103,11,5.912435,408
59,204,18,15.532447,489
63,735,9,8.500670,364
367,710,13,7.460247,615
178,227,9,6.154846,1003
738,447,13,13.886905,835
412,72,13,19.609219,796
560,623,6,18.147731,694
571,435,6,15.581464,1097
459,562,8,6.499886,151
616,137,15,10.756011,988
701,153,17,10.884186,665
84,377,12,10.664654,1190
653,388,12,12.969015,808
536,399,15,14.070945,1029
534,496,15,4.854624,891
410,552,14,9.940865,1125
157,736,10,3.100040,666
49,565,8,8.539957,406
749,9,18,4.618867,270
185,499,16,1.753349,553
511,147,12,4.369708,907
314,682,15,16.590487,922
632,633,15,18.139355,340
171,294,19,13.070946,311
470,338,17,7.199841,874
568,571,9,4.214509,532
529,19,11,6.069147,886
363,298,10,19.498276,864
165,689,11,0.226013,912
403,655,7,7.789065,745
364,356,11,5.695620,530
231,63,5,19.054775,1055
642,147,16,19.699449,418
419,25,10,8.650020,216
417,461,14,2.833717,352
548,23,17,17.340520,1149
169,508,7,14.632707,315
160,65,13,0.234170,464
212,98,15,14.898641,626
450,729,17,12.852637,489
110,431,18,10.722294,1044
289,406,7,5.595154,1009
555,24,14,20.236066,726
681,27,6,6.482386,254
608,3,17,3.759707,953
261,183,10,0.247158,578
683,98,16,10.196657,580
676,43,13,3.448261,327
181,747,18,16.549140,878
739,524,17,10.181901,185
348,538,13,2.022643,438
222,705,14,0.070449,544
277,348,7,9.971455,581
504,494,9,5.958738,671
4,587,13,5.640395,540
607,742,12,8.880498,120
139,20,8,14.431124,479
494,235,9,19.935728,309
275,416,12,8.477263,515
723,601,8,11.990216,1135
53,106,15,11.521148,1085
230,240,15,4.412609,653
233,50,7,13.909886,849
722,142,7,12.737118,511
748,97,14,14.151157,486
525,126,6,4.913572,620
286,156,12,11.555632,219
78,645,14,12.604442,703
732,660,7,2.315697,431
51,525,15,15.514466,899
60,306,6,15.558298,388
410,96,12,8.941851,607
308,732,12,15.134108,316
464,694,17,17.613690,774
16,29,6,16.323730,1029
20,186,15,1.089566,1070
338,65,8,10.303627,739
324,430,17,1.549118,981
157,628,18,7.184735,273
196,286,5,13.062504,1059
446,227,12,3.932285,763
312,496,12,4.967070,971
341,17,5,4.516992,909
99,171,17,2.961186,280
412,300,6,0.497191,998
280,526,17,18.726394,895
17,4,18,7.614184,726
514,578,12,16.317308,1096
444,364,8,18.522065,175
334,295,12,7.915795,168
25,357,14,16.482540,418
368,303,5,3.775400,371
230,45,12,9.973043,925
281,380,8,8.423701,758
162,255,7,10.163694,1169
453,638,19,2.786928,922
374,564,6,19.074517,223
628,265,6,6.257246,320
273,746,19,12.996016,285
428,466,8,17.352693,916
358,604,17,17.801708,718
25,409,19,17.383274,1041
158,307,13,19.054217,787
347,291,19,14.060864,761
590,667,7,20.293869,1048
397,539,20,6.153367,278
627,126,19,2.139605,381
398,307,7,8.576740,826
349,517,16,15.256131,1025
656,508,5,9.627828,635
622,747,14,12.367388,569
289,256,12,1.250668,1091
225,610,17,15.856466,681
550,293,8,2.258383,177
253,217,18,9.816825,586
717,41,7,4.155098,934
259,510,17,2.088721,745
635,191,14,1.219684,281
396,649,7,17.497667,792
310,537,16,7.157574,1133
648,633,19,3.293116,538
685,532,20,5.339088,876
383,703,17,1.771003,903
107,683,19,15.488573,511
594,587,19,1.443895,770
681,32,13,17.690545,435
15,168,12,8.036152,1128
703,104,10,12.971128,985
266,665,10,3.924166,260
670,478,12,4.242433,642
172,138,11,8.808705,1047
700,328,12,19.674374,451
570,311,13,16.289210,312
259,697,9,19.971661,155
263,140,9,0.506883,718
678,429,12,4.968621,1041
440,422,7,6.934506,958
217,378,17,3.524059,1074
578,87,20,14.010289,789
641,541,8,15.549517,489
411,512,11,17.191145,789
90,210,5,9.033460,987
27,323,15,2.807170,1005
245,569,8,7.560165,1153
182,88,18,12.174031,433
54,148,18,19.806493,1198
560,682,20,1.872640,786
78,626,8,14.670733,1188
356,696,7,8.909979,558
676,401,16,6.296985,844
79,70,20,4.693031,158
328,152,9,2.202256,807
559,529,13,7.363586,296
583,315,16,9.347082,1072
475,466,5,3.451574,1074
550,617,8,11.516269,970
420,27,8,12.173145,1012
359,495,7,5.769796,122
449,715,18,13.848598,380
694,243,9,19.720435,658
738,515,16,18.527623,178
26,629,14,19.517882,188
590,671,19,12.583558,859
241,288,5,3.458014,1068
739,594,8,9.867431,219
428,441,9,14.554443,224
481,667,12,16.505858,1151
79,593,18,1.631290,186
323,343,9,10.653479,1154
284,165,14,10.546988,1193
641,87,9,3.593132,618
674,2,16,15.891237,1000
349,330,16,19.626262,309
446,401,5,14.036025,260
601,357,13,17.103210,337
208,174,14,11.037756,714
546,50,10,18.627364,185
651,495,15,14.684439,962
242,553,20,2.219691,122
619,439,10,19.877444,697
572,584,15,0.433668,1042
60,555,7,18.464577,504
55,269,7,7.175382,440
341,706,10,17.152746,128
660,727,12,10.352010,751
236,739,7,5.246200,688
567,663,14,13.122607,619
142,41,9,6.210715,161
656,148,16,12.145742,338
499,699,5,18.128071,898
612,458,6,1.938288,404
368,289,19,18.556760,260
112,543,14,19.992146,910
386,191,16,2.591822,245
529,147,10,18.078842,275
357,107,13,12.408229,494
410,516,14,8.942999,608
282,507,10,11.041834,1176
230,225,17,15.872613,219
48,465,13,10.117441,143
573,150,9,13.665794,812
742,575,7,5.751333,1135
336,253,14,3.918472,278
346,161,7,19.657544,782
225,430,9,20.457364,395
462,385,10,11.596987,147
343,475,11,4.894844,161
67,527,5,13.170410,338
194,467,16,6.714320,265
326,46,8,1.390388,938
299,220,5,3.787281,567
668,276,8,18.200922,327
70,670,16,5.092746,753
434,737,13,18.484353,618
338,42,13,4.959958,282
226,218,5,10.242118,200
719,471,5,20.414482,176
54,271,16,7.304015,311
86,365,13,18.774825,941
408,92,9,3.873924,378
139,93,20,12.036894,476
684,286,19,19.443208,356
692,120,7,1.708116,1183
547,627,7,7.665473,806
685,295,15,13.784984,993
386,117,7,17.326325,131
702,626,10,5.302780,1160
292,193,19,15.640859,428
235,93,12,3.390080,463
413,230,20,18.665149,316
557,213,18,10.962974,645
9,118,8,17.848519,586
367,189,10,8.924116,317
31,484,13,6.246165,681
336,553,17,11.085735,522
484,301,7,11.632534,163
197,16,15,15.055969,430
484,103,10,18.673783,986
341,694,13,15.827088,446
284,24,7,10.687388,120
42,486,16,19.398561,118
97,530,9,18.827835,543
423,508,17,6.241271,366
151,124,14,4.277612,351
38,104,5,7.035240,394
588,513,10,0.575131,370
458,115,16,6.175841,1138
660,673,5,7.447592,476
564,439,8,14.299963,149
179,274,20,8.301238,886
587,418,15,13.865044,906
550,509,8,18.413463,353
671,35,9,6.420002,1165
622,186,19,15.115532,770
50,303,20,7.562400,174
529,471,15,3.768303,647
593,615,10,20.396266,786
324,621,14,10.149202,863
169,185,15,17.335945,591
375,404,13,5.199925,636
6,342,12,14.143260,786
536,412,18,2.665800,663
156,300,15,19.354853,772
602,322,19,20.124130,794
243,325,11,8.274933,514
452,626,10,16.131781,768
436,306,15,14.331313,724
393,184,12,8.981749,416
372,675,13,6.976229,435
386,267,11,7.465353,876
207,14,19,14.419143,181
189,309,16,12.853830,174
238,326,18,11.512216,419
476,387,9,15.884905,130
689,296,10,18.197795,972
525,281,17,15.948520,1020
144,351,8,19.464735,415
188,351,15,2.385863,301
577,713,10,19.747538,1160
519,422,20,14.695928,129
635,710,6,14.872516,1088
435,491,17,1.757447,873
55,471,16,11.869325,590
538,49,19,3.985803,826
507,536,8,14.733809,576
611,163,14,0.779928,909
188,252,7,8.081744,572
654,421,10,2.568682,390
685,540,18,3.817036,610
658,722,18,0.610570,251
486,404,7,4.052219,1013
358,216,16,13.945659,289
596,360,7,10.927425,1086
28,225,9,8.588873,165
11,371,19,4.356829,166
93,736,11,5.484295,677
368,683,20,10.655048,755
11,732,5,9.015863,1197
632,187,11,4.317750,924
252,357,16,2.731562,795
258,489,13,14.231471,1018
629,288,8,3.107378,223
534,590,15,13.646807,348
288,570,7,15.564479,839
31,152,19,12.541474,167
601,293,19,13.108658,291
463,423,8,2.508976,1128
402,485,10,15.907327,838
155,144,18,17.149847,578
628,739,9,17.999866,881
457,33,10,15.072038,408
288,69,5,16.230642,454
440,577,18,0.247627,787
104,735,20,6.395785,455
96,718,19,8.910670,707
380,350,18,4.172383,1078
95,472,6,6.668463,1109
540,129,12,8.426115,426
349,723,9,17.503847,1036
659,593,10,13.842962,695
300,716,17,11.898749,199
19,242,18,20.331420,353
307,339,10,7.053947,267
558,355,7,14.885709,993
133,470,14,0.038661,519
410,613,10,19.992656,955
196,706,7,12.169722,450
569,99,13,19.968593,416
639,83,20,11.369149,956
30,306,18,17.557490,727
707,521,20,5.769859,982
453,11,14,1.244872,741
273,348,18,12.668378,960
402,369,5,6.743455,783
629,560,9,3.723917,1080
467,702,18,16.893069,1054
232,512,6,6.922607,608
543,503,13,4.755276,388
482,12,14,16.123460,135
701,461,16,13.597385,1194
208,79,19,20.230955,214
549,601,7,13.168056,882
319,509,13,14.734697,427
78,141,10,15.397898,955
185,605,15,13.158443,186
375,12,14,4.373756,600
330,440,8,17.837475,636
343,574,9,10.835271,577
126,110,12,7.932972,1034
447,160,14,3.881839,964
560,709,10,15.801879,199
586,630,13,16.584442,833
725,614,10,16.226710,480
408,322,5,17.321073,492
240,310,20,11.963570,960
458,188,12,12.335191,1142
306,169,10,3.009834,1031
417,246,11,0.387018,252
678,129,9,10.484084,781
431,266,13,7.896017,397
496,81,8,16.450023,549
473,534,17,4.194666,828
231,14,16,8.913513,593
297,727,19,6.534806,155
252,727,8,8.520796,1069
694,128,9,5.892918,297
572,492,9,14.651093,998
550,350,17,11.277347,456
147,420,6,6.304564,973
224,419,7,17.739116,905
101,570,17,3.555658,1070
313,735,12,12.059777,595
267,266,12,13.069731,744
712,744,9,13.386578,115
61,472,15,1.756708,510
679,280,6,4.346080,441
394,330,15,4.182722,280
251,654,16,4.331438,207
147,622,18,12.941346,712
90,290,18,13.914776,1007
71,283,9,8.333439,878
325,36,12,4.307601,464
735,518,10,16.629563,1115
195,695,12,6.549423,992
143,489,14,11.476445,296
295,664,15,18.866186,919
614,496,16,17.950299,960
247,682,5,18.316359,1077
744,526,12,4.039138,1190
537,47,19,19.774675,190
628,122,5,5.608793,336
51,389,19,5.612604,124
266,625,14,12.107644,723
257,456,14,20.109305,456
283,661,17,4.545777,276
196,209,19,8.041716,656
65,532,19,15.917835,545
128,251,10,10.896378,709
51,467,8,2.322713,473
94,340,16,0.994911,794
352,258,18,0.123867,302
613,458,6,2.621959,1104
157,384,12,7.174906,800
335,668,5,3.998704,900
220,156,9,10.763426,596
633,269,15,5.795239,756
34,430,6,4.492203,538
668,356,15,11.801561,982
165,132,14,10.766968,758
373,416,12,14.920985,831
386,706,20,0.509999,126
309,461,6,19.211290,1111
736,611,16,9.302542,1032
36,617,12,16.109974,1108
273,385,17,10.146284,140
364,716,5,7.706147,969
590,708,7,18.165869,334
602,643,15,17.760012,681
579,648,10,7.722167,571
473,480,19,11.882064,635
384,235,8,14.251741,103
331,446,6,20.369829,1150
369,348,9,20.496420,1074
308,709,15,4.641563,870
228,717,7,19.995485,409
516,482,5,1.683187,310
527,120,7,4.077679,189
579,727,7,1.090340,1058
400,265,10,11.000303,339
29,586,13,0.206011,224
742,730,13,0.942131,593
39,609,14,7.546242,274
179,425,17,5.606886,436
267,450,14,16.721682,426
62,70,20,14.279092,351
124,13,18,8.463138,1164
219,202,17,13.067750,828
9,94,17,10.258580,525
14,578,20,1.385596,823
388,450,5,14.122860,807
682,227,16,16.610874,483
731,265,13,0.062752,508
173,374,7,1.329493,456
445,542,15,2.019002,329
314,39,9,4.955871,955
718,720,17,6.665255,211
180,577,20,8.530475,587
70,124,19,17.472817,969
254,276,11,13.005022,213
722,492,6,0.722831,616
345,613,8,1.536738,978
185,462,15,8.068231,215
120,495,12,14.873332,555
519,506,18,6.846412,493
19,254,9,16.176337,865
443,435,12,10.273370,973
574,136,5,13.541010,986
98,170,8,16.177414,1118
525,231,16,16.242183,839
371,483,14,19.553372,437
465,493,6,7.202157,890
428,655,16,6.696960,122
312,517,5,3.914278,993
609,32,14,14.995184,423
182,394,9,4.242832,320
93,320,7,12.314359,466
214,534,15,14.478950,805
441,692,20,17.310923,467
362,478,10,10.167852,877
351,197,8,9.952748,280
158,559,17,11.276201,524
645,290,8,2.058028,260
334,149,11,19.393027,179
99,9,11,11.901425,1109
313,326,16,12.682109,854
96,397,19,11.777499,362
137,719,20,13.549424,106
681,527,18,5.440824,816
617,478,11,13.704997,754
652,212,13,5.051761,486
71,434,19,5.348708,250
279,165,18,0.939543,163
558,480,6,6.323557,987
722,545,15,6.502620,645
496,162,16,12.684782,320
410,543,19,1.498201,188
316,528,13,5.549320,122
34,692,14,19.850436,229
255,662,17,12.389115,395
684,355,5,15.783978,537
364,574,18,9.690930,658
228,312,16,9.256271,480
322,669,9,15.427780,208
112,70,9,9.434775,658
419,306,14,11.403761,804
450,391,19,11.911813,1010
229,397,8,4.653585,929
173,28,12,11.331005,337
269,725,11,15.442305,202
618,432,12,1.501315,143
147,439,19,10.169629,859
654,46,5,0.284871,105
0,100,14,1.749476,819
222,247,18,12.672417,743
309,467,18,4.255680,1187
315,45,14,14.537506,935
361,717,13,3.624359,810
606,88,14,15.592934,1102
372,711,12,9.003826,690
9,406,11,10.133051,492
451,249,8,9.531644,316
449,16,8,4.689396,242
194,8,11,2.824072,732
423,458,10,0.231729,887
35,695,14,5.433739,701
285,400,14,16.265825,519
641,614,8,0.408602,116
187,404,17,3.484461,1081
622,748,14,14.738319,942
586,628,9,5.051174,735
288,392,15,3.833788,360
33,277,19,18.177653,871
645,33,16,12.303898,166
709,185,7,17.549130,259
92,8,15,11.425210,1162
347,398,6,2.012919,873
187,176,12,19.947922,332
205,209,5,17.641374,357
3,202,18,15.788000,1153
629,100,15,15.945275,338
499,558,6,14.680410,486
321,196,20,19.807909,197
481,230,15,15.888273,941
446,388,16,0.611902,398
89,27,11,8.814561,1034
418,441,19,3.844984,615
321,720,10,12.526759,851
127,426,12,16.347311,157
75,489,20,12.820264,240
485,22,10,10.179701,680
465,418,19,2.542853,201
389,220,9,19.410281,645
404,610,11,0.249900,954
661,281,15,11.228607,388
449,352,9,3.289521,891
124,274,19,20.041379,207
31,392,15,7.698748,873
642,284,20,18.978600,177
94,243,13,4.951348,537
676,222,10,3.172756,1158
288,434,17,0.386803,588
599,526,8,12.809644,469
365,160,19,11.234505,588
452,631,13,16.230599,315
547,535,15,11.188018,418
9,86,8,4.990783,717
512,374,16,0.618139,479
109,720,5,15.336136,594
429,447,8,7.262151,328
734,15,6,6.587332,951
476,226,20,20.298140,1159
104,299,19,0.024552,495
554,69,7,12.013943,445
145,70,19,1.689568,724
80,538,17,12.607130,1139
569,263,12,9.029406,953
252,126,16,15.567931,398
291,537,18,4.514632,1178
113,629,14,0.089747,624
513,160,17,19.459401,286
94,372,19,9.050760,449
342,298,6,14.524450,950
283,441,20,2.462571,1021
67,659,20,4.895986,1086
14,568,13,1.411054,1190
122,446,7,8.190835,475
325,480,15,16.138394,945
657,220,6,17.533400,619
157,744,14,4.724051,796
479,84,11,20.018951,871
226,8,7,17.386537,235
287,689,11,5.878166,616
502,373,10,16.058785,325
420,657,9,3.735078,1095
431,79,6,6.339093,872
646,591,5,7.350570,662
77,402,15,5.824841,1160
6,648,7,14.335495,872
289,566,20,14.390879,612
323,547,12,6.336309,122
426,136,15,5.001490,362
391,97,16,1.359895,891
744,641,13,10.568630,144
260,106,11,17.212392,498
489,478,12,14.311709,869
478,552,18,6.742352,161
372,726,17,16.463031,1021
277,265,18,1.773900,650
187,464,8,2.243312,394
172,378,14,12.769484,1067
478,554,16,13.914243,137
132,241,11,6.034195,1175
426,373,11,16.076832,1026
508,350,7,3.610095,1110
124,568,7,9.484560,1136
533,437,15,15.564421,573
638,446,17,20.283549,1033
515,352,20,17.294777,330
711,742,5,3.399630,227
116,690,15,13.160536,503
224,337,9,10.205565,1043
662,720,10,11.465161,205
175,465,11,14.046049,426
730,136,17,5.558811,963
95,181,6,7.935936,331
422,333,16,14.954723,237
325,438,20,5.458733,1031
622,357,13,9.844822,711
177,458,9,15.890738,126
503,104,18,15.284878,781
192,419,9,10.458092,560
190,137,18,12.813429,899
286,479,9,5.513098,844
149,81,16,19.547192,629
275,191,9,15.350874,1082
21,607,19,3.557209,227
586,89,8,8.338348,1057
494,86,14,12.857436,902
91,7,6,2.023024,181
109,65,10,9.235168,1034
160,299,19,4.898441,716
264,395,10,7.418392,452
490,89,19,15.877781,419
395,174,12,18.050126,743
271,522,17,20.197322,140
474,58,15,5.678802,154
254,509,17,7.608720,819
129,248,13,12.858980,1032
257,274,9,15.330767,432
343,121,13,5.913967,255
12,164,17,7.505483,1163
592,68,16,8.424551,200
266,243,5,14.027461,565
275,211,18,2.725599,592
233,187,10,9.434868,246
136,357,15,13.278205,467
409,347,12,3.784650,243
70,136,15,10.076982,1119
362,336,7,0.960870,535
363,232,6,0.894472,716
124,616,19,9.132649,922
88,537,17,10.912578,486
190,589,10,19.865195,984
190,377,15,14.379729,984
238,270,8,3.857337,162
551,147,5,6.242821,438
310,391,6,11.532225,347
236,556,6,5.419808,449
3,717,14,18.857863,702
397,276,7,8.151025,428
712,420,10,10.588132,978
610,5,13,0.636195,390
614,412,17,8.014481,1029
372,23,7,10.801002,205
134,49,11,16.482341,197
712,512,6,13.848917,1165
506,0,18,16.786017,512
41,713,19,15.595319,215
82,273,12,19.930970,1089
204,120,10,3.976709,805
416,272,15,4.511061,781
478,2,13,3.759291,235
29,447,7,12.371478,145
2,586,5,16.192102,600
52,237,8,18.800635,958
364,63,18,6.912030,127
368,103,12,16.623832,759
148,176,8,9.126177,119
380,239,20,19.850216,862
275,120,19,1.496014,424
68,459,5,17.566050,486
545,353,15,11.069273,622
252,198,5,15.912269,106
349,267,8,9.270922,701
14,417,17,11.891973,216
57,480,16,9.591499,578
104,365,17,1.988448,783
114,543,20,19.946464,639
645,360,12,12.059010,1137
510,624,6,16.727474,775
119,95,10,0.973001,1176
462,712,10,10.055652,755
11,532,11,3.664261,399
195,623,9,4.459900,335
542,51,10,9.330355,114
55,239,9,15.711720,668
176,164,17,1.235033,395
332,547,20,16.151788,714
579,149,8,7.605089,916
542,236,6,19.826692,982
390,731,12,19.780612,651
93,622,11,14.693469,608
298,679,5,11.832849,1180
140,426,5,19.105266,868
441,73,17,12.741229,736
552,537,19,12.705136,966
592,252,12,7.799688,508
60,734,15,4.284875,196
506,304,12,18.489525,1180
527,319,12,15.647436,1114
502,296,8,0.725482,569
243,6,9,1.791429,326
676,125,13,18.144695,1144
368,263,19,7.452079,767
558,611,13,19.605094,532
254,227,10,3.366925,1153
230,453,19,1.058320,920
653,378,18,3.740033,564
93,488,19,9.621160,1167
713,416,5,0.200043,514
259,426,13,8.583590,259
78,58,11,8.485252,785
141,255,14,12.720849,993
277,291,18,17.487261,603
101,668,14,12.704194,464
489,388,16,8.723989,445
274,400,9,11.839780,1030
519,337,17,4.325285,880
25,585,6,12.452964,239
270,174,11,13.164858,987
603,530,6,19.130331,849
336,263,15,15.741176,461
710,609,9,2.409092,681
376,472,20,11.543671,355
294,246,13,18.211142,738
692,246,14,0.440663,930
571,644,18,11.229774,1120
208,678,7,12.866624,241
499,715,16,0.687133,1147
540,238,12,10.126433,229
152,162,5,11.091274,785
606,455,18,0.785244,1074
105,299,7,0.264941,1154
369,605,15,10.129917,669
138,681,10,18.764779,105
5,479,20,12.522925,596
257,584,12,17.545472,1062
560,379,17,8.424427,517
267,634,8,4.035206,711
97,108,17,1.553993,339
540,590,14,19.215325,1183
59,237,9,11.593453,100
141,196,9,10.380452,812
247,175,9,0.180791,699
55,720,8,9.996188,746
77,600,7,0.117632,1092
395,173,7,12.910712,570
167,430,15,6.411570,1008
130,516,12,17.798088,306
333,96,9,4.572714,493
483,9,20,19.375649,575
369,202,12,18.817179,880
108,161,19,7.685499,1121
8,436,15,3.461310,500
500,183,12,18.763347,1170
221,456,11,9.384466,179
272,433,12,16.232685,134
98,338,19,9.716714,1178
152,433,19,14.846643,1092
519,249,18,5.951133,264
117,716,7,11.392211,458
570,533,12,17.736510,1010
578,122,17,6.648888,512
580,334,5,9.393882,364
456,411,5,0.320348,1130
292,515,14,5.941356,438
482,137,13,17.315203,923
52,53,11,17.287946,304
143,187,10,19.484676,807
665,71,5,3.977671,454
235,473,11,2.358827,174
478,452,17,6.525210,774
665,173,15,10.098272,972
230,364,11,17.031123,1075
669,21,8,10.404560,930
110,288,8,16.716020,701
548,747,11,2.990812,722
397,490,13,10.062171,700
226,703,13,0.457691,502
740,701,17,3.237807,466
701,2,5,12.432131,1087
666,664,11,10.944852,840
172,542,13,11.655503,446
438,431,9,10.108909,1119
717,583,12,0.381184,880
739,192,9,4.317755,936
454,125,10,7.561476,776
516,391,20,1.039880,477
581,562,16,13.142048,165
168,689,5,5.724419,1125
70,654,10,16.306736,1114
9,164,5,6.630878,859
40,51,8,6.633971,143
347,711,20,16.479905,883
175,65,5,1.789102,1071
532,121,10,4.616165,1066
162,357,14,3.417404,1003
441,11,16,3.517820,598
84,467,12,9.662480,617
28,21,7,20.085189,1113
464,595,14,15.046533,610
556,229,9,15.231487,100
641,266,8,6.896231,487
608,434,10,7.112088,199
363,435,13,12.658458,586
654,151,19,12.604476,365
14,627,13,11.177542,190
398,539,13,3.394748,354
30,653,15,7.434984,273
299,96,20,17.030121,369
665,60,19,1.628078,716
449,304,8,12.895828,869
366,474,8,4.845242,1160
48,552,16,4.711636,478
122,238,17,17.827803,313
585,488,8,19.273190,674
117,475,8,20.181856,573
244,432,18,3.690861,475
595,156,15,5.745916,924
506,117,16,5.072760,450
18,86,5,7.322331,353
446,701,12,17.140797,870
2,340,15,18.833249,310
714,675,16,7.811451,546
433,60,6,8.792743,725
179,66,20,10.087171,521
631,722,11,17.226824,534
587,659,15,3.520615,351
683,494,7,3.858861,437
36,172,6,12.229397,531
392,397,9,6.888925,385
731,38,10,2.594258,619
170,546,5,9.968057,984
259,158,11,17.640279,602
384,266,9,15.838910,696
587,714,20,8.311597,628
443,313,20,12.808886,651
368,196,5,4.547514,1040
492,386,11,7.040675,973
656,725,14,7.187525,108
316,210,7,3.215477,107
527,315,13,12.331169,467
63,285,7,10.083590,803
133,488,17,4.046695,272
254,58,19,10.718742,734
55,691,11,15.133529,864
28,610,16,11.750209,197
434,65,10,5.169625,405
146,374,13,3.360450,583
738,280,6,16.572850,741
52,399,11,1.659157,947
172,714,17,12.498883,523
391,706,6,3.147048,818
166,75,9,19.681285,911
499,239,7,16.331715,903
79,171,14,12.175954,648
533,60,8,0.021061,863
532,604,14,2.903855,464
578,695,20,2.578116,649
331,97,14,9.926001,1122
578,310,9,15.642623,472
633,529,13,9.116673,1074
615,740,5,17.362850,1055
272,235,8,7.070136,212
13,9,9,0.366820,583
469,553,12,17.231433,347
369,30,13,19.923242,687
208,454,17,2.387799,220
693,222,16,14.688302,1153
529,155,15,10.788512,167
395,194,20,19.954352,656
146,501,19,1.282584,606
657,535,6,1.233060,586
574,421,13,7.011973,364
379,509,18,11.704982,535
729,664,7,1.543619,1106
491,490,17,15.228837,1030
396,143,15,17.703373,1141
164,284,16,8.899867,628
569,29,13,12.687120,130
132,6,6,4.647355,805
88,209,16,19.478001,305
8,669,14,4.364234,1046
349,156,14,20.204276,623
54,20,15,17.648556,502
24,592,17,19.102182,233
732,746,12,4.550689,604
235,64,18,1.075177,1064
445,267,6,10.257362,700
15,420,14,3.444841,399
493,629,15,9.740470,419
27,731,13,17.582782,760
426,683,10,2.559528,878
699,611,17,3.625633,1139
503,609,6,0.210506,1104
712,252,19,12.682748,194
533,438,7,19.487078,886
172,400,13,19.808893,109
97,119,6,14.132700,1027
7,564,6,11.026262,683
507,542,11,7.164040,625
730,168,6,19.830794,1161
668,290,11,13.019297,778
283,143,13,1.013631,272
439,53,10,4.563732,1018
702,0,10,14.856548,173
378,271,7,1.253544,951
495,590,15,11.064528,933
280,703,14,12.078568,507
445,11,19,10.334583,715
548,494,14,8.584573,749
163,146,14,14.929647,234
258,745,16,7.461344,1068
100,665,8,8.681863,194
589,534,11,7.925896,297
379,31,16,13.899502,328
626,359,5,8.754036,342
40,281,12,6.720835,536
187,112,10,12.135386,842
346,684,8,12.095406,620
86,38,15,7.914151,898
327,333,15,0.130155,347
276,629,14,11.175958,845
534,612,16,6.934510,104
15,296,19,8.364459,343
339,86,13,10.839435,291
131,305,19,15.433993,258
531,148,8,20.273026,1118
445,432,11,0.941969,143
560,589,16,17.518457,801
667,13,14,15.267664,321
452,153,10,15.677796,1194
142,23,16,7.109914,516
525,716,16,4.365432,667
665,474,6,10.132605,905
214,324,11,11.021641,262
124,364,5,19.563769,950
500,72,5,11.755283,123
329,400,19,13.028398,1128
687,683,8,2.976746,859
219,395,12,19.561983,729
592,111,16,7.107478,1083
143,370,13,6.690049,860
398,692,7,16.896761,360
61,194,5,2.557079,548
499,0,19,5.236815,856
482,198,9,6.442055,362
150,99,17,1.486896,598
200,244,20,18.384888,1163
295,492,9,12.412904,1070
402,467,6,0.212344,1197
723,86,15,14.433930,869
158,327,10,16.997577,230
702,175,9,6.040162,371
266,576,6,14.348420,479
595,685,9,19.482890,1112
703,657,14,15.586404,442
78,622,8,16.005848,283
174,742,15,6.221683,1024
498,691,16,12.551638,421
13,288,13,11.841000,723
44,697,20,11.883768,1185
96,679,17,0.610663,408
390,422,7,17.280023,752
491,318,14,5.747540,735
93,73,20,10.209512,875
188,563,10,10.907148,116
638,195,19,18.463828,628
686,382,6,16.206269,682
657,729,20,11.511783,283
186,237,9,12.991802,797
547,594,16,2.729470,360
17,424,19,1.361913,437
681,499,18,20.488598,831
412,571,9,16.097165,446
573,494,8,14.325947,947
428,657,19,9.767843,358
420,12,19,7.050457,698
502,49,18,18.778165,367
184,153,18,10.191308,223
529,215,18,10.216441,693
549,245,6,18.194959,1198
507,439,6,1.672019,572
432,268,14,9.240925,319
313,636,18,5.278700,655
120,560,5,2.085987,620
425,726,15,12.274657,697
14,131,11,15.039319,1102
348,615,18,4.254267,436
21,520,20,8.265841,336
622,280,20,18.115937,595
126,149,19,17.279774,497
412,736,11,11.108077,679
209,508,9,0.594753,554
674,688,9,13.275752,929
119,330,19,3.419972,726
336,665,9,13.967350,611
718,425,13,6.701534,200
709,38,15,4.232323,363
31,185,8,18.006426,427
620,90,8,13.869103,1019
180,632,14,14.497406,950
276,236,10,0.672010,568
486,675,5,14.051491,967
719,121,15,4.201457,114
164,376,11,6.151994,1094
643,645,20,14.562428,1034
576,536,10,15.576564,172
681,701,19,2.393718,514
688,110,18,2.462164,676
511,26,9,12.587738,950
492,316,11,18.120462,605
714,209,12,15.416915,904
55,161,11,14.789127,1039
188,434,20,7.127739,1018
470,644,15,2.136715,836
125,421,5,11.994854,1027
640,370,8,11.391612,247
143,684,13,14.136824,1029
433,291,16,14.241781,694
297,631,19,9.753573,1050
516,344,6,15.953116,1058
480,168,10,14.899013,978
152,520,8,6.559745,938
356,5,18,14.503200,815
111,130,10,13.329886,680
300,106,12,7.721988,717
93,36,18,14.717556,1195
321,93,8,10.825694,404
745,264,9,17.726858,1164
82,170,18,14.298987,550
438,222,5,9.924583,990
594,609,8,14.305691,761
436,430,11,8.211213,154
556,23,7,15.641650,1091
154,310,15,19.795721,1132
122,614,6,3.102425,842
492,658,18,6.458480,873
208,558,9,18.358303,663
745,241,20,0.145392,367
455,273,8,1.564550,679
663,235,8,9.362975,398
729,10,11,19.689928,161
644,91,9,3.611146,950
590,372,15,0.640891,240
544,568,5,6.452774,344
447,167,7,3.817105,317
283,480,17,8.131369,720
719,463,17,9.566704,227
54,178,16,3.054785,947
684,434,19,14.234533,963
457,332,20,15.643755,1012
24,105,13,12.948329,912
360,631,15,1.877784,550
700,591,17,11.141385,790
426,711,8,20.462566,1052
330,30,17,7.255540,390
2,713,16,4.636531,1054
59,346,18,6.113708,144
487,454,16,11.330817,191
341,547,19,0.124832,880
463,306,20,8.868843,1148
517,709,17,16.681390,284
273,632,18,20.198965,610
508,46,13,8.910853,1078
628,513,6,14.479498,536
349,452,13,3.445458,1128
706,204,6,2.348047,656
342,703,18,13.465874,1022
35,409,8,10.464776,764
77,6,7,5.986444,716
606,238,20,2.932892,1062
702,241,16,1.808275,593
659,177,6,3.618383,529
680,628,17,16.165349,213
395,110,16,8.305745,244
147,79,18,17.474563,1198
340,297,6,12.284141,791
625,283,19,9.801940,1193
423,689,7,12.073452,440
561,373,17,3.224698,995
350,62,15,13.584986,542
705,27,8,3.204632,287
539,89,12,8.837218,533
122,209,19,12.681226,548
270,559,15,2.106669,891
387,48,6,3.481986,972
468,707,18,17.036245,700
601,604,7,10.727076,379
552,624,8,16.304136,792
673,120,12,17.623260,879
52,660,17,0.914821,656
601,585,20,18.601195,934
339,98,12,3.964448,1170
444,206,18,12.172930,247
194,132,20,3.407489,347
7,659,7,19.103342,637
592,189,12,12.609432,974
417,29,16,18.665874,731
255,99,5,14.109960,971
119,125,15,18.263373,350
562,198,13,2.156555,240
51,361,19,11.340968,611
500,560,7,3.887959,848
336,720,12,4.762897,149
160,91,19,7.052097,722
595,227,16,18.277799,980
134,667,10,3.382551,476
110,405,8,2.154693,220
498,606,16,0.301022,274
369,531,18,10.370038,597
738,77,16,11.609668,554
418,689,5,14.565957,644
407,350,9,3.230299,558
345,116,15,10.249546,515
170,281,14,5.955264,134
336,643,10,18.403093,488
720,616,10,16.841883,111
590,381,12,10.586144,298
147,391,7,10.573509,791
107,30,7,3.962742,1196
386,730,15,15.711211,269
378,591,10,8.177261,356
108,589,6,3.001649,893
591,349,13,9.487194,614
223,385,13,13.345408,165
573,83,8,0.533985,127
95,606,13,17.058456,1108
448,740,8,5.853027,1033
433,434,19,6.719106,1178
474,89,12,16.025012,399
733,562,15,2.786537,1080
216,681,16,15.662774,589
704,217,6,9.371436,944
219,330,14,13.615223,804
123,222,16,6.670072,255
535,144,11,10.075599,699
264,12,8,0.921372,772
584,507,6,8.842019,1087
657,190,16,4.792467,283
627,136,20,15.336150,348
113,252,15,9.790322,981
284,723,19,7.183324,410
704,193,19,2.780731,215
456,494,14,8.055465,349
187,581,10,9.624551,1128
177,496,13,2.671058,658
135,224,6,16.268800,1151
513,321,9,11.871382,292
362,539,5,12.095820,139
263,662,20,16.093577,1133
737,609,15,17.692105,872
730,69,19,11.929722,552
614,518,16,20.092823,1062
502,264,16,8.611060,219
54,586,6,3.266328,733
490,284,7,5.451893,314
457,325,15,10.023963,413
562,537,17,8.219154,648
290,738,17,10.008703,1134
239,605,6,2.201862,878
105,444,15,1.871747,802
116,29,15,18.684260,168
247,369,6,4.569405,1022
453,170,5,5.573363,312
198,654,14,18.805456,1074
50,274,6,3.569741,967
340,560,7,0.984496,1006
453,256,12,14.115286,144
468,567,19,9.571631,941
668,613,16,12.290195,384
283,522,19,10.083184,951
309,165,15,16.855721,1129
270,31,10,13.691160,237
748,88,11,9.686960,1027
390,680,18,11.731931,443
558,625,19,17.700235,1030
662,127,16,15.301039,497
185,428,9,7.763727,194
206,33,11,14.660181,1172
18,409,8,7.287785,130
379,279,10,11.877744,914
516,327,14,8.805478,696
169,210,13,15.099692,870
204,576,8,13.416968,213
413,603,10,12.275114,1124
219,254,8,11.292324,865
238,371,10,4.559783,722
390,727,20,18.998287,452
379,369,12,5.068313,551
472,386,10,8.849105,245
176,347,15,13.753530,415
88,65,8,15.029713,987
199,550,9,4.296424,678
27,510,16,7.134652,193
275,450,17,10.235367,655
15,684,17,19.344597,1105
154,610,8,14.276101,887
258,651,16,11.764615,281
515,570,7,17.762688,318
282,57,12,11.029045,513
727,124,18,17.919088,179
41,305,12,19.004424,941
633,32,10,14.531676,135
741,627,12,9.945451,159
39,360,7,19.934445,839
239,569,12,12.885369,852
251,281,13,9.441113,541
687,434,14,17.943104,746
721,531,6,17.625685,998
238,508,13,18.119787,355
672,459,14,2.401265,1172
36,208,7,2.223981,312
156,178,17,19.997803,271
595,103,19,7.235742,721
479,528,12,13.291107,266
627,36,14,4.287692,868
714,693,9,10.253815,336
709,70,16,8.082145,221
602,93,15,11.889472,462
329,162,8,17.876073,580
703,543,14,15.270463,297
447,514,7,14.231079,287
311,735,20,3.057607,225
379,696,20,0.456167,602
327,167,17,20.153567,149
77,372,8,1.502991,153
651,113,20,18.173713,1085
359,485,9,11.387892,969
118,354,8,19.239211,994
494,382,14,13.474973,1182
358,8,19,19.921046,497
272,158,20,6.843783,329
353,726,18,10.881531,1152
249,445,12,19.811698,977
658,94,12,12.049824,946
733,548,11,16.140265,1175
218,223,10,9.305051,952
338,169,10,19.617588,904
561,169,19,15.422748,1130
468,516,6,11.165126,1042
493,579,12,15.582816,1149
264,434,12,9.805684,638
130,252,13,3.900595,735
357,490,15,16.390636,662
550,254,7,1.976982,624
557,632,14,14.437587,218
671,4,14,11.970894,583
582,435,8,0.368880,708
441,645,20,13.018113,207
205,280,8,12.555705,1090
305,304,5,19.957316,1063
690,725,13,18.245352,842
432,489,19,12.625601,1103
52,37,10,2.854382,1080
381,655,12,13.431596,479
234,397,19,5.310583,547
606,345,18,12.795590,124
269,223,9,18.636572,272
730,112,12,11.788222,493
223,116,19,13.610561,289
731,635,13,5.294663,1164
384,525,15,0.161066,1010
455,718,19,18.454393,1036
402,454,16,19.180218,987
53,238,5,4.077058,343
114,498,5,2.618404,314
171,664,19,15.295944,245
393,340,5,3.788552,1128
541,507,5,15.337609,1151
224,683,7,8.776767,1182
406,192,6,14.830156,815
700,732,18,9.130424,1018
520,87,14,3.865168,523
421,561,8,5.651055,475
620,93,18,6.915368,605
120,674,9,0.466940,918
293,641,7,13.190732,840
620,246,17,4.663340,1020
351,687,5,2.690850,1173
339,151,10,19.340287,305
717,258,8,17.085104,948
590,7,10,19.205552,186
430,425,12,16.885528,736
22,446,10,4.264171,451
270,695,13,11.911100,449
486,60,19,17.068907,940
616,116,20,0.313394,956
648,345,14,0.333587,550
104,552,14,11.974053,806
453,635,11,8.493725,1186
513,213,15,1.215300,426
682,559,10,10.069678,1053
97,592,7,3.188233,783
333,209,20,10.492614,419
62,339,13,12.984676,109
579,188,14,0.527563,407
357,737,20,14.359068,760
260,553,19,15.783769,1010
204,208,11,15.395189,494
728,286,8,14.483785,236
282,695,10,9.119579,389
492,631,9,11.543777,930
631,653,7,10.302612,527
578,376,17,9.478487,244
70,342,10,20.223363,1080
224,536,8,16.420377,233
558,44,11,18.132699,988
0,571,11,7.824059,546
706,26,10,5.580207,996
156,490,14,18.162207,996
748,676,5,7.312621,636
80,706,5,3.151868,1025
640,232,14,18.233341,380
188,31,9,19.293869,1032
509,370,8,7.814716,918
596,172,12,6.464681,712
663,234,15,15.154281,1011
206,85,11,14.235280,210
283,267,10,2.999412,847
699,133,9,18.828483,477
159,68,20,4.108634,326
619,655,18,3.008601,136
437,422,9,10.554103,760
575,443,7,9.695055,1105
242,395,9,14.572340,991
142,364,10,18.561838,534
510,397,20,9.109197,775
444,147,10,7.044711,503
198,334,20,5.681021,425
290,74,13,20.317309,274
255,492,19,14.495746,1047
604,566,11,11.349501,896
641,305,15,15.268560,189
566,401,11,17.816128,1046
137,240,16,14.578282,746
335,595,20,0.360843,167
719,112,19,17.692796,683
207,490,7,18.988044,991
185,623,19,8.960240,1071
154,68,14,19.119049,715
711,385,19,17.507515,774
115,154,11,13.561192,1043
663,672,12,6.200140,674
454,590,6,17.978092,912
147,663,15,16.352040,1170
230,385,6,12.028757,454
49,579,6,4.588783,665
359,150,12,14.864429,218
32,604,19,18.371531,238
307,227,8,8.760675,1003
369,507,11,18.079378,517
145,429,6,13.485752,1147
297,719,5,14.394293,988
139,531,13,18.700615,153
477,713,12,10.003889,748
276,150,15,5.415554,725
330,642,15,10.195687,300
80,82,11,18.587993,618
549,334,13,15.348762,250
504,477,10,11.609876,1139
325,35,7,14.693294,229
744,50,20,5.555612,174
107,466,12,15.975243,305
629,683,16,4.518100,232
45,588,5,10.859611,171
616,386,12,9.784783,450
471,77,7,20.284260,335
517,479,16,14.425366,398
605,739,6,10.820173,1019
181,34,13,12.528991,790
203,432,15,19.450058,850
535,684,13,18.492690,648
450,725,16,20.244233,970
250,737,20,1.772670,915
682,668,20,10.395130,1200
238,205,6,3.798122,776
25,727,10,14.849730,1028
704,524,5,0.737529,656
508,571,11,6.102333,530
63,515,19,10.155639,457
197,351,7,18.305809,627
597,346,7,9.524423,512
346,227,11,5.972237,984
525,631,7,12.695487,981
620,139,17,16.783673,558
59,424,14,15.771929,659
632,168,7,7.867460,336
47,709,13,12.214821,654
587,180,6,11.355241,455
113,229,5,16.438429,1151
266,577,14,17.058816,713
466,449,5,16.674944,833
684,34,9,10.089184,1195
120,244,10,14.523301,199
699,617,10,2.408222,165
707,604,15,0.011852,908
383,405,6,12.441586,499
366,154,5,7.607720,540
638,261,16,15.143585,176
46,70,14,12.515494,153
425,400,12,4.560951,498
627,441,10,13.356702,592
746,35,14,5.390224,715
47,425,16,17.875024,163
414,366,10,8.107480,1034
483,365,14,14.389618,695
439,60,9,14.241724,484
36,417,11,14.833291,1029
233,125,7,18.608964,893
296,279,19,10.016579,396
392,446,9,13.135138,280
249,200,16,7.339935,1183
472,6,16,7.447937,496
715,220,15,2.041199,1016
625,726,15,10.701811,809
668,175,17,20.165269,719
257,216,15,13.155723,958
636,506,20,15.303968,430
316,668,15,5.637529,305
406,19,20,15.606026,1002
536,618,6,1.702665,140
595,96,6,12.453523,968
538,564,9,1.008319,587
198,483,5,1.106318,916
358,331,19,4.143896,322
417,396,14,20.248858,277
735,427,19,18.744689,386
194,213,16,19.313802,1167
237,330,16,10.262747,732
151,251,10,14.148907,878
392,256,8,3.948287,672
669,469,20,20.488041,197
300,503,16,13.676052,702
665,559,18,1.014275,141
81,304,7,2.152216,1002
241,484,17,6.708891,1194
433,583,9,13.879121,350
613,647,13,18.853031,282
589,118,12,9.728789,129
289,464,9,0.066044,1076
204,117,10,11.198843,740
154,248,6,2.367933,1166
551,404,12,4.520350,350
602,515,10,17.128186,824
736,555,6,7.297686,214
387,732,6,17.721873,1017
264,391,20,1.966997,125
165,543,6,13.400525,751
98,721,20,4.261651,499
302,400,8,19.745917,977
369,387,17,10.553724,839
67,504,6,4.016183,496
135,232,18,16.066360,482
378,7,6,10.728891,521
252,61,5,13.531422,684
532,506,5,18.105173,1057
705,337,9,8.147758,190
80,627,5,10.859659,1020
664,282,5,17.633819,616
254,492,20,10.230151,103
681,335,10,2.460104,441
396,617,9,13.751633,830
543,211,14,7.186218,754
335,364,9,4.895217,606
649,509,18,7.220663,1126
501,187,10,9.922467,717
19,328,18,5.131677,1129
61,325,6,4.363212,1061
234,38,15,11.855307,147
92,151,20,9.717850,906
514,153,10,7.128340,850
713,135,14,14.217361,559
331,71,20,0.396110,443
735,692,7,19.034335,454
606,574,7,19.861740,148
107,121,12,11.529712,837
691,433,10,10.262463,1081
515,195,11,17.642963,102
189,690,6,13.764924,1052
431,748,6,15.101787,432
464,163,16,11.762574,430
538,42,13,2.140310,865
153,397,15,3.218825,978
515,361,13,5.595524,373
380,305,16,2.768581,862
494,405,6,1.828354,266
215,742,20,5.992498,242
368,61,17,4.041008,997
416,399,9,4.925566,881
654,438,14,14.302606,1064
477,491,14,11.951165,393
432,96,16,5.257868,435
110,486,17,19.590520,202
43,285,18,18.214181,448
251,456,7,18.283003,1171
280,326,13,10.869298,684
436,157,12,15.861630,666
730,94,10,1.719267,159
142,580,18,19.646920,156
401,434,11,13.995200,578
398,172,11,14.031009,983
525,364,12,0.183460,845
205,115,20,19.779646,309
549,636,14,17.237524,1095
389,348,11,15.809540,630
717,34,14,2.210010,1074
402,87,11,14.092085,1147
622,389,7,19.452762,806
569,334,7,3.352306,115
115,400,19,19.695898,180
451,538,5,18.468357,904
124,100,7,0.951266,493
165,367,9,5.473475,394
715,205,15,11.012314,677
309,428,14,14.960116,346
343,647,14,3.579780,940
583,14,9,3.370004,157
636,122,6,4.032653,782
74,151,15,19.548045,546
365,188,5,0.845338,977
547,235,11,10.925650,1006
608,705,12,19.453432,546
442,35,14,14.116654,740
89,221,18,10.288594,658
398,470,10,14.079055,774
607,34,8,6.402352,487
683,130,5,8.191695,365
422,468,14,18.947616,1155
493,193,9,0.726400,131
118,499,17,11.776307,117
220,181,8,18.183884,520
427,258,14,8.135476,840
260,293,16,15.765231,593
344,696,5,14.800084,176
689,315,8,11.431319,639
611,253,13,4.577734,475
58,633,5,12.640879,156
361,77,5,9.951080,354
301,4,11,16.087154,369
355,7,8,7.840934,151
578,11,11,9.417833,481
282,621,6,17.735197,936
633,347,18,20.014547,674
21,560,6,18.359957,119
543,249,19,14.223454,293
639,738,14,0.579746,1013
1,101,13,4.757975,220
129,670,11,4.516681,238
143,544,6,12.980425,809
479,41,16,16.140210,215
283,636,5,12.033257,574
528,386,7,13.605795,156
573,630,16,9.132830,286
360,555,18,8.463449,288
282,212,9,11.385060,343
177,230,14,1.387185,246
181,196,14,2.829544,322
482,720,8,2.941407,444
14,577,18,12.039546,710
353,514,12,15.352681,215
449,195,6,2.991082,574
86,84,7,9.354378,121
697,167,13,8.972070,207
250,243,5,15.756033,179
409,514,15,16.967586,572
482,100,5,1.871776,748
119,438,9,5.645266,767
7,87,11,11.411791,1057
131,468,7,9.702996,1010
538,45,10,0.172285,131
439,363,8,16.827351,537
56,36,7,18.330831,1164
179,92,14,0.496993,329
156,48,10,5.682009,563
265,236,5,10.757896,625
231,690,19,9.445652,1122
34,46,6,10.222991,883
382,36,6,0.214797,727
687,530,18,12.460835,761
617,269,7,2.262572,443
637,382,16,19.209716,958
185,715,15,11.510034,327
632,509,18,14.305447,109
327,503,13,7.276347,306
286,238,15,16.499096,298
348,634,20,12.478026,892
268,167,18,1.847485,137
736,43,7,18.962056,1050
122,187,10,13.712279,217
455,736,18,14.168307,920
540,723,20,11.281196,156
383,296,9,1.658324,1122
129,36,13,17.481972,135
513,458,10,15.054915,238
170,669,11,19.979988,1017
346,616,11,13.065589,594
471,609,19,14.600905,215
82,229,10,17.513084,351
442,679,19,16.656071,671
710,730,12,6.301914,1126
318,42,11,4.377878,549
158,192,6,4.216362,182
631,580,5,9.244919,120
584,484,8,18.823464,446
657,514,15,3.043976,840
492,193,15,14.142761,1147
705,545,10,4.473384,882
428,268,7,5.116995,702
575,530,11,3.182276,1121
250,373,16,9.902541,356
458,247,12,5.365786,1184
712,299,13,13.558640,1084
353,560,10,4.594331,855
623,69,19,16.330467,760
472,276,13,18.682219,385
414,606,18,9.476014,683
260,600,13,7.617832,219
634,548,19,9.275050,307
359,75,6,16.223129,578
493,669,14,0.339565,805
390,508,18,16.191140,985
300,447,10,8.699771,276
325,352,11,7.683397,1169
199,161,19,10.110079,412
724,163,20,6.762003,725
417,728,6,19.587868,601
599,622,11,9.526664,1065
727,487,14,17.814226,800
456,105,5,9.560710,851
468,582,10,11.052358,497
593,286,15,6.838990,176
422,730,6,8.037211,371
616,146,10,16.416744,1052
70,469,18,2.443500,154
68,687,19,16.515825,511
129,522,7,11.723628,668
699,508,18,6.683413,328
21,710,19,11.380574,391
645,561,11,10.001294,1016
339,236,15,16.071386,151
686,241,7,20.474255,189
680,178,11,5.405139,485
50,419,16,8.455995,333
396,696,14,13.325321,554
265,745,9,4.628175,1075
284,158,19,9.601029,228
322,715,12,14.613375,389
445,202,12,1.506321,487
330,296,20,16.937271,670
293,737,7,6.750724,614
344,444,9,8.429871,656
730,716,13,5.200210,912
179,471,20,6.483882,770
737,739,5,15.531761,1169
507,326,12,20.290308,1093
457,444,10,18.704262,220
399,587,14,11.288352,463
475,343,5,18.753298,395
297,492,7,16.713929,290
618,589,15,11.392141,695
46,635,9,3.433539,948
57,653,11,1.033380,227
713,582,18,4.011097,653
733,517,17,12.460971,661
556,672,10,15.005584,395
276,439,15,0.880137,110
577,331,5,16.971135,225
322,9,9,16.960047,660
343,678,20,19.938274,423
95,271,19,18.021679,1032
577,656,14,18.690000,371
405,506,13,12.353465,958
512,47,6,8.530768,237
133,507,6,14.203548,604
724,529,7,4.320167,713
477,301,12,15.068842,443
525,137,5,11.070160,1157
647,185,9,1.333148,601
273,654,7,4.530151,695
425,399,9,0.922530,306
73,684,15,4.335841,324
693,593,7,2.984976,261
135,432,6,3.189363,338
55,39,17,14.033308,1119
224,92,12,19.171414,363
265,164,18,14.022017,472
519,588,11,3.715529,1188
559,402,5,0.818224,151
342,362,5,19.872083,639
192,97,18,16.158523,677
51,42,12,16.897408,913
56,651,9,16.643209,786
745,550,11,4.958370,351
135,484,5,13.367004,155
553,598,13,13.617986,879
510,365,19,16.292821,396
558,461,16,5.246706,475
173,202,17,14.121420,100
515,600,13,10.507244,938
566,560,5,6.078337,870
341,229,10,6.650754,1075
24,498,11,1.897588,250
662,58,7,15.096307,421
111,417,17,6.361174,496
169,166,17,14.383968,643
151,214,11,4.354180,395
123,311,11,11.322408,402
351,203,5,14.291165,491
140,467,18,4.730986,716
483,444,12,1.253000,128
590,284,9,0.098428,613
455,482,7,3.620764,1160
580,440,19,9.005236,962
386,301,7,11.957693,904
503,728,11,17.867980,444
153,676,15,18.311554,198
22,122,6,1.944121,617
234,673,16,12.796285,343
123,678,7,12.508157,787
222,257,17,19.163522,988
592,10,9,18.624561,444
591,126,20,16.366215,871
325,286,9,16.992007,1019
560,642,18,7.749113,192
589,241,8,17.232393,1092
79,369,14,6.362347,251
649,465,7,18.479456,382
578,647,5,3.598462,961
540,178,6,2.151743,703
81,288,13,16.514271,664
515,279,17,16.616001,789
325,488,16,8.386052,1077
379,121,9,1.387137,947
410,300,6,11.061291,208
249,569,12,3.104257,219
741,384,19,7.874126,147
691,6,6,8.484264,234
322,480,5,12.624872,1002
151,333,14,3.383748,1195
201,203,6,18.087776,140
331,717,8,9.269689,766
458,258,12,15.462256,914
114,353,16,11.054993,994
691,455,18,6.664241,607
391,731,16,8.801757,213
227,707,13,12.842374,1029
285,748,9,0.297032,720
650,163,19,7.318041,642
331,680,8,8.119364,968
359,654,18,19.275039,442
471,388,12,12.420130,1142
13,247,11,10.965054,615
536,748,15,19.380094,715
686,225,6,11.412027,941
611,226,12,18.435297,186
520,23,16,2.219663,935
202,114,16,3.688505,302
534,565,7,3.056318,502
485,285,17,5.155733,124
676,656,20,6.525758,478
67,630,6,13.723286,1145
615,660,16,14.312983,924
477,457,11,4.969850,869
182,148,8,18.297198,251
17,146,11,10.635171,849
322,353,10,7.747129,665
225,682,12,13.995030,247
463,118,9,6.689670,144
527,513,9,2.203682,718
177,8,9,6.332124,349
682,379,16,11.538926,162
218,489,5,10.136531,729
700,597,20,19.222507,219
174,160,17,8.214798,347
97,158,8,7.024241,728
453,140,17,11.539848,929
90,419,6,18.023487,106
364,349,11,7.234421,384
329,670,20,1.176344,1137
628,595,18,3.173404,534
638,347,11,18.999257,425
117,615,16,10.303739,700
467,109,17,5.189088,566
443,245,17,4.809077,1046
47,313,20,5.738279,591
53,458,20,2.307835,515
445,536,19,0.507173,768
529,629,10,10.893968,1124
202,455,13,16.940897,567
199,166,13,18.660053,833
179,734,8,9.794574,1067
614,542,12,17.184955,584
94,388,13,7.601419,163
202,258,19,18.439919,651
253,627,10,19.107714,1083
607,239,11,18.918790,641
606,575,11,6.320417,988
378,64,5,0.319928,799
590,679,6,10.075412,166
377,676,10,0.239415,667
352,257,11,10.002163,230
290,679,20,11.084327,1090
101,153,15,5.566465,797
392,180,11,3.095566,745
40,602,13,16.040256,602
8,286,18,4.075620,689
705,216,6,8.629618,200
11,206,16,10.002174,703
258,412,20,20.113467,881
402,332,16,12.435338,981
150,404,9,9.681736,921
572,646,14,5.110697,151
318,241,9,9.638756,787
632,269,16,14.169489,957
435,13,13,18.099536,818
9,166,16,20.287258,439
223,187,11,10.178586,730
223,295,19,11.191881,943
691,150,8,1.178026,1084
503,325,16,13.761774,890
65,205,17,9.631850,254
74,29,5,1.246666,778
172,360,16,5.737008,641
552,694,12,1.611023,922
285,705,7,10.321594,651
331,520,6,20.206973,716
341,430,5,17.268451,892
223,411,10,19.689971,443
464,30,20,10.963797,438
482,455,15,2.135021,286
697,185,10,14.685776,163
554,643,13,20.085286,870
128,680,19,3.347008,103
740,275,15,17.508642,548
163,332,12,20.497618,395
343,611,18,10.077889,933
234,485,16,6.566119,561
38,235,14,13.753574,557
608,703,17,7.816189,1102
649,494,10,6.394756,250
206,654,6,18.371736,741
128,693,20,14.884458,326
258,350,5,16.888113,757
209,542,20,17.287404,1136
255,206,8,6.043647,816
320,178,17,2.585489,1180
463,677,7,9.414869,994
329,176,13,16.956525,742
546,53,20,10.642449,696
263,338,19,7.316958,1074
467,238,15,2.938655,519
478,16,5,9.993980,298
596,65,10,0.305577,1008
352,734,12,2.002794,1071
66,73,10,19.970875,1153
527,406,15,10.479800,144
86,170,20,11.708632,559
448,493,13,8.718296,489
193,542,10,1.796676,833
293,720,18,12.230013,103
226,201,16,3.574124,250
155,351,10,5.318521,919
486,182,14,3.799145,1078
416,385,11,19.659174,133
315,590,15,3.144668,1074
175,602,11,14.799785,992
472,70,10,15.834927,486
339,345,7,15.543193,1052
317,361,13,8.032772,1150
623,62,9,9.124095,386
375,337,8,10.720572,468
159,283,16,7.119710,602
375,437,17,10.107939,858
159,272,19,3.104934,843
106,600,10,9.527125,457
356,201,20,2.226559,1041
38,581,14,10.148855,123
743,719,19,16.346831,979
645,682,17,5.518873,541
63,464,20,16.123370,1157
111,173,5,18.068591,695
261,440,15,17.491599,458
617,225,13,6.977327,246
312,417,12,18.700624,570
186,470,5,19.762418,137
312,718,19,10.770696,994
493,504,8,10.234079,904
516,383,17,17.712493,994
364,712,15,11.945930,1022
710,312,17,2.653329,538
186,557,13,18.233068,209
152,253,16,12.846754,412
293,60,7,17.551669,562
540,691,15,18.441111,490
502,301,9,12.504097,610
257,721,11,0.058890,1023
632,294,6,9.703965,578
70,718,11,6.599815,476
335,447,19,17.456043,868
444,553,5,12.703896,312
481,216,19,6.602676,499
217,68,17,8.601234,939
465,372,16,6.228078,944
522,663,10,16.743151,1102
423,236,9,2.824379,124
361,515,14,13.792933,651
346,333,6,10.549888,148
461,143,16,12.084431,111
71,458,17,14.658822,249
4,124,7,16.975649,1069
552,427,18,0.216893,445
137,60,16,2.011858,148
513,449,16,6.041298,420
507,587,17,13.177782,1074
601,386,6,11.077353,341
226,46,16,7.910289,449
661,441,18,3.821210,127
482,377,7,5.565577,883
686,525,5,15.862651,583
292,274,12,13.078660,343
403,148,14,18.512234,1100
130,431,11,5.342930,1125
316,287,10,13.859786,1033
626,490,15,11.366936,1082
399,630,20,14.956871,968
356,608,11,6.786643,599
464,239,18,3.216239,218
370,640,8,8.716104,1194
332,456,20,19.834255,552
91,660,14,16.097962,295
415,492,6,8.677889,146
357,179,9,7.900621,919
153,75,14,0.977245,291
572,746,16,11.681765,1068
698,543,15,1.553052,391
157,429,17,20.451158,316
442,734,17,13.376724,792
496,691,7,12.422175,766
87,597,10,13.213748,569
430,699,11,4.742514,856
422,349,8,18.024954,1058
254,338,9,8.634052,831
290,84,10,0.831410,668
43,595,15,9.951574,121
194,87,11,7.656443,144
326,626,8,0.060918,231
531,34,6,0.932590,282
561,552,15,5.771203,730
290,19,5,9.295996,294
642,33,9,11.345330,624
258,204,18,7.888542,228
568,76,11,12.152252,595
521,739,10,2.574210,1060
150,87,16,4.945122,302
619,33,11,1.628350,722
692,186,12,17.585300,1170
50,310,19,11.449495,670
702,574,18,7.601983,582
403,675,12,16.638060,1064
212,316,12,8.402514,1025
686,631,8,9.209015,1183
157,442,20,16.024422,252
225,221,16,13.734288,360
595,241,5,4.272686,561
700,589,14,20.191048,489
166,553,11,17.786505,987
426,425,17,4.518500,735
656,25,14,7.733497,369
405,479,17,5.539137,616
707,374,7,12.945941,408
230,539,14,20.121216,1021
24,276,16,13.066049,1070
317,168,10,10.148424,787
66,343,12,9.009397,861
660,577,14,6.034155,442
641,78,9,10.124781,152
748,633,16,9.404077,1145
518,421,8,3.248505,919
586,261,11,0.545373,402
705,146,5,2.332640,937
556,271,14,6.789408,855
418,748,11,7.584771,211
501,111,12,9.369742,637
546,342,12,19.753142,1087
61,539,10,4.628655,692
643,447,8,13.241159,716
234,165,16,4.338947,778
441,557,7,5.429427,709
692,4,13,8.390971,278
733,221,12,2.104386,596
178,467,12,11.080120,658
295,204,20,3.861538,914
683,64,16,7.091403,404
668,701,16,2.346397,1158
383,485,8,9.493861,251
512,25,8,11.822630,1088
355,17,19,6.971002,247
708,43,15,7.810021,263
567,678,20,12.639312,1135
428,48,7,12.703071,1038
85,118,13,0.692108,737
543,245,13,7.912327,622
94,258,11,13.416833,440
691,294,7,15.107797,677
624,161,16,13.082676,536
504,93,18,16.953793,1185
412,712,14,5.887594,749
654,8,13,19.480795,354
399,654,18,8.497816,293
707,405,14,11.757160,600
363,60,10,11.778638,558
188,603,19,15.729108,886
741,347,7,13.476121,834
686,58,13,15.634339,753
34,146,8,16.286083,410
56,210,17,7.331618,961
331,187,15,1.247116,200
649,475,15,7.253278,110
422,81,19,0.076051,361
117,122,14,8.559962,1115
46,66,6,14.779868,496
725,50,19,8.702305,268
325,121,6,10.496991,717
634,514,18,5.024370,1058
196,469,15,7.497173,581
32,296,17,13.366881,535
535,10,13,3.976363,1084
67,292,16,1.127612,944
344,303,5,8.920034,801
727,680,14,6.930699,852
600,715,7,4.014183,827
633,696,13,14.851328,1139
392,98,6,14.841938,863
392,387,7,1.671314,419
748,421,5,18.903488,293
660,730,12,11.027228,357
734,497,14,2.116251,990
215,7,19,1.441303,401
389,78,10,12.560276,733
659,203,10,1.034628,292
421,271,18,18.660902,368
745,24,16,7.659315,149
451,128,12,3.213080,1194
688,277,6,8.405008,1191
480,387,15,12.702566,868
12,635,18,13.994550,103
692,0,6,19.453510,505
745,703,12,1.162043,868
57,718,13,0.296461,1127
647,486,9,20.343547,1123
547,140,15,10.143754,420
308,707,17,13.143121,1182
235,717,20,20.131987,370
89,735,14,11.880706,1184
37,30,19,9.589019,143
495,209,9,15.098844,1168
681,464,13,8.209093,641
394,692,5,12.287078,757
198,141,14,9.560890,132
700,555,8,11.887705,821
340,450,18,19.594265,1114
370,380,16,1.585990,983
530,93,11,0.933595,758
610,628,9,3.200369,755
197,553,19,17.135991,880
622,699,16,1.212647,488
311,106,16,1.062538,221
44,496,7,16.947352,956
669,598,17,11.401622,564
183,608,11,1.174513,965
261,301,9,14.676714,1104
621,658,17,4.061636,417
600,160,10,3.915079,843
739,503,12,19.675944,314
16,113,12,16.450791,610
598,610,10,10.209952,832
5,29,20,3.721309,127
565,20,7,13.736699,130
41,4,14,5.332030,1122
718,502,8,8.877349,489
623,443,19,6.258009,275
175,10,15,0.817869,947
435,24,5,16.101068,956
244,196,14,10.380686,1033
341,675,15,16.049356,717
700,243,19,7.626079,523
272,102,17,6.884763,953
378,569,11,11.234793,1018
533,543,17,13.448808,487
652,724,6,9.579641,550
89,6,9,5.439535,393
529,397,7,16.670479,331
257,206,18,11.421442,893
186,622,14,15.006691,1107
427,333,7,11.260106,125
652,710,19,7.895829,653
618,197,12,15.526869,598
561,32,11,12.019330,741
134,138,16,15.821792,1110
79,216,20,4.812161,686
343,294,13,20.111266,1179
467,184,6,16.323280,1192
31,236,11,2.033505,803
400,640,16,1.678553,856
602,535,5,12.720962,855
113,77,8,12.225780,672
494,251,11,5.349360,914
466,705,16,2.442153,1071
303,254,9,16.282545,494
512,738,12,1.850616,372
378,12,8,16.238419,472
15,83,8,3.851565,830
320,622,14,13.787439,131
648,328,6,4.003363,1085
88,534,11,18.366756,462
649,673,6,3.753220,993
26,436,5,13.409455,705
507,379,12,19.908939,437
631,56,9,18.666067,789
259,481,8,12.273181,1019
727,454,10,5.805499,128
544,404,18,3.710143,1127
467,636,5,1.150011,187
36,717,9,18.932824,680
236,169,20,5.561953,675
406,655,11,12.102962,1142
352,391,7,9.265196,608
85,400,16,13.506436,1160
539,347,17,0.164831,908
288,351,7,11.515501,870
243,258,15,7.546054,282
132,491,12,14.551980,541
586,49,5,7.925751,144
97,596,17,11.196619,1130
572,615,12,16.014073,596
541,29,11,18.861882,375
242,692,15,12.954639,154
400,5,17,16.815799,822
99,380,20,9.653964,1095
160,33,15,4.783716,651
398,42,15,5.475981,488
419,462,14,10.649055,280
303,120,7,18.204535,819
146,384,9,2.411386,562
663,111,11,18.408131,989
270,381,6,13.975172,1189
508,453,19,2.630752,676
438,74,11,0.540510,1132
325,138,14,13.673705,580
611,512,7,16.764592,673
339,486,9,15.220277,1112
489,63,10,2.656564,618
153,425,9,11.029994,1192
254,161,16,15.652355,976
45,38,8,9.569476,854
537,361,14,8.465310,380
477,646,5,3.042881,602
357,386,20,15.066153,755
312,618,5,6.674061,705
511,252,13,4.720371,462
234,381,12,1.354051,502
206,597,15,5.978323,414
228,469,19,9.788054,1019
211,216,11,3.972972,1048
621,634,14,3.153226,790
625,218,13,13.705809,569
7,453,20,0.714544,720
89,527,17,3.512833,160
214,728,12,4.858332,425
684,457,14,6.267091,720
634,251,12,11.351835,902
701,596,8,18.365959,1066
47,649,6,3.565856,638
179,499,15,18.289491,135
339,92,8,8.377463,796
12,135,6,1.516090,558
292,701,10,14.275114,790
575,714,17,17.886685,691
309,134,14,19.811929,766
700,420,7,5.582614,1119
174,634,13,12.607797,499
383,88,7,1.382976,415
196,251,8,18.364766,450
161,127,9,2.983074,1200
513,594,6,3.820734,308
118,76,20,5.772073,430
146,244,19,6.021393,739
522,352,14,1.217683,1062
286,404,20,14.953828,947
295,150,10,13.400760,416
230,566,14,15.057367,459
648,8,17,1.528595,206
485,486,16,16.403618,184
419,405,7,12.743066,349
438,111,13,15.980059,679
706,243,7,4.125940,993
536,326,14,7.759217,491
410,748,9,0.644660,1095
539,693,19,15.698446,364
460,9,19,18.612460,870
143,591,13,13.584088,849
192,631,8,4.702529,888
496,654,14,3.048047,1165
102,509,19,10.189518,264
495,150,16,6.123342,857
173,422,17,4.747820,101
479,405,9,10.976688,117
517,527,7,20.101160,916
394,471,17,5.029099,1184
33,26,7,8.761460,970
679,574,20,4.556837,557
141,605,5,3.250059,1111
400,655,12,2.509280,854
516,166,18,12.778498,667
350,627,9,1.792961,277
704,517,18,5.525423,576
354,744,8,18.881451,956
415,38,17,4.763522,614
56,492,6,7.393949,499
84,741,18,8.820978,666
623,566,9,8.346437,314
642,727,18,16.994777,161
605,133,12,20.161222,377
680,143,10,4.999857,868
104,638,12,14.250650,751
637,595,6,8.644328,902
249,596,10,3.136890,103
185,574,19,16.449385,980
621,212,18,18.301917,485
185,215,12,7.763125,132
137,657,6,5.482632,721
366,562,6,18.816849,567
22,656,15,6.317768,1148
160,386,5,7.210678,808
371,164,7,10.335302,860
443,539,17,4.674346,538
611,496,11,2.907180,983
160,534,9,14.107565,519
294,266,17,11.156092,978
546,64,9,13.930774,229
323,409,17,8.533214,681
744,78,18,0.639304,626
693,345,18,11.175107,1181
18,591,15,20.464551,445
424,568,10,18.162602,617
690,243,20,12.449295,227
344,337,11,19.551065,655
511,406,19,3.109174,167
201,469,5,3.086647,438
292,684,7,4.078807,990
514,373,9,5.016896,785
519,214,16,13.257046,270
380,656,14,8.623411,329
590,476,8,3.236638,821
261,623,9,17.505569,402
191,431,10,4.130440,1075
183,94,11,6.407811,278
392,552,17,13.197992,1118
683,531,6,18.976431,1180
226,657,9,14.607815,572
434,282,13,9.605078,381
471,153,10,11.261979,656
219,334,9,9.351483,789
708,0,11,13.847844,765
655,356,12,1.420603,1030
552,576,20,17.808584,193
552,309,7,12.023635,228
285,122,7,17.199858,1121
203,238,11,12.147768,641
14,45,20,15.778809,384
146,69,20,18.406474,1050
482,9,13,0.080669,527
669,718,15,3.109065,907
606,121,17,14.951178,234
150,13,10,13.542038,120
63,453,16,18.818984,787
350,637,15,10.372761,567
678,110,11,11.409569,827
19,402,15,5.291551,221
657,452,5,18.916948,1111
115,559,5,0.845967,1002
515,336,17,1.272185,891
349,611,14,20.444866,1139
631,600,12,19.446411,1174
288,103,14,0.689475,705
107,415,13,2.293293,628
230,216,12,9.930906,940
453,97,7,9.191077,1058
384,711,12,14.144955,837
605,91,8,16.986817,258
115,657,6,19.491606,181
90,592,17,7.321631,1111
555,487,7,7.814051,564
631,518,19,8.672358,395
745,224,13,13.969900,874
662,617,18,3.384781,413
737,334,17,18.304260,445
197,43,16,6.262089,720
146,257,8,15.813138,974
214,576,8,17.730843,592
557,729,11,9.363641,405
476,281,16,4.241395,104
591,64,7,12.008954,872
743,355,17,19.322215,299
174,260,17,14.987507,114
371,236,13,10.046569,110
456,3,7,9.412441,360
327,593,14,10.540940,543
401,372,10,11.059552,199
402,387,7,4.879327,442
616,392,5,13.815859,462
392,681,14,13.652057,565
319,79,18,12.483587,244
290,39,17,19.490842,893
505,582,14,3.548142,1142
357,341,18,0.730956,392
89,171,12,2.172264,710
141,513,12,0.853121,551
53,452,13,1.262155,303
92,250,18,17.208997,123
37,559,10,2.348377,1041
228,420,15,18.949477,764
289,497,6,7.060606,1128
573,409,8,16.030156,988
280,45,10,6.831438,607
323,509,20,10.612836,455
278,129,11,15.948930,187
282,346,7,18.629799,468
178,741,6,12.269888,341
532,556,6,4.084464,505
667,624,17,16.193539,1032
716,455,14,18.406937,808
270,278,13,19.049501,448
117,34,9,20.273575,998
607,653,16,0.705743,370
546,33,19,6.175049,639
330,34,10,8.587668,184
58,30,8,6.123668,131
594,126,15,18.839109,1082
547,400,9,4.744396,696
51,503,16,18.129444,320
264,437,5,13.592483,771
622,459,14,9.246184,143
102,405,17,16.837338,1034
40,178,13,16.464169,140
341,336,19,6.515485,366
652,75,15,15.572256,1076
357,642,20,14.344071,330
613,141,15,14.657019,746
636,257,9,2.761776,193
248,383,11,8.799689,816
591,588,19,19.293858,862
329,345,10,5.298304,452
194,12,9,10.795049,856
525,34,16,17.227398,987
33,142,11,15.587490,908
65,133,7,3.281999,1158
115,290,10,20.344779,789
174,720,18,3.032119,707
127,31,12,6.804958,1144
346,393,6,14.825140,307
15,43,14,0.383489,327
180,349,14,3.559355,269
95,497,19,15.209983,945
568,294,14,11.382962,839
102,617,20,8.680814,350
68,221,14,16.580433,1130
729,452,18,17.431376,787
664,85,12,9.526862,548
569,209,20,2.313034,1096
408,485,11,0.910993,184
192,120,12,6.952780,177
524,373,18,12.962435,294
268,684,10,17.039655,1086
608,70,13,0.036442,332
254,656,9,2.401883,1043
723,300,14,13.032577,1096
338,115,13,4.558752,578
161,373,16,9.606070,181
638,587,7,4.777556,583
579,479,12,14.213517,883
571,216,15,0.844989,820
254,300,14,9.849492,170
194,448,18,4.342319,157
203,369,16,0.549905,294
429,127,18,5.365882,381
546,197,17,6.031647,318
56,221,7,5.159406,392
555,26,11,13.005405,779
309,470,12,18.057253,1006
493,433,10,9.360670,323
492,174,5,12.073669,899
234,514,12,10.739911,208
176,473,9,16.212399,231
298,647,9,19.469718,1004
2,493,9,2.922574,1162
419,682,8,10.097569,363
79,271,17,19.350588,478
4,63,17,2.017635,225
372,369,6,11.370310,326
397,289,20,20.282329,1184
42,37,15,2.604159,1119
207,68,11,8.147810,738
270,21,9,10.197671,491
237,453,15,18.244987,1141
239,641,12,16.621432,728
384,482,8,0.049409,463
550,607,10,5.372693,1055
425,615,9,17.204900,470
48,249,14,13.720768,163
532,466,14,2.207996,371
746,702,10,16.915315,155
273,728,15,1.484851,803
137,0,10,6.329361,694
232,147,18,15.461937,940
261,286,12,8.623080,690
708,595,19,10.997996,361
418,736,17,10.525727,201
139,498,5,18.736362,178
358,340,6,19.828889,834
114,53,5,0.407967,536
434,691,9,8.536056,725
692,114,14,1.046053,1102
332,392,5,2.421382,648
590,57,7,19.803397,275
184,23,19,0.898275,603
176,243,15,18.750487,994
427,218,16,4.202449,519
662,522,20,10.809362,100
183,740,7,4.738056,832
470,501,14,12.002515,1046
602,492,7,8.878829,285
343,0,19,15.900000,1048
394,163,5,4.476363,616
222,121,19,14.260105,456
123,479,13,4.227397,802
699,376,10,15.844700,885
705,172,18,2.443201,723
734,584,18,11.154571,502
305,720,9,17.617029,613
530,544,8,15.983103,299
20,715,19,16.072526,348
142,358,8,10.834040,386
384,106,7,12.272667,611
476,7,7,1.536729,337
724,642,20,17.365493,989
164,379,17,14.611014,1092
429,299,7,19.733750,253
359,362,7,18.073638,785
441,7,16,11.788534,599
483,215,6,4.259507,116
654,684,12,12.483867,420
458,225,19,15.513001,293
423,691,17,12.208388,1077
254,450,5,7.728174,947
569,138,19,11.401140,642
261,157,19,17.894451,1103
144,450,14,7.163261,232
148,269,18,4.048026,819
446,107,10,15.994267,1120
128,236,17,2.294022,576
732,533,16,11.369770,832
432,736,9,12.125416,1131
564,675,6,0.276810,538
700,550,13,19.983913,533
373,89,20,10.137537,1001
690,551,16,19.619520,407
60,58,14,10.755932,244
95,38,10,2.376876,278
664,211,14,14.195210,402
544,152,8,20.158010,124
321,405,18,14.597529,644
687,43,20,16.041122,1007
722,270,12,11.519116,1173
124,382,16,10.363645,580
676,525,19,8.324512,240
606,242,19,5.512738,139
244,455,12,6.681677,1092
51,726,5,7.976081,407
80,409,17,3.850547,786
473,138,14,12.628234,162
279,167,11,3.974671,679
547,5,15,13.491207,132
127,745,11,6.593476,1080
508,631,19,1.532531,1039
629,238,13,17.674147,325
444,387,9,1.017169,364
170,114,10,3.582728,923
123,144,7,12.100756,603
398,449,14,17.774365,338
298,593,13,11.972238,711
152,735,7,18.933542,255
181,202,7,0.787795,133
279,457,18,5.759163,670
70,558,7,18.367839,738
50,675,18,6.163095,1137
220,369,16,14.772374,697
688,300,10,3.014500,451
675,483,19,13.390460,663
163,57,14,10.346657,1109
84,247,17,20.082310,1108
600,102,6,7.209136,293
515,711,8,1.887119,342
249,358,15,3.050908,133
732,719,9,16.405752,529
560,180,13,6.076929,639
748,92,18,13.129762,253
513,138,7,14.707588,111
310,444,18,19.168612,1129
534,103,8,17.371118,551
171,218,9,16.948722,632
288,473,18,1.206386,625
484,416,7,2.608424,1110
258,426,14,4.724576,996
298,40,7,11.537893,200
221,62,17,9.462915,719
478,254,12,5.647204,363
713,43,17,9.400533,815
42,561,16,7.235343,894
48,439,6,8.909031,972
614,88,20,15.766385,839
85,541,5,19.975617,850
291,108,11,3.445220,736
287,30,10,19.619637,1150
569,216,7,1.880081,926
255,520,5,3.282608,369
89,463,12,15.584675,962
234,282,9,15.968245,924
120,608,14,17.514044,1149
559,502,10,8.171675,1042
68,62,6,14.681754,1120
609,141,10,12.789876,1140
337,365,7,13.977409,750
153,507,17,4.038874,169
618,545,19,6.038738,605
173,462,5,2.170272,613
421,509,20,17.363293,886
633,284,13,13.789763,115
281,479,17,20.150347,900
696,135,6,16.138477,362
617,91,12,15.289057,172
281,561,20,8.291411,644
701,690,11,9.052973,534
309,663,19,13.129214,506
247,27,19,14.630385,148
73,480,6,0.030184,689
326,480,18,10.330436,874
508,455,12,6.613872,641
199,588,17,18.378922,366
580,632,7,1.548095,254
80,438,15,15.114947,899
606,34,11,9.004557,990
745,310,10,3.134527,285
454,387,11,7.957856,304
722,734,9,5.732578,1153
568,699,16,4.045976,200
92,578,14,14.154023,684
543,697,14,13.670909,656
374,696,7,6.897001,400
590,549,18,0.954991,1159
264,343,13,19.881382,344
702,299,7,7.880324,1029
409,399,12,15.847993,338
400,79,20,2.978344,842
641,568,19,11.420544,264
156,474,7,16.106926,887
357,278,16,19.685849,111
307,520,18,17.957767,294
31,333,5,10.458286,487
386,173,12,4.911473,918
253,176,17,17.829565,415
603,606,7,13.539007,1173
31,592,15,5.315997,819
40,720,17,6.617561,848
490,651,18,10.245003,289
694,279,8,15.812873,394
161,728,20,18.570147,650
105,256,8,7.067853,675
613,117,14,8.384573,1064
166,667,20,10.647405,1195
633,559,18,7.154294,1001
474,57,5,19.638923,214
474,197,11,17.820027,951
405,624,15,12.823322,838
363,234,19,3.805166,316
41,190,15,10.393037,432
699,4,6,2.937534,726
93,130,6,18.017261,802
139,726,20,4.876889,444
494,655,9,5.978038,1075
371,555,20,2.000149,523
670,196,11,2.248141,529
24,19,17,1.931224,716
516,76,7,7.424455,942
48,195,11,0.824846,515
82,288,5,17.575463,364
15,343,16,16.273544,982
159,708,19,18.245444,379
740,41,17,11.137972,134
459,652,5,1.204909,1125
163,292,18,18.575517,315
149,681,15,18.603170,773
155,245,9,15.217351,332
402,458,10,8.985197,1064
234,24,16,3.067419,480
371,484,13,2.394571,994
101,26,5,19.224312,359
626,575,12,2.037179,1147
325,459,10,9.968235,589
169,257,14,16.078018,452
295,593,15,3.490900,664
397,589,18,14.783861,524
421,420,15,6.500144,604
178,456,9,11.754608,476
488,153,14,9.544529,1135
495,594,8,17.992384,390
534,406,18,2.247130,1110
257,300,9,6.826023,1183
12,351,14,0.916988,164
699,474,9,6.244922,784
539,395,19,16.350766,249
284,479,10,4.261916,1118
118,105,12,5.139772,481
436,458,15,3.769501,1091
436,747,13,18.408200,316
363,131,18,12.921986,935
220,554,20,8.634435,241
741,350,6,5.425832,419
40,471,13,0.429418,172
100,594,15,4.417272,193
385,607,7,5.592200,1119
333,227,11,5.753460,329
159,628,7,3.474590,264
181,444,6,9.781827,1145
622,104,8,5.799980,930
123,361,14,1.849938,548
737,531,8,8.398006,279
380,185,8,19.980516,849
200,264,20,17.699191,394
538,247,14,13.357977,849
555,162,7,18.756438,698
678,203,17,8.661105,986
25,58,6,17.117815,596
632,739,9,1.320506,795
238,222,9,15.007762,435
669,599,16,15.138139,710
692,598,20,6.653094,361
740,498,13,0.269852,402
688,585,8,6.249317,841
27,153,7,3.912457,740
120,176,14,17.056639,144
608,542,8,2.690267,736
368,59,7,9.353823,1110
308,179,13,3.664555,778
675,62,10,20.176584,458
162,498,17,5.016484,1054
80,366,19,20.093296,439
21,299,12,16.971888,126
687,19,10,6.477221,834
10,730,12,1.934017,568
217,424,10,8.500658,348
280,305,17,1.324687,971
626,320,20,19.858359,851
589,251,20,13.760738,290
495,453,8,18.382988,701
724,31,20,15.000609,332
712,261,6,14.212103,846
162,529,12,3.035625,335
507,656,13,0.504053,1094
91,589,14,11.598413,1169
746,581,14,16.586556,365
500,714,5,4.466434,746
652,473,6,17.722487,206
579,91,12,17.936228,1030
535,437,11,0.365264,150
247,105,7,4.800191,485
373,32,18,10.362082,750
666,122,13,9.471501,148
724,564,13,2.557134,777
222,697,17,9.060233,590
186,428,17,8.340826,453
574,47,7,12.508785,616
586,387,20,8.175507,661
390,558,11,16.945697,499
634,129,14,4.843865,542
383,328,5,20.430832,669
529,210,8,4.949067,469
740,100,18,12.955336,549
353,81,6,9.324086,950
105,565,13,20.096798,397
233,95,10,5.102426,825
14,234,9,7.215747,265
322,306,5,1.918617,1032
722,538,6,3.373975,575
426,107,20,7.926912,814
342,288,20,18.101644,756
644,153,6,19.361883,903
82,715,10,1.316346,1012
581,249,8,15.938449,219
141,742,9,9.014489,994
638,669,13,16.662253,1022
453,270,11,13.503727,825
391,35,8,10.489797,197
238,250,15,18.669564,309
742,625,9,18.140617,242
557,292,20,0.008612,644
280,644,6,19.236707,249
175,649,7,4.919167,957
389,732,11,14.376382,1010
224,549,15,15.518819,315
457,665,10,16.087877,453
429,557,18,10.482232,171
226,109,11,6.836519,821
380,465,12,14.626273,311
654,183,7,11.798565,844
97,567,17,13.343527,1192
601,116,20,8.651792,735
75,174,8,12.749852,1030
123,71,5,13.080480,890
734,383,12,11.737620,968
307,91,15,10.879885,1154
348,417,17,16.655343,675
436,483,17,5.431538,907
390,694,10,8.959629,1071
218,394,6,5.104068,652
746,193,6,15.041860,572
298,23,8,19.566316,585
10,258,14,12.992031,146
640,688,10,15.298855,171
490,632,8,7.023305,409
449,651,20,13.313570,1080
506,226,9,18.938349,411
110,6,7,2.493803,497
724,139,7,8.973421,922
190,203,19,17.997276,152
99,732,7,18.345974,860
602,283,18,10.772019,1022
624,60,18,18.751240,1037
611,126,16,10.666820,170
163,589,17,3.920845,213
188,633,17,1.542055,590
661,316,20,18.540136,452
156,384,16,13.590669,633
291,116,8,13.689225,577
329,703,7,15.163948,638
373,473,8,14.622287,943
651,133,10,1.006705,552
215,610,12,15.265974,244
688,435,9,16.565880,1014
563,69,13,0.259535,1188
622,402,5,1.787940,988
138,292,13,1.506318,793
245,530,10,20.306090,750
112,377,18,0.099715,1108
68,426,14,11.117657,345
246,327,6,13.811317,229
363,458,5,17.767254,130
563,318,20,0.234614,967
562,731,18,2.202681,109
373,590,6,10.373551,1080
546,450,17,16.821149,495
247,709,14,0.000869,462
108,160,17,17.934640,276
27,334,7,5.669630,623
282,79,8,2.658713,1200
35,352,14,9.991591,914
611,724,14,1.141322,966
193,727,18,12.386816,1136
538,371,10,12.780060,1155
402,745,5,19.773262,802
150,130,5,3.442937,499
634,103,16,0.563812,741
183,600,17,1.383361,685
623,577,16,8.670699,681
302,9,20,8.402916,501
177,102,11,10.527502,946
502,163,17,11.710701,626
632,90,16,6.093504,496
170,600,17,17.760949,647
202,588,12,11.182432,598
175,732,7,15.359921,422
642,689,13,14.320337,824
503,614,12,7.470912,950
403,83,14,2.071178,1196
174,153,6,9.971337,971
347,736,5,18.600348,463
160,100,6,15.269946,264
626,442,5,4.547362,971
223,265,13,3.337448,436
36,714,5,3.206434,995
242,31,16,20.196695,927
371,347,13,7.787785,785
149,178,12,4.469695,704
65,606,10,6.295644,531
672,572,12,11.212742,370
626,608,17,18.439284,465
342,676,19,17.396935,565
615,234,8,5.555745,817
304,350,12,6.013985,214
131,350,18,6.513187,380
156,578,5,8.736007,960
204,426,8,5.411038,1047
367,703,17,15.721852,925
100,526,11,9.979489,758
582,604,5,7.772702,900
161,688,12,13.489099,928
288,520,10,15.115060,785
703,570,8,17.459038,246
390,392,9,13.524719,1110
8,742,19,5.026000,546
448,48,14,10.429900,1131
436,426,7,3.644472,350
15,701,15,10.511424,782
604,659,12,8.864724,373
56,659,6,18.364104,251
178,701,18,11.690134,678
491,220,6,18.264996,1120
590,44,7,2.402833,355
690,329,10,3.199331,888
92,111,11,0.245360,884
462,664,19,12.962650,203
276,147,5,3.696633,840
221,248,5,19.105285,441
100,11,14,15.751728,972
462,538,10,6.394336,584
341,586,6,19.899250,293
695,515,8,18.554333,1004
703,472,9,2.755812,874
388,121,6,12.590521,1088
588,170,13,1.384536,550
444,379,10,2.618772,956
305,399,13,15.535611,471
471,451,19,17.253474,1042
628,239,15,6.852231,933
104,89,19,15.991517,334
724,603,11,9.318415,206
154,443,10,5.401509,1173
567,59,9,12.457764,1007
579,92,11,17.585512,480
531,443,14,3.972404,348
396,11,8,17.373943,503
666,413,10,14.141090,295
427,45,9,0.330309,521
677,220,11,14.790370,412
628,249,15,19.598360,1174
268,224,16,12.991676,207
443,482,17,1.278540,188
371,67,12,16.139510,225
491,684,15,9.530910,1013
423,387,16,20.048026,866
433,335,20,3.434006,1056
549,389,9,0.647858,911
250,312,10,5.324885,576
353,143,20,7.724931,286
32,678,18,16.458572,755
529,436,11,6.025610,1061
140,231,10,8.048010,704
531,235,17,11.339750,614
364,482,7,14.170681,688
314,48,8,14.610094,1087
272,37,12,19.342172,1130
29,466,19,3.969993,712
328,680,7,16.276365,1063
711,201,7,1.537255,1001
91,137,10,15.110736,560
127,32,12,9.692355,681
286,246,13,12.109327,417
514,247,16,1.377439,972
523,412,20,20.225288,168
344,182,9,5.538218,991
168,528,15,17.436178,730
139,153,19,0.046393,1005
188,115,12,13.305793,260
519,738,19,10.646396,842
733,628,8,10.980014,413
636,504,16,18.067201,706
408,89,20,7.757340,757
711,529,20,16.378084,656
211,643,19,17.987926,1007
101,332,18,14.269646,900
685,728,14,0.702975,857
86,62,18,3.535101,902
603,313,16,0.329962,900
385,113,20,15.196382,266
729,78,19,1.221682,294
656,649,20,10.045401,765
99,681,5,10.869616,332
542,658,10,18.036620,1035
441,274,19,18.797135,414
638,239,5,3.780150,1068
174,589,9,19.670089,1090
114,526,11,16.245076,1199
702,359,20,14.475163,713
425,448,18,14.860307,587
399,517,14,13.845775,705
666,291,20,18.942004,881
617,687,6,0.087523,853
614,445,8,10.513157,590
674,530,9,5.190053,845
98,146,15,15.818885,592
652,9,5,4.595846,356
160,598,5,7.812258,743
556,359,10,4.864977,601
372,122,7,19.074069,229
197,717,20,18.992484,472
704,345,8,16.360162,1187
122,512,12,7.971553,1146
671,352,20,15.703880,780
151,283,18,7.971424,201
730,232,20,19.462066,259
740,94,14,15.744497,603
725,358,10,10.951622,1124
80,481,6,10.716795,646
484,738,13,6.218483,140
108,151,18,4.238768,1155
309,71,9,8.656473,256
629,631,18,11.766216,516
390,366,7,7.530701,886
292,194,6,3.490872,357
741,632,13,17.577199,300
122,205,18,4.136269,860
351,163,20,9.141204,1021
575,231,10,12.495949,157
246,665,7,12.662548,1075
219,14,11,5.606298,689
598,537,10,7.842311,488
253,163,15,2.658935,1134
67,671,5,3.031649,276
167,336,19,13.621878,753
558,3,11,19.129799,638
416,738,6,10.684375,1057
163,315,20,2.910053,623
247,298,11,15.391418,1060
42,596,10,14.416185,771
652,491,17,18.051712,1070
172,118,12,11.690171,565
481,618,15,8.299577,110
624,324,19,12.086898,780
373,492,15,10.345212,403
424,382,20,14.715053,131
26,652,7,14.786789,1065
25,458,16,18.885005,691
693,223,15,12.519222,737
342,330,8,18.569781,933
48,33,7,14.101858,638
96,482,20,16.398179,726
538,543,14,7.419911,561
723,117,20,2.045021,274
592,396,6,6.208855,996
117,557,15,16.141343,414
397,678,13,7.921317,411
3,47,10,3.152996,1042
159,529,20,2.461088,996
241,282,15,7.231487,160
388,480,13,7.032497,1133
233,211,14,19.687792,902
454,457,6,17.008630,287
368,447,6,8.914750,429
133,41,12,2.778869,377
331,234,6,0.036380,370
393,179,8,13.718156,432
645,431,19,8.703141,1188
495,673,6,19.250220,993
610,570,6,2.309413,919
13,319,7,3.380592,932
445,454,19,20.106384,379
660,587,15,13.739036,963
356,544,8,9.519169,737
652,349,9,10.519107,915
582,548,5,16.885759,757
173,53,15,11.141243,832
687,157,11,11.177723,234
608,442,7,14.157804,370
151,223,8,6.615454,1174
72,670,13,12.352435,857
474,189,19,1.295351,513
579,404,15,8.927036,550
525,539,12,14.613931,242
443,513,13,3.129118,875
141,429,19,9.655960,167
683,400,6,17.377130,293
108,683,13,5.965007,986
19,230,20,1.021259,1173
674,466,13,6.520874,1148
422,97,16,12.558475,204
686,90,12,20.217813,673
547,253,14,13.507564,806
293,74,13,17.299937,980
342,318,17,6.740976,1159
95,161,12,19.746750,417
125,449,12,19.584680,748
246,724,15,11.425578,1154
566,651,6,18.538412,901
707,151,6,20.089583,264
186,7,7,14.534355,1083
290,405,10,20.159911,212
175,176,13,1.070798,946
362,690,10,16.126772,927
423,360,14,15.728901,613
597,518,11,17.218024,775
593,634,8,1.543430,838
154,424,12,12.178102,499
438,616,12,4.059751,889
487,271,14,3.779085,923
582,709,12,15.415109,112
617,84,15,8.724563,205
185,151,11,7.982956,648
92,554,18,13.679462,739
550,548,9,2.283774,871
514,171,14,6.239501,547
670,211,6,3.779454,1183
330,135,9,17.078845,271
51,521,13,5.351635,857
347,49,17,1.850436,1038
644,196,15,14.338636,1163
131,150,10,16.774824,553
125,58,11,13.036922,916
529,144,13,11.150329,837
69,7,8,2.277840,362
408,594,20,14.391857,237
172,261,7,0.273904,449
473,168,10,2.493284,422
425,69,19,14.071294,394
652,179,15,4.272419,574
216,696,5,7.702990,783
647,433,7,6.678895,594
247,562,14,2.629646,1143
294,112,12,4.813030,594
98,581,18,17.122315,595
409,401,15,2.453996,908
242,286,10,20.458792,462
695,712,12,4.784966,830
14,282,16,3.059112,581
151,561,5,17.447774,134
470,139,8,7.206629,1041
595,522,7,17.501318,338
345,170,13,16.219593,676
132,654,19,15.766930,624
386,560,15,16.181392,1112
155,116,19,2.878573,833
18,703,8,10.170866,373
493,155,17,16.191068,448
567,734,14,0.600727,526
623,677,13,13.947648,226
528,230,15,7.591056,1136
215,23,14,15.167008,484
133,367,17,18.042297,1074
618,630,6,13.665645,1133
427,383,6,6.204560,1045
19,708,20,8.855656,659
365,722,19,2.514316,986
113,467,7,11.444588,848
475,592,15,18.133693,653
381,66,7,3.300644,578
441,283,18,5.812320,679
415,284,19,16.244325,698
580,24,8,15.322651,995
524,115,17,11.269267,835
130,46,18,12.249231,815
229,549,14,6.585763,348
37,226,19,7.072725,759
38,350,5,18.098336,254
302,46,15,7.562330,603
521,571,12,13.684539,686
234,64,6,9.988185,852
646,618,17,11.701980,272
61,345,6,3.086725,247
506,641,15,16.472841,831
611,384,15,1.155867,1122
289,180,19,16.656288,609
335,41,14,4.650523,936
426,256,15,9.875238,446
219,535,8,1.368873,453
116,353,12,5.647196,666
142,442,13,4.988043,611
554,10,19,0.123788,530
402,747,17,15.210140,991
265,521,19,2.872581,129
271,469,6,17.571980,675
252,374,7,18.598464,809
437,234,9,7.953237,906
442,463,7,0.096485,940
124,357,13,11.863607,1092
355,447,12,2.673081,118
430,622,14,3.127164,657
567,310,13,19.089972,900
130,627,20,8.869970,360
84,302,12,16.904007,389
305,527,9,13.017422,690
645,185,18,11.660808,456
63,26,10,7.055695,270
152,19,17,17.551512,1086
557,268,13,19.969674,1092
504,670,15,20.308319,595
104,20,6,16.963558,1038
580,330,15,13.441673,207
662,203,12,7.467911,1171
85,288,6,11.309001,1085
535,548,20,11.773903,227
586,594,20,12.246225,316
83,345,18,2.545628,890
563,25,9,10.471255,751
84,250,15,20.314282,334
404,353,16,6.929436,294
547,27,10,4.021154,266
653,319,6,14.894009,1177
396,669,20,19.795209,873
689,106,19,5.595864,1047
722,524,14,6.026436,233
522,165,17,9.121389,688
584,493,15,13.223673,475
22,273,13,11.765888,738
247,143,11,16.893528,384
145,146,16,15.858042,644
265,684,16,20.083189,1147
117,744,6,15.648067,580
557,487,17,4.279653,208
449,250,8,9.751110,862
147,325,11,13.379787,1061
373,35,8,18.617488,386
405,24,9,19.690206,892
685,563,17,19.065003,575
81,348,16,13.669916,350
605,285,6,13.494520,433
21,308,16,20.310863,1144
733,676,9,12.245230,1115
561,103,16,14.633059,1038
687,459,16,4.394216,348
271,302,10,14.689365,899
507,605,17,4.371804,243
449,406,18,10.464375,991
121,108,11,13.253018,928
13,629,11,18.930627,1068
174,545,6,2.624891,622
25,499,9,15.412518,1096
192,685,15,10.657631,723
421,294,13,11.955257,451
273,326,18,12.627282,606
604,143,7,14.854690,275
411,558,12,2.237939,794
265,7,7,14.808003,564
166,248,9,5.149948,408
5,202,20,12.314783,762
596,272,16,8.872684,182
596,483,16,9.875698,1023
242,153,11,18.669171,124
213,223,9,13.693565,189
731,100,13,5.848684,213
386,379,12,17.863479,279
409,153,11,16.064799,1150
182,35,7,17.368341,817
697,152,14,10.243290,318
393,123,7,17.846005,1010
257,27,19,5.274320,707
219,378,9,6.025468,983
445,422,13,2.163408,290
351,287,20,4.974641,420
260,284,12,0.800529,172
731,231,11,5.910368,1101
338,555,14,2.888816,260
195,324,8,2.748945,786
549,725,6,4.099781,476
215,287,10,15.604018,430
639,605,13,6.526085,604
535,163,7,7.519493,1046
458,725,9,5.874114,604
404,720,9,19.197133,495
321,728,17,9.303509,720
730,588,20,5.388497,954
38,228,13,8.100419,352
7,550,13,10.818667,202
325,534,14,2.057485,641
646,123,10,3.432799,1081
742,340,11,19.732807,226
505,179,12,14.235311,1046
147,25,17,17.932035,390
106,723,10,6.060325,855
223,495,8,12.643996,229
411,654,7,13.725594,1087
338,277,16,18.299061,1096
400,192,13,2.654098,1104
128,524,10,6.443696,766
447,725,5,14.003646,700
642,456,7,7.068727,618
162,449,7,8.485054,786
618,244,12,3.283270,1128
95,620,12,20.455321,631
54,570,7,13.598351,326
608,680,5,5.279968,468
526,178,5,5.332236,1184
300,568,18,12.383276,109
659,454,10,20.356752,1082
316,146,18,9.204096,947
292,218,8,13.495783,505
734,687,9,11.378033,197
110,310,19,18.463477,638
363,320,6,17.344183,1015
633,22,5,1.191606,145
406,629,19,14.316562,832
524,266,5,2.398688,1163
37,124,12,9.790109,285
254,687,18,17.361959,496
225,216,20,7.160978,535
525,197,14,11.168180,589
597,70,16,12.456411,801
380,521,10,3.967039,684
224,254,19,1.062354,1056
181,420,20,0.049690,961
523,679,19,12.897695,1168
109,234,10,19.330439,281
637,708,6,12.284219,523
479,654,11,16.844232,403
687,225,9,2.789682,843
90,38,12,10.799599,320
436,495,18,19.392602,124
550,217,10,0.849292,945
247,178,14,3.598860,307
391,302,16,4.135693,981
709,144,14,3.527184,265
203,41,8,10.402576,110
151,600,12,12.838172,147
401,150,18,6.583375,281
293,81,17,10.930636,454
563,474,14,6.922802,635
725,292,10,0.818400,964
173,567,11,10.036586,657
345,43,5,13.465988,479
241,566,16,10.731735,883
534,245,14,0.451193,378
315,398,16,13.898129,542
470,109,14,9.334618,736
238,413,15,17.077368,195
318,309,17,18.845919,164
186,253,11,3.197172,899
478,627,13,11.741939,280
467,675,5,12.189409,427
476,565,10,0.437104,454
465,620,13,9.744251,386
637,710,14,9.795080,573
184,105,9,3.863781,1096
294,611,14,1.200775,280
390,545,18,17.626143,596
180,516,8,9.472801,423
48,395,17,10.818256,661
127,647,18,2.089026,835
663,183,10,7.656491,1155
643,683,12,6.307564,704
419,636,16,16.483691,891
573,381,14,11.094745,531
313,472,10,4.780670,571
387,253,6,18.425945,413
71,636,15,19.331448,458
373,77,13,9.869592,287
26,667,8,14.006191,301
511,84,19,5.511353,979
387,27,8,8.877522,436
693,97,19,16.398090,522
273,684,15,20.109354,430
724,478,15,18.058269,862
700,513,15,11.962064,1089
88,139,7,13.079823,1067
400,81,18,14.151016,993
192,201,16,15.739705,442
242,378,6,4.383571,303
269,594,18,6.254221,968
243,194,12,12.291366,778
254,628,15,13.187098,1143
171,392,16,20.441247,397
409,141,18,10.028563,732
3,737,15,5.264536,763
687,105,19,17.488233,304
731,123,5,16.721295,735
597,708,14,6.491890,151
415,119,8,4.833211,976
381,377,20,17.230192,813
198,740,6,0.594284,280
611,594,12,14.359148,103
605,161,5,5.249674,423
730,706,12,12.767406,330
691,681,20,3.328191,468
309,374,15,12.872982,235
660,311,15,8.929123,548
362,112,7,14.841754,512
494,73,15,17.648221,138
426,534,7,11.415352,496
33,439,20,20.231878,272
730,401,16,10.463048,532
38,172,6,7.122389,885
542,369,12,0.041744,599
517,568,10,11.735080,251
415,459,5,13.671693,200
478,440,18,9.327344,550
87,518,19,8.165408,365
495,427,15,17.676702,295
365,56,16,11.568837,596
502,291,9,1.047341,631
663,432,17,16.699078,858
414,349,7,11.727186,314
715,346,19,8.794144,227
620,260,16,9.812661,265
516,272,8,13.634576,150
177,254,17,18.579094,743
116,441,11,7.362322,389
147,142,9,3.768829,1004
86,526,6,12.344907,101
525,148,11,16.463580,990
365,329,14,10.675212,678
747,412,11,1.470443,493
74,223,6,0.116080,149
208,427,17,2.975994,493
140,101,6,18.509787,734
624,184,16,17.724635,408
735,75,7,2.369711,109
647,720,16,19.193108,1162
171,211,9,4.202773,220
342,346,19,16.895473,911
748,11,5,11.265763,186
71,3,9,11.298688,1187
434,419,9,15.248723,775
719,158,5,19.177232,923
603,621,5,1.969668,193
702,432,7,9.673034,592
277,364,9,12.797996,301
283,53,8,1.107902,279
433,8,6,10.486253,129
290,536,7,15.523853,474
335,711,7,16.142941,849
196,148,10,0.495875,782
270,616,10,16.342784,800
531,214,5,16.079759,558
406,324,16,12.228304,228
648,518,19,17.847513,611
35,58,13,0.838561,634
687,456,7,2.574872,930
593,132,12,13.006034,147
738,583,16,18.472884,588
605,3,19,9.674508,667
492,185,17,15.318542,176
83,343,15,3.148902,332
249,344,17,0.272303,1133
203,697,15,6.958604,601
705,251,18,7.851770,1184
570,50,8,5.203368,162
659,28,19,2.370033,1110
358,728,13,2.611630,732
588,591,9,19.838634,808
94,436,6,7.910222,301
522,303,5,11.036145,565
174,703,14,0.676332,1002
702,102,6,15.006466,878
672,634,12,14.531608,967
480,0,17,5.777038,967
362,645,10,14.759640,1120
702,522,13,5.772485,1030
260,31,19,5.265172,804
366,266,17,5.198611,677
214,92,20,13.021152,163
297,493,9,13.663629,1049
725,609,13,7.796251,529
538,296,9,15.377769,669
527,60,17,19.914051,777
149,237,19,9.036289,511
97,582,12,2.641370,396
437,680,12,9.957832,572
316,365,10,17.951756,327
312,286,7,19.964012,298
296,349,18,17.551688,1018
412,598,5,2.502567,588
165,107,17,8.196051,531
469,355,6,12.613570,103
57,122,14,20.321333,620
84,303,13,18.614791,729
127,687,12,7.947454,1035
533,378,5,15.915339,920
343,636,13,6.304072,678
749,152,10,17.973296,680
512,167,18,9.745143,728
569,349,15,6.292633,996
346,579,17,2.269710,1068
171,555,8,12.395437,428
313,147,17,7.083550,893
30,340,13,8.272749,433
434,503,16,0.274675,128
220,13,6,19.862828,1036
118,50,18,18.932015,337
177,614,7,9.173455,427
250,213,14,7.626399,1004
488,211,5,17.468787,722
21,546,7,19.235699,776
261,169,19,1.270256,888
643,24,5,9.084958,178
583,441,6,6.158050,709
604,351,18,2.003540,593
329,299,6,7.927375,907
686,189,15,4.711397,838
312,70,13,5.027048,282
59,541,7,15.657854,635
311,383,17,19.210985,521
187,377,16,9.796855,1143
32,76,8,11.725668,395
566,550,18,14.463830,132
316,431,15,2.510162,323
687,420,19,14.891835,829
199,323,7,17.916853,411
604,517,7,14.392965,510
347,456,14,11.179619,603
644,198,18,15.941898,1001
643,711,10,13.172667,327
539,495,16,1.744260,1034
65,353,20,12.565586,485
677,330,6,13.552384,190
728,517,7,17.796081,1001
173,161,15,18.269634,558
395,267,8,9.141336,187
247,668,14,3.007482,674
72,278,19,9.716881,554
622,243,8,9.771612,402
127,395,5,7.388167,237
599,464,18,3.686109,871
490,116,13,0.653567,683
622,206,20,8.363354,176
344,489,17,10.942127,940
116,742,7,18.093753,699
114,653,9,13.266135,136
624,669,18,17.364944,1070
548,351,19,12.795540,729
565,181,18,11.488981,845
361,283,9,15.474314,330
404,617,16,17.812584,617
521,358,13,5.957090,626
237,630,7,19.401499,413
350,396,15,4.210757,793
439,611,20,8.808607,345
29,563,16,12.693088,278
300,249,20,1.457624,654
635,337,14,4.605730,675
746,716,6,15.107581,624
292,730,7,15.077407,631
351,330,20,10.142187,379
613,728,9,8.783337,825
652,633,14,0.912662,743
596,447,12,20.298876,973
208,243,5,20.167412,508
18,719,9,6.133642,210
515,590,8,16.318184,245
441,647,11,12.980386,874
684,439,19,12.556145,548
491,152,11,13.724840,922
320,636,11,19.350493,1111
456,736,8,19.463110,1082
460,684,19,15.482446,939
233,604,19,16.462416,829
254,424,20,10.273456,1156
335,409,16,2.919398,1014
628,171,18,2.391218,100
623,126,7,6.559612,467
681,594,19,11.286905,521
658,462,20,16.033574,731
59,446,8,4.548735,698
33,528,10,14.598840,775
564,658,17,0.540253,294
506,376,15,17.024126,152
558,474,18,3.795927,703
496,645,5,5.488971,1152
322,566,5,18.019806,946
699,10,18,11.762395,1198
252,380,17,0.854883,676
160,340,8,18.957351,1075
39,472,6,15.024345,176
30,31,19,13.846249,923
728,309,15,3.148987,1020
23,418,8,15.466409,1179
686,740,17,0.653309,662
336,160,18,17.770121,506
629,271,5,8.717680,222
10,131,16,11.964117,947
510,556,11,12.127329,157
388,74,11,6.784915,958
205,73,14,9.181471,545
6,420,17,5.972515,294
587,124,13,8.443368,435
180,22,20,2.970539,938
696,189,9,5.599928,869
245,568,9,3.917794,898
738,547,7,16.190018,898
273,174,14,18.484427,778
123,670,9,6.236280,274
341,474,16,13.167009,991
114,614,16,9.954949,717
168,6,9,2.962594,570
405,510,8,19.636353,1168
578,602,17,1.953867,983
401,139,9,5.265235,926
342,610,9,9.026156,265
303,414,12,11.825906,1059
83,269,15,16.467791,1193
312,629,13,5.389871,960
266,670,13,18.729681,1018
216,315,14,0.580130,765
190,414,8,12.453694,892
678,716,12,14.162726,543
302,162,19,6.545474,1015
255,710,15,15.840611,291
255,174,9,13.421501,818
717,679,8,18.001833,875
132,472,19,1.389560,424
740,108,5,11.765025,850
688,316,16,13.742063,629
410,411,11,5.743706,764
519,643,14,16.998724,149
372,341,9,7.220191,700
237,712,9,3.768174,252
585,442,16,16.023050,629
481,327,9,4.177491,1130
342,746,5,12.629766,141
576,129,12,13.347244,898
131,745,15,3.108968,161
40,263,6,0.839121,935
370,348,9,1.077829,975
58,574,8,14.862890,737
239,512,15,16.506048,424
679,508,12,10.635714,1092
101,581,8,4.759407,410
497,232,6,15.625785,770
633,111,12,17.518464,891
367,292,10,5.849138,218
369,178,5,18.674262,635
239,548,9,7.212010,524
433,38,20,5.357254,546
103,476,9,13.126086,441
470,5,13,4.672919,1129
169,144,10,8.986412,765
703,93,15,2.653818,355
315,689,6,0.918112,164
440,257,15,3.424060,1155
610,210,16,6.273962,1161
333,332,11,6.314114,634
112,93,7,9.351991,358
131,720,10,13.300653,1165
608,537,11,19.257504,1042
335,131,15,7.620315,444
640,660,15,12.532175,1126
420,384,10,12.543633,860
104,217,8,8.388533,439
399,156,6,19.466302,1174
98,67,14,3.224099,684
131,466,9,1.225279,601
400,305,13,0.296528,673
470,331,5,14.406925,491
220,330,8,18.816217,1073
111,74,15,17.300253,400
59,176,6,11.264048,1174
74,436,6,14.924848,942
17,70,5,9.829343,513
550,561,6,10.130407,920
36,452,16,19.071066,417
112,356,14,19.299369,381
38,324,7,9.707250,1059
568,305,20,15.341352,1126
350,169,15,5.432357,723
29,491,9,17.035330,190
119,453,9,8.861047,343
590,744,13,19.009785,255
648,335,16,1.089733,212
257,659,19,0.806656,1004
622,316,18,18.209298,277
413,565,6,9.473423,314
273,91,13,12.284993,547
512,30,5,8.913909,255
368,693,7,11.074023,944
278,626,15,18.222614,299
317,663,16,8.112721,1015
526,195,10,0.871224,200
517,414,16,17.819351,891
41,178,13,11.477663,118
112,138,8,17.879568,648
62,475,17,9.981494,1089
12,424,8,15.704603,926
698,287,8,14.044430,283
202,545,13,12.513784,623
470,516,7,3.360160,1019
708,448,12,15.487052,274
282,560,15,3.364216,975
314,325,16,19.017042,730
183,453,19,17.294591,251
192,98,14,14.409502,1058
524,122,18,14.084115,897
670,723,18,17.514329,286
476,184,14,4.568980,760
375,509,15,6.265596,1170
580,694,9,10.751872,400
334,594,15,19.723597,558
130,143,10,8.686267,654
465,277,6,10.843704,187
334,581,8,17.283314,1058
216,252,15,2.215934,402
508,721,5,8.296627,224
88,59,16,15.354782,1079
145,2,13,5.283594,654
617,595,17,14.233618,753
205,489,20,2.837077,651
22,745,6,15.031147,419
114,193,11,16.890536,886
50,371,8,9.519688,483
132,128,12,14.908852,573
207,588,10,16.184115,488
42,615,6,0.148119,465
470,748,15,18.103957,486
344,63,17,17.549564,785
450,327,12,7.630459,905
400,651,10,15.852553,405
0,304,15,8.419927,284
125,204,8,9.090273,510
523,319,10,3.613310,215
668,490,6,9.817802,604
181,542,5,18.687553,1129
223,63,10,18.410913,106
278,231,9,14.485325,711
414,712,20,3.169984,484
36,228,5,12.742258,364
555,28,17,16.672581,1157
441,161,12,0.181668,261
593,509,16,15.302214,563
535,404,5,2.600713,437
605,236,7,14.411121,217
158,99,10,0.479825,829
563,429,14,16.644478,757
509,13,12,9.722530,290
732,450,19,8.349884,1079
302,304,9,12.970688,255
434,543,7,14.923078,753
449,376,11,13.629031,388
156,364,15,2.008737,791
183,188,9,15.278702,858
631,540,20,4.347801,779
267,503,12,4.874102,946
253,731,18,8.055226,616
721,582,8,15.062552,534
23,683,12,3.564087,1129
255,430,15,15.092575,607
116,341,11,9.161707,389
366,217,15,20.276610,333
544,716,19,15.986053,520
349,588,9,15.901440,546
107,726,15,20.491026,669
137,631,14,17.416525,896
710,38,7,20.280453,525
30,214,17,0.120350,816
595,470,14,4.427160,798
522,70,16,14.665423,827
586,87,15,9.797307,782
284,553,6,14.811123,219
743,82,18,4.923986,1078
213,119,14,3.631355,236
552,279,9,19.241720,737
331,107,10,6.082843,740
85,611,13,1.528218,779
552,346,10,17.450535,519
465,413,5,3.687820,181
372,333,10,12.519471,202
555,343,15,0.760622,1001
75,111,5,6.885822,479
727,527,13,3.278823,515
193,327,9,12.041155,703
265,77,14,6.731432,948
9,520,16,14.532635,1014
469,308,13,12.717796,1137
50,428,12,10.420569,781
670,485,14,20.169452,1083
129,535,17,1.102775,171
719,705,7,0.792758,988
498,433,14,7.401505,1184
592,101,14,5.701148,1147
527,152,8,9.767981,355
155,98,20,11.798640,672
72,326,14,13.513269,810
399,605,12,6.190162,227
620,719,9,1.829683,446
25,713,20,4.689996,1053
241,654,7,12.092286,478
103,334,15,19.001000,379
298,261,20,14.160750,184
560,254,16,7.485863,769
609,707,14,1.345236,947
256,507,14,19.483129,346
509,75,8,16.232550,550
740,581,11,8.491091,415
450,177,14,12.020624,419
134,87,17,18.856059,1017
599,282,13,19.846684,112
562,521,15,8.800208,349
72,621,6,13.963841,345
41,181,16,8.918174,912
744,545,11,19.134345,682
528,279,16,16.551393,969
326,91,9,9.141975,876
70,564,14,13.006338,294
653,579,5,8.592637,116
567,8,16,17.100041,405
320,710,19,11.894409,860
153,53,11,3.155375,933
743,293,5,17.139105,888
341,528,7,9.566275,623
11,271,15,2.066384,617
356,13,6,9.811541,224
487,677,15,12.717593,401
700,169,6,18.300561,528
231,1,10,4.892722,1195
218,29,17,8.760536,969
634,160,6,14.400568,137
208,179,8,7.949146,269
537,13,10,14.299263,1141
621,51,12,13.349384,984
55,508,12,1.143801,581
371,89,8,9.079512,781
339,409,14,9.335848,630
255,288,5,10.053868,834
238,96,9,15.797043,507
298,548,8,11.447769,957
348,56,13,1.793743,814
548,502,13,14.092089,787
713,274,7,3.600212,216
29,479,7,12.574226,1160
356,7,20,13.750258,840
149,95,5,18.806325,692
173,357,9,1.850360,126
255,399,15,16.470124,479
558,386,18,5.061934,529
525,305,20,3.813595,604
442,316,14,19.501349,850
111,117,9,18.550089,516
496,600,19,3.360893,266
88,618,6,19.520330,530
322,266,10,4.546186,385
175,654,20,17.261412,705
93,653,18,2.350424,331
22,128,6,15.539322,1118
684,70,5,6.167734,1156
603,579,9,17.795786,1003
429,308,13,6.935042,781
288,79,6,2.543898,1068
649,349,17,4.813688,1197
619,747,13,1.446176,495
649,307,10,5.374249,132
434,477,8,18.462658,1198
382,39,14,0.690232,937
559,404,15,7.637920,362
556,63,19,8.681309,337
66,623,7,19.909977,346
212,508,6,16.711023,388
307,543,16,16.847040,788
40,662,14,19.185567,728
700,335,9,15.912959,120
673,137,5,6.191575,754
487,739,6,13.604389,916
308,150,14,1.812829,520
354,312,7,11.081870,112
726,536,16,4.144192,581
562,589,16,0.133430,475
601,251,11,12.449331,673
666,486,12,6.581310,809
236,26,15,1.449284,915
307,214,7,1.001149,849
326,352,5,0.558737,1114
472,465,18,6.147150,146
300,366,18,13.995143,970
586,68,10,6.555297,1006
632,530,17,3.826760,279
717,474,13,14.322143,785
8,373,11,19.328002,227
437,529,10,0.766787,808
685,337,17,15.307083,843
521,274,9,10.393499,1137
488,331,20,11.326709,379
676,220,18,4.896167,862
513,245,12,13.934259,1115
497,21,5,9.645377,1136
244,443,12,4.032698,431
196,242,10,19.478774,398
542,154,5,18.567037,716
467,592,18,10.932515,469
474,110,16,19.407906,648
386,338,15,4.421163,120
518,727,13,15.618529,805
352,462,8,3.236309,829
579,667,15,19.592448,783
527,292,7,14.454976,481
412,82,7,19.639551,799
62,105,11,12.955260,665
511,110,19,5.450622,192
341,285,17,18.859043,597
124,738,8,16.583175,135
641,45,5,0.294448,578
172,179,13,0.283693,372
553,747,13,7.003257,856
422,655,20,17.021698,222
708,230,20,11.827089,905
303,708,16,13.637826,529
523,107,19,17.231739,932
585,621,10,9.383018,1040
220,722,7,20.449380,1187
597,347,6,11.968791,256
204,617,6,4.503881,229
598,279,12,11.676839,534
339,741,12,5.602589,1066
362,341,10,6.925244,678
727,687,15,10.354055,272
426,580,11,18.241995,250
208,336,10,5.654628,1059
382,533,11,0.818741,706
427,349,6,7.575519,1085
735,414,9,16.171742,335
703,359,17,12.587288,370
535,599,5,2.336193,165
655,633,7,6.704092,378
293,535,7,14.028521,762
306,497,11,16.905493,129
325,402,15,15.638298,1135
59,368,19,5.980492,681
587,462,11,20.391376,252
93,493,19,16.928954,377
490,693,5,2.075943,107
85,132,8,10.506987,1093
476,386,5,19.991830,1175
146,579,5,2.928901,957
714,676,7,9.438719,336
530,99,7,7.423826,887
436,291,20,13.236983,1017
292,329,8,9.798479,1188
479,156,14,5.856133,384
456,354,7,1.321161,685
458,277,10,8.016865,1034
30,49,10,11.184168,439
159,684,13,18.214273,166
636,656,7,2.892234,474
691,655,18,12.157837,1174
300,140,5,7.987523,984
204,283,16,5.752174,149
486,379,18,19.213418,913
54,161,17,16.457501,216
365,455,7,16.875551,229
530,477,10,6.710180,650
609,9,5,5.980376,463
130,221,12,4.498874,1131
297,29,18,16.920201,586
130,0,16,12.485944,1121
462,101,19,8.775743,504
236,635,19,15.976584,113
326,409,9,3.883878,223
705,167,17,3.680696,225
569,174,15,20.161000,143
539,340,8,4.459232,266
617,355,11,20.497857,1122
404,714,12,17.715846,1022
601,614,6,0.424657,241
743,237,13,11.551099,676
380,395,17,5.625633,865
78,685,20,3.981890,1064
247,58,17,5.198105,817
607,187,11,17.566069,425
570,468,17,15.389606,976
533,545,6,15.595601,1153
134,680,17,14.408994,460
549,194,7,19.167364,190
191,225,10,1.097617,810
597,74,7,19.624712,991
536,502,14,1.207096,151
664,246,11,2.112186,671
623,294,9,4.847779,232
196,283,16,12.354387,275
603,736,15,6.352502,835
248,267,5,7.168924,748
659,538,16,19.496562,231
461,292,13,6.823395,1024
505,561,12,10.048487,471
54,344,7,1.163981,280
238,151,18,1.769109,540
376,81,12,8.011633,855
468,117,9,12.653028,414
453,724,11,4.547854,483
673,27,11,7.008115,303
581,605,5,2.120566,679
330,541,5,12.127826,1149
258,382,11,0.568065,709
553,98,6,11.846708,211
532,274,8,9.105995,622
643,609,18,3.090610,786
557,364,11,10.306757,637
189,671,14,6.626552,536
386,727,15,3.705564,492
724,181,14,10.632769,738
386,499,20,18.591918,757
513,579,8,12.439606,875
219,112,7,1.674153,261
529,72,9,17.497782,353
595,484,9,5.367247,495
163,587,17,20.105155,717
54,680,11,0.217702,142
275,73,12,14.983209,422
691,276,14,3.368169,238
568,531,19,5.944831,633
277,665,9,14.490143,866
642,594,16,19.369513,827
65,148,17,6.029267,386
65,352,10,9.783279,200
579,691,12,6.527686,159
156,367,12,4.052133,642
451,542,15,4.716349,604
211,465,11,1.561675,509
476,64,10,0.908254,712
390,451,19,8.511399,1108
247,695,10,1.116676,626
436,642,19,4.948450,256
36,186,18,19.308326,777
600,371,8,10.057385,1184
170,459,18,5.073167,838
175,367,9,17.259623,757
257,364,11,12.419069,1181
478,745,13,2.793510,569
233,564,18,16.012773,685
739,517,15,15.177993,363
397,331,18,15.064492,895
444,640,6,8.073428,148
535,146,12,6.150667,211
58,479,18,2.556927,518
170,604,9,12.027375,1055
224,479,20,15.759320,864
420,695,11,3.493469,624
283,634,10,18.681432,636
664,194,8,12.998614,635
709,9,5,7.807135,966
29,632,8,8.415218,414
635,445,12,7.358098,1190
349,626,15,7.191992,244
322,635,20,6.921728,1092
21,178,16,15.033340,1004
48,108,7,12.734679,726
640,663,12,14.435683,367
407,360,12,16.671667,248
512,309,10,17.473552,1040
393,130,17,4.918849,427
41,504,9,0.128567,884
555,456,13,11.086899,983
514,550,8,6.632983,291
348,225,17,17.588906,182
339,421,5,6.504758,765
12,120,10,19.381868,583
396,656,18,15.689369,807
467,549,12,3.061193,100
389,605,12,9.147299,1133
86,118,15,11.668674,964
488,731,15,2.893777,724
361,310,10,7.929291,302
551,353,9,6.455254,560
347,443,12,0.164366,897
183,96,14,9.921559,1084
489,395,7,19.898891,435
511,525,19,18.764859,1126
80,211,7,17.855627,921
500,466,19,10.589106,635
165,411,9,2.106419,623
71,490,12,19.446563,263
373,65,11,3.464957,604
527,722,20,3.919465,396
514,40,11,0.163525,578
592,563,18,20.176517,1160
59,664,15,2.947637,1000
285,730,11,0.591604,822
442,570,20,10.052560,1197
518,409,8,5.123988,1130
474,695,12,2.091050,921
457,445,19,20.157068,908
456,378,6,16.367701,140
585,333,17,8.570092,533
466,455,15,13.537952,1131
511,545,18,10.169820,208
645,151,13,5.074068,635
470,747,19,18.560458,1196
459,379,6,17.846150,883
186,196,18,19.577500,261
249,327,8,2.731265,1112
232,276,8,16.903550,105
502,695,10,7.629348,1168
686,506,17,13.750540,195
686,486,13,8.865576,344
288,648,11,11.018181,465
530,633,11,8.307333,167
312,115,17,4.192360,719
390,432,16,4.780198,354
397,731,18,11.078403,1100
629,481,17,20.461566,460
146,45,8,11.707458,611
223,181,11,7.604193,1052
460,423,14,13.179960,609
48,260,14,1.587038,558
704,14,14,13.758306,893
307,201,5,13.943207,288
315,381,8,11.011132,379
50,127,18,5.055991,1185
181,510,8,6.369063,782
683,257,12,2.328228,487
185,28,6,1.638709,889
305,322,20,1.315494,1091
715,576,8,3.572262,554
291,592,10,5.499592,150
305,153,18,19.068746,1164
659,128,17,20.047320,808
341,89,12,12.555112,197
380,646,10,14.150994,186
358,265,19,17.499258,583
131,46,10,14.414214,731
341,261,14,8.361407,295
391,415,8,4.298095,570
468,388,12,15.443290,523
677,690,17,9.436091,181
730,509,13,3.092217,931
566,680,6,13.600275,300
119,211,8,2.034286,634
107,130,7,5.486436,799
257,271,9,10.163538,750
455,395,19,2.954648,610
465,349,14,9.401406,165
410,113,9,0.156069,1195
0,532,7,0.349003,954
149,479,9,15.606305,889
103,29,15,5.114811,1064
272,607,15,7.594853,735
265,556,5,13.143559,709
135,412,12,14.743806,241
231,32,15,12.392839,728
616,74,10,6.793785,1005
483,211,13,12.184298,692
330,432,7,6.863993,154
697,624,9,3.173108,616
733,246,5,15.057370,984
407,706,16,3.448869,1018
150,563,5,8.959635,627
171,267,11,17.393069,481
537,239,15,1.976875,1089
254,215,8,11.513047,1087
129,77,6,6.821415,313
337,595,5,6.917472,520
592,728,6,19.063620,178
104,61,15,15.114314,1074
107,352,12,15.293226,286
669,87,10,16.439832,1137
602,430,7,13.469079,814
170,325,16,17.329458,322
566,279,11,0.948537,1001
658,164,14,18.445883,120
409,109,8,3.950311,349
498,247,8,13.181451,707
426,380,8,2.757785,770
279,200,10,11.646417,117
728,718,6,0.712409,428
661,149,20,5.989880,275
396,458,7,17.478684,325
497,725,16,18.465102,933
454,240,15,18.362657,111
33,380,16,4.326280,327
202,132,9,4.877869,682
577,563,14,6.297310,439
61,513,11,6.413767,413
282,727,17,18.387859,622
53,215,18,9.130316,978
425,621,11,9.862613,842
748,740,12,5.681579,925
104,665,10,12.165312,215
138,301,13,17.463371,827
633,368,19,8.600777,670
154,230,9,14.981355,474
381,250,19,3.046414,774
34,138,7,12.116248,572
227,740,16,9.765597,872
653,409,10,18.746768,429
46,150,17,13.445272,709
563,632,17,14.972078,181
209,140,20,6.715951,178
621,722,16,20.039856,370
75,324,14,19.618474,499
437,389,8,3.933404,1087
168,497,6,9.944253,237
566,266,17,20.399370,151
601,313,10,4.408573,968
465,29,6,0.399221,362
188,1,19,6.008876,254
228,681,11,6.623489,764
500,53,14,1.062236,625
510,282,17,3.937221,1084
44,517,20,8.952575,569
90,254,15,4.325775,640
608,654,11,17.762952,1006
455,416,15,16.531097,1064
551,281,14,5.721625,705
351,379,17,17.564918,338
153,351,12,9.671493,244
174,25,13,2.203771,695
577,739,5,2.844883,303
36,283,10,1.947348,867
96,533,7,8.201616,1127
193,560,18,4.307954,260
498,184,16,4.638838,976
710,162,14,10.441563,155
488,493,20,10.471665,1039
306,671,14,0.324618,1013
119,102,13,10.728908,365
4,278,8,3.970693,328
171,82,13,6.583805,595
393,609,7,19.992465,1013
467,230,18,4.990968,622
624,543,17,12.378226,529
347,183,7,9.756563,480
46,33,11,11.900659,296
79,480,9,0.253009,1087
22,431,11,4.295850,103
34,581,9,19.461896,562
17,169,19,19.908937,259
472,720,9,18.755866,361
375,703,6,1.472890,773
625,499,15,11.433470,779
689,562,8,18.149226,154
316,303,20,0.809995,499
426,300,13,11.710474,314
376,628,14,18.399734,380
428,611,14,16.362033,997
285,398,9,15.614454,356
566,31,19,14.311137,643
136,123,18,19.909797,489
260,21,9,14.141917,116
111,266,15,7.576284,105
349,254,18,15.696683,739
160,36,17,17.784884,533
569,691,15,7.180303,600
476,311,11,5.381204,183
708,546,10,17.308332,758
342,625,8,10.661203,1010
417,343,6,5.632390,418
463,129,12,0.095474,1072
707,428,6,9.550619,390
206,697,9,12.399150,597
337,83,12,13.209721,818
358,155,18,14.714306,265
276,251,5,0.422266,528
212,361,5,4.614078,605
70,137,16,0.182999,272
369,409,13,4.104761,813
257,350,13,13.395479,1151
234,549,13,15.560752,378
535,217,9,15.805893,622
484,725,8,6.386870,1078
422,464,9,2.680125,213
40,153,13,2.983868,934
343,422,16,3.895054,1140
41,543,7,19.072697,757
89,648,7,8.975133,920
220,533,12,17.835600,1119
305,405,10,16.299095,260
4,16,16,0.081825,1146
405,508,20,17.836594,201
704,649,7,14.668534,605
182,624,5,4.556201,254
338,528,17,1.677193,548
153,677,16,15.405102,972
463,167,18,7.666908,1173
741,528,14,5.642586,889
110,598,7,14.406174,112
462,156,17,11.764878,824
729,630,17,10.037775,1165
277,114,12,8.968552,738
11,316,10,14.668401,1165
74,237,5,6.389261,942
656,576,17,13.798284,198
555,735,12,16.712784,554
475,376,18,12.189604,205
410,597,7,0.180895,835
494,502,11,15.852983,137
237,324,5,6.498318,929
111,369,7,8.379322,905
692,448,11,5.376743,892
594,117,6,2.927354,607
43,238,15,1.459045,541
401,168,8,18.298200,390
565,71,11,20.192435,894
325,592,6,8.657443,653
434,684,19,7.799692,653
278,599,17,8.607967,948
315,20,18,3.120530,834
303,333,17,13.685138,362
370,413,11,8.264325,269
224,617,9,15.154197,1091
202,585,10,13.381915,747
217,253,5,17.913041,794
663,522,19,2.673343,868
138,24,8,11.843335,1102
629,506,5,16.733623,855
257,36,15,3.177444,697
438,663,7,5.649952,877
34,377,17,13.334491,1177
431,453,12,17.295720,978
584,195,16,18.274752,666
326,164,12,14.066600,868
262,744,17,19.647891,703
36,285,10,8.680885,1044
365,636,8,5.306301,101
397,149,17,10.264648,185
189,221,7,17.602610,223
206,398,16,6.662919,918
303,713,18,11.121557,350
327,289,14,5.141358,1049
436,490,9,8.834962,1029
176,292,20,10.624430,1020
293,588,16,8.315610,866
166,723,19,9.798952,384
720,602,8,20.217658,1106
428,516,13,10.111829,598
184,631,5,0.739946,381
308,701,13,13.664715,527
296,731,5,13.221025,849
517,393,7,2.815869,416
535,727,19,3.222832,262
549,747,18,10.135103,119
666,289,11,6.945340,576
546,275,16,12.118468,387
419,112,14,2.909364,961
251,675,18,1.492891,249
394,356,18,1.781918,917
324,589,8,11.859173,423
210,307,15,11.345050,889
122,68,13,17.411260,1116
601,430,5,0.739440,1032
271,81,14,3.577452,353
15,103,18,2.247450,760
359,251,13,9.159691,908
84,604,19,1.258723,684
333,197,8,1.763036,477
371,539,13,15.800322,601
68,498,14,10.860911,652
482,24,15,0.044319,1058
166,3,20,14.726613,870
25,607,17,14.918498,319
469,495,19,3.449915,823
307,684,17,14.506802,140
286,592,13,4.300429,929
195,696,19,14.779228,471
275,160,12,20.452610,661
154,616,6,10.583425,132
211,405,18,4.084169,980
515,493,10,4.872094,816
624,378,18,12.781662,852
642,724,19,9.892917,664
60,507,7,2.548562,996
328,88,5,1.208619,1017
713,358,7,20.036903,620
256,21,12,17.462214,911
367,225,14,7.154584,841
358,637,6,19.528055,159
385,236,16,12.614325,136
487,734,12,6.079732,168
588,188,19,2.742650,589
434,37,6,18.754256,1186
365,547,19,8.551919,934
648,70,5,17.977523,1199
75,578,14,9.391697,1094
469,608,19,1.593525,372
205,594,9,8.948654,716
404,638,11,7.710271,836
683,247,6,7.972940,943
122,119,7,11.296479,386
349,122,20,0.957518,169
272,488,9,6.777271,1027
470,170,18,3.060625,356
386,147,16,2.679661,114
379,67,11,15.377537,306
84,27,8,20.435104,164
188,413,12,7.345837,834
535,712,18,19.179774,724
60,357,8,4.298640,530
489,183,20,5.229176,450
504,345,10,13.872278,530
702,722,11,13.329080,238
639,708,14,4.497576,489
356,177,11,12.686092,725
588,527,5,15.420649,688
496,2,12,4.336967,1043
302,516,20,17.213372,910
1,719,13,15.569894,880
675,724,14,8.765198,621
516,109,11,19.381692,188
168,2,16,4.087250,562
423,539,7,10.179663,209
297,437,15,6.685897,449
2,119,17,12.786356,411
400,423,8,3.428932,1122
578,357,8,14.688788,156
519,72,13,17.508499,483
252,675,10,18.525219,387
719,440,20,15.273358,293
42,119,15,0.973892,201
441,521,20,14.399163,733
372,687,20,17.532240,1092
672,123,7,1.217122,514
393,215,15,16.372800,1187
547,425,13,11.302014,878
391,668,17,20.145221,635
616,65,9,4.646245,808
516,658,16,3.817057,476
679,292,13,17.033924,451
575,350,7,17.173375,849
132,210,14,12.773817,658
165,36,10,8.559907,102
330,245,16,17.589638,1148
673,155,11,3.485142,747
506,568,19,5.645826,707
507,255,10,0.785431,195
277,304,18,3.489142,1199
132,203,17,5.245858,917
408,26,17,16.698426,471
327,457,16,12.311432,529
213,728,14,8.797264,1190
315,405,5,7.347877,688
324,532,10,2.565909,450
564,621,15,9.599707,975
178,687,18,1.256958,202
109,71,13,14.044640,1131
719,490,17,0.946792,408
114,684,5,19.955346,328
79,528,16,12.955868,126
176,115,11,20.277049,1159
551,589,11,9.195210,798
236,465,9,3.525347,827
343,122,7,17.726061,1060
369,484,19,4.227700,583
459,455,11,5.051889,862
222,331,16,9.406641,733
145,76,20,14.493326,449
493,695,5,12.740261,826
106,365,19,16.219576,396
105,740,16,5.239730,441
342,532,15,2.044401,268
368,88,19,11.720423,231
545,193,16,18.537613,287
432,33,15,13.717957,780
208,187,11,12.788644,232
10,89,6,11.022385,792
646,44,18,16.682834,989
668,155,16,13.774823,1100
223,427,14,6.701741,1166
192,684,7,5.699524,846
153,273,9,3.725123,673
333,411,15,6.978248,1174
9,678,20,2.378150,983
251,252,18,3.746024,594
205,694,19,7.010417,561
323,268,14,20.382051,951
281,400,20,2.525238,677
196,412,7,19.134094,811
522,384,18,0.349958,286
38,302,7,3.014545,263
691,416,16,0.957986,1036
693,67,19,15.567351,537
525,133,13,10.052340,514
436,67,18,15.171170,969
718,312,18,1.325072,485
226,676,14,10.217825,384
593,551,5,19.793349,947
325,25,9,1.763278,619
737,13,18,10.500560,968
75,376,5,18.738384,832
199,671,20,4.364654,184
651,569,6,10.837440,422
675,22,19,8.678333,649
294,244,7,16.944553,398
703,422,12,15.601287,107
242,534,11,17.365992,808
733,106,10,18.856572,893
712,615,13,1.882088,588
684,333,7,0.022779,765
161,338,13,9.585683,318
407,184,19,11.443514,956
427,90,15,3.989089,794
339,531,10,2.582905,180
30,409,19,18.058705,1104
473,155,15,0.852321,1130
670,691,20,6.367933,349
333,87,18,4.949374,1155
624,264,10,5.440977,567
288,53,9,15.191419,1059
266,311,14,13.325909,290
293,261,13,8.388030,755
238,713,15,16.954279,175
275,252,7,2.989860,546
328,434,8,10.733910,910
50,169,18,6.913864,478
125,192,16,5.226365,947
286,221,9,0.615694,674
379,370,6,13.771532,1146
185,412,17,14.333425,919
672,237,13,2.197056,1028
147,290,10,5.562208,1127
555,548,13,6.895408,1106
299,721,12,0.649335,510
719,7,16,17.205445,1078
232,366,16,3.145417,887
697,441,6,3.798677,1185
465,105,19,10.676556,1193
510,676,16,15.944721,895
688,491,15,13.208455,157
291,748,7,12.636780,209
272,166,11,18.628697,170
124,732,7,18.720966,1020
331,95,19,19.851211,774
280,699,19,11.321929,584
117,335,20,16.544716,974
452,694,19,7.533721,193
341,91,9,16.537500,258
389,186,14,8.466850,1021
518,373,13,11.187612,976
551,189,17,9.644044,196
69,155,15,7.187466,560
192,439,17,4.858351,910
606,43,12,4.739372,367
386,86,8,2.375803,365
513,602,7,18.274994,986
436,378,8,6.608707,904
674,524,9,18.924262,749
248,732,20,4.796849,1176
453,649,14,19.934882,1175
691,636,17,17.595559,639
493,732,19,10.054125,952
22,682,12,0.059408,502
126,185,6,12.039411,276
602,377,14,6.283408,1103
449,74,6,11.206671,1188
42,165,18,0.582582,949
488,332,16,19.663258,1112
6,632,13,13.432468,420
731,628,6,3.236720,1038
229,111,11,19.523524,293
463,251,12,1.667843,914
556,510,14,8.086719,1178
469,302,5,0.322476,258
395,131,14,2.529841,831
710,106,15,13.307036,650
469,176,7,17.897766,434
138,270,18,3.661209,879
338,131,5,4.799795,1090
147,534,15,3.479951,199
276,76,11,11.427211,120
167,337,14,18.389521,1068
564,83,18,8.435871,1043
306,481,11,0.531763,429
691,712,8,12.502721,277
376,584,14,10.142115,811
297,268,18,10.817889,348
9,627,8,20.327481,1185
292,380,10,7.808787,1033
718,338,16,20.009470,434
213,141,6,15.505259,838
294,544,8,9.584880,310
57,184,18,7.717297,1098
678,266,17,9.803480,235
691,671,13,0.683963,174
614,633,20,17.286809,879
580,104,14,19.399547,745
366,601,15,8.392555,142
672,92,15,6.475042,156
473,203,16,15.590692,665
380,217,8,2.358433,101
214,547,12,7.490618,753
718,88,19,8.671378,312
243,748,8,14.172210,494
418,201,13,5.672401,162
437,354,7,1.708392,378
268,515,20,15.430065,1031
676,616,9,1.362497,149
693,62,8,1.985938,390
92,247,9,10.504916,888
731,501,7,14.773423,856
384,470,14,13.819206,228
10,690,18,16.661166,546
67,397,17,11.165367,229
81,306,5,10.705679,502
474,719,8,9.644809,1046
115,443,6,16.748182,743
175,562,7,11.847077,1161
689,707,18,4.746118,191
484,639,19,8.034259,699
130,109,16,1.098823,773
224,126,7,3.003691,224
444,316,5,16.794009,330
410,20,7,13.994362,1189
529,368,9,7.104130,618
367,229,20,1.132022,227
700,232,9,16.216787,416
3,363,5,0.294507,291
720,643,16,17.222636,231
512,468,16,1.278101,823
730,19,18,17.344265,1164
698,697,8,9.784136,116
87,630,5,9.872919,319
105,657,16,16.018527,1067
696,245,18,0.951482,791
500,237,7,10.659782,923
571,45,13,13.113902,467
240,552,6,2.583534,1105
579,466,18,18.870503,459
695,400,10,6.868228,1055
728,135,11,15.511668,342
68,24,5,4.413523,246
23,362,11,8.821870,587
689,228,17,19.337314,917
204,579,15,17.701786,1077
644,189,20,4.474466,564
673,591,6,16.001768,768
596,476,12,9.261703,220
162,136,17,16.026519,584
10,414,16,0.578869,698
471,641,19,7.580381,971
260,412,8,16.313819,413
460,719,9,18.676796,748
433,487,9,16.423972,1050
746,221,12,11.181765,142
480,268,5,4.716303,626
353,319,11,0.243183,924
196,245,15,9.025903,824
383,409,14,0.525431,973
204,321,9,16.465897,728
589,10,7,11.023396,452
601,27,5,19.177871,998
732,420,12,16.109727,398
736,61,11,8.339482,496
482,557,14,5.419759,583
266,287,14,5.987500,653
724,125,17,16.858038,1155
202,105,17,15.945398,1023
137,360,7,8.525251,441
634,351,20,6.908120,797
728,248,5,10.167118,375
59,580,8,1.829385,1065
237,615,20,3.700108,955
513,301,11,19.422285,616
534,23,12,19.481270,110
431,699,16,18.424434,566
515,285,6,11.005109,231
494,294,8,5.914780,726
154,6,10,12.015665,773
379,596,20,4.261337,157
376,609,9,12.439772,725
560,492,9,19.896473,753
339,447,20,14.815176,818
132,297,17,1.401098,1187
174,738,6,16.124915,685
575,358,10,4.858028,1043
248,488,5,8.162926,679
201,136,5,7.611426,323
483,665,18,6.461690,174
635,88,5,8.445934,368
228,437,20,14.127154,1049
595,224,11,2.008363,882
749,690,13,0.360072,600
316,125,6,8.066370,1123
744,27,5,18.473985,309
654,249,7,20.485262,250
487,66,19,3.476269,1184
433,244,17,4.536318,471
473,26,7,12.682409,546
461,448,18,1.644578,1042
467,414,13,1.409617,591
490,144,10,18.878220,513
4,741,13,17.200809,458
592,530,7,17.771895,522
294,132,19,16.534510,554
314,265,16,11.323317,371
731,302,6,17.807383,902
139,659,13,13.837127,371
152,475,15,10.420206,433
615,119,16,19.928211,571
150,706,11,3.762256,612
44,401,20,18.325698,729
303,507,5,11.649365,1037
459,401,19,5.023804,493
727,462,8,0.195781,843
518,534,16,3.982669,165
314,309,19,16.849131,283
307,718,19,19.923046,502
26,169,15,11.282262,794
511,74,9,19.338283,691
716,140,19,17.966447,711
383,490,10,14.169134,128
496,701,11,6.694073,459
287,110,8,11.582567,952
523,204,10,19.227302,236
332,565,18,2.957073,173
489,249,8,11.779625,832
352,197,14,9.463669,1138
697,431,6,2.001812,862
743,420,19,12.181582,1019
127,303,7,9.874295,162
514,495,9,4.092036,977
238,454,16,9.360438,257
37,731,6,5.497312,970
78,382,15,11.581624,147
99,396,5,12.433465,951
317,722,11,19.348479,950
567,599,5,18.801709,265
424,110,19,19.588109,931
26,247,10,16.375455,150
135,525,7,12.325153,768
737,741,14,20.248829,1063
182,203,19,2.340238,1070
201,299,20,18.449727,354
69,319,8,17.036587,699
517,129,9,15.925623,480
283,492,16,20.219417,893
391,421,9,2.820695,758
434,552,15,14.455486,246
644,655,6,10.853609,1071
594,154,5,8.251807,297
577,649,14,17.412922,1154
598,175,12,2.735413,702
98,297,14,12.377746,232
496,545,18,6.830206,590
739,608,18,10.138344,708
60,708,13,5.791326,190
363,182,12,4.030775,1003
94,56,14,11.970534,766
426,655,5,7.394267,759
204,610,16,1.168177,472
434,272,8,4.733921,226
735,139,19,9.666896,930
519,372,10,8.064471,1000
69,493,18,2.088730,1102
126,569,15,7.736694,480
493,377,19,3.606544,496
331,642,9,13.140333,1123
266,454,13,0.162530,665
540,170,19,2.692128,598
735,659,10,18.319298,718
23,562,6,13.299501,735
669,124,20,9.070866,784
471,202,20,9.509012,306
79,378,7,2.406089,668
287,508,16,18.513315,939
704,103,8,14.753138,578
80,185,5,9.546185,980
551,606,15,12.661161,706
460,416,8,15.986510,523
673,640,7,20.431706,383
598,547,10,4.801974,1184
505,669,8,2.240212,999
47,374,15,10.715272,586
298,158,8,10.343331,924
590,685,6,7.752598,777
29,140,11,11.495337,602
39,200,8,14.261058,705
417,471,13,5.739648,972
210,197,8,2.809860,548
266,303,5,9.148584,921
71,149,13,14.176169,147
244,323,9,0.446961,569
605,34,16,10.141711,393
313,409,15,14.497970,875
172,676,11,11.625644,302
708,642,18,11.693860,510
260,270,14,13.629848,956
407,507,20,10.662693,986
32,595,5,8.207296,648
686,313,18,5.381028,443
568,387,5,2.930849,280
328,448,6,13.431885,1163
457,316,8,2.402945,573
5,391,19,15.849530,897
589,228,14,11.052993,571
420,522,7,5.788995,444
611,342,14,11.284725,674
528,60,18,19.864149,831
567,471,13,4.032972,1080
670,308,16,16.018329,438
413,506,13,20.292540,658
504,95,11,5.314931,176
743,362,15,16.208163,163
207,50,8,11.240368,475
448,349,10,5.231372,1033
463,212,5,17.732712,998
646,536,8,2.626398,651
389,205,7,20.213949,146
30,42,19,14.765937,697
150,466,6,3.316300,715
150,631,16,17.862794,457
596,275,13,12.514351,584
482,464,9,15.108784,197
16,261,6,14.136419,1073
381,372,10,12.247932,977
56,195,7,17.881400,538
431,176,12,20.006732,998
222,63,15,12.580796,238
293,247,12,7.813689,881
631,533,11,13.000745,994
722,362,12,6.443043,1060
576,330,5,12.722330,264
152,673,10,16.711231,266
702,32,18,6.114609,192
495,498,15,0.576273,670
632,569,18,4.750096,503
25,103,10,3.476314,746
293,240,9,4.560224,990
748,44,14,3.599243,388
34,103,20,15.675582,1093
598,232,5,4.648207,732
515,93,17,17.799456,721
523,634,13,20.094722,891
578,420,12,19.303415,1192
451,669,19,2.963585,558
342,243,11,12.435513,908
194,623,19,11.434777,890
189,34,20,13.081667,444
378,559,8,18.591742,1166
707,240,18,5.707664,363
624,76,16,10.393734,963
371,486,17,0.819151,821
640,524,5,4.427993,569
367,720,9,7.709159,973
690,297,15,17.489105,148
90,152,18,10.418660,973
685,542,11,3.118645,428
458,243,12,16.966520,507
408,716,17,7.963751,972
467,678,12,20.236572,914
538,246,12,15.541489,542
54,682,15,12.831875,590
403,351,19,11.357885,215
234,204,7,15.876332,128
584,20,13,17.060401,151
393,605,6,10.721350,1081
199,508,15,7.748501,229
646,193,14,12.216384,839
358,448,16,0.264232,167
222,706,16,3.864396,885
381,436,17,0.461001,1199
81,255,10,9.302883,466
163,515,11,12.935683,932
563,661,17,16.705930,331
300,105,18,16.394652,588
71,68,19,7.308454,1118
706,274,11,17.062354,653
268,421,10,0.238791,422
418,315,5,1.021032,956
166,537,11,9.143030,1055
164,593,15,3.674631,220
735,218,5,19.330862,1124
177,176,16,16.974430,462
163,104,20,2.465706,380
505,570,8,13.642628,566
725,468,12,1.585995,520
22,575,6,6.381453,219
431,541,18,1.316477,203
34,397,5,15.464090,380
463,172,15,13.453091,535
278,572,6,9.839463,1111
240,122,8,10.068242,403
658,185,20,9.001520,356
405,201,18,5.677060,476
323,392,10,9.349548,251
676,50,6,15.501010,759
236,491,17,6.308774,1044
70,402,6,16.996646,670
469,600,20,4.987454,1084
107,465,20,3.549099,1159
69,555,20,17.384162,1185
645,176,16,19.012017,1171
459,363,12,15.329115,152
90,17,12,16.330281,284
584,594,7,1.202919,955
549,313,16,5.527331,269
283,656,9,5.151922,837
466,395,17,5.144367,623
183,181,5,13.608590,921
193,347,11,6.990953,731
68,569,6,9.256817,391
540,229,6,10.518184,246
204,36,17,0.245429,1068
5,83,10,17.809300,146
63,668,7,8.784594,468
452,275,13,13.867436,643
479,16,16,5.151924,300
223,426,9,12.376203,1197
744,470,12,13.152328,289
559,31,5,13.205873,326
436,575,17,8.687869,1110
522,465,10,9.235208,472
399,424,13,10.513959,1069
574,602,10,10.211451,1026
400,675,14,0.259654,630
670,598,15,19.732151,156
747,501,8,12.944704,713
69,385,7,5.986911,318
731,218,7,19.128589,379
167,110,13,4.030454,303
584,351,6,14.793358,1162
176,124,20,13.903620,220
558,294,6,12.609743,1059
394,455,9,15.695319,845
459,136,16,8.233203,218
204,95,5,14.533659,311
183,43,16,6.810399,158
94,244,20,20.482852,258
90,687,18,12.127614,649
396,504,10,17.597539,537
136,25,20,16.195969,136
473,146,13,1.608461,1042
701,501,19,7.575936,496
183,45,20,16.040027,830
3,657,16,13.087803,398
749,191,18,10.820882,629
403,450,9,5.612926,280
242,5,13,10.536057,388
248,231,14,8.070374,603
673,600,10,16.401740,762
234,615,7,15.982332,1117
201,531,12,17.995654,802
217,190,5,6.268741,1043
441,433,13,13.920057,516
576,495,18,2.048857,440
347,490,17,16.237658,156
298,85,18,11.015812,194
131,708,13,7.502413,841
704,702,12,5.964742,668
379,662,9,5.466918,741
382,29,15,18.546475,968
511,21,15,19.450952,857
398,364,12,17.758402,113
280,256,8,12.097741,515
257,315,9,13.590540,105
353,670,19,5.213367,1193
263,664,20,1.352368,1080
20,153,19,3.830207,202
91,490,19,19.558281,842
173,363,12,7.976861,1101
183,439,20,9.609076,510
167,157,17,3.684905,1014
658,446,18,18.525595,211
622,230,7,7.677585,471
205,718,18,15.173027,674
504,61,6,18.335078,1164
57,303,7,15.799332,353
398,59,7,18.178684,279
190,474,14,10.920393,342
151,645,8,5.071142,1133
463,71,15,0.430896,1091
82,351,11,4.047784,940
643,177,7,2.965851,227
618,370,14,14.273471,1009
552,696,17,19.096453,676
269,22,6,10.046344,489
344,588,6,18.895776,1123
273,15,15,4.054815,665
19,101,16,11.481206,703
350,209,16,5.437205,776
635,283,11,12.978513,997
461,214,10,11.505889,741
684,737,16,20.364096,263
728,179,14,6.753720,478
146,402,11,6.858177,899
152,115,8,15.778447,461
287,146,10,15.392383,1128
83,206,20,13.557765,826
673,202,10,6.611211,904
49,492,11,8.876058,313
355,281,6,7.784502,358
521,94,17,6.956043,1166
499,644,11,18.864187,120
583,734,17,9.693341,953
631,194,13,19.242885,129
575,747,19,0.323935,695
159,253,7,9.437286,1111
141,508,19,4.627609,1177
227,580,13,5.006501,925
274,556,14,7.072278,609
211,136,6,10.147476,298
130,492,12,5.722913,442
370,481,14,10.794013,1108
624,717,12,3.372052,184
438,730,12,16.576723,854
183,675,20,11.182743,971
70,544,14,8.623742,1061
42,328,6,6.453553,694
695,518,6,10.220085,249
115,312,16,8.453224,1037
489,420,9,7.620118,785
215,130,14,4.879226,580
478,576,6,12.563188,1171
642,443,14,6.309503,417
309,341,16,17.572462,943
19,265,13,10.749908,674
593,456,18,5.616940,389
523,585,9,7.097906,1167
607,290,10,7.337112,1015
625,115,20,18.082502,277
605,256,16,2.642689,304
285,179,12,13.340438,1012
311,164,14,7.395714,129
54,672,7,11.414718,1121
385,32,11,6.855330,486
75,310,20,3.462221,839
334,550,13,3.427295,392
606,38,11,15.265387,362
537,575,18,13.606875,1145
572,726,14,19.377055,329
241,422,16,4.384419,544
157,49,15,3.596479,1144
667,196,17,15.739664,466
422,38,12,19.606406,1167
78,427,6,4.424533,285
676,66,13,12.014491,1003
306,67,20,14.276524,253
13,62,18,0.387447,384
256,550,13,19.289478,1156
667,343,11,10.582197,1124
697,587,11,19.460438,531
698,134,13,1.272129,325
446,289,10,11.746380,1197
744,678,16,2.273296,323
109,458,6,11.934953,949
476,280,5,3.641370,936
617,339,9,17.101228,320
494,406,7,11.709488,306
749,557,13,18.896881,1197
80,195,7,18.646616,256
651,725,5,15.984583,287
677,385,18,8.584672,1030
745,454,18,4.028763,1169
337,701,18,9.192196,146
412,617,12,11.567634,1177
419,167,13,3.669409,560
464,63,12,10.364784,782
303,366,11,18.414628,821
12,715,17,8.434681,1073
115,316,12,9.741946,321
708,33,8,16.976258,625
141,543,20,8.550495,820
666,677,20,7.765469,784
5,695,15,16.618246,1080
404,343,15,9.272696,990
138,150,5,17.866133,605
11,689,16,7.578257,138
633,252,11,9.727801,364
357,420,20,4.015309,410
96,593,10,18.096454,429
507,695,7,5.451221,361
443,105,7,11.303694,1016
85,576,13,7.246154,907
618,27,16,3.112319,846
363,323,16,4.097899,717
381,692,12,2.007208,254
418,737,11,17.009200,922
551,132,17,5.172269,222
104,234,20,0.896670,937
430,284,16,12.172260,986
53,435,18,12.995641,100
283,107,16,5.384276,727
39,522,11,7.608597,390
285,556,14,5.103234,976
100,117,18,9.913029,629
279,483,7,0.803104,430
422,78,9,7.425108,824
513,585,11,2.929042,1147
131,38,9,17.682861,1014
443,143,15,0.569725,588
466,28,17,20.333213,152
153,235,20,1.430413,704
93,344,6,12.163854,531
625,265,14,15.181662,849
182,342,17,14.699424,143
712,730,17,9.680001,306
401,470,20,11.490036,336
437,496,8,6.146870,1126
429,190,17,13.276937,222
288,205,14,7.060671,248
277,197,13,10.633113,1148
28,746,13,14.444697,759
16,19,10,16.828353,918
80,690,10,5.353356,177
456,293,7,13.672767,606
158,736,12,8.570558,739
140,29,19,13.679401,1080
620,357,14,14.919145,724
423,374,5,20.180256,206
234,391,15,8.328910,942
399,473,20,5.813703,185
657,333,14,17.830428,1189
681,361,13,10.338622,255
258,156,9,17.360185,1185
200,584,20,8.723980,705
737,246,18,3.090005,366
474,127,5,1.871087,396
244,467,19,10.331848,1199
86,264,16,17.414594,265
147,657,15,7.293158,748
654,212,14,4.322772,801
466,422,10,8.677273,571
87,721,14,5.199561,692
43,539,16,17.056262,661
575,535,20,15.403680,383
60,5,13,5.862270,622
40,157,12,5.900235,197
464,230,20,6.091453,429
430,514,10,6.000179,1034
622,254,19,16.126651,282
689,324,5,2.307768,778
457,742,8,9.246484,939
618,142,14,15.278353,487
110,420,15,6.035236,1179
529,409,7,14.466815,814
92,75,13,7.084805,728
516,203,20,11.070862,907
287,420,19,11.982500,389
81,51,17,6.466873,767
92,534,11,15.358726,386
576,175,19,18.182357,147
351,297,8,12.569383,635
431,4,19,12.600515,716
226,81,8,15.604917,568
585,416,19,3.484836,424
633,56,19,13.487602,116
286,177,18,0.910433,1046
579,5,14,7.871299,258
452,514,14,13.357003,534
51,209,11,0.263002,680
30,405,5,16.359252,1097
49,583,11,20.319819,1186
101,443,12,0.049488,956
333,641,11,6.121916,829
539,620,9,6.004166,104
668,555,10,10.779659,834
477,715,16,15.532087,1059
399,74,6,15.560143,294
357,120,18,20.238292,513
430,590,8,8.916972,1002
189,426,11,18.089399,396
538,722,17,5.522061,594
683,616,14,15.652001,1114
640,495,9,4.263472,1148
536,534,12,17.352318,153
332,68,8,1.661386,712
585,713,15,4.508447,319
594,15,7,10.683179,461
568,218,13,3.261605,864
143,330,6,17.371021,246
292,399,8,3.718795,774
140,139,8,5.670033,306
240,30,11,5.444208,118
657,617,20,4.830951,918
694,254,8,1.078347,881
736,584,18,12.633076,678
385,440,13,16.776846,331
147,217,19,12.238677,1143
412,701,8,12.425391,1003
244,516,15,9.488800,761
112,303,8,14.583351,939
364,231,11,1.395873,875
157,422,8,9.161516,955
201,16,12,7.622035,972
4,525,15,6.050423,219
113,79,6,1.776322,381
270,91,9,12.863814,418
733,583,16,9.592828,250
687,436,14,1.481905,886
0,616,9,17.671222,854
263,166,15,4.439694,1023
584,335,16,9.191630,994
649,235,17,12.026575,601
676,42,14,5.995943,847
509,321,8,3.374628,492
83,352,12,15.828437,1133
608,123,12,9.940588,476
506,26,18,11.853322,1112
223,101,7,13.737716,1063
83,127,13,18.526742,203
288,422,19,19.476201,265
418,84,9,10.928543,484
661,451,18,18.875428,904
17,50,9,1.699573,547
444,154,15,12.118510,226
696,476,19,9.814218,478
574,525,8,5.043314,972
685,637,6,0.379244,192
704,376,7,20.156195,234
413,669,6,8.619657,230
49,566,8,4.873157,1084
698,599,7,2.002915,672
709,232,10,14.975841,464
558,383,7,14.808240,1062
329,88,5,6.755212,510
86,516,10,8.492885,756
508,133,16,14.839876,885
720,165,13,7.700008,888
650,401,14,2.416774,438
3,84,18,4.309932,996
100,236,8,18.556610,635
106,112,13,11.487914,741
504,580,12,9.808369,513
705,203,6,14.133123,597
622,514,5,15.322086,126
73,532,5,15.345853,568
367,210,20,13.843678,993
330,298,7,15.578306,379
591,694,18,18.178785,109
156,308,11,19.593883,1093
328,97,19,9.858032,895
276,434,6,5.437562,917
360,514,7,11.683039,595
432,668,7,11.542919,240
523,15,5,11.131187,1095
144,451,11,7.311003,897
302,479,8,7.400943,951
51,520,18,17.012704,675
228,64,14,11.605688,1169
22,693,7,19.608997,759
543,709,9,10.831263,351
532,24,14,17.414359,1048
40,607,8,18.230787,837
620,623,10,3.970835,108
43,613,7,9.324622,1037
180,475,17,20.279409,1074
87,653,20,3.170392,205
105,82,7,18.147305,701
315,125,14,20.446260,151
652,44,16,17.865617,1013
595,351,10,3.529269,388
311,160,11,10.540148,867
17,602,7,19.244001,724
588,464,11,15.418384,359
502,339,13,4.629325,207
216,289,18,9.879819,221
455,85,7,10.726085,1152
51,540,17,15.844994,328
413,384,7,10.665597,856
77,481,14,0.796918,982
524,50,8,2.863297,957
60,445,5,13.827549,950
490,459,18,11.417664,492
492,72,16,14.494711,794
151,74,13,14.790299,680
736,675,13,1.514393,301
735,298,16,20.248952,689
722,672,6,6.310203,890
456,316,6,11.519872,385
186,361,10,10.404445,606
495,296,20,2.814042,844
301,71,14,14.542582,881
212,153,15,3.516361,223
106,684,7,9.677605,606
72,653,5,17.709542,1072
510,502,18,19.048042,1015
239,531,9,8.020203,113
549,198,13,19.250746,210
164,152,17,17.692964,698
671,160,17,5.169646,508
204,151,14,8.566903,170
643,333,9,16.729465,786
134,31,11,9.806340,227
633,393,12,14.544684,489
73,676,12,4.087125,279
457,517,6,11.568287,473
641,651,12,16.446973,1127
333,606,10,2.866581,663
195,443,9,6.962404,629
358,634,13,18.976391,860
413,213,17,2.122906,939
518,627,14,12.867693,796
69,451,5,11.627926,975
173,234,9,11.751129,464
377,732,11,19.279774,476
581,599,16,10.988791,730
498,674,6,13.047818,251
695,730,17,8.902796,1179
127,4,10,8.748950,421
332,209,17,19.447779,299
691,387,7,0.524112,607
714,580,11,19.950598,461
498,252,8,18.200152,1062
491,51,20,4.007768,728
29,701,5,3.772684,528
30,406,20,5.841688,1058
730,137,12,3.017050,903
498,27,17,2.429007,526
708,610,16,8.119998,901
698,486,7,12.334340,405
629,75,19,5.174392,1160
614,373,11,10.360682,701
135,354,11,4.453958,212
350,416,5,11.484161,825
147,633,17,20.087673,1177
208,671,17,5.422074,754
617,257,16,4.929579,254
706,551,7,0.290776,460
239,177,13,14.475249,783
613,341,18,11.680917,344
98,575,18,14.037909,930
451,610,7,14.991376,886
135,42,20,16.942094,429
433,423,7,16.026479,636
136,548,12,7.261330,954
569,89,20,14.172115,930
703,300,9,20.415960,661
67,530,7,0.824612,897
629,591,20,10.940717,641
724,65,12,16.206241,795
394,452,5,12.882465,524
500,78,20,12.894199,393
707,685,8,12.771867,463
418,192,11,10.945912,515
338,100,14,18.067212,405
467,625,10,3.057791,785
586,66,19,18.431803,286
570,538,15,15.861366,1002
526,514,15,11.707659,267
32,214,6,8.890410,540
578,397,10,9.433702,683
551,139,19,14.026734,434
748,616,20,10.892863,488
451,120,9,10.233077,970
463,413,12,11.889339,246
568,112,17,14.913803,877
357,509,8,6.215827,219
403,377,12,11.763921,695
222,622,7,17.725461,919
474,369,15,1.039108,1134
50,710,18,19.606226,1188
93,147,6,16.774915,975
506,454,19,11.262038,286
654,405,11,15.535524,392
226,422,10,17.648101,1107
673,102,18,16.426244,259
739,647,8,5.945758,846
460,307,6,16.458403,477
436,647,13,4.884892,667
539,210,8,8.247435,836
359,706,5,1.586171,363
9,742,16,1.018270,479
30,520,14,0.088379,1174
93,611,17,19.286771,653
566,103,18,8.589755,1147
106,95,7,13.477137,1057
726,721,14,6.475132,1100
144,322,7,16.136329,586
390,443,12,4.319379,622
302,228,10,8.285478,774
58,260,18,0.621045,731
371,582,20,5.785613,1148
120,124,13,3.180164,453
114,73,11,17.699937,523
200,203,11,20.432874,254
499,67,8,1.358995,860
80,66,17,13.501642,372
600,238,15,18.767613,242
287,209,18,5.032468,818
458,675,7,11.095177,880
392,110,17,10.697569,1153
560,202,17,0.003628,898
422,438,5,9.160959,1122
365,165,7,0.688614,493
392,520,19,14.781371,803
494,291,15,4.170007,592
189,264,5,14.692754,954
364,244,7,15.333843,1007
742,654,20,1.840221,1103
365,360,14,3.945414,865
258,589,11,11.589227,690
313,352,12,14.722742,590
149,564,15,12.432671,228
575,396,18,16.178056,1144
74,385,10,14.797422,382
74,517,9,5.473380,1186
398,569,12,13.046397,258
220,524,20,8.707841,518
563,466,11,19.711780,1080
505,210,15,6.746532,639
277,225,8,18.049912,555
590,699,14,0.588715,639
99,654,16,0.140405,1130
577,244,19,14.392985,1063
400,691,6,5.147073,664
508,73,18,5.452620,616
643,23,7,14.933607,304
686,334,12,18.904431,666
332,622,9,0.942750,754
49,352,15,15.672845,592
22,41,16,14.774303,290
556,679,18,10.970207,1155
66,550,9,8.031925,958
433,604,12,4.343435,546
643,540,12,4.067604,962
375,272,7,10.880608,783
677,96,10,13.272040,123
486,725,8,4.958273,1004
484,230,11,7.195600,775
56,658,20,8.770217,447
227,337,12,1.878473,244
125,325,16,18.254558,1135
459,142,14,1.644154,247
138,605,20,7.800221,114
159,720,18,10.173262,948
54,195,14,19.857691,830
152,470,19,11.268786,829
81,585,6,6.209052,1069
542,191,6,9.944577,702
525,256,19,20.005972,539
682,669,8,5.173826,420
607,435,20,14.843936,1078
525,267,18,5.110155,470
656,549,10,9.463983,813
434,484,8,16.869714,180
134,140,20,4.652344,997
176,335,18,19.020722,683
362,81,13,4.686591,140
433,735,7,20.230690,388
260,668,20,6.013154,259
550,557,19,10.662136,604
748,309,10,2.280125,450
0,431,12,0.425278,1108
376,221,6,11.973087,738
229,292,6,1.582230,258
344,487,13,13.572136,428
413,208,15,18.931909,930
337,383,10,1.458956,179
392,507,6,2.403998,764
273,78,11,11.343892,1035
545,344,12,14.833732,1078
640,186,10,4.795505,465
372,652,17,10.736407,144
432,598,9,6.378373,113
315,494,13,8.490365,199
133,192,16,12.268563,766
463,595,13,14.090904,192
112,576,5,12.267535,275
344,439,13,15.106449,120
12,738,10,12.182418,856
323,97,9,5.546039,1014
174,635,7,7.690999,1042
637,627,8,16.766046,196
144,156,7,11.351288,927
378,412,7,19.112938,324
396,168,16,6.327281,524
114,601,19,1.579740,694
679,432,8,8.577714,1182
688,211,18,10.795891,505
650,222,14,2.763286,1108
495,415,12,6.456316,400
235,278,6,1.178132,237
550,547,7,15.582553,1147
160,550,5,19.314043,338
175,457,15,12.011561,358
121,387,9,8.115912,386
606,136,5,1.086711,805
82,472,5,12.753507,943
412,339,18,5.162008,1026
544,245,10,16.520956,424
653,76,17,12.002499,840
593,28,18,7.159182,754
697,731,17,16.663494,445
486,37,16,5.176404,112
41,342,5,6.197430,1036
401,32,12,7.762450,148
433,411,14,2.624413,1133
527,453,19,10.490497,872
201,84,16,9.642902,613
436,582,12,6.001886,282
651,595,6,17.135642,863
361,545,7,0.373339,1166
372,616,12,5.457874,1165
371,627,11,3.749596,458
201,258,12,12.116079,348
676,617,6,1.857400,597
245,557,12,15.991524,499
663,0,16,0.440134,1196
206,134,20,19.958356,715
445,365,8,9.963748,951
254,378,13,4.926210,225
112,178,19,20.242088,389
692,197,17,17.800492,876
692,436,20,11.739422,763
20,498,18,13.227528,1172
465,416,12,18.504212,649
401,126,14,13.900503,457
327,719,16,2.972007,385
728,584,17,6.143098,388
180,15,9,19.742952,961
466,475,14,5.039121,404
451,134,14,17.749510,1072
593,23,15,13.440057,512
563,615,9,14.885717,1063
610,220,5,10.495409,669
712,530,6,3.785837,211
211,533,19,11.532379,254
77,4,17,10.864907,302
404,628,20,6.342832,785
221,723,14,8.134316,1172
90,674,9,1.783864,622
464,124,11,12.639969,397
706,474,14,16.585737,722
78,230,16,20.025763,135
533,621,11,18.765111,896
516,60,8,6.089521,679
648,280,13,13.166180,1183
116,623,13,11.043278,971
395,235,7,11.184511,697
344,142,17,1.478677,529
296,47,13,8.131537,1037
306,161,17,1.602436,183
451,247,10,5.304764,1138
711,428,19,15.106038,1133
335,226,19,8.564431,638
606,156,7,9.244989,226
245,413,20,14.379751,997
256,293,9,1.685006,421
645,209,17,8.390903,129
173,530,7,13.644293,935
191,631,8,17.190557,1031
71,531,19,16.909862,1003
314,299,14,8.340372,764
172,324,19,7.188024,126
107,641,8,17.355393,194
321,90,8,14.571095,438
704,740,5,5.471154,938
576,217,16,0.515545,1051
328,707,13,2.242667,749
115,175,16,17.222316,671
219,268,5,7.676797,629
251,226,5,9.868707,425
469,731,8,4.998442,387
265,366,18,7.377842,161
257,404,5,9.840281,891
15,471,14,2.926915,495
561,214,13,13.373432,163
451,144,15,20.139613,1194
27,677,15,1.002823,949
503,122,17,13.437243,490
367,71,16,2.419750,311
682,181,16,12.401091,827
69,396,7,14.074412,421
323,642,5,16.527125,593
198,480,19,2.539118,148
584,644,13,18.448506,480
192,549,10,3.190115,302
449,569,7,1.628530,704
439,589,5,5.166030,779
63,529,5,2.906716,202
480,372,19,19.652341,978
371,175,16,6.590304,515
541,591,20,1.593969,709
31,322,16,6.750201,620
255,621,5,7.080967,768
177,246,8,11.310144,692
73,81,8,5.268411,967
149,165,5,5.208795,1051
741,492,20,13.542557,1070
342,263,7,14.496053,392
474,708,13,18.230384,583
309,574,16,6.219116,569
387,570,13,14.593833,1078
79,274,8,16.611887,459
599,335,17,19.549053,361
382,14,10,1.806295,1066
678,134,20,11.515852,323
110,467,16,4.910725,1080
269,231,15,10.657554,499
144,395,12,2.030326,206
515,38,18,2.919864,471
645,169,15,11.688817,137
401,586,20,17.447922,462
22,14,14,18.259061,580
401,205,17,18.118601,805
20,747,19,7.518630,273
394,135,5,11.044850,314
155,17,17,4.073712,486
22,247,11,17.344143,728
189,255,10,4.441585,770
398,204,11,0.571754,454
353,96,12,1.116743,734
370,239,12,17.070852,445
172,312,12,13.850954,458
337,478,13,16.477474,1113
525,697,12,3.191088,585
231,551,18,12.264192,1133
148,579,14,8.019751,937
683,504,19,12.401073,391
139,13,18,15.100243,930
467,715,6,9.308314,1178
611,564,7,7.871540,1118
258,729,7,12.631597,514
238,184,13,12.547255,588
194,529,15,8.077670,211
426,116,5,14.530433,1072
619,628,13,0.917203,691
599,116,10,19.213274,859
595,520,9,13.765253,553
91,5,10,9.974967,468
712,179,12,12.037139,587
723,232,9,19.823880,592
34,199,15,8.908518,602
77,14,8,3.436712,824
252,645,17,16.924236,1109
5,59,9,8.596766,945
385,245,19,13.883465,223
428,327,13,11.525665,119
317,268,18,16.363283,916
570,162,14,1.421250,841
382,571,15,11.004932,530
372,97,16,5.488324,610
536,193,16,10.156467,782
345,509,10,2.422397,1057
346,15,14,10.953172,570
101,119,5,18.552368,557
597,284,13,5.981352,223
135,520,20,14.194921,1055
339,200,8,16.850425,262
430,485,9,12.986400,780
498,69,19,12.110521,1129
178,659,11,8.039634,1107
725,623,16,14.468515,384
702,527,12,13.644768,892
393,731,19,8.204752,606
311,341,9,6.743691,927
383,663,5,2.844742,294
31,745,17,4.967327,721
319,685,8,19.510038,593
229,594,14,20.352883,299
652,216,16,18.463683,248
256,695,6,2.609282,358
100,378,8,6.519958,805
87,545,9,3.724656,798
494,549,6,12.489778,310
301,554,13,4.328103,211
287,532,5,7.391658,888
127,479,20,19.273578,1159
141,730,6,17.685569,1062
563,285,6,1.755464,488
605,17,18,0.010865,770
120,664,20,14.473163,274
678,590,16,19.719426,1048
88,321,9,14.968657,707
230,196,14,19.883576,1164
462,621,12,15.482474,240
495,456,10,7.904281,1042
728,162,8,6.059632,478
648,313,6,9.589880,280
613,81,16,4.600246,599
237,251,10,0.558264,283
588,164,6,4.635836,1109
543,200,9,6.946266,253
246,19,9,9.250480,1164
732,149,5,4.680641,704
548,710,11,17.513637,947
5,653,18,9.525249,525
367,637,16,19.272896,1149
514,51,18,16.660446,606
86,713,10,19.501458,1030
415,680,18,5.882569,1138
595,147,7,1.708011,724
676,714,11,18.127390,910
122,678,17,10.612521,251
267,250,9,9.384719,748
719,420,18,5.664292,667
476,361,6,11.102052,1175
24,420,9,11.307888,1106
391,256,16,14.706910,564
630,682,6,0.443409,112
639,170,17,11.556544,372
371,617,6,17.530701,690
431,685,12,12.513100,683
611,667,17,9.654827,385
125,319,9,15.058403,992
561,164,5,4.860916,1003
381,13,12,6.747653,1101
69,570,13,3.693076,618
390,684,17,15.705814,315
318,595,6,14.603997,1200
175,84,7,13.964165,1143
635,251,17,8.711027,1113
558,323,17,5.415296,1192
568,160,15,0.691810,141
16,568,13,11.090839,327
20,85,15,5.718242,259
372,319,9,12.190679,515
272,697,10,0.795613,522
484,185,11,5.237435,357
377,106,15,14.065249,747
431,709,5,6.013178,356
298,582,9,5.449441,258
716,527,18,11.969960,153
678,295,5,19.706367,1078
106,530,17,16.738768,138
395,295,8,9.859764,337
637,59,6,10.717891,391
61,210,15,19.596465,1010
689,370,14,8.146310,702
679,229,18,0.304857,628
457,527,14,3.800294,923
126,223,15,6.025491,210
71,719,17,3.649325,1086
285,333,16,16.597145,706
533,369,10,6.692121,1191
197,213,13,15.684803,437
181,467,17,4.555086,416
322,273,14,17.174560,352
709,450,6,4.715151,701
512,81,16,18.393669,602
234,717,18,16.696009,680
116,292,13,7.257809,1148
609,30,16,18.296963,189
25,522,13,2.618472,975
59,746,7,12.330727,220
272,392,18,18.570246,451
723,514,10,0.850019,898
645,541,8,4.001073,234
266,179,15,17.265624,1024
456,251,16,10.856892,194
507,120,11,11.054405,360
557,25,12,19.738230,845
391,687,8,12.816331,618
617,110,7,7.253264,1153
550,199,12,15.377240,568
215,153,17,2.396887,1155
263,308,8,1.997117,239
641,178,6,17.857271,1142
559,379,18,8.399178,597
620,478,18,1.482900,394
335,654,13,12.044895,633
458,266,10,6.148940,846
318,510,5,4.505076,622
426,25,8,6.355037,687
704,196,14,0.325013,211
260,693,6,7.447480,1116
286,70,16,13.063420,224
5,503,14,7.339984,972
499,738,15,2.552756,547
510,592,5,10.985224,1030
135,39,20,16.364788,911
728,653,9,5.991093,289
160,497,18,16.757657,953
239,16,19,17.204370,104
611,387,7,13.445580,312
486,455,9,14.302764,1092
596,672,6,9.947957,500
567,272,6,3.584712,399
491,237,7,12.978562,1092
619,57,13,13.970930,464
532,148,9,15.313877,1004
587,42,7,18.974878,502
0,383,16,13.411499,516
643,50,8,14.350532,547
11,721,6,8.974987,170
319,439,17,4.886433,588
325,454,12,17.076519,871
415,372,7,3.571924,1051
297,56,16,12.034191,109
723,527,7,18.353493,1106
84,141,13,8.775063,1008
17,397,11,14.429527,327
201,277,15,3.038307,1122
101,297,19,18.498128,611
211,37,17,10.914810,328
576,744,5,0.335130,775
243,443,17,6.542050,1185
734,89,17,3.082848,747
355,712,5,11.803892,878
708,515,10,11.010085,311
233,6,20,13.879777,1070
608,334,15,2.006249,758
697,254,14,14.073642,885
719,729,17,12.869452,291
160,358,13,14.949889,977
194,157,19,3.782930,1168
611,466,17,10.380636,681
195,705,17,1.487569,409
180,240,11,20.461637,842
673,196,7,18.030574,439
103,697,7,7.441020,194
238,0,6,14.440097,635
31,699,9,14.350855,375
582,301,5,10.120724,984
423,164,6,18.686894,834
487,359,9,13.217644,567
91,369,15,15.458291,368
132,591,14,7.009136,995
252,343,20,1.504920,371
660,169,17,2.450168,806
187,405,11,7.224573,811
123,217,14,16.223423,629
479,26,20,6.970674,420
14,565,5,13.394396,539
416,623,16,5.590909,497
325,734,19,10.857009,170
122,457,19,14.282247,656
126,534,11,15.142680,976
177,582,20,19.517058,971
585,278,5,14.422877,569
309,119,13,17.382429,173
32,456,13,7.313862,1029
575,142,8,6.741417,325
616,521,9,11.779477,167
681,14,20,12.860418,486
397,170,16,20.439435,270
530,208,8,11.695192,856
697,730,14,12.814641,928
501,174,19,7.664763,440
26,56,11,13.693057,1137
510,220,6,2.415810,953
703,334,10,10.091662,677
729,677,6,18.202758,1076
712,592,15,13.320780,516
66,315,9,19.345260,421
316,555,15,7.023319,681
746,547,5,15.078781,1165
436,84,16,6.847281,1040
219,639,10,3.149808,829
75,332,9,5.261201,1194
419,674,6,8.438229,865
178,147,17,7.906071,466
87,496,19,10.109575,750
90,292,17,19.061332,785
74,220,8,11.041299,873
260,109,5,13.157855,1133
254,430,19,3.867077,969
230,263,10,15.936274,873
185,243,11,8.257544,647
385,747,8,6.296306,1060
616,151,14,1.015147,586
23,86,17,5.393823,121
15,200,18,13.472000,1071
155,514,15,7.127610,898
506,679,20,2.665180,806
569,288,19,18.080613,271
176,131,7,12.763601,139
210,535,18,2.083074,1149
368,651,11,9.013202,453
122,261,8,12.940497,236
401,158,15,1.774009,298
583,133,10,10.818672,258
741,360,9,12.494434,768
105,553,8,18.374189,1176
614,232,16,18.796825,469
394,528,10,12.449468,307
749,255,19,5.589706,753
324,374,13,9.691794,1163
135,37,12,5.791252,561
126,23,13,10.189576,1160
36,115,18,18.431451,1021
431,334,20,15.289063,475
612,746,14,20.001088,764
169,540,8,5.328613,1171
190,732,18,16.120284,366
388,269,7,2.402762,645
179,531,17,11.254518,495
377,417,15,9.146274,966
633,23,16,10.845047,665
358,121,14,9.868898,709
536,555,14,1.973141,142
188,40,7,8.585148,216
615,477,5,6.348621,972
229,394,8,3.384130,906
260,180,9,8.417882,839
132,425,15,20.496945,1077
152,688,12,5.090391,958
283,38,16,19.567372,1077
130,131,8,8.074961,1140
719,585,14,18.449742,137
674,330,14,2.388347,1196
273,678,14,7.923671,270
102,469,17,10.528961,385
556,739,6,5.495904,867
548,536,19,16.655979,1122
582,386,15,7.423308,930
326,386,13,0.054929,783
695,435,14,17.503492,440
383,99,14,15.592496,509
185,634,15,14.874712,1023
246,633,13,0.786652,765
595,498,16,8.708120,169
311,270,5,19.202317,688
158,47,9,0.707378,1076
457,544,9,2.896137,379
100,422,13,16.460702,183
477,391,8,11.018409,232
450,679,9,2.989693,130
448,662,19,0.825183,1173
413,190,6,13.556598,1120
0,281,14,2.865053,210
127,464,17,8.484373,108
644,95,5,17.574611,571
540,544,5,7.059587,524
653,178,19,19.734823,227
109,481,10,14.357728,1151
359,487,7,16.769396,519
675,584,13,17.430098,362
648,82,17,2.547809,845
232,487,17,17.487894,1180
448,586,16,17.381513,219
218,117,11,9.146743,291
205,204,10,14.623504,447
140,503,15,9.399878,249
707,719,6,16.704587,701
741,539,14,12.326011,931
279,550,17,3.918384,997
220,326,19,7.544373,782
495,295,20,12.252761,758
105,359,9,16.320128,404
499,240,10,7.581099,1053
208,569,17,6.412312,226
526,78,13,7.248737,339
683,156,17,6.566266,389
215,494,6,14.174175,437
598,535,18,17.209919,174
261,581,15,17.925284,704
715,389,14,16.921003,401
428,640,8,13.618384,914
357,557,15,10.803742,697
58,685,16,12.164041,992
567,164,11,19.514098,763
275,230,16,11.481197,256
539,536,10,2.964443,198
179,318,9,6.185535,1117
444,177,15,11.056339,864
51,358,8,12.695073,1017
136,223,7,20.475398,535
5,343,12,19.727725,628
702,528,17,14.280493,1010
362,520,16,5.679283,344
741,533,11,5.777710,120
199,502,19,2.876208,1070
347,173,18,7.307755,880
253,591,8,8.290026,780
547,48,18,17.207548,979
18,570,19,10.802108,110
548,294,16,11.183266,216
706,625,5,5.153327,271
263,325,10,2.859621,622
393,673,14,4.258818,626
695,228,17,4.126492,463
734,48,5,10.682379,742
388,531,7,10.758243,1013
50,9,12,6.517117,356
532,155,8,19.737034,867
696,9,7,4.182127,800
681,290,15,15.559405,1141
571,335,12,16.284496,677
361,520,20,6.763382,1172
212,115,16,3.292150,975
283,246,8,4.077066,250
149,734,18,6.762621,676
154,748,12,15.677614,941
163,609,12,11.979907,469
654,313,6,19.327990,624
716,708,13,12.653897,931
185,647,8,1.183038,759
475,447,10,17.842236,429
680,248,18,15.235650,750
324,747,10,15.546449,1014
45,107,16,14.430698,895
653,476,9,5.910035,662
458,184,13,20.307723,558
575,648,8,1.204429,882
637,625,9,7.325398,1048
416,429,6,10.325389,180
399,726,8,7.680467,298
111,738,16,10.243328,1013
377,246,12,11.180160,910
410,556,19,12.067506,614
392,261,16,19.977638,598
688,413,15,8.850495,829
471,428,8,13.835891,657
47,194,9,6.555679,741
5,260,10,19.344509,1177
192,293,5,7.365667,507
311,485,9,6.370536,819
605,15,12,10.776058,1147
285,604,18,11.451739,124
153,727,16,18.950948,1138
660,615,10,19.490329,1101
471,422,18,19.432748,718
408,312,13,6.100758,238
342,571,8,1.922793,580
483,302,7,13.719178,726
559,15,14,0.034349,1200
586,499,18,6.789543,679
738,343,5,16.422534,993
328,44,6,17.977170,1114
689,494,9,1.976458,439
683,271,17,3.728829,159
602,137,7,16.896270,410
204,636,6,20.034400,409
49,518,7,9.002338,1030
540,715,14,1.839793,658
90,63,15,6.516791,1001
289,595,19,13.889550,1003
489,203,18,5.416992,351
431,474,10,13.991368,915
120,234,14,3.602792,1095
350,463,7,6.958608,917
139,284,16,0.159769,737
191,556,18,13.382667,819
689,6,6,19.541747,523
296,15,17,13.382641,1096
367,175,7,6.738948,338
154,78,18,6.134742,1002
624,662,11,3.890868,443
253,89,5,15.206892,368
421,378,13,15.843620,748
390,326,9,17.698099,163
368,105,15,10.049380,249
572,651,16,0.842550,1145
632,564,17,13.989181,466
341,63,12,0.777405,1086
150,604,17,3.335451,149
100,188,15,0.289802,970
673,649,14,19.665692,440
162,626,13,0.700703,402
225,26,9,16.131218,874
44,744,16,8.182300,905
386,509,7,2.168885,1195
509,618,15,2.834544,794
570,478,7,0.053272,422
702,160,20,18.206443,1069
599,484,12,12.073271,527
532,193,18,0.355391,909
358,435,5,10.713274,218
677,24,18,3.162712,878
723,166,19,8.157723,1152
128,225,7,14.531774,597
120,315,14,0.017656,921
710,62,11,17.922102,718
45,567,20,5.505877,552
596,398,6,6.269145,317
543,482,20,20.264079,350
581,299,9,19.526686,134
535,336,13,0.564663,944
252,87,13,3.451423,175
523,304,19,0.146087,780
278,416,11,15.658931,1049
656,437,8,13.849700,875
627,64,20,11.489317,176
54,720,15,2.142220,926
195,121,16,6.745564,779
522,138,16,7.870450,1120
577,40,17,10.838793,1053
562,289,9,8.098464,266
369,45,7,11.430906,160
312,261,14,15.941901,470
494,427,14,11.642132,974
193,549,19,19.775710,945
215,567,15,15.918723,945
521,647,20,15.838198,708
191,472,8,3.572755,131
130,362,17,18.068374,847
639,291,19,16.066068,973
225,450,17,15.848893,1089
104,492,20,7.764193,943
188,717,16,12.715332,1112
535,584,8,20.475931,983
667,94,20,11.982070,275
505,630,7,2.349976,292
640,531,15,4.045005,849
44,465,8,19.867258,200
629,287,14,7.949102,717
323,578,15,1.760810,682
15,652,10,20.219364,720
573,746,13,1.786237,283
343,77,15,2.262471,1180
353,406,16,4.465613,562
219,723,15,5.703776,271
282,180,17,15.458914,296
185,581,5,8.293047,452
221,730,14,13.379501,832
158,51,6,15.038257,114
206,419,16,4.893213,1109
630,19,15,6.068170,243
743,7,13,9.918502,145
82,176,10,11.588067,839
479,321,14,1.502981,128
86,33,6,14.756518,175
271,594,9,13.111925,589
525,116,19,5.396219,339
501,703,17,15.930048,271
650,307,16,14.652579,107
37,609,12,10.701710,530
631,61,8,7.744846,694
698,710,10,2.642522,541
721,669,18,1.630075,854
572,567,17,15.928866,1119
191,678,19,16.117755,838
588,327,9,0.304905,454
17,516,7,15.976563,619
84,194,5,9.114626,563
219,51,6,12.272255,166
335,473,11,1.121403,299
127,513,15,2.310168,139
351,402,5,15.400631,291
654,380,15,13.781741,386
543,463,7,6.684877,843
235,406,9,13.580041,1082
116,396,17,5.369076,544
200,370,10,7.929214,955
652,509,6,11.444044,698
0,462,17,13.351377,628
32,633,20,2.480409,929
203,522,8,3.575929,631
134,27,16,8.725974,1041
287,96,9,2.930294,787
382,565,20,10.891419,904
416,180,7,17.432359,1107
528,266,9,19.937921,709
729,566,14,2.266478,972
543,561,17,2.431225,1147
155,446,10,14.104316,1019
160,22,9,20.058820,926
406,381,15,16.956229,724
427,299,15,11.813808,1173
699,193,11,0.466895,1192
50,241,5,15.971053,383
400,53,13,9.521859,1166
220,240,19,7.738350,1134
341,558,7,3.997232,630
288,530,14,4.529386,190
168,196,5,0.403238,775
569,721,16,9.158230,668
296,17,20,2.730353,510
308,2,10,17.291597,430
722,731,16,16.688651,579
297,243,9,15.873903,416
727,520,17,15.790531,275
324,136,15,6.021007,280
259,427,10,17.165919,1078
463,582,7,1.105146,1002
191,246,6,3.918917,1137
216,400,13,20.485433,734
194,33,7,6.827960,1080
679,79,9,4.217707,564
446,359,12,5.538520,1014
273,731,16,0.862339,605
528,194,17,6.548926,492
676,494,8,2.978839,459
283,10,17,0.743029,867
83,607,14,2.273806,144
157,396,6,10.160642,347
698,419,6,15.366761,1034
240,275,12,4.751922,1114
88,2,19,1.822162,1074
505,671,14,10.067091,271
647,534,17,0.162039,843
502,645,6,3.375314,118
12,695,15,3.489431,515
60,484,10,15.775317,798
20,644,7,4.349466,427
172,38,18,4.925858,1175
659,311,17,7.247545,204
377,661,12,1.742221,1117
108,294,12,3.227926,919
165,734,7,11.570987,451
51,255,13,14.230149,287
419,592,19,5.097711,926
536,197,10,4.836253,590
708,101,12,7.035803,527
200,731,14,1.688898,1006
363,536,12,14.189768,999
208,247,19,11.530938,738
46,350,11,19.878850,1087
165,371,7,1.538501,741
144,253,19,8.170448,500
42,435,14,3.525890,1047
260,497,10,20.098807,839
83,579,6,10.472012,325
517,110,19,14.452110,591
272,548,6,15.854346,709
282,472,20,19.743235,1039
745,658,19,14.777388,410
625,633,7,3.970044,793
204,198,19,5.124398,1071
249,667,19,16.794275,277
188,156,13,14.009257,1117
137,584,5,18.782701,946
1,351,9,19.650047,1109
161,382,18,12.556398,205
344,146,13,3.894932,398
84,510,19,6.597862,389
10,118,16,12.881617,478
664,405,8,0.543757,306
725,472,11,14.423145,133
721,131,17,3.535643,205
260,537,6,0.603292,519
403,363,19,15.438604,103
603,516,7,12.338599,885
264,206,15,10.146427,919
163,127,7,14.367061,101
593,153,17,4.021405,267
663,631,20,14.001881,580
540,164,20,12.379723,982
588,416,15,15.129653,335
105,534,6,16.821357,188
654,265,18,6.604439,496
140,256,12,10.444330,141
484,330,12,10.666396,1034
0,669,13,2.192661,655
668,454,7,19.920847,734
507,329,20,1.756831,524
293,448,7,3.966934,1104
14,413,15,15.918730,492
79,437,7,17.081605,231
237,479,15,17.770579,497
428,293,8,15.406389,204
294,357,20,15.089464,609
60,701,6,19.817518,183
8,504,6,4.532826,1110
458,388,12,8.644245,186
590,464,15,11.323953,472
181,20,15,19.848382,719
224,483,5,15.835572,533
514,567,11,3.282726,853
263,210,14,9.056475,666
222,404,15,3.896842,291
388,747,17,5.351743,1080
525,174,9,10.756304,1139
16,433,8,19.094924,725
425,613,17,12.807623,921
136,547,20,1.945222,480
415,470,13,14.233521,937
325,334,13,6.196363,854
45,132,17,14.890709,188
453,701,8,5.794315,288
144,331,15,10.572104,216
76,387,6,8.753536,380
263,7,13,8.567625,261
747,341,5,5.189767,443
311,257,6,1.379941,120
267,480,18,5.928691,744
294,528,5,17.266817,428
563,406,16,6.568115,464
338,491,11,16.242296,1048
649,10,20,14.986912,523
358,611,15,11.310551,1132
35,443,9,16.060542,727
749,151,13,2.011673,190
171,697,9,5.137059,843
223,289,7,10.871778,758
466,209,19,6.188391,406
201,115,16,12.142621,604
722,647,19,11.424963,417
707,481,12,12.645513,1161
417,130,5,3.514148,579
438,469,7,10.721292,919
109,627,16,11.576077,412
514,588,7,20.223980,190
9,632,15,15.513935,386
486,480,9,16.950746,168
179,257,16,6.507259,860
650,318,19,14.793695,104
133,136,13,19.965549,210
733,712,13,15.855734,429
74,657,20,6.930600,972
715,570,16,2.874329,419
358,297,12,5.155572,469
618,26,8,3.684342,174
702,107,18,9.809115,150
91,559,18,1.856572,425
618,736,13,16.424200,921
643,92,13,4.212235,854
92,572,17,19.516859,1017
165,482,20,15.743137,301
590,37,12,20.124842,329
554,654,6,7.999896,1091
404,102,18,9.856946,726
342,673,6,6.096691,878
197,492,19,13.730340,530
213,286,5,6.374015,334
589,144,16,9.138408,739
436,133,12,18.165518,309
214,368,14,8.826891,768
356,38,12,14.201150,209
347,739,11,2.850246,368
346,16,9,15.400028,914
340,263,8,19.780139,1166
605,679,18,9.656374,755
291,350,17,19.507096,485
560,137,19,10.881224,812
270,496,11,0.806813,346
429,723,16,9.127937,571
568,234,15,9.260806,1009
291,576,18,3.624467,543
603,213,20,11.250616,371
383,151,18,12.659127,607
683,7,13,3.896216,285
642,687,19,17.610360,1032
144,461,8,2.791301,319
417,157,17,10.416339,524
621,149,15,14.280214,1125
22,265,19,14.657334,199
196,479,12,7.924239,598
247,742,10,5.497873,253
578,510,11,13.427562,738
198,126,10,7.011796,867
362,521,9,8.816560,615
87,398,14,0.277637,257
304,252,17,11.689497,755
472,251,12,2.240841,941
654,474,18,15.390433,562
626,325,12,17.794359,639
101,337,12,9.495692,975
82,107,20,19.541652,455
37,361,5,14.355436,847
556,348,8,2.982950,201
31,542,20,14.852766,585
635,188,16,17.804337,244
406,74,16,0.828998,1191
198,422,5,4.748916,1186
369,388,18,6.978894,1148
120,222,11,19.886198,665
693,107,8,15.054636,957
91,292,11,18.544821,1120
443,624,14,8.564722,321
134,329,6,5.104143,350
390,399,20,17.428603,403
5,729,15,2.414390,817
49,555,14,11.974808,588
662,63,10,11.030578,787
626,202,14,9.808076,323
474,525,11,2.863900,566
571,66,9,10.757514,520
445,404,15,10.758649,284
203,160,12,2.148572,560
674,387,14,1.092486,831
55,251,14,6.046414,1090
476,329,7,19.721343,702
682,582,11,18.424973,700
316,472,12,15.471364,767
356,204,11,9.107059,106
283,362,7,4.929998,185
455,284,7,15.018659,1055
265,362,15,8.598859,773
86,537,17,5.190479,1005
284,381,20,9.282676,198
289,126,18,14.000294,1044
337,518,20,5.725322,157
253,330,13,3.880381,660
210,77,8,1.828640,560
416,497,19,8.395855,1075
85,350,17,14.818575,705
17,380,7,5.971734,966
608,483,14,13.346673,274
37,685,20,17.839660,628
550,591,18,13.951307,513
262,466,9,14.475752,418
397,736,5,5.994122,677
361,179,10,18.653792,968
721,384,8,9.717507,225
333,732,14,10.350084,978
152,422,5,9.575843,238
49,333,13,11.395458,466
201,544,18,13.607982,910
166,387,15,13.708369,801
154,731,9,19.960201,1161
65,322,19,10.999298,447
485,694,13,7.822442,1043
734,119,12,3.296359,828
464,60,19,13.643694,379
523,138,12,5.527051,182
334,308,17,3.394421,258
729,535,18,20.234068,980
567,693,5,7.584879,155
188,354,10,2.732235,535
446,715,12,11.083142,574
625,161,7,14.749393,164
103,608,20,7.535718,282
683,339,7,3.769050,371
543,12,10,11.479265,1088
539,183,20,17.891731,1077
536,41,8,17.354376,679
150,41,14,19.419396,885
444,746,14,0.627283,186
646,163,18,16.891781,1072
411,124,13,15.428135,195
668,264,6,8.642759,615
229,606,18,9.690992,412
208,245,13,13.424005,1065
717,645,17,12.012166,199
104,420,5,17.921194,464
135,64,13,14.499560,611
82,17,6,5.662280,576
442,93,18,7.612679,1132
318,477,14,4.260765,211
502,341,20,4.424533,554
276,644,17,1.496201,1082
653,597,12,6.343082,1075
67,302,17,9.381570,818
42,23,9,19.968117,1072
252,27,9,1.242249,1082
317,554,11,19.584293,824
713,37,20,12.936659,924
683,554,16,19.112230,1012
214,87,20,8.432694,522
315,380,17,1.263581,709
305,734,17,13.250007,450
458,123,15,1.606617,1108
742,688,15,19.552125,137
601,308,14,13.704076,506
192,664,15,17.821307,422
224,204,9,13.860047,677
557,235,6,19.124329,712
650,570,17,16.854509,956
696,100,16,7.527550,1194
140,68,19,3.638382,403
180,425,18,5.143621,650
290,691,17,15.669815,494
293,449,10,16.880438,368
140,273,18,12.571392,1047
554,388,7,18.817735,396
199,548,15,2.014204,661
17,252,20,17.947854,878
388,498,7,11.620190,514
166,283,8,8.963672,830
675,595,13,18.204528,170
121,146,17,3.314034,492
279,110,16,15.780095,343
52,442,18,2.588520,809
226,580,17,10.177700,456
673,309,6,13.193753,893
605,22,12,19.284249,612
736,401,11,9.138351,959
312,628,10,10.432697,1044
520,279,9,7.535238,861
137,405,8,9.755033,1059
127,566,8,15.846270,146
10,110,16,6.135272,644
604,109,20,6.164794,160
476,180,18,10.195023,1074
339,20,5,19.245163,526
551,30,12,8.058933,839
393,190,18,15.726866,619
353,90,8,0.449727,445
701,368,6,13.608358,640
331,418,19,4.669220,614
16,291,11,15.022221,316
562,5,17,13.759163,644
322,429,5,11.875586,304
323,253,17,9.207406,433
732,720,11,17.845964,328
576,603,5,6.480350,973
598,371,10,16.757563,1091
118,136,18,18.148507,399
47,728,6,15.017590,712
167,735,18,16.124254,613
146,252,15,9.108296,486
290,173,20,18.667138,687
538,374,8,12.828692,286
577,46,14,3.432641,1099
365,75,11,3.917371,218
400,144,19,0.023752,225
314,257,15,14.672814,249
96,180,14,12.051084,739
109,479,19,0.403556,763
308,386,15,1.490545,1198
727,338,12,2.962883,279
383,110,6,10.341813,1099
566,29,9,13.901714,637
64,618,11,7.494483,572
637,334,14,3.694250,611
494,143,12,19.302368,598
221,587,6,1.312476,522
146,129,15,7.328926,557
441,382,11,19.465846,722
435,357,18,16.649686,829
269,168,20,8.597858,115
492,393,20,3.328055,249
733,481,12,16.948010,642
189,716,13,14.119064,1062
692,468,7,11.469626,383
284,268,10,15.643877,628
130,417,8,12.238895,375
76,127,18,6.643388,683
440,316,7,10.521998,915
2,335,11,9.695755,1153
435,326,7,11.767914,698
24,182,13,14.371434,270
434,141,8,1.842850,867
201,284,17,13.052218,968
417,721,10,9.638087,844
428,86,12,19.488411,819
658,85,5,8.705568,393
332,426,7,11.502280,613
388,102,17,3.305443,1129
117,96,14,1.449488,733
489,1,18,1.289484,1130
588,744,10,9.210986,391
56,673,8,5.931819,869
307,391,19,10.191346,877
672,610,7,1.569783,945
61,685,20,12.127779,771
489,746,10,12.830053,471
387,201,19,15.703205,540
127,705,16,3.021117,999
736,209,11,15.645682,698
199,561,18,4.340055,132
415,66,7,2.941612,371
550,220,19,6.915313,537
662,695,13,3.719655,172
262,205,20,7.534416,108
477,660,6,14.760364,541
190,571,8,4.909869,366
424,487,18,10.845001,446
250,447,5,3.344331,232
572,645,7,15.783975,667
90,121,5,7.028965,260
320,177,13,10.961522,538
580,532,14,4.330035,635
203,221,14,12.572003,778
584,228,16,1.404422,477
76,266,6,1.791640,532
184,667,19,11.202936,920
192,577,5,9.420241,146
604,501,17,1.339472,337
515,716,17,18.047462,511
375,570,18,16.231882,1104
309,639,8,19.909379,313
278,727,19,5.896326,191
114,556,10,5.981051,243
626,116,11,18.795602,772
31,569,13,5.407112,737
588,637,16,18.925358,999
568,197,18,8.147998,658
468,646,7,12.217553,804
348,77,14,20.252489,748
705,685,7,10.205154,233
683,463,14,12.788947,199
719,533,8,2.540412,836
302,65,6,18.239934,979
730,479,17,19.839483,961
686,57,6,4.597298,1094
490,240,12,17.028395,1002
544,114,13,12.998069,954
601,166,18,14.600561,841
247,39,11,7.217507,285
140,360,19,0.627027,325
208,331,20,5.626399,1041
94,592,11,16.395636,166
463,518,8,19.881275,1110
213,294,15,14.033205,1144
338,31,6,12.195937,1054
83,139,5,3.569770,1034
499,325,20,5.158922,938
482,183,18,4.705376,1180
485,198,12,6.755573,1103
704,564,7,5.745535,191
307,435,6,16.289247,910
666,6,17,12.704847,199
665,9,18,0.234792,1174
679,559,17,12.518961,278
87,67,16,4.247266,343
72,630,20,19.462469,1044
31,624,12,6.823494,954
384,200,15,16.015956,473
440,712,16,6.102794,148
576,92,19,6.420688,174
502,142,9,12.075986,493
183,176,16,12.755664,827
422,175,19,12.507476,832
668,156,9,3.964162,181
256,464,13,15.219748,765
503,676,17,20.305597,360
704,609,15,10.089512,1145
396,647,15,5.613046,881
689,241,11,16.189395,1179
734,711,18,19.548643,481
156,161,19,1.290349,880
552,364,15,6.340621,303
14,394,18,5.922489,369
492,49,17,10.330748,825
745,433,13,12.884693,985
275,77,14,17.384762,366
547,173,18,15.803260,134
246,294,10,1.770005,445
508,264,15,16.225131,857
241,197,7,14.331727,365
413,34,15,6.556092,675
410,678,12,11.034482,967
643,376,18,3.835721,641
182,456,12,17.097316,311
193,653,6,10.628816,990
375,224,15,0.667206,230
73,469,15,2.876376,497
239,48,12,5.047435,655
74,512,7,11.076718,1178
525,203,17,19.049957,471
707,4,13,3.785272,1049
65,707,17,11.214873,798
342,487,20,12.095301,720
160,122,19,17.339418,315
152,144,9,0.093069,797
566,546,8,3.189730,1012
589,156,18,18.866442,1187
613,154,8,12.828786,1046
119,65,15,20.313075,813
129,587,5,1.005993,864
681,122,18,14.083888,417
596,11,5,8.602859,1026
60,416,20,16.310507,747
73,665,14,19.597880,1188
737,459,5,5.986304,461
514,433,16,16.384474,146
402,23,16,3.709242,1006
572,607,6,16.391228,565
628,495,15,14.177836,270
476,451,5,11.714902,1001
479,625,14,18.776427,920
742,330,15,11.609461,1116
267,126,9,5.820824,147
153,316,6,11.494790,124
634,334,15,7.436589,430
700,14,5,3.037504,501
83,336,17,2.252634,761
638,386,14,13.964751,723
7,190,20,12.075671,372
234,177,17,14.681654,1152
71,363,13,7.911073,1184
584,146,5,5.780821,177
437,95,16,16.341565,411
515,135,20,16.746774,695
204,430,19,12.203967,589
639,430,10,5.135780,1082
118,404,6,18.006444,796
211,292,15,12.546396,485
26,348,19,16.638339,476
523,101,19,18.938060,388
431,234,13,9.550536,929
260,76,9,6.767225,430
454,488,9,5.558075,984
42,11,5,6.575698,251
719,747,13,16.896377,537
694,367,19,3.542105,1107
465,183,20,17.391543,729
331,485,20,15.036903,1065
496,85,7,20.127526,903
399,0,16,2.843199,402
345,394,12,11.046956,1165
454,747,10,15.432967,972
494,634,9,5.617728,881
74,192,10,19.920118,191
737,64,18,8.156697,359
112,468,14,19.275434,424
7,192,20,3.124103,658
652,475,7,6.111999,1132
127,165,18,19.064850,207
191,456,12,7.529573,118
265,51,14,6.053493,375
201,632,15,17.139009,389
310,699,20,14.791166,213
718,184,6,14.140987,672
370,536,12,11.903984,769
20,229,16,1.922865,414
687,431,17,11.410628,198
739,695,5,11.084209,870
580,225,20,15.356519,1140
557,737,8,7.152336,304
7,551,12,6.995249,610
197,636,20,0.228700,355
463,441,12,2.945613,617
455,663,10,12.514732,400
367,176,15,0.624004,1125
31,441,19,4.864519,804
37,187,18,15.829739,973
282,373,7,15.037234,445
556,621,10,18.624240,1105
118,629,12,16.195552,532
43,111,20,6.197235,666
607,613,6,5.470118,631
14,71,17,15.366273,664
490,203,15,9.377938,563
61,667,9,1.061831,177
451,603,11,13.729752,159
160,208,19,1.633500,1173
403,161,13,0.517604,499
335,735,6,16.735148,1157
500,115,12,20.082744,158
60,218,10,20.256197,687
724,522,9,8.380350,239
381,540,10,9.932666,776
621,129,14,3.016352,1077
375,736,16,10.812718,1103
428,553,7,12.893066,1030
92,218,11,13.444447,767
572,534,16,6.071310,785
34,663,5,20.433424,524
505,406,17,20.097355,1146
110,339,15,19.174157,329
557,718,15,10.075399,313
265,581,15,1.087035,961
361,383,6,19.032760,928
357,606,19,0.165939,1076
523,530,10,2.840921,872
318,470,11,7.349680,1045
178,33,6,9.818507,875
121,177,16,3.017717,1114
741,258,10,14.234284,336
145,246,16,4.321719,355
93,401,13,12.794686,1187
688,736,15,16.502917,423
281,98,13,4.220259,1003
184,682,8,16.339622,1161
552,510,6,17.864091,316
243,703,16,8.254452,1171
244,191,9,19.607638,852
679,714,16,4.404586,709
486,598,9,12.231093,212
405,454,6,18.837736,278
561,193,20,17.461432,232
610,623,16,14.389787,312
339,487,13,0.556342,861
557,86,12,14.032507,999
574,726,20,10.926918,871
457,78,5,7.107396,1020
86,439,13,12.565933,736
90,187,16,2.233666,853
229,585,6,4.059604,684
606,83,20,9.349156,1119
624,399,5,9.572398,451
419,274,18,8.542049,1001
171,385,8,16.273149,837
557,89,6,4.451910,1115
6,126,15,0.569566,502
333,167,18,8.526128,152
101,191,10,16.893784,976
561,748,5,16.704841,552
357,240,13,17.440233,685
191,329,8,19.073309,234
257,370,9,7.721403,698
484,232,6,9.672084,490
186,584,5,18.614298,932
248,20,11,12.913696,311
221,378,16,6.338090,957
392,414,6,2.314616,671
219,258,12,1.336206,1081
61,340,15,0.468386,795
287,150,11,16.642459,1071
730,643,14,2.335132,1131
389,41,20,9.508221,337
513,588,6,13.936548,330
446,387,19,8.986712,1075
265,663,20,13.830231,964
186,48,5,2.970293,361
694,91,10,18.415520,886
26,255,15,15.758510,1059
287,575,17,3.648335,1027
98,267,8,19.060419,790
521,393,7,8.969279,603
595,330,12,1.636902,178
69,634,6,6.951800,941
249,603,5,19.683161,1147
626,172,7,15.274296,916
399,721,16,1.036766,901
518,532,16,20.358533,329
435,571,9,16.122416,1012
738,215,18,8.840176,307
487,374,20,2.524998,444
392,89,16,15.619823,986
40,560,14,9.310693,1133
506,603,7,9.657329,905
424,364,17,2.452584,796
477,212,11,9.119743,540
171,584,7,12.790997,554
301,492,20,0.971149,483
709,475,12,10.793106,846
446,634,10,5.556083,492
234,43,12,0.918451,196
239,0,7,15.352296,843
404,41,9,2.001694,211
566,609,9,8.467848,1004
483,437,8,11.802397,952
99,676,15,9.899708,235
261,596,7,15.405480,1191
560,94,6,5.769624,388
121,347,13,15.195172,834
77,322,10,3.218839,1153
649,115,17,7.937956,790
128,152,16,9.993498,347
744,366,9,5.340468,433
439,14,19,18.134587,390
677,140,16,9.294334,1074
25,663,18,17.247078,767
360,366,8,17.105551,668
18,391,20,14.218749,822
83,603,15,5.971851,825
100,595,14,4.074493,198
308,633,15,18.488875,843
681,434,9,15.219253,432
620,544,8,10.007986,776
107,196,13,14.677210,1097
149,65,12,6.933529,1059
484,564,10,11.714846,800
324,253,17,12.927446,781
473,627,13,7.002830,755
41,457,9,14.520848,276
554,327,17,2.859914,887
611,62,12,7.547315,649
464,261,13,18.095786,1191
160,20,10,12.721776,759
551,225,14,11.075909,229
525,147,9,6.971475,777
306,590,13,1.659536,1144
724,575,18,8.181825,666
131,201,17,8.314296,1181
645,203,17,11.637736,1151
248,46,16,11.383221,106
733,701,15,14.126466,1130
234,691,15,11.924871,357
371,367,13,20.232075,725
399,30,16,0.383769,1188
686,26,8,14.995046,234
272,236,7,2.688235,785
640,127,15,5.648262,999
747,612,19,3.630215,516
742,455,19,16.276556,822
26,478,14,11.753992,359
447,674,18,11.638287,843
297,670,12,16.329514,156
30,388,5,10.287963,767
354,419,20,3.993612,539
3,175,17,10.714345,437
96,645,20,13.363744,170
4,363,17,10.706308,875
479,400,17,11.797766,948
731,84,8,7.205260,544
717,642,8,1.990492,590
488,45,20,13.999476,409
45,337,20,18.385216,928
125,163,5,7.531980,409
261,161,11,14.576753,1183
636,406,5,0.268830,525
412,532,13,15.220755,1055
636,149,9,12.429991,367
129,550,18,11.059372,686
724,475,13,14.810647,197
65,715,17,11.904869,898
567,632,20,17.450469,1200
487,63,7,2.099724,583
689,334,16,14.691424,848
442,459,10,0.734860,465
356,41,11,5.092264,179
488,716,16,7.744247,415
206,445,13,5.043538,1197
543,132,13,7.551803,1134
66,660,11,15.255030,316
494,360,10,14.847217,182
372,226,14,13.241519,721
331,541,13,4.687036,957
74,577,10,3.769076,545
513,185,16,0.841412,309
524,620,15,14.480307,743
23,165,10,15.344717,728
371,254,18,13.320727,570
178,194,19,5.134688,175
208,113,16,6.093485,142
193,241,10,18.779596,856
392,78,11,5.157196,882
12,630,8,9.425184,506
649,612,14,16.973218,979
266,488,13,3.355383,234
659,722,11,11.890013,910
501,709,8,2.565029,944
203,341,6,7.502959,362
381,712,9,4.138563,555
258,172,8,11.800490,380
127,328,12,20.138279,1137
520,278,14,9.844918,639
139,533,6,7.691355,968
439,471,14,12.254821,327
75,305,10,15.527596,537
548,709,7,3.896554,302
67,172,17,2.140663,1143
117,338,7,7.146553,176
192,372,19,11.695530,537
238,495,5,3.210141,558
672,13,9,14.439421,1184
62,502,15,11.602939,563
612,72,8,18.822211,725
145,607,17,15.434101,1150
551,671,19,3.889851,1060
75,347,20,14.584540,396
734,327,19,11.734738,379
288,356,17,13.698193,1116
208,61,14,4.304499,775
134,201,6,19.287081,1172
375,574,13,9.199144,1044
653,107,19,9.764556,939
726,646,7,13.652289,552
133,454,9,16.940637,298
483,716,20,18.846745,244
309,391,10,18.346368,349
724,563,11,19.560266,1085
524,462,19,3.686076,702
553,1,7,0.243123,275
519,240,11,17.888871,970
303,425,20,4.231359,912
417,332,12,16.822735,1027
450,558,6,10.924913,920
234,571,7,11.153553,131
463,400,9,6.537370,1134
217,324,17,5.500064,642
72,191,6,12.954080,978
591,53,17,15.736687,820
151,60,13,12.005765,262
241,583,12,20.302321,962
616,612,16,14.980641,553
634,373,6,15.135690,203
435,385,7,19.500527,291
260,46,16,1.526945,175
232,530,6,6.170617,178
521,192,10,16.701515,853
105,513,20,3.151577,1177
102,62,13,19.540546,295
462,78,8,19.939488,773
262,697,8,4.063099,1022
186,257,19,16.865726,420
733,578,18,16.363818,573
338,629,20,15.217582,1102
118,101,7,13.521787,261
715,406,14,7.793077,381
488,323,11,2.293853,1016
280,398,12,4.539922,1053
113,396,6,8.377408,1103
111,218,15,2.524985,802
735,718,5,19.789170,182
466,143,5,1.138991,527
684,30,8,12.607866,797
660,132,12,1.164107,571
504,260,18,4.582339,151
548,339,18,19.954878,702
386,627,18,13.349700,1008
299,62,5,15.849565,1143
482,745,18,12.978154,590
542,334,17,10.474099,477
246,200,13,9.097622,934
170,621,14,2.865814,577
494,487,7,13.856941,438
68,13,16,10.580662,901
11,92,10,15.148344,462
611,447,7,6.659988,866
726,713,13,2.228330,393
193,701,19,1.966058,725
9,78,14,19.741622,448
261,558,7,8.386996,1154
518,361,17,8.162275,615
686,127,10,11.846991,832
189,694,13,14.214551,395
34,632,7,11.647565,825
257,422,15,5.406602,624
543,560,11,9.686926,1105
42,688,16,0.334502,1043
746,737,16,13.086199,418
533,26,13,16.498501,1092
272,155,20,11.204607,894
111,490,20,12.998309,1122
196,442,18,9.174777,329
498,192,12,7.819031,818
208,553,7,8.450495,793
431,522,12,16.871321,945
669,586,8,7.382212,521
374,8,17,16.826576,532
617,524,9,15.024927,332
146,597,12,10.306196,1063
592,356,10,15.111678,1191
262,150,20,13.686893,374
395,481,9,12.210985,698
504,49,17,14.535555,465
531,568,9,17.652077,590
502,643,6,2.873927,350
149,360,9,12.297213,992
620,729,20,1.892236,193
480,243,9,9.188016,466
744,720,7,8.126340,1138
729,358,9,6.733261,643
457,696,5,13.839460,533
7,696,13,10.537927,316
639,528,18,10.615341,372
604,409,18,0.525885,348
629,162,11,2.918658,133
345,167,9,14.606948,341
19,294,14,2.639609,787
741,381,10,16.424859,196
593,566,18,8.956860,714
648,558,18,3.800989,143
715,333,9,7.528172,799
70,91,14,12.029108,326
131,166,11,1.400020,1008
636,537,16,4.976711,391
164,649,15,10.600786,333
174,644,13,18.108214,242
467,113,20,9.518145,616
733,41,17,1.491999,834
89,125,5,20.459674,254
256,651,11,2.031189,1181
342,608,8,1.721656,590
484,645,13,15.398612,789
114,473,9,4.054528,886
194,258,14,4.330285,1011
259,695,6,5.141830,733
638,705,20,5.134052,238
675,107,11,17.725720,264
227,72,6,10.319168,503
350,14,14,4.712462,1154
467,267,18,12.052250,529
6,170,5,16.894605,363
34,165,5,16.013545,195
594,222,18,0.845075,695
402,203,15,17.224469,944
212,196,10,12.433640,1065
596,152,14,15.637287,1006
564,48,5,1.304848,1113
468,14,11,10.047514,377
473,234,17,20.086374,212
511,286,17,14.801682,163
123,165,5,4.227237,284
524,748,10,1.389892,579
317,560,11,14.112511,841
456,485,19,11.841808,527
451,336,5,6.915745,135
603,601,5,13.954129,252
31,659,17,6.985206,924
6,165,16,2.374483,112
695,32,8,3.089041,678
715,560,18,4.782159,652
594,515,11,19.786251,331
459,611,9,5.593360,536
351,388,18,9.717939,796
329,324,12,10.725978,437
165,38,10,3.196871,642
671,632,8,13.245032,414
289,347,6,15.552834,286
727,706,5,0.986187,874
572,13,11,8.945175,907
419,728,13,12.527255,240
182,744,9,3.554740,661
462,93,5,11.148532,1091
225,309,16,0.208049,959
7,389,5,5.860894,447
391,701,6,13.839164,1119
529,199,18,4.671198,203
725,613,10,13.965472,205
341,502,16,8.523593,1146
339,504,17,7.677190,347
329,136,13,1.588784,927
362,191,16,1.128527,784
653,245,5,9.370128,444
149,567,8,15.257625,662
484,19,6,3.982840,804
33,382,12,3.340918,388
216,529,20,11.942351,112
115,123,10,17.885037,951
439,228,18,4.368664,935
592,471,17,13.470240,974
67,607,17,16.773632,1162
34,309,8,19.034229,1042
135,634,14,16.661902,866
686,367,13,13.322872,505
244,690,13,12.456636,111
9,129,7,4.928245,265
512,13,8,7.585648,611
499,165,15,19.432809,470
355,76,15,16.269422,410
216,685,8,1.167857,1183
106,610,5,3.328871,990
311,329,11,8.257051,493
332,475,19,3.330481,579
377,41,20,6.957220,454
249,457,13,17.345603,970
229,230,6,12.878691,286
604,681,19,15.927593,290
518,516,9,2.595176,773
156,188,16,3.301902,1083
222,43,13,18.996070,469
257,326,17,18.509281,103
128,400,11,17.485236,576
309,585,10,20.120838,1017
645,216,5,4.284618,123
448,473,20,6.808912,651
111,425,5,14.372700,862
88,175,6,8.132646,724
401,33,15,18.939792,1047
55,418,7,12.163028,261
667,414,6,7.915727,1151
337,188,14,14.082122,642
210,479,19,8.611421,435
697,4,7,9.990623,955
646,142,16,13.664736,247
122,744,9,0.837557,252
173,305,10,16.319169,786
740,19,18,14.742659,445
580,97,5,4.472902,1193
392,574,11,13.303981,1059
4,663,9,6.653372,703
92,744,6,3.062846,254
253,256,9,10.592584,909
413,643,8,7.827660,571
106,117,20,2.064737,922
446,346,17,15.143753,700
523,369,8,8.334980,474
374,117,6,3.607455,367
581,206,8,8.978978,408
343,677,19,8.203097,974
102,416,17,6.600956,1099
504,560,15,17.979176,1138
164,381,5,16.394116,691
529,412,10,18.459148,261
651,659,13,17.008812,744
653,6,17,1.303152,910
551,329,9,18.580002,545
319,186,5,18.387491,296
245,195,18,13.912122,631
489,571,16,6.172778,568
592,312,8,4.624394,244
160,338,15,2.309156,363
181,741,7,6.800801,696
169,177,9,2.078917,400
530,186,10,20.341626,318
625,160,5,13.354937,485
304,696,16,19.586807,501
511,634,13,11.731796,1087
704,313,8,4.703624,577
628,542,15,18.976136,240
122,427,9,3.734648,1086
109,469,6,19.739795,248
245,205,5,2.767154,1061
397,87,6,2.526021,739
301,351,7,10.532816,1165
580,450,5,2.680752,610
161,673,8,13.197662,127
290,280,16,11.292459,1092
468,631,11,3.762634,921
155,515,12,19.351372,641
143,6,17,11.312725,810
682,592,5,13.855169,1115
603,6,12,13.673735,1048
48,667,13,18.904111,815
482,384,16,5.380194,1176
653,614,16,15.160068,662
745,488,12,3.364771,204
222,606,8,14.043181,881
347,132,8,2.251836,1101
570,610,9,6.159089,263
94,345,19,20.365371,749
324,471,19,16.266590,767
284,272,11,10.296468,963
737,543,17,8.248600,932
33,734,11,17.158820,501
162,705,9,3.588486,845
92,451,18,13.949127,1192
194,231,8,9.355580,1109
247,473,9,10.138370,211
504,23,6,17.873000,1082
495,285,17,10.347269,902
386,418,14,7.726563,603
83,417,9,1.402993,521
64,152,6,1.809483,389
297,327,9,11.188324,816
97,545,13,6.109056,411
466,153,14,3.755358,478
285,614,10,1.315948,673
18,215,14,12.199219,604
715,741,5,20.409803,390
299,437,5,15.985632,1101
659,328,17,5.361310,1020
538,64,10,2.916704,692
226,471,16,5.727845,1117
455,123,14,9.842735,760
295,379,19,3.489069,1197
341,533,8,19.310339,796
574,394,14,15.692316,421
16,79,19,5.351518,498
409,482,10,12.235348,931
512,629,18,7.455058,994
421,86,9,5.351500,148
133,268,18,12.919055,1096
201,213,7,10.184898,383
244,4,15,20.085125,1125
453,747,7,4.378016,1152
723,420,16,17.288616,773
59,606,12,18.571890,1167
617,47,20,19.710659,171
441,538,17,11.823211,789
99,138,7,13.796003,123
542,258,16,18.690324,767
277,71,10,20.403500,1112
50,299,13,9.490898,388
148,538,6,12.290824,104
507,654,20,9.463000,787
512,459,15,2.297488,1093
560,448,18,14.873929,144
392,471,17,12.029097,763
93,718,20,10.977620,227
47,158,10,8.420776,368
19,148,16,4.969218,762
719,352,7,1.537650,872
498,331,9,11.401489,924
441,447,6,17.809638,1058
715,172,19,11.576393,937
175,422,12,0.649262,289
164,611,16,0.411315,470
339,316,16,4.014294,415
21,695,15,6.292107,695
607,542,7,0.165948,174
576,615,5,4.755685,911
28,347,15,13.515416,523
257,273,11,14.942993,626
76,609,5,6.363250,243
243,676,6,6.372383,699
130,464,11,15.239802,879
342,326,12,3.908139,374
429,629,19,15.971607,741
653,582,17,8.598156,624
686,655,5,11.599770,121
253,92,9,0.820680,785
578,541,13,20.091936,282
140,302,11,0.032461,887
222,182,14,10.957917,642
548,4,11,6.249302,163
377,514,7,16.712963,935
431,621,18,6.242219,442
642,376,9,11.129525,911
389,586,12,10.617998,114
186,555,12,8.589218,383
400,127,17,10.814135,250
133,194,10,11.134236,839
283,667,18,14.516930,259
80,583,18,9.594554,603
659,206,20,16.108625,1113
228,347,12,14.847058,838
606,715,15,6.632429,315
236,297,18,12.705359,794
74,587,15,1.864717,396
145,595,7,11.200174,671
498,532,17,14.433103,1019
552,19,10,14.954626,1035
210,203,10,15.637539,916
204,449,13,18.943219,965
512,143,11,8.082644,596
241,593,14,11.691416,982
139,99,9,14.275245,335
261,50,16,3.307171,672
648,245,11,7.326782,198
460,675,11,12.071428,171
735,439,16,13.482724,1083
434,252,17,11.452275,219
601,557,5,4.319231,703
84,322,7,16.209428,554
267,100,17,8.631088,373
202,701,10,17.323148,180
429,398,20,7.823983,814
307,101,14,15.929732,373
725,309,15,12.378181,491
272,386,7,1.797878,648
26,589,9,7.339644,1019
212,651,12,11.154592,160
200,588,8,17.754747,422
682,742,18,3.909060,902
575,677,12,7.970177,946
268,198,5,13.054235,1116
667,662,10,10.173300,1103
371,383,5,15.946852,933
517,652,10,19.079835,539
19,102,15,8.236074,1099
673,103,19,3.240213,1066
1,166,5,3.838666,661
286,542,6,17.210314,463
645,467,13,17.121123,730
182,675,8,13.891275,188
713,583,8,9.625094,563
213,668,14,7.555315,1141
537,167,8,19.525090,354
590,349,7,17.648322,1197
223,22,11,6.133346,679
544,552,7,8.852934,830
574,220,18,4.224242,421
139,307,9,1.150476,910
182,158,20,14.724938,826
138,593,18,3.731568,350
441,594,12,12.500710,173
113,507,15,5.686065,238
655,85,8,13.417462,361
714,591,9,20.275262,1110
690,488,6,1.792037,681
356,123,19,5.388202,763
657,437,5,19.158955,669
708,392,11,4.989490,736
217,344,6,15.985099,456
275,58,20,17.974807,152
245,343,16,10.859864,833
494,29,8,1.826276,898
710,173,9,19.330227,1178
30,225,19,4.458902,516
309,345,12,14.043582,240
376,473,6,1.028290,166
601,241,17,6.999512,357
327,725,10,16.705697,1094
335,25,5,13.744638,1192
405,433,20,19.477377,822
648,659,16,16.742863,717
91,492,14,8.350549,995
716,431,11,11.876483,481
323,58,18,15.608259,142
113,295,17,18.620630,1029
312,451,10,8.502925,1132
117,240,7,11.238042,675
83,520,18,1.459990,1194
508,277,16,18.212993,372
438,357,8,18.273758,1194
417,348,18,10.287599,137
147,341,13,10.291890,735
582,613,11,17.764527,1034
455,402,14,16.801543,677
625,607,11,17.354026,306
348,177,15,11.932310,1066
695,64,19,20.490420,851
227,287,17,18.638017,786
25,621,10,19.119689,591
18,657,9,19.462553,986
12,230,19,11.351131,1006
519,61,18,14.756501,243
730,282,5,13.046256,636
288,709,8,6.681319,176
439,557,16,17.709220,421
39,340,13,8.663263,309
630,633,8,4.391865,982
505,267,5,9.557286,1006
146,585,5,0.989920,568
192,275,16,3.572229,667
269,549,20,16.899507,349
58,279,5,7.783699,742
220,150,11,1.415934,499
123,598,11,13.036470,452
536,553,16,3.619248,751
516,150,12,15.348142,1192
494,589,13,4.887701,396
533,319,18,18.109894,216
620,237,18,14.569807,709
252,152,15,8.994455,600
556,367,10,18.877131,648
551,331,8,20.001657,574
181,630,18,3.823647,950
396,313,12,5.852250,1186
580,509,7,3.887067,243
385,441,18,11.355719,895
653,693,12,6.775567,1103
79,576,16,17.704206,671
596,378,6,15.441196,1117
541,25,18,14.853634,823
703,524,20,1.844782,714
732,46,18,1.470472,612
149,565,12,1.202043,526
229,421,6,15.252751,870
233,347,7,0.883354,240
613,678,19,16.467298,938
476,96,13,16.012286,500
434,730,5,18.011030,149
582,285,6,1.452398,998
185,194,13,3.222082,1100
79,29,5,19.697235,691
726,289,8,5.723423,1184
662,56,10,2.830855,596
339,138,20,1.934098,497
654,194,16,2.303970,1054
199,201,7,14.585624,695
413,132,16,9.073647,586
266,368,8,13.592784,619
607,553,14,1.679079,379
450,716,6,10.077672,305
244,683,13,5.305179,126
130,98,14,1.692853,866
738,127,12,4.767336,879
268,513,15,1.868235,785
563,585,12,6.291792,877
327,28,13,14.866467,876
499,583,12,6.955578,1039
741,574,10,11.660120,1087
568,328,15,9.918551,882
396,359,9,12.035572,338
494,484,19,3.027496,1000
178,101,13,5.860027,948
93,581,13,16.707160,825
44,423,13,7.951705,1069
284,474,19,3.746823,586
350,270,18,12.639895,826
723,718,16,3.960752,843
133,42,9,11.076221,446
92,667,7,12.104462,871
490,371,9,12.350571,638
461,552,16,17.883711,1110
414,658,6,20.210197,707
569,445,7,17.902358,174
621,109,7,18.560623,356
594,186,18,15.448057,1112
103,402,9,6.475053,924
631,85,19,4.759661,752
432,370,7,0.838777,807
470,367,14,5.084962,928
381,134,13,16.954348,601
402,398,16,6.073318,399
133,638,11,1.844720,871
298,239,20,13.290248,1076
588,69,18,16.270209,1186
73,437,16,6.390614,846
10,645,18,6.666212,977
545,555,17,13.499196,1019
708,585,13,6.703336,861
244,357,6,7.320185,742
436,676,9,15.539033,1043
185,485,13,14.361259,558
664,60,18,9.755877,975
742,140,14,13.850157,861
483,267,18,4.993734,246
555,167,16,13.846960,1159
352,598,13,12.937922,1030
437,277,18,13.778936,1106
29,11,8,7.968905,294
418,579,17,16.494536,597
50,187,14,2.707513,271
396,701,16,12.059293,269
481,556,11,19.284866,317
11,203,16,13.165836,330
477,610,20,15.428005,657
432,577,7,12.750589,348
386,424,5,15.515691,602
600,442,18,15.418135,706
313,596,18,8.714996,228
655,605,6,19.268764,619
216,494,6,18.910070,459
621,14,17,8.701519,104
689,63,7,1.641687,835
667,363,5,17.314083,409
151,108,6,1.059672,813
104,175,18,19.311415,1065
385,532,20,1.471684,514
327,439,13,0.885943,257
692,391,8,17.240617,804
93,536,5,17.456994,680
566,461,7,2.140306,399
561,746,5,5.908371,633
694,66,18,3.905776,1110
432,656,15,18.252651,542
140,570,19,16.749585,394
551,134,7,1.663369,265
86,648,18,18.445267,820
19,184,6,13.743206,501
134,580,19,17.467378,412
573,96,20,18.168103,155
712,467,12,15.766179,329
558,468,10,4.292434,1194
135,365,6,9.009902,513
399,150,10,4.053737,470
653,83,6,0.638083,264
55,325,9,4.381739,128
372,173,5,9.643303,1002
466,372,19,0.734460,108
205,245,6,15.844204,642
93,522,16,1.575968,346
561,732,20,7.675423,920
57,468,9,16.733505,577
382,631,16,3.433965,629
590,147,18,12.619528,619
86,723,7,12.907060,1011
670,156,12,12.290336,247
341,566,20,0.264554,786
528,349,10,3.252530,955
64,81,5,12.538918,1081
672,565,17,3.242736,496
30,663,6,1.517599,971
35,29,20,2.788654,739
292,430,14,19.511778,392
185,642,11,6.844427,306
651,580,18,17.334297,479
641,669,8,1.933927,668
333,663,9,16.639948,510
553,351,5,1.647538,169
529,5,15,20.479585,548
693,350,9,8.767791,496
161,383,11,6.248165,1129
214,240,16,1.988636,377
427,166,8,15.296567,348
368,430,5,5.988251,1083
668,96,14,14.565619,808
224,240,17,0.185502,298
329,115,12,0.517018,520
83,416,11,15.107366,410
28,530,15,9.290570,216
371,179,7,16.447094,756
350,406,5,9.969465,626
539,391,15,8.978698,427
528,585,9,10.774735,756
403,170,19,12.760844,695
363,712,12,19.563935,745
610,170,20,1.951451,864
368,335,15,19.013973,837
495,237,6,16.970639,539
322,744,13,18.601961,269
701,589,17,13.044150,858
125,263,15,16.215101,985
644,472,12,19.433561,829
137,710,9,19.247770,1102
45,171,20,9.914702,445
595,512,19,3.579368,771
43,616,7,15.189080,611
147,287,18,14.142508,454
100,446,15,13.895878,835
658,273,12,11.343051,1017
366,232,20,18.266520,163
586,128,13,12.486040,534
277,112,8,2.550013,197
337,556,17,13.747298,520
184,185,13,12.209054,377
690,741,17,2.653007,1113
369,214,13,8.797246,146
709,21,10,6.343244,281
230,404,18,12.299257,793
490,235,18,10.467355,847
297,563,18,9.141333,410
273,404,5,3.474618,1084
155,531,12,16.096906,1064
393,17,18,11.467846,1032
609,714,5,10.437255,481
583,25,10,15.593677,1130
667,682,11,4.393466,989
15,553,7,10.130098,394
398,120,17,9.307920,1146
748,656,5,2.300089,487
698,139,12,3.763202,600
199,378,18,0.430236,106
446,570,15,17.001222,1113
274,536,7,6.724929,739
226,672,19,17.828840,891
52,709,5,1.373968,842
420,311,11,11.447652,1168
207,716,10,4.168287,399
476,741,11,17.605521,126
255,230,20,1.501172,968
380,687,19,8.812942,316
40,488,8,2.871533,1151
45,694,20,12.915246,384
149,136,15,1.099793,355
582,630,7,7.769953,1162
297,426,10,15.646633,1140
300,137,13,5.566385,553
190,690,17,7.455610,582
681,381,13,5.279909,718
56,305,11,20.267604,859
108,721,9,17.481248,1136
334,340,18,14.611376,382
516,316,13,5.640574,570
420,202,15,3.959160,789
579,574,20,11.793537,644
109,646,16,14.181956,794
267,391,6,19.406053,862
95,84,10,2.422313,1118
247,425,12,17.698500,1006
720,446,17,14.071597,311
555,586,6,13.174751,1169
199,307,13,5.636745,794
192,173,14,16.612884,608
490,467,12,12.728091,948
462,150,15,6.072308,248
118,728,6,7.952463,829
125,212,8,5.069244,798
21,363,19,1.556551,821
114,370,9,3.558370,707
57,392,5,4.000272,912
503,572,13,8.319231,114
18,687,14,4.732722,279
633,157,9,1.677411,813
465,182,8,13.492616,946
486,454,6,0.742445,924
234,231,9,11.885135,664
99,143,9,19.480685,772
736,561,11,9.150174,254
673,190,17,13.226560,792
46,167,20,3.821730,1075
637,479,6,5.149345,593
253,23,7,17.532866,726
481,554,11,1.087553,745
212,173,14,18.584754,349
556,398,10,2.879125,1086
234,155,11,5.013198,934
660,243,16,7.206879,960
646,702,6,4.417402,530
349,482,5,0.364968,852
100,43,20,9.782603,630
677,378,10,4.526530,945
699,82,8,18.936141,567
112,604,14,18.975860,407
734,277,19,19.109527,491
298,602,11,16.867148,821
92,81,19,15.340892,239
251,190,19,15.286823,1052
554,514,16,11.872405,517
610,135,15,8.932871,155
44,309,20,1.681752,760
281,283,10,9.153837,264
590,341,6,13.740711,709
711,97,9,20.297870,773
86,509,17,19.746354,274
194,715,7,4.197506,1120
721,690,6,7.559173,157
401,551,6,19.598476,915
440,692,16,15.836800,603
29,17,14,18.231568,263
364,300,12,2.095853,979
55,241,7,11.170689,446
404,186,18,11.676240,278
163,626,13,20.346807,883
661,161,20,1.616838,822
195,620,7,11.779629,590
214,23,11,7.423948,245
588,191,20,16.613617,697
64,25,14,10.761854,619
128,586,5,11.744654,643
193,132,5,3.747430,806
688,154,19,0.570591,465
430,734,8,19.167488,115
193,268,16,16.438095,365
69,635,10,11.690075,426
504,227,7,20.216317,730
568,542,8,2.373245,349
508,64,7,6.410283,414
414,518,19,3.585476,857
536,679,19,12.375335,489
34,223,13,19.355780,372
275,611,7,0.716367,170
123,661,16,11.396074,520
713,316,8,5.136164,930
565,311,11,15.907749,336
448,364,20,13.762928,832
615,368,7,5.977247,677
282,76,9,3.708287,998
90,308,5,7.904796,687
500,50,14,17.163846,617
322,468,20,5.381514,1031
265,299,9,15.204392,960
668,265,16,9.835475,1035
105,579,13,8.907153,716
552,336,9,18.994604,380
69,161,9,7.659128,185
598,223,5,1.623679,241
507,149,17,6.234303,710
377,469,19,18.111916,563
579,588,18,16.207098,945
697,156,12,14.010430,374
383,364,10,7.435015,696
122,191,16,4.879049,576
477,691,7,8.059367,951
375,712,6,4.948996,518
298,551,16,9.496989,305
376,48,16,8.733217,598
59,602,19,2.548356,630
728,744,20,1.299590,827
544,633,14,7.710312,231
78,64,8,13.801800,267
56,309,7,0.982441,1186
713,467,15,18.817904,434
396,173,9,2.401916,1181
280,501,12,14.503865,792
280,98,5,10.122112,609
498,4,6,4.980069,556
459,626,15,3.333158,921
734,296,5,10.329054,277
30,227,6,8.012892,481
352,630,18,15.976766,309
688,428,17,8.336254,255
392,265,15,3.942999,837
231,662,18,2.600563,263
317,371,17,3.569336,601
187,150,20,12.129352,895
625,616,10,0.590763,458
602,431,11,16.932462,804
557,548,14,10.313715,320
339,272,7,17.826679,132
140,359,13,15.633718,946
584,287,18,14.402459,320
143,43,10,8.835914,1001
398,543,6,5.486058,906
570,528,11,11.884323,745
124,379,6,13.026494,354
486,218,12,13.189729,172
563,677,10,9.980977,553
373,707,15,13.825694,173
43,0,8,18.990998,501
195,745,5,19.995766,458
247,391,18,7.118439,900
155,588,15,16.938032,135
733,147,19,10.046193,150
495,560,17,10.514897,820
722,291,20,12.109254,627
100,499,10,2.055032,156
51,693,16,9.278699,490
411,156,7,16.812923,626
59,593,10,1.613424,409
37,588,13,15.929398,1034
358,172,16,8.895024,532
526,128,6,0.733327,282
737,328,15,18.410890,643
425,82,14,1.004175,154
80,550,20,8.122734,543
715,646,18,9.283688,646
634,603,16,10.250566,307
521,16,9,7.674288,853
320,96,12,5.566363,1191
652,65,11,0.140501,837
576,46,8,13.287858,704
144,705,14,4.094648,744
76,292,8,11.765406,235
123,77,12,2.896273,696
35,50,6,17.361865,915
34,245,10,10.652669,486
265,462,11,12.092733,878
704,670,10,7.858857,313
746,187,18,0.627593,1040
184,5,10,4.300222,131
398,655,14,15.118602,1187
711,129,10,19.671658,126
457,217,8,16.725329,708
315,213,16,7.261626,646
123,683,16,9.860586,994
627,488,5,18.032279,728
320,603,5,16.803798,137
224,280,8,10.991392,766
630,518,20,4.833928,360
620,12,19,5.286192,670
79,357,9,4.881892,480
121,136,11,2.973641,105
547,194,20,10.233114,1123
527,321,18,10.704476,549
232,263,19,7.532099,784
564,512,9,12.441128,1130
658,111,15,5.709214,810
436,146,20,5.290229,1017
529,715,8,4.909697,121
411,732,15,17.028357,587
743,112,10,3.497172,875
93,47,19,19.151451,742
667,197,17,17.310349,908
156,95,15,4.357181,317
362,532,5,4.108604,649
626,691,19,8.272410,328
632,456,17,6.217285,289
432,327,5,13.082197,553
349,67,19,8.603927,172
376,98,20,18.894096,220
714,721,16,6.311404,853
371,513,13,19.353885,920
175,230,19,12.356500,758
27,655,8,16.709567,840
537,354,8,3.863295,1109
696,710,5,11.072483,984
337,681,5,14.770241,601
449,242,15,13.965501,516
544,355,12,13.003943,752
352,149,18,17.172421,987
311,91,8,12.628042,109
416,4,12,2.714633,1036
375,547,6,12.138883,296
526,396,20,6.761450,1009
59,612,6,3.623448,1047
105,333,7,5.101270,701
340,184,6,2.415181,895
356,385,19,13.422424,354
355,439,14,6.944367,125
584,94,8,11.735929,362
254,417,6,18.848611,124
177,731,11,1.138032,505
174,13,6,10.287420,904
649,520,10,3.031719,651
95,237,13,6.955006,859
149,43,10,11.501555,921
727,241,8,12.047426,765
225,451,13,11.644139,307
288,647,12,19.939302,780
616,681,8,19.320819,346
333,93,15,7.491608,1118
18,316,9,0.508362,439
361,636,20,10.700259,317
738,528,5,3.116289,592
316,653,11,18.244300,253
566,311,8,9.385856,358
693,513,12,5.659461,488
263,634,14,5.815176,130
493,313,6,16.689742,959
621,323,17,9.016211,882
29,667,5,12.413444,1133
514,386,20,19.391059,249
430,217,12,2.411858,665
181,512,5,10.803613,397
712,153,19,10.039319,1033
425,121,10,9.568117,348
226,684,13,17.717116,659
637,183,14,7.923590,462
660,395,18,1.231367,941
506,153,7,17.817481,1047
532,355,12,5.673307,774
70,525,16,11.163902,323
533,561,7,1.592870,332
673,688,7,1.625676,266
497,386,17,18.873813,893
288,272,8,16.366306,1141
564,647,18,12.904426,223
558,464,11,17.703566,113
374,736,12,5.586120,226
235,157,6,1.904538,266
131,297,17,5.166942,1098
749,356,10,14.449309,603
528,670,17,17.415115,274
474,246,17,2.063816,1161
746,367,17,6.063005,380
276,497,17,15.712413,782
300,632,13,1.034320,450
200,133,16,3.138252,261
205,615,18,2.221090,480
311,616,5,12.674117,665
47,687,18,1.642930,785
455,95,12,0.124148,599
350,623,13,18.662543,931
409,63,18,19.177212,308
7,308,15,9.555418,932
133,552,16,13.773977,795
612,288,16,20.019298,331
382,405,11,18.280337,541
689,162,7,7.145918,864
260,325,17,7.127747,142
188,329,20,11.317315,215
741,62,9,13.805661,1020
673,555,14,17.445548,454
140,10,11,2.942741,158
703,435,18,18.841021,850
579,552,11,3.622656,517
624,19,6,9.122564,689
156,119,19,4.986392,161
136,621,11,13.073455,129
442,689,9,9.647752,576
43,527,12,9.021534,990
350,520,15,9.923375,460
728,246,7,13.468189,263
420,371,10,5.117965,1122
177,170,10,1.294894,505
281,707,15,7.224411,1092
554,515,20,5.172239,391
697,536,20,5.756022,852
673,652,8,13.580858,241
602,286,19,15.811832,535
380,401,7,11.522335,768
593,40,10,15.740988,141
280,373,17,12.923702,426
2,388,9,13.710572,917
209,534,8,11.525865,749
233,210,12,5.424320,783
44,730,12,18.702154,816
618,300,5,13.547141,514
143,692,20,18.376194,954
348,527,11,14.014412,432
347,393,18,3.187837,338
704,451,12,18.598992,420
245,168,19,1.653994,336
454,144,19,13.302039,384
477,250,5,4.881881,315
84,413,19,7.512349,209
160,477,15,17.759367,1015
296,124,8,9.230445,530
550,344,16,9.852010,174
65,507,18,1.350510,699
3,8,18,15.362483,795
107,423,14,19.145098,916
455,61,14,0.889160,999
500,612,19,8.965569,592
345,462,8,7.895144,489
80,166,19,16.735074,278
514,554,10,19.587799,300
649,548,15,17.063689,301
422,328,5,2.828063,494
189,188,13,1.537573,638
140,200,8,14.907788,419
717,208,12,9.528830,237
713,178,12,1.153790,461
673,144,18,4.569573,1071
410,437,9,7.889456,245
134,509,10,4.940254,947
553,494,14,3.378348,929
499,546,14,4.198148,1027
29,228,14,14.095682,839
646,567,14,18.749237,567
26,208,9,9.860237,770
472,351,20,1.159208,1195
320,83,18,16.957264,1019
177,555,10,11.163371,833
77,180,17,2.125241,550
727,581,5,6.886925,953
313,85,19,11.003628,322
1,335,19,20.110683,428
381,329,6,19.053551,431
547,426,19,5.140894,255
46,215,13,6.066833,293
199,422,6,2.944937,900
719,99,17,5.789901,850
716,442,15,10.740905,101
719,88,8,16.180505,1035
130,420,19,5.838513,172
690,251,13,5.155870,777
327,459,18,1.631153,171
683,272,17,11.932637,715
18,170,10,0.072887,1153
310,165,8,17.422246,610
448,715,16,2.595168,370
357,517,18,18.705434,570
413,382,6,16.864816,996
665,575,11,12.289351,1042
405,321,11,15.178550,199
281,216,10,8.151375,285
292,437,11,11.379880,832
41,315,12,2.498100,1173
447,342,20,0.473261,1029
429,640,5,1.897459,555
47,541,9,12.714881,1178
475,679,10,18.506118,309
72,74,9,12.936435,690
191,255,7,20.148799,1037
147,168,10,19.936564,793
502,158,19,17.474494,296
327,33,12,0.010439,529
129,683,16,19.174537,633
318,249,7,0.396353,484
747,269,11,5.207075,182
369,181,16,16.709493,424
664,446,16,12.738653,1114
596,487,15,3.380472,494
612,688,17,7.237634,193
248,677,15,12.796303,264
295,499,7,8.871396,963
154,593,14,18.248813,791
540,512,6,2.155843,1141
619,267,14,11.653850,734
19,309,7,17.918057,670
531,81,13,4.192728,111
603,352,17,13.692568,834
516,358,15,6.243487,330
172,149,8,10.221615,500
210,514,15,7.849470,668
365,203,14,2.128397,1193
700,613,11,12.079830,1083
301,605,8,0.183394,854
287,282,13,18.083097,1156
712,529,19,6.980613,1182
342,470,7,3.674225,818
718,646,15,5.565844,825
418,729,7,16.897208,626
278,302,16,12.200256,526
701,22,17,6.391658,787
164,702,15,4.100490,680
596,551,17,3.912280,985
42,678,11,4.792666,112
345,675,19,15.064773,943
14,371,9,11.092021,1078
557,560,5,7.096498,353
572,547,16,7.774784,202
559,349,16,19.515426,662
407,533,13,15.543601,751
178,647,11,0.633158,977
7,739,6,10.261680,360
669,615,10,5.937132,108
644,615,7,10.759968,559
666,354,5,6.345743,197
32,406,13,19.075657,1113
24,447,14,5.325702,921
618,258,18,18.523343,1057
695,538,20,2.440133,1076
116,568,16,18.364309,196
21,226,14,4.579254,104
558,246,16,12.985249,856
463,15,17,2.494883,973
593,487,5,4.300117,521
528,418,13,15.149114,353
545,3,17,16.613106,313
185,730,19,18.717730,374
362,278,19,9.370370,1058
745,589,9,1.947776,1115
690,720,13,20.128437,894
101,316,16,2.136405,423
737,442,8,13.303400,163
165,684,19,14.724202,237
740,582,12,10.191075,630
735,512,19,5.820601,1130
704,690,14,16.775859,412
82,228,17,18.810486,345
385,44,14,2.571569,1061
672,355,10,12.419735,271
416,160,6,11.752159,767
524,591,13,0.956579,334
289,131,15,16.418069,810
107,462,16,20.323845,1166
548,36,5,9.121573,968
261,116,6,15.659816,1033
64,24,11,4.486742,905
202,182,17,12.459557,845
246,654,19,14.941906,489
355,419,9,12.790547,910
91,655,19,3.246685,960
276,60,15,0.903942,763
194,111,19,0.622696,596
157,148,12,20.401855,858
686,450,10,2.119102,898
169,675,9,18.626371,987
695,85,12,9.254567,1157
266,202,13,16.548347,988
130,742,17,5.625667,551
329,615,5,0.901806,717
593,501,6,4.328181,624
337,227,7,10.808577,701
256,215,7,18.988072,580
128,728,17,7.801556,379
106,292,11,10.837907,897
169,32,17,19.756464,902
123,716,10,17.386695,529
730,518,11,5.999690,546
90,30,12,16.912169,1031
1,378,19,11.575518,857
221,60,9,15.807884,127
608,486,10,4.220309,116
385,488,11,10.487321,1012
663,404,9,0.976508,480
266,486,13,9.074976,203
166,374,16,4.829206,624
72,93,6,1.728219,1073
210,237,18,5.905888,734
75,690,13,2.086453,287
202,173,20,1.594886,596
168,180,19,18.542852,1066
106,689,18,3.944121,1164
534,373,16,0.579859,164
654,641,16,4.534104,499
49,168,7,10.341312,471
677,53,13,0.377730,341
658,108,19,11.594689,1165
550,194,13,10.375772,446
14,657,9,4.415826,1145
89,475,20,16.994855,860
387,574,12,6.598426,1094
285,263,18,20.311788,610
150,327,7,9.823949,261
240,524,9,0.232724,623
340,525,6,1.602731,450
667,703,10,5.191087,962
416,713,10,10.157100,990
502,482,13,19.940494,102
258,84,8,10.774069,774
373,599,6,20.346193,1046
37,492,14,10.201046,550
673,305,19,16.730827,163
106,139,17,15.004410,171
649,58,10,19.986950,207
625,298,14,16.123677,305
241,522,9,2.089658,498
95,340,15,11.718656,317
304,595,17,14.961072,171
664,131,15,19.526098,986
395,504,6,16.432162,102
733,637,17,19.733395,191
39,328,17,16.907573,1103
225,105,11,5.758129,972
481,280,20,9.188815,782
454,481,9,2.517459,688
287,440,5,18.095721,192
14,103,10,19.206527,906
732,717,11,14.158573,319
686,715,15,5.266709,240
22,680,5,16.256007,161
398,502,12,0.190328,890
212,476,16,4.024016,225
218,246,13,17.634589,965
328,532,15,20.436209,505
494,157,7,1.680803,735
72,392,6,7.305569,290
684,714,15,0.798202,1183
91,728,5,2.669232,164
211,69,19,10.269678,259
705,17,5,5.819764,703
269,464,14,7.627684,592
197,382,8,19.156331,1151
679,253,6,5.562081,808
344,556,7,20.212167,362
499,324,8,2.026403,433
641,600,20,10.212646,891
161,412,10,2.750649,553
147,334,14,10.855184,620
238,637,11,4.022267,767
354,681,19,0.369090,1196
301,736,8,8.240605,1102
694,16,8,14.004626,1152
596,294,10,14.874151,1016
727,645,9,4.705593,724
534,494,14,20.025466,306
66,571,5,18.698872,1173
444,128,12,16.673057,308
347,372,8,8.287007,1195
186,662,6,17.686864,896
724,78,9,11.110212,955
412,365,10,0.777269,771
494,630,9,8.901373,427
315,11,15,18.568847,512
598,527,12,8.582043,163
244,107,9,16.692513,304
536,33,10,18.457618,151
710,163,7,14.952484,314
195,92,10,19.778493,782
270,702,8,1.396053,306
606,180,7,0.312870,846
158,42,7,19.396970,1114
77,703,16,9.868293,955
560,128,19,10.407484,743
658,436,8,15.560672,112
217,477,14,18.921554,146
526,404,12,1.721084,482
73,92,19,14.522003,156
383,507,9,13.492115,361
283,517,16,20.038498,925
679,151,13,16.077774,946
133,217,13,15.121112,1081
727,624,13,7.181031,325
208,157,15,15.844686,980
37,78,17,6.178623,1084
261,604,5,11.418060,108
423,73,13,19.185688,206
172,665,15,12.144835,993
441,222,11,6.426763,227
692,192,7,11.124550,839
231,202,15,9.314371,653
740,565,10,13.081424,287
204,179,7,14.827960,1079
615,534,9,4.074111,128
217,405,12,2.119352,832
99,672,11,11.777316,389
406,89,19,18.009305,694
691,97,6,16.867627,945
464,32,17,17.211036,654
324,441,18,7.259056,822
104,243,18,2.661833,1151
67,735,20,10.957811,773
161,419,18,19.739663,976
567,358,18,10.647431,595
58,193,9,17.506272,989
412,562,17,7.065883,816
237,309,15,15.882199,895
396,337,18,2.273934,853
33,339,16,5.082361,582
323,719,14,4.613196,536
117,232,7,10.041057,335
54,529,8,15.994218,1062
479,361,6,7.691921,991
708,336,6,19.738418,1070
119,677,7,16.486862,642
244,27,15,13.360389,943
460,553,9,5.031910,716
58,690,14,16.126030,525
611,127,11,11.538827,1160
37,228,9,0.725728,859
233,194,15,3.744026,1136
727,402,11,11.730539,426
160,438,9,4.483225,1107
401,195,9,2.438588,738
208,549,6,14.600888,375
180,249,9,6.592130,965
227,315,7,8.895848,847
63,172,18,1.033393,577
227,387,19,17.061285,465
156,469,5,0.947054,758
370,397,8,18.647393,456
542,133,5,8.920575,1053
630,703,10,11.491110,662
127,26,9,11.008643,551
418,680,12,1.470046,311
277,111,5,8.625642,921
11,462,6,0.029709,434
75,455,7,2.651419,322
241,363,12,16.499120,1075
515,572,11,1.481472,239
74,83,10,17.680523,888
469,167,17,9.676310,322
493,426,13,12.709011,1137
597,120,19,6.359824,246
534,31,14,17.473892,163
698,459,20,5.525449,688
725,264,6,6.050252,787
451,351,18,15.071654,419
200,712,20,6.003917,1115
536,303,10,6.295360,753
43,472,11,11.385795,874
112,165,20,14.039363,641
639,681,14,8.290678,1079
579,705,11,4.857790,778
289,703,15,4.797599,419
256,98,7,3.770118,759
444,328,19,10.318749,186
314,448,17,1.624816,485
24,584,8,7.667772,718
500,728,13,2.033284,185
469,215,19,1.663015,981
381,544,16,8.616733,868
182,692,11,8.609034,1145
741,475,7,7.994207,1023
491,280,15,12.385860,1046
16,636,19,0.756430,261
307,574,8,7.458834,274
174,503,17,18.234278,747
128,658,11,0.716293,914
689,149,16,7.894589,117
296,560,19,1.218104,945
340,303,13,14.352263,647
713,196,13,12.402226,731
59,577,9,4.550580,696
331,102,17,19.091134,599
725,381,19,8.916525,624
602,68,9,12.452073,548
218,221,5,11.370406,340
225,543,12,13.487096,454
517,415,15,13.871165,484
72,45,11,5.960286,390
438,212,7,9.329321,600
82,728,5,14.385138,146
319,142,11,8.356806,832
539,518,16,20.280107,866
657,243,17,1.193062,335
342,490,6,3.752390,290
195,454,5,1.749825,458
292,118,18,8.005677,393
438,724,5,3.896294,120
171,645,13,12.204181,252
387,354,13,8.395920,937
368,338,7,14.793533,199
542,268,20,14.024291,1096
664,388,6,18.217632,481
55,529,9,10.120610,622
101,445,9,15.765836,456
721,673,20,15.948990,393
26,337,16,7.957657,193
292,258,19,2.679091,150
74,252,5,7.980408,621
184,636,13,15.424288,868
552,220,17,11.848998,394
376,150,8,13.984258,778
289,255,11,14.987502,722
369,171,9,15.558662,254
295,711,10,3.495906,1084
544,235,12,9.746864,610
43,143,13,14.352318,186
440,339,19,3.775305,926
433,241,19,17.643476,1121
452,1,15,6.723621,551
461,235,15,9.996045,682
309,160,10,9.579122,247
49,11,14,6.934764,714
503,427,8,5.367347,130
510,473,8,4.094248,386
397,583,12,11.343168,911
399,116,19,6.219825,802
194,254,12,12.192311,138
263,72,10,0.423280,412
745,710,6,18.043812,707
605,663,5,13.685653,634
736,625,8,4.768272,852
430,216,12,15.641292,418
76,734,16,16.719557,225
451,563,19,7.670335,427
104,732,11,2.196722,681
439,274,16,7.912564,344
477,88,7,20.425217,728
180,108,10,6.240228,664
727,524,12,9.991700,1009
608,194,6,11.066679,127
618,717,12,6.658249,1011
130,315,17,15.745033,1004
218,45,9,8.449638,429
719,181,5,3.137325,893
21,432,7,8.601625,607
584,655,15,11.620780,1195
707,660,12,3.436994,192
356,86,18,13.056953,249
135,342,20,11.127605,783
213,324,15,15.516352,605
288,469,15,2.017354,931
345,716,8,19.998784,144
607,382,20,14.423636,608
571,350,12,3.468212,513
161,149,19,13.749107,1196
575,514,12,18.630588,729
8,364,6,12.932543,651
288,355,9,0.123227,347
272,499,13,9.556024,671
95,481,19,20.410160,557
498,191,18,3.633090,852
323,510,5,2.020562,1011
279,149,13,12.237748,460
489,678,10,10.898757,775
518,483,16,1.097188,869
447,177,9,3.056553,217
2,258,19,13.341238,896
445,186,9,12.700793,384
374,468,20,16.849033,1086
237,605,17,0.542221,199
69,537,19,7.153345,388
249,446,7,14.019615,670
141,609,14,17.041199,546
698,458,19,6.717622,603
523,158,19,4.785228,308
335,305,12,1.330000,1060
130,435,5,13.123082,532
720,372,20,3.172680,801
130,535,19,9.626991,388
656,596,6,6.430915,227
740,40,14,4.188270,352
387,630,9,3.798448,1045
651,63,13,9.775252,102
421,393,12,7.802822,230
619,102,15,1.715342,401
425,81,20,17.025643,742
227,690,16,17.267244,722
417,328,9,5.757541,329
410,495,10,4.670530,280
679,347,20,7.583944,806
312,112,16,2.364870,128
658,711,19,11.304952,957
632,205,17,4.921537,235
140,280,5,8.729238,366
38,716,14,12.756463,785
160,384,10,19.425806,450
314,646,6,1.730668,373
430,246,20,10.045491,663
517,128,12,1.684141,673
441,286,16,16.995702,723
373,484,11,9.959382,1002
323,646,13,19.775965,577
418,268,17,18.828268,528
376,510,9,2.900333,965
464,620,11,15.869480,256
118,657,14,7.908184,1114
350,695,14,16.037869,230
586,528,12,4.474048,650
300,476,7,7.029644,1139
427,267,20,6.521016,351
222,503,7,0.262291,571
243,61,5,14.825825,1179
547,506,12,13.061971,684
589,216,20,1.938187,743
242,464,9,6.491781,966
219,191,17,19.933173,684
725,290,7,8.547857,1130
195,95,9,18.408903,659
259,541,20,9.265271,288
382,299,6,2.496324,976
359,632,9,5.771603,514
181,189,19,11.930762,128
259,336,9,14.471592,1133
390,98,19,1.572649,595
23,223,11,6.034394,864
288,156,8,14.580356,997
317,689,7,10.649074,1198
221,570,5,17.577098,1121
552,21,14,7.419046,1095
489,618,14,1.589388,1177
432,401,18,7.631619,1192
34,574,12,5.837398,773
694,93,6,6.865936,797
662,492,18,19.761380,819
507,43,15,5.336536,552
666,165,16,18.740475,951
154,7,6,4.519180,324
62,35,10,14.621569,1024
304,86,17,9.600659,984
516,343,18,1.068304,670
270,681,17,3.237077,1116
138,381,14,15.105654,872
488,336,16,8.620438,1189
321,289,8,14.747901,1128
125,137,8,3.221943,336
214,677,12,10.012211,325
179,432,8,16.903394,904
25,203,12,2.321670,104
132,96,19,6.667972,859
407,621,16,17.270480,964
202,138,16,14.663318,415
705,586,5,17.608180,167
356,236,8,16.355089,1039
90,355,14,2.866471,357
250,304,13,2.414848,161
473,226,15,10.764899,992
647,179,15,16.655825,119
709,671,14,16.034766,831
693,518,6,1.985268,1082
7,722,16,14.127223,387
607,385,11,15.303878,186
484,343,18,14.238307,679
564,258,20,14.342790,485
583,509,20,8.760724,529
239,741,5,10.251980,1090
680,307,17,12.246779,536
158,426,16,13.749653,892
177,232,18,4.656070,382
507,22,20,12.799681,353
51,513,18,17.096094,1124
224,191,14,3.113537,638
308,731,16,2.770262,332
630,212,7,7.140099,1006
640,160,10,9.743320,846
219,473,9,9.865206,425
575,14,9,11.284969,445
318,437,14,9.862738,419
88,539,15,1.897539,510
360,657,18,5.199381,255
360,135,12,4.001184,241
191,565,18,4.812433,418
727,100,19,9.046607,982
198,250,11,3.533834,757
381,108,16,8.091565,894
55,498,17,8.919911,737
236,381,15,12.211524,704
609,318,10,1.361017,429
417,640,19,19.913494,1067
86,53,12,11.451493,541
686,385,11,1.133365,608
455,309,7,8.295707,264
122,296,12,15.921079,323
367,438,11,7.451991,373
119,182,6,17.998485,541
584,640,8,0.255907,393
730,713,10,7.668823,287
387,577,12,3.499911,585
568,310,15,3.573451,629
243,413,5,1.235612,1075
123,363,14,20.381595,132
620,206,7,17.577752,1109
565,141,14,6.674316,1166
595,527,10,3.334572,574
216,290,12,14.831857,833
189,148,11,16.155084,992
322,192,15,15.655540,1101
202,586,16,0.923588,246
407,265,5,12.449842,1007
281,747,12,7.128589,122
312,627,18,8.898349,562
273,571,6,3.695865,251
645,297,20,12.521400,167
493,577,13,7.187337,285
643,260,13,13.633311,550
498,74,7,19.172769,833
123,496,10,1.418503,166
408,41,12,10.714720,1070
44,208,13,0.641238,813
366,633,17,10.474821,665
546,398,13,7.432702,132
235,40,16,10.247050,447
195,306,13,11.789550,389
323,490,14,16.629225,1159
246,349,11,9.037916,109
227,419,11,17.380261,980
471,640,6,10.510339,307
304,401,16,18.383030,411
134,108,17,6.669831,1190
251,607,7,13.337381,711
359,503,12,4.191234,501
461,283,14,3.973203,674
123,106,15,7.534324,1159
146,683,5,9.326812,963
128,369,16,15.676764,250
19,142,13,13.489915,809
455,545,20,8.601252,124
136,271,8,0.441662,829
470,169,18,2.246335,1160
332,245,17,5.844510,460
376,379,13,13.905646,1105
448,153,18,8.861649,851
524,634,5,18.545467,591
541,626,19,9.504511,889
532,348,16,7.315422,773
67,541,13,16.422777,1165
515,504,10,4.724839,477
121,530,8,9.352129,337
413,482,8,15.245275,1075
307,112,17,16.746801,1177
590,42,16,3.847916,649
411,380,8,6.882313,1160
399,616,10,11.704352,636
274,428,20,18.268813,804
574,378,18,6.712549,397
699,747,13,17.980974,358
652,328,17,7.349023,672
383,144,9,3.796339,968
487,443,15,1.567718,1083
362,585,13,7.056089,464
651,693,15,10.378334,398
183,199,15,7.235190,1115
405,581,10,19.982229,814
46,61,9,7.599138,677
497,301,14,18.072421,839
537,62,13,12.795674,239
744,477,20,10.819239,1064
244,306,12,0.279757,1176
60,684,10,11.496792,676
309,327,10,17.621092,810
390,90,10,0.001641,855
236,10,19,17.342607,1157
32,146,10,16.046852,1030
699,370,13,16.685688,106
221,584,16,17.313934,1133
559,246,18,12.746121,1044
15,322,8,16.714898,243
197,374,9,19.562554,334
4,734,11,2.224428,992
595,544,11,2.133645,216
237,604,14,14.150554,394
506,197,16,12.135363,151
198,230,7,20.008545,344
11,191,17,19.482733,298
253,221,15,8.036387,117
269,383,20,4.318025,218
144,729,8,17.639020,214
487,440,19,5.727227,500
683,741,15,10.798376,423
383,187,16,14.848171,790
71,597,5,2.265315,872
204,516,7,8.264106,760
380,479,7,15.811621,1185
102,404,18,10.537341,259
470,404,12,1.726933,763
635,240,11,10.423441,494
34,2,14,10.305437,803
707,417,13,4.271055,766
346,285,15,8.047765,768
543,662,13,2.453913,104
572,507,15,14.962386,778
504,588,10,18.627503,513
33,606,8,8.851680,907
703,591,5,19.029163,289
673,28,8,7.075331,585
60,321,20,11.770066,715
77,325,18,2.814618,1046
79,129,7,1.517185,116
672,71,16,7.847441,600
710,670,16,15.002179,494
688,87,8,0.645089,439
20,467,5,6.765789,116
480,564,6,8.565469,852
594,503,12,3.443960,1040
78,747,12,19.570584,329
367,706,16,10.243887,138
370,706,18,10.571759,225
540,236,11,4.761702,778
221,540,13,0.395330,205
742,163,17,11.166794,1082
200,467,12,16.585153,1049
12,570,14,1.734719,1185
562,73,9,12.922152,836
361,513,20,4.841643,702
466,426,10,4.552388,139
137,265,12,15.781063,1000
643,115,13,15.686408,1169
592,221,9,8.521035,1006
595,455,8,9.992766,1200
2,435,13,19.815401,925
264,352,15,18.225718,672
115,552,15,2.718097,1075
484,541,19,11.321658,860
126,507,16,13.697402,104
106,556,9,2.524258,516
412,84,7,14.942997,780
561,684,14,18.399951,1038
424,428,15,7.835209,309
469,72,15,11.779334,559
531,642,11,1.339603,1138
729,146,11,9.762793,399
696,641,13,18.605320,773
204,441,7,5.462253,498
406,44,20,7.061731,361
217,102,6,7.489932,637
658,334,11,4.175595,666
3,270,17,8.179944,544
136,615,14,13.013142,550
248,597,8,10.903807,269
131,130,9,18.247210,634
217,476,15,2.487696,915
267,529,19,11.676268,586
416,377,7,13.829022,256
429,720,20,0.281898,1102
460,570,12,6.628452,919
283,334,14,4.676056,311
402,414,10,4.023056,1167
657,342,20,10.433821,815
586,557,16,6.114421,690
658,23,6,10.613383,967
635,275,10,15.005310,888
246,581,19,5.439192,1171
115,426,16,13.374368,978
662,699,20,14.792828,833
276,201,19,6.611351,919
251,9,10,15.688678,626
223,625,12,9.387254,940
725,555,16,7.049807,1098
557,72,13,5.551773,705
331,279,12,4.959658,610
567,594,8,5.299799,900
558,451,15,7.421779,811
558,225,13,11.132047,1170
220,485,7,13.200645,313
626,628,12,6.257504,820
130,446,16,3.866820,552
291,420,15,10.298661,600
593,444,11,9.935782,867
612,76,18,5.879132,819
671,324,7,6.515866,231
337,732,5,8.723753,869
548,116,16,2.461559,290
124,509,19,15.649789,642
573,575,8,8.906108,117
108,290,7,5.261678,755
97,141,20,3.374643,390
97,37,10,11.537682,1118
129,86,18,8.751996,127
328,276,14,19.683853,718
352,296,12,17.576985,1089
616,653,16,16.497203,1126
310,44,14,15.847247,288
492,449,18,14.230581,998
18,194,12,3.430722,238
477,321,14,1.646983,316
489,37,16,7.225215,414
528,428,12,18.451791,1105
138,446,19,18.176956,812
705,498,20,5.737819,1084
240,99,11,0.670669,675
16,640,17,9.992938,407
556,683,8,20.435581,135
422,451,19,16.646277,909
363,714,9,3.776119,1167
438,21,18,1.627947,368
85,557,16,2.343353,237
388,346,9,3.004912,155
597,412,13,10.005723,416
405,690,6,18.854709,585
392,102,18,17.196425,551
104,561,5,10.019170,881
274,298,19,1.749851,404
558,492,5,20.017766,130
229,580,6,11.370099,165
633,581,14,0.837720,1195
20,454,13,4.382914,525
609,296,13,4.391831,960
590,495,7,1.186038,471
491,474,7,10.475313,403
333,448,18,10.695211,1150
453,345,16,14.095694,500
57,417,9,20.309953,144
462,225,16,2.735342,1066
559,726,20,11.742074,516
35,34,20,20.233740,104
643,660,5,7.761335,409
135,551,12,17.323655,772
403,306,17,11.291800,1141
208,610,10,12.428327,951
607,630,13,12.385260,421
298,702,17,1.551069,752
239,455,5,12.363227,1045
472,342,14,9.806798,896
545,558,14,11.955811,748
418,471,14,0.269057,303
223,603,18,8.156549,573
44,103,10,3.398623,941
183,591,7,15.820265,1130
11,270,14,14.929501,985
93,601,7,9.247926,876
29,594,13,4.793649,383
244,651,8,7.994178,622
380,439,9,12.194047,843
433,675,9,0.134259,348
16,556,12,13.079555,644
465,112,15,10.424188,650
303,320,14,10.455597,955
129,676,13,0.617503,942
683,253,6,2.696455,572
13,386,19,12.548820,634
85,544,5,11.100751,362
721,168,11,6.409441,405
192,450,6,14.526764,355
570,366,17,9.692340,616
401,432,9,0.862999,638
105,568,6,17.619745,656
368,709,6,19.607844,635
385,208,12,18.857701,690
368,252,20,13.673362,1119
13,570,16,9.890887,434
92,32,18,2.834512,986
648,394,16,1.910322,864
669,33,14,18.862558,1099
228,395,12,12.623788,1081
651,183,18,16.541284,429
455,534,20,18.379079,663
318,509,9,0.954125,838
610,341,13,16.176001,154
197,141,11,5.958042,1104
702,560,6,5.548386,289
606,40,12,17.374699,747
490,107,6,5.438930,718
180,467,11,15.714354,912
453,186,15,15.845880,928
184,477,16,0.317440,250
465,59,9,0.603696,654
551,290,5,5.597824,621
282,7,6,17.161443,1188
621,577,15,8.137878,243
637,730,9,10.353412,747
550,567,17,7.430321,1035
328,197,7,13.883334,690
104,335,10,13.798102,842
622,675,15,13.928004,1096
693,389,8,10.399529,214
73,281,12,19.445083,1174
664,255,15,7.353880,102
122,395,18,19.482820,988
203,91,15,17.302564,940
286,726,6,5.134525,857
388,475,18,18.837117,317
526,642,17,7.203357,976
495,350,11,19.949561,611
486,34,13,12.374393,1134
84,225,19,11.034068,1073
588,319,6,8.549907,814
487,72,14,4.307504,635
424,537,11,17.117519,267
380,385,9,2.529994,564
347,229,14,16.633026,1108
263,123,16,5.848297,837
493,441,20,10.065908,448
292,344,16,13.297453,851
33,647,20,2.764296,1061
115,747,11,16.991395,697
523,560,8,4.525207,364
396,409,17,13.740102,706
327,183,20,16.932846,269
405,330,6,12.189921,1126
87,506,20,15.939392,1105
198,671,19,19.340496,365
592,588,14,5.069186,1038
63,492,5,15.250497,1184
22,274,17,3.120104,429
646,562,13,3.983350,953
532,658,14,6.509307,271
336,333,16,19.471227,1124
303,280,20,8.249393,1184
359,363,11,14.059265,803
544,624,15,15.126545,312
475,608,13,20.180379,1136
410,395,18,16.762233,523
428,499,5,9.483821,1023
178,132,10,8.906805,577
449,167,14,5.624701,484
492,172,7,19.095882,768
189,479,11,6.294290,1133
184,44,5,9.647243,542
2,512,11,3.212698,954
175,75,14,19.428861,416
670,649,17,13.062481,607
157,667,20,8.922421,1141
464,119,12,15.957396,1129
412,307,20,7.396439,520
76,520,12,18.682157,188
606,684,20,17.050838,548
583,374,14,8.723153,682
500,456,17,18.044051,426
191,168,6,2.038460,686
711,644,6,0.305953,296
481,62,20,1.698449,673
273,17,10,17.488159,490
416,329,9,16.103907,600
411,503,18,9.370239,935
61,1,6,9.721227,411
747,629,12,1.640447,811
589,91,12,5.487769,121
43,108,19,14.233241,722
436,89,6,11.753302,738
217,330,16,11.472621,825
284,92,12,2.704353,196
61,584,18,12.982673,291
595,653,12,11.814685,854
433,633,6,5.171903,664
572,170,11,12.557271,717
740,66,5,4.965871,129
696,534,8,16.793608,1011
312,123,7,12.670095,598
73,507,17,6.959100,866
608,265,5,19.601152,1139
268,214,5,8.189933,100
43,684,15,0.982314,383
206,234,16,19.137369,849
255,386,16,7.868270,1077
343,589,5,1.719333,383
633,112,16,19.911773,369
241,287,14,8.208396,238
497,365,16,0.678267,341
614,143,6,18.563227,222
426,662,5,14.840320,816
117,595,6,1.919159,1169
526,72,11,0.653264,187
717,209,15,0.815444,440
354,203,16,17.259103,142
193,443,7,12.462014,240
453,735,19,8.257075,821
14,239,6,15.473777,169
333,365,13,9.520326,315
435,745,19,5.699504,815
207,98,13,5.280177,1124
650,510,10,14.922669,430
700,34,12,13.279088,843
113,649,12,20.193151,120
472,30,17,12.988079,394
60,633,17,19.914645,108
361,621,5,2.649841,427
733,311,15,19.111544,298
413,271,15,18.694454,243
370,132,18,10.979150,589
741,117,19,12.200262,1085
354,206,10,16.890378,136
599,16,6,12.643714,486
670,279,19,6.526629,718
250,224,14,16.344683,305
658,78,16,13.882144,163
245,156,16,11.404260,1196
57,719,13,19.458612,456
607,605,10,17.668758,1194
245,529,5,10.001447,1057
705,611,17,1.630205,516
243,638,17,19.163112,293
535,427,14,1.950606,1035
333,542,19,19.231732,815
656,308,14,12.370863,1083
33,205,19,4.152802,527
307,728,12,7.646753,824
78,434,19,16.424983,423
536,703,8,1.432434,614
302,513,9,1.200738,607
681,253,15,17.603789,247
502,156,8,8.152667,1134
408,228,8,4.082014,753
741,641,8,6.531513,393
169,580,16,15.241628,898
170,739,7,20.261449,240
148,13,17,9.789432,1190
381,135,5,15.912418,1113
626,669,13,19.429297,1188
500,261,6,4.425112,1143
21,714,6,1.361862,764
225,359,8,0.012540,1123
125,594,18,12.849810,1017
418,109,7,6.013181,745
367,389,7,1.503607,191
279,126,11,2.450041,652
462,745,19,2.634390,549
359,43,11,12.724084,761
8,267,16,4.362430,1009
91,45,14,11.813607,783
93,49,18,5.319763,478
43,125,7,11.555567,954
130,424,11,17.371856,884
530,335,9,3.067187,740
456,502,7,17.664439,552
313,628,17,5.072156,627
310,466,18,7.304660,661
625,293,10,0.456825,327
35,418,16,8.876485,124
285,589,18,8.547373,1070
496,447,20,19.190143,1099
121,309,8,14.262892,1104
680,326,11,11.707280,1159
414,394,7,20.466241,995
211,258,12,0.450489,457
148,606,10,12.738321,546
241,497,20,11.934941,1022
294,158,10,7.663540,516
679,598,18,16.764531,502
615,420,9,4.551978,219
599,161,18,16.357183,187
661,590,20,13.782399,427
297,466,6,12.554972,750
86,496,13,13.383863,1040
526,542,9,18.043275,824
555,405,11,6.341395,399
338,341,13,17.540799,323
100,160,18,13.798722,270
325,494,18,14.820248,581
317,559,19,10.405593,1051
470,24,5,13.402617,963
574,464,19,7.478572,540
686,110,16,9.254568,931
361,412,8,0.658432,816
370,587,17,8.683168,1162
629,721,15,12.218811,1186
625,165,12,5.563725,437
622,197,12,18.228366,147
166,659,5,13.649619,303
108,713,7,7.272335,348
39,79,5,12.985573,210
422,344,13,16.734118,770
164,27,15,20.091641,1124
486,417,10,5.712670,1123
326,559,20,12.626972,881
687,659,10,5.301757,312
497,455,5,7.846205,969
726,282,19,9.625152,410
707,644,9,17.828528,981
340,501,7,11.256105,292
392,318,17,16.734772,1099
398,133,5,1.819777,359
521,725,7,15.890929,707
566,339,16,14.324328,709
363,728,10,2.573025,776
139,0,8,13.292206,331
368,526,10,20.204729,1194
266,440,10,15.668865,861
502,109,14,17.000453,196
730,457,19,8.469086,230
396,720,18,5.817698,943
563,662,10,10.866390,700
423,218,16,0.332775,1119
461,257,16,15.209042,357
98,471,10,13.021112,1151
147,50,16,1.448930,1069
516,323,6,9.467960,732
677,215,12,9.525011,738
180,687,9,6.646779,341
537,201,12,16.010961,344
335,482,9,10.804450,455
179,617,17,9.874653,961
591,331,12,19.205782,760
263,724,16,19.365989,808
272,687,16,11.194046,687
676,13,20,14.497071,1028
708,16,18,2.395685,832
636,741,7,14.095671,451
461,70,17,6.876634,595
679,450,5,6.456957,906
56,17,7,8.051912,805
575,397,18,12.875642,528
268,615,8,6.719638,310
160,350,8,20.190742,377
256,346,5,10.965216,382
199,423,19,17.206548,709
683,430,7,12.153317,559
327,428,17,10.075226,542
98,428,18,15.044907,193
11,280,11,10.489385,806
132,189,18,9.348537,555
166,168,15,18.412164,1105
621,366,7,8.739043,102
137,582,5,11.855331,619
552,419,11,14.346367,567
507,653,19,17.295049,447
104,701,7,10.237698,1072
631,108,16,19.889007,805
648,65,19,3.409678,1016
215,3,11,6.021987,284
363,701,14,10.742167,879
454,315,19,18.755707,617
213,353,11,12.336090,642
410,344,17,14.213634,1127
726,380,19,20.026944,1165
349,462,14,12.718627,556
415,178,15,8.843735,146
651,329,7,12.043390,700
589,235,15,7.025331,143
601,499,14,4.615158,1049
111,29,19,16.430870,368
647,205,8,9.395194,1174
261,580,13,4.868471,941
169,623,13,17.505146,558
182,600,13,17.007619,151
179,325,12,10.925503,348
257,526,8,2.127052,837
344,748,19,6.604384,787
243,349,10,18.731372,123
419,340,18,6.274978,182
686,194,7,16.884122,1137
283,654,14,8.595048,973
205,6,20,8.370493,749
269,581,18,6.436966,776
180,57,7,20.499036,1191
694,331,13,15.053252,758
532,551,17,11.883386,430
252,417,13,2.708448,1151
386,162,18,6.494596,816
483,364,13,14.778131,717
6,105,13,10.735648,547
642,438,14,15.480499,1114
235,319,12,19.091007,527
510,38,12,8.311673,660
356,429,10,12.597563,522
50,163,13,17.027367,514
740,246,6,2.365605,1056
231,289,8,11.975499,535
403,293,5,12.564196,949
212,22,18,6.984777,419
280,451,14,3.152166,139
1,537,5,3.602305,857
703,747,8,14.195092,234
157,401,18,9.916838,406
107,299,11,16.449921,872
537,472,15,0.353278,213
237,283,12,2.085069,749
404,197,11,16.772646,419
665,364,5,6.806036,840
259,531,17,4.288428,985
623,146,8,14.953338,528
371,393,6,1.591998,1171
517,435,15,20.459727,846
445,636,6,1.944339,1153
483,612,20,18.270693,184
27,330,12,11.105818,921
278,717,19,0.454817,470
483,459,15,14.824103,116
422,41,15,5.024205,222
634,494,11,15.006885,1106
240,574,13,14.784424,707
361,637,9,11.991128,955
698,19,10,0.035822,103
488,397,18,14.015726,198
281,75,17,3.649741,886
697,516,11,5.364709,902
121,673,5,6.391558,1119
566,412,13,16.802391,348
188,153,8,6.431931,889
346,190,6,1.467374,290
91,30,14,9.033634,944
110,32,7,9.800606,1089
281,431,5,18.697383,743
154,509,5,19.536463,825
171,318,19,4.531133,1007
14,240,14,11.732320,596
197,6,17,14.560563,618
273,245,16,4.969472,723
391,122,11,19.869076,1174
717,154,10,3.710801,744
529,560,10,12.976877,640
575,682,13,8.592626,1080
191,13,15,16.734890,751
728,597,18,5.900949,125
31,558,10,9.699202,587
632,671,9,6.534966,661
491,438,13,11.312271,841
525,510,9,10.820335,801
236,346,15,2.646108,847
322,614,20,4.848641,643
176,384,5,12.435249,242
737,649,17,8.967668,1000
699,83,11,7.547285,405
163,72,12,6.200790,591
481,524,20,12.534630,958
425,623,19,7.984268,525
90,463,13,4.734272,229
327,518,7,12.735707,867
468,56,5,0.428335,162
277,279,17,17.520944,222
722,356,17,0.559036,1174
13,515,6,4.396531,165
487,667,7,6.132477,1179
157,230,15,5.758921,536
54,530,8,10.844225,925
636,222,8,18.803157,352
330,374,10,16.805332,167
494,2,17,7.926466,1197
87,384,15,18.633057,147
635,492,13,15.030425,1119
435,81,18,17.208146,1194
20,237,15,14.791992,970
186,328,19,8.330426,515
254,117,11,7.717930,152
11,257,16,11.297646,471
39,214,18,4.809972,1148
578,253,16,6.595925,514
179,183,11,8.435468,1094
561,418,12,3.774462,1009
40,462,20,5.024992,858
577,34,15,2.844360,545
468,83,15,6.524843,839
82,155,9,19.021280,388
630,70,19,13.303275,685
305,338,11,8.315303,229
220,93,16,0.896720,445
291,160,13,11.532372,967
224,162,20,14.991431,238
371,736,9,16.941581,119
259,430,6,0.090195,254
188,632,10,15.409404,893
296,73,13,18.551876,656
447,574,14,15.756381,216
185,182,14,10.108727,1128
56,166,11,19.935310,393
143,647,18,5.723900,162
484,164,9,8.756106,1016
232,459,17,11.252230,690
653,592,18,4.664765,631
579,270,20,17.507235,287
370,672,10,7.184083,1077
12,597,12,12.072177,1028
721,643,14,13.940601,340
584,216,13,8.752456,759
744,42,9,9.336145,939
224,422,16,8.530225,401
633,108,10,16.574509,885
605,742,16,14.856480,1058
551,489,8,20.058132,638
124,541,14,10.574462,958
271,685,11,19.640271,940
117,572,20,6.153637,565
160,690,19,16.869364,1047
276,732,8,8.181571,326
695,21,14,6.076534,337
391,69,14,20.473122,1161
615,91,9,12.713175,848
97,507,20,12.312050,579
76,214,11,7.637637,860
538,613,8,11.072848,510
290,81,10,2.595257,386
116,302,14,9.822823,808
49,484,12,7.715878,987
742,3,5,6.643437,114
24,381,15,9.703426,253
39,108,13,0.716768,1200
513,355,10,15.834962,914
540,205,11,19.045687,1021
636,397,19,2.651899,665
253,113,13,15.036067,125
49,321,13,2.520747,389
405,167,9,1.629825,939
574,551,19,17.689439,204
11,741,7,6.537431,569
734,599,5,13.102291,920
192,190,9,15.269649,494
646,730,6,17.192871,1131
390,109,10,3.229378,339
338,660,12,3.212555,851
92,326,5,8.574237,676
622,432,17,17.677334,812
521,90,17,15.877745,1195
372,618,16,14.545612,655
479,209,13,6.334103,654
451,529,10,12.031975,407
233,654,7,14.211352,366
27,458,14,7.712111,1163
698,369,15,4.567877,306
379,158,17,15.401920,674
203,423,14,18.591854,489
448,699,7,8.916422,574
392,329,11,12.415354,385
184,713,17,1.458436,349
621,86,13,17.183765,968
529,688,13,9.075883,256
434,320,5,11.335544,468
527,718,19,4.420726,730
734,674,10,4.182381,858
213,746,11,11.233062,338
67,674,14,2.091424,771
99,318,16,1.358084,132
653,140,12,10.948817,280
733,243,13,1.278394,709
116,178,11,12.860328,817
363,624,18,4.122448,108
88,685,19,17.872833,682
127,675,9,15.753324,170
642,320,14,16.205198,376
375,589,11,14.358423,901
6,383,11,10.201801,866
739,544,20,11.209701,456
158,300,7,10.720358,978
353,281,12,13.702494,450
288,381,13,15.183920,297
133,618,19,7.258213,465
109,98,19,12.383919,289
364,404,17,3.691945,484
577,311,10,4.609700,110
312,288,14,18.994095,320
542,571,5,19.986026,518
134,301,7,18.786857,690
412,169,11,9.654205,1172
693,707,11,12.223831,701
59,549,6,19.280765,986
302,318,20,14.612646,559
204,577,10,10.210158,972
369,546,11,19.004202,272
407,197,14,2.084403,416
202,417,19,12.468596,534
116,468,11,14.371410,969
161,133,20,2.783586,1183
280,594,19,15.373810,639
144,167,12,6.731330,547
479,316,9,1.528535,212
577,156,12,11.297927,324
278,558,8,6.470921,636
400,316,7,14.709334,683
529,625,18,12.968734,166
630,426,20,1.958367,331
325,684,15,4.230729,1048
513,195,15,18.974283,434
402,302,15,4.018165,981
517,701,10,19.203163,412
69,368,16,7.857268,572
638,615,10,16.032970,1180
557,535,11,6.817261,141
363,451,7,7.569369,1037
209,373,9,0.255604,1180
47,78,11,1.629722,1060
417,23,13,10.009720,251
551,288,18,3.283790,300
410,595,10,17.928818,968
644,614,18,3.914820,1001
431,635,9,9.471943,434
168,149,5,0.498178,1163
136,175,9,19.335673,371
661,351,16,18.050273,383
187,216,9,9.899834,407
744,443,11,6.002683,1045
142,69,6,18.164578,292
156,504,15,19.179670,1155
403,677,6,8.957087,780
49,727,9,4.942202,789
749,16,9,13.977845,299
94,121,12,17.466458,737
635,318,12,18.785565,687
483,338,7,10.436849,200
522,521,13,17.975194,735
520,580,17,9.258281,742
674,208,15,20.382645,470
332,402,9,3.149386,933
619,652,19,0.144314,333
261,570,6,17.663545,1193
345,691,13,5.189139,196
693,692,10,3.610181,578
180,398,13,2.217124,1044
451,433,7,10.501993,124
69,664,11,1.191733,573
218,684,12,14.173170,651
520,434,15,14.556369,1062
573,86,13,16.456861,1150
722,592,18,8.555639,1028
164,661,19,1.857213,580
368,162,15,8.100110,327
559,111,11,11.027505,308
715,748,18,9.787134,445
73,99,8,1.509376,135
454,742,11,0.254006,174
421,204,8,12.956698,666
659,50,12,14.333192,952
464,506,8,9.035579,1130
16,288,9,7.113762,350
394,507,17,9.560823,1032
402,637,10,18.060202,947
46,59,17,10.191547,294
267,106,17,11.974516,587
395,82,13,16.428773,366
347,39,8,4.189294,243
25,161,12,19.391141,657
717,590,9,16.295602,475
458,389,7,12.933538,1127
650,466,17,6.948911,317
714,738,20,14.595082,181
402,715,12,7.485115,385
662,156,10,13.472182,483
741,589,20,17.685997,873
621,142,14,0.004678,828
190,563,18,3.222518,673
717,725,7,12.745423,844
354,411,13,18.802951,481
658,705,9,17.348783,265
351,121,20,13.571320,904
603,377,18,2.612687,293
571,510,5,14.684097,864
5,706,15,3.153146,575
740,558,9,6.816129,692
718,193,16,14.890597,775
211,475,13,15.404202,494
373,269,18,5.099235,272
373,133,13,20.490552,1183
334,106,15,11.426918,825
359,73,19,9.177750,1081
59,386,6,10.243898,758
295,632,11,16.691394,1172
672,338,7,6.358555,1126
695,105,14,19.215616,670
235,402,9,9.090420,535
655,418,16,8.667162,749
460,295,13,19.286753,191
268,165,16,4.221241,468
742,4,16,16.210100,795
470,683,11,1.638311,917
41,319,5,1.123627,707
45,673,18,4.091157,882
707,40,18,11.180591,984
310,137,14,4.720090,1119
49,684,19,2.364951,200
292,411,20,18.068109,1092
703,154,7,14.624833,1041
580,465,19,13.192987,372
584,443,12,17.998189,584
504,290,19,19.704797,523
29,275,19,12.572946,691
609,685,19,18.667460,299
295,539,8,13.395180,775
735,111,17,9.142165,985
56,441,9,16.685443,689
556,270,6,5.268650,641
336,496,9,20.113283,748
96,419,12,13.607781,879
737,353,15,3.557989,1178
479,144,10,0.089816,533
698,433,19,1.654115,602
692,455,15,7.744360,677
552,38,8,16.687512,1152
594,361,9,14.516255,1050
152,3,11,4.068555,274
467,206,19,20.470172,753
621,113,10,14.886742,1078
743,308,10,8.488574,840
680,103,10,9.539899,824
748,364,10,16.685761,271
621,668,17,18.168786,444
616,455,20,15.244104,1065
355,57,6,9.534085,101
447,228,17,13.030114,1154
423,354,10,5.046041,627
366,357,9,15.989693,911
654,273,10,8.310195,1110
748,155,8,2.214644,200
471,164,11,18.268260,476
129,237,14,1.232583,982
25,496,9,2.596898,644
637,447,13,11.461438,987
721,95,16,12.909360,958
37,167,8,0.385675,331
114,630,15,8.912579,222
307,211,14,1.379833,991
371,222,9,12.240315,801
280,683,18,13.283206,970
66,548,10,9.214059,110
201,423,14,2.201861,1189
419,377,15,6.134329,137
153,342,10,13.178898,370
188,406,8,3.589964,923
284,712,7,9.946928,1179
269,340,5,16.961836,1087
720,346,20,7.512357,828
421,427,13,9.238359,648
179,160,16,16.879505,374
307,578,6,10.908065,241
684,196,8,5.350031,1030
518,498,6,6.159948,664
474,212,20,20.328889,1110
544,598,18,13.164132,550
220,261,20,12.894853,565
238,423,18,5.641467,357
525,575,5,18.773970,875
521,690,16,7.964798,363
654,716,17,20.312884,362
105,706,10,15.217094,1067
681,385,14,13.134472,955
480,520,6,12.220533,908
379,648,12,8.364490,997
550,585,18,14.157810,983
314,478,13,13.606350,526
565,166,17,9.672744,952
653,253,12,12.542970,146
80,75,15,12.921612,110
519,426,8,1.217294,294
656,240,8,9.964145,270
472,81,12,4.017161,444
441,277,16,2.102395,954
587,557,5,13.886567,420
549,266,19,2.710780,781
183,98,15,12.159879,383
475,311,11,9.657635,618
553,79,10,17.684454,496
383,307,8,6.253828,889
364,430,7,15.001627,661
521,677,14,4.463796,1007
214,134,10,17.989861,787
675,506,11,18.184064,543
156,186,9,5.709699,1005
237,115,8,16.505641,331
467,1,16,18.135033,739
293,24,15,11.583754,1057
198,697,10,3.539067,667
128,712,15,1.925228,323
643,220,6,4.624008,410
270,28,6,18.096507,372
187,397,15,17.973388,572
209,368,9,1.505044,252
370,710,11,13.983982,1177
421,68,8,9.280539,194
428,736,20,11.432066,813
587,499,13,17.284140,548
683,96,17,11.949586,800
668,220,12,14.575073,848
213,226,14,14.368632,989
620,337,12,4.877104,1179
171,355,5,3.357741,462
327,463,20,6.278748,583
395,0,14,11.974722,431
149,147,8,8.423033,840
248,693,10,13.639287,216
285,462,15,7.032688,1084
267,467,14,5.774679,1001
62,17,12,4.334129,300
541,57,10,20.247595,311
307,504,11,6.026877,438
156,24,20,9.728615,1005
371,668,13,6.549603,566
298,714,7,18.330811,1157
535,73,5,12.284621,638
336,441,10,11.387401,1065
352,177,17,14.851909,839
573,126,19,15.461345,952
685,740,18,1.712484,170
481,2,11,9.940327,1175
456,313,5,8.084153,274
5,346,14,16.484770,1152
224,528,5,3.132901,764
703,166,8,1.329304,924
246,176,13,11.929178,1013
149,285,17,9.653767,1186
64,464,12,0.164188,1153
616,260,18,8.329639,936
131,189,13,7.276891,301
408,669,11,9.655144,378
425,187,9,7.284727,590
515,166,7,3.861363,1180
600,4,14,10.592961,215
748,168,17,1.602706,968
154,551,15,18.406501,1103
512,85,15,15.172794,1016
481,243,20,13.804523,570
210,634,18,16.845677,943
487,436,18,8.490871,1081
332,312,10,13.089970,702
255,268,11,4.402268,284
653,470,6,13.057820,1061
358,114,20,2.857253,710
589,468,11,18.461465,716
135,685,20,4.523099,167
9,621,16,11.474097,1065
403,278,9,6.100417,197
273,79,19,14.392838,374
215,166,20,14.591502,338
650,235,8,2.544975,307
581,32,15,16.181324,1036
464,709,5,1.927725,1144
715,640,20,13.331838,1144
195,71,9,5.129388,203
612,173,18,17.769845,812
113,632,6,9.090342,1095
37,16,8,13.091958,379
388,288,8,9.579652,807
725,445,10,13.136659,727
672,646,10,14.016243,782
43,534,12,3.130700,600
442,383,7,3.823069,1183
120,689,19,5.202167,1134
255,204,16,11.211738,408
148,661,10,7.987931,134
617,399,5,12.713849,692
497,27,8,18.221020,572
29,246,8,10.089474,998
218,579,6,9.754076,761
300,61,11,12.700388,1147
286,496,18,11.294274,367
459,482,19,13.432200,386
205,281,12,5.593448,254
527,490,13,3.025452,928
567,215,20,11.780925,348
312,599,13,6.333547,948
448,218,5,4.774889,605
62,606,15,14.696150,1074
572,214,7,10.272538,409
657,14,14,6.180376,467
453,438,10,18.504221,292
521,334,5,8.251047,1135
287,295,12,2.050519,611
277,137,8,12.891743,645
723,8,5,6.182301,662
698,582,5,13.416466,1193
651,713,6,12.950562,553
269,140,19,14.065223,935
120,564,14,16.584436,894
64,334,7,6.439606,644
263,195,19,1.865592,1048
23,430,6,9.723263,898
466,201,17,4.228586,764
408,17,13,7.065161,1165
432,167,17,12.241332,789
570,639,19,16.227571,227
453,508,5,7.220991,1136
233,434,16,18.368148,817
703,685,13,10.629357,199
473,286,10,13.669898,808
383,195,19,5.857304,461
615,695,19,12.311672,127
262,703,14,20.263249,1027
263,728,17,12.359427,782
618,490,8,6.046669,1120
226,309,6,19.633402,802
110,477,13,18.602665,1055
372,271,12,18.961535,713
509,199,11,12.269599,553
403,660,15,7.165320,935
34,507,20,7.598618,649
656,325,20,4.092715,876
749,425,17,0.522569,706
48,571,6,5.336123,857
44,713,10,3.879291,953
183,681,9,12.996829,215
350,570,16,15.670920,1060
410,299,15,1.065578,1018
434,58,15,5.391641,1058
599,694,12,9.212274,1003
249,720,15,11.013313,364
312,337,6,19.100356,451
293,437,17,17.271892,185
634,642,13,7.513425,945
336,365,9,19.349726,1160
407,417,11,12.239359,444
141,584,5,6.391876,538
1,593,19,7.104613,410
600,742,20,18.565830,299
255,365,8,16.960626,855
303,329,5,13.502537,903
636,653,12,5.539557,212
226,431,19,13.682969,241
558,186,10,13.446398,836
59,610,12,3.770429,661
669,495,17,17.452012,978
0,273,13,10.974597,1157
486,244,16,6.707718,405
36,392,8,12.993195,826
242,176,20,14.715884,380
621,190,17,19.397419,824
92,464,12,17.527105,997
517,344,12,1.404135,287
300,123,12,12.062013,531
135,504,12,16.196047,531
195,555,13,15.329156,426
137,115,15,9.586438,535
150,174,11,10.340371,887
200,464,18,8.357491,271
487,428,13,19.153501,315
605,332,9,19.294972,358
452,113,19,0.597401,360
25,714,16,5.604288,550
427,101,17,20.018573,101
533,575,11,9.462446,925
733,421,6,6.585332,807
607,365,9,5.800838,1019
711,626,20,19.252871,317
282,182,19,0.948323,931
223,537,19,12.817641,756
268,665,18,0.799117,635
578,476,6,2.782890,209
555,381,11,11.246843,1137
432,146,18,0.698861,978
679,199,5,11.341493,581
568,690,16,15.621751,469
210,2,7,0.476978,419
207,693,10,14.201349,190
373,41,20,15.690673,694
646,719,20,5.233906,720
632,115,14,6.121604,177
66,723,18,1.777167,545
729,147,20,11.900400,830
160,568,6,3.611968,591
391,531,8,1.588782,514
523,498,5,14.741244,364
82,484,10,10.350254,804
13,691,7,0.429734,960
651,358,11,19.598295,956
60,190,17,11.660728,404
670,717,10,7.369199,398
315,270,13,5.517143,531
112,595,7,15.463525,827
386,646,9,0.977453,982
38,607,9,20.326943,813
345,293,16,12.886989,906
298,490,10,4.501592,1095
646,717,17,17.466784,170
627,352,20,12.780883,510
514,71,11,7.615670,307
53,426,6,2.343658,1078
220,738,15,0.922292,472
190,170,16,3.523849,450
741,163,8,2.950419,992
684,389,15,7.527719,322
527,433,17,9.728386,1031
527,95,17,8.866729,924
416,605,19,19.620123,618
503,267,18,7.529441,108
624,513,11,4.787298,1109
534,253,12,12.537266,652
471,725,14,14.598442,782
111,435,5,3.511533,1180
524,43,6,13.474449,194
283,114,7,0.875860,668
565,490,10,2.868920,354
410,234,16,14.993204,253
134,48,8,0.247727,859
615,531,11,20.262351,756
487,36,9,2.783982,372
13,741,18,9.387981,732
735,558,18,4.847173,890
702,214,16,11.662622,349
619,748,16,13.103071,379
676,742,7,6.029532,176
435,708,5,14.838667,136
486,527,13,19.842196,1050
48,380,19,19.295397,1152
471,613,17,18.687074,164
384,88,7,6.139250,440
6,646,17,5.976739,645
5,590,5,1.863908,691
126,181,6,9.698000,325
74,355,17,17.351719,366
599,6,6,20.065226,717
636,621,17,4.987479,492
39,671,8,4.387846,157
89,689,17,4.332834,808
481,322,10,8.767198,632
512,530,5,2.027262,955
236,171,6,19.736868,801
658,583,6,11.093949,465
65,536,16,17.912172,450
29,435,9,8.179652,386
293,568,5,19.507696,369
396,710,16,12.698360,625
416,636,5,10.428927,1180
355,502,16,3.613273,169
460,346,6,4.627171,269
581,440,8,16.122184,382
10,306,18,18.548662,1026
488,170,14,6.668783,386
151,548,17,6.619349,609
278,0,13,14.425196,1179
363,480,5,13.846026,374
711,668,19,0.439312,309
381,652,20,18.193820,847
665,366,12,3.319734,167
591,451,18,9.768861,176
535,33,6,9.463430,176
155,13,9,3.492820,203
318,82,10,1.751879,632
471,252,18,2.214695,1019
314,359,17,18.837611,558
406,273,8,5.335240,1159
114,135,12,0.393730,949
271,33,5,5.164494,1014
331,271,12,0.814645,597
21,193,19,10.666930,194
222,204,9,15.825268,166
277,623,16,5.075015,336
515,517,14,18.260158,999
581,557,18,4.146329,140
151,334,12,19.250285,788
372,528,8,17.584001,932
99,223,16,0.404856,101
234,103,13,14.435047,1144
744,525,9,5.391755,827
81,607,11,19.285537,1035
336,501,16,9.827796,696
577,295,6,2.585833,424
601,9,11,12.484436,641
400,364,16,16.792527,1185
248,124,5,15.702119,570
699,568,18,19.195051,560
10,36,17,9.558234,1044
362,231,5,12.953282,491
538,150,7,16.045909,320
478,283,12,10.537082,1144
735,476,6,8.437826,823
566,95,7,14.883090,467
674,348,15,12.172241,1007
611,358,17,4.811344,950
156,307,8,18.475560,1046
613,465,16,15.532974,121
107,624,6,13.433548,192
82,702,18,3.608610,1002
469,665,15,18.883271,963
293,599,18,3.589264,348
588,318,9,4.445715,1199
5,532,14,14.178370,387
59,282,16,11.052179,158
83,250,9,10.792834,1037
405,328,11,2.995307,543
249,739,16,17.855137,851
27,705,18,7.565332,410
534,723,13,9.788622,830
396,492,19,11.140069,749
741,696,19,9.532920,714
702,555,6,2.382044,981
321,287,19,8.698954,803
745,342,18,6.346242,372
216,377,13,6.156346,295
284,218,5,8.986970,857
555,583,5,4.027789,786
166,699,6,1.160120,1155
746,682,14,13.313045,1200
512,485,10,12.761122,240
643,123,14,8.364973,1075
656,230,12,6.576407,605
680,328,18,14.779286,738
35,498,10,2.913639,700
173,1,11,1.738868,802
617,459,16,12.811610,175
19,218,20,19.570493,580
305,92,7,13.870815,1151
438,635,10,3.934240,1129
37,292,18,8.081358,1045
561,644,14,12.604762,846
138,537,10,17.314282,1174
342,393,10,4.927403,506
533,469,5,13.141147,187
499,672,6,2.619022,890
86,422,10,14.152279,517
576,216,14,15.876399,224
166,705,17,3.820271,607
128,634,17,5.985368,1120
726,143,15,19.584745,426
680,324,19,10.666000,510
275,605,7,17.581449,300
156,97,18,2.265072,156
148,581,12,16.738574,301
457,436,8,0.612902,970
535,257,10,10.435585,531
539,293,12,15.342911,270
82,59,15,0.987479,197
617,509,5,14.590463,717
462,617,5,9.023274,1026
353,727,15,7.827323,725
355,148,7,5.832066,580
413,588,19,10.939739,949
113,122,16,2.600251,704
47,32,19,4.497979,448
698,495,5,3.665465,322
626,477,19,19.407535,613
519,746,8,9.209569,570
632,35,11,19.527286,808
145,578,9,4.724207,240
511,434,6,2.099153,995
488,2,14,9.593026,538
681,133,19,16.709469,700
13,739,8,15.278624,744
181,723,10,13.866153,522
575,430,9,11.299087,1097
526,86,11,6.702432,843
174,263,18,6.697259,517
112,17,6,14.388829,1194
53,447,17,18.601291,864
131,359,7,8.864177,1095
561,679,9,12.380673,1026
104,618,11,18.422353,436
469,693,13,14.245117,214
658,258,8,12.454417,549
490,242,12,20.222504,1169
175,502,18,7.555443,792
433,102,17,8.212927,355
29,676,19,13.622936,1084
355,588,14,2.378796,531
596,300,13,13.158349,588
274,11,14,4.973267,1159
297,699,16,4.538945,954
144,138,8,6.197748,1144
288,307,8,11.582110,125
749,61,15,16.691976,931
376,73,12,16.311111,591
353,278,17,3.038271,363
613,561,11,2.940262,780
618,560,5,10.640562,306
130,341,7,13.591975,437
310,576,17,6.750800,727
688,63,9,18.226835,153
603,482,15,4.049443,272
30,346,6,12.742930,401
747,376,10,7.589833,399
195,556,11,17.649214,220
338,374,9,18.143036,714
142,110,7,3.297556,1032
183,73,11,8.237219,592
534,475,16,5.815681,622
155,614,11,10.830469,474
489,122,17,3.931210,138
73,91,18,5.577178,1048
212,366,6,1.346497,1115
444,394,10,4.144149,1017
662,630,17,15.961466,616
454,720,6,15.350985,1105
442,330,8,16.679005,530
376,281,9,20.066344,268
362,355,19,12.997894,792
296,599,10,7.663819,270
410,157,20,18.288992,446
108,157,14,7.497038,198
373,474,7,2.027197,543
326,320,8,5.399252,510
737,746,20,7.712698,486
673,78,15,16.517662,871
603,112,5,13.129445,181
73,495,20,13.613029,236
82,205,5,7.660222,1015
203,323,19,2.283221,772
489,396,6,15.841347,899
68,88,11,18.859680,158
0,331,12,8.319080,718
161,508,20,15.811637,968
687,470,9,6.110324,1157
704,459,8,17.140410,371
18,10,12,13.868445,213
316,253,13,4.354949,507
78,678,19,12.591558,533
45,332,15,20.405411,195
187,22,18,11.692899,1127
426,15,12,13.882091,959
330,577,8,16.680497,341
313,381,20,10.617944,651
46,249,16,15.896948,1045
450,361,19,11.502665,1187
362,293,13,8.429044,976
668,168,8,12.922653,180
300,701,12,10.493382,450
516,301,10,5.832177,1071
455,183,18,19.246963,1029
379,584,19,3.172023,677
613,527,13,3.316025,458
332,540,16,13.571213,1194
26,606,9,4.283046,500
570,661,6,20.348954,662
483,395,20,4.127933,122
85,316,13,16.353417,132
550,696,17,11.993032,601
653,370,8,0.286257,1155
683,122,10,5.560505,1000
27,452,14,1.204968,1069
53,376,12,0.913242,797
0,231,18,17.346883,594
253,466,6,1.415230,986
530,361,14,4.163487,871
550,136,14,0.374286,646
308,307,13,16.097225,519
303,615,13,8.070947,1067
364,46,7,10.447787,229
731,657,16,0.238197,675
251,7,7,16.661523,532
700,358,14,3.236421,380
707,230,15,2.194186,221
397,332,10,15.120602,663
101,672,6,9.839069,804
261,398,15,8.045642,362
39,483,13,11.321146,217
620,16,18,16.766626,360
453,714,9,17.732894,717
282,42,9,6.617339,906
513,101,10,8.862703,290
733,734,17,18.030821,1163
100,641,14,13.035749,1170
265,334,14,17.392870,107
354,578,8,17.752718,782
112,122,11,9.122432,393
184,48,14,1.858068,215
204,673,17,6.080895,968
737,512,6,12.205154,592
334,683,19,16.303525,1130
513,539,16,14.518375,1188
341,445,7,6.763617,1098
95,732,18,9.631624,434
646,47,16,3.715697,180
1,443,16,8.907535,144
119,384,15,12.743314,822
640,610,19,0.548318,762
421,617,17,7.699038,995
474,117,12,15.013288,1090
613,379,11,19.942795,966
163,616,10,8.727658,836
532,53,6,3.921590,831
128,138,9,11.684777,1087
222,186,20,19.086810,220
241,278,20,12.602113,1011
592,548,16,18.316283,909
466,642,13,15.917209,729
596,156,14,16.905501,225
389,156,19,7.113384,1193
274,529,14,5.251253,242
465,442,9,18.833996,794
475,420,8,8.290633,526
291,279,19,6.066389,780
157,685,16,5.782158,619
749,689,5,14.567843,694
307,7,8,13.960191,988
154,432,20,14.850514,958
701,132,5,3.232871,164
528,437,17,7.282025,124
439,255,6,14.371665,551
376,190,10,8.604992,596
564,559,8,19.141243,329
190,283,5,15.072397,126
262,220,8,8.675331,108
93,577,18,17.148780,254
198,1,10,8.349386,923
342,739,19,17.190026,679
684,124,8,5.652567,811
452,670,17,0.265284,227
521,153,18,18.509701,828
127,212,10,3.295454,631
634,124,16,13.768754,923
596,361,12,18.535847,795
299,413,14,0.276163,1121
685,745,19,18.609386,610
741,98,9,4.159838,396
307,564,6,18.836150,289
379,197,20,16.734894,872
205,551,19,15.459450,100
270,256,8,1.674909,763
555,630,18,7.435438,348
649,160,11,13.252726,677
69,23,15,5.922773,768
318,135,9,6.010478,556
340,22,19,13.384227,1132
646,114,20,3.352933,1012
429,491,11,5.137784,217
467,722,8,9.246754,202
237,703,17,1.522185,964
416,41,10,0.772308,956
557,656,7,3.429590,1000
748,112,8,12.346446,746
551,684,10,19.490897,1122
419,295,8,17.954329,313
450,404,11,14.554239,120
517,423,9,12.799172,422
269,482,7,8.309060,541
628,161,18,8.460528,1176
615,103,17,9.278292,335
403,498,6,2.063370,492
271,214,10,8.092331,386
229,561,16,18.450270,104
558,60,17,7.497350,1158
359,627,10,1.204105,1070
664,212,14,8.682920,1134
141,662,14,10.606360,363
473,630,9,9.672448,397
17,748,17,16.831754,442
442,445,14,11.894111,236
673,656,9,14.937089,732
443,61,16,0.547503,854
739,371,14,19.711158,980
483,539,16,2.429489,1034
644,224,15,13.758725,1119
717,418,19,0.388823,407
700,472,12,8.409054,563
38,635,16,14.930160,344
60,669,6,3.159878,561
219,7,16,0.287680,843
646,182,18,2.084387,174
739,510,13,4.862425,679
635,515,20,0.654989,350
55,674,15,17.338852,801
403,551,9,16.232284,234
210,662,17,7.350706,550
26,20,14,13.970375,574
717,430,19,12.354473,1166
613,59,6,5.073774,652
672,484,15,1.701183,722
411,354,8,10.090837,117
541,572,6,7.940034,286
275,167,14,19.505698,803
294,455,10,11.598007,922
287,321,20,17.614476,297
674,531,11,17.938133,879
546,649,15,5.432101,971
693,187,11,10.965488,944
586,225,7,6.196486,736
395,572,10,14.025024,968
437,585,12,17.788157,1027
405,337,11,8.056596,1167
70,171,14,9.279045,299
169,391,16,17.772124,223
657,214,15,2.802392,1035
92,99,12,2.169808,978
188,389,10,0.942501,1185
281,451,20,19.791891,114
436,247,20,20.467818,777
104,549,14,9.114219,1195
608,636,9,11.559837,799
285,13,16,10.132515,1012
663,282,8,16.101113,655
604,559,20,15.808311,142
682,255,17,12.937090,1016
538,565,17,9.394065,740
630,655,10,13.535153,873
538,628,6,10.103117,704
642,306,19,8.929777,537
31,457,8,2.630304,668
234,427,8,3.672178,149
200,420,15,0.529354,865
130,150,9,9.713969,883
218,537,17,4.948569,814
510,78,8,17.804419,982
748,604,9,20.023650,480
20,236,10,11.469775,524
524,253,10,14.862400,886
439,27,20,13.989748,665
271,718,19,14.215675,145
731,274,14,14.660879,969
657,155,12,7.163171,821
701,517,20,1.793271,1196
499,418,6,2.931549,624
533,451,5,16.801628,546
5,679,15,9.163841,222
574,137,8,20.262443,658
722,331,6,6.148858,773
349,525,20,15.234457,1011
267,744,17,7.580813,445
52,383,12,3.731924,529
112,296,6,19.282775,218
615,19,9,17.090331,1093
480,739,19,18.592880,1074
345,276,19,10.349171,837
207,509,9,18.501404,934
598,346,15,13.997615,313
559,513,8,15.330751,721
430,321,7,4.567565,301
488,512,9,4.367042,1130
17,106,12,5.038864,329
479,120,17,11.111768,1038
734,680,18,17.278629,842
296,628,11,19.651639,952
372,62,10,11.631367,558
361,183,20,9.497144,128
351,421,6,11.243826,182
637,630,18,4.474919,1091
574,712,15,16.303759,450
44,699,6,18.245298,285
158,549,7,5.765398,361
672,629,9,19.152065,452
554,184,16,20.345732,532
602,270,6,14.228331,902
111,387,18,8.056320,910
560,649,17,7.144827,837
313,717,7,3.719905,268
322,119,9,3.945615,104
339,4,10,14.864790,181
455,105,12,15.247179,665
123,419,16,13.582226,1198
189,279,10,3.874220,394
337,678,9,11.989583,533
669,47,19,9.775482,832
255,401,5,7.285597,239
382,73,15,18.879787,725
264,28,16,11.270256,786
231,677,6,11.441093,375
645,595,16,8.773580,148
220,470,10,4.757067,505
602,732,17,8.251775,189
699,66,6,2.956823,374
748,721,10,9.109547,922
101,628,18,2.748240,712
87,392,12,8.099583,554
486,392,11,7.851284,364
20,350,7,5.892878,221
200,556,6,20.358823,367
405,151,15,5.712903,1101
242,44,15,0.306665,167
66,87,13,18.793562,1027
377,723,9,10.008309,761
149,477,16,0.603074,564
95,682,19,16.419364,413
703,556,14,18.502527,783
150,342,16,12.004200,804
63,230,5,16.104922,273
128,657,7,17.093465,939
394,370,12,6.112794,204
71,306,13,9.134774,329
492,89,6,4.661619,156
274,531,17,3.141994,1029
389,486,13,14.710360,967
453,109,12,1.620598,184
323,44,18,13.676742,375
638,526,13,20.211629,752
95,345,18,2.596079,592
687,725,8,18.116827,460
257,655,10,9.682725,491
125,396,8,14.226829,445
319,327,20,12.722138,946
54,524,11,14.940197,392
571,260,7,17.663859,276
688,96,14,8.420499,1018
189,514,12,16.398747,1007
712,579,9,1.611098,185
437,29,20,18.197001,433
496,611,5,13.342560,516
483,196,17,15.388099,740
426,362,16,6.316165,651
622,282,18,10.378946,906
185,631,14,6.053772,924
351,176,12,10.777511,1171
703,559,8,17.287377,701
472,20,17,8.827127,306
365,76,16,15.266009,393
634,63,6,0.627513,536
135,439,18,13.207388,328
161,543,15,10.019691,391
474,160,17,1.444082,384
452,26,8,12.728871,653
635,151,17,3.905240,964
572,449,11,14.948680,604
505,402,15,10.218990,372
678,310,13,3.542536,313
423,515,12,14.939914,150
82,529,7,8.185721,617
114,398,10,15.011933,905
301,682,10,8.000504,1193
285,270,20,8.003248,749
271,451,12,13.494681,109
682,423,20,17.524529,595
316,140,11,5.874285,151
103,598,20,19.967840,108
436,286,11,8.443874,533
666,326,16,4.003283,760
156,220,15,13.831539,1129
453,620,13,20.313369,427
67,34,17,12.435148,192
504,458,18,10.917781,461
642,348,13,9.374315,1049
521,320,17,17.523760,1165
560,66,15,7.688234,802
367,299,10,3.673503,309
469,478,18,2.705373,734
110,245,17,7.689244,548
283,349,5,1.216442,851
33,646,14,4.593210,167
654,305,14,1.976878,833
334,383,7,6.355436,716
624,285,19,1.226619,1112
286,437,13,2.742217,758
616,282,7,15.060962,366
654,577,19,8.384250,149
506,355,10,4.619045,635
311,87,10,19.958108,457
85,502,15,17.724291,341
35,578,10,2.081793,677
93,623,5,17.573934,433
618,212,11,16.742150,338
239,729,6,14.541684,716
252,678,13,13.870156,1093
716,674,16,3.739919,963
283,23,11,8.208964,1091
76,217,10,10.619891,287
644,629,8,17.858655,115
45,345,8,2.796047,217
719,13,16,3.684490,487
479,364,6,8.958206,1069
582,320,14,16.685893,129
355,64,17,3.717894,552
669,93,15,5.983188,394
56,549,19,14.248867,600
698,221,19,10.233680,124
3,604,18,12.796409,447
384,632,6,10.989942,893
49,258,14,7.876471,947
685,553,8,11.291421,478
601,5,17,17.242839,668
340,735,5,10.106616,932
539,540,7,0.935608,456
151,416,9,18.011326,642
462,475,10,0.623394,158
665,662,13,17.473451,836
51,385,7,11.228674,634
371,420,12,1.538194,1200
712,746,16,7.805049,968
592,336,15,7.323425,136
530,108,15,9.448350,691
298,139,12,7.902202,655
243,76,6,9.611169,1073
624,164,15,8.017997,1104
434,527,5,6.227239,963
117,6,8,0.481163,419
237,282,13,15.000065,310
573,53,17,12.443630,1157
527,483,15,20.337631,865
360,517,17,0.797707,352
228,224,18,7.979168,571
13,678,16,8.498034,787
74,647,11,1.762375,672
220,673,20,3.287255,634
645,246,14,4.841549,988
375,257,17,6.036783,782
91,156,5,13.090285,439
195,468,12,8.487841,605
666,734,11,0.820530,409
594,730,19,4.345250,628
369,415,14,11.833380,431
652,239,7,0.130413,792
147,689,11,0.060077,979
240,149,13,1.928499,898
391,419,13,3.506557,220
406,98,6,3.766481,1189
227,543,13,6.194796,178
338,469,8,11.852353,136
465,65,6,11.247382,306
70,473,17,2.889379,121
79,502,11,14.132858,1161
607,685,11,6.849923,939
678,212,19,18.762266,616
282,112,16,19.166858,460
213,633,20,8.735182,1100
605,440,5,18.077899,441
700,520,5,5.130044,860
441,163,9,20.116489,353
617,444,10,18.987334,224
408,366,15,4.320250,1045
504,100,16,2.920107,361
568,300,8,19.809016,614
221,312,11,13.555951,304
399,364,18,18.270725,673
216,316,19,15.122438,593
401,512,13,8.970209,221
429,616,5,10.307939,110
389,393,6,11.886866,1006
464,424,19,13.558243,532
245,144,10,19.923584,849
171,39,7,10.279070,782
143,68,5,12.780309,703
351,93,16,13.553615,249
423,169,11,4.238848,546
360,594,17,9.432737,306
515,330,12,11.248869,945
711,23,17,16.512076,271
64,237,13,20.026538,847
313,99,18,8.532725,602
348,608,8,17.327779,957
652,116,9,9.902792,480
43,614,17,14.762714,642
716,310,5,19.591465,253
319,283,19,8.203684,592
28,227,14,6.377409,356
264,610,7,19.034750,534
152,211,12,7.348686,448
210,447,14,13.875036,341
370,313,11,0.418320,624
570,28,14,12.810992,996
231,560,5,9.878600,707
186,510,10,14.020250,986
204,349,14,14.312016,1002
250,575,5,4.077549,206
83,320,19,2.852733,272
470,488,13,10.864362,819
392,221,17,2.694677,641
719,126,5,10.017951,1076
225,422,9,17.775218,199
64,499,19,7.199824,703
89,581,12,9.396486,551
133,579,7,2.202038,776
462,160,5,2.394598,629
581,108,20,10.572327,911
230,461,7,9.797219,1048
233,279,10,4.644739,427
332,289,19,2.464248,1153
283,95,6,19.910355,584
684,103,9,7.554926,596
227,621,12,11.279490,1073
428,252,6,8.480804,600
453,684,19,2.629066,973
5,69,7,1.455369,407
716,236,5,2.673154,995
66,544,7,0.692995,350
173,96,13,2.518359,531
746,337,15,6.211335,152
123,484,7,16.239881,160
564,435,13,18.471044,622
491,725,17,12.427135,837
316,719,20,14.122777,515
620,525,18,6.670911,321
426,516,11,16.191502,827
127,563,19,8.252067,230
551,302,17,14.102995,806
309,358,7,3.600035,1094
529,466,9,13.328666,884
446,69,16,3.233070,149
180,329,13,8.064163,597
156,5,18,5.107434,660
165,209,11,11.822948,986
86,13,16,2.585144,996
634,398,19,7.932437,319
60,575,14,6.609345,152
507,371,16,18.148647,815
466,525,12,19.706433,1160
241,88,14,1.002413,769
427,498,19,20.312749,202
43,25,17,7.752100,628
716,470,15,19.426890,1114
598,272,7,8.609597,715
272,727,7,19.014903,904
457,253,9,5.122423,997
486,444,8,0.251911,231
637,578,16,1.377225,750
380,56,10,12.279875,312
743,705,17,15.090515,611
487,249,9,10.277498,465
46,447,7,20.196587,100
27,685,11,10.610351,133
676,181,13,16.452881,1162
333,133,5,4.368761,678
472,674,11,5.342552,254
228,388,20,10.940207,343
27,725,17,13.872445,656
377,222,15,10.399253,111
736,669,14,16.720565,799
635,488,11,1.368185,1063
613,574,16,19.606521,610
276,384,12,1.289593,820
720,438,18,11.823656,1137
453,539,13,17.089508,940
674,39,20,4.107052,541
455,428,9,1.710979,436
28,430,15,13.514716,1171
333,689,20,5.051918,311
354,707,16,15.432203,118
611,63,12,13.926208,358
397,444,15,2.935242,873
495,631,15,14.035356,126
139,376,9,1.673210,1117
101,605,16,0.227006,202
486,571,17,9.032291,694
539,710,5,11.982785,1118
60,639,9,10.582744,352
429,502,6,0.776603,453
142,504,7,18.801836,800
363,552,14,8.642657,672
419,178,17,20.419470,1133
721,663,9,8.676896,246
743,205,6,4.499434,748
404,582,19,18.109614,195
226,493,19,6.620054,824
383,412,20,0.197431,513
677,471,14,18.445126,388
453,76,16,9.020535,239
375,69,12,19.867856,609
149,254,6,10.318802,386
346,662,12,14.792341,879
254,455,9,7.466522,860
453,703,7,8.996524,747
162,92,17,9.538312,542
463,336,16,3.348695,694
744,346,17,8.908642,914
77,37,17,12.087477,324
555,680,10,19.139252,490
271,565,16,3.334868,911
581,101,18,3.069026,495
357,499,11,16.846675,858
78,431,17,2.141580,450
697,433,14,9.294976,1110
469,158,17,9.186539,448
78,741,7,2.616413,117
176,458,8,18.115232,924
100,717,10,15.700394,491
676,615,5,6.922379,749
570,427,9,5.931210,917
657,119,6,3.827046,606
85,273,13,16.511675,181
145,324,9,17.431482,999
12,629,5,18.860869,535
382,359,13,14.424986,937
255,155,15,5.616874,529
376,587,14,10.840665,1098
52,129,7,14.167532,102
153,151,18,18.882468,703
527,670,16,0.554522,326
605,341,18,3.636845,435
529,110,12,19.205858,547
486,578,8,10.672333,850
522,628,14,19.347959,1041
63,478,15,1.887543,965
224,365,6,3.916546,941
395,292,11,8.784571,647
7,503,13,0.710665,1009
177,556,19,8.322443,1128
637,297,5,14.248946,1114
476,526,6,16.771741,525
234,87,10,8.959031,572
516,89,13,5.665055,535
202,696,12,11.653879,1160
84,522,6,8.113470,645
481,470,5,9.426852,381
592,231,17,12.181155,424
603,495,5,9.252102,381
21,559,6,13.820038,609
111,524,17,12.802053,169
124,348,17,6.649339,215
175,370,6,10.755665,681
128,37,12,15.253099,492
697,333,9,2.080879,159
472,507,6,13.166473,235
171,76,19,6.285125,789
714,240,17,15.619822,188
370,564,6,3.479329,749
516,443,14,5.169931,102
179,36,10,16.327036,288
28,528,13,6.704695,352
475,280,14,18.989744,310
453,603,7,13.823581,162
343,416,16,6.884531,122
635,586,18,10.683558,514
725,98,19,17.754171,916
156,340,13,14.024363,334
319,127,12,2.553090,577
150,616,19,7.662584,198
660,214,12,12.272737,1022
647,745,15,16.261607,980
546,63,12,0.896907,452
353,221,10,4.886272,153
74,311,8,10.264607,499
674,109,17,20.462006,650
543,204,8,16.608750,114
158,456,5,4.672475,961
397,433,14,11.895071,223
576,664,8,9.671326,216
21,568,15,19.102963,332
365,437,13,12.350369,853
648,169,19,8.662434,662
241,202,20,0.038994,187
268,713,14,3.406891,183
578,374,15,13.729431,1130
386,254,6,14.337417,453
673,433,19,3.018864,829
280,234,7,5.261037,431
489,220,20,12.385359,180
304,79,5,19.247312,429
688,414,8,12.651258,1096
59,100,15,14.871007,825
539,199,13,13.233613,449
136,386,18,13.071155,297
300,572,13,16.113815,1099
68,439,10,12.110156,747
49,735,18,1.909306,1062
338,546,8,7.276832,608
559,11,19,5.536918,678
745,221,13,11.047454,824
507,457,14,15.334295,1051
296,606,19,5.954549,143
655,744,7,16.786557,767
243,430,13,18.203946,1093
283,8,10,10.977071,867
198,77,19,11.005539,593
141,512,7,15.810567,934
680,692,5,8.860890,1039
85,272,8,4.090038,994
373,364,5,6.386243,653
222,604,5,9.191689,756
266,420,7,7.543424,668
678,152,5,13.119208,399
711,328,13,11.369590,573
668,744,6,18.542282,814
209,367,20,11.446773,855
456,333,6,10.303018,1001
284,717,17,2.634604,549
395,85,6,2.459237,1148
488,356,10,17.109656,422
359,57,12,20.160982,569
251,541,17,10.056659,631
634,306,9,6.508123,315
391,178,15,15.246238,333
154,626,5,9.065436,507
93,649,6,4.120080,935
722,267,9,10.316081,840
282,518,14,14.084901,553
211,404,6,2.320593,497
608,152,15,13.081427,886
743,497,15,9.712205,174
502,376,8,13.413625,719
493,148,15,19.221880,543
395,503,9,4.350275,827
45,385,13,16.057123,803
678,683,6,20.310665,913
506,190,9,20.474526,1054
46,488,12,19.790849,932
387,597,17,17.351448,655
680,626,10,5.153591,465
452,400,15,2.901856,832
315,147,16,8.347953,472
408,676,18,19.902399,1129
605,186,15,3.679690,708
90,709,13,17.001730,1085
75,44,14,2.370502,284
649,304,17,9.636619,1125
100,374,14,19.358634,481
176,485,5,18.284965,681
44,641,12,8.182517,435
455,73,6,7.508974,184
358,72,19,18.668097,142
196,439,9,11.772775,703
290,618,15,11.107086,588
328,583,9,10.488234,895
587,347,14,11.267830,434
417,595,14,14.654254,262
161,574,15,4.332611,914
695,287,7,6.613729,630
437,711,19,11.912874,1128
375,326,6,9.580628,908
212,739,15,15.408411,1115
312,237,12,5.564685,973
233,389,20,13.039823,338
199,534,20,6.786538,721
364,307,12,13.065712,676
456,221,12,11.090863,665
89,578,12,18.663113,728
33,256,20,11.964829,731
12,361,9,4.633035,1005
251,261,7,15.727809,983
201,357,7,15.371466,547
305,724,12,7.405976,542
392,692,6,14.602938,1123
255,234,20,3.934235,535
281,510,19,18.301767,1177
20,476,6,9.644861,740
571,309,19,16.111647,937
188,559,13,9.231167,859
48,381,8,1.402887,948
284,435,19,16.908398,590
129,184,16,15.097369,675
749,545,6,8.793937,250
275,371,18,8.587062,881
312,293,19,14.363577,725
242,485,20,15.755521,966
670,642,12,3.555759,888
360,718,17,10.287846,315
573,28,11,17.961467,749
397,627,13,10.816691,581
36,227,20,8.734307,685
79,705,7,5.860482,631
103,515,17,13.657338,701
383,429,19,5.122854,236
4,672,15,11.799554,290
506,115,14,10.317465,888
657,221,15,12.651075,689
188,62,12,0.796949,310
295,633,6,12.910097,600
298,670,7,14.351352,194
64,79,5,12.989739,176
196,8,11,0.779051,649
418,724,17,13.353192,885
627,83,13,10.226307,1046
684,121,17,9.118816,650
573,323,13,2.536097,270
702,492,15,4.560308,991
447,122,13,8.797098,114
161,492,15,19.715438,721
42,135,6,8.318440,665
680,439,16,14.767008,932
168,409,7,6.669547,926
543,292,19,8.059629,379
671,493,16,6.676235,370
173,588,9,6.770017,1004
260,138,9,3.615004,1043
8,44,12,8.802271,941
637,501,16,3.297535,510
43,623,6,8.040278,571
350,462,13,20.448335,758
157,214,10,13.825341,718
86,652,15,17.791473,614
35,153,19,17.578855,926
271,738,17,18.164109,775
371,264,8,18.688307,534
56,712,14,10.842570,616
595,356,11,2.493348,257
690,285,13,8.916069,1057
381,475,5,12.238271,511
110,430,15,5.209229,203
8,476,6,8.865006,211
509,710,14,2.287151,879
558,447,8,1.024451,801
582,356,6,16.596794,1158
208,574,11,18.970172,146
589,520,6,4.972215,861
283,618,19,15.141149,403
442,206,7,8.913020,1089
145,482,5,19.548040,102
244,456,17,17.420594,386
112,183,6,8.845111,275
665,250,10,18.252525,407
122,285,6,1.117591,770
220,612,13,8.405931,436
308,466,15,17.329576,175
23,685,9,18.661332,436
664,526,5,15.841812,256
645,512,10,17.620944,1184
87,703,13,3.121731,147
664,59,19,6.932941,1020
618,296,5,6.496849,319
287,105,18,4.739317,1083
48,404,11,9.688825,441
259,150,19,11.933009,511
582,14,5,14.113844,588
562,255,10,10.263118,541
270,239,19,20.264840,336
211,25,5,14.137481,1053
221,381,20,3.099214,250
160,0,14,5.273648,658
630,290,16,7.514287,225
97,167,9,11.283094,597
458,345,11,6.891005,416
649,659,10,15.517703,434
719,198,7,3.919425,813
454,122,17,20.218895,1039
80,441,7,18.462979,823
312,631,18,3.358578,1068
458,197,6,18.514087,658
522,506,11,1.789697,787
657,204,15,13.774269,946
500,620,13,9.400310,1001
279,368,8,8.991288,1094
383,593,9,11.036952,1008
92,84,13,16.533616,906
217,432,10,16.260886,518
532,384,12,6.518146,884
669,302,16,10.960152,158
632,513,8,13.651484,347
20,709,5,17.810012,351
711,140,16,0.850515,248
313,552,15,7.354217,845
91,75,19,17.029609,772
637,662,20,18.963930,305
456,96,18,5.760275,127
368,685,18,15.232953,432
591,256,11,3.807757,886
579,28,8,19.663784,1008
11,350,17,4.868593,226
6,289,14,4.280816,1133
470,461,7,3.990513,576
639,432,7,15.263753,778
204,272,6,15.184538,447
31,664,10,8.525090,635
127,92,11,16.686840,309
556,567,7,4.670588,1152
558,180,19,20.266284,134
674,627,12,8.829159,286
99,19,19,16.549282,409
748,448,17,15.280271,795
504,552,9,16.875707,414
111,716,5,2.899881,1072
218,371,14,8.339345,634
551,346,20,3.786256,955
542,150,12,14.501160,706
564,365,12,17.313237,140
741,717,6,18.231369,794
306,618,15,2.300001,1086
300,520,17,9.280917,376
434,271,15,10.974709,887
719,564,15,1.364231,366
207,600,14,3.013274,363
472,63,9,1.922450,481
684,274,11,11.180246,234
184,122,14,2.844842,1187
390,647,14,19.402369,657
600,647,16,2.833057,1168
372,182,19,19.567462,1130
395,409,7,1.588835,989
125,575,7,6.508274,675
197,537,10,14.129887,481
0,157,6,12.492397,1002
235,22,8,9.820717,414
343,351,9,5.087738,102
682,360,10,1.926069,164
0,595,5,0.042988,767
654,348,7,17.745582,209
158,478,19,7.909346,370
669,10,5,1.940179,1038
729,105,7,7.771937,408
412,236,6,6.880700,233
395,739,11,20.278366,1077
504,155,5,16.823637,738
58,186,5,17.582508,947
527,311,15,2.497097,573
130,534,17,12.346848,375
15,501,5,9.471874,120
647,463,19,14.360152,722
10,23,19,6.858891,1154
84,38,19,17.067913,1001
644,362,7,1.137909,645
428,594,13,5.292690,719
614,386,6,18.591591,1180
197,641,14,2.894061,404
106,222,14,13.249781,758
470,340,10,13.323331,784
246,538,15,10.906479,911
25,11,10,10.036620,238
284,310,8,14.869989,788
323,193,8,6.836610,374
500,532,10,11.865287,328
638,5,17,15.622857,615
478,141,17,6.730122,1127
578,496,16,12.163104,988
57,301,14,3.155680,653
254,283,6,7.610772,1064
186,271,16,12.377863,908
353,94,17,15.879781,353
537,237,16,15.324781,594
610,723,13,11.561723,396
666,114,16,4.380469,829
404,734,13,10.427673,217
152,355,9,19.125286,1051
149,546,17,15.712470,488
70,10,16,5.019583,895
289,633,11,13.901152,790
419,299,20,5.752464,254
731,330,5,3.310298,1112
204,368,10,13.597519,1028
503,421,8,16.084270,943
707,324,15,6.146310,658
353,730,6,18.435806,1009
179,135,9,9.340497,1000
513,632,18,8.004526,833
39,512,13,10.240326,888
17,89,20,11.699403,948
705,160,11,3.640794,893
467,304,6,15.689384,566
211,306,6,14.799074,630
162,712,18,19.371581,817
447,682,10,3.755606,988
616,506,8,11.150484,864
357,637,5,16.308914,831
24,341,11,5.264446,1138
253,637,14,9.700582,612
646,32,7,2.553323,883
428,597,12,14.649630,640
710,141,18,2.132267,114
59,732,9,0.628860,688
568,682,16,4.322874,147
234,363,15,1.092427,523
259,435,9,6.734525,406
112,208,11,9.129646,348
323,57,19,9.212035,194
27,148,8,16.413910,939
695,29,6,17.854728,105
84,714,6,5.090699,358
490,618,7,9.111954,684
19,635,14,10.140122,773
386,450,16,5.929771,588
341,475,19,0.870289,1171
271,472,20,19.819456,586
313,449,6,18.878089,489
584,677,13,9.196444,989
476,490,11,14.733477,690
436,228,8,12.478921,1176
538,139,7,0.327194,733
177,489,20,17.915890,680
492,175,13,19.267444,910
725,707,9,9.903185,1185
390,542,7,11.663493,580
213,370,6,5.119977,651
369,566,6,2.622552,715
229,90,16,15.090096,1073
47,398,19,18.985658,534
679,640,14,17.926634,422
740,615,14,2.376148,482
555,638,13,2.526446,248
658,83,10,10.305887,739
599,692,19,0.447064,219
528,212,6,5.461197,530
441,715,13,6.114184,218
238,327,18,10.873055,1138
164,254,14,15.697144,582
526,720,16,6.686267,897
481,29,17,20.482301,772
252,93,20,10.297066,367
386,333,19,16.739033,209
88,654,14,9.458219,976
300,651,6,2.641786,547
262,521,15,10.883862,557
121,555,13,8.067291,1154
342,394,12,14.992682,570
571,70,8,13.285122,528
138,100,17,3.460354,341
78,245,8,19.929926,398
731,447,18,10.101195,312
684,349,18,14.170372,914
67,609,6,6.770627,476
214,471,8,18.488972,829
20,600,6,5.470383,216
476,692,9,18.500036,472
410,128,16,19.030175,632
139,166,17,8.006053,504
125,77,14,12.162151,315
724,236,10,9.318944,580
177,90,7,5.848533,380
641,251,7,1.528055,866
180,571,8,15.220360,949
83,266,6,3.704367,472
340,37,16,12.719433,1199
317,274,20,18.398921,1178
307,470,20,4.709472,745
437,745,13,5.772644,980
214,472,6,13.535886,918
471,182,15,17.395325,422
665,109,14,8.211373,136
659,129,8,17.487416,1045
725,281,20,11.464513,430
337,730,17,2.050677,141
655,604,8,4.435075,960
75,326,13,0.551095,447
302,324,5,1.127404,202
300,695,15,13.001071,609
163,357,8,6.997878,1189
386,435,18,14.607964,805
702,590,12,10.451455,892
93,33,7,7.783443,611
395,101,16,2.877168,634
47,584,6,16.565483,661
2,57,6,4.615855,742
236,645,20,5.742985,281
202,668,12,13.003470,293
737,224,7,12.336050,1122
67,104,13,15.322974,1029
200,525,8,8.604698,648
168,598,18,3.138967,1136
274,514,9,6.945261,775
562,453,8,10.523742,1028
160,83,13,16.145498,1009
208,630,11,4.012484,1126
730,548,15,17.469046,940
514,401,5,15.133984,498
289,321,15,7.973608,451
149,633,18,2.565588,157
119,560,8,20.485538,1099
369,537,15,16.620484,582
151,307,19,8.317719,1114
98,292,17,6.330040,916
486,221,16,2.891504,895
139,586,20,15.337368,832
55,515,15,7.680950,145
94,77,8,2.258373,641
254,71,17,6.223823,1077
181,57,18,11.304742,737
479,427,17,3.469939,470
643,130,10,1.102082,279
102,58,8,16.027547,381
617,333,8,2.013353,200
278,551,20,12.025306,1044
632,243,9,2.267175,127
708,533,6,7.128214,210
349,217,5,18.780488,555
252,339,7,19.434430,183
193,363,9,18.164074,472
483,673,15,7.309723,493
726,244,12,2.171749,479
116,498,12,1.792792,876
180,616,7,12.459010,711
360,33,7,19.651593,584
483,38,14,2.161268,605
11,184,18,11.749055,752
253,185,17,14.368867,612
627,395,12,16.750808,597
25,296,12,8.628283,1117
372,526,20,10.404214,1152
111,76,8,13.277002,523
112,566,10,9.565895,166
279,153,11,0.662723,401
37,675,17,14.179574,472
374,96,16,13.578448,840
227,333,16,13.410319,531
74,304,11,9.101728,1068
336,51,11,6.775980,303
165,328,20,16.597332,668
123,231,15,15.433043,776
475,218,14,3.216449,831
159,691,17,4.490768,1059
500,46,7,18.282016,826
16,725,16,13.678211,159
362,163,6,9.336262,580
477,255,12,7.765620,744
480,272,11,4.730026,847
247,252,13,10.325569,119
555,625,12,5.388466,491
627,345,7,20.035730,326
216,268,18,6.620731,163
639,86,10,15.092588,489
609,340,17,16.702354,747
243,592,17,15.052215,1024
434,250,14,17.329233,919
466,192,16,13.923616,862
248,175,18,0.416157,1130
154,124,9,5.332836,1091
715,105,18,18.938798,1030
342,697,10,1.860083,403
579,598,11,5.621310,1052
62,225,19,5.440977,560
210,695,15,11.058597,1056
713,9,12,8.919450,154
449,559,20,19.302369,1167
689,179,16,3.591524,343
280,690,9,12.069716,1082
727,564,20,0.639030,964
643,587,14,4.394970,857
447,478,6,11.632327,1020
184,606,20,8.497278,1118
65,400,15,4.400132,768
612,209,7,12.974252,690
52,270,18,13.298862,456
281,663,10,1.021789,1126
442,6,18,8.735976,1019
472,50,20,8.531384,943
539,265,10,19.419763,610
556,613,6,2.504408,259
287,504,13,8.422959,764
21,296,14,15.125326,261
583,107,17,19.577962,111
314,158,5,6.282616,316
680,639,9,2.782308,501
242,144,20,3.535615,495
271,453,18,18.642800,1124
463,122,17,18.734564,980
300,297,11,6.359127,544
102,396,14,3.011515,109
122,705,17,3.403276,201
417,98,14,5.239330,1149
237,440,14,18.352530,945
540,153,7,17.235687,251
126,146,6,19.438132,1140
270,264,15,11.613753,230
203,330,17,5.073047,571
102,370,10,15.677372,1188
274,599,15,19.412366,944
312,203,9,5.551546,757
575,104,20,18.318731,355
337,596,16,15.291278,149
576,518,6,0.316918,340
151,194,16,0.711748,899
119,36,5,15.680130,676
489,726,15,2.509432,652
653,157,16,18.151243,273
185,247,6,2.178991,1153
723,174,12,14.494377,820
624,396,13,18.802779,266
489,343,5,19.635598,1169
277,627,6,2.472501,883
516,359,12,20.317949,785
475,435,12,7.614731,496
373,163,20,8.827399,353
57,218,13,18.277370,1155
95,389,5,6.675730,1129
474,183,8,15.667603,386
140,37,17,6.360785,756
649,189,8,12.620178,317
429,222,13,17.972686,322
257,322,12,6.513248,683
746,386,6,1.702064,118
393,600,19,18.801212,462
370,673,10,5.233977,1060
568,284,19,13.263348,1007
16,600,13,7.681171,125
703,415,5,20.208826,922
706,181,11,9.547576,1006
495,352,15,17.569299,443
725,173,13,11.574516,636
726,652,18,19.408491,768
290,611,18,16.515820,1051
184,371,14,8.538982,733
583,330,16,9.458200,230
321,184,20,14.800703,862
726,174,16,5.340986,123
619,230,10,1.581233,654
38,326,14,5.341477,370
348,315,5,5.793890,356
546,732,18,1.405471,391
505,571,10,2.068677,447
719,637,6,4.662762,836
664,448,5,8.056284,110
265,27,7,9.103328,444
377,312,17,4.714351,1060
368,501,16,13.658731,482
424,452,9,6.751427,584
703,599,7,7.786669,1041
251,210,15,11.171265,249
6,46,16,1.131677,1088
737,178,9,19.344564,600
487,727,6,14.564033,395
11,351,15,16.701506,1168
664,725,11,17.969146,1103
123,143,17,3.450525,148
575,696,7,1.687160,492
604,366,13,14.972103,606
554,350,15,17.609694,598
507,498,8,7.930633,1002
199,174,19,1.883745,451
722,726,11,11.018843,1115
302,148,18,11.506972,900
703,8,9,19.388138,450
444,293,6,1.172060,514
190,9,16,1.055352,145
109,153,17,8.377382,500
731,537,12,8.244325,285
283,653,14,14.534381,606
391,417,13,8.065749,766
675,216,18,12.434445,954
641,423,16,17.392930,1035
4,707,5,8.680494,634
228,162,19,3.183071,989
242,548,8,3.121430,1031
395,260,16,6.251082,1100
18,172,9,17.791824,491
680,383,15,9.701901,1038
150,661,17,12.709011,1082
31,378,7,16.169962,702
443,707,12,3.108382,361
327,71,11,7.679440,1110
325,649,11,18.194946,230
196,418,6,8.974951,783
594,461,6,17.536274,242
461,624,10,6.562889,467
426,648,18,1.175142,854
122,284,12,12.474467,748
197,378,15,3.275378,1010
85,297,20,0.272181,773
127,682,7,0.463422,217
35,428,6,13.023453,729
121,312,19,12.994677,424
186,290,11,13.076476,570
5,176,13,5.878743,719
57,329,16,5.935183,873
415,499,13,19.179174,319
498,741,11,13.098141,474
121,229,17,5.236612,746
676,51,6,5.604761,1044
314,560,16,8.366502,434
459,703,11,19.021253,365
117,76,8,0.183327,763
712,276,10,4.992196,697
541,730,11,8.169117,243
741,26,19,13.527192,1066
251,713,12,2.336414,683
143,150,12,13.246205,586
623,305,7,0.164240,1164
196,429,19,12.133920,1143
503,398,20,9.496169,1015
306,13,20,12.596560,603
165,441,16,5.363299,224
182,618,11,9.841706,596
669,684,17,11.047474,481
303,633,16,16.726686,1047
453,583,5,8.059949,480
168,331,13,15.997651,326
314,134,16,18.458532,1034
618,236,17,15.275828,659
427,708,17,10.722864,615
351,304,12,15.434640,282
377,470,6,14.252657,475
88,450,19,20.382800,147
218,423,7,13.844693,381
42,280,9,1.346123,998
65,119,5,15.700183,846
651,138,9,6.002817,241
383,468,14,10.690813,1103
592,192,12,8.850237,723
203,360,11,7.359825,735
419,252,11,4.015214,125
399,524,9,10.607890,1151
569,669,20,0.903845,281
600,580,20,4.768042,742
556,68,9,16.318661,787
355,388,18,9.342183,196
358,147,14,17.878254,517
412,189,20,20.174986,261
19,507,12,17.968244,469
341,396,10,6.634714,392
615,734,9,19.434227,923
740,243,15,6.738169,936
380,180,19,2.582920,734
534,452,5,13.543511,414
97,15,16,3.006453,808
245,280,15,12.033832,872
365,502,12,0.383675,687
663,364,17,0.622924,159
209,632,8,18.987128,1090
340,527,19,8.935152,531
134,15,5,4.819999,908
691,53,7,16.530409,448
99,78,8,7.520932,707
152,725,17,9.499985,1123
336,70,18,15.427981,1136
482,696,14,14.190383,553
7,241,14,9.310703,741
427,658,8,18.480108,500
87,127,10,14.580645,214
290,446,14,11.021035,677
371,699,18,0.703249,1187
151,289,5,8.592922,166
164,508,7,19.514711,405
196,716,20,0.261537,950
179,82,5,14.603617,216
282,599,19,4.348705,114
22,346,10,5.700620,621
611,114,10,4.320963,710
476,310,8,9.291556,976
705,508,7,2.221800,477
9,392,14,19.619726,664
454,547,15,14.562973,362
670,162,14,9.758787,180
604,545,8,8.153929,734
680,42,10,10.506064,697
65,387,10,20.072681,931
539,168,9,9.090107,401
426,723,11,5.772982,344
15,579,11,11.952584,439
643,85,12,14.581611,1145
134,712,6,3.090413,355
93,543,15,5.541647,744
525,94,6,6.828034,395
664,426,18,17.738171,834
491,218,9,19.391072,1055
449,129,8,10.505887,1003
475,540,16,14.384656,968
171,59,11,13.223034,724
357,355,8,19.448116,955
25,576,20,19.441800,610
608,136,9,14.237077,777
228,295,19,4.836311,507
696,582,20,11.678539,149
660,195,6,3.377716,703
659,482,15,8.359384,489
293,711,17,7.424944,1121
347,459,9,12.400122,1098
147,715,5,0.199469,552
462,102,11,13.919139,1097
648,311,13,12.302926,1170
173,421,11,16.521670,651
493,21,16,12.362188,297
507,114,12,17.485900,185
219,308,10,6.104666,749
220,396,7,5.759146,436
545,720,18,18.444128,234
345,658,12,0.799519,452
100,506,20,4.135887,731
128,6,7,1.246738,981
587,569,17,8.164395,682
541,282,19,5.383581,643
458,609,16,0.397753,1031
732,136,15,20.486824,528
160,747,14,1.551507,300
506,672,15,1.196852,714
604,597,5,19.122848,1174
38,548,16,3.656690,1143
667,656,17,4.214025,761
22,506,10,5.508603,757
431,742,5,0.137274,333
60,481,16,0.089462,454
563,672,13,9.395455,1119
10,190,8,9.164802,210
396,469,9,0.393175,556
660,343,17,1.879657,741
143,324,20,11.229631,902
144,555,15,5.780012,1141
9,206,18,15.887087,174
729,160,12,17.954991,1108
390,53,7,15.939455,662
625,348,15,0.756547,313
385,320,9,19.114801,353
457,361,6,16.883562,814
449,76,13,20.480555,1194
275,270,16,8.384205,497
700,164,9,10.495086,936
617,147,7,3.300743,167
233,240,17,5.866905,1142
713,35,15,15.570145,714
126,667,8,18.452376,211
171,703,17,3.539784,293
506,549,17,19.093384,695
376,137,12,13.067355,256
732,494,14,14.587722,448
221,440,18,17.480093,272
687,85,19,10.469290,203
547,634,11,15.363953,1009
233,124,20,0.444115,735
460,7,12,5.685151,858
157,540,20,19.179100,751
455,435,11,13.002680,1117
156,294,20,11.966647,775
45,212,18,5.287550,739
736,623,18,0.104702,1061
85,675,8,3.917911,527
182,740,8,17.737546,893
555,517,18,9.849773,693
537,634,10,18.117402,463
179,53,5,6.754891,488
140,506,9,13.730305,1116
519,471,5,14.521738,330
245,688,15,16.591041,381
12,60,9,0.531212,940
98,538,20,9.611006,611
503,520,19,5.014584,716
702,606,12,5.153317,310
581,72,16,14.812938,1100
649,248,17,3.023733,921
527,89,20,16.615785,102
154,541,10,10.521913,331
617,382,18,20.421632,740
552,513,14,16.946945,400
187,335,14,10.066288,249
177,464,14,14.302227,229
215,365,13,5.748142,397
106,542,16,3.386971,402
382,491,17,4.683559,185
21,316,20,11.614460,912
551,552,9,9.711059,1185
301,335,16,8.229594,1075
646,279,13,20.363737,427
244,396,20,12.668927,605
136,433,8,7.389726,1165
532,209,14,2.406056,1145
567,177,6,6.857480,638
146,122,10,5.236141,454
717,99,13,16.964425,762
481,487,19,4.860600,271
61,206,16,10.787939,476
94,31,12,12.477600,184
408,254,17,17.065573,439
80,644,12,16.715347,820
709,637,20,18.640413,822
514,542,16,4.637109,1013
573,376,13,20.162287,357
130,280,7,7.720442,1109
152,488,15,20.204826,1147
211,166,14,15.697366,308
717,44,12,14.631470,622
583,569,16,9.579209,507
60,542,15,18.222088,138
600,611,9,6.745627,846
62,117,9,9.544647,1153
355,140,5,6.126251,155
157,734,15,7.022884,285
607,65,16,19.704831,540
575,510,12,10.875642,377
249,119,15,17.188943,1138
310,551,8,2.905119,630
114,31,19,18.214265,1023
54,221,15,17.692321,901
682,111,20,7.352919,799
582,165,16,13.136304,990
419,435,9,20.136464,686
399,747,9,16.538322,997
153,234,5,6.780120,396
711,183,7,3.311108,588
131,325,18,7.537852,922
447,204,8,15.591369,211
51,232,7,1.475913,211
532,28,7,7.566241,925
86,490,19,2.317551,137
52,28,14,4.252878,582
74,321,5,10.468394,453
148,677,16,11.372026,872
650,479,10,18.878436,766
41,627,19,15.057382,369
131,684,9,6.940517,445
482,661,18,8.389296,935
657,663,5,0.004722,479
41,118,17,14.779521,138
305,530,11,11.464731,535
282,676,10,2.850067,630
742,490,18,12.880887,1179
597,44,19,19.100253,1059
116,186,12,5.686896,487
360,157,16,1.938132,390
683,291,7,20.335908,154
363,648,12,11.282617,267
721,210,12,10.074268,380
408,38,8,15.378815,1012
41,651,13,1.748309,236
552,711,9,13.894196,788
488,70,20,2.443446,993
278,161,20,19.495285,129
539,478,19,4.948672,181
651,597,5,10.725619,136
351,663,7,8.296562,702
481,496,13,15.007371,811
245,221,5,5.302048,285
676,108,16,16.663416,1188
451,288,5,2.040041,566
3,645,15,15.531755,197
51,718,19,10.663546,638
422,201,7,2.395983,300
36,369,18,10.419747,760
621,493,5,0.747876,880
157,522,20,19.239413,526
116,87,13,8.259165,442
3,445,10,10.358090,745
410,41,14,18.057676,1131
412,545,7,0.653586,847
119,41,6,3.516370,508
356,574,15,4.375527,657
145,544,20,1.117267,1124
624,299,17,6.818763,628
338,405,6,19.941670,941
494,621,5,19.177053,126
207,485,5,12.058854,1099
347,38,20,6.926863,155
146,32,17,0.146180,530
302,205,6,3.374891,1156
459,264,12,2.062219,376
376,237,19,15.636291,285
286,449,15,10.862216,542
556,109,7,4.995005,451
208,516,20,20.021672,190
69,531,10,8.847102,794
241,156,6,16.401545,298
461,180,20,3.475588,777
690,552,14,1.086835,776
208,472,6,11.442933,1047
76,193,16,5.232889,564
659,345,14,5.170326,1175
632,485,19,19.011771,465
490,401,14,18.695748,899
437,721,14,15.808195,1023
660,82,17,11.243268,996
292,249,6,3.155531,665
726,456,6,15.119401,699
609,147,7,1.502682,482
430,211,17,1.638757,1081
211,709,5,7.878858,236
397,661,19,19.745078,1020
433,601,14,0.627718,597
333,599,19,17.664331,859
642,345,14,12.750336,1046
678,558,11,6.787338,514
180,640,16,6.495008,683
688,2,19,9.734928,301
298,672,20,9.565390,418
287,428,11,12.056901,795
81,300,7,16.281420,105
434,364,15,19.435039,777
47,470,13,17.944841,1149
475,225,15,19.740152,548
26,346,16,8.660397,988
206,197,18,16.929245,1186
291,171,14,3.114406,430
723,487,10,6.907839,380
680,266,13,18.750861,664
74,316,13,8.406789,821
294,93,12,5.115726,1023
313,88,5,16.052132,747
349,228,7,12.446655,936
17,348,18,3.131302,1029
719,622,16,7.500120,545
418,696,5,20.039752,265
316,417,8,14.025171,671
495,721,9,4.687062,363
568,66,5,16.547285,999
743,98,15,13.755919,1091
4,691,10,13.193123,132
124,257,20,5.259256,404
511,187,11,12.689683,179
225,74,18,4.857510,611
189,89,7,5.606594,645
78,273,18,9.875020,1129
217,155,16,15.362140,635
239,248,9,16.219184,112
99,458,18,1.900832,645
458,342,6,2.321960,601
38,434,10,15.934356,665
208,479,11,18.274947,918
531,612,14,1.268966,845
491,53,16,17.147887,570
469,361,5,8.888676,279
155,616,12,5.735114,966
196,594,6,13.398439,821
243,296,9,20.476793,640
235,292,8,13.154196,843
325,161,16,10.170258,528
429,646,20,13.481799,405
204,41,16,16.266542,298
330,444,19,3.611138,980
653,345,16,8.173560,817
258,69,9,2.096151,833
718,386,19,5.889783,1045
402,368,5,15.683074,825
146,50,15,1.626269,1039
118,649,16,3.349193,100
235,170,16,3.323886,646
302,595,18,13.348631,985
449,551,16,7.170363,383
41,109,8,10.732083,976
373,365,13,8.996894,996
721,182,5,1.094377,1146
355,303,9,19.151167,1181
169,366,20,8.758518,497
223,597,20,7.718368,498
416,748,6,12.095062,504
124,544,19,11.497946,298
679,127,17,11.984264,947
215,230,18,10.018674,474
698,415,9,13.785607,248
371,576,10,20.156748,433
298,104,14,7.871352,651
584,318,7,5.503700,1086
130,672,13,2.742086,203
368,383,14,4.991082,312
275,459,9,4.085336,594
125,462,10,7.012943,742
552,108,20,19.049371,333
420,603,15,12.857020,220
453,285,11,15.246238,438
403,737,9,6.164953,936
421,422,11,3.398471,565
54,164,9,5.781776,906
467,12,9,1.925260,121
472,370,15,4.455937,639
429,710,19,2.551332,754
257,710,16,8.879205,297
1,147,10,6.602011,359
344,425,14,6.261423,331
604,678,5,16.736984,770
96,210,9,6.835650,990
24,278,18,7.677694,1064
321,378,14,20.107274,159
343,268,11,0.489686,188
548,555,10,6.529038,772
567,344,14,7.084944,706
558,128,15,0.380809,711
211,422,9,6.307437,797
84,386,5,7.407552,1156
715,48,13,15.060261,1100
553,524,12,4.346309,559
378,486,5,3.731179,421
353,474,20,20.199733,870
668,294,16,3.907922,395
9,602,11,18.387612,731
562,506,20,7.322468,948
94,260,9,20.189550,324
394,290,11,10.058742,602
670,405,6,5.961017,560
275,111,13,0.277686,514
591,443,5,6.441119,190
141,105,6,19.803404,284
145,737,5,20.413290,750
509,24,18,13.420930,860
187,98,16,5.881794,926
53,431,9,11.396735,853
588,668,5,13.696148,169
408,424,13,12.205715,730
330,196,5,4.688105,987
502,550,18,18.742964,842
644,68,8,3.332478,482
532,328,15,3.016790,1196
25,88,18,11.174992,1106
32,360,10,5.904532,139
260,251,18,13.871167,959
503,42,13,0.678380,953
44,106,12,4.328659,510
523,449,8,13.686965,659
86,468,15,19.521086,1039
141,528,18,20.451198,257
303,714,14,18.591500,727
140,288,12,16.898049,324
359,2,8,5.102859,165
111,294,8,18.413330,654
686,129,8,3.312647,1031
454,248,5,11.584074,375
258,268,9,3.349072,627
336,258,8,0.870236,494
651,9,6,14.780017,325
149,699,6,16.680114,1167
378,168,14,3.357251,322
53,428,7,11.876480,994
49,515,6,6.935421,608
68,133,15,0.672181,468
650,344,20,19.692025,194
746,146,14,13.712334,743
710,315,11,10.063278,467
421,491,10,12.469063,685
236,551,15,14.319814,769
573,742,6,9.289092,611
273,9,12,4.923000,116
264,494,11,9.463520,1006
556,309,13,16.007806,1179
290,683,19,6.116976,554
72,720,20,8.861323,293
467,66,12,14.283029,680
423,731,12,5.731125,379
134,280,16,19.007772,727
545,389,16,8.801020,264
206,489,20,5.143289,415
207,499,16,9.519303,361
199,156,14,16.726600,603
176,559,16,7.737116,1033
167,691,5,15.806726,1040
640,103,19,10.404737,954
534,446,18,6.111441,277
24,703,20,6.132155,521
541,399,10,6.041643,427
606,154,13,18.542778,770
358,468,8,17.168429,385
338,110,7,15.466756,261
326,431,13,5.882550,186
566,230,8,9.680001,257
350,412,11,1.517958,421
535,133,18,2.971674,947
407,183,18,6.988051,594
243,201,9,11.353278,346
20,119,8,16.688742,290
457,504,14,3.035708,711
5,380,19,16.585824,1152
544,56,15,10.721295,1179
183,406,8,2.061022,811
580,457,19,14.735650,615
56,206,15,5.031024,345
595,109,16,15.737256,960
101,110,18,11.634656,785
21,109,12,7.415035,629
556,581,14,5.914266,657
682,1,9,2.061211,107
278,295,16,17.793142,677
559,414,19,4.400697,307
179,415,12,5.653530,1116
445,702,14,14.514528,717
641,464,18,4.107683,429
162,388,9,10.017100,574
605,204,8,6.639074,448
667,581,6,12.785633,987
400,199,9,3.053273,199
736,313,19,16.703105,1187
111,428,7,14.041941,854
376,61,17,17.128059,514
452,254,11,20.357760,741
582,286,15,4.967501,175
410,74,6,17.880620,590
209,224,11,2.981431,232
614,728,19,8.321907,168
408,48,9,1.418976,839
4,272,7,8.894605,863
267,24,8,15.849952,866
57,320,14,11.128149,429
163,580,16,9.928421,206
619,92,5,4.489317,488
736,562,5,2.988710,587
111,6,15,14.569978,754
370,228,5,7.663471,904
642,331,11,10.685127,169
454,222,18,10.117805,430
96,318,9,13.876015,353
209,49,15,12.147950,806
87,512,20,19.344237,274
291,693,7,0.856620,534
394,530,17,15.608977,850
12,73,7,11.870945,358
460,414,9,10.308006,1022
412,441,5,4.793693,480
458,549,10,3.390765,232
536,419,11,17.918565,526
690,377,16,14.262374,163
589,440,7,18.195711,797
458,185,10,0.511526,740
595,479,7,18.141984,571
153,518,9,12.185289,855
319,266,19,8.691062,151
224,566,8,19.626035,1162
53,282,15,9.254628,901
496,209,15,17.432641,1157
689,91,17,2.254907,305
60,548,6,5.229095,921
177,362,18,6.962092,415
746,721,8,9.415722,127
648,402,17,17.341361,652
150,652,5,12.620248,825
709,600,12,3.930872,340
708,250,5,11.325311,769
589,327,16,14.315982,994
247,50,13,4.081172,939
150,208,18,9.572432,1069
684,690,19,11.109932,848
612,59,17,3.611057,341
535,295,20,12.098408,253
128,504,6,5.143126,574
337,668,5,16.490568,769
283,637,19,1.816923,747
333,661,18,18.462170,167
204,324,9,2.470054,814
469,378,19,6.458722,214
436,455,14,3.417590,465
493,644,11,7.238690,709
22,622,13,18.861095,938
305,660,5,16.094093,1106
730,672,7,2.817060,937
263,202,16,8.757292,750
705,138,7,15.908125,824
404,658,16,9.074052,889
228,232,13,3.732665,140
203,449,10,2.458876,555
739,329,11,3.937400,1186
313,354,14,13.414366,937
437,546,20,8.779412,597
219,741,14,8.276862,886
616,240,20,17.508870,127
481,417,18,19.282603,413
231,232,14,4.534699,442
281,276,11,15.267973,991
155,174,13,0.905622,483
191,175,15,7.795176,589
16,490,9,7.000730,252
54,701,12,4.985736,724
716,595,8,16.829168,656
594,395,8,13.534879,812
263,469,8,17.752342,984
335,216,5,14.292709,383
560,669,19,9.544831,133
590,575,7,5.136459,944
175,429,20,18.528622,1197
562,420,19,16.633810,618
109,623,8,11.318252,972
125,417,20,13.265663,1172
327,657,8,6.517298,172
438,465,9,0.709327,361
571,607,19,18.203854,359
307,213,5,15.309731,986
472,452,19,14.061533,253
202,332,13,0.939554,520
314,738,20,11.635033,1166
211,77,15,9.072918,844
331,463,13,8.946355,289
9,656,19,3.338361,327
244,658,10,2.851202,1096
167,322,9,3.151065,221
640,646,10,4.377239,432
377,298,13,6.323174,159
588,205,9,10.857025,741
16,359,12,12.805705,879
330,515,8,18.889195,200
318,624,6,3.147899,340
284,570,6,15.360754,1134
392,615,15,6.909971,983
411,113,20,4.003317,1121
509,497,14,6.866333,703
509,59,7,19.801639,670
595,506,15,2.711167,1178
603,483,16,9.643787,267
608,621,10,6.840251,242
243,475,5,3.339385,306
58,735,10,8.594106,524
62,166,14,5.069213,159
152,397,12,12.017979,528
479,276,13,2.331599,586
523,441,18,10.628200,106
54,581,15,14.257989,636
680,51,8,6.119279,350
284,636,20,2.450023,754
514,549,6,17.568182,473
240,161,5,3.588573,615
519,430,7,0.813364,526
53,467,16,7.563432,235
41,673,15,3.132420,1076
80,649,12,12.537122,411
83,649,6,14.604133,317
530,615,11,6.627163,484
651,647,16,13.297936,201
127,486,10,4.199524,854
602,318,6,7.815705,839
562,24,12,13.363488,790
191,597,14,12.093792,522
6,396,11,8.872354,651
285,421,18,19.521727,981
361,308,17,4.319163,957
332,341,20,18.588121,1042
466,675,6,13.195476,949
538,37,10,2.201625,843
691,479,18,11.260162,1187
611,489,12,14.034489,405
111,561,16,7.046182,502
72,503,20,3.734067,1060
152,461,20,11.864285,524
21,127,7,15.011834,953
694,545,17,18.867813,1065
441,267,8,0.606956,1155
635,101,15,10.682523,304
315,560,7,3.347635,1015
77,308,5,8.978868,572
604,701,7,14.193787,924
403,640,17,2.026362,105
99,94,9,18.664754,205
157,354,7,13.707341,534
489,140,16,0.015615,1112
545,657,12,19.797035,1164
268,13,18,1.916774,369
708,168,20,6.667764,151
661,168,10,6.805391,992
368,732,16,9.700957,623
243,193,7,7.272773,763
540,646,8,16.476184,778
32,612,9,3.821566,422
344,109,15,15.667476,791
644,46,16,5.964643,736
61,728,19,11.705681,720
15,187,12,18.100137,629
142,62,5,19.671455,1189
351,501,8,19.000921,120
141,391,9,3.572971,1024
636,457,16,7.361468,627
484,206,19,13.555671,494
485,160,18,1.837835,506
537,518,13,4.062719,440
58,91,11,12.256827,206
76,441,14,10.620089,156
657,366,6,13.159699,1090
78,301,11,7.933515,1185
363,24,17,0.591755,950
281,291,15,15.603334,964
467,35,8,12.450019,445
582,597,7,4.993198,152
23,220,7,18.543661,928
664,466,20,1.521571,976
135,648,6,14.772314,119
579,367,19,13.244502,520
565,336,20,18.273211,850
284,465,12,1.616532,1156
21,442,6,5.663612,1086
286,699,17,8.202896,368
42,452,18,7.439485,1024
323,476,9,2.164959,577
661,469,16,1.717898,903
735,47,20,2.420532,587
109,72,17,7.660284,308
66,399,18,11.858247,990
187,11,16,13.223998,725
89,120,5,15.926686,770
470,481,15,0.371210,577
345,429,10,8.386259,169
7,532,5,16.510866,473
551,416,20,15.156676,642
140,168,19,9.482216,652
728,623,20,16.361156,1087
309,221,11,5.531237,1000
178,393,10,15.811964,454
246,206,15,5.041133,788
459,338,6,6.174329,769
719,665,16,16.015770,871
512,239,11,7.829216,114
574,13,5,8.574612,837
71,383,19,11.225079,504
382,334,10,10.396374,486
158,649,17,13.021625,709
60,372,20,14.265606,352
37,627,15,3.528543,571
681,353,8,9.684008,825
671,416,7,12.085261,1022
392,23,15,6.045658,281
412,5,15,15.240037,995
411,661,18,18.653762,555
725,77,10,13.661633,998
308,133,7,18.556485,799
548,542,6,9.629761,216
573,181,9,18.018977,991
96,610,16,1.173798,100
565,746,14,17.218805,1136
313,176,18,19.890881,946
378,302,15,9.824433,494
184,578,12,14.629779,1111
291,198,7,5.008733,416
647,583,13,11.895665,394
39,539,16,6.376440,1019
673,164,15,10.938417,424
42,65,11,12.298058,727
105,274,10,19.330108,678
59,276,10,16.183964,1184
192,496,11,0.848082,849
425,673,9,16.197882,418
37,729,18,12.442702,1091
578,427,15,6.617224,1122
92,209,11,2.843526,460
610,337,8,4.292163,905
190,333,10,6.963859,692
496,595,11,17.149024,680
416,600,16,15.770152,144
241,365,8,15.056593,588
601,466,9,15.145808,245
584,748,19,12.409386,465
641,430,12,16.397676,989
359,181,19,4.533061,259
548,401,16,19.082619,334
271,551,19,2.180771,381
657,701,19,17.685790,1141
582,146,8,14.450389,767
113,137,17,2.258087,1095
720,210,18,19.241133,623
349,423,9,10.582824,1073
69,11,8,16.935483,1180
226,568,7,17.932216,1135
64,396,7,17.067431,1103
341,227,18,2.605136,1109
57,557,9,12.409001,740
515,632,6,12.444943,690
85,456,18,6.820351,590
598,617,11,15.671689,456
689,81,13,18.313861,226
123,342,9,13.304408,331
106,369,18,13.306045,1022
397,345,11,13.212510,934
534,194,7,2.872532,1031
40,200,14,19.870195,625
372,741,7,12.060221,1019
342,364,17,18.719791,1136
640,246,9,0.319827,1172
467,453,5,8.060230,1020
260,318,7,9.522085,937
345,548,9,16.423773,876
301,649,10,13.145655,1172
375,395,18,8.432679,1019
469,313,10,11.754470,624
108,691,17,14.326096,1083
283,477,19,15.928006,159
407,575,13,2.768912,770
397,30,18,15.904897,997
288,440,20,9.059402,779
103,388,8,3.743090,502
169,379,15,6.549422,537
1,655,15,11.978788,178
518,273,17,14.233291,836
214,512,9,10.479357,154
490,63,10,1.572558,124
5,734,8,1.963524,464
654,557,15,1.104194,1022
608,583,19,18.357508,1033
210,267,19,6.105517,1070
283,629,9,5.049338,524
1,630,13,7.617327,764
523,329,20,4.421273,406
701,267,15,7.203875,418
170,404,19,8.703375,1061
354,279,12,9.209889,256
14,280,16,13.376783,573
574,547,18,12.264191,127
13,710,11,10.870089,674
604,433,19,14.208132,715
89,471,5,18.481579,827
654,53,9,2.653520,356
151,487,11,14.230362,983
291,81,7,0.027223,114
686,636,17,16.030480,561
594,420,5,2.315209,358
227,341,15,1.688201,566
104,640,15,16.510883,1193
710,589,10,7.493576,787
353,430,14,6.886486,832
174,332,13,2.403789,979
729,362,11,17.868483,1062
449,404,18,15.889532,105
285,656,7,4.947560,496
422,529,13,14.119747,802
462,729,6,8.019773,424
247,456,15,8.570176,924
686,211,15,10.319137,407
246,130,11,19.958771,902
438,236,13,15.031756,849
335,168,15,18.046324,309
559,717,9,0.391845,301
677,250,16,7.787327,603
537,538,5,13.206932,178
457,450,10,2.953423,903
468,544,20,7.887519,434
37,702,13,2.076856,465
652,139,10,1.625152,490
146,332,10,14.639172,431
313,337,9,14.914534,505
631,178,17,20.112136,937
717,299,8,12.572601,993
230,452,15,5.006378,446
29,169,11,13.455606,994
145,561,6,8.198130,526
492,135,5,11.527758,1105
576,257,14,0.457353,1067
16,305,7,5.339905,277
313,311,17,6.996575,383
600,499,20,7.719260,180
214,74,6,13.796114,124
251,393,19,17.609386,554
431,592,13,19.603735,1180
360,585,8,17.330455,819
116,661,18,19.713912,1138
30,110,12,10.040813,930
55,95,20,15.456383,986
289,277,20,15.707467,1089
111,235,9,1.561661,460
413,131,19,16.030652,1054
382,693,10,4.514802,560
659,516,5,11.823661,400
15,176,5,11.631946,448
3,49,7,9.130502,816
658,76,20,9.434742,909
636,713,6,17.693696,593
401,300,18,18.060482,323
534,77,9,10.551681,174
161,516,14,17.814756,693
431,302,13,14.426550,302
305,342,9,8.886766,229
410,624,6,9.237995,194
634,681,13,11.411260,536
580,79,7,10.443560,180
660,170,5,10.552723,793
296,58,14,4.488362,243
469,422,5,10.949370,661
557,21,6,1.034976,466
467,182,8,4.152027,159
652,597,11,10.748817,924
466,268,5,12.677651,563
119,313,8,0.231985,182
255,296,16,2.044438,882
583,682,9,4.358941,500
219,285,17,14.925708,623
431,109,12,10.594011,568
9,715,15,0.965078,208
331,316,6,18.360829,245
565,114,20,1.360007,686
422,725,12,13.616196,196
723,618,8,0.626055,678
285,171,8,3.410423,618
158,203,10,15.695644,187
308,524,8,3.178480,1195
499,437,5,14.260790,1113
684,297,11,8.688155,420
649,74,17,2.085453,938
694,264,5,10.430488,815
643,590,15,9.340125,1179
118,216,14,20.239615,211
185,199,14,20.166782,958
324,340,16,19.451718,542
233,129,7,6.626442,100
629,148,8,6.666932,104
213,561,9,15.755993,757
490,702,5,15.436185,999
490,711,12,15.870689,694
679,345,16,12.641492,1100
655,527,12,8.761505,795
573,549,13,1.941935,381
600,161,7,17.638474,391
119,249,18,0.146234,610
162,524,20,18.110526,915
241,65,5,12.847481,879
89,443,13,1.452191,479
72,275,9,7.879003,211
170,285,11,8.183615,1121
37,154,13,19.938396,703
84,214,16,8.254534,970
264,44,8,6.842692,844
153,433,9,12.287074,292
245,512,15,3.055802,492
637,369,17,2.094014,1120
184,445,6,15.501665,874
705,635,9,16.269508,385
76,647,18,12.382219,1036
77,640,18,10.426084,999
46,490,18,12.882823,785
144,441,7,4.095773,701
351,325,10,18.534563,434
88,557,17,16.307383,137
665,274,18,6.925917,207
310,95,18,16.975851,735
617,739,15,8.833697,684
257,217,8,1.897705,195
405,429,20,11.101835,726
169,129,13,16.775400,1172
358,411,11,12.645137,732
524,25,7,10.161631,1121
521,497,13,5.453610,897
472,395,7,15.616562,586
313,385,10,10.043738,722
118,659,13,4.816882,576
313,406,5,12.661712,102
737,585,12,4.182554,138
613,338,12,10.471752,795
248,702,18,18.703472,834
643,624,19,10.324937,1012
468,226,19,3.204628,571
145,599,10,11.669881,1013
413,731,6,5.287890,1102
485,660,6,8.497078,725
60,82,15,8.166560,330
460,663,17,1.631953,705
284,529,5,15.048351,295
215,264,8,6.735363,537
260,627,17,16.836494,400
136,193,17,2.590238,181
441,494,17,15.958315,1196
468,372,6,12.160750,292
162,716,8,9.675143,1143
404,496,8,5.679842,847
382,554,15,16.443527,601
435,671,19,5.760635,634
436,585,10,17.798986,1176
88,43,16,20.077427,968
9,70,16,11.976723,426
121,180,13,2.820455,421
470,110,15,14.824766,707
563,617,14,0.785833,678
238,69,19,18.688579,456
166,612,15,10.730696,457
314,605,20,0.874508,778
376,334,15,10.624336,1098
194,255,16,8.394782,722
523,231,15,8.442958,320
212,454,8,11.829074,950
25,653,9,7.258587,810
452,332,13,11.078902,681
46,170,8,7.481661,395
358,278,18,12.894705,583
464,413,12,4.601110,1163
37,429,17,19.065940,1098
181,305,19,6.842693,366
519,134,13,10.634106,1081
614,236,12,7.319656,219
444,591,5,18.060030,946
256,297,5,3.060319,914
210,456,9,18.979067,378
732,158,6,0.461100,800
85,423,19,2.335750,165
12,358,11,19.393862,834
73,307,18,12.432475,713
639,231,15,12.890377,829
251,300,20,16.184965,538
35,624,16,2.817777,984
364,703,5,6.341837,602
460,168,12,3.984027,365
538,520,6,2.465473,338
60,36,14,14.554733,736
286,192,12,16.079334,874
418,634,7,4.380802,157
537,149,11,2.635213,598
385,196,8,3.919533,1158
462,716,12,13.490258,401
291,154,9,10.882840,941
612,63,10,7.693037,711
613,127,13,11.108348,285
370,548,6,14.755620,407
235,268,19,8.031772,907
702,456,7,13.055661,459
442,172,9,12.872529,712
55,98,16,7.415567,1105
590,59,8,1.779821,588
248,580,9,12.573244,921
503,191,9,13.538332,1136
460,241,13,12.590457,888
517,87,12,0.074819,963
460,716,8,11.213871,237
549,137,5,0.249314,560
253,501,10,0.049500,223
153,529,12,7.575646,617
7,93,10,3.250574,377
621,303,16,18.879492,766
292,570,18,18.104396,742
151,402,13,2.193736,153
5,245,9,3.166875,945
656,520,15,16.636682,1184
696,399,6,12.514685,403
154,205,5,15.065255,507
725,293,9,3.532851,556
114,590,9,14.810357,1031
206,184,10,5.226724,499
41,96,20,17.113050,350
642,225,15,15.450592,551
630,8,9,8.477538,356
332,350,11,17.755623,1174
106,563,5,16.590627,810
740,285,9,4.843779,324
210,497,5,9.054680,264
336,329,7,10.506695,1085
233,703,18,19.369738,443
296,571,12,12.624834,874
173,104,13,9.692356,1096
532,539,15,11.071700,139
16,133,8,3.684417,1025
662,652,13,17.231240,235
298,79,18,5.549663,363
333,285,17,11.788865,945
617,485,9,19.056293,464
87,421,15,8.255147,968
194,682,5,6.905443,186
525,378,19,14.782322,190
550,143,19,0.160389,938
535,504,18,0.455333,797
585,306,15,2.532236,1111
734,583,8,13.428410,309
406,478,8,8.509363,599
314,246,16,3.025941,1037
158,533,19,0.583032,494
5,362,9,1.493952,671
39,131,17,1.096995,735
417,631,10,1.575815,643
274,101,15,6.728500,1143
450,744,15,14.948923,172
707,91,12,19.857179,1005
420,536,9,18.969122,679
153,608,15,7.480836,1100
481,39,16,19.096796,512
218,687,11,0.436642,708
488,268,17,19.557165,1038
643,309,5,15.656111,231
679,281,20,11.602963,1061
679,454,5,18.327460,991
102,66,19,16.463363,110
704,502,11,8.563801,645
747,242,19,10.171406,339
85,300,12,8.058668,877
27,313,6,6.527626,705
502,569,16,5.910981,725
85,729,10,2.964947,283
274,527,17,1.738799,989
189,688,18,0.840047,1004
421,381,20,19.349385,918
461,382,10,3.168655,498
151,41,6,2.944296,1046
103,362,9,19.579329,442
213,662,16,10.200467,603
409,11,19,13.746101,1002
670,617,6,13.597209,1053
360,625,11,17.983315,1098
396,368,13,5.270580,1063
72,654,16,1.674134,205
217,338,10,3.523277,452
698,93,11,3.054675,797
252,170,15,3.094073,1040
495,692,7,20.353159,321
602,577,18,18.272497,190
2,309,6,18.490950,219
599,245,10,10.437086,631
365,483,6,10.553146,1195
167,211,19,5.064610,546
514,592,6,5.060347,398
700,370,6,18.124525,1084
381,422,13,7.653046,746
28,725,9,14.982980,894
346,449,16,19.313426,173
670,118,5,12.536770,1037
307,731,5,13.415996,436
313,719,11,9.199171,944
684,228,6,13.986779,514
428,1,10,2.961990,125
519,264,11,4.698260,873
247,603,5,8.346252,649
505,326,19,8.776635,327
527,380,12,10.882004,924
202,648,9,13.771067,184
59,524,18,7.930102,453
590,748,5,8.610522,816
431,732,20,18.523980,463
52,196,11,1.297490,319
281,485,18,3.329277,106
254,580,19,10.327215,1153
605,622,5,15.592837,835
208,572,19,16.883776,898
218,304,14,19.386867,216
521,543,6,15.872533,830
454,699,6,12.063728,760
107,67,5,9.885452,504
466,187,15,11.106512,385
405,734,13,6.714003,145
552,50,6,9.870212,1185
337,603,6,18.421895,861
494,137,18,4.879989,1072
396,626,18,9.401866,222
258,13,15,18.712514,819
651,507,8,0.411615,1085
681,77,12,5.447880,499
501,445,14,16.659881,1072
708,108,20,0.504186,1172
64,689,16,20.303914,487
395,28,18,0.357033,654
484,647,17,3.381438,927
534,39,8,1.137489,469
515,289,5,5.211541,643
188,527,6,15.231484,1110
162,281,14,0.627280,358
122,675,5,19.912216,940
592,14,13,19.987759,927
567,306,20,0.461883,404
483,226,8,12.693728,592
364,37,10,9.653636,787
621,350,8,11.682731,1122
315,171,13,5.639732,894
143,569,9,3.264142,131
722,531,13,4.201037,263
742,384,18,2.860999,244
344,601,6,7.889605,395
251,177,15,16.647308,939
663,492,17,0.199096,828
721,723,7,6.851561,898
62,343,12,3.422635,414
444,539,18,2.720694,339
349,287,8,2.200910,423
430,716,15,1.488840,410
1,739,14,5.053306,112
570,36,13,17.288242,291
115,482,17,2.610880,531
229,430,6,18.983104,180
354,656,6,1.796111,1162
385,416,15,11.400525,735
534,102,13,3.343852,381
115,622,7,15.031582,907
731,221,17,19.167365,501
222,635,9,12.881054,799
150,194,14,10.827734,449
681,172,6,9.486736,1135
518,11,7,15.815004,234
187,721,5,9.136341,1094
27,185,16,12.845127,836
652,524,12,16.873374,1145
8,536,16,5.570246,579
524,228,10,16.698404,106
358,542,6,2.803298,411
358,131,14,15.964014,701
5,332,17,8.146064,771
44,384,17,14.998988,531
32,602,12,4.354117,790
225,562,16,2.361172,286
584,468,6,3.615536,396
231,509,5,20.303191,1118
543,715,14,4.340759,1030
458,376,9,5.856164,1021
572,668,9,11.228170,276
30,34,17,13.525151,269
704,462,11,17.789566,291
490,15,9,11.209702,1149
200,529,16,6.800760,150
536,382,9,1.553421,160
562,252,6,19.680034,375
18,285,18,3.768478,814
483,575,7,13.377380,268
62,664,7,4.013489,636
430,730,20,10.743270,890
183,367,11,1.010467,381
213,60,12,7.679580,699
233,27,19,12.693431,1039
451,446,11,16.187308,859
447,747,8,0.159824,609
343,30,20,10.894501,860
333,635,11,12.021016,748
196,247,18,11.178285,896
374,75,7,11.987599,891
316,530,8,15.208319,1103
351,569,13,1.592829,215
551,362,15,1.294404,433
269,712,15,12.238282,357
729,296,16,18.125001,696
444,395,8,9.692306,829
569,60,7,4.638831,551
390,630,9,3.383144,289
382,547,10,14.286043,883
305,473,13,7.069450,1071
126,380,10,13.002467,641
735,495,16,13.679184,106
230,236,5,4.880293,201
238,19,5,13.217320,1151
650,136,15,9.670892,1135
669,239,13,18.578952,761
227,181,12,11.894273,1140
372,658,19,8.678387,607
730,174,8,2.985668,956
674,238,19,2.257596,984
119,657,7,10.808003,524
98,724,19,20.253179,419
428,610,13,11.228463,242
675,424,7,12.806029,1061
30,602,7,8.247038,1188
674,436,13,18.858750,414
185,195,7,11.990592,566
696,530,16,4.637288,1165
322,305,19,7.747663,1001
328,356,20,2.376185,1068
246,161,18,19.125163,689
347,386,15,19.089529,942
548,155,15,11.723933,878
183,142,5,14.663826,1179
27,534,10,1.453813,257
299,323,12,20.305666,667
15,181,13,12.318831,1076
554,369,7,5.045754,124
314,473,7,0.478074,617
484,104,7,2.415347,1076
530,679,12,9.120038,575
618,56,19,18.038062,208
439,356,18,0.567212,1143
652,737,20,7.156217,1040
624,444,8,18.458943,378
289,105,7,17.578494,353
674,28,17,13.526414,986
294,389,7,8.906600,708
132,720,20,13.869844,247
235,188,11,9.031986,822
66,681,20,3.697061,882
541,515,10,18.649669,370
409,533,20,18.528111,342
659,569,16,17.525998,681
650,302,14,15.056902,464
745,453,12,17.064964,1051
406,211,11,2.251747,443
710,79,20,15.267767,727
265,359,6,6.539964,1099
669,416,17,1.121992,586
528,734,9,3.878139,211
71,96,16,5.666763,832
121,307,8,8.598829,236
658,584,11,11.300049,798
169,560,10,11.403358,736
399,541,16,12.225771,1180
345,76,20,10.976826,190
186,99,11,4.412776,668
17,299,13,19.286006,542
323,671,20,13.257416,243
100,25,15,6.982330,977
381,424,10,14.700540,1177
152,182,9,18.989875,407
705,106,13,15.239800,820
70,376,13,10.204131,736
253,383,5,8.528478,1081
542,748,7,13.777489,351
321,734,14,2.983793,355
111,609,7,9.557518,351
669,557,5,12.122038,734
108,84,13,8.969890,367
640,501,10,16.198068,1057
573,282,5,12.834550,907
447,295,13,7.239355,334
346,296,11,17.056165,336
568,581,8,9.025130,943
128,160,11,4.293336,1199
306,297,11,15.607776,618
39,738,14,14.115793,1175
125,101,12,15.663505,390
722,567,14,0.939398,454
59,256,7,8.924248,173
416,493,6,3.329165,923
728,645,18,4.003334,522
73,86,16,11.490206,1058
706,628,19,16.616512,219
706,687,16,12.983165,375
269,127,7,1.805583,451
544,490,9,15.809963,325
54,167,15,9.697326,763
274,726,7,0.091603,592
98,123,17,6.706501,447
605,674,16,18.398790,561
638,91,20,19.365658,400
215,694,8,7.043539,549
391,380,7,19.934337,609
578,572,14,11.447470,385
500,60,9,6.693560,517
287,382,18,3.508903,1199
86,39,11,15.224756,660
52,258,20,18.433407,103
135,595,16,2.472296,1063
717,556,20,19.906799,1121
59,23,20,17.063711,634
99,684,5,7.502671,710
355,554,9,16.677872,305
587,425,13,6.451226,1099
494,661,9,3.407157,223
468,641,6,11.898417,555
97,312,9,16.575853,974
324,268,19,5.626256,1027
397,746,11,11.101144,397
309,51,16,2.869415,308
713,567,12,1.591424,696
182,331,13,15.928979,1185
666,66,19,11.059529,967
96,445,18,13.072324,554
500,616,14,0.750390,1084
298,734,17,6.870373,975
155,216,11,15.504699,575
318,476,18,18.261682,1136
671,604,8,10.764648,832
293,397,7,9.417965,918
327,567,19,13.384408,403
172,671,20,14.724195,460
187,707,20,7.547014,176
83,458,5,1.476241,227
68,71,10,3.108917,196
501,592,15,10.049748,621
32,626,6,19.175218,436
32,362,9,8.992364,994
404,420,11,9.834499,997
367,717,10,3.334698,629
331,371,5,3.047716,142
59,611,12,3.725247,554
176,248,5,1.530565,375
728,545,17,17.425441,775
233,645,9,4.467075,410
715,175,17,17.031656,1047
514,98,11,0.682394,119
42,707,9,15.760943,286
460,362,18,1.850759,427
604,122,20,6.406270,148
576,224,9,12.044071,427
725,531,14,4.761214,451
680,253,19,19.790041,1124
34,504,9,18.068636,317
167,149,5,19.651377,1128
373,168,12,13.094967,1186
185,49,16,1.321243,509
411,143,13,18.988600,382
200,456,13,17.273480,519
717,380,7,3.701402,436
682,467,18,8.650560,341
676,7,20,9.382581,655
332,701,13,0.817290,164
312,168,6,7.460138,374
662,214,6,4.014285,484
121,571,17,18.671433,391
650,29,5,19.485985,986
670,625,13,2.764793,545
707,397,12,4.317598,496
423,489,11,12.696584,1183
255,16,14,3.013119,1018
743,139,19,4.065236,1172
508,628,11,5.819225,700
407,124,6,12.680951,503
699,196,12,8.547590,349
91,474,5,9.716528,912
5,330,8,9.316743,670
107,53,19,4.052437,953
229,429,15,5.285613,1015
480,547,5,10.133218,393
431,494,17,17.102344,349
106,0,15,7.022229,1067
351,327,17,0.467937,132
694,363,7,0.542201,380
166,718,16,15.868490,337
407,610,19,4.009934,763
325,446,17,10.557475,987
601,137,17,3.275810,866
63,709,7,15.636831,1064
398,401,15,16.094706,725
597,123,8,17.090344,460
119,208,16,8.637962,1053
446,123,12,18.468480,960
358,73,5,11.726986,1073
736,130,10,10.560160,989
711,421,10,2.476861,307
287,53,6,4.158450,517
60,354,9,19.479217,650
347,199,5,17.551203,137
740,169,20,14.498500,614
247,745,8,1.356189,541
538,315,8,19.906805,294
84,421,9,18.777868,1057
568,142,15,18.965311,1125
453,38,7,3.497343,1185
704,477,20,16.488547,564
286,476,13,3.630586,143
276,556,10,6.626067,462
563,475,12,6.646560,805
596,206,14,9.493484,450
187,740,12,14.254243,189
531,282,7,7.973242,220
200,324,20,1.937368,669
199,56,10,15.967732,199
257,290,7,2.725098,1032
611,198,11,11.278685,965
532,669,14,13.567908,912
686,98,19,16.145064,183
160,139,6,7.006280,416
300,356,10,12.559454,728
691,556,11,11.841253,502
379,583,19,19.826042,1123
735,382,18,5.602847,391
235,175,12,16.282861,1058
18,469,16,18.492598,941
98,306,11,1.009807,653
401,310,15,9.117661,650
639,328,16,6.801915,365
246,199,17,18.206572,766
438,135,10,18.389853,564
5,235,5,3.261390,411
281,248,19,12.876570,714
255,74,16,8.429396,1106
712,96,9,13.046760,408
199,208,20,16.511364,186
463,526,15,8.778144,808
360,190,13,8.761765,179
626,37,15,15.776335,418
63,126,13,4.825759,384
622,724,18,14.472005,107
201,713,20,15.761997,1058
376,546,9,13.511737,1028
732,234,10,4.037769,261
405,255,14,1.949430,307
318,130,7,13.115041,548
607,409,12,3.419837,1199
444,525,18,19.525514,788
324,569,11,9.252476,440
597,477,10,13.653912,602
79,621,19,0.845846,431
347,351,7,7.802302,232
186,136,20,0.563768,254
376,157,10,20.478123,970
599,315,15,11.524641,562
335,370,6,20.494558,428
389,258,5,9.033010,424
294,748,19,13.671522,961
128,575,7,5.294146,1008
535,669,6,17.425712,398
587,728,17,15.198858,883
587,3,17,8.929223,624
583,483,10,10.908856,252
526,419,6,16.712017,212
680,65,8,1.154477,473
167,559,5,0.969254,607
311,413,16,1.014260,1161
142,634,13,9.683560,497
440,217,6,10.308037,529
462,61,15,1.729392,292
237,327,15,13.873147,379
272,139,16,11.398870,1154
496,482,18,16.708207,1113
492,608,6,6.557696,732
313,564,8,13.117708,981
368,150,15,11.801793,518
227,31,8,4.265421,1012
387,130,19,4.536845,264
264,249,16,13.825049,615
515,185,19,9.207616,699
460,597,18,5.747909,932
443,602,12,2.129465,277
221,629,9,11.589311,192
745,692,13,3.184756,850
575,646,11,2.494746,959
532,382,5,0.462804,225
340,301,12,6.255068,633
238,155,17,14.820621,534
95,108,11,5.661068,599
442,548,6,10.411954,1132
286,124,17,15.104331,883
47,491,12,2.382556,279
735,671,16,20.242792,881
25,748,10,17.554450,417
41,78,12,11.174072,862
613,570,7,13.875499,1072
641,290,5,20.073962,1197
38,527,10,2.348293,132
731,112,8,19.814947,778
668,461,13,10.117874,867
420,451,16,19.346756,267
274,432,13,15.962020,434
432,319,14,14.978207,851
684,341,16,8.166875,834
190,211,18,10.059922,1200
165,607,17,4.253468,1032
244,199,11,18.294832,509
217,300,10,15.482165,1183
367,667,9,16.153084,1159
138,275,5,6.497423,769
262,736,10,16.965418,664
6,547,12,3.286474,416
293,462,6,17.751592,793
289,367,18,19.681154,622
723,625,19,13.932824,1001
142,174,17,18.371879,253
231,725,17,9.708608,841
626,382,6,10.940098,1057
265,16,5,11.427927,1141
746,600,12,14.042590,1196
95,397,16,13.379075,420
508,745,13,4.459841,563
679,678,14,16.406412,223
24,442,20,8.810751,426
422,57,6,15.428513,1196
285,137,5,10.817514,120
505,603,20,4.136903,880
489,143,6,20.080422,717
155,59,12,19.571372,497
723,695,12,11.035526,195
606,239,6,7.818182,857
13,41,7,7.549442,1176
317,611,18,6.096850,549
562,156,17,8.470638,618
58,48,11,10.172453,737
202,679,15,16.771801,784
708,27,7,18.433677,1130
42,289,6,8.011358,886
27,226,11,13.412689,574
607,586,12,4.416953,934
270,714,10,10.327554,1154
313,116,19,1.312732,782
628,83,11,8.271445,384
380,737,8,20.024397,957
468,647,9,6.854689,370
691,693,8,20.153556,996
710,40,5,8.540155,512
358,653,8,3.460735,341
150,400,5,9.210043,1032
163,658,13,5.183806,148
536,690,17,19.367852,269
565,143,14,17.801939,714
390,68,8,12.797620,714
284,654,14,4.164048,941
238,76,20,20.446592,206
13,723,13,3.163395,197
486,566,12,4.837427,990
221,568,12,19.757685,554
189,287,12,12.972440,1129
236,7,15,7.940463,1174
632,429,16,12.593042,695
189,85,19,5.879796,544
345,673,8,20.305926,1057
610,141,11,10.521109,307
236,416,9,4.438481,213
678,727,15,15.808646,486
39,695,11,0.786838,548
392,475,12,12.182563,679
45,495,20,12.038962,203
72,531,15,14.184201,513
359,725,18,2.273973,429
387,651,15,7.170653,244
272,675,16,19.332983,544
136,506,17,1.085279,223
446,648,13,5.617090,550
34,535,10,0.652069,989
329,138,14,8.434027,860
58,222,7,15.730914,151
45,404,6,10.788916,850
189,647,17,4.943851,146
69,17,19,12.989718,1052
199,732,14,19.908420,914
136,517,8,0.718897,273
502,96,18,14.633561,552
214,83,16,3.311108,827
594,498,16,3.894870,572
167,683,10,14.570723,1049
480,402,12,17.626168,633
151,748,9,15.748359,598
342,737,20,6.546651,286
97,641,6,4.321546,1011
673,287,14,10.932276,436
459,495,19,10.529719,999
393,589,8,9.565255,958
315,307,19,9.561720,137
114,358,8,11.584279,180
426,661,18,13.802304,125
147,64,5,8.597481,372
128,347,15,20.380258,524
110,242,15,18.810741,472
263,421,19,16.366904,418
344,261,19,9.837360,1072
711,514,17,9.053375,725
95,454,20,17.642447,190
550,489,10,4.784388,1089
88,604,12,9.751514,1054
13,130,18,20.311178,987
649,725,10,15.397451,191
57,168,17,10.763739,1041
504,614,11,14.112184,614
473,337,7,2.529967,679
731,613,13,18.964269,1051
652,70,13,3.096557,522
198,665,8,11.295804,654
336,402,13,18.460283,818
292,706,14,5.796712,346
592,651,14,13.964684,813
376,144,5,13.967567,953
245,374,15,5.057555,167
413,246,16,18.739819,1010
69,242,13,18.492516,145
168,141,8,7.056381,461
634,201,10,10.423628,157
148,642,17,13.717036,791
563,476,11,14.824046,610
603,163,16,15.683072,527
53,451,12,0.112572,881
606,9,6,13.683589,373
427,351,18,15.044191,288
179,394,10,20.182680,746
565,158,18,4.137858,1187
313,528,5,11.806923,294
255,108,7,1.324512,274
319,183,20,8.581871,544
706,28,18,4.645326,430
46,600,19,2.852843,156
237,436,8,14.788402,755
725,721,20,1.345086,554
349,297,13,3.764894,105
516,510,19,15.424572,256
185,721,11,19.419528,241
255,531,7,3.754034,394
307,89,17,18.495687,519
268,32,16,17.629421,1123
202,723,20,6.755598,822
592,36,14,8.698543,274
103,416,14,1.683445,546
11,230,15,18.790552,1015
60,99,9,14.005205,315
543,232,20,11.558226,846
700,729,9,11.736120,321
179,560,8,19.422398,449
648,215,17,3.684688,1042
8,7,15,11.402506,392
594,51,15,13.662957,930
324,139,7,5.890180,795
267,347,19,13.485019,294
343,442,12,15.426294,445
672,105,11,14.771657,1050
537,260,11,16.545712,243
23,19,16,12.988980,399
3,327,13,1.318476,397
60,567,14,16.514118,251
422,546,10,16.461114,973
479,522,16,16.354037,323
568,422,5,5.484818,954
5,349,11,0.345053,123
618,602,11,6.645407,159
339,74,15,10.392099,630
568,179,15,18.397970,374
306,694,16,2.813927,583
399,244,13,9.616898,286
526,213,17,2.047339,1042
464,597,6,5.960852,973
197,122,14,8.587999,632
252,574,9,1.292765,237
583,202,9,9.836981,189
380,536,12,4.441321,502
405,493,5,19.642555,852
226,198,20,8.944396,901
336,699,15,13.483690,1043
316,443,16,14.379402,510
287,418,11,11.341526,470
123,563,5,12.833365,587
104,712,17,12.463344,902
380,169,20,19.721708,942
294,746,9,9.364097,1027
662,315,15,4.846515,733
292,298,8,1.163716,392
102,188,13,16.648507,467
309,434,16,1.809064,1183
32,719,15,7.781647,829
679,56,19,7.237307,722
19,602,19,15.359918,708
556,167,12,6.338780,312
406,173,9,4.665573,897
707,584,20,6.977192,1157
541,748,12,2.796119,160
204,701,5,11.449357,236
48,427,17,18.565040,157
394,420,8,5.765862,979
7,24,6,6.111874,207
543,51,12,4.106932,282
443,588,7,16.993396,409
250,479,18,5.370826,286
255,161,18,13.354248,1040
472,634,6,18.205154,193
61,682,6,15.911394,240
607,606,20,12.763124,611
726,162,19,12.153848,637
419,7,8,9.804821,887
749,406,19,3.038893,840
602,544,17,9.345878,305
543,173,7,12.768384,153
102,468,10,2.525497,673
417,533,17,13.101876,727
695,313,9,10.498405,710
732,95,20,13.784697,1161
306,738,19,10.784482,626
524,258,10,14.861976,1185
415,112,13,5.681349,448
527,196,13,7.106148,957
711,708,9,9.396936,958
731,582,14,19.362986,968
380,46,10,8.129757,1158
56,572,20,18.067232,673
337,711,6,17.144998,1107
61,120,9,11.445566,744
76,712,15,8.778941,991
441,273,14,0.903931,454
69,721,15,19.593657,1120
240,156,7,7.106446,134
1,167,15,15.853568,252
194,388,14,15.440769,924
615,419,19,5.792857,362
372,292,12,6.227722,656
28,392,16,3.256148,1093
684,342,11,11.693287,1107
368,459,5,16.951913,322
661,662,18,3.223225,703
432,692,14,5.562706,895
565,70,15,20.481572,229
689,51,9,18.811411,152
517,12,10,8.454569,653
319,116,8,14.468189,1073
422,135,8,6.638749,1031
380,265,14,5.988688,413
98,607,13,2.075968,685
96,312,13,15.675455,852
691,728,8,3.311516,975
525,470,13,9.236465,898
333,544,9,16.579906,813
512,182,14,0.404795,603
223,102,11,10.716842,711
589,56,18,7.537763,1019
48,232,18,19.302634,373
430,201,15,12.787588,817
320,682,14,1.087631,170
524,563,9,4.388081,1126
388,108,9,10.568804,1033
250,644,15,5.346931,535
126,387,15,10.632623,156
248,297,14,4.509353,467
422,556,20,13.473684,208
349,361,18,3.377508,457
315,67,18,0.895670,457
462,130,8,19.253258,631
618,349,6,12.243919,376
710,647,6,13.310869,428
587,25,7,17.248766,208
389,574,6,4.551881,581
69,706,11,5.041400,268
554,37,10,7.663380,343
458,669,9,12.495939,983
102,389,7,15.695612,616
459,592,17,7.900263,683
636,6,9,6.043404,893
613,679,12,15.469830,457
15,382,10,1.500657,987
360,415,10,12.929444,417
320,353,11,19.956618,502
274,517,15,19.005246,998
471,542,7,7.144149,738
265,693,11,13.056540,437
554,524,10,10.657001,563
276,437,9,6.987158,980
365,473,7,6.036213,881
540,692,10,8.205434,1106
14,25,11,19.938810,800
587,125,18,17.108910,734
488,240,12,6.450930,658
399,612,11,13.879921,572
285,25,10,6.384226,1165
199,664,15,1.567015,498
307,64,15,20.463973,682
740,496,15,12.644875,365
687,485,16,3.712217,391
374,131,16,11.222485,970
334,366,7,17.452126,572
221,354,15,2.027818,461
353,246,10,6.168586,452
122,516,13,19.792858,645
560,91,16,8.524318,534
642,613,7,12.659640,832
489,717,8,6.551871,124
520,68,6,2.630914,164
124,213,12,16.169034,1021
469,642,14,18.809052,192
43,520,19,11.416863,810
139,506,12,10.903700,930
630,13,15,18.674233,535
516,629,7,14.156138,1178
457,235,5,16.044081,1102
415,230,17,7.417321,1031
256,153,6,5.018218,334
216,192,17,12.853514,470
224,114,10,16.076256,248
287,328,14,6.482006,1185
467,616,5,14.074344,923
375,465,12,12.294855,702
534,57,20,8.436977,621
676,445,19,15.120729,501
459,696,17,4.288091,244
375,717,8,15.022697,125
98,89,10,1.973243,800
101,530,20,0.887456,694
274,368,8,14.088475,352
289,665,6,15.877083,1112
552,91,18,13.040788,1027
477,226,5,9.398791,428
149,588,13,3.564098,244
733,42,7,14.243297,435
307,293,10,6.227278,478
500,346,18,14.055364,967
76,471,6,16.105378,115
554,227,15,8.429639,322
305,383,15,13.215157,180
233,638,16,2.069379,1050
167,634,7,9.030930,107
473,675,8,15.930133,1013
387,533,20,17.574871,1025
317,335,16,18.242605,135
744,398,8,3.674367,473
200,127,17,0.466129,1044
116,585,16,18.837822,1096
88,295,7,15.218833,535
582,44,16,11.557576,103
350,566,18,12.446294,982
678,174,16,5.841201,644
63,456,7,19.747755,355
496,189,5,16.302274,1146
402,723,18,19.312340,225
109,729,7,2.917862,938
676,613,9,6.461619,796
661,413,20,19.799851,159
527,107,11,14.005206,1175
63,717,10,4.685293,552
277,604,12,13.431190,886
415,242,17,2.900875,277
358,422,19,16.974486,986
28,329,11,3.299704,430
612,545,11,0.676282,219
516,496,14,18.506909,800
749,594,16,14.528120,992
527,290,5,17.722952,215
52,111,14,2.159223,677
24,137,8,5.978013,1132
229,658,11,13.238248,735
573,33,8,16.179888,658
482,199,13,19.600854,1055
336,0,16,8.004599,783
94,508,13,9.316559,1113
598,172,11,13.090398,1115
228,448,7,19.955700,345
737,561,15,14.973703,1087
169,734,20,7.862586,209
46,327,15,10.117396,197
217,683,13,1.686360,238
241,342,18,17.263958,1047
474,364,19,12.451806,303
8,117,18,2.679462,1002
687,745,12,17.522200,729
120,358,5,3.424853,996
101,123,19,5.615671,845
271,181,14,6.047165,422
73,392,19,16.281183,737
692,144,14,15.541376,118
152,261,20,8.361274,655
548,27,15,0.751564,477
674,361,14,7.061915,834
334,606,11,0.716266,457
257,488,19,0.302686,706
259,745,14,5.497531,1165
595,288,8,15.973448,981
234,605,11,2.161245,1056
375,496,12,18.959130,481
323,272,14,13.754155,1072
9,699,16,6.828610,853
148,11,13,13.359567,120
214,28,8,9.903009,490
44,129,6,15.360845,953
41,88,11,18.603679,1158
19,622,11,9.416475,1071
381,674,12,10.019618,327
598,144,5,11.279262,650
173,368,12,7.307617,109
681,267,20,0.320404,857
11,202,6,10.684665,587
716,422,6,11.081624,424
8,72,14,5.100477,687
659,162,9,13.500329,987
10,708,19,11.294477,1020
222,218,11,2.580311,767
237,0,15,1.777630,1111
577,536,10,7.052979,679
441,285,5,6.421303,1123
244,548,18,15.089446,523
578,59,13,14.726930,777
185,477,13,15.552317,144
298,292,19,16.042733,1147
230,8,8,8.127314,1064
407,17,14,15.318985,435
154,591,19,4.711346,412
742,98,15,17.304931,682
138,577,9,10.797621,171
83,481,6,19.971281,301
626,156,12,13.764919,159
142,109,10,5.479774,738
174,656,13,2.137217,255
527,660,18,16.306723,203
87,307,15,6.199420,993
246,577,9,4.206649,260
291,152,15,20.166491,200
31,564,17,8.466800,755
303,179,15,4.884372,1126
299,223,14,3.677862,215
735,176,8,0.432944,1191
295,50,19,14.679875,389
654,318,18,11.898062,621
472,742,7,20.348937,180
592,603,16,2.771431,728
345,184,8,18.433485,362
167,455,16,20.475997,955
494,210,20,6.948537,266
702,183,9,2.752699,685
83,11,19,15.816169,217
526,309,18,12.791963,528
625,350,10,6.672996,383
30,435,20,14.540158,619
414,271,12,2.588119,202
43,35,7,16.142980,714
76,366,20,3.567280,1047
301,551,19,2.034591,1027
319,4,13,18.965472,744
450,487,12,16.229247,798
634,337,20,14.881792,176
389,87,13,10.572924,425
664,425,14,17.287086,250
162,681,17,3.577799,728
492,614,18,14.697686,1032
308,382,8,14.993365,1179
437,87,11,0.498935,789
329,50,5,0.155883,799
403,210,16,4.666889,612
422,160,13,6.509670,936
156,106,6,7.558642,566
241,170,18,12.104494,510
86,673,18,14.227611,667
603,156,19,0.780396,547
227,643,16,11.315282,605
468,238,15,1.538601,773
332,115,8,3.718471,713
610,418,10,13.708073,1122
331,83,9,2.120638,927
477,730,20,13.508038,343
353,383,14,19.961462,452
227,513,9,2.380027,890
568,119,19,11.601930,686
290,246,17,0.923821,418
235,453,13,20.213910,300
731,448,5,16.489054,1133
192,446,11,6.032628,1058
352,452,12,12.684285,1131
634,748,12,17.619841,328
550,406,5,13.009964,538
443,464,15,10.359800,309
2,634,14,0.191500,444
525,75,8,16.741181,156
67,278,18,4.147934,1132
680,477,12,3.017566,1096
683,225,9,13.534807,112
131,298,9,3.012551,1021
364,103,9,11.669008,139
158,728,13,11.926626,940
293,637,8,9.582252,419
710,629,13,6.001452,640
460,389,19,12.044184,810
39,204,14,6.635489,1176
575,626,15,12.346287,625
344,149,14,10.736806,320
115,270,11,9.160532,300
1,128,16,1.612381,141
406,400,11,6.071116,703
385,601,5,9.685414,682
384,102,7,19.179155,633
350,318,11,13.130793,1170
639,405,5,10.348014,734
80,532,12,11.875765,462
101,699,10,19.024842,634
296,154,5,11.785141,401
352,395,16,0.378499,276
391,38,15,9.058181,500
715,371,8,5.161406,1152
114,662,20,3.716540,289
598,309,10,20.386321,1128
485,56,10,7.082514,844
637,323,11,12.256327,898
608,668,12,10.786168,218
388,240,6,3.709619,978
198,110,20,5.519058,401
658,235,8,12.715489,903
434,127,18,0.289438,1062
442,429,14,8.441039,682
104,480,6,20.237858,997
192,134,15,5.179186,1054
745,690,19,18.668094,160
456,401,9,3.005450,744
237,252,10,14.174103,633
479,622,9,3.316472,985
646,255,14,12.840871,544
495,615,8,4.102562,141
37,68,16,6.082531,673
145,745,10,1.629796,243
533,489,19,5.175558,871
684,37,9,13.014328,262
742,703,15,13.796312,356
294,458,14,10.900559,988
578,93,12,11.103056,712
189,99,18,17.433788,511
670,595,15,13.614936,530
502,599,18,2.473633,1118
594,652,16,7.135383,856
395,59,7,18.726934,1174
351,132,15,13.863316,640
77,518,14,13.553210,873
49,69,6,20.355217,108
307,84,19,7.227069,982
286,644,12,13.877221,1188
489,583,11,0.260655,771
366,20,19,5.970983,295
633,109,16,15.890347,717
127,332,9,18.472598,961
231,246,13,4.177342,460
600,678,6,18.580581,883
733,717,11,7.536892,578
678,703,11,11.761805,217
42,441,9,16.820370,205
712,415,9,8.660092,782
574,539,5,8.944360,1142
212,305,10,2.682695,138
132,648,13,5.973971,566
661,110,9,6.435514,372
343,529,5,15.569722,336
284,616,14,16.568571,863
236,363,8,15.780243,883
299,455,10,3.497637,688
43,615,18,9.692070,143
393,204,9,19.287333,1053
72,400,16,10.382318,626
345,664,11,16.153729,444
28,214,11,1.475744,346
47,106,16,6.840626,279
152,435,6,19.351207,215
251,719,20,19.888963,1053
553,622,18,10.651168,408
204,231,17,2.465879,836
674,671,11,18.406037,537
473,591,5,7.428627,358
292,19,7,15.938059,668
433,636,7,4.031356,540
30,719,18,6.558864,404
21,217,6,9.499025,1091
739,596,12,12.762699,998
111,682,12,13.502179,916
123,673,6,6.897174,803
547,260,7,3.337281,868
189,175,16,0.729953,964
708,451,19,14.087738,1062
179,359,8,17.978093,1047
163,319,15,14.502649,668
190,214,8,7.100218,441
403,479,9,1.658753,663
96,641,16,6.429183,629
135,208,19,13.017017,646
178,68,6,7.389135,957
379,324,15,16.456255,298
588,256,11,16.828088,237
70,162,10,6.327821,476
439,180,9,7.930899,945
434,90,12,0.246295,394
468,287,6,15.550885,1085
349,96,19,19.427188,318
401,96,11,11.614766,150
542,73,18,17.281778,704
524,588,9,16.295676,199
662,657,20,5.909275,595
74,364,11,17.053861,626
172,582,16,12.373468,936
618,544,18,18.898042,153
75,718,9,9.826149,619
579,119,19,9.758363,1190
278,588,10,16.711034,527
571,524,17,11.518000,1109
44,357,19,0.005975,894
295,238,13,16.546424,936
470,263,6,16.115605,385
483,146,16,20.257450,163
85,477,6,3.608971,249
734,41,20,6.309315,1116
688,107,16,20.375326,1007
103,315,7,0.920730,313
481,600,18,19.299465,459
55,636,5,3.534455,717
387,705,16,16.204861,1042
3,394,14,4.977334,386
131,128,15,18.256902,324
179,552,19,12.462309,1072
227,65,12,2.381538,1029
576,210,19,18.596557,1069
583,448,13,3.157184,1177
396,549,8,19.446750,608
630,34,20,12.139633,322
141,295,20,11.978960,872
374,563,18,18.458615,236
279,432,15,18.306122,1001
558,185,17,18.837531,161
575,26,16,2.022324,492
548,443,16,13.947490,327
195,326,19,14.748592,1084
735,413,11,20.194726,495
188,705,5,8.515883,124
268,662,14,3.920181,491
326,724,18,13.355767,873
200,228,11,3.649610,540
95,737,8,3.593910,759
284,418,20,18.847478,140
111,227,17,19.769996,391
261,406,11,7.923607,358
330,481,5,8.299133,824
548,61,5,2.902307,521
438,384,18,11.165324,1013
524,432,6,8.515189,1055
99,167,10,5.023946,840
388,168,11,14.097009,782
151,544,7,14.295065,878
108,60,5,8.867640,575
376,198,15,19.845696,869
87,727,14,17.786290,746
277,293,14,10.803468,1176
576,380,11,19.889254,775
626,170,17,14.561958,743
50,298,5,9.835995,1006
275,273,9,16.157946,707
744,59,19,12.596260,709
182,266,16,18.703634,354
64,150,18,2.403583,744
693,502,8,7.630456,344
307,268,7,11.683350,1011
386,169,9,1.261579,590
157,321,8,10.346733,997
479,188,6,15.423758,387
699,334,19,7.545921,266
684,279,14,0.439826,837
631,322,8,14.417701,651
594,40,6,15.991278,641
485,495,5,14.946275,1038
142,563,14,15.483586,792
276,370,14,9.383041,893
651,174,17,16.256421,493
743,560,20,13.378595,684
586,708,11,9.836298,1004
632,2,10,18.909389,189
462,732,13,17.078306,687
743,496,5,19.292625,579
308,237,19,1.973473,866
663,258,7,6.805764,1122
361,299,14,1.536190,378
712,508,11,12.847381,110
729,581,6,11.462338,848
546,151,9,12.008881,349
720,549,13,7.860444,1071
471,193,16,6.515155,1041
584,701,6,16.512659,395
282,157,8,16.133791,388
655,587,8,3.789297,930
561,440,8,3.128206,140
699,707,14,19.403615,546
674,729,14,7.289342,914
485,214,13,15.281573,941
249,373,6,1.907091,795
579,382,5,5.936541,161
299,316,7,6.810996,386
700,173,19,8.757720,983
663,340,10,2.195282,851
280,719,20,18.430715,998
72,738,8,17.071706,774
644,636,13,15.375838,973
524,447,16,3.998573,240
432,461,13,5.314838,238
676,20,19,14.909995,1041
50,89,12,0.263752,261
165,282,19,8.595267,153
58,478,18,17.299846,312
209,91,18,3.486381,454
606,265,17,6.418985,769
42,202,17,13.824344,1058
504,237,10,11.477347,208
305,480,14,11.203822,1047
488,546,14,13.340848,924
602,472,12,1.283960,965
520,599,20,18.746145,152
551,341,12,17.564266,116
716,388,5,16.784457,315
659,687,7,6.683793,148
43,76,15,15.861366,571
512,228,14,2.006340,785
301,76,13,13.953274,100
655,680,13,6.106872,915
295,46,13,17.864617,984
456,134,10,2.205532,1010
517,138,11,11.079736,129
534,521,19,19.291974,305
159,509,17,8.184923,770
57,713,7,17.130452,222
616,590,7,1.777374,281
314,725,8,15.590123,1193
487,724,16,3.503377,912
496,352,9,16.492272,971
323,231,17,1.128141,327
225,104,20,1.759054,733
654,394,14,16.292789,983
441,307,10,17.452710,932
304,575,7,0.403749,730
232,463,19,16.165827,631
270,249,17,2.576472,894
130,273,9,0.858166,748
672,350,8,14.247222,480
25,739,5,19.465180,583
251,250,13,5.436805,299
166,44,13,0.767202,611
650,34,19,8.692032,811
23,442,19,1.183952,538
329,565,5,4.073161,500
725,748,20,15.626155,433
551,144,19,12.339840,426
510,383,17,3.427631,131
83,442,17,17.639343,480
687,409,18,3.226695,1006
67,696,18,17.255212,499
606,603,7,3.305342,864
284,279,19,14.617902,232
612,21,8,5.774647,227
378,604,17,10.201167,735
403,552,17,9.269993,657
16,23,11,8.333090,702
584,227,7,9.503753,946
280,575,16,17.349089,523
111,727,16,15.607389,132
686,320,9,6.895252,784
127,247,12,17.260658,590
530,708,10,0.037139,1120
461,26,18,8.423779,933
89,86,9,17.301952,385
98,676,9,4.711443,845
617,37,18,20.496624,971
491,528,8,11.011135,1144
62,487,7,13.290401,1020
67,548,6,12.374350,111
396,68,15,4.336904,767
365,481,6,7.247879,1194
484,488,11,2.178706,692
224,552,20,0.264667,596
242,291,6,15.334090,1126
501,716,10,6.709988,622
234,528,7,0.570181,1040
331,414,8,14.718916,704
160,482,17,13.659741,570
405,469,7,19.288198,803
121,725,10,12.523568,1098
63,406,13,14.113532,755
704,321,17,3.595626,422
153,537,15,9.819688,725
71,685,7,18.708818,872
249,599,14,6.401970,209
111,626,13,2.834360,638
197,66,14,5.382317,291
200,292,17,16.676342,106
736,338,13,16.293540,788
660,429,8,11.444074,165
336,331,14,6.088750,586
160,146,14,6.104139,1024
636,567,20,14.789619,193
578,188,6,18.405105,179
649,606,19,12.583816,812
543,231,16,2.612716,240
69,42,19,9.425337,144
631,107,5,3.435625,282
611,274,20,13.251111,1192
215,672,11,18.367055,225
637,293,16,15.672129,140
114,344,12,8.875929,114
700,730,20,8.797611,881
400,415,5,3.254323,1146
322,724,14,1.839644,729
270,583,15,12.110097,967
34,28,15,9.640491,996
318,84,10,12.781518,568
679,553,10,17.583449,875
251,240,8,19.210762,1115
23,14,7,19.733800,311
599,108,8,19.962678,688
480,172,16,4.482899,460
115,245,11,1.363236,520
49,452,18,0.003492,927
397,554,9,4.087050,622
740,234,20,17.360000,335
141,22,11,4.845128,531
281,636,13,6.935586,734
146,497,5,5.811264,106
738,131,9,11.330556,1172
327,158,7,8.214867,973
607,213,12,1.723434,298
106,529,12,7.701009,175
24,289,20,15.732045,1188
198,134,5,0.154220,924
474,87,8,6.779236,139
129,629,8,7.313455,794
275,706,15,7.535942,733
701,531,5,7.178100,591
480,341,6,3.659046,1060
307,198,18,9.229262,691
568,684,5,4.462278,732
134,116,7,0.439554,889
725,225,10,10.487551,545
582,646,18,5.055615,539
435,110,6,3.141686,430
272,635,20,10.760326,583
385,93,15,20.486796,643
370,429,16,8.704887,506
118,662,20,6.393516,993
3,472,19,13.562579,424
466,203,14,16.626274,824
248,707,17,1.146459,285
716,281,8,13.998696,883
447,318,8,15.814033,1192
277,384,20,10.601400,1127
238,739,14,11.887746,316
627,604,9,13.293375,937
24,189,18,6.942515,483
520,550,6,5.003243,389
64,551,7,5.585515,997
92,257,10,14.701045,853
436,37,7,9.566485,1091
465,475,10,0.945833,971
134,285,15,16.677446,1088
559,638,7,18.307910,261
732,113,15,7.696328,422
24,546,20,20.422600,663
77,477,14,16.296887,163
206,579,19,14.802038,462
96,94,15,4.487557,1157
553,140,15,1.973920,416
737,598,15,16.675848,822
424,222,20,1.900161,265
401,164,15,5.438594,115
666,11,15,7.424984,1155
371,203,14,7.584409,693
473,725,16,7.275496,775
652,440,19,3.542311,1109
39,174,20,9.790620,435
539,70,16,11.992435,716
537,379,20,13.253357,1027
181,457,8,0.733804,416
284,180,11,19.029572,907
491,742,18,18.519267,1156
173,329,6,7.619789,851
65,34,12,17.584834,916
100,738,8,18.794225,530
207,458,9,9.805193,478
189,172,9,6.620314,1144
353,475,20,1.229996,392
391,162,7,17.989630,213
629,667,20,16.345149,168
627,667,15,19.176066,959
731,712,19,17.821600,427
350,179,14,6.986318,941
281,389,17,11.008536,321
620,642,12,12.490127,196
599,664,9,1.574265,279
64,19,20,18.800737,372
423,665,13,13.887087,1115
462,258,19,10.600494,1160
34,391,8,14.332870,328
479,181,7,10.215086,621
720,436,20,7.745383,550
297,555,12,15.573215,869
123,373,20,15.288224,235
311,726,7,19.124649,244
632,675,12,4.533593,1015
159,591,14,8.084229,858
649,418,18,15.126458,292
687,585,14,0.251636,127
380,551,18,0.449888,963
198,530,20,0.182574,108
241,466,8,3.123149,1152
93,720,15,5.712798,822
662,458,11,18.015813,323
506,669,9,11.597422,228
258,140,17,19.956590,627
87,294,15,14.967366,946
361,74,11,5.312070,1103
619,381,12,11.647855,680
155,702,17,18.236417,322
29,293,15,16.711681,1190
365,325,7,16.630899,162
384,725,20,16.003329,368
95,434,10,9.869588,362
258,327,6,9.286550,1007
386,668,8,18.211797,1057
643,146,9,8.387315,447
217,13,15,4.632877,460
181,528,19,4.415832,683
195,599,17,10.226802,850
687,493,11,13.239661,164
42,58,15,10.328399,897
497,662,11,16.024642,651
513,412,17,7.481505,605
443,182,8,15.480259,195
182,271,15,8.830267,646
37,125,6,3.238429,764
689,623,20,3.503947,545
475,428,5,0.103797,181
230,298,8,12.808753,647
582,527,12,19.063266,977
19,270,16,14.561440,1185
470,536,15,6.289378,1086
321,669,19,1.229446,308
593,136,12,10.378759,172
624,510,14,10.234261,795
274,608,13,4.848253,491
22,77,13,0.467483,187
23,454,10,6.980623,1094
177,629,19,6.408449,404
742,347,5,5.474150,720
506,336,20,12.904408,755
244,453,19,14.483156,1155
337,379,19,19.061029,145
506,541,13,14.251043,564
600,284,19,2.967906,715
348,326,7,1.080245,272
642,150,14,13.301383,1079
81,706,8,15.126881,886
348,203,7,10.770647,882
470,264,12,4.493378,502
4,237,14,11.186545,649
361,0,5,7.576644,123
19,165,8,13.872972,543
257,83,18,8.924466,176
477,85,16,19.177599,1136
205,370,16,10.667975,921
30,479,17,5.058158,960
26,400,16,13.908902,1134
197,386,10,6.642712,606
551,328,19,19.587834,1146
616,479,20,11.267000,408
691,245,6,3.265724,1138
132,694,16,10.330176,570
239,396,9,8.914830,366
318,2,12,0.981402,1176
647,221,12,4.461760,494
587,118,9,10.330990,182
628,116,10,20.490186,244
0,454,18,11.936567,999
63,104,12,15.661393,135
307,360,11,3.290712,879
285,162,13,4.608399,509
23,528,10,0.143987,797
441,540,9,14.685292,913
265,377,13,18.144834,973
346,741,18,3.156524,552
451,701,15,0.055490,301
223,226,6,14.278436,423
543,414,12,1.020703,195
631,91,17,6.441878,149
221,548,6,0.801404,544
81,415,18,13.334935,839
690,448,15,4.574084,200
708,497,16,12.020729,533
126,62,14,3.035556,179
528,503,20,13.787487,952
396,105,18,19.347038,860
391,190,14,9.477075,162
426,476,20,11.800522,351
73,489,10,15.864463,842
271,87,6,18.643085,908
378,171,11,14.890317,715
425,683,8,1.452214,836
698,533,5,2.887501,753
746,151,5,2.269452,234
316,220,20,11.743890,657
748,645,9,2.041905,1059
210,708,13,16.209907,140
397,225,12,0.155386,181
356,362,15,4.166599,405
602,381,13,10.053149,603
466,554,12,19.992788,1162
552,690,19,3.039193,154
718,746,8,15.824963,1147
180,734,9,4.695336,1181
666,661,6,14.478909,866
395,693,13,11.952607,380
48,71,7,12.180381,357
181,172,6,13.312810,995
293,416,5,14.550919,1071
571,426,20,14.093159,542
263,313,6,19.175852,1063
455,223,11,11.857536,909
586,75,16,9.969156,1010
724,365,11,11.828960,944
204,113,8,4.086322,1111
546,685,18,1.927865,388
297,218,11,17.959716,860
538,568,17,18.932215,996
224,363,20,0.066605,531
465,697,11,0.319469,914
306,421,13,14.688890,383
333,654,15,12.531196,1078
102,90,20,7.619013,990
63,305,7,6.613145,851
63,423,11,0.696546,539
322,382,12,8.461249,676
684,468,11,0.023887,986
559,384,20,6.592696,798
173,392,7,17.495604,1061
609,613,12,15.025431,601
260,304,20,12.071447,438
94,541,14,4.813861,117
243,683,17,19.826472,752
275,137,20,1.104361,483
235,163,6,8.779588,1107
336,1,12,8.175313,346
597,53,14,17.911172,169
331,453,19,0.678060,112
291,307,17,16.129774,1055
315,95,5,11.665494,103
627,492,9,10.824671,481
586,136,12,16.310423,416
271,37,8,18.021543,1109
128,494,9,3.103187,1119
340,24,20,8.164147,679
593,736,14,3.229544,671
213,29,18,9.417335,507
557,515,8,10.034084,572
126,744,9,15.575487,199
441,14,16,16.429032,151
248,678,5,6.089731,482
278,43,17,8.489858,1184
158,503,16,3.367345,275
42,575,5,14.953659,258
6,32,14,13.297765,770
495,719,14,18.534662,794
689,243,8,10.891290,122
178,441,9,7.282087,843
492,477,9,19.399738,145
729,62,11,18.046224,357
416,438,15,12.989783,258
66,228,13,19.415567,872
34,182,20,0.900966,975
566,91,8,11.054529,794
44,515,6,15.990287,187
367,307,13,13.737060,1096
213,621,6,11.043544,998
356,633,8,3.453885,499
484,748,19,7.936950,1011
228,75,15,15.394164,186
357,323,17,15.193179,223
634,25,20,12.042063,869
513,708,17,2.419605,253
616,457,14,18.498863,800
732,272,20,12.602293,1143
293,269,13,12.981152,402
97,522,16,10.907257,514
112,412,12,13.454777,284
734,739,17,7.409596,559
200,531,12,5.455521,510
37,331,12,13.734763,1105
83,118,7,14.046971,785
569,701,16,20.159918,1144
642,94,14,1.504785,821
103,574,16,13.301021,393
663,223,11,12.115194,102
57,227,17,2.126577,931
722,280,10,0.342566,870
533,527,20,8.434248,727
616,490,12,8.344393,1037
67,134,11,6.805921,652
671,267,18,7.185996,411
68,50,6,7.336183,661
328,213,18,7.558233,378
523,442,14,5.435694,1016
367,40,10,0.285930,776
624,275,8,9.388690,1200
571,645,17,6.004941,379
352,82,15,3.750601,187
31,228,19,18.915691,316
29,383,7,2.188559,207
493,417,14,14.893215,900
684,497,17,15.271999,1095
279,130,19,8.297632,501
268,432,7,4.376738,309
228,92,16,3.059293,405
585,97,20,3.623639,394
132,362,18,18.819355,877
623,524,12,6.823777,374
634,210,6,1.699306,586
616,671,8,0.114973,1015
741,424,15,20.118947,978
1,748,15,19.897423,1052
372,187,12,3.628805,942
375,221,8,15.304287,317
278,642,8,10.488438,355
90,161,8,7.657408,244
347,493,5,15.252028,1196
194,603,12,14.164746,470
690,596,16,4.699532,275
135,218,6,5.313516,281
686,232,5,6.838016,687
364,741,20,2.039266,503
2,417,14,17.861557,302
602,636,10,6.067077,246
89,388,12,17.272727,1106
187,546,12,15.276422,886
255,23,14,1.954504,466
732,567,8,0.981080,835
176,74,11,16.323582,179
163,10,7,8.073631,1147
122,10,13,12.892278,201
674,40,7,16.929566,538
117,617,9,8.474729,357
344,333,15,17.152628,163
663,682,16,3.568536,744
515,47,16,7.293794,972
612,319,5,1.823289,793
383,347,11,8.368419,359
392,130,14,12.681062,1199
662,383,8,18.795075,996
535,44,8,3.045481,724
554,690,5,2.341787,612
69,21,13,11.520896,952
586,4,8,5.402239,306
189,404,16,0.616400,1065
638,641,9,18.244579,643
452,348,9,16.564029,369
552,105,13,14.727527,173
10,334,20,0.742167,918
177,423,20,0.886437,1101
616,186,7,0.692778,431
713,147,6,12.310886,690
663,209,19,14.625141,1110
207,502,10,4.459121,549
546,420,18,12.241208,941
427,669,10,3.702865,1155
8,473,20,8.026633,1091
290,663,5,9.435836,154
591,497,11,6.845185,150
168,155,6,9.666709,323
612,576,13,10.488173,629
666,651,9,4.687601,929
102,13,7,11.244300,708
373,480,13,17.741975,1158
61,292,7,5.935986,798
404,485,10,0.404914,1120
67,66,8,19.652631,720
473,227,14,2.562529,139
225,456,6,2.524286,781
464,166,5,1.403888,857
235,282,19,12.369473,641
83,693,12,2.961462,701
710,137,8,5.151281,431
229,279,6,2.894145,697
6,529,18,17.656761,937
681,623,11,2.112818,1021
54,736,20,16.811562,711
99,600,11,19.619104,363
97,206,10,11.335181,1006
388,718,18,9.374370,202
12,692,18,9.998309,199
476,461,14,20.283296,467
229,559,7,1.050554,516
174,216,12,2.629232,763
403,582,6,9.495571,947
691,705,14,3.255679,619
87,745,7,18.404247,453
61,726,5,2.905933,660
731,230,11,18.841410,200
28,476,17,11.174750,1028
454,127,16,16.749826,515
58,483,20,7.581131,1043
710,639,5,16.968562,991
279,455,7,17.017686,511
611,636,17,14.727788,542
48,229,17,16.462208,1143
82,461,8,7.728725,204
651,308,15,9.394708,272
195,630,7,4.883395,590
289,490,6,3.226239,611
554,648,18,8.735993,353
311,464,17,0.540851,946
289,279,7,3.534018,779
304,172,14,11.694546,135
690,626,17,2.942496,281
6,311,13,16.107303,615
536,205,5,6.832494,438
503,497,20,20.339465,1029
130,285,16,17.862448,203
371,712,13,4.486489,273
699,0,11,0.702360,420
520,249,13,4.943255,285
294,443,14,3.315450,415
100,363,20,18.992042,398
454,497,12,1.966834,480
125,387,16,3.139373,364
254,727,19,18.026036,921
448,528,8,8.230596,1002
181,137,19,9.190390,529
333,200,10,13.608743,578
254,453,8,4.953249,1021
407,60,17,7.942660,130
221,400,17,0.722707,183
540,137,16,8.086380,404
745,148,9,3.379547,126
61,107,19,18.269648,983
157,372,13,18.976697,441
73,124,5,5.748293,262
714,231,8,18.277136,1054
139,294,6,5.453326,633
199,720,6,4.230466,644
359,335,5,5.869362,810
532,611,14,15.166082,1164
731,602,14,6.234743,1106
53,29,11,5.750624,174
89,665,5,5.065241,710
14,483,9,5.367725,500
172,322,17,4.114531,183
1,566,7,0.457979,993
258,337,20,0.229100,291
433,263,11,19.877054,594
361,593,6,0.837251,818
442,134,8,18.758383,491
16,296,5,2.862061,588
551,471,14,10.876161,261
622,310,11,11.915542,1044
18,606,13,2.386868,831
363,74,14,6.589097,539
507,300,11,10.281464,417
229,256,17,3.283953,100
270,100,20,4.876469,114
71,718,9,15.884647,659
721,188,19,16.981852,853
310,359,8,1.245889,387
564,616,8,14.186644,110
422,198,19,18.920637,670
736,728,14,4.604120,719
246,497,5,2.673768,719
200,157,9,1.258995,456
612,29,8,13.006505,695
163,190,19,18.283893,685
142,707,13,6.575530,307
222,184,15,7.064942,770
229,544,9,11.334781,373
103,39,8,17.071029,262
549,602,17,11.894623,249
312,343,9,11.427933,152
118,204,13,11.705430,533
263,255,8,0.016936,341
296,330,9,18.173875,1170
39,313,6,0.521925,659
223,25,5,8.704831,157
220,339,6,19.300711,845
398,195,20,10.467444,528
14,453,5,10.345692,555
268,345,10,0.752506,915
335,104,11,5.151944,203
720,461,19,8.516944,340
128,199,18,14.014782,284
5,356,14,12.813112,692
532,681,20,2.539989,1010
543,110,7,1.902687,980
348,14,11,3.288674,980
681,53,14,12.805509,484
518,170,6,9.036184,391
440,129,16,11.889488,259
428,543,11,7.521430,998
299,359,11,10.864201,799
21,696,10,10.745590,1096
112,254,11,14.239657,253
688,378,20,3.532757,1069
667,4,20,7.870915,240
149,424,10,7.140731,838
680,244,8,7.349808,786
180,178,16,15.253830,455
330,719,15,18.756203,680
502,123,6,2.577752,966
724,61,10,3.558866,862
178,116,15,14.279403,121
347,165,10,17.531803,1130
749,629,9,5.263104,521
168,256,18,16.662838,473
738,439,17,0.782524,406
484,276,11,13.824791,636
35,274,14,4.027616,653
446,488,9,10.503414,895
576,279,18,8.051873,995
358,440,19,19.948302,612
375,16,9,16.304617,585
426,91,16,0.365910,136
483,58,11,4.150973,197
489,239,18,7.197331,757
211,125,9,14.975122,365
400,621,8,13.508279,846
301,742,6,16.537392,719
503,416,11,10.586604,685
323,515,5,11.538528,905
560,674,6,16.094178,503
311,369,12,0.702188,286
137,271,18,17.583902,369
332,64,20,7.071668,971
96,646,14,2.016578,1012
626,435,6,0.259661,405
625,71,8,13.291703,167
301,237,14,17.061746,588
100,571,18,14.974544,328
145,474,6,13.018168,850
194,189,8,2.653622,599
321,367,19,0.037042,567
456,299,13,10.741943,464
360,651,14,7.854415,1150
117,351,11,8.166948,370
532,203,17,6.791943,1114
510,632,10,1.244163,564
677,419,13,6.046046,374
583,124,11,18.241643,754
142,535,11,9.648190,1052
724,376,10,4.277693,652
266,101,18,13.818273,1030
493,364,12,20.199291,195
711,282,11,8.427438,311
2,687,9,10.063946,597
695,28,9,19.925178,894
182,320,13,7.695059,952
361,187,17,14.636601,957
499,524,8,19.756862,946
726,265,7,8.220653,1074
289,467,9,2.997693,100
688,318,12,15.747549,544
550,667,20,3.606650,589
293,468,14,6.245080,633
296,278,7,16.075533,197
333,84,14,18.181933,494
152,323,17,1.485943,758
165,110,20,1.285633,642
344,64,20,7.485709,573
510,404,18,15.881432,397
461,11,8,7.284908,557
363,260,18,20.327803,104
278,41,10,2.142577,988
689,445,12,5.079963,853
23,734,11,10.151406,1032
318,274,7,6.114763,134
105,391,6,18.377056,638
292,393,18,9.192097,559
102,295,7,9.121273,746
687,446,7,14.256576,507
337,182,16,16.902796,1178
529,520,20,17.712029,848
675,677,18,10.437211,284
682,621,8,19.189392,1192
456,363,19,9.613400,495
486,202,13,17.641908,444
264,185,15,9.678452,903
97,89,13,12.226304,378
113,580,10,19.870905,630
306,467,11,15.488977,341
136,348,9,6.818496,1023
299,344,18,11.876366,543
104,116,5,8.473064,445
22,123,16,7.149574,935
294,3,8,9.810698,894
399,147,10,19.324525,395
747,627,13,5.992971,446
17,152,20,15.108045,949
376,451,20,15.000360,101
310,558,7,11.030830,1152
572,624,5,8.961053,350
233,459,19,18.595854,818
32,665,20,17.859351,362
314,306,18,2.444312,570
556,342,12,10.658783,322
733,508,10,9.093338,133
679,682,7,8.362965,1168
39,557,18,17.824547,434
577,676,8,5.162938,864
194,474,14,1.504526,948
359,471,7,6.380315,376
610,369,16,4.257949,371
406,688,9,11.793842,760
672,482,17,3.141558,852
680,310,8,11.629411,417
198,362,9,17.376376,321
633,94,5,12.141217,820
546,456,17,10.090606,928
454,575,6,8.381096,963
279,333,12,13.825274,1014
609,14,5,17.316098,627
496,620,9,0.975632,904
586,534,9,1.304955,495
196,64,18,17.297221,104
698,96,9,9.469344,457
130,125,20,19.027900,1145
185,414,8,3.024782,555
116,562,20,19.189493,533
233,615,6,1.009491,594
307,681,14,19.052989,994
742,94,5,3.950738,255
420,613,16,6.945072,606
510,342,17,9.042076,103
594,540,14,8.449074,234
578,351,10,18.537962,580
457,146,15,6.386238,414
417,627,5,8.648401,389
213,123,5,7.823250,182
404,293,7,9.103772,219
578,220,13,9.085834,972
631,605,20,7.737081,342
180,420,17,15.642094,643
504,654,12,19.749923,1171
109,693,18,8.384883,934
598,270,6,17.577373,673
309,25,19,17.722346,767
26,63,16,1.099931,102
333,748,18,3.470812,591
521,567,7,17.302271,1078
149,420,14,15.692925,632
386,459,13,14.685498,1161
62,352,13,17.284405,685
498,280,8,20.169229,675
451,361,5,19.538879,681
79,734,8,0.902756,359
145,391,15,3.151197,1148
86,98,9,6.080380,164
688,618,17,9.898815,441
231,428,12,9.324545,1076
153,498,16,1.391079,677
465,655,11,16.651158,1179
698,58,11,3.109420,794
204,584,12,15.719688,472
636,502,5,13.296503,847
290,9,18,13.326513,494
263,350,18,19.230305,632
340,662,9,12.956262,1075
38,196,10,16.654199,900
376,174,13,16.455965,440
482,714,7,13.673465,236
306,729,12,15.658634,126
195,597,16,12.104223,308
360,580,18,0.077682,118
438,654,12,5.945387,784
264,672,19,17.719857,1054
53,416,16,18.506582,178
279,243,14,18.566628,508
742,539,11,3.600786,383
334,496,12,6.252605,133
384,157,16,12.935053,526
552,504,13,2.614371,364
682,693,11,19.007317,117
139,542,13,1.709537,141
236,89,16,18.869845,1146
216,113,20,18.961613,473
331,166,9,18.473303,699
241,657,9,13.920864,451
344,563,15,1.931186,291
444,285,12,11.854047,1189
50,70,14,19.928670,989
136,411,16,13.865536,493
362,634,16,12.067659,323
695,37,16,15.260823,518
708,183,9,6.268620,984
695,710,11,19.639517,353
172,225,7,11.925619,1072
304,2,11,12.806001,1000
1,310,11,16.887031,215
107,705,9,7.961678,821
265,220,9,13.792485,465
219,53,15,17.547205,1193
418,746,19,2.379605,497
157,203,18,4.846338,881
645,462,11,13.524516,550
335,146,13,13.540348,846
70,31,16,7.255126,824
132,714,11,2.147007,1159
82,190,12,3.315017,122
151,14,19,3.259659,1073
547,205,13,11.545456,909
239,249,16,2.456985,1072
117,372,7,9.467658,504
512,535,7,1.988097,1061
299,318,6,19.631885,457
53,412,8,5.451018,268
152,634,8,0.036846,1071
28,316,19,8.177178,822
334,226,12,8.722590,188
477,202,15,4.365055,895
122,327,18,0.214960,397
182,466,5,6.335682,476
555,41,10,10.920404,554
229,105,10,17.591410,907
440,586,14,19.468761,924
84,426,17,9.363463,560
340,531,18,11.786454,826
394,728,14,12.673472,384
700,651,9,10.278221,1068
412,411,19,8.036347,1098
277,536,13,15.114067,796
510,600,12,8.759715,306
12,477,12,15.856949,1089
21,289,17,6.529893,826
566,554,19,4.884269,961
292,282,9,2.707277,468
206,715,8,2.612510,1185
460,535,17,16.769192,141
179,658,14,13.210415,1110
664,431,13,13.111633,584
470,392,9,4.589769,1012
125,289,8,3.644750,584
623,661,13,3.403195,730
72,146,7,10.128566,258
683,105,16,0.820955,659
239,549,6,10.028492,629
110,484,17,15.530599,541
307,654,14,13.576544,207
9,683,7,0.553767,285
275,115,10,11.225242,1076
160,174,20,20.494276,180
465,362,7,11.621644,417
665,436,8,0.897713,436
364,168,18,18.247842,673
297,266,17,0.058691,1067
220,727,8,9.634732,852
148,73,16,18.873896,1109
333,434,9,20.225910,144
487,146,7,19.208059,1193
40,570,20,7.480243,195
528,701,6,6.591149,152
507,441,8,17.730949,217
84,372,8,3.298873,472
429,487,6,3.224747,335
676,78,11,0.312663,399
205,27,11,12.084558,417
296,612,17,4.470204,194
298,697,10,2.709151,145
191,553,18,15.026133,1030
129,303,10,17.902657,351
360,93,5,19.129443,719
575,725,19,1.177350,184
718,121,18,19.839401,237
748,367,13,6.061668,1157
66,653,19,0.281765,785
515,531,6,6.131517,1108
174,442,10,0.836105,753
711,360,12,1.390563,704
474,456,10,16.036101,263
146,178,15,10.842995,950
282,204,15,8.744460,614
534,422,11,9.965658,379
33,730,20,15.759520,147
733,96,19,2.390667,603
688,739,17,19.059925,103
507,287,9,3.316707,490
629,564,17,16.703921,585
646,162,11,9.271440,830
147,58,10,16.608551,619
416,584,6,16.108849,173
574,451,20,16.982287,775
549,585,17,13.966664,551
233,119,16,1.217288,1050
67,472,11,5.029632,706
383,498,7,5.345732,699
705,289,12,3.367675,191
281,517,11,14.670807,101
285,68,16,1.902888,1082
142,326,13,0.103597,235
676,747,13,2.108930,1086
600,473,5,6.518650,251
738,717,19,8.825293,388
659,464,10,16.102627,632
675,341,10,20.288218,365
560,5,13,15.925049,907
180,386,9,12.146044,854
262,581,5,15.133692,1083
664,419,20,16.650001,1062
326,180,13,19.574748,702
405,552,20,19.049836,121
154,97,12,16.814794,504
9,162,10,14.567074,842
631,70,19,8.669169,906
569,405,14,2.240455,226
6,513,11,15.725495,124
40,227,12,17.848075,470
675,334,11,20.206555,589
669,138,13,8.452164,1125
362,35,16,13.209331,256
125,286,9,15.321434,560
97,514,13,15.324158,1124
115,105,14,5.873437,1144
223,550,9,12.080731,901
149,675,14,18.355705,476
302,296,19,5.700774,478
630,469,17,3.781328,429
667,345,15,7.771778,1003
175,128,13,16.744100,644
334,179,13,11.361081,183
13,720,5,5.711183,612
461,137,15,19.404932,558
449,592,7,8.438481,798
25,152,6,19.235959,775
736,78,16,5.740992,577
511,535,6,7.119115,553
153,382,5,16.885596,418
123,237,20,12.441012,217
130,88,13,13.584316,132
670,568,17,12.846590,1040
50,118,18,0.756466,593
43,245,7,16.260389,239
100,382,6,14.723810,911
22,242,11,10.399820,647
220,284,17,7.470030,640
221,103,12,4.328004,585
684,285,8,18.369385,146
283,147,13,6.755650,1046
692,152,15,19.001579,139
143,320,9,15.771099,404
257,56,5,11.219079,645
35,56,13,9.411453,725
690,420,9,6.198228,613
571,465,10,14.511915,853
337,93,18,9.540324,570
694,51,17,8.945116,337
125,436,19,7.947896,100
733,518,18,18.938411,322
245,320,20,3.414949,1001
152,384,13,17.820157,614
639,154,20,5.620197,900
160,255,9,19.338004,1195
439,477,7,10.699274,1153
97,706,7,14.662342,434
373,676,16,19.925107,1190
701,673,20,19.264994,488
309,169,11,2.768973,634
739,198,14,11.342644,189
432,714,5,17.167647,232
222,692,14,8.774594,696
371,246,20,7.220063,780
270,501,5,6.720424,489
248,590,10,13.632629,818
747,483,11,5.583760,164
405,656,14,8.492398,1098
499,284,20,13.964399,106
59,442,18,13.849935,655
72,537,13,5.773278,896
536,509,17,5.035587,317
233,116,15,5.366369,841
645,102,11,0.662476,703
287,584,8,9.261470,660
474,53,16,7.400574,719
16,304,9,13.699070,941
325,212,8,16.823350,152
488,387,7,15.302250,984
573,230,16,14.330063,891
276,728,5,16.736926,369
136,27,18,5.649906,759
535,137,6,11.983053,517
277,330,7,17.535295,494
417,155,9,7.055667,1063
87,529,5,14.393239,1044
366,330,14,3.243853,1181
273,652,19,7.995510,1036
276,61,12,0.260770,495
321,541,20,11.476362,204
442,250,8,13.417504,741
173,19,6,4.114886,483
275,726,18,15.465354,825
193,221,13,10.555256,162
497,444,20,6.981091,294
317,425,15,3.061159,1071
158,354,20,2.619665,727
339,556,7,5.020184,613
23,79,10,1.498415,836
182,680,14,16.838370,368
410,277,14,11.133712,418
320,738,14,11.990545,190
164,453,16,9.112391,331
300,668,11,10.212153,308
611,155,10,1.668033,563
457,699,14,10.437480,155
188,731,20,3.721626,1105
575,224,20,7.067211,879
737,295,12,4.181482,494
566,334,14,0.810418,662
154,279,14,14.770054,700
254,514,11,19.673792,463
720,269,11,17.253873,917
321,613,12,16.086964,841
579,220,12,18.358408,979
112,648,7,13.449970,125
663,675,12,16.264230,578
12,62,5,1.314766,961
537,373,5,15.402477,413
574,154,5,16.869938,1119
655,506,15,1.644843,121
426,395,18,7.890745,284
408,293,6,1.507088,997
39,592,11,16.667972,457
121,265,17,9.900187,525
214,667,8,15.718191,747
203,657,6,0.732577,1104
399,484,19,0.086205,162
192,321,15,2.950659,1034
436,10,20,7.381567,956
553,539,6,14.259651,587
585,554,18,18.608727,116
255,232,11,3.263628,978
626,680,16,11.585065,599
402,113,12,13.363855,497
240,261,20,0.338258,202
486,307,12,13.357411,208
712,658,19,6.698801,991
493,730,10,17.975980,925
31,264,12,2.983320,454
369,580,7,6.000086,954
140,91,12,10.221703,665
423,272,19,8.049479,186
595,244,14,20.148669,639
397,530,5,1.355608,714
50,228,12,2.117856,795
265,486,14,19.207777,1114
132,265,15,10.263121,584
124,24,8,19.319470,829
397,524,8,18.257933,377
484,340,19,5.962934,748
186,718,17,0.058931,462
332,352,10,17.818979,876
474,154,9,5.314170,170
1,667,20,5.113789,382
208,379,6,12.382958,438
142,58,11,17.091666,642
733,553,16,10.526539,952
67,450,20,16.747650,205
590,203,8,12.493148,188
238,334,9,14.772033,866
406,651,9,8.463452,431
217,441,10,11.754706,1004
440,285,10,7.632539,371
200,436,18,3.308935,877
343,362,15,14.073532,1043
99,93,8,12.259980,554
226,455,7,0.713971,121
149,604,8,18.129206,294
13,529,12,12.979062,1033
749,114,17,5.388431,421
341,205,14,10.615243,485
711,95,16,0.324550,1080
135,104,6,4.889329,899
350,113,15,19.145488,622
544,585,15,8.426960,449
175,671,13,5.817158,797
225,168,19,7.185629,419
592,515,18,2.366038,267
265,623,11,0.473164,1096
106,48,19,6.376276,1103
120,456,20,14.255789,418
677,614,9,8.052987,441
168,562,5,9.624938,477
605,46,12,13.279409,696
376,610,9,13.253841,420
371,268,5,8.943264,939
427,606,18,14.031797,922
532,434,5,9.637620,126
189,382,10,18.184366,238
481,659,11,20.116774,629
697,710,18,14.705838,689
516,552,9,7.585339,1112
494,565,6,12.811897,746
660,682,11,5.318659,144
122,120,16,6.155581,849
314,582,12,4.562320,1139
620,406,5,12.517853,171
590,324,10,15.329742,678
399,164,6,11.753255,273
322,120,12,8.568826,1052
301,415,15,19.403012,841
85,639,18,5.570550,452
256,501,9,11.924822,1032
461,451,18,8.968098,1177
590,188,10,10.627480,921
133,355,9,0.535785,1056
239,271,9,1.532645,126
733,626,10,13.830958,817
583,466,17,0.729188,857
720,507,18,8.836379,966
411,415,9,18.156248,1087
621,189,14,10.430704,840
382,250,7,9.042271,1156
116,91,17,13.647551,284
20,183,9,6.355745,208
75,632,18,15.805339,795
562,625,5,20.401313,611
512,628,17,11.030869,255
142,332,8,9.923614,968
493,196,14,6.249366,1148
555,671,17,16.698596,949
249,681,9,9.991209,225
658,12,8,8.467966,737
320,652,19,6.236481,1155
175,510,17,4.965464,1179
674,710,13,0.469313,477
553,508,8,19.992187,934
463,617,17,4.721079,562
14,744,16,15.399665,220
306,185,20,8.908811,493
685,35,6,16.847335,555
537,479,16,20.070675,277
543,432,6,13.377204,509
504,240,6,1.274474,533
39,110,15,16.317233,709
624,91,6,2.356908,165
454,280,7,1.079905,477
630,607,15,14.192633,567
131,264,14,5.167379,300
10,658,9,7.868937,720
423,332,7,10.337342,874
22,553,12,8.194561,899
651,532,7,3.254182,940
557,606,15,13.179468,1167
482,61,13,0.251690,283
194,548,16,2.993960,204
435,0,19,18.591860,406
236,434,18,19.901702,695
569,678,10,14.132917,984
94,429,9,2.715156,616
658,475,14,9.567830,1190
116,170,10,15.884956,816
324,736,20,4.698436,858
654,663,9,17.930167,496
700,529,13,8.289714,119
73,101,7,18.592832,157
430,330,16,6.862563,643
696,409,13,6.189426,707
103,376,17,7.076757,975
610,324,17,18.136727,408
687,494,9,10.854440,1109
100,217,15,8.840456,623
223,127,12,9.490253,646
36,165,8,17.710252,651
572,26,7,10.187623,674
510,587,19,9.858122,965
27,580,10,19.119381,1088
88,566,9,0.081438,557
302,574,12,0.386511,247
519,50,13,11.795384,165
239,598,17,15.488438,978
387,443,8,11.471257,272
46,179,10,14.384388,259
313,585,9,3.793503,809
406,442,19,19.661754,560
135,346,15,5.225795,247
20,465,11,4.436836,312
418,657,13,4.218623,427
714,17,7,19.547100,1146
396,50,7,12.673571,114
649,694,5,17.569773,744
326,702,18,18.500071,696
509,288,20,16.524763,559
187,143,9,7.847575,1100
613,231,13,6.174209,943
93,170,6,11.207499,290
443,122,12,1.150278,575
83,283,11,2.674492,150
354,247,18,20.322806,239
60,96,18,20.373340,1056
95,621,14,7.119241,658
196,639,19,10.539964,260
155,518,6,9.846027,891
668,586,10,0.552350,150
527,333,5,16.267393,423
103,600,19,18.242830,902
358,327,14,17.492849,941
635,524,5,6.221366,170
133,673,10,8.259661,831
543,605,18,4.796997,1180
618,383,15,9.798200,713
446,103,8,9.330106,623
101,170,13,5.828232,937
97,195,9,0.598392,137
54,3,16,1.197395,1043
683,186,15,4.046562,412
304,717,6,3.806482,293
547,744,16,16.142545,222
575,345,20,18.531000,1006
691,212,6,15.091205,1133
93,657,14,13.262843,449
639,416,20,7.277894,941
737,462,16,13.300780,961
321,426,20,10.241918,845
467,284,15,12.050081,542
226,69,20,3.550047,552
308,651,16,0.420630,238
58,599,9,3.115199,224
507,48,17,11.552786,1117
596,237,15,18.595875,885
694,200,13,15.123299,399
573,49,15,9.588083,1105
333,226,7,10.570872,120
14,663,17,15.522792,509
509,329,12,16.612063,1029
483,187,19,4.281253,938
272,16,11,2.785426,1174
538,41,15,9.270881,1070
213,714,11,20.199063,441
116,729,5,3.831385,428
281,616,19,19.885161,339
212,377,7,20.175921,858
47,177,12,19.129119,585
203,84,17,10.711088,170
243,104,9,9.798706,868
731,521,8,18.352208,1030
387,582,11,1.602202,658
178,64,9,16.975048,1054
119,685,17,5.819844,111
633,48,20,1.798212,705
141,418,20,15.367914,174
738,51,10,18.114151,578
365,74,13,19.069599,1168
239,465,20,9.446082,900
438,678,9,11.237265,603
18,269,8,5.829046,694
597,485,6,8.372015,936
484,238,20,12.734888,678
516,328,20,20.129359,890
623,192,15,6.599735,922
726,578,5,17.455712,298
54,123,6,11.863599,724
400,722,17,16.516603,344
408,565,18,15.178815,1007
471,359,17,1.821286,761
626,660,19,6.459249,1147
519,624,7,16.635046,510
725,571,8,11.564673,739
40,640,5,1.627559,469
111,283,15,1.823404,527
488,696,19,4.396609,1163
129,378,12,15.049867,234
590,298,14,9.270964,221
321,193,14,1.873943,385
546,105,8,18.719692,1030
379,515,11,3.235445,747
313,162,12,18.798467,269
679,85,8,16.888769,175
91,93,15,1.396228,155
122,632,16,6.824849,998
286,57,10,18.008682,573
380,203,6,2.438873,395
71,730,8,7.139503,562
528,231,6,15.152487,649
717,548,14,1.087633,291
502,723,20,10.367462,542
115,195,11,5.891971,862
44,148,6,6.331389,763
72,28,10,10.880308,137
193,373,14,20.449665,1140
84,157,14,3.504517,484
437,481,9,18.052538,929
499,494,20,1.772723,1145
78,717,16,7.392516,790
577,715,11,0.385007,978
8,229,13,19.877645,789
202,359,13,18.252650,579
640,611,11,9.019780,676
530,287,16,4.596784,595
686,150,17,14.461701,804
480,203,18,6.652603,791
454,672,12,16.695412,958
563,43,12,13.136463,877
745,47,9,1.249309,729
71,745,14,11.175770,188
131,40,13,5.145048,564
235,605,10,6.045780,198
573,201,10,9.262164,547
27,187,18,4.644197,637
451,189,19,4.085338,510
615,342,10,15.766962,498
28,36,7,18.402603,953
546,395,7,19.984965,699
617,148,14,2.227303,383
601,513,11,18.939325,799
138,7,9,6.374707,711
677,123,8,7.651747,909
265,560,10,9.426653,339
326,37,12,5.891311,929
372,706,13,13.042296,203
473,217,8,17.244410,1116
655,215,7,2.922724,171
93,64,15,10.786545,1035
720,260,11,6.095861,499
326,60,17,5.421024,268
73,184,17,13.743531,334
675,165,17,10.316807,481
744,687,20,19.304029,968
517,71,16,19.116108,345
170,161,15,12.270388,346
502,580,10,10.240929,689
437,551,11,11.729093,483
45,129,11,17.603925,350
578,205,7,8.724502,202
2,70,6,15.762921,550
627,264,15,3.338859,266
17,521,19,7.157105,230
168,482,6,2.646378,956
609,639,19,5.764568,1161
554,378,18,7.231330,456
371,201,20,10.319121,798
734,393,20,18.480490,564
118,724,8,17.038908,593
52,278,17,15.595814,340
595,362,9,14.148267,452
34,569,20,5.191799,512
145,134,19,2.427945,268
350,436,18,4.919901,915
682,210,17,1.803475,125
507,352,5,10.060966,663
568,14,12,14.200626,1188
95,304,8,6.226076,231
514,228,13,15.459594,162
422,39,8,7.928466,197
643,51,7,4.619496,612
639,485,9,0.143482,243
513,47,15,20.229306,1082
636,707,14,3.174010,954
747,30,12,14.383065,119
71,747,11,11.450955,1033
423,133,6,2.385137,130
300,654,14,8.780691,838
49,443,20,7.943872,139
413,15,15,18.633258,1094
7,409,8,1.475122,288
339,295,13,18.567724,1108
706,105,5,13.048351,610
577,230,7,6.499901,454
357,373,17,3.950124,1028
562,502,7,16.189455,141
560,453,6,12.347949,395
427,554,5,14.075844,392
602,657,13,14.467480,354
718,31,18,15.035800,117
80,658,8,15.416444,298
198,66,12,14.966359,927
742,356,6,7.318988,209
506,140,17,3.884026,872
645,252,10,5.755120,747
621,68,12,18.058252,117
133,357,14,8.857056,434
382,9,6,0.120279,992
125,261,18,7.618008,147
610,78,15,15.507619,324
151,291,8,13.633309,1193
173,579,7,3.229081,383
345,342,18,8.712600,648
514,218,18,14.947567,478
432,198,18,19.201794,463
663,129,20,18.347867,1043
96,181,7,8.934858,1174
628,300,17,3.941651,597
506,297,12,8.402240,459
84,10,6,1.425774,536
436,277,12,18.018202,552
505,2,5,18.378621,433
704,388,16,14.414635,398
586,56,15,5.267157,821
335,620,8,18.888259,754
168,712,20,12.239461,759
581,589,13,18.738630,312
487,461,10,6.940980,809
371,524,13,18.460604,1069
745,53,11,9.302465,729
479,443,14,4.800338,1157
651,560,16,10.295815,757
378,643,15,13.160225,618
530,515,5,7.002824,1019
676,574,16,10.948527,885
131,692,7,12.800894,1168
530,658,14,19.303827,938
624,176,18,9.323267,487
552,701,12,19.878302,1185
457,30,13,14.693389,889
335,350,17,6.608942,659
383,61,6,16.177453,767
136,644,20,18.333688,124
310,5,5,13.334495,548
385,598,18,9.675503,985
6,693,20,6.716944,519
628,226,10,6.862668,537
412,151,10,18.244580,589
269,112,20,6.082676,693
264,450,8,11.793318,418
740,286,20,8.414514,517
617,176,7,9.008778,341
81,0,10,6.443814,301
1,634,12,13.812774,936
441,194,8,0.367757,245
737,206,7,9.139348,763
223,214,17,9.141933,705
333,110,6,14.004826,1088
254,291,8,0.454359,175
748,571,11,10.299169,228
590,588,7,2.856381,114
677,7,10,7.211644,302
435,599,17,11.193853,475
230,185,18,4.642465,1116
354,183,16,2.825311,140
431,524,12,2.540174,962
495,745,16,6.773785,943
564,45,16,12.681464,504
222,341,15,10.136512,1125
230,732,14,5.592467,1032
713,658,9,6.751263,278
26,693,20,2.510400,1021
400,107,9,5.751185,885
325,85,14,15.795162,378
352,169,15,0.576760,344
408,714,9,8.717831,936
566,690,13,5.562139,369
740,400,20,8.588336,284
299,237,13,3.651657,308
384,62,14,4.496706,637
535,98,16,6.980440,225
412,696,8,11.939538,1165
279,136,20,15.536404,1013
225,589,20,11.813518,539
210,738,18,10.358706,780
505,279,18,9.432644,351
237,270,9,6.732457,739
185,339,12,4.899711,208
746,310,11,3.482714,824
128,334,10,2.312675,846
234,432,12,7.864856,212
228,428,12,1.819645,562
210,154,6,9.477167,940
116,13,10,12.040473,996
571,420,12,7.102723,1015
246,582,17,19.943630,848
287,691,18,14.867917,349
51,12,11,9.014769,854
290,82,9,2.525785,891
280,121,15,3.978817,716
440,364,12,17.022314,322
624,94,14,3.292917,1037
678,42,18,15.277296,780
501,528,14,12.421151,1015
103,703,14,13.042405,806
570,169,16,4.114216,662
738,69,15,14.177281,974
57,157,10,4.051465,1022
465,428,19,18.706543,1168
299,351,18,9.045123,912
136,492,14,6.939342,159
576,661,19,6.033290,946
585,542,9,20.423773,784
401,79,20,19.815903,191
133,703,5,2.506417,1111
206,515,19,17.476874,1122
524,395,14,3.895344,923
455,101,7,11.294939,1185
400,437,7,0.860504,216
346,621,10,4.185552,373
496,11,17,10.000113,239
257,176,15,3.722273,814
171,498,5,19.636518,427
149,270,16,6.591632,243
697,277,6,14.693049,1171
100,359,17,11.198582,798
533,243,11,15.206389,845
287,449,6,10.499391,1069
702,169,15,13.780359,1099
675,122,14,5.572361,791
686,503,5,2.405870,877
560,105,11,11.340216,557
635,78,18,9.165399,126
619,378,19,16.453102,1166
292,388,8,3.516899,188
663,707,16,6.910317,934
350,668,10,7.465038,886
111,187,9,16.631679,470
258,360,8,3.277352,969
289,417,5,8.798917,775
175,306,7,0.601974,439
624,274,13,2.528881,390
10,113,14,15.082926,398
201,51,6,11.867787,857
167,118,19,13.379028,108
98,11,17,5.757412,644
23,286,19,8.915590,630
181,625,10,15.109784,943
576,300,17,20.294472,957
316,229,12,18.478260,319
150,402,9,2.402580,748
705,587,5,4.663413,601
571,727,13,10.091535,307
59,75,17,5.501392,130
361,61,19,4.423305,360
85,256,15,11.508703,431
632,280,17,11.617363,117
175,74,10,18.300056,169
269,28,14,0.333874,267
737,452,19,2.006153,592
67,85,13,0.375818,1104
506,258,11,18.597217,527
304,427,15,15.414330,567
667,177,16,10.305860,236
730,48,12,15.260574,359
585,591,13,5.956009,397
737,685,11,4.771038,1094
36,27,12,15.242611,760
65,23,11,15.247170,395
260,543,9,2.394038,948
509,146,12,17.226514,256
605,572,6,4.263258,165
448,164,19,18.716756,626
146,9,13,15.023331,1031
162,96,14,16.407814,143
675,697,17,6.749789,766
278,206,5,13.756517,339
53,70,18,12.622212,136
160,82,9,12.959013,1183
197,458,15,13.687621,1002
582,576,12,8.693682,816
184,584,6,18.672078,721
2,343,8,1.337866,612
718,116,14,13.368551,390
385,692,12,12.721109,646
36,672,13,10.808443,1182
228,43,17,17.322324,221
24,550,10,10.597288,1144
633,463,11,1.679310,710
65,267,12,17.734781,304
293,231,16,13.998573,220
102,342,13,18.203206,772
497,248,7,12.430413,549
15,484,14,7.074873,254
34,235,9,5.845484,297
592,289,15,2.950948,938
313,551,15,14.626191,658
536,547,8,13.450783,145
609,494,10,9.661152,880
748,724,19,14.300053,808
169,434,8,2.937707,715
497,638,17,13.604109,759
495,155,19,4.886041,491
130,681,17,6.125853,834
28,649,9,2.151805,118
168,572,17,8.029802,342
468,577,14,1.834595,885
351,210,5,16.370123,233
154,631,12,10.483216,348
407,622,9,4.453303,741
555,380,8,2.989893,271
749,517,6,7.980658,357
549,658,16,2.948495,553
353,518,9,14.386323,517
474,709,17,4.764076,845
193,109,16,1.549970,358
719,744,10,19.470877,881
608,226,16,16.689979,549
94,191,11,16.106543,598
150,572,7,17.404385,973
653,436,17,2.316474,1150
175,215,6,0.767130,644
243,210,19,7.206015,1093
682,615,8,12.036940,674
607,428,9,14.265019,905
29,603,12,13.322824,221
571,580,19,2.405319,352
583,366,18,14.964597,100
518,667,15,14.726213,1089
23,232,16,15.843019,185
0,468,16,7.417789,1030
183,380,6,19.494421,442
392,699,13,14.315753,441
715,229,10,5.586627,1152
68,25,7,6.424418,200
28,315,15,14.494902,314
75,162,19,4.104496,162
365,589,10,18.060106,1099
115,33,19,17.786231,124
268,83,10,4.412405,1040
223,622,5,0.043765,257
31,692,15,0.699934,154
663,160,7,14.439852,376
570,177,13,17.074892,383
374,128,19,11.450298,905
366,1,11,16.727395,811
59,469,18,15.372526,679
405,594,10,14.378617,157
681,4,7,7.696747,946
384,71,17,2.614519,474
570,197,13,0.641946,244
628,459,7,16.521007,325
238,273,5,2.721700,1200
396,601,6,7.260249,712
119,597,20,14.731632,1021
717,503,7,5.049602,329
155,602,7,6.552416,846
295,554,14,4.302997,271
225,300,20,17.057396,507
495,368,14,7.805292,588
563,658,13,15.702184,317
681,572,15,20.314622,786
477,116,6,0.801550,430
330,668,7,5.847907,945
103,632,11,2.614703,788
415,318,18,6.429494,766
419,228,5,5.758391,1139
102,585,8,8.395499,357
390,522,20,17.336725,1154
474,308,10,6.432349,452
682,568,19,17.344146,395
664,601,12,20.067777,888
351,313,8,2.312506,887
425,641,6,18.731894,229
174,47,20,1.305001,748
270,306,8,8.745698,764
703,38,14,11.072372,751
699,509,6,10.521280,1042
143,58,15,6.723093,107
31,250,12,16.652889,440
223,480,16,11.943152,987
190,147,8,12.115835,859
198,326,18,0.861881,1012
285,690,8,8.846271,529
577,267,5,0.130563,424
662,477,18,16.324063,775
152,351,14,9.120621,1037
591,341,20,16.663753,345
199,399,8,13.616179,899
541,633,11,14.139222,287
20,671,12,9.781209,301
288,735,19,12.678606,328
302,653,15,12.841377,772
531,137,20,0.939521,595
519,315,18,12.447337,826
611,89,11,5.063315,933
317,273,20,7.924458,337
449,420,11,17.863904,298
148,406,19,0.803074,836
423,287,6,14.604833,605
423,349,19,14.021937,158
307,31,10,11.816264,978
499,210,15,13.908770,313
699,497,13,14.010537,788
18,419,15,19.304563,753
716,175,15,10.941765,126
454,153,16,7.499687,158
402,501,13,1.931751,463
664,702,13,15.139303,914
65,471,8,6.146857,292
15,9,8,9.400421,121
650,558,5,4.356197,853
664,183,10,6.969290,399
250,197,17,7.904711,1007
353,649,9,4.375904,1028
2,509,12,17.123735,709
16,362,16,9.111876,881
546,660,13,13.064231,789
201,308,17,6.584403,309
361,216,9,15.766050,828
550,575,15,14.963524,237
295,57,11,6.381515,1046
452,333,11,7.183576,707
495,397,16,19.419051,245
180,42,13,11.299024,829
151,347,17,0.052028,663
142,522,7,14.687001,847
597,696,17,17.714919,659
44,512,12,0.254543,568
621,711,6,4.158295,1093
94,465,20,19.409725,753
527,710,9,14.431104,875
548,441,16,7.876930,678
456,350,20,8.450384,988
509,79,15,19.727807,449
127,288,13,0.272058,1153
212,438,16,0.460251,679
545,634,19,15.022461,703
162,360,15,15.260723,802
166,555,5,8.410791,643
206,203,7,19.726703,534
252,249,17,16.797289,621
504,617,8,11.864825,670
241,341,12,16.272286,204
453,562,20,2.947673,993
636,680,6,19.792310,818
482,267,10,1.287188,1073
392,53,13,12.063121,793
680,521,20,3.291544,1108
224,736,16,14.499602,545
710,453,13,11.570332,229
186,180,20,7.207293,180
366,642,14,3.118410,1145
581,664,9,5.969150,777
330,618,20,14.176417,1197
247,435,11,1.098697,995
115,499,13,13.969786,516
749,543,15,16.262679,877
337,354,19,7.436544,1128
516,618,6,10.136658,511
183,742,18,19.931130,577
28,493,7,0.021656,101
165,232,10,13.168418,119
392,597,11,13.529943,686
76,278,19,18.114711,1158
76,370,20,3.201106,846
319,378,8,13.241926,862
269,430,6,20.059953,331
746,683,11,17.973727,1066
105,645,20,11.362080,635
133,448,9,2.125071,411
403,652,18,9.744307,1024
84,0,8,2.902769,1118
379,441,15,9.481097,597
721,12,5,6.585183,113
579,736,10,6.961610,1082
534,187,11,12.775420,359
603,43,11,17.352933,839
607,383,10,4.452893,760
283,690,19,5.170112,905
4,715,5,4.723196,697
746,531,19,12.336563,256
711,85,19,6.919945,583
71,286,14,0.618888,386
650,415,11,16.734891,552
89,38,14,10.485755,1183
242,559,14,14.720938,995
735,729,5,19.602820,413
659,675,10,5.463384,1088
642,469,5,20.018140,319
601,588,10,10.179927,185
681,515,5,1.589770,158
421,311,8,18.789080,1169
240,49,17,10.325316,299
200,695,16,16.467931,993
370,330,20,3.419138,1065
591,577,9,9.877624,752
16,423,15,14.376560,191
568,220,16,14.561777,401
228,94,15,1.329110,681
40,67,9,4.790321,922
32,621,12,3.213862,513
160,163,5,2.578365,1089
671,507,5,1.817915,664
631,373,6,6.716519,463
704,166,5,6.084865,1182
440,411,19,0.807619,189
276,180,8,6.306822,760
570,383,15,13.127046,861
461,441,8,7.452756,520
30,269,18,19.423562,384
663,518,7,2.889285,448
96,132,15,17.780312,866
383,160,5,2.000411,591
701,342,17,17.178839,363
7,455,20,15.268383,1042
744,22,20,0.098401,338
498,397,9,0.758844,846
568,578,9,7.601200,382
417,340,10,13.236548,1048
643,465,6,18.105236,566
335,520,11,6.143351,771
147,255,20,16.955313,184
589,685,14,19.995214,931
396,665,9,15.546679,1009
311,340,16,13.793873,516
432,706,11,14.893309,638
246,247,6,18.688474,217
277,394,9,18.622289,1094
555,365,16,17.647625,639
51,628,6,6.401124,1100
585,361,12,0.901649,962
69,337,17,19.529280,1034
370,392,15,0.371862,979
604,548,9,9.858591,256
372,587,6,15.845004,221
271,260,16,1.151804,931
354,580,19,9.570892,928
97,180,19,17.181231,782
238,661,10,2.908051,888
339,450,20,19.615311,847
183,682,11,18.710793,442
488,83,6,16.959332,699
441,396,10,4.529018,661
146,458,19,13.947788,1037
288,713,19,14.212402,215
289,308,13,6.704870,531
636,330,17,1.439092,367
17,731,12,11.095665,435
355,694,14,5.809426,298
25,471,11,13.044871,1069
658,392,13,13.626789,280
332,394,13,4.804580,514
150,607,15,2.416398,567
19,103,7,6.479535,256
150,396,13,2.057079,774
228,705,14,5.842872,734
545,130,14,16.589695,241
377,642,15,11.780468,1042
363,62,5,15.126388,536
342,446,5,7.897104,535
533,318,8,17.369192,807
584,164,5,0.499655,898
331,250,16,5.025099,1168
95,279,6,12.862706,111
303,553,20,9.032017,348
200,442,9,1.298962,999
243,240,14,11.525478,236
657,528,15,7.744189,454
531,683,12,13.611279,421
279,471,13,15.645081,881
566,237,20,12.911404,343
41,531,7,12.977958,785
550,490,18,15.793603,1043
453,477,12,12.841059,393
380,254,11,18.616672,827
248,290,12,1.808880,356
209,330,17,11.319785,925
163,517,17,2.829058,309
106,521,19,5.096906,923
293,343,6,9.375298,532
368,682,19,13.599508,601
612,501,14,19.707704,416
33,574,16,18.479254,1123
269,334,13,19.367033,470
366,116,10,9.835912,504
65,273,20,0.475566,676
33,720,11,5.746034,769
550,62,13,4.638077,618
52,540,13,11.777955,351
394,295,10,8.429305,175
12,66,8,6.703883,129
26,735,13,14.765129,963
93,590,17,18.925085,368
41,339,11,8.411290,731
660,391,19,20.224244,1194
347,272,14,0.590312,471
707,86,11,5.987665,994
732,247,18,11.043066,518
722,610,11,0.514388,894
532,692,9,18.664887,1052
259,747,12,8.694709,355
150,368,12,18.909043,980
536,615,15,10.983830,176
732,330,20,1.421347,719
33,616,16,4.088279,270
643,721,16,5.850821,402
249,417,8,9.356946,778
325,312,13,8.773018,1033
134,123,9,2.467456,1124
195,38,7,14.612256,262
176,305,14,12.257778,671
194,614,20,15.505682,102
17,503,17,11.844268,838
389,415,18,1.869730,1073
250,264,19,14.688463,794
637,248,5,3.604653,932
555,285,18,11.678058,1080
320,277,20,17.661826,763
375,34,14,1.728578,762
542,180,14,15.612327,804
252,474,13,9.779754,876
736,332,15,3.852809,819
719,688,18,12.663888,322
140,131,10,3.504058,131
617,435,19,14.548952,745
128,439,20,0.435265,745
254,491,13,4.904525,289
285,548,12,4.784103,758
604,111,10,12.293701,193
74,384,6,19.462857,118
230,234,18,1.020685,213
422,404,11,9.816116,914
204,504,20,9.598137,112
218,146,9,3.715030,112
233,74,13,9.991881,1123
649,321,11,5.290933,563
235,10,5,9.006954,432
294,469,15,8.188312,1059
284,376,6,7.447323,163
148,475,7,19.703864,796
575,132,19,8.977298,883
549,703,19,6.583573,570
153,143,16,12.215679,478
435,443,6,19.557684,611
417,472,18,2.252907,106
707,567,6,19.826295,742
350,569,6,15.590648,137
674,388,11,13.648859,1030
455,289,6,7.524535,260
591,426,14,18.846482,486
110,361,20,9.667759,979
61,608,12,7.274426,691
408,348,6,17.971159,564
311,430,12,9.462668,366
612,404,15,2.249018,420
269,305,16,19.687975,942
379,415,13,16.509790,491
623,40,17,20.215004,1139
239,29,20,3.869128,646
311,570,20,17.288049,367
326,340,15,10.509414,833
541,446,18,0.711889,556
593,133,12,17.648742,335
81,528,10,7.727878,1048
669,234,12,4.788419,569
569,128,18,12.733618,1064
614,110,5,15.618747,715
477,465,12,13.551416,447
573,130,13,7.951799,1198
265,651,14,5.821120,1068
478,662,10,16.318873,948
152,169,11,0.456977,321
123,495,20,16.265798,534
87,140,19,14.500421,787
175,517,19,16.466593,1070
4,588,17,3.273475,794
6,419,7,1.440049,296
448,382,10,14.813392,760
601,149,5,3.399731,251
203,154,20,10.713166,1124
669,637,9,13.925404,105
711,524,11,19.727217,605
377,172,9,4.602685,876
64,260,19,12.106057,1023
265,607,19,9.445000,363
679,334,15,18.221048,885
434,555,13,17.539608,480
524,237,10,5.958566,1069
415,200,13,16.139320,637
569,458,13,16.866766,1159
329,560,6,5.788258,1066
47,90,19,16.396247,179
466,65,12,2.308480,363
528,285,19,0.312045,388
709,129,16,4.525595,627
386,369,7,19.358565,1200
540,550,13,3.439347,678
361,119,11,1.773052,1183
493,438,20,7.077939,1166
52,537,17,15.365865,425
749,467,10,20.229371,333
529,89,14,4.607742,1060
458,691,14,3.099556,805
395,579,5,9.145809,192
737,570,18,0.981616,926
463,729,6,8.815281,774
151,168,11,6.638584,478
720,82,7,16.292605,158
478,680,16,6.845817,897
46,25,13,6.248483,1188
724,284,17,8.420193,661
358,459,15,14.215849,461
583,420,18,11.551770,117
128,420,20,19.054158,637
450,279,17,14.607609,352
507,227,11,14.923049,1098
203,256,9,17.395222,1107
557,512,5,2.369645,1073
664,115,18,14.959866,367
669,662,5,1.384781,886
295,454,7,2.133960,104
450,235,15,5.292325,148
331,342,9,8.453263,1178
525,657,15,11.584057,963
636,242,15,0.504841,106
511,306,20,6.989710,486
520,334,6,4.135294,772
735,388,6,11.906077,416
397,292,7,5.338393,129
131,173,13,2.609430,741
522,562,10,16.189817,1138
594,484,16,0.654009,495
2,684,19,15.406221,810
261,93,18,18.691909,893
320,256,9,5.526726,826
139,713,16,18.346932,525
682,420,10,6.216950,205
256,242,11,19.640277,498
492,299,13,10.857809,350
334,747,20,6.079004,565
297,140,17,2.472220,917
625,687,13,17.473428,388
118,559,19,16.208459,984
522,708,5,18.745873,632
247,21,20,1.767030,205
148,299,12,5.776682,1032
26,470,7,5.310646,895
578,315,19,12.432493,582
527,257,5,0.440104,775
202,19,17,17.220356,458
108,392,15,4.038677,406
170,491,18,17.167019,347
604,173,11,4.239587,345
479,267,9,6.367780,1094
322,287,7,17.423531,552
78,15,7,12.484501,746
250,681,5,13.451366,601
216,419,10,14.947209,568
75,582,5,9.037403,918
438,66,18,7.043263,513
456,53,7,16.581031,459
620,489,9,17.388627,312
146,377,11,3.089739,548
623,388,19,0.203989,898
696,241,6,2.298882,714
668,538,15,18.116018,321
581,132,16,5.836441,403
278,143,12,17.016728,317
158,289,8,10.221696,1013
499,113,9,1.758598,808
412,569,14,15.912636,390
643,598,18,2.429295,1172
219,125,11,18.232536,793
554,747,14,5.438281,939
559,0,17,8.153250,410
517,433,17,3.948176,1084
91,287,15,2.470130,487
481,151,9,10.639283,894
41,148,6,19.442690,904
610,136,7,16.892680,305
582,101,6,17.117138,414
592,647,17,5.370413,866
414,142,6,17.234485,792
119,0,10,18.613657,1018
302,2,16,8.733229,266
420,19,17,19.324186,814
719,609,5,7.899373,477
46,531,11,18.865527,350
575,331,20,11.837651,211
22,185,16,1.894616,485
43,415,8,9.619106,442
163,455,17,18.668784,764
315,222,17,14.536008,718
87,471,10,16.351268,581
227,581,18,17.751692,575
627,451,7,13.178421,139
428,518,12,0.860797,755
233,10,5,1.498862,1120
271,297,20,4.291974,292
64,487,12,15.384869,836
503,113,17,14.910440,241
219,43,16,0.548091,1082
353,91,13,0.436128,418
645,292,10,12.002160,766
466,58,10,9.538807,952
455,471,11,20.425477,580
481,564,16,2.524645,667
692,84,15,18.871713,431
220,302,8,15.833899,285
198,258,15,15.364138,474
87,88,16,11.586863,1175
132,431,7,7.336737,578
714,264,19,11.323802,871
583,72,13,9.385345,705
662,562,7,10.865255,1160
439,286,5,8.446559,433
678,682,19,13.553218,1179
666,538,12,3.351443,203
245,299,19,15.757346,362
214,356,15,19.150033,527
341,719,13,15.640674,232
688,595,14,16.350467,1186
264,351,5,14.149024,152
483,297,13,19.123135,415
187,203,14,9.894050,885
664,705,13,11.084738,236
322,163,16,2.422246,1069
746,627,16,17.584814,779
24,730,13,11.518561,418
466,51,15,2.308730,355
733,683,5,1.241546,310
405,389,11,17.742339,729
591,94,19,2.785840,392
121,320,11,20.043209,978
332,368,14,16.761625,638
383,153,8,15.653344,601
696,338,19,11.087543,1097
340,186,9,4.884790,504
119,192,19,4.369946,650
399,215,19,11.934666,510
526,34,12,15.837001,368
362,468,9,9.026111,1055
404,198,16,3.262025,1108
566,261,10,6.211070,505
256,252,6,16.266763,908
717,624,9,19.047575,648
366,420,15,20.125287,882
419,668,12,7.115233,127
720,738,19,10.994821,418
602,252,18,6.530578,199
340,157,19,20.138563,992
159,104,19,0.751804,343
658,514,20,4.516858,655
340,158,5,11.003272,110
725,122,14,15.934678,1148
628,528,11,18.787180,1053
686,346,20,12.093902,741
212,348,11,18.848880,1154
410,357,12,17.598406,233
22,678,19,19.992997,1073
148,384,16,12.069702,1117
459,129,5,7.813735,623
617,300,6,0.363621,385
506,184,15,1.432213,178
660,238,16,8.562184,781
504,293,11,17.657720,854
283,451,20,0.781119,248
137,53,9,12.232213,559
590,58,19,10.365155,1169
517,746,17,1.914883,489
53,339,13,10.191544,969
329,570,19,1.565960,910
488,316,18,2.372479,600
498,42,5,4.616500,439
418,140,6,11.572873,881
437,334,5,3.629287,434
470,670,16,17.001664,420
7,16,18,7.259861,515
66,719,9,18.593032,1161
591,634,15,11.308073,204
660,553,12,18.810326,757
48,167,20,7.755697,230
745,40,16,2.427706,562
637,24,5,19.210912,387
697,96,15,4.795723,140
545,17,16,20.456876,793
423,156,16,9.653176,298
395,727,8,10.105469,480
121,640,7,7.103295,503
493,667,9,14.161812,393
106,107,14,3.448650,209
132,418,5,10.614256,1065
341,542,17,4.602020,397
210,291,7,5.116716,285
396,562,6,0.683343,766
715,544,11,1.406148,541
647,128,5,12.037063,444
615,748,19,5.746898,1133
72,605,8,13.394870,951
600,33,16,7.011022,189
373,589,9,4.206953,609
351,90,18,11.153191,192
638,56,20,4.123394,1037
213,264,19,18.384528,1054
40,418,20,6.812456,902
157,6,11,4.317729,472
436,388,15,5.974406,816
721,436,10,14.781202,176
551,106,6,8.964722,1117
329,283,8,5.347323,976
746,229,12,16.294305,233
26,692,14,15.403246,881
441,748,18,0.434617,979
744,503,19,16.772532,1154
419,506,10,8.386045,763
136,242,19,0.354237,417
199,352,13,11.428673,973
175,99,17,11.847589,811
613,409,19,7.013401,690
248,190,17,3.935099,851
468,330,18,12.251953,375
189,35,6,9.602806,541
724,331,18,11.010168,198
446,47,7,16.266293,1021
296,646,11,9.460927,557
721,563,7,3.441795,1122
342,274,8,6.276002,295
339,676,15,5.787969,640
744,746,11,10.985642,515
266,545,10,16.473555,347
502,425,19,16.426926,597
209,526,12,18.318576,255
445,231,12,4.342752,907
125,530,7,1.230801,714
626,117,11,9.001535,576
553,480,18,3.346768,716
171,161,5,14.984709,333
574,475,11,1.265998,634
747,624,16,6.014083,684
710,264,19,16.868638,567
115,157,16,7.753610,1056
260,662,6,13.177304,428
515,552,10,4.935597,761
658,28,15,5.971728,591
611,425,15,11.915850,1043
299,515,11,7.424924,611
1,248,6,17.699664,1065
116,89,19,10.876018,561
126,495,6,18.950208,1036
184,427,19,1.211695,457
693,244,14,13.621844,373
746,282,13,3.409839,950
636,606,7,17.425734,214
616,327,17,11.290167,337
12,187,16,12.460713,747
536,32,13,20.001139,861
117,613,15,18.991521,987
459,528,14,16.733559,1022
150,578,17,14.272491,879
44,350,15,0.356565,423
249,707,18,17.200482,666
564,69,9,4.374023,569
385,306,17,0.271644,970
438,186,7,19.308269,1172
732,370,14,15.574498,567
496,8,7,10.474534,698
237,168,17,9.203840,511
677,78,5,19.633450,144
39,166,14,7.333409,811
598,536,13,9.814349,430
44,747,19,0.830142,307
497,285,8,19.730809,630
714,684,18,8.482178,1085
285,632,9,8.072831,375
573,161,14,15.158258,784
608,685,12,7.151545,258
76,468,14,20.256319,913
432,126,5,19.567595,1086
190,391,18,15.161170,169
395,525,19,5.137253,344
126,316,10,16.327040,853
57,524,19,10.824756,665
503,542,7,9.769058,694
742,189,15,12.538008,1131
723,591,8,17.188701,660
202,60,13,15.576831,628
325,115,10,12.668774,203
615,10,11,5.368041,511
302,374,19,20.204932,555
601,745,15,8.730263,863
415,47,5,12.901518,354
55,413,13,11.683446,796
182,10,12,17.812085,922
266,499,20,0.066140,907
116,392,13,17.137252,403
13,547,6,9.932281,888
567,351,16,4.771227,552
657,579,20,17.113737,607
631,440,9,2.988051,131
67,378,14,3.721928,969
496,118,10,10.218915,1099
241,715,16,6.555536,966
595,437,8,1.319825,888
429,28,13,19.830833,733
524,260,12,4.415094,439
368,280,7,14.656526,1124
43,662,19,2.340975,803
684,340,9,12.411329,715
356,480,12,9.164032,589
432,730,20,11.764609,367
256,432,5,16.177851,930
690,578,10,2.285307,982
202,294,20,2.029724,396
332,455,16,13.615892,439
712,363,14,10.966453,479
595,250,5,14.000217,310
129,565,11,2.825926,257
268,176,17,2.798715,830
625,187,11,16.695527,498
638,630,10,20.210296,894
121,741,15,11.754050,221
544,685,10,6.184129,159
18,68,14,10.478612,537
664,32,16,2.304435,891
394,120,15,16.695219,113
652,221,13,19.675842,603
331,5,7,17.089547,1062
580,346,9,17.276219,597
546,20,19,3.528329,957
127,57,19,14.910739,108
41,127,11,15.460454,701
389,118,12,17.970647,382
728,199,9,16.849057,1169
113,630,6,14.747350,699
736,274,12,13.392122,685
681,712,12,18.680231,236
701,715,6,19.957455,867
549,592,14,17.365462,377
619,504,15,19.677830,484
46,92,15,4.183539,858
5,222,19,15.467380,498
283,96,18,15.132687,581
355,434,11,13.531937,825
147,34,6,16.313486,301
146,12,17,8.989658,989
204,651,12,2.715744,811
6,629,5,9.453756,1188
631,561,19,16.754984,223
46,202,11,13.084317,510
310,393,10,14.764932,955
518,216,16,10.207471,1162
512,217,19,17.602960,500
581,77,17,13.475576,539
322,344,13,11.469436,843
348,547,12,12.515857,1023
246,537,10,12.033776,598
545,489,17,5.024438,665
195,629,13,19.841186,875
95,339,7,13.338097,552
553,139,14,6.504556,364
586,46,11,2.594272,1177
469,30,12,6.624436,1177
689,88,7,18.006003,580
526,276,17,3.864505,230
433,141,10,8.704185,774
15,498,14,14.593678,936
300,565,10,19.770493,392
677,477,11,10.373893,456
279,535,17,10.235563,118
7,260,11,11.349921,231
704,582,6,12.093759,1167
309,539,19,7.992200,809
585,608,19,7.490178,114
298,201,15,9.038191,1185
405,605,19,14.513181,681
569,59,7,9.618477,774
488,457,17,10.296381,490
348,734,7,1.557418,963
160,167,7,19.084359,136
190,412,17,4.211617,1150
221,701,20,16.379053,667
92,541,14,19.787881,876
293,349,5,3.972239,508
514,613,8,0.865426,1128
171,146,6,9.171103,616
726,455,14,8.237810,195
158,562,14,2.067125,405
256,155,18,16.992475,148
725,598,16,6.750082,414
219,557,20,11.420255,766
468,282,9,17.559235,1187
231,482,20,15.651237,563
717,289,13,1.042841,666
186,632,20,14.161774,1054
551,588,19,14.870143,243
610,252,20,1.376532,844
403,539,10,6.307287,147
492,288,7,8.136043,807
319,742,17,13.807640,306
400,221,19,15.190601,128
730,108,10,12.719527,663
589,180,7,12.010250,597
346,206,11,8.102688,160
233,237,11,9.586334,801
407,63,18,18.864816,361
105,96,16,12.459512,531
201,56,13,10.898984,1121
492,736,15,1.123418,141
466,559,18,12.307710,920
481,590,20,9.721695,1187
150,714,16,0.186691,591
355,271,7,2.310890,1138
726,727,20,15.158903,472
140,376,7,9.120194,434
687,75,8,13.534191,113
393,446,18,16.789633,356
729,502,8,11.928476,820
217,457,7,14.695873,140
232,504,9,4.797778,172
590,268,6,8.255934,635
248,640,18,18.074999,420
377,715,12,15.235884,897
116,286,7,14.904797,873
278,472,18,12.153737,375
49,292,6,4.477563,173
520,632,9,8.095322,1195
323,641,11,11.572098,994
563,688,9,10.820425,249
513,628,19,16.726877,409
224,569,9,7.555972,965
184,56,8,9.415765,558
509,558,20,11.100760,220
379,34,13,16.295872,217
244,577,10,9.308552,719
164,244,14,19.585070,167
167,344,9,1.779401,571
672,329,20,18.195081,1049
94,193,15,10.658551,584
484,344,15,11.403947,632
615,711,11,5.768872,482
43,727,17,8.449854,732
150,221,5,3.251256,177
190,220,10,5.587349,579
402,665,6,15.936159,146
731,167,20,14.522823,1032
378,680,13,13.640743,574
434,521,11,1.701694,1012
102,465,10,17.745336,639
510,628,6,8.950686,113
515,147,17,18.834167,948
734,615,11,4.384368,723
166,370,13,7.579118,301
474,501,19,16.538665,841
214,680,7,5.906395,187
443,87,14,3.636949,116
667,465,19,15.110178,871
140,649,7,19.289743,269
65,237,7,12.671349,863
153,681,12,0.938815,757
637,715,8,2.041264,799
176,306,14,17.024046,233
488,198,18,0.301343,290
67,559,18,9.138942,867
313,589,12,1.065670,225
287,404,5,7.990491,916
531,627,9,2.070605,785
348,366,14,5.390738,822
207,558,6,20.498988,779
467,364,12,5.825724,603
62,469,10,8.461012,857
554,338,14,1.863602,1171
308,93,10,16.738419,707
91,350,9,8.248464,265
343,111,7,6.967920,347
214,627,13,13.129888,532
196,691,12,19.702830,300
48,535,12,9.814639,614
476,31,15,6.677945,972
210,3,14,10.669924,856
376,102,19,14.513239,225
731,484,17,6.872490,538
8,707,10,19.287308,949
281,74,7,3.046971,440
209,525,17,12.859701,1146
8,374,16,0.097366,257
466,302,20,9.196165,906
514,164,20,19.944871,412
720,83,18,15.294842,546
548,329,12,13.448978,1087
240,401,12,11.593405,1042
239,188,7,7.372543,1106
552,393,10,12.476803,855
288,671,5,13.524906,439
620,112,16,8.616463,229
542,516,20,8.343709,298
213,13,11,18.536358,262
372,147,16,3.888860,1073
229,703,15,1.423929,443
703,554,19,12.256848,968
691,382,10,6.027332,381
248,610,7,7.720336,865
551,322,19,14.974070,534
230,308,12,5.889735,1167
431,472,13,17.028216,459
604,527,20,0.939685,409
40,547,6,19.478823,1109
260,710,9,10.462787,1158
159,542,7,7.664591,168
312,246,13,3.469504,995
23,633,10,17.045219,712
220,431,8,16.909876,771
667,406,12,9.897344,643
276,195,11,19.581248,875
322,142,11,8.126536,467
444,649,6,19.768417,1074
608,416,16,10.378794,171
489,379,17,15.972371,1074
360,712,11,12.542461,730
615,175,19,14.638813,618
37,434,5,13.627967,326
668,549,10,11.746685,795
651,363,11,16.561700,790
561,368,19,10.825859,224
526,524,14,2.347407,725
443,48,5,3.310355,816
730,340,14,12.421574,428
457,705,16,7.484285,770
578,634,6,7.568270,967
38,498,10,8.628734,793
624,196,13,12.214906,1076
344,602,15,1.496772,940
280,312,13,6.746545,404
159,176,5,11.112840,989
204,74,15,15.917842,870
665,123,12,2.165245,137
174,315,8,18.065897,382
353,369,9,16.902292,775
318,76,5,16.600943,530
21,140,18,4.844522,272
414,89,9,9.587188,264
145,560,12,9.261843,1081
27,22,18,0.683052,1102
132,221,9,1.158224,429
664,655,15,10.271931,1136
254,506,11,10.012419,261
197,638,20,18.003211,371
282,238,17,12.787148,437
319,372,17,7.877045,679
505,512,11,19.576534,148
296,600,16,14.778591,1015
337,673,19,6.166521,587
33,577,14,16.639925,425
238,695,13,16.870493,280
290,545,20,12.111898,274
367,406,12,2.598427,295
264,278,8,0.582262,617
259,243,13,15.040308,1010
431,137,7,2.013804,259
37,131,15,20.021554,556
71,558,5,13.082968,189
627,717,5,15.041452,791
107,76,15,18.710977,1141
249,510,15,6.183347,121
218,649,20,12.354728,936
316,349,19,7.959144,139
542,594,18,5.819119,279
42,495,9,11.044763,1176
405,50,16,10.828988,884
6,620,18,11.649196,661
533,103,18,9.084615,789
137,468,14,19.447240,328
472,291,10,4.563773,593
371,365,6,11.272526,124
683,33,6,6.985165,857
663,311,6,3.163875,1197
326,524,11,4.808452,466
35,383,20,15.646369,1115
705,600,11,3.624473,335
53,157,7,17.762823,637
506,495,12,1.063104,1122
740,5,7,6.304106,1133
455,283,19,2.270935,307
217,745,16,5.681646,746
525,409,19,2.447801,1125
342,208,14,10.691442,891
658,35,19,7.231762,526
253,0,13,18.887221,424
441,414,10,9.903992,401
190,435,7,13.927536,567
412,23,10,0.566960,622
607,608,15,9.712930,1107
171,627,10,15.115245,586
169,745,16,6.629019,298
425,593,12,18.809262,906
379,181,5,14.642433,299
657,723,16,8.267122,818
718,274,14,17.834633,126
171,527,18,13.751983,837
75,721,9,4.226674,435
598,22,10,4.408240,818
490,428,19,6.599114,427
54,296,7,7.539119,146
523,235,7,14.214166,271
704,399,17,16.578919,400
670,173,5,9.530064,1125
354,226,9,2.500040,600
702,191,7,0.054351,542
431,487,15,1.879209,843
315,298,17,12.830586,737
533,602,19,18.236199,1159
579,391,17,10.692655,165
196,90,6,3.805344,769
379,6,15,9.049730,425
156,402,10,10.455751,561
652,79,8,18.259244,928
652,605,19,5.095120,138
734,198,13,9.814932,350
247,490,9,5.361736,834
709,178,7,12.152827,1113
480,524,16,19.473037,262
479,442,19,20.196381,953
123,167,9,17.437796,518
558,444,12,19.900889,983
693,578,15,0.386679,728
365,88,14,0.988721,1020
138,658,11,16.581798,222
574,593,12,20.419115,398
311,179,13,12.824795,1116
532,138,15,18.522465,889
416,134,16,9.162817,347
394,673,10,1.215834,770
696,745,13,0.314159,214
195,415,6,8.319170,1116
39,506,5,2.193996,741
511,94,16,10.407827,1020
733,377,12,17.348045,770
502,2,13,15.973816,1068
707,84,8,6.180539,687
582,357,17,2.800056,610
591,662,18,2.893352,748
71,316,17,9.668560,726
15,497,13,11.169913,898
408,350,9,2.064717,333
258,734,10,12.261989,235
365,386,15,11.146559,396
486,303,13,19.164810,1072
278,515,17,20.267154,798
605,42,16,17.160255,1015
429,324,8,1.966744,1025
103,670,9,13.661334,812
120,121,7,11.932286,649
1,87,20,15.220467,747
515,383,19,8.699686,373
135,475,7,18.665516,1106
600,162,7,0.579164,402
292,141,9,8.096762,927
245,705,8,1.935169,897
361,99,14,17.624130,1156
319,209,17,11.021691,497
47,567,16,6.216615,670
188,450,6,13.126084,766
342,646,11,10.589372,452
26,218,5,9.510601,998
126,428,20,17.067354,1192
490,599,6,11.849842,282
212,538,17,13.920573,858
273,261,10,13.056625,1049
198,515,18,2.950697,1196
240,349,6,11.189028,691
747,263,17,17.919102,1138
125,333,16,6.467890,534
436,288,14,0.038770,523
590,393,14,16.392439,973
73,603,6,18.105514,1150
85,96,18,4.365533,874
47,189,8,9.592438,926
390,92,8,8.378460,536
199,143,8,16.139145,162
626,196,12,20.235642,900
173,266,7,0.960992,412
546,392,20,11.726233,522
30,497,7,15.741175,623
589,538,20,11.786120,734
180,193,16,7.761360,1068
183,610,13,10.639226,166
515,217,20,8.865048,708
195,481,6,8.393472,931
501,349,19,2.953286,461
308,689,15,0.367201,555
610,256,12,12.957465,788
262,576,8,11.500947,448
559,622,16,13.098051,298
437,692,10,2.992998,359
32,239,9,10.090539,948
504,599,8,8.723178,1050
200,655,11,15.613867,793
36,97,12,6.219961,572
320,634,16,2.074248,906
633,497,19,8.416800,1131
436,192,8,14.573102,995
379,70,17,14.989469,580
291,93,9,9.879132,632
381,524,12,19.130297,278
70,507,6,6.070855,549
98,272,10,12.473409,432
372,256,19,8.537901,903
33,247,11,10.040615,647
161,454,13,14.640895,1086
319,457,16,8.371336,1172
132,73,13,1.590958,382
444,427,12,1.664570,547
361,415,18,11.568528,1095
660,148,19,12.035550,358
144,535,14,12.733488,563
11,418,20,19.076398,1095
319,699,10,5.146909,1008
618,323,8,2.527821,271
13,34,9,1.409068,548
315,173,18,4.034906,361
231,265,7,5.350609,691
663,572,6,5.140070,163
660,363,12,12.082583,903
292,289,17,11.092407,150
22,558,15,8.459995,642
270,15,8,5.851357,154
373,524,8,0.049856,957
426,150,18,9.558699,526
193,450,17,14.707845,592
115,611,10,18.180308,254
254,452,20,3.271588,1109
590,260,6,17.801420,551
570,211,20,17.686721,942
391,26,15,2.436066,1163
501,696,8,15.018736,1016
342,433,16,15.310697,130
265,78,8,17.124799,878
49,171,17,0.643113,162
356,318,13,13.300944,611
217,162,13,13.162010,656
359,642,13,16.243138,492
516,86,9,18.351618,946
626,622,10,11.438258,441
441,415,13,19.650365,247
679,254,5,1.176042,803
69,595,10,2.777197,1004
590,175,13,19.711673,808
375,620,13,2.594744,301
713,639,16,20.306297,933
524,267,8,6.595285,357
735,687,10,1.258542,315
701,287,7,5.399022,536
572,612,15,18.071098,531
441,117,6,9.996131,296
463,319,20,11.115796,1013
693,660,16,14.018249,886
500,348,13,0.858284,1044
422,204,9,1.508113,579
385,458,13,9.261655,654
85,513,17,20.218759,496
709,56,11,1.915949,971
175,655,10,11.071820,293
143,714,13,1.970148,304
114,277,11,18.021529,975
412,81,20,0.750998,330
582,683,17,8.584291,1137
487,128,12,18.906882,641
717,169,12,19.541125,288
712,139,11,18.247089,132
305,396,10,19.347812,946
534,486,8,8.373130,660
282,721,14,15.732655,1156
106,237,15,10.012518,915
478,96,12,12.063298,425
94,23,17,6.247042,181
141,235,13,17.678402,961
303,298,18,11.462308,102
466,19,12,0.077246,469
453,674,13,8.727435,984
154,292,12,15.583991,299
638,92,10,9.212866,978
2,230,11,6.271261,554
388,611,11,0.233565,377
151,139,18,18.137088,675
78,727,18,4.699448,923
719,91,17,4.756415,664
642,43,14,10.619014,1185
86,604,12,16.067751,124
500,327,7,18.087048,861
179,136,19,14.736357,161
497,184,11,10.695445,458
73,441,8,2.604122,1043
573,633,15,18.158751,636
439,545,20,12.009660,570
694,96,14,12.937542,1058
672,604,13,12.794438,247
508,196,5,7.560080,192
658,131,5,3.732394,447
331,602,5,13.642690,751
668,358,12,1.940222,466
4,67,19,13.189431,108
341,508,10,14.206853,922
587,261,19,7.392855,1159
392,66,8,2.936574,542
106,268,13,4.862830,591
261,569,5,4.202129,514
41,695,8,11.077295,184
4,421,10,15.137392,148
254,680,20,13.839521,179
717,400,9,15.663712,822
157,87,16,9.577217,319
728,478,8,1.171676,362
319,341,5,11.381446,113
354,76,6,12.569677,340
219,435,13,2.963635,898
256,436,8,19.242673,846
62,450,5,3.702806,941
271,217,17,4.863916,507
617,563,19,12.511533,1009
546,563,18,11.088363,154
511,87,10,17.434839,998
599,135,17,16.242295,775
429,114,11,12.648175,763
87,248,6,1.610621,868
518,363,7,7.664824,208
195,441,14,0.565600,966
537,498,6,10.498728,393
162,82,9,2.233355,260
481,17,17,2.203875,883
424,544,14,14.681285,158
22,744,7,19.529115,1080
206,719,12,19.114577,783
673,301,15,8.906401,496
277,618,17,16.422530,373
507,32,18,11.492405,233
382,33,13,1.527182,628
328,121,19,0.523554,698
665,277,17,1.850216,437
723,39,16,14.267115,130
352,476,14,9.764129,1019
376,311,10,1.566566,813
228,208,8,11.943390,287
429,171,12,8.483058,768
316,665,17,0.711465,976
38,603,6,4.504907,1148
299,540,6,4.241166,274
741,119,12,5.932155,408
228,362,12,8.451132,878
330,185,19,10.105814,581
246,360,18,17.597867,569
698,343,10,15.113992,1002
615,92,8,9.368554,237
233,452,17,4.678916,274
421,632,7,7.611850,329
641,393,7,11.023538,627
12,596,5,19.874612,1073
524,309,11,4.249750,690
597,526,18,1.053951,330
696,673,15,17.032962,765
707,491,20,19.005174,146
301,118,14,16.766304,557
176,502,15,14.878562,1062
615,274,10,3.019113,1104
454,286,9,6.756284,565
315,181,20,5.426078,932
460,230,8,4.862389,309
465,328,20,17.286359,790
17,220,19,8.869986,1172
593,324,13,8.975816,472
174,480,11,5.358528,478
32,388,14,19.317357,856
262,45,7,16.640538,531
479,229,12,18.975229,580
475,155,18,18.522621,490
273,288,9,0.203313,735
571,186,19,5.408251,1088
454,313,11,8.177344,561
467,318,16,7.396356,843
524,499,19,8.380704,452
181,36,10,1.617977,1120
488,329,5,16.094055,567
201,370,12,0.769091,1182
149,534,17,12.019830,143
183,697,5,16.078247,689
515,329,5,20.296689,395
505,211,5,5.104055,591
63,322,18,3.746604,287
576,94,16,13.080740,1091
240,290,6,6.913123,563
640,493,20,14.932913,1033
549,659,9,13.768139,553
352,320,16,4.022562,808
497,446,17,10.938782,153
734,76,11,12.295631,304
528,352,17,0.234972,132
393,475,10,5.310587,528
65,703,19,15.827390,127
572,662,10,15.760702,1197
446,274,12,19.373489,773
138,699,6,19.455858,125
280,394,5,4.390140,1070
601,256,18,12.728247,776
703,289,10,20.107858,392
624,489,6,2.926199,292
566,571,19,3.733353,852
102,716,5,18.508756,374
601,544,20,16.065040,566
118,93,19,11.865966,859
610,401,7,14.553217,779
727,137,8,6.033245,899
404,132,5,6.913266,984
710,551,10,19.880984,353
733,27,12,5.734884,778
474,328,14,15.921855,291
312,624,9,6.032167,281
45,20,6,19.826762,366
603,583,13,10.214551,1152
413,411,8,13.030440,744
412,681,11,7.761481,1024
533,241,20,4.344683,262
550,174,20,14.090776,1157
419,675,20,16.322090,112
496,473,19,10.482769,322
571,129,18,16.620184,751
53,273,11,10.591590,608
10,467,16,12.654275,892
161,370,12,12.624566,414
639,703,17,1.409566,876
570,593,7,20.478047,981
565,413,6,3.402523,468
361,198,8,5.332420,852
601,168,15,6.403984,209
739,140,6,15.877313,484
211,104,14,17.375595,628
554,599,12,8.189568,631
658,487,19,20.483049,1134
127,200,13,9.525213,752
395,490,17,6.070667,604
564,213,18,8.322271,708
397,687,15,0.821785,806
722,629,14,5.976478,642
521,300,5,7.172529,890
514,398,15,12.813263,1063
212,717,9,3.902442,125
214,17,17,8.831149,686
686,484,12,9.524476,352
2,498,20,12.615159,1146
225,72,18,9.994584,948
537,591,10,20.486490,733
192,626,20,9.585992,820
566,107,18,8.251542,355
138,156,19,7.740570,1046
222,495,14,2.925947,1164
40,27,7,4.711342,1021
640,438,18,15.119623,957
611,446,8,16.751209,688
425,337,6,7.736852,351
575,401,10,16.415842,619
697,701,12,19.823858,1045
386,737,17,5.706874,475
646,64,15,6.239590,502
637,133,6,1.911303,920
715,583,15,9.717687,252
177,670,19,15.426214,905
299,14,9,1.514881,1183
327,93,15,9.214976,119
553,675,5,1.584034,1072
112,670,20,18.797378,446
385,68,11,12.505778,203
208,133,9,12.165361,306
741,502,11,14.782490,107
706,637,6,7.641338,483
415,125,6,7.918059,270
181,692,11,5.774380,481
196,351,14,4.688344,460
21,662,15,16.635432,194
449,693,19,15.524487,399
66,39,5,16.483997,651
491,517,12,5.460660,770
418,295,16,8.151263,1191
637,726,13,19.248440,711
216,56,13,5.683866,926
534,510,13,4.885586,495
665,537,19,15.300242,953
546,560,15,11.047389,659
708,562,5,4.857144,999
181,122,17,16.305300,315
174,345,11,4.678402,261
203,101,16,19.297758,710
81,542,16,2.479875,424
434,747,14,8.906016,172
113,544,17,19.770801,1009
167,306,10,9.636372,807
555,269,11,20.280370,632
470,195,20,8.636925,628
61,564,7,6.558818,747
679,150,18,18.089522,585
379,300,9,13.906791,898
195,354,19,14.032262,740
244,412,11,1.480678,328
727,653,12,17.676296,1020
8,152,14,16.759142,404
733,461,19,10.935570,1107
401,120,9,18.753857,1040
364,582,14,4.358773,1052
66,480,19,7.496283,688
570,87,9,16.521285,287
7,443,7,1.441047,768
569,354,17,6.617173,1021
356,154,5,0.015262,673
58,187,11,9.306747,820
567,631,12,13.138300,717
367,327,7,19.396368,385
427,104,9,1.757489,928
275,76,13,9.702964,189
303,124,11,7.900855,865
335,369,17,4.626106,341
20,140,6,4.495477,1144
271,415,19,4.512513,1017
26,13,11,19.263037,265
601,667,7,18.157807,1094
190,206,19,15.999310,1158
339,583,19,13.597834,667
106,615,13,4.920662,536
112,593,7,5.329563,808
358,24,13,0.158100,170
284,695,11,14.482784,1200
183,736,20,19.275548,627
450,240,8,10.779661,525
718,717,16,8.817919,100
424,506,5,7.048224,178
532,570,18,18.507134,788
573,434,5,6.058366,394
172,387,18,11.118318,1158
167,82,12,19.327918,263
536,628,20,6.064576,450
179,400,17,14.311675,345
209,425,9,0.525273,1168
47,193,8,2.769955,1136
276,110,12,19.176676,215
735,415,13,3.563572,1188
534,459,9,9.483517,1057
301,555,10,10.189273,516
610,578,17,5.316364,230
421,697,10,19.883357,180
319,5,5,17.711084,596
210,472,15,14.158967,683
428,169,7,3.993525,912
229,75,7,11.588516,894
262,124,10,11.956034,881
484,423,18,15.662909,681
572,467,17,16.092043,434
570,397,9,3.971247,893
249,683,14,15.121090,602
292,725,8,14.937154,799
374,39,13,17.015480,1152
408,559,11,1.570463,235
80,234,7,19.769760,762
567,687,19,4.234607,123
233,556,8,4.432420,378
265,660,7,10.330610,348
155,122,18,7.633878,407
235,471,19,13.096889,698
499,194,13,13.171596,336
386,137,15,10.137416,130
350,175,8,10.892862,474
679,177,13,11.425638,1102
603,300,8,0.339043,889
364,711,17,14.245564,511
699,520,11,6.804698,987
641,607,10,13.216092,340
665,57,15,2.315298,942
246,343,11,19.847543,1200
25,92,10,15.291513,496
475,344,7,14.830420,1190
726,515,11,19.466474,786
117,417,12,20.214388,827
176,12,5,1.982616,1092
721,581,9,4.741611,665
733,475,14,18.671646,160
736,714,12,4.475913,863
634,26,17,7.599439,360
306,572,6,10.122962,766
172,701,13,10.157325,404
168,5,13,7.620167,294
724,597,16,11.155307,1060
36,173,12,0.834203,647
321,163,14,17.115072,158
433,135,13,14.430613,423
464,452,13,10.995710,966
155,321,14,1.262675,518
145,722,9,7.472248,286
567,628,10,16.447154,285
558,330,8,0.135954,767
491,402,9,17.446684,338
540,35,7,18.988820,854
207,549,5,17.187461,270
423,290,12,16.495075,415
249,197,13,8.274331,335
674,215,9,18.274804,373
435,473,10,3.066927,264
534,247,12,13.615974,540
329,696,12,15.494905,180
533,604,17,18.601962,295
286,636,16,13.406102,223
189,134,8,7.165164,177
444,717,15,2.418096,266
382,358,14,6.376707,251
504,330,15,5.244139,510
59,118,11,20.016740,820
221,123,13,12.958646,779
444,380,8,8.599472,960
725,487,7,11.245591,832
561,659,8,16.711617,582
504,214,12,5.296707,934
337,610,10,7.974053,515
11,322,7,10.227130,996
181,655,19,10.610286,712
278,520,16,7.685375,1021
480,229,5,20.374588,742
633,231,5,2.756839,284
593,687,11,18.719665,669
27,490,11,13.215049,1067
516,615,9,18.474166,676
422,25,12,20.093349,787
361,338,13,7.467978,488
636,391,16,19.856553,727
547,240,14,5.699984,1114
438,319,7,5.336015,501
525,654,7,19.682448,789
118,739,20,6.176187,554
707,411,10,15.077751,384
437,62,6,5.319601,112
110,230,6,7.423232,1064
301,440,8,13.011627,433
227,345,7,2.301435,959
46,394,15,5.646214,737
711,170,7,17.157560,1064
110,66,6,18.206929,847
625,251,8,9.575542,764
552,439,16,11.900304,656
729,719,13,4.289591,1086
73,411,6,4.453356,923
444,592,17,5.664189,576
240,680,19,20.249570,580
678,197,5,13.260400,350
106,171,11,4.431677,586
677,697,12,16.098282,378
581,283,20,7.033520,1113
125,393,9,6.225772,741
18,441,12,17.978140,347
199,48,19,1.070139,175
542,434,6,9.678366,1133
748,480,11,4.583781,302
99,472,13,1.386006,259
653,514,10,3.251312,706
133,490,13,2.761923,615
689,173,12,5.120150,265
572,123,17,5.561606,380
735,579,16,11.300322,878
137,608,20,8.603455,367
347,701,14,5.060592,395
423,12,20,1.736803,684
35,731,8,8.184553,726
171,402,14,1.741461,390
188,330,20,11.169912,1066
339,442,13,16.453865,993
326,570,19,15.506624,677
696,497,15,13.097041,585
383,163,18,4.982694,1029
94,611,9,2.088399,1018
491,388,12,1.998357,878
276,559,16,17.773470,561
33,401,9,8.921390,1130
635,391,19,18.537896,207
510,126,13,17.968738,333
654,60,17,8.948198,939
372,627,9,14.663467,1173
420,454,13,11.976772,883
422,197,5,14.823111,976
719,687,19,13.673439,395
351,282,18,0.982782,565
440,387,18,5.138142,173
130,136,5,19.446710,686
417,502,11,10.971618,422
86,88,12,13.415550,744
285,326,11,0.814872,962
396,453,16,16.170501,790
65,229,14,16.502904,1169
368,521,16,17.017020,872
578,580,11,5.110280,255
365,132,16,10.960094,1044
183,625,5,16.507690,1092
283,564,15,19.925875,716
738,649,9,2.739146,1091
238,683,6,3.463369,626
720,143,9,16.241531,476
696,568,6,13.445187,1113
466,735,20,15.368046,290
27,40,19,11.037695,710
648,461,7,2.421745,1059
512,361,9,11.434244,377
164,137,9,3.645545,560
245,270,14,5.794606,153
160,307,15,0.542000,1103
138,288,6,11.766847,1051
427,76,8,0.581597,492
731,745,19,2.480959,1100
193,326,11,9.116476,667
86,678,5,8.298822,277
415,77,20,10.376825,639
385,659,7,9.199177,257
156,649,14,18.190433,1027
93,167,8,0.686315,881
201,268,8,2.919095,820
23,84,20,13.216500,740
243,415,19,20.000401,792
359,726,13,20.164417,175
259,453,19,7.035310,799
733,653,20,9.570988,626
267,579,20,15.980990,351
650,554,5,15.507611,477
489,322,15,5.305852,1199
180,693,5,14.958497,968
418,397,19,20.113148,1084
174,125,8,7.316822,568
589,114,16,4.970455,1105
275,92,20,5.290223,877
222,471,9,1.058909,886
725,397,13,19.946203,614
225,594,17,3.361076,1092
527,690,5,2.130115,670
160,217,13,12.604437,843
19,720,9,17.666240,178
76,731,19,3.535087,381
482,418,15,14.528583,1200
239,672,16,18.443540,718
450,11,9,1.407932,767
28,615,9,18.708812,994
151,521,15,0.448358,1027
695,696,14,12.256276,196
256,444,8,17.186644,1176
688,381,20,2.754006,239
734,738,14,15.391742,743
538,209,7,2.787172,402
318,371,13,10.226317,1096
41,39,5,3.772657,752
482,285,20,19.465232,424
248,443,19,10.550405,701
318,442,18,11.287395,1031
435,644,6,11.296017,773
153,148,10,8.407105,286
221,251,10,12.801284,675
355,20,5,8.129323,505
429,135,9,1.235199,814
260,535,12,17.394077,580
88,326,12,0.186793,413
150,735,6,13.100705,619
56,138,13,3.130775,263
293,193,14,15.041122,380
674,313,14,6.758152,753
743,724,14,13.832148,610
86,303,16,19.275677,608
596,41,7,3.534402,724
397,684,14,14.986618,123
744,549,17,17.930267,1106
52,494,5,16.557693,698
105,320,10,3.246204,336
322,389,18,14.503312,343
707,229,14,13.666896,239
498,684,10,15.380385,452
140,260,8,19.608240,289
225,745,19,3.375150,364
180,397,17,6.180284,856
27,526,20,5.956016,1044
553,326,7,9.824672,502
572,671,17,13.570672,905
45,727,12,20.054046,984
436,278,5,4.818955,253
666,632,8,15.909133,446
552,447,15,1.532578,806
555,695,16,18.153831,337
247,331,10,7.360011,533
578,210,15,16.542507,1152
186,409,6,1.211229,857
362,644,5,0.945650,149
235,547,11,3.259352,826
601,286,16,7.414670,381
101,213,9,20.405710,903
237,742,7,9.947318,956
82,489,19,3.002138,1143
323,440,9,15.797069,852
313,562,14,5.728631,653
164,47,10,16.964824,457
251,127,18,16.241675,656
179,225,18,11.145951,330
270,586,8,17.181753,1162
704,665,13,2.371508,576
340,197,17,8.342783,784
91,391,11,19.594943,812
408,499,13,18.744226,359
421,268,8,7.939869,940
200,180,14,19.402024,310
12,488,11,5.877479,1150
458,84,10,13.868959,297
88,62,14,18.290786,908
286,361,6,6.108455,584
392,728,20,2.211043,952
551,677,14,13.567245,320
239,687,10,0.751334,795
233,5,13,15.702964,483
521,595,9,20.473731,625
129,524,6,12.936649,128
522,178,19,13.370873,932
452,231,19,17.343246,223
100,238,16,6.944893,973
392,69,18,13.064395,558
93,612,12,19.505781,1011
482,744,20,6.993950,107
550,394,18,0.483535,769
230,295,6,3.663390,490
713,216,17,4.479566,188
556,268,5,16.190360,1124
164,496,5,18.630451,581
340,231,9,11.294446,615
222,565,5,4.468395,876
21,118,18,17.398720,798
219,479,7,12.370360,283
55,707,7,20.201021,939
306,411,13,5.666695,888
271,475,7,14.421770,882
358,267,8,2.072642,777
583,267,17,8.565039,479
51,263,19,13.134805,1080
690,346,8,8.549089,838
534,484,18,19.004547,171
508,466,12,0.268988,561
20,667,9,11.135302,777
546,695,20,9.941882,523
561,498,19,19.951370,353
578,614,13,10.287252,479
263,357,8,7.136535,1100
312,128,6,19.042817,872
541,261,10,12.955573,857
317,595,8,0.381618,100
69,177,19,20.224096,1151
43,478,13,2.304229,785
615,258,11,1.640788,443
259,389,18,14.374722,1059
467,65,18,5.286258,869
467,278,19,12.083301,633
668,369,15,3.787218,867
4,274,16,3.554725,539
464,567,14,14.223680,251
145,280,17,18.178156,505
31,522,17,19.576763,361
665,344,11,14.101231,126
241,605,13,19.321391,144
680,186,8,15.035569,853
528,109,19,6.290916,995
351,4,18,11.248927,824
414,617,12,17.440602,1083
58,600,6,14.445586,418
594,372,18,15.553971,309
584,459,17,12.814160,725
672,393,17,13.117597,170
110,592,5,13.496036,264
549,540,13,19.451415,1073
132,502,5,3.656836,560
472,731,9,13.785707,630
326,335,17,7.815070,436
742,451,6,7.789956,402
465,44,9,12.724613,233
205,275,16,15.763817,996
574,72,12,6.354237,451
394,736,14,3.041733,1167
555,646,7,3.509232,160
344,27,20,6.918537,237
203,309,19,8.738204,485
578,633,5,11.894022,518
687,484,7,15.988726,205
288,87,7,19.180190,1135
441,57,19,8.012016,943
406,617,5,16.574683,1097
274,256,15,8.143948,612
545,651,8,15.369762,1174
548,243,8,0.153305,981
54,228,18,5.505830,298
438,354,9,2.889994,118
550,152,12,9.945773,475
510,532,15,13.856189,1141
271,119,15,1.271328,812
27,210,17,7.607116,705
582,241,14,12.308022,574
324,237,15,9.457468,597
123,26,7,11.775368,775
414,23,17,13.586291,807
549,526,7,8.714915,348
300,189,12,2.415159,396
621,601,15,2.221496,539
346,118,15,17.669622,786
334,447,13,0.523818,521
195,45,7,8.907206,242
223,561,16,12.371325,753
192,597,15,9.629682,217
618,267,13,14.303796,989
200,595,6,8.785861,895
581,122,8,9.675242,745
290,538,15,13.349702,557
203,257,13,15.216055,813
602,102,9,5.927788,476
598,418,11,5.279676,789
11,247,5,11.015915,1193
274,267,17,16.130150,881
154,571,20,18.051373,749
548,726,6,19.442490,162
353,441,5,11.563164,426
30,472,7,18.320422,908
728,383,5,7.379464,412
447,638,11,15.897680,256
526,677,20,9.602330,814
288,431,13,4.522948,701
547,248,6,9.305981,319
28,166,11,20.493623,114
741,230,12,13.595417,745
479,5,15,13.489886,774
526,550,17,2.525113,652
290,387,15,11.348392,790
8,678,11,11.748453,473
558,481,14,18.961248,366
322,170,6,19.418573,893
329,577,20,13.244245,844
558,322,6,1.436529,851
512,720,15,16.563359,664
359,264,9,2.808160,831
684,451,15,13.365175,1052
208,38,6,17.041767,301
611,196,13,1.167313,800
557,114,11,2.136314,356
385,360,18,9.841860,275
403,91,14,18.782131,928
250,425,12,14.762196,699
639,450,12,12.347960,935
608,338,9,1.892444,110
495,533,15,16.914250,946
399,45,7,7.033603,605
230,46,9,13.245860,940
111,194,7,6.402822,298
490,462,11,8.454533,152
488,575,16,19.121125,358
115,331,17,6.092918,1127
397,321,19,2.549687,960
359,406,6,19.255288,1200
720,555,12,11.301865,944
698,587,11,16.681103,990
412,664,12,15.848237,1112
184,92,14,17.236350,656
441,682,18,14.836703,787
517,349,15,1.736976,915
696,726,14,0.043176,685
52,330,8,16.074510,808
656,282,12,20.182699,1009
695,692,16,15.400808,699
469,744,14,16.816931,1123
702,581,13,3.302825,586
57,489,5,12.954231,1138
238,166,7,13.556416,586
732,576,6,2.953257,761
331,745,19,11.300361,601
171,708,7,12.120015,144
675,272,6,5.014881,683
712,447,18,3.584782,333
630,737,8,3.894675,1023
575,95,16,9.710227,654
359,265,11,4.858554,360
557,275,10,13.251281,1045
636,513,8,3.886111,1170
51,459,5,19.230068,409
221,472,5,8.673811,855
152,1,9,19.784155,595
209,169,7,17.016306,657
467,338,5,12.375155,859
320,623,14,8.559428,112
323,200,6,17.903751,1184
647,464,13,11.464955,950
243,555,16,9.103090,622
387,719,18,17.182189,1184
242,636,9,7.942644,963
596,191,5,20.099233,1189
539,430,14,18.307533,290
96,176,17,1.189855,491
739,354,11,10.098256,238
510,267,8,15.605310,327
341,185,14,6.033925,1062
378,474,19,15.992971,377
342,657,5,9.943653,527
132,435,20,19.998222,904
185,559,12,18.167393,386
368,389,14,14.634126,795
227,711,19,2.340630,129
236,577,17,18.850990,803
719,309,6,8.136855,288
435,624,20,5.357267,963
60,78,20,14.187410,861
332,198,15,15.308846,718
40,93,14,18.549286,1007
396,559,12,13.536375,1001
575,558,20,7.083177,1193
472,312,20,11.726575,680
603,194,14,13.577907,171
6,267,10,9.964243,876
692,680,12,11.500327,112
217,386,19,17.560051,1074
286,270,19,4.410497,478
652,402,5,10.215220,634
587,727,13,19.169352,215
193,7,10,15.521273,298
159,183,17,2.610433,923
179,216,10,19.373273,1160
557,14,6,3.512255,969
483,564,8,18.465173,1010
141,23,12,19.696509,585
2,618,18,19.648903,247
137,341,9,3.818991,360
86,448,10,3.729109,342
131,631,8,15.917567,971
46,264,6,3.315883,229
136,60,16,0.700953,680
347,506,16,2.088180,186
338,709,8,14.259253,370
528,214,11,18.671456,947
260,206,7,14.146645,427
245,603,7,8.053339,240
488,315,18,13.138580,994
649,44,17,6.562532,702
151,649,16,16.868113,419
616,695,20,11.897308,131
575,91,6,1.084787,943
317,451,16,18.149722,839
409,226,7,13.517501,817
396,307,18,9.522935,523
566,1,11,4.904059,945
475,82,13,17.269939,744
668,589,6,2.501731,525
491,579,11,3.930595,985
391,512,15,18.897153,245
120,558,16,14.756165,1024
196,271,9,7.810053,528
250,536,16,5.224425,241
73,655,6,11.106076,880
81,587,10,12.984043,240
351,155,17,19.204038,772
453,323,13,14.815036,929
536,533,6,1.429640,639
637,331,8,13.803250,764
573,748,10,1.550667,1059
13,555,7,2.425520,710
152,478,10,2.460159,717
347,552,14,19.662681,748
286,395,13,17.991464,486
452,315,12,3.985352,701
413,175,7,18.823124,464
72,119,18,15.696927,334
293,367,15,5.603443,298
166,103,11,17.978919,824
372,603,20,11.722897,332
18,250,6,12.249237,367
630,3,14,2.376581,1062
157,189,9,15.121614,648
14,723,8,18.509581,433
137,707,6,11.998527,552
216,69,7,15.574582,1187
69,241,15,7.796589,893
706,735,20,15.798975,1018
422,98,5,16.137845,937
382,68,12,18.337481,863
644,140,19,6.589928,548
716,593,10,5.182951,1038
703,90,7,1.864573,1135
551,434,12,11.576037,1074
277,231,13,8.101561,953
739,422,9,0.584802,959
372,431,9,7.740782,429
420,40,14,16.033383,123
738,17,12,7.483415,955
667,67,16,16.134865,1103
401,469,5,8.254623,111
97,574,17,19.044397,479
721,351,8,7.710623,381
632,603,16,7.766109,846
711,617,6,3.313485,1137
502,137,15,2.273866,751
739,402,12,1.055235,1153
696,546,7,16.455402,766
348,616,10,9.956986,508
192,609,17,6.654847,450
553,583,11,17.793499,1018
302,690,17,2.869636,1147
692,443,9,2.296672,118
588,361,11,16.258948,624
34,557,12,16.396989,1064
725,185,9,19.116477,523
298,448,9,3.551028,221
69,380,20,15.671546,274
461,639,16,7.212013,1057
277,482,8,4.391667,690
512,111,7,12.534065,646
52,42,19,5.316632,685
748,499,20,15.968784,135
334,726,6,3.815612,458
220,40,18,15.121496,546
180,501,11,18.740972,653
216,574,19,10.299595,543
688,464,16,16.614450,988
355,590,7,3.609881,970
111,502,6,12.935438,551
19,515,13,7.490461,116
704,694,8,0.743539,744
2,125,14,2.080902,385
254,322,12,9.976052,905
689,242,7,19.270044,200
146,271,13,19.027150,999
409,730,11,12.445425,178
235,533,5,0.037629,1055
277,173,9,18.275086,1043
262,593,16,15.808076,432
377,578,16,0.938513,265
112,167,9,19.617403,107
256,110,6,3.192586,123
535,60,7,13.726186,746
441,258,15,11.982290,1146
720,670,12,6.164407,276
631,484,6,5.479631,1195
608,423,9,7.889576,234
694,24,10,0.559609,500
601,77,17,13.486110,237
643,455,5,18.701317,240
728,281,18,0.492646,922
308,181,16,3.055638,509
722,322,14,4.178164,472
152,741,10,15.675779,465
534,178,15,1.523505,274
496,44,10,5.211590,593
550,652,6,16.309357,283
232,360,16,12.776129,984
153,591,18,18.726698,228
540,401,17,6.708022,824
729,248,7,18.305116,179
43,244,6,5.018092,801
526,614,11,15.802664,118
366,432,7,19.885145,477
91,34,13,13.895125,1128
351,428,5,4.697149,1179
261,250,14,13.394045,321
36,404,9,19.681257,1167
37,346,12,8.340189,387
365,195,9,5.343700,247
278,299,18,2.078147,619
706,128,20,14.579389,922
124,663,18,11.678715,641
484,201,15,5.099742,715
243,665,10,7.655865,769
685,632,20,7.702092,568
600,552,8,7.180940,863
617,503,6,12.494265,170
513,14,9,13.780639,248
681,377,14,9.327478,154
598,315,11,0.964236,364
645,15,16,18.191522,310
597,309,8,0.796857,992
289,721,20,2.108159,990
697,426,16,2.796463,170
80,681,19,5.923627,577
143,42,15,13.571239,932
440,420,8,15.136805,685
17,40,6,4.871774,1064
125,191,9,8.618521,761
106,432,14,9.949993,810
250,163,6,11.291228,137
603,587,6,7.050470,225
494,477,7,6.756767,911
652,26,5,14.493797,759
502,305,15,8.259292,963
389,488,15,5.363439,906
664,620,20,0.737499,1044
225,236,17,8.752865,341
209,77,9,0.380972,451
323,590,20,3.746710,1182
494,602,14,10.371598,1018
737,185,9,2.395353,385
530,547,18,16.724095,183
416,117,10,14.494199,203
13,569,11,12.250076,823
350,251,17,2.214082,431
679,197,8,16.126008,1170
713,22,14,14.457473,470
112,504,20,17.197166,122
118,196,18,8.702119,175
79,728,14,12.484135,538
722,669,17,17.752020,206
746,497,18,3.326429,694
686,223,11,0.819414,315
52,503,10,7.894490,315
718,499,16,8.692977,261
203,636,12,20.058275,740
701,337,17,2.679048,1191
745,313,19,8.528690,289
111,515,14,8.497194,815
249,476,10,15.023001,132
473,16,13,5.448606,788
25,553,15,0.852635,736
406,718,14,10.593203,258
308,556,16,20.143914,590
493,356,10,13.813850,1080
671,249,20,16.623384,161
35,148,17,17.025305,625
196,430,13,18.410360,341
559,533,7,14.298948,901
321,623,11,4.308789,727
66,552,10,9.133194,108
588,386,10,13.196993,580
300,144,7,9.449490,715
479,9,12,0.033962,735
248,540,15,19.810309,1047
244,508,19,11.932508,683
388,359,13,19.001165,900
172,21,11,1.343344,508
722,218,7,12.003819,207
485,504,16,12.118375,540
406,399,17,6.728905,448
305,453,13,1.695184,287
550,45,5,2.751241,1108
722,668,7,3.864973,223
421,307,19,11.299491,352
280,458,13,15.532455,840
253,497,17,3.164489,750
181,562,18,8.332566,1153
371,247,20,12.189418,1166
416,517,18,3.991711,800
138,128,10,20.054535,511
601,543,16,8.947178,883
305,313,16,16.704748,1198
464,589,8,9.739594,947
395,708,18,14.335197,1159
429,581,17,1.270087,445
533,345,18,7.957290,434
569,272,18,7.591891,626
406,264,11,7.937627,426
239,120,13,13.629854,1193
123,322,16,13.439846,582
410,280,18,3.338936,893
600,173,7,4.080632,689
538,84,5,6.870554,692
508,716,14,18.678714,308
493,462,17,3.640093,835
155,352,9,8.363180,362
205,244,14,17.145020,537
409,26,14,7.647273,950
71,528,13,17.786390,1013
267,365,19,8.254040,375
329,719,18,7.214690,1027
492,251,6,17.080249,352
189,603,13,8.582514,230
652,649,12,15.459176,629
292,155,13,9.718871,110
452,366,8,4.386196,1074
349,79,18,4.928921,241
176,141,17,16.222252,529
74,225,19,3.131319,1119
248,699,18,11.591431,210
703,349,13,8.743818,174
43,714,15,7.558987,709
714,729,6,9.189519,1193
659,354,16,16.508236,1100
671,506,15,0.264377,775
400,89,7,17.887444,1106
511,217,9,13.764535,714
118,135,16,1.475240,481
701,275,6,15.514418,861
342,588,16,18.042326,1155
299,612,20,17.200604,1061
582,396,10,18.575958,410
83,560,15,4.893911,606
702,46,13,15.689363,1003
505,53,15,9.915661,798
112,448,9,15.876905,751
407,629,18,14.772668,772
581,150,15,0.433187,870
46,373,11,9.918091,994
742,88,15,2.032351,461
708,81,10,15.807094,789
521,470,13,17.671218,899
530,620,6,14.778571,358
200,14,13,6.740485,516
153,229,18,15.034118,272
612,507,12,18.058949,322
437,9,14,10.936352,881
352,247,18,15.179082,351
664,737,19,13.871549,439
178,215,8,16.395414,1138
638,290,14,9.174244,932
270,376,18,1.330195,1043
669,172,19,12.538269,563
115,284,19,6.626837,1077
737,184,9,2.504459,342
718,326,10,5.844170,467
11,363,14,6.936470,676
145,506,11,8.816766,500
379,13,11,2.473895,839
331,556,12,6.190354,626
296,525,6,16.873072,1172
218,73,11,14.048052,664
686,275,16,16.741372,415
311,747,17,13.363623,1189
181,115,5,6.493701,306
727,332,14,0.270531,687
102,668,5,6.199801,1174
502,498,18,5.987481,985
439,130,14,0.016021,337
655,308,15,10.631954,799
505,35,16,19.108264,925
202,637,10,12.949701,1151
529,689,13,3.758098,106
680,612,5,4.166739,1037
540,379,12,5.068814,672
536,701,15,16.262505,1130
489,629,16,20.305625,271
45,209,7,15.384732,577
511,711,13,15.720301,304
540,127,6,10.419253,845
367,542,6,18.981130,1108
279,732,12,12.097261,1092
651,302,17,1.393818,396
169,481,18,1.318756,917
308,162,11,10.535408,495
622,322,14,4.024715,465
593,278,9,17.556528,768
724,497,6,10.076776,452
729,625,11,16.317932,876
206,428,19,3.626933,665
654,676,9,13.012124,581
610,32,10,0.016235,1186
383,70,11,0.809458,311
203,486,5,8.917309,1010
407,50,15,19.275902,730
702,726,18,10.651232,583
509,604,6,20.284165,1007
275,728,15,18.530150,804
640,478,16,10.301415,119
715,86,18,10.817622,837
108,43,13,0.213533,919
208,723,5,19.647629,239
506,68,14,18.347297,1166
255,412,5,0.916956,520
179,96,20,5.781198,1151
449,240,7,18.161211,620
11,673,18,5.927020,358
36,274,14,6.027060,371
172,158,10,0.657353,206
460,461,7,3.419824,890
5,628,12,19.098375,726
271,529,15,6.542132,245
607,483,6,15.298802,1121
672,596,6,16.812836,668
264,174,20,17.396139,340
684,16,17,15.762903,356
369,613,9,14.368068,702
740,62,14,11.144712,405
435,411,11,3.743828,683
400,255,12,7.383088,603
599,93,6,12.273877,382
533,401,16,4.124108,1053
377,499,12,16.835222,542
247,284,13,4.780814,1060
266,328,13,8.119125,439
213,445,18,4.611599,628
127,458,13,17.222165,380
362,673,14,2.472844,1010
136,17,7,11.693049,321
233,325,7,6.550522,276
387,368,12,7.877048,953
242,67,14,4.614786,429
276,300,10,4.738325,775
692,456,14,3.649409,329
635,715,11,15.850669,1187
586,426,6,9.312696,202
229,437,12,17.062138,901
657,691,10,2.119265,344
157,234,18,16.502245,912
298,163,9,2.184480,432
123,488,15,15.253293,1075
662,87,11,5.309582,1017
89,114,19,16.402683,941
257,613,10,20.090875,1014
112,640,17,13.202774,467
577,234,15,11.854547,231
480,389,14,7.763892,201
340,638,8,7.215321,396
709,45,15,2.156023,1127
435,412,6,6.584185,589
628,283,14,2.543138,668
464,325,13,11.303809,387
595,670,7,0.531052,1025
581,634,9,4.356809,766
336,323,14,6.671633,308
377,128,18,4.614527,766
718,462,18,6.225754,566
166,260,14,18.906139,856
430,82,14,16.079787,959
143,389,20,5.528565,890
299,222,5,9.178497,482
487,97,10,8.124537,316
236,107,6,13.146731,236
218,543,20,15.799560,1128
38,622,18,8.031859,636
404,405,9,7.713882,897
423,442,18,10.522648,736
113,438,17,5.751793,751
235,430,9,10.055215,341
339,522,16,15.547267,266
451,282,20,17.473881,879
428,175,6,18.798225,766
720,563,15,13.746509,491
346,325,7,5.811991,828
254,501,8,6.464105,490
52,247,19,1.881837,250
377,503,9,4.198936,263
423,454,13,9.308377,537
14,677,5,19.284815,1150
415,580,13,5.794875,966
285,691,6,18.867014,132
371,681,9,6.344036,229
578,715,5,5.185343,304
66,657,5,12.732421,488
68,277,9,7.571858,767
157,71,17,11.772019,738
668,574,9,8.712820,541
721,339,5,14.037860,370
499,629,18,9.812138,371
620,718,12,12.494169,1034
118,668,20,8.810819,185
210,434,8,16.461101,1080
412,450,5,11.042390,892
145,77,6,7.349354,1047
524,148,6,14.505391,1198
747,719,15,3.444102,344
134,327,14,10.374678,766
704,110,11,7.345926,1187
308,5,11,16.431447,625
589,662,11,18.172462,608
288,579,5,3.809076,772
636,377,14,4.400923,809
645,69,7,10.149594,204
522,133,18,9.199963,454
489,374,17,15.030552,382
185,9,13,15.665878,381
254,102,16,11.432173,350
224,139,16,2.365772,355
580,70,5,10.141342,411
265,260,15,16.072623,323
529,274,11,3.398070,632
28,654,10,2.230001,1076
596,120,17,4.596844,556
363,197,8,0.073177,140
517,424,14,16.956210,1026
126,503,15,1.776903,133
404,216,7,2.510909,465
538,346,19,14.956437,1147
337,250,18,10.936912,604
186,455,8,17.454802,977
82,549,14,14.508681,1022
108,346,5,11.853084,1132
606,613,12,4.442892,112
104,415,12,13.598280,293
200,288,8,18.897286,480
338,47,9,17.924934,754
668,70,11,3.872673,979
640,36,13,18.827063,593
108,198,6,17.226118,573
597,282,9,11.450873,657
408,468,6,6.279888,494
248,213,12,6.421645,986
402,190,17,7.858048,986
596,504,9,0.482548,621
127,137,11,16.945501,1188
118,265,5,8.181888,451
587,49,16,11.191402,990
463,291,5,10.203729,218
71,479,8,18.644801,231
288,25,12,4.457244,1127
236,473,11,11.052939,1145
235,522,13,3.823262,221
210,594,17,16.463571,206
637,426,20,16.698194,729
220,285,13,0.717825,336
519,648,18,2.139418,135
170,521,12,10.053826,525
198,374,9,13.018489,693
736,325,5,10.200374,1136
27,632,13,17.063250,246
271,636,11,10.828347,161
382,198,7,13.411996,134
128,48,20,18.553040,234
581,738,16,5.569438,916
300,263,18,9.666042,773
739,595,10,11.400810,677
338,147,7,17.729200,648
231,12,14,18.962900,1094
85,549,14,17.316295,913
708,244,19,10.097069,163
397,625,8,3.767912,834
247,186,10,2.285238,719
18,164,20,8.432941,249
1,520,9,8.314749,949
700,171,8,12.735089,322
548,524,6,12.172655,915
551,154,12,8.192928,333
184,504,16,7.615463,720
173,77,16,4.298999,493
656,162,17,14.677119,1148
204,383,14,10.723843,889
464,205,8,10.974286,617
231,658,14,7.860698,889
736,677,7,17.967305,1038
102,524,17,20.396633,372
706,7,15,2.424144,287
634,651,10,16.138422,996
666,732,11,3.070463,603
476,594,8,12.294954,602
241,46,6,14.555526,950
646,231,7,18.888616,1106
321,202,6,1.793945,335
23,4,14,7.536803,1008
468,206,19,12.675890,138
453,434,12,3.737287,309
202,260,7,19.893033,1178
25,22,10,14.856802,366
437,36,10,2.871163,711
235,595,13,5.397796,497
463,321,13,3.315661,788
654,195,10,18.842810,724
337,266,6,8.807979,233
237,17,18,15.744775,463
114,129,10,10.700952,153
493,574,15,0.580286,707
21,518,16,2.772317,983
392,236,14,14.270367,642
563,234,19,15.606432,807
261,71,7,1.393376,818
502,470,7,12.072880,1000
649,88,5,12.973808,113
3,368,5,4.718161,950
14,64,17,16.516049,838
418,461,11,7.295773,972
398,481,17,0.826952,1019
37,594,12,17.634253,749
505,6,7,2.418737,107
241,398,14,19.437395,945
32,309,16,19.027407,760
165,234,11,2.346307,333
733,684,6,8.121675,743
299,41,14,17.404316,755
516,334,18,7.163147,233
690,64,6,17.899463,938
171,36,19,18.958054,897
728,69,10,15.132701,1071
204,693,20,11.539071,800
294,729,5,1.103778,1131
143,77,6,6.010935,273
84,550,16,7.408979,735
328,274,17,7.148978,899
302,360,16,14.880546,475
649,731,14,16.693909,1000
620,518,14,7.191450,650
550,683,20,18.286048,172
194,263,5,4.977306,355
465,170,15,2.780179,384
374,673,11,11.126476,634
582,332,6,6.452915,354
688,680,20,13.460217,1141
134,238,18,4.601181,1041
372,198,9,1.467205,451
532,577,10,8.170263,156
436,105,13,19.809532,960
102,461,12,19.154248,999
361,84,11,16.392537,141
310,526,10,16.115281,435
580,653,15,2.142108,524
735,101,5,10.011629,208
279,177,19,15.665016,841
562,454,10,7.388082,875
270,548,6,14.111865,867
391,513,14,7.786333,332
724,703,8,7.411591,1144
178,724,7,10.944124,398
248,206,9,12.438142,573
594,711,5,20.085699,1193
92,10,14,1.812731,757
454,421,19,0.493524,812
27,322,19,14.082543,1060
263,21,20,12.350198,931
272,250,6,12.534309,769
433,515,11,4.519998,1143
392,357,16,4.570684,420
697,540,20,11.981061,978
386,620,19,7.028946,1006
147,291,7,8.178452,702
497,271,13,13.947283,259
339,170,18,2.066838,1021
433,621,15,19.576042,497
485,91,17,14.586654,523
141,618,15,14.921087,790
495,475,19,11.585390,361
586,383,5,10.839187,219
313,667,15,13.209667,438
59,444,13,7.752144,839
454,202,5,15.146803,429
402,251,7,8.744183,341
605,629,20,6.835932,839
22,510,12,7.062728,221
110,453,12,7.507422,102
5,474,18,19.009590,1154
716,514,6,7.083666,909
550,211,7,19.753894,799
659,237,20,11.820617,1151
708,602,18,6.949677,816
118,344,18,8.547487,866
81,413,18,15.808369,245
735,126,7,14.115200,1186
48,546,16,16.846394,252
100,102,20,1.324248,396
5,418,17,14.791200,469
570,245,16,12.653414,560
351,116,20,10.013700,751
300,506,20,5.187002,1131
126,300,20,3.427817,812
640,217,12,3.235677,810
235,360,7,18.991458,225
700,249,8,7.429798,545
333,154,15,18.797494,813
749,676,17,19.616843,677
731,89,15,10.796569,272
145,331,11,5.690318,362
304,324,6,12.066961,1191
285,530,18,8.470580,113
87,373,18,17.562533,1062
180,703,6,2.021495,945
153,536,8,2.248729,1106
510,243,11,1.025332,492
47,136,17,3.840388,525
17,250,18,8.276166,858
344,552,7,1.041447,959
184,472,17,3.145306,864
480,343,7,14.823922,748
447,503,16,16.166089,263
32,463,15,5.901080,1075
27,32,8,12.020439,903
25,39,13,13.609049,227
426,178,10,3.573645,447
262,420,18,7.652420,270
122,547,17,9.925530,974
611,520,9,10.108783,483
20,437,8,12.225800,279
382,367,7,17.980768,185
194,295,5,9.623128,675
616,355,13,20.109026,342
597,620,10,2.165801,519
511,428,13,3.129126,121
711,678,11,3.954143,551
632,598,20,12.665258,565
362,606,16,15.827092,310
209,418,6,18.633446,306
652,577,16,20.490972,585
627,558,17,3.361062,1180
341,514,16,15.973323,653
213,429,6,10.812644,379
318,424,14,9.049711,882
234,463,12,17.454594,1012
536,527,10,19.242416,404
376,292,5,14.277114,226
666,227,18,7.991529,759
439,139,10,13.283406,894
474,492,15,8.229426,451
483,279,13,8.153340,347
624,128,6,10.484084,656
442,476,12,18.337310,1033
358,544,16,14.164023,373
689,648,19,2.383347,1004
53,527,12,12.542684,841
624,719,12,10.189064,1141
656,363,19,1.869409,1127
504,536,20,17.466507,458
26,11,17,15.599263,657
496,329,8,13.546283,555
738,61,12,11.778506,469
440,341,9,0.925326,391
746,119,9,15.290048,862
516,337,7,10.356128,1182
212,62,15,8.261813,357
296,453,7,9.522247,411
481,359,15,10.962267,1080
659,641,12,12.701599,980
430,64,19,7.180213,1014
463,661,11,5.095314,995
268,291,14,18.255461,931
370,478,20,5.324694,1115
190,399,15,6.942382,199
480,179,14,8.447655,1093
497,294,8,9.948717,922
741,549,16,8.644421,282
376,201,7,20.201830,324
21,409,11,18.254091,1081
708,193,14,0.649015,148
273,594,6,11.267380,163
497,206,20,4.299568,1176
244,147,19,2.416843,1051
556,377,13,2.293978,352
429,165,13,4.849935,1114
692,162,14,1.306351,146
572,581,5,11.298194,855
670,147,7,18.611569,1138
115,607,6,15.976430,408
703,582,13,17.414637,794
106,656,16,5.276182,1149
405,28,11,17.691268,375
521,29,16,9.204658,562
746,328,6,4.109296,251
531,517,18,16.611172,188
278,487,18,2.598456,429
156,1,7,15.277613,1192
331,692,7,20.105158,153
431,2,14,12.194054,1142
351,300,13,10.465317,559
318,597,18,9.403201,765
696,39,14,9.923459,547
464,303,15,13.031655,805
247,697,12,13.744879,621
479,487,11,10.698922,817
388,3,17,19.202457,392
674,59,10,5.927562,494
332,135,15,16.963507,217
537,289,6,11.491198,658
405,310,5,17.082052,917
630,84,9,5.550120,722
567,37,16,1.954756,1070
130,497,18,19.004475,110
646,357,6,2.757416,584
235,280,18,6.090988,988
115,584,16,3.202060,818
391,342,10,13.466934,1156
682,135,6,5.218399,718
231,527,5,7.594343,249
745,204,12,14.409337,1041
501,712,14,8.719931,109
570,296,17,0.187530,1135
734,358,7,8.408818,152
478,708,19,13.298868,707
111,60,18,15.449840,1191
254,654,6,12.705382,729
319,673,10,12.454204,661
186,577,16,1.113886,856
430,165,14,17.546378,964
645,740,13,4.753017,1065
329,521,6,2.588552,417
425,504,16,1.829273,965
176,357,19,8.783175,165
556,105,9,3.604946,314
622,222,20,17.008855,455
251,526,13,14.721112,424
564,176,18,4.639282,177
372,327,16,4.994720,780
69,87,15,3.806250,175
102,400,16,18.348322,1120
553,370,8,10.057282,682
557,693,17,16.350174,102
534,386,9,1.513675,490
265,339,8,18.246639,1083
39,615,8,9.812577,420
529,598,13,18.269646,800
207,559,7,3.027841,1174
512,723,9,12.827176,321
589,305,19,9.318666,1064
581,392,13,14.823279,142
534,290,20,2.229277,776
92,490,6,19.700653,999
714,482,13,16.082971,990
44,255,5,6.436484,772
669,86,13,13.484826,1041
520,79,11,12.072235,635
253,44,7,7.003718,898
371,497,14,18.361228,684
46,715,20,15.009950,438
661,160,15,14.997340,635
260,237,18,1.142326,427
401,678,12,11.286383,338
410,364,10,18.681423,107
581,87,19,14.201779,150
228,472,11,18.232508,370
211,432,6,2.489923,450
246,419,13,2.729688,489
245,661,9,0.435433,135
684,732,11,17.754342,344
348,188,13,10.739700,591
382,180,14,19.729028,1123
681,674,14,14.292087,594
729,220,16,11.581773,378
402,7,18,15.752539,769
216,624,19,12.904978,383
711,393,10,2.943793,305
138,91,20,4.035681,731
233,308,12,16.147756,342
509,302,15,20.085840,1015
164,415,19,2.418980,870
631,405,7,15.945835,435
180,120,10,4.485669,492
591,176,9,7.760820,497
517,84,18,1.974329,1199
523,448,19,8.631513,113
345,549,9,19.382639,478
200,227,8,9.750168,521
695,463,8,4.872232,734
151,475,14,6.103791,583
738,196,10,10.716515,395
152,716,6,14.750382,897
645,327,20,0.690017,770
453,622,13,1.811380,183
9,640,9,0.135998,926
691,658,9,19.284438,1079
433,267,15,0.602804,994
426,101,19,1.706945,1119
94,507,19,10.623245,147
234,146,10,1.978885,644
308,87,16,16.487816,577
718,381,18,0.302497,431
343,438,13,18.742386,1063
125,130,11,17.952844,951
722,396,5,7.312617,1124
346,150,19,1.924197,979
76,177,9,19.725875,697
141,7,11,14.771162,263
377,124,7,12.609288,1045
532,332,9,9.163267,1030
374,105,14,10.852771,327
642,406,12,15.901875,544
606,537,8,9.823379,397
133,205,14,1.934463,149
177,562,8,12.161960,530
679,342,10,1.468969,470
724,586,10,6.544010,965
207,30,17,11.407076,1069
374,710,18,9.635227,503
488,480,12,6.867171,1083
15,455,19,0.218653,140
641,35,8,1.644062,122
715,695,14,18.172441,1013
315,462,8,5.422753,1012
545,414,9,2.260177,1099
501,613,14,20.195378,1177
531,419,20,4.637461,612
317,319,16,0.682638,174
197,491,7,15.818056,652
52,293,10,1.785201,139
478,748,20,2.599706,180
720,687,18,6.127420,1081
22,652,7,0.386905,126
66,79,15,1.845493,552
516,716,12,0.350350,1043
324,568,14,3.118213,295
159,487,10,1.265777,296
398,339,5,5.558207,597
432,552,12,7.090177,323
87,136,19,2.896647,880
647,748,8,4.197387,709
450,298,8,6.291609,815
18,598,15,13.751165,519
94,107,9,13.531664,1079
208,699,19,0.498213,107
214,225,20,19.928403,1183
401,660,12,2.298104,948
668,441,9,13.061887,137
447,49,19,2.020338,1073
275,332,14,0.420754,394
222,641,13,19.557217,1196
97,427,19,18.175244,183
445,326,19,7.869211,928
91,638,12,11.627841,1177
339,378,20,1.558472,608
170,115,13,19.379569,337
29,73,5,16.811580,739
117,467,18,1.032501,396
170,254,16,3.563249,393
311,469,11,14.210395,547
512,463,10,12.343917,180
418,196,19,19.434449,939
598,568,10,15.679398,1050
568,40,12,5.743447,1076
44,329,5,20.048052,708
615,20,16,16.638902,172
481,499,19,0.704004,1057
586,492,5,18.279312,700
146,225,16,18.378391,659
545,425,10,13.435960,845
321,540,20,11.412966,1139
323,527,9,1.968742,263
33,0,18,9.645655,120
695,584,6,3.188824,874
611,693,15,0.977634,450
729,188,5,13.393983,965
105,2,9,10.820959,145
560,268,15,3.035873,814
111,271,8,17.437952,401
194,89,18,2.095492,1016
312,44,16,11.769550,846
280,632,19,9.522839,805
119,12,5,20.208332,211
400,143,14,11.652317,1045
123,307,13,0.065390,1105
157,535,8,7.413557,1179
471,13,12,18.218691,503
697,620,14,10.039446,141
545,462,15,12.984596,638
233,516,5,17.249939,1050
39,640,13,19.219599,630
98,642,17,9.689094,106
654,611,9,13.596015,224
726,378,11,5.089296,547
707,506,14,4.556137,190
619,421,5,16.928782,510
617,414,17,10.525560,1124
502,34,17,13.377741,133
344,549,5,3.821582,840
175,130,16,2.308750,438
689,201,16,11.447223,723
181,613,8,12.950784,163
365,641,19,10.523610,606
609,268,12,4.750402,1134
539,64,14,15.190509,420
479,127,7,8.295140,146
395,362,19,12.885357,856
227,499,12,9.386371,329
731,200,11,9.911276,1013
39,245,14,0.202642,303
604,212,7,16.493406,488
393,231,10,14.501993,374
384,612,8,3.826080,235
687,627,17,16.783827,978
232,364,8,4.558008,489
608,661,6,9.882285,694
195,244,5,10.514870,362
527,56,14,4.360823,543
707,457,9,9.235063,959
319,170,13,18.968776,948
257,177,19,10.350901,984
449,260,13,3.620733,1043
3,337,9,12.940064,331
307,747,11,14.037470,650
158,717,20,6.811830,179
736,300,9,17.373747,737
416,206,12,15.463569,970
16,256,5,13.716377,339
111,63,20,17.945215,746
196,656,15,9.686738,462
190,705,13,19.274132,614
505,132,17,6.474142,1012
307,120,17,14.608432,1178
28,319,15,18.148059,114
232,585,20,7.723521,643
719,245,9,11.037222,908
162,659,11,5.475683,136
174,559,8,13.106651,1015
397,522,7,14.249336,1163
630,442,7,9.300630,722
270,19,13,3.917762,1054
290,526,14,1.788907,266
398,309,17,8.908947,937
228,465,16,12.660722,772
653,357,15,13.459534,697
587,369,13,18.302758,937
121,379,16,7.694573,381
505,520,14,4.214978,707
379,99,14,13.545048,556
449,582,13,3.166471,1155
449,584,5,1.230538,188
321,11,11,1.665259,1193
483,429,7,13.094280,620
162,718,8,6.691617,1122
51,507,11,8.394161,1079
150,7,20,4.627490,1131
711,537,11,11.176058,487
651,114,10,14.665647,469
508,557,6,11.445724,1151
459,19,12,15.063318,758
556,343,18,2.183864,113
401,506,8,5.024421,267
298,651,16,9.365452,143
350,674,16,17.686489,964
72,75,20,20.439246,228
406,488,9,5.065956,336
178,286,5,17.903040,1016
706,82,7,5.435687,554
432,391,14,6.054229,640
481,370,12,10.562814,150
613,525,17,3.053479,139
190,628,14,3.462421,546
238,204,14,17.751830,707
287,239,10,8.016519,1026
302,647,6,19.321105,615
678,190,20,17.128086,1157
213,105,18,17.347211,1031
554,492,11,0.779318,964
306,723,15,17.271524,570
557,587,19,6.623098,271
530,49,15,6.300022,1041
204,228,18,2.325339,939
339,17,14,13.957621,778
121,39,9,0.323340,518
673,605,19,15.272923,232
331,285,13,3.886472,868
317,300,16,4.748771,512
384,149,12,19.744474,1192
550,622,7,10.736859,747
588,123,19,0.761870,658
228,234,11,11.233338,1190
24,22,14,20.497235,590
245,33,8,11.116690,672
555,667,14,4.025186,206
248,269,19,2.454148,207
506,337,19,1.730399,1046
15,578,6,16.781365,894
166,1,18,11.424253,740
182,693,17,7.731762,361
461,227,11,7.131669,1123
449,593,8,1.557283,666
68,308,7,14.236710,401
345,533,5,8.367548,143
666,445,17,8.029495,1072
327,475,15,18.945688,308
664,358,14,0.015890,1086
437,142,10,17.633269,663
80,427,5,13.170214,886
151,2,11,6.438295,234
653,612,5,9.221186,217
359,412,17,7.234774,716
285,485,18,4.770242,472
185,425,19,13.875184,557
35,601,5,0.986682,165
476,29,9,7.859986,890
640,58,8,10.582296,522
10,652,6,11.398085,381
712,251,11,17.585279,634
300,97,20,17.789945,965
31,425,5,1.628142,813
730,306,18,4.872419,246
172,640,17,1.264316,460
691,166,9,11.121656,1027
269,177,11,12.528268,216
455,244,16,10.672588,522
679,373,19,9.052372,976
553,91,5,11.822315,663
670,444,20,15.664804,602
284,102,8,4.460382,802
20,404,11,11.379210,1162
96,367,11,20.086666,541
506,546,17,3.114844,981
417,214,19,0.707222,674
474,613,11,7.324774,709
317,110,19,10.708202,826
214,443,9,2.260224,945
198,308,15,5.143937,1091
359,274,6,1.266887,990
325,695,17,0.596864,113
341,263,14,13.463512,556
169,49,12,15.282322,239
553,418,8,5.376826,449
696,140,10,8.731110,1124
728,311,8,9.570500,403
477,645,7,17.113185,245
443,83,11,17.328014,155
590,437,17,12.960087,730
558,477,15,0.774200,876
512,49,8,5.793029,106
637,642,11,15.508493,419
400,645,13,11.307069,665
130,75,12,15.475985,135
179,266,19,12.823715,421
576,185,12,7.852358,905
497,48,17,8.511341,505
75,112,20,12.641248,1038
393,232,20,9.106727,1184
549,291,9,14.964581,1090
737,701,18,17.976098,297
726,341,11,0.147836,1010
295,659,11,12.760284,741
617,320,16,16.386710,585
203,280,12,5.121682,922
684,392,5,4.878348,980
31,204,5,12.308710,109
344,424,5,5.434607,326
295,142,13,15.576998,912
310,283,12,2.968500,618
624,406,17,14.638393,855
441,717,19,11.491129,440
7,663,20,7.418290,1159
101,610,7,19.970950,586
625,464,14,19.590177,929
342,626,17,13.846413,548
166,334,16,9.747395,370
345,599,16,3.235963,549
330,322,18,18.448198,912
451,552,20,3.376024,519
257,739,10,9.448927,963
698,174,19,0.738170,308
585,499,11,11.148746,747
526,412,18,3.961812,921
262,592,12,7.237684,872
266,426,20,7.514540,242
9,287,5,19.798464,1130
740,102,7,12.360245,559
315,257,10,9.823664,249
569,47,11,14.149674,1093
691,552,12,10.586117,505
470,209,20,17.836983,1045
279,273,18,1.017367,241
749,473,5,3.673565,240
420,205,10,13.128591,461
338,696,5,7.745618,123
3,716,7,19.840194,830
386,451,19,4.538592,725
163,195,20,8.636272,468
297,396,17,14.487915,607
627,682,13,12.213731,954
358,601,13,20.337710,466
285,687,16,16.539840,188
396,115,7,14.972736,660
254,484,20,9.282226,356
699,327,14,16.940104,513
487,675,18,17.735407,873
729,253,9,5.835174,460
392,10,18,2.662064,991
325,65,19,9.918216,1089
308,139,14,5.984722,1175
249,212,15,14.301706,519
645,474,7,3.716900,477
349,433,5,6.161007,263
66,185,20,16.364277,888
298,633,12,10.733090,356
310,520,12,10.037530,1197
681,392,8,13.302834,964
571,741,12,19.161649,1171
714,202,11,18.924966,907
712,491,11,0.788815,360
723,445,15,0.883369,335
430,191,5,2.161113,837
666,487,17,1.419397,1063
448,499,5,15.629395,405
513,391,8,14.609021,552
614,402,5,15.371688,565
577,531,13,13.255660,732
290,196,14,18.001992,521
404,374,18,12.340616,260
233,385,15,12.739827,1165
451,544,8,1.783846,600
596,654,13,19.298909,156
394,173,20,9.592983,1100
667,663,18,19.010756,854
7,280,9,4.337801,310
355,394,10,14.999775,872
634,672,11,12.368634,895
742,299,9,16.732386,245
607,132,20,15.075745,747
409,513,6,19.602752,296
155,566,12,1.263309,306
550,494,20,16.882210,128
525,411,19,16.276370,773
683,534,9,7.683194,342
335,701,20,11.877221,1104
712,117,17,18.507955,855
699,61,12,0.833363,526
693,139,6,10.000449,230
676,346,6,8.624478,1127
163,574,15,9.160788,955
68,231,6,7.183273,1152
111,72,18,5.786564,776
24,388,6,12.974573,421
305,558,18,14.553718,304
713,16,14,5.816324,545
663,308,10,19.380269,311
533,692,17,5.604883,997
209,305,19,14.544525,190
49,459,5,10.504841,1080
98,369,9,12.798568,1141
474,494,15,11.533764,438
227,294,19,4.454469,965
433,582,6,1.821455,870
348,373,5,2.248334,348
7,63,18,10.803604,640
305,255,12,18.204384,1127
77,556,17,0.666115,1198
50,231,13,16.591265,534
263,628,9,13.585996,1139
243,347,16,18.028575,418
624,216,9,10.576447,839
37,197,7,0.080572,896
152,173,19,20.257309,682
155,16,19,5.696982,1095
35,471,20,8.216657,800
558,450,16,14.151251,657
198,447,18,5.620681,1124
560,104,11,4.923682,961
430,254,15,15.089873,873
217,131,17,2.572092,1110
547,256,15,4.347736,204
99,695,8,19.586212,968
288,225,18,12.476004,908
93,149,10,11.923489,222
327,332,13,12.837531,751
245,293,16,12.293226,1068
93,160,5,14.213192,655
569,184,16,4.589324,1016
439,124,13,13.876835,718
656,134,14,7.994577,472
375,469,9,8.228768,859
257,366,5,13.447681,165
169,539,15,9.275548,1162
499,204,8,5.257671,833
190,558,15,14.010993,146
685,382,17,19.388858,1175
381,184,6,15.660151,843
632,702,10,17.770843,470
56,679,13,10.818266,920
45,459,19,3.384851,959
73,290,7,12.788657,200
326,358,14,16.767725,1176
387,131,14,5.775925,683
300,597,6,19.706763,1199
652,516,10,5.258624,217
2,723,10,18.727706,576
508,250,7,9.478035,1050
288,462,9,6.494508,171
604,192,8,9.915108,601
681,100,5,18.390125,494
674,612,7,2.234695,788
158,116,17,19.606662,571
35,37,11,1.454090,828
473,293,18,0.636806,531
39,453,12,16.063141,892
192,354,15,16.705661,364
198,88,16,17.932675,710
523,7,5,3.054302,1189
702,74,14,11.003429,264
605,649,14,18.258694,791
179,385,6,1.472526,304
603,279,6,14.924876,691
262,383,13,17.883193,526
62,456,9,11.799312,329
276,620,6,17.972457,535
273,693,9,17.205765,161
45,150,11,17.823760,1191
442,335,7,7.157025,1011
12,438,11,11.218105,520
3,276,6,2.890596,1061
506,447,15,5.143169,512
437,50,11,11.318228,880
353,719,19,15.962364,1159
500,279,11,2.572946,1079
327,218,16,1.288339,1007
647,73,11,0.725852,208
400,540,15,20.469154,294
170,225,9,13.715486,260
379,732,7,2.082012,800
283,521,12,17.177281,343
551,546,6,8.867237,833
296,738,16,15.420280,571
457,621,16,14.688607,552
253,726,14,14.300050,510
121,111,10,15.252828,727
300,607,18,12.171451,1055
286,425,7,11.699423,597
38,214,20,0.991693,145
360,673,17,1.245750,256
472,192,15,13.726738,1126
570,229,15,5.502476,837
109,378,15,1.782623,1142
706,250,16,6.519800,1073
265,202,13,4.158470,782
23,618,15,16.580595,768
33,726,12,11.499569,449
148,352,17,0.604605,626
314,5,11,3.885035,671
683,181,15,16.259125,407
642,132,17,18.407735,1015
157,725,12,15.908403,520
111,634,16,7.739542,429
48,7,8,4.710201,1062
93,221,6,18.082139,375
543,466,19,8.619484,553
672,614,20,6.652376,239
580,237,15,7.792720,955
260,120,15,19.439772,1075
615,473,12,6.987264,137
384,126,8,13.677049,386
87,97,10,2.029451,353
257,284,20,9.021079,518
474,593,11,10.786842,708
157,541,20,6.711663,513
279,564,6,9.869803,272
486,659,13,1.950553,221
736,538,11,0.232826,653
521,455,12,3.207522,971
191,537,5,18.466897,545
568,50,13,19.748011,826
231,567,20,17.916202,269
246,437,10,7.706904,1019
629,198,7,17.444820,168
628,518,16,2.663249,245
248,622,8,11.836165,1198
145,172,19,1.841763,272
366,516,8,19.609800,980
715,329,9,17.306851,342
535,567,17,6.208763,347
663,515,11,4.007158,203
210,216,7,12.697399,357
323,380,7,4.304803,463
334,248,11,6.104362,131
350,727,7,12.492816,353
532,166,14,19.634732,1018
749,242,16,5.130165,825
50,26,15,3.272330,1016
6,585,15,18.407135,129
106,598,16,0.408209,917
688,499,18,9.267748,526
95,596,20,20.013539,1116
615,338,15,11.879078,414
535,663,6,15.774277,640
96,36,11,2.868028,256
319,214,7,16.947339,427
295,169,8,13.403843,297
358,243,13,13.656399,231
172,389,13,15.385888,778
78,439,20,17.279419,876
473,509,7,12.756699,342
268,155,15,15.934998,782
624,269,13,4.905492,1106
216,361,13,0.287898,659
582,333,20,6.213862,1168
620,305,11,4.774503,402
378,727,5,0.696751,1094
334,10,11,11.708653,353
61,426,20,5.716350,750
472,120,7,19.148949,942
570,702,13,0.870735,911
560,493,13,5.100900,980
746,564,5,9.081947,377
590,165,16,10.117064,649
592,294,10,6.673982,700
162,418,13,9.937495,1125
607,476,11,18.786935,145
162,455,8,10.883730,666
25,306,19,17.847764,522
274,293,20,12.208704,580
561,186,19,4.610925,557
412,383,14,15.369753,608
399,521,10,5.331745,991
408,631,12,11.491264,755
520,224,16,4.979107,391
482,271,20,14.878599,147
420,119,17,9.822516,528
213,583,11,12.047677,542
395,64,7,15.496789,229
559,471,9,5.979508,1016
369,540,14,11.221682,495
612,402,13,8.214148,826
732,463,17,15.069530,144
80,503,7,1.986549,233
146,429,9,18.972379,891
274,165,15,5.877597,309
649,413,19,7.638947,346
501,646,10,19.906104,778
57,334,18,7.049240,441
503,120,8,6.991904,796
454,327,14,18.958916,689
321,166,10,20.152839,170
58,701,16,12.944292,1142
578,99,15,17.031681,941
454,737,9,8.317472,1028
145,350,19,6.672468,236
162,67,8,16.718273,132
554,461,13,12.315602,1074
318,6,14,10.515228,723
241,681,9,12.251930,854
81,115,14,2.308048,851
248,672,11,3.678741,554
391,120,13,10.945855,1169
671,657,20,16.518936,707
72,614,17,6.307156,570
157,111,13,13.027168,905
149,179,10,15.932717,681
204,38,7,17.448650,111
116,467,18,19.393863,782
295,655,5,1.055660,749
30,146,6,19.049947,1185
579,198,7,10.371017,500
384,680,19,15.970257,106
659,118,15,7.638224,351
235,99,5,17.365146,591
79,131,11,18.656784,136
424,28,12,12.239494,532
611,600,19,4.971308,924
300,658,19,6.028194,425
533,660,8,15.592875,1134
199,71,19,17.541846,339
329,222,8,6.162981,325
399,287,16,10.301592,258
491,144,10,15.012561,467
50,690,8,19.497566,1070
333,480,18,6.651598,911
447,718,16,15.452226,842
633,551,7,0.381636,816
237,13,6,20.148033,1166
532,128,5,5.671943,427
696,472,6,17.968107,538
117,508,7,12.337157,324
638,535,18,17.493759,787
706,221,16,3.050274,1009
113,288,12,18.658838,507
734,65,16,19.684839,363
647,729,6,19.708597,351
283,229,17,19.043355,1025
5,170,11,3.301388,1027
323,598,9,19.493630,772
714,48,13,1.348497,1021
466,394,15,12.834267,493
165,695,7,16.222250,482
79,111,10,15.005815,977
288,199,7,0.397429,1039
382,628,9,5.421564,595
451,251,17,12.403463,242
472,224,17,12.331940,602
36,178,8,4.767600,784
547,482,15,9.773990,121
207,338,15,1.074388,283
486,369,9,11.725880,813
320,625,7,8.455295,869
81,310,18,19.192435,1157
6,673,7,1.633245,479
50,387,17,18.721822,114
24,522,19,4.604086,909
697,465,19,13.491531,892
360,357,6,14.551109,375
735,114,8,17.680871,712
663,702,14,4.849146,486
266,199,13,11.542646,580
129,214,17,14.729571,358
291,74,14,8.892200,1100
695,309,17,17.042951,1053
29,568,20,0.970967,900
218,613,10,16.969753,434
620,138,20,2.149114,686
303,562,13,12.611831,1187
583,50,16,20.053127,394
322,681,5,6.831663,128
327,612,8,12.258412,945
649,152,11,18.622949,1079
658,198,14,20.443713,923
56,212,7,7.576137,1010
125,222,6,14.044087,930
128,185,11,12.542638,1195
25,568,9,0.600529,576
160,156,20,9.340834,393
15,206,15,3.472086,462
145,415,7,10.612259,814
124,630,18,17.464086,174
638,691,18,9.759893,506
223,532,8,20.009134,301
347,642,19,14.685181,244
381,144,12,18.484052,472
570,103,12,4.390584,666
202,87,6,10.081087,163
510,513,16,12.372278,547
202,16,20,13.967155,601
634,368,15,8.208585,914
151,366,11,9.856623,463
475,486,20,0.075687,334
106,105,16,18.519357,477
437,138,12,12.508726,1177
429,579,10,4.859233,469
430,50,11,7.684833,877
415,283,9,5.307647,780
622,627,5,1.804645,666
548,680,14,9.633323,854
159,364,16,10.299801,265
462,120,16,2.379237,247
335,588,14,9.606391,909
634,87,13,13.619963,730
58,204,16,19.079183,576
37,142,18,16.205920,893
111,699,17,18.603830,617
724,547,9,13.282240,672
600,572,14,13.993651,711
595,630,17,19.253798,851
513,436,18,4.541108,696
253,63,10,10.796243,184
479,81,5,7.742204,233
241,263,16,6.532559,1188
220,633,18,9.411075,979
155,154,8,18.983465,328
331,341,9,15.086028,680
610,667,5,16.029671,1016
265,374,18,10.125206,1103
701,740,7,12.397620,272
575,272,20,0.577826,546
551,394,6,6.977288,1112
189,28,8,19.351727,426
125,727,10,13.231545,526
560,413,18,7.851727,539
449,627,15,9.694719,593
407,626,6,14.031486,314
579,568,7,17.720423,193
670,439,10,17.315540,1049
690,27,19,15.599930,281
698,475,19,8.364498,1127
737,150,20,1.515809,1080
410,503,17,20.347560,877
515,319,14,16.799192,509
242,151,11,7.598663,455
22,725,9,12.732831,1010
650,730,14,10.413081,793
85,194,14,2.364654,825
429,424,16,12.984538,824
326,109,17,3.279367,939
637,688,5,17.843893,323
294,717,8,7.655211,1023
240,456,20,20.259201,1090
606,415,17,19.861914,520
443,417,14,17.747360,542
480,717,14,10.559911,208
58,197,5,0.580415,772
219,256,14,8.352883,206
158,187,16,10.446736,1052
437,111,5,11.735343,628
559,92,5,1.544236,864
579,11,13,12.841704,839
639,641,18,18.212657,512
143,158,18,6.204170,750
214,160,16,10.531946,505
639,190,6,7.406269,250
67,707,5,9.983088,718
549,131,20,3.488845,979
233,56,12,14.784520,1157
85,551,19,4.076919,862
689,395,15,6.221462,714
139,714,19,9.161875,718
742,646,16,9.486018,900
255,321,20,13.717676,646
560,526,13,6.623935,886
272,367,10,6.773714,539
687,710,13,9.124475,674
472,476,11,14.577931,1171
192,385,11,18.515172,903
270,688,7,19.847532,454
578,114,10,11.825723,670
276,176,18,13.559340,273
282,161,13,16.347148,271
716,218,10,13.687993,295
184,581,8,8.089163,234
231,49,5,2.856300,715
176,137,19,12.477680,901
481,363,17,14.119623,1179
272,469,9,18.826926,219
13,522,7,15.515833,515
358,742,7,13.504887,121
213,101,19,4.918892,1110
493,521,13,19.533751,1057
364,194,5,1.728556,263
230,255,19,20.420782,1106
106,553,6,5.903590,1134
692,107,20,11.194131,876
24,187,6,17.961723,1013
480,701,9,2.235776,473
4,311,8,19.668977,188
297,142,19,16.091536,981
502,239,11,5.495521,941
462,558,9,5.324814,426
681,631,19,17.650574,999
48,209,15,19.817031,1013
121,455,20,0.568624,1178
329,123,18,6.901517,118
33,202,17,7.883891,1121
0,292,19,8.746629,773
559,442,13,14.407085,412
113,633,15,9.626127,971
296,553,10,1.239542,351
407,248,12,7.579051,951
233,598,9,9.272776,1064
268,549,16,10.796661,411
361,63,13,11.497501,847
215,580,20,1.485436,257
6,508,16,17.763008,442
287,740,16,7.826153,689
99,297,16,10.787927,349
437,195,20,16.014321,499
82,748,7,3.983134,1085
553,558,19,9.155795,425
539,565,8,11.829553,260
651,284,18,17.616483,663
532,463,5,20.134994,1093
305,501,6,17.252575,179
121,326,17,6.281731,421
437,517,14,6.042355,369
24,527,7,4.097046,588
261,200,14,16.901888,466
264,13,10,3.211920,918
61,281,9,5.618109,1092
417,132,12,17.198020,503
579,669,15,15.853751,261
102,687,13,1.040852,1061
156,602,10,19.124169,1010
593,369,20,12.455241,300
76,462,15,20.233257,1058
370,63,5,12.951477,1189
557,707,9,14.599386,601
216,123,14,10.285876,409
561,283,18,2.539246,814
373,264,16,16.770249,435
641,23,14,16.203522,639
18,558,15,11.984085,1025
373,623,7,2.622216,1069
179,212,5,16.193389,1110
706,282,13,9.502181,540
304,572,11,3.489365,835
346,270,16,9.083311,846
201,223,6,19.934605,373
709,601,5,12.827724,692
687,602,19,4.826014,534
143,447,18,10.454744,1023
424,271,19,18.793979,483
674,478,7,4.647596,617
684,402,13,9.537354,1024
254,349,8,0.389193,825
519,509,13,12.747951,1171
647,61,13,2.256524,769
749,482,6,2.954228,295
66,567,15,17.816690,724
214,99,10,19.495097,724
651,243,14,13.637861,928
162,345,12,1.006700,267
681,127,18,7.289692,398
238,191,20,19.781478,1023
207,44,17,1.690506,1018
231,341,9,6.109182,881
17,331,9,5.147759,351
199,493,8,4.440610,781
415,706,15,17.883024,663
379,19,6,7.057552,200
38,401,9,15.839347,556
416,639,14,1.622990,900
633,454,12,18.453342,727
84,215,8,13.483515,724
295,723,14,10.408570,262
205,654,19,9.461254,792
607,436,17,19.012547,313
354,251,20,15.906460,453
623,742,15,15.671585,263
370,133,19,19.606794,953
554,84,18,1.921702,608
719,100,12,6.894449,859
642,604,5,13.054731,942
579,708,7,8.341279,340
317,470,13,5.591900,173
35,104,8,19.582998,367
501,136,13,2.469261,380
20,493,8,3.898487,434
562,609,8,4.994743,801
6,450,15,13.848121,437
142,447,15,4.122018,175
294,336,16,1.677673,710
691,360,15,10.460480,342
686,61,5,8.090765,482
572,267,16,2.196787,417
347,184,8,0.260122,734
524,648,16,5.976206,772
535,448,19,3.667111,338
257,450,20,15.683599,304
174,734,12,0.115826,815
183,404,12,15.047848,469
508,728,13,4.938813,896
353,521,15,0.600302,1187
320,653,13,15.442226,310
559,363,11,0.038951,1132
434,56,15,19.315371,384
389,496,17,18.493391,507
583,481,6,1.735881,262
147,718,17,10.209402,188
221,657,16,16.949313,1101
729,745,12,15.643727,770
693,532,6,12.791893,285
654,591,12,8.100359,702
545,81,9,8.408066,981
538,682,10,16.243134,137
49,562,20,2.162206,279
231,654,15,11.517829,948
34,62,9,8.659652,559
555,73,15,7.393668,137
202,122,17,1.147558,665
254,559,11,15.825970,124
238,382,17,2.089415,882
295,414,9,3.310066,878
332,395,5,7.660474,1025
65,240,5,20.296585,1081
721,555,7,4.671140,458
82,130,19,11.706762,983
300,748,20,18.898831,125
420,744,6,8.263736,137
734,548,15,14.057478,1117
135,210,17,9.730026,1079
195,640,13,10.439533,1169
505,388,8,12.481037,398
672,163,18,3.085728,268
719,48,15,10.824628,213
493,50,11,2.607735,991
191,275,15,13.213882,966
364,226,17,4.965126,280
228,480,19,13.985494,1163
254,554,13,0.849085,342
27,132,16,2.629437,442
420,234,9,16.669735,1090
639,63,14,11.566278,1122
683,428,19,5.650548,100
161,577,11,16.264319,847
318,202,12,16.498873,613
622,144,17,17.362517,223
323,350,14,2.654616,1015
443,690,17,20.101194,988
662,494,9,13.858288,218
720,441,8,11.236278,1192
538,708,13,3.807913,323
678,632,11,16.733489,1163
44,88,7,10.039961,1082
536,247,15,5.234040,152
568,258,16,2.832768,810
418,243,10,0.208126,264
66,710,6,3.434573,841
609,234,7,14.816527,733
560,429,10,3.219721,375
277,315,17,19.002481,768
430,545,17,0.993488,923
627,41,19,3.719215,903
533,176,7,14.754034,727
69,419,20,13.328490,462
255,196,10,3.794953,1163
147,480,17,4.387385,171
495,609,7,1.283572,1004
432,600,5,17.163654,255
114,155,20,17.855115,230
31,494,17,4.899519,1107
423,25,20,19.409618,1092
215,37,10,5.214992,650
332,97,14,5.241084,821
345,685,16,15.991814,928
103,631,12,6.640836,656
544,577,13,6.655997,1007
631,50,11,14.738462,423
392,11,12,15.937242,791
544,140,15,13.635038,513
131,572,20,1.989265,1014
618,21,8,10.280288,452
603,638,16,10.639133,930
693,83,8,17.352733,942
51,272,15,5.358542,410
657,435,10,17.313139,467
222,190,5,8.609250,449
187,6,10,2.208946,479
554,239,17,11.633019,900
240,741,10,10.029925,632
225,337,6,17.409498,898
364,647,5,19.616392,713
135,442,13,15.385516,745
344,747,12,19.435466,163
695,14,20,9.893871,464
683,87,15,18.988079,554
112,404,19,18.444261,1008
103,337,12,2.387133,591
684,624,17,17.076377,305
155,674,6,3.295673,1111
394,59,13,3.477376,1132
327,445,12,17.223276,910
510,544,12,2.422759,212
402,47,20,15.599414,1179
212,563,5,13.436245,773
489,282,16,13.903984,291
649,602,18,14.953906,194
572,532,19,9.745827,942
27,23,19,15.197968,874
195,507,7,15.362483,121
110,591,13,12.937901,1063
221,562,13,10.239777,197
748,401,16,11.521299,942
450,470,10,11.257939,836
744,127,15,14.085105,1126
182,562,7,10.010522,742
127,95,18,13.399646,477
189,194,6,9.222504,780
205,305,14,17.661283,1006
570,412,12,15.451119,1111
301,586,17,10.973059,929
526,340,14,12.761068,929
162,16,9,2.326179,137
90,21,18,14.927970,583
84,309,10,4.445197,302
517,185,13,0.924004,747
622,418,15,13.672304,285
381,591,10,18.072623,192
564,280,20,4.999762,611
735,406,13,15.267011,552
615,331,14,15.748611,151
391,214,6,9.158621,1053
257,325,12,0.612278,1102
425,135,10,0.749777,1196
107,320,6,13.420681,674
321,448,17,9.429257,810
327,622,10,10.547603,638
206,284,16,10.363722,840
190,121,15,10.174175,969
417,107,5,14.599765,703
200,724,5,1.969626,299
321,124,16,15.991117,553
216,285,10,12.770343,749
602,332,16,6.468141,260
206,3,17,5.663599,849
497,549,5,14.052028,1146
623,618,11,2.266486,510
566,64,7,8.047828,568
680,396,11,12.207723,286
13,351,20,18.304690,937
204,515,19,9.540376,795
671,566,20,2.270221,684
452,716,20,0.587546,724
641,350,15,3.194684,929
236,709,20,6.303260,335
6,466,8,18.276367,975
155,745,5,12.315338,1049
108,564,19,14.136047,392
265,516,18,2.950012,675
1,123,15,9.726894,575
426,239,16,4.482106,433
432,184,14,5.325476,1065
712,26,8,7.890214,137
408,483,11,17.022222,474
491,469,18,2.417036,1046
500,244,11,13.907643,654
724,676,13,17.155510,1082
139,630,18,6.409729,366
606,428,16,9.020258,710
184,665,18,7.253864,426
182,87,5,5.234592,422
32,565,16,4.895369,754
433,617,13,0.219298,1082
74,617,10,10.502887,653
496,655,20,5.125394,813
349,444,16,19.360520,813
572,435,6,6.615855,1081
325,294,8,12.819853,1115
537,610,6,6.462964,285
639,473,8,13.055083,872
550,320,8,1.206705,993
381,630,14,10.775504,409
360,604,20,7.611413,258
729,216,5,6.000647,1030
737,42,10,2.687606,724
685,551,10,16.789078,366
544,49,7,15.805160,656
125,134,7,8.721861,603
447,191,9,7.575813,435
291,193,9,2.906625,740
181,419,13,1.405005,1024
491,122,7,8.638364,1134
711,1,6,11.163336,317
479,597,13,9.155799,1085
545,15,5,3.734451,1079
727,696,11,13.926183,898
309,475,7,4.801395,633
105,151,15,20.062412,245
61,563,10,10.033981,1188
511,346,17,19.609017,932
263,732,10,12.616505,1066
494,651,5,13.955414,569
144,284,10,18.995273,912
622,391,18,7.747039,944
556,634,17,11.548327,733
440,673,19,2.929373,1070
325,3,16,7.696940,494
25,598,11,1.691558,701
410,354,19,5.359669,672
366,143,15,12.263531,191
361,194,6,13.894471,1137
9,429,12,14.334392,376
216,437,6,0.025769,322
433,670,16,9.100680,1141
348,674,16,6.469309,895
313,107,8,11.176309,788
407,413,5,2.900363,319
264,472,20,12.081056,788
247,530,20,18.985983,1138
381,143,7,1.400466,843
413,377,17,13.389880,1124
584,38,20,0.495894,176
481,366,7,6.193033,697
539,222,8,6.265907,1197
476,170,6,4.929872,962
708,311,10,11.864406,332
20,515,6,16.828656,1143
163,312,9,4.788849,692
689,574,10,14.070859,551
307,563,11,2.529373,820
689,103,6,13.698680,817
616,106,14,12.820528,1052
271,305,11,1.541616,550
320,486,20,13.628589,1010
392,92,16,2.900743,255
349,13,6,6.290955,104
384,617,7,4.546674,738
247,734,11,5.667208,526
484,497,19,16.351212,909
170,591,20,18.253068,976
547,490,8,10.978565,1197
157,218,17,1.487116,555
587,85,14,18.624010,1184
415,537,15,4.794910,770
98,503,16,0.807028,908
383,495,10,5.591321,1076
26,726,15,8.221443,533
479,307,18,9.254022,303
622,321,8,8.335403,645
9,300,8,1.754462,178
308,411,19,16.973751,311
484,539,15,13.062861,1167
630,336,5,2.921349,670
32,216,11,15.919481,231
553,662,15,17.203185,957
249,106,17,3.502020,1007
130,444,14,3.132789,493
246,21,17,13.155791,929
309,463,16,7.700692,540
733,342,17,11.357741,628
524,362,14,18.887917,1184
542,529,7,10.444574,886
727,583,20,13.313187,928
276,111,17,13.684616,1198
178,381,9,16.658962,1069
660,258,12,12.070582,481
243,657,15,0.914300,1046
410,601,11,14.017196,612
41,487,10,14.465910,1028
32,401,7,9.395480,167
158,450,19,3.403087,1000
7,485,6,4.399751,660
559,256,18,11.646522,616
81,611,12,18.140286,647
306,683,10,14.070800,235
135,734,15,2.912225,1039
696,675,6,0.709227,211
603,384,14,16.591021,317
745,86,17,1.350233,693
290,426,16,4.406487,462
557,663,8,11.764451,1034
438,156,8,7.872937,678
451,583,11,12.720618,233
360,326,14,8.391225,925
182,425,13,14.044678,152
482,84,20,7.375614,746
180,427,16,12.681556,875
547,191,18,1.329891,659
639,648,16,6.376461,681
707,453,5,4.763770,760
643,33,16,17.818751,875
416,555,8,13.053228,1183
669,74,8,20.261781,1108
662,282,11,0.959994,778
457,323,7,5.780759,103
747,297,5,6.807826,237
392,420,13,1.659473,545
479,76,5,4.289846,551
97,560,14,2.299236,687
344,644,17,9.423944,547
296,331,18,5.163203,715
432,658,9,17.681921,654
655,461,11,15.534146,984
369,124,16,7.822967,655
150,14,12,2.355202,962
304,336,14,20.161325,331
160,517,12,2.931620,384
396,336,16,19.060346,420
444,239,11,14.608846,192
246,727,5,12.400694,686
1,678,12,7.214160,166
381,731,19,9.128510,161
524,334,17,16.663833,222
528,360,10,5.352393,326
376,615,20,4.902261,1049
126,376,5,2.849434,365
267,502,19,5.207309,203
479,223,12,10.969481,994
106,481,8,7.825118,558
249,380,15,19.978783,147
225,253,7,8.834826,1080
400,108,11,5.799227,223
414,243,6,3.131539,440
448,435,5,5.137236,938
29,136,13,2.754982,131
134,5,7,5.661227,500
593,114,5,13.475984,731
510,84,5,16.879477,381
527,385,13,20.250287,497
40,448,11,19.537699,275
188,229,7,14.745525,303
71,527,17,4.244735,1185
574,518,7,5.119164,177
234,545,10,6.910288,332
231,138,7,5.165437,406
551,127,20,17.436849,743
110,508,13,2.992607,722
738,411,17,4.821612,824
388,279,18,0.611231,272
297,296,5,12.260104,1005
725,471,20,16.350918,428
93,711,8,12.534856,974
355,414,20,0.323029,767
315,224,11,4.490027,167
114,346,10,9.373230,254
221,412,7,7.282993,320
257,279,6,3.769373,329
601,488,12,19.585518,994
423,558,19,2.371585,990
178,107,15,2.083857,108
405,563,8,6.769087,799
383,647,11,12.933780,432
462,266,15,9.127788,705
372,527,10,20.458708,714
259,202,18,2.107627,1023
294,722,14,10.274685,388
482,83,12,0.976371,979
206,192,17,11.117082,373
118,30,12,5.863829,548
43,75,17,0.956357,356
370,71,20,10.986003,886
9,731,9,17.443194,281
267,285,10,20.062166,1013
136,579,13,12.700925,1127
202,393,20,13.344336,208
646,738,11,15.333440,954
562,355,14,19.992813,828
730,188,6,18.591939,652
408,347,7,7.916027,113
724,687,14,10.841502,171
256,19,15,18.540065,228
579,642,17,2.676936,949
399,439,17,9.396073,1137
31,53,18,6.066610,611
331,169,7,6.860475,873
721,481,18,15.546291,805
357,292,11,4.345786,1132
448,713,19,17.800283,439
730,278,12,17.352996,534
268,631,11,14.652851,898
719,430,14,9.943262,928
247,291,12,6.891034,954
415,172,15,16.726637,913
635,89,13,1.871287,421
568,33,16,16.972425,985
725,238,9,11.599403,443
198,5,17,19.172337,1180
37,560,10,13.194085,864
235,198,20,18.610526,1059
181,27,19,20.084973,922
665,478,5,8.488805,519
105,180,19,19.425340,573
667,104,15,9.180731,785
259,675,8,6.852754,205
90,226,17,13.733101,344
111,679,8,19.460525,495
599,302,9,14.948836,760
214,725,17,17.060252,512
10,709,18,15.082696,634
398,546,9,3.437961,1098
274,232,20,9.962788,266
479,249,5,1.833007,465
433,421,18,7.612213,1113
494,304,9,5.968826,710
476,605,8,0.249092,309
13,213,11,12.276788,537
26,630,19,2.246369,349
348,287,12,10.541723,662
111,592,12,3.159240,306
346,439,8,2.528747,648
243,221,14,18.098582,1146
65,47,19,0.001417,470
516,441,17,1.086727,372
138,34,20,16.816134,1187
542,139,10,16.687987,433
620,85,15,15.248524,652
409,438,7,16.600585,482
410,663,5,13.213483,857
740,282,11,19.602292,770
742,234,14,5.113018,705
411,340,19,20.465401,1084
593,651,19,14.391758,214
157,175,9,17.909284,1085
638,235,9,8.607457,282
711,442,18,15.544411,653
649,175,20,13.741346,762
693,79,16,3.062611,704
388,628,8,19.172694,295
362,655,8,2.746320,226
605,301,19,7.879434,826
590,617,19,10.593625,342
485,575,15,4.688423,507
536,629,12,5.240243,1162
121,346,5,6.293749,341
243,621,19,1.267749,663
178,557,14,10.126596,735
744,261,5,10.098645,202
560,693,17,6.392944,885
584,138,13,14.487536,141
141,616,16,3.656924,492
696,515,18,17.795946,511
464,512,12,16.433712,1092
674,326,7,9.542834,526
610,84,18,20.262385,542
488,694,19,4.423593,549
633,312,12,10.820975,240
411,281,17,3.999103,600
139,438,10,4.888128,807
346,608,12,9.723075,802
592,240,5,3.850291,442
13,492,8,14.634119,1184
371,187,15,19.106111,801
113,514,7,3.369883,297
440,28,9,1.220007,193
516,5,13,19.116310,531
100,381,13,14.810340,861
167,34,13,19.341313,1094
54,635,19,9.810009,447
708,744,17,16.016912,748
605,181,6,16.632597,214
222,172,19,7.859401,1151
669,596,16,15.376141,1160
17,254,6,7.077160,462
363,104,5,15.395356,362
111,355,11,9.376045,1185
611,490,20,8.756126,1009
484,677,5,7.246768,694
21,512,20,1.541610,191
638,683,17,3.075122,662
14,115,18,7.479305,816
401,479,6,17.231990,213
14,125,16,14.436245,795
471,110,18,0.382758,926
682,48,15,4.112910,654
169,671,13,9.067615,689
302,61,6,11.984569,799
369,371,13,0.370556,561
149,372,17,2.830712,532
324,303,6,2.397968,771
428,312,6,18.964584,489
694,609,17,2.536567,195
157,72,16,15.128971,354
253,462,13,10.186751,241
175,365,20,9.904068,804
636,183,14,11.414395,298
240,431,14,17.332942,380
483,512,19,0.346933,1060
14,175,10,8.456108,945
148,630,6,10.198042,807
568,687,6,2.364826,460
65,421,11,11.660493,824
433,134,11,15.049584,972
477,92,10,12.210659,1126
262,631,5,15.315620,803
672,548,13,11.241427,221
167,510,10,18.763028,757
427,584,16,11.676106,144
259,127,13,0.550469,197
67,174,12,15.799034,281
632,362,9,6.672237,761
21,142,10,3.441249,345
713,445,10,1.567827,822
342,120,11,15.008384,735
493,396,15,10.845628,870
531,22,12,8.961595,417
205,263,6,7.668640,855
126,241,18,9.957357,691
557,561,17,8.702018,1118
722,496,18,17.057746,100
87,564,18,10.108077,390
324,457,16,13.381821,934
577,706,12,4.924987,511
202,442,17,5.816623,687
187,463,15,8.783954,995
428,97,14,15.197138,168
311,336,14,18.338647,1162
117,633,12,15.835525,1083
515,424,6,6.433656,630
625,217,18,14.235222,783
616,38,14,11.712469,757
586,382,15,2.469030,1132
24,565,9,12.439604,200
89,531,9,5.851289,521
160,455,5,4.994408,812
12,538,6,4.014215,1071
534,594,18,7.072356,358
481,617,6,1.603911,306
263,425,14,1.370615,863
348,742,18,2.775073,351
192,494,16,4.552869,384
494,66,8,9.719512,455
617,380,8,2.815591,1174
344,502,20,17.391537,834
239,118,9,14.967042,384
698,596,10,14.164448,792
686,504,9,13.978152,951
197,171,12,4.014927,130
429,338,7,19.142114,986
221,69,8,15.103605,797
319,530,17,5.323903,994
269,377,13,16.260918,327
35,362,8,7.559476,345
103,181,10,17.629942,208
89,30,8,9.791312,847
507,106,16,5.432487,151
656,84,18,3.431958,985
723,646,18,10.152255,475
340,493,18,1.700441,825
610,587,13,19.131491,1100
567,15,7,15.898638,209
114,8,19,2.796492,848
558,401,16,3.018734,1122
645,76,16,19.234910,1086
329,746,13,17.427871,677
712,123,11,3.069947,1173
365,540,14,6.087313,982
67,65,10,10.139844,337
694,275,12,14.959185,1095
266,651,9,14.552484,110
702,396,20,2.888475,1174
49,230,10,4.033495,749
589,337,11,7.502736,121
99,503,17,10.103607,648
733,318,20,4.600867,145
741,49,6,16.124887,1009
271,444,18,9.727626,575
154,113,11,19.336844,629
52,572,9,15.944757,1197
369,274,9,8.286751,1015
274,744,15,13.323797,968
348,164,18,1.791827,454
422,449,6,15.716662,678
487,609,7,16.759997,1012
4,290,18,11.431887,1098
538,252,14,10.845001,944
170,442,5,0.776061,742
195,641,18,4.079851,216
137,689,10,10.910204,372
473,127,16,1.733975,108
632,230,14,2.081972,941
419,230,7,3.972603,1101
134,522,17,0.817073,1109
609,93,11,16.227016,217
562,627,17,8.138652,835
628,476,8,1.158050,578
623,147,8,7.656856,177
115,674,20,15.815839,660
442,187,6,8.858332,917
696,309,11,16.220837,460
433,537,13,4.355347,438
660,586,14,10.935236,362
281,576,10,12.442260,263
155,280,17,9.169126,462
117,579,8,18.701790,1116
729,361,10,2.706219,984
377,513,15,12.680844,343
244,290,14,6.681747,816
407,158,15,16.691239,1156
151,411,6,17.723768,1166
53,152,12,16.532030,1102
319,707,18,4.638762,512
426,640,5,8.040920,663
211,543,10,6.973906,1135
230,61,5,10.773231,219
730,234,16,18.619259,916
138,450,17,14.456966,947
319,191,18,12.300583,537
308,572,8,13.488343,734
335,355,5,15.114919,165
583,675,20,19.205124,797
744,736,18,8.638537,174
391,435,19,4.596668,530
140,728,7,13.568506,991
385,382,15,9.243016,795
663,106,10,2.139331,187
319,318,9,12.674952,735
178,82,10,16.173512,503
347,195,10,9.678486,1106
719,171,15,3.409053,856
586,397,5,9.963215,1146
462,279,19,16.448935,593
478,741,14,18.237893,1032
612,631,8,2.885060,1138
408,196,18,18.956718,735
504,717,20,10.653715,636
321,312,12,5.284826,540
83,272,18,15.230029,673
256,251,6,8.424026,486
645,459,20,20.188017,1135
739,169,15,11.950782,137
460,534,15,7.056729,1130
336,580,11,19.757760,478
486,483,7,1.490858,187
367,467,8,13.739904,1111
296,92,14,19.886647,334
273,248,13,10.467222,824
477,473,13,12.161270,1068
179,27,14,0.229991,218
15,412,13,19.102479,223
237,544,6,2.723128,1054
350,64,9,17.940976,964
56,103,7,17.366044,227
219,165,5,4.839016,413
743,534,6,8.253043,735
305,353,19,6.124651,766
317,643,11,11.215895,754
124,659,9,10.731207,285
236,639,15,7.934940,1075
11,41,14,12.852121,870
719,576,18,8.303070,1011
372,637,16,9.520305,923
440,4,12,19.443871,412
22,474,9,16.052425,360
498,376,13,5.379813,963
297,303,12,17.065873,895
130,192,5,3.923482,502
275,311,5,7.083846,994
16,516,5,16.609241,449
507,281,5,13.882697,961
705,77,5,0.481663,709
220,555,16,3.201233,634
234,290,20,13.330959,377
91,363,15,14.440236,486
278,394,15,9.684602,1109
50,252,12,19.933570,467
212,158,6,6.227332,881
149,67,8,15.700508,286
340,326,10,2.327691,1021
563,730,18,7.076470,1185
560,499,7,16.506474,544
272,112,15,7.672969,955
562,279,16,5.727918,116
685,155,18,19.042763,1167
75,218,18,0.894188,638
666,453,5,4.763897,471
454,404,19,12.120564,983
628,583,15,3.892312,934
108,481,9,3.130243,1094
354,603,7,4.339005,830
744,130,8,17.363515,1018
565,173,8,7.675152,336
611,735,15,3.549571,648
39,444,5,4.999870,1002
566,629,14,18.167414,391
635,124,14,20.415418,776
526,503,9,2.702823,273
393,148,7,2.918711,949
460,319,9,2.021969,296
511,661,5,10.909129,489
58,323,9,17.806094,921
298,662,5,12.899272,146
649,186,7,5.670555,531
150,630,18,2.479194,658
386,577,6,12.417566,140
77,29,10,19.047606,1165
327,582,12,2.353176,1157
681,536,15,3.194435,1175
443,36,15,6.183459,919
193,718,9,7.664666,158
674,71,17,4.378576,565
257,324,18,5.249053,862
692,147,16,18.702559,1006
125,254,18,3.542518,391
340,382,9,9.084235,1088
15,740,20,13.607387,340
37,162,11,10.764946,644
4,417,10,19.078593,631
640,564,9,11.568937,405
269,330,8,10.186759,1141
552,628,16,6.509853,1024
649,423,6,0.723973,1096
92,190,7,18.400998,1039
542,26,5,0.608061,509
667,86,9,14.100265,1188
615,205,13,15.010791,775
664,406,14,9.052260,188
512,702,12,1.864216,622
632,746,5,9.594984,152
146,144,9,11.555498,309
130,229,8,15.472775,573
584,450,5,11.566733,1140
447,265,15,2.836999,1010
314,617,7,18.876559,1053
622,62,8,5.063697,183
108,521,17,8.812700,1144
306,451,10,15.252062,636
354,302,8,11.034612,1046
53,716,8,18.956600,488
281,61,14,12.465414,913
197,319,14,14.881546,500
668,558,13,10.340761,153
50,240,17,14.742900,1065
264,415,10,3.875941,528
735,347,14,1.843307,391
635,574,6,12.810143,1152
428,360,20,2.681955,799
574,668,9,11.983299,665
404,42,20,13.817169,473
505,665,10,10.446842,1103
310,90,16,16.508856,156
529,602,18,6.122818,500
582,150,9,4.975275,834
470,245,18,11.002685,361
65,257,5,14.541038,833
463,334,14,3.474609,962
215,190,8,2.126296,1075
354,263,12,11.595740,413
746,615,7,12.498306,154
468,134,9,16.385403,482
298,228,5,20.242482,656
231,41,17,10.896390,1041
384,179,13,15.393497,795
571,556,9,10.735146,123
359,374,9,19.043477,1011
329,147,16,18.587614,181
301,32,9,10.548784,165
572,342,10,19.587572,1065
277,715,11,17.414468,368
462,471,16,10.228122,855
87,401,10,7.350350,664
676,253,9,15.367591,733
690,3,8,9.734974,682
81,21,5,11.994276,305
333,714,17,1.124174,1141
130,203,7,4.682134,926
672,252,16,18.174134,728
577,199,16,1.091976,166
421,635,11,1.982146,1005
708,685,9,19.324725,396
635,699,5,9.010582,456
540,56,16,0.039319,225
185,710,6,16.580106,763
115,599,14,13.517592,672
557,424,15,16.101339,1123
633,676,6,16.546376,911
670,667,11,19.508824,1128
682,49,13,1.551643,688
661,189,7,4.085282,658
260,350,10,14.256114,866
648,533,17,17.976898,259
709,194,18,15.556455,418
373,655,10,9.487903,385
644,90,6,4.219459,775
78,277,12,6.853737,1082
450,173,14,12.770099,969
122,204,12,8.107377,306
302,255,5,0.671564,1175
418,346,7,16.969447,1030
625,272,16,16.101680,671
88,437,14,13.793169,395
541,35,18,13.681493,910
402,303,18,9.531234,146
570,687,10,15.460526,375
519,308,15,7.781683,1178
32,196,6,20.437789,315
267,706,20,18.119594,401
414,676,11,0.058172,395
315,66,9,7.889811,380
278,594,12,17.074700,1189
575,120,11,5.698138,204
418,88,8,7.786180,322
388,72,15,1.517049,741
319,553,18,7.125961,617
62,91,7,4.547747,371
541,530,11,5.778780,945
699,381,17,14.912393,129
381,117,17,4.390000,152
29,74,19,12.503637,559
285,673,11,11.504078,520
474,243,16,17.880434,856
485,371,15,11.739113,328
49,637,6,8.357825,975
226,649,20,19.963349,514
388,256,17,12.809621,688
52,8,16,18.726017,881
511,459,17,14.005372,607
311,569,20,13.925708,500
553,628,18,10.853709,313
319,444,19,14.067485,179
8,362,13,1.616572,449
515,56,10,3.600791,701
60,391,14,19.774295,454
187,529,6,12.921640,276
526,248,13,5.841895,962
590,292,12,9.509824,315
134,690,7,16.751435,404
248,44,10,18.335561,134
211,570,9,12.301625,860
345,78,5,10.609083,559
313,158,8,12.726443,963
623,554,16,10.840166,907
730,699,18,5.275489,602
671,116,17,0.537039,233
234,462,6,3.960841,458
670,274,18,14.524910,1102
331,326,8,14.395184,800
400,46,16,6.861771,842
742,443,16,2.768698,1048
418,169,8,20.156949,833
340,544,10,9.032453,520
94,735,15,13.757966,208
280,114,17,12.488622,700
584,702,16,4.676584,862
369,428,18,2.283369,1162
159,156,17,9.814235,539
80,133,20,5.404734,847
522,658,7,7.161310,1000
189,713,18,9.001502,1160
5,287,13,16.670997,1162
628,654,11,7.182670,728
41,723,19,16.013398,168
268,11,17,12.961708,1071
744,593,8,17.500875,828
575,571,5,17.630356,1008
66,495,10,5.021162,984
190,347,19,13.126621,1060
394,169,18,11.842336,940
700,320,9,16.993602,788
115,392,5,14.993850,772
349,322,17,15.346546,684
321,449,10,11.361409,1119
120,631,20,18.093208,127
695,254,6,2.861696,226
704,488,5,16.675016,305
390,717,16,9.972999,1022
212,226,17,3.364904,353
43,335,15,16.971759,219
578,724,20,13.445376,353
369,220,9,3.973362,756
227,204,16,1.996404,1031
495,131,7,8.481912,954
489,299,8,0.502748,811
399,12,12,4.202078,707
742,239,12,7.316663,143
203,710,10,0.308622,497
564,263,12,7.285110,424
23,467,13,12.611861,973
243,725,14,13.905163,638
735,417,20,3.524807,303
105,171,15,4.461290,591
406,601,18,7.758441,284
202,319,9,14.278449,288
689,434,9,13.308737,863
707,637,14,20.480448,663
137,463,18,14.258883,1145
371,672,5,6.496523,155
672,579,9,0.408991,758
90,370,14,15.728119,480
222,536,10,10.018456,907
349,190,18,2.763514,775
740,165,17,10.968592,329
132,737,17,1.691649,195
82,79,13,3.092354,1020
71,173,18,11.541378,1024
408,131,7,13.458399,469
691,532,12,0.382200,478
263,648,5,8.570552,1102
518,656,12,9.003224,322
591,563,5,10.141135,166
32,170,11,6.193255,995
292,722,5,15.871260,844
318,469,9,10.995335,1128
632,593,10,13.039813,788
147,300,17,8.939597,287
441,185,19,15.335587,697
569,554,9,9.404997,776
369,63,6,3.000434,541
648,546,8,1.008974,108
162,354,8,1.833056,1112
637,430,11,2.769031,732
150,643,9,7.167386,524
227,656,19,15.796836,270
187,261,5,18.903682,852
255,477,8,4.704256,438
72,450,18,1.160587,238
196,510,10,5.939407,491
8,381,7,2.242907,834
628,425,17,17.357283,834
170,363,17,11.380324,648
180,482,13,5.221585,817
572,270,6,2.444498,195
488,674,17,15.617161,959
321,319,8,14.654890,161
669,535,19,12.554716,130
343,7,19,17.720032,1151
520,341,11,15.995994,1200
101,221,20,2.422918,296
405,192,8,14.546860,263
614,494,9,2.922714,1024
718,369,13,7.239351,801
728,391,14,0.238091,424
530,476,14,10.632049,979
484,53,8,11.660338,326
250,157,8,17.271238,852
106,569,9,10.334271,1162
525,319,12,16.853694,548
296,434,7,20.071359,183
222,741,9,17.017903,1138
128,168,5,13.456339,898
218,611,16,8.574535,443
709,133,10,13.296859,195
459,139,19,17.681726,580
256,605,5,7.485018,431
188,630,5,10.538209,964
82,399,8,10.478870,959
192,665,7,11.466968,1104
336,412,5,12.145423,246
38,176,8,11.780831,955
273,456,12,11.039062,394
25,596,11,13.285748,217
355,433,17,5.292643,1159
682,62,18,0.043095,1029
452,614,7,19.001072,673
614,165,10,19.184485,899
405,36,16,5.287890,937
666,381,20,4.004296,1108
372,497,19,15.526873,697
490,406,12,14.047934,346
605,26,17,16.684114,139
532,331,7,8.384267,816
633,297,19,8.034529,301
525,515,20,6.139194,598
607,72,9,0.238436,877
472,301,8,16.544303,440
525,134,15,14.763618,160
247,181,14,2.503571,616
24,319,8,6.365626,492
56,19,18,13.444516,584
474,214,14,11.609747,1159
369,253,10,9.643735,469
183,477,9,12.298172,1030
323,692,10,10.440867,340
558,8,10,5.031251,376
454,642,10,10.117398,809
648,155,5,12.481803,836
418,618,13,4.685791,767
274,191,5,12.541238,376
439,300,10,8.238417,485
587,48,6,4.204695,1059
413,644,18,14.899338,590
511,324,17,1.754483,286
638,627,18,12.899806,331
106,179,18,7.328272,140
139,192,12,16.199121,258
293,438,17,12.383726,838
217,479,6,14.997801,151
56,624,20,5.875231,1134
378,98,20,14.846588,1140
237,457,5,14.226154,815
407,281,16,6.424369,572
412,255,9,0.059021,1115
495,290,18,14.765215,691
415,513,11,17.414045,432
307,533,19,7.408368,846
159,473,19,7.412079,221
481,594,10,14.726371,557
525,239,17,4.246409,229
248,518,11,2.907745,1021
438,381,12,19.669608,339
384,333,11,10.650951,1148
335,135,14,18.229553,593
434,391,12,2.158858,236
101,296,15,15.314216,1182
657,343,16,4.962984,467
457,530,8,20.061368,419
416,5,17,20.245258,810
186,105,8,18.135378,810
716,537,15,10.324148,730
176,512,17,1.919607,1123
45,423,13,7.081787,1185
439,379,17,11.376360,884
723,118,8,12.714557,644
417,15,6,13.071400,441
673,93,6,16.704390,1027
703,77,18,13.507721,811
40,101,16,17.310853,849
302,215,7,14.780053,1192
449,643,20,16.699033,804
123,359,17,6.769479,1069
590,148,8,2.072343,185
736,144,7,15.126166,1066
37,290,19,4.728534,339
92,198,9,2.897601,996
625,168,9,11.922016,585
401,199,13,0.085793,405
312,516,5,4.140090,347
480,730,15,9.329053,268
647,72,12,1.448317,984
511,626,7,12.448903,555
556,261,17,14.591579,414
87,173,13,5.924404,109
348,379,16,18.769662,225
571,226,17,19.339229,349
157,201,20,13.398262,726
53,404,13,16.396708,536
83,14,18,9.209680,572
50,741,5,20.296871,777
369,467,5,5.762282,972
52,470,20,9.614335,505
498,360,11,20.023120,1078
726,21,8,18.623236,987
720,585,11,4.634800,463
407,412,9,5.683521,678
606,685,18,7.814533,806
31,535,14,3.346618,469
663,109,18,16.148966,316
720,374,10,2.094737,618
235,393,20,8.945435,730
382,488,13,19.003721,105
197,100,12,8.582872,758
52,479,13,3.630765,186
441,506,16,18.066451,139
43,596,13,2.973228,408
672,248,17,1.692687,443
431,683,15,12.376884,1053
238,28,9,15.573628,1003
65,609,16,8.978684,991
224,263,8,7.053511,922
339,471,15,5.243405,859
527,274,18,11.872456,164
342,94,18,15.021781,981
46,281,19,17.143221,628
730,241,11,18.455719,713
193,254,5,1.021597,104
306,1,8,9.347076,262
525,491,5,8.561992,922
304,232,19,8.525937,295
301,378,19,18.789010,966
243,208,6,5.135918,883
693,452,17,17.370205,914
131,392,17,5.809098,1065
495,405,14,16.811645,236
635,685,18,9.080781,516
563,365,17,15.458157,882
529,36,16,10.219575,501
249,125,7,4.102215,190
263,668,19,11.710198,240
515,225,20,2.255084,507
76,529,5,0.008603,444
682,512,9,13.197744,935
200,307,16,12.301445,316
337,195,15,17.930544,722
110,68,7,19.775769,212
124,748,16,5.328255,1181
196,441,12,8.312329,293
189,617,19,6.581055,738
203,88,13,20.329908,944
164,488,14,10.538528,515
507,65,11,6.835407,458
478,716,10,12.132373,1038
182,199,10,1.598696,653
435,568,8,19.856808,257
240,745,20,15.938551,619
480,199,12,20.109060,1152
47,132,10,4.964497,607
706,85,20,18.210278,997
609,370,20,9.027156,869
366,352,11,15.008509,151
12,569,17,9.378329,445
169,172,8,12.056638,422
373,359,13,12.702244,313
622,299,9,16.008968,979
496,389,6,8.686719,278
39,605,10,0.683922,1077
469,683,7,0.604490,696
691,527,13,1.511635,830
13,249,16,1.214709,278
88,331,20,2.984623,610
521,256,17,14.692086,156
603,532,7,18.849174,1026
307,93,19,11.129653,648
743,349,11,2.065607,983
349,575,10,1.038660,1162
561,496,9,3.101392,365
114,139,6,5.836047,894
213,437,15,18.795393,258
39,393,16,16.047989,261
744,337,15,3.561316,210
251,38,7,11.472051,934
311,178,14,10.717350,1007
742,257,18,4.063365,192
8,598,13,7.147379,389
217,482,13,13.084678,1027
593,203,15,6.691685,233
491,88,16,18.984621,738
272,217,15,12.114250,509
322,330,6,7.110571,484
102,568,13,1.182956,1133
243,137,8,7.169267,491
268,638,19,4.469058,464
305,105,7,16.900014,272
75,321,18,13.726977,795
422,292,7,10.007669,780
706,639,10,2.363710,121
701,482,19,19.737353,630
592,624,19,18.954922,478
593,691,17,12.076872,247
590,641,15,5.797364,877
121,27,8,9.732063,922
537,741,6,16.404717,355
572,491,9,12.889917,633
158,69,9,4.497995,115
158,427,5,11.065467,662
444,744,11,14.389996,165
483,546,15,17.789549,886
502,254,6,13.397509,785
193,211,19,4.188453,511
469,35,6,5.434115,207
277,166,14,6.242232,613
462,4,7,1.436064,624
579,305,19,9.957968,990
292,216,15,20.145261,1160
30,556,17,19.163306,627
514,404,17,6.898507,1172
654,526,16,4.054701,444
653,371,15,16.102185,1177
251,61,13,13.910784,895
36,306,19,17.421481,561
16,163,19,15.693399,699
235,632,13,3.022934,1170
519,201,14,8.590766,695
739,79,12,14.392127,956
195,559,6,7.975379,253
582,47,9,8.209680,611
548,106,10,6.016065,819
477,141,5,11.886826,201
230,578,13,0.052333,560
290,612,14,11.337197,673
4,88,15,17.386387,991
256,220,18,6.040199,414
699,476,18,20.108495,896
289,625,5,2.199524,756
229,56,17,19.708430,844
163,266,8,1.302480,622
183,178,6,3.732302,251
151,170,18,14.354336,261
108,378,11,6.767022,178
215,335,8,19.624623,406
240,135,17,8.050630,1049
314,273,7,8.300191,849
254,242,17,2.568614,193
69,282,12,3.233046,834
95,96,20,1.550162,577
315,538,14,10.938323,320
364,251,14,10.985862,670
266,318,12,14.180632,752
172,705,18,2.412555,1175
139,344,14,11.952492,584
666,82,10,10.969362,836
142,154,11,4.834977,929
92,202,12,8.792149,943
21,287,20,7.871188,1076
659,539,17,19.716624,805
392,8,11,20.030267,591
615,256,7,14.698333,141
573,567,5,6.300536,646
82,294,15,11.058294,1123
338,557,18,12.760080,1183
89,25,11,12.463664,1177
384,135,10,8.306467,778
697,20,16,9.495360,403
277,302,11,8.140791,1139
382,223,8,11.591641,105
43,389,16,9.630236,1015
493,517,13,12.460032,640
274,43,7,12.330225,813
647,398,9,8.108948,1106
109,64,11,1.310504,421
333,155,7,16.568606,1150
580,220,15,17.580775,527
381,126,18,10.711638,369
442,72,12,17.739959,428
547,676,18,4.475803,534
454,544,18,5.103556,1179
270,334,12,6.091924,793
695,97,19,2.568391,666
300,702,10,2.686212,510
666,1,16,10.330654,485
62,433,12,17.759802,819
443,586,19,19.544613,166
512,137,6,16.229929,578
351,411,13,3.373231,274
108,75,16,9.664122,448
357,745,6,4.758825,902
735,331,10,12.327671,653
371,380,14,17.027590,523
205,643,16,4.988216,771
586,96,15,18.969600,427
246,235,10,15.691266,753
537,626,16,6.805113,982
74,471,10,5.001715,500
686,377,15,12.706774,207
714,649,11,6.437712,999
724,514,11,5.601731,1123
556,3,11,17.041108,102
681,61,5,14.987182,864
738,124,11,5.958371,917
553,65,7,12.699901,301
273,90,16,16.932450,678
342,147,19,18.349580,887
710,385,13,11.677023,1081
560,235,12,14.531294,134
257,78,16,17.440487,1152
323,312,12,2.879536,661
507,273,17,6.778451,638
709,566,12,8.288377,882
87,542,19,10.289981,345
683,22,20,2.496033,693
520,110,18,2.829756,421
622,550,15,10.642489,306
359,31,13,19.033247,760
23,371,15,19.221363,636
671,525,8,12.932108,548
502,450,13,2.372592,1022
497,214,11,11.003210,436
477,527,14,16.982487,918
605,685,5,16.974648,207
23,548,18,7.886846,544
414,601,17,19.063874,697
44,437,8,11.794396,814
25,31,7,19.667666,136
316,664,13,10.989178,103
117,578,20,2.529012,1015
662,604,9,1.110191,1106
379,636,17,11.816410,1178
733,441,9,1.546364,569
149,152,13,18.611147,761
526,565,6,19.907970,237
339,218,5,17.317598,869
26,614,11,18.254770,238
183,642,11,10.835361,969
183,548,13,6.423586,304
36,116,14,7.982616,454
402,426,9,18.899183,210
324,687,15,10.324181,987
77,553,8,15.816231,890
463,732,17,1.407967,942
248,465,5,8.128615,683
61,8,19,2.642589,1008
328,745,18,5.486290,312
660,370,12,10.914941,480
510,486,6,8.512158,231
535,61,5,2.763285,742
543,216,16,5.783699,1139
488,241,12,18.467320,752
415,539,14,14.271618,107
17,44,10,11.792307,162
415,279,15,15.054498,508
42,651,6,12.168136,682
675,148,15,6.454048,106
721,689,19,9.779171,988
732,597,9,10.711056,497
400,292,11,11.322937,716
628,356,10,9.161084,1066
693,699,6,18.668901,279
70,43,12,18.930591,350
182,258,18,1.209209,1007
321,326,10,0.834676,744
161,217,18,11.051692,671
395,452,15,8.397978,815
521,308,18,16.813931,712
2,542,17,16.670891,613
448,40,13,18.506079,461
58,680,9,12.918865,1172
320,241,10,9.956268,951
59,172,8,15.646135,887
489,8,6,15.104385,665
644,607,15,4.897931,679
700,616,8,11.745019,1025
173,263,12,19.050030,703
519,651,10,7.879081,735
230,565,7,20.051883,922
375,503,6,16.190282,771
135,478,7,1.661091,842
499,104,16,7.382891,922
610,715,11,7.571917,1083
121,696,18,6.086926,1145
254,662,12,3.782327,810
401,580,11,1.820942,385
574,85,9,15.264627,1183
339,333,18,0.494851,767
45,502,15,15.929100,837
590,673,19,5.053471,533
325,728,6,5.476044,124
108,560,19,19.963673,206
594,43,16,8.764607,992
635,193,12,9.850535,1113
289,116,17,12.993933,506
144,516,6,7.958265,215
366,539,5,7.881567,1020
374,229,10,3.068407,603
509,512,5,16.720201,206
553,592,15,11.547884,1070
245,391,12,20.463266,555
52,203,12,19.964810,259
432,87,13,17.764821,880
239,530,14,16.302478,1030
42,443,8,9.734042,629
465,186,7,13.964108,403
379,647,16,9.198562,529
404,579,12,19.711526,612
660,637,18,16.362290,607
569,624,8,2.505986,677
225,693,20,7.169713,986
274,88,8,16.519987,478
128,440,8,12.719913,363
113,158,13,6.983976,791
147,459,5,6.140474,1036
90,458,9,17.463175,403
688,304,18,7.337399,550
180,8,18,18.061937,1117
274,489,7,9.634799,195
675,717,9,11.969197,1046
280,319,6,4.187136,199
33,479,10,16.911837,840
392,405,12,19.301274,600
606,167,5,20.481293,715
741,728,8,0.783532,671
440,372,12,5.985860,672
529,561,15,5.405076,847
586,331,17,19.760624,1030
96,601,8,17.495046,1017
732,529,12,3.664961,670
195,376,17,11.932948,1081
102,379,17,10.477927,710
654,584,10,15.996770,886
22,349,12,16.182037,1152
191,367,12,12.270812,579
131,609,8,3.074095,920
598,717,18,3.670652,949
66,313,14,1.195132,828
52,225,10,14.317715,329
89,539,7,4.830390,525
5,399,12,9.215940,140
428,411,12,4.767384,1117
0,8,14,10.920061,293
505,51,10,10.263131,396
78,222,5,8.872536,1139
10,510,16,2.336503,129
687,261,17,17.687287,180
495,16,11,20.407213,1036
98,81,5,4.117768,912
257,541,17,1.499829,534
80,393,18,15.371134,462
222,624,20,18.486673,860
664,361,16,3.284148,460
617,668,20,1.863422,781
419,288,12,8.883357,1022
127,434,6,4.340725,549
63,311,17,5.735672,238
67,508,16,5.744732,371
186,528,7,18.995158,920
454,243,12,3.453889,848
434,445,7,12.830759,365
46,77,12,10.353576,1041
34,296,5,14.303317,128
459,350,13,19.085514,202
117,110,15,9.437275,1175
226,350,11,12.887295,715
478,378,10,1.123104,483
82,534,9,15.478280,1140
310,627,7,17.966298,292
663,681,8,3.949546,670
207,302,12,17.610456,977
557,444,14,15.365962,803
236,183,13,17.073185,771
374,506,9,17.557323,825
92,348,16,2.863543,760
230,474,13,14.951312,138
738,682,17,16.028547,1155
33,14,14,2.510781,168
285,70,17,16.212405,611
467,353,7,6.807918,675
272,245,14,3.262489,398
238,23,12,13.801949,1069
323,342,5,17.506026,1136
723,385,14,17.448908,1012
643,238,5,19.084395,1000
690,702,17,2.161817,208
72,123,9,2.043025,1197
493,570,5,16.454585,533
416,146,12,10.423095,568
359,470,6,0.231189,371
27,569,10,2.304565,774
571,141,13,0.662163,619
193,554,9,10.168913,353
362,318,11,19.740347,411
548,515,10,11.396624,555
41,725,5,12.094849,921
749,277,12,1.173171,1024
55,22,5,1.752221,514
203,72,6,3.324791,624
652,517,16,17.463978,280
500,498,17,2.486353,112
534,329,11,13.432459,867
415,489,16,12.731506,537
107,540,18,16.266632,940
524,392,15,1.465819,1088
400,715,12,9.927243,986
675,174,13,5.430625,1014
654,186,20,17.537800,694
114,462,15,0.180347,164
326,529,18,11.056822,832
52,96,19,8.358559,747
602,418,17,10.486436,458
280,670,15,20.143857,957
191,27,10,11.979568,670
607,463,14,11.920734,203
472,258,17,0.736294,126
51,273,7,7.506729,519
350,622,20,3.006837,253
504,205,6,1.750599,975
536,513,14,11.866440,858
409,246,6,17.964534,944
302,268,17,16.317049,822
667,136,10,12.956708,363
455,628,18,11.983365,524
95,742,10,0.097404,163
523,123,13,15.432576,547
436,119,7,8.751466,763
509,736,15,3.464874,493
709,482,8,13.070182,825
199,213,20,13.409218,900
646,386,19,5.556268,679
550,540,11,19.879436,1058
458,717,7,9.110348,975
422,405,11,18.068238,949
702,194,12,15.485106,494
596,414,13,5.258573,171
274,23,9,10.318820,842
543,643,17,19.169669,851
559,470,6,19.796712,982
706,499,20,6.719460,1117
172,644,10,14.707844,414
526,668,17,6.646066,259
251,605,12,8.765503,511
607,440,16,17.464533,768
118,29,12,4.187450,851
246,669,9,3.842563,213
188,315,11,0.366850,939
601,711,7,3.592695,1095
86,364,7,19.524688,277
38,50,13,18.447331,696
730,553,14,11.685206,622
642,71,18,9.471795,719
49,606,16,0.933662,401
2,533,10,2.993745,737
524,685,18,2.826568,823
127,9,17,4.898384,332
352,142,20,14.775494,535
177,138,13,7.056159,475
117,349,18,18.011072,427
535,221,20,0.716281,1179
475,512,17,3.697888,1084
355,659,18,6.461851,158
68,436,12,2.002739,365
535,524,8,17.448890,932
364,205,6,6.792791,1117
666,234,14,18.412822,810
443,575,14,0.580240,618
247,163,10,11.118093,216
224,8,9,8.353331,1193
269,353,5,4.560512,381
5,156,14,1.821386,276
703,106,14,6.299004,627
216,674,17,18.676659,152
668,564,10,19.516857,323
388,560,13,14.165071,494
313,633,11,6.179487,1129
258,449,20,8.799655,944
351,741,13,8.340470,329
344,538,20,11.369842,1058
374,633,5,10.894674,990
307,286,6,18.020780,890
508,230,5,5.024844,396
564,587,12,13.424772,384
722,445,14,12.382651,1074
624,61,6,16.662508,1149
228,264,16,5.460034,555
235,288,6,8.406623,984
298,648,13,13.394372,394
324,160,9,4.573741,936
396,139,8,9.844178,656
327,510,6,0.036415,135
410,118,13,15.040253,727
9,657,16,16.393544,729
573,530,13,15.513507,580
652,520,15,15.830858,879
308,558,8,10.201909,127
566,722,8,16.788420,1075
442,642,10,8.233986,741
248,312,6,1.055141,1154
631,585,9,12.172704,831
490,585,16,16.472164,815
516,245,11,13.482332,909
50,404,13,15.508206,142
559,575,20,15.519811,602
115,506,9,4.270839,1162
150,102,5,8.908364,641
417,224,19,0.269779,856
166,709,8,11.147618,187
35,472,18,12.210967,506
486,468,12,16.913158,893
4,458,13,2.664577,330
95,420,18,2.421930,1084
49,582,12,14.550947,1130
221,558,5,12.349330,960
199,45,11,17.066529,262
601,41,17,18.299596,1061
456,614,10,5.876256,671
451,517,18,15.778739,1051
7,103,5,16.056161,139
543,74,13,10.785612,378
147,734,5,15.247684,208
688,113,9,5.873543,969
497,678,20,5.594925,1114
685,365,9,3.172761,1195
17,423,14,13.217493,1175
261,429,16,15.278608,494
209,183,12,5.028967,673
477,622,16,2.999746,102
619,77,17,14.417392,929
663,242,14,12.796205,625
29,631,10,5.782363,518
555,485,13,1.618673,355
427,448,15,13.202218,1019
202,439,19,9.048134,1054
447,615,8,0.440923,968
306,404,10,0.347485,978
477,673,20,14.403848,561
372,623,6,14.384591,218
454,183,9,1.569409,649
151,184,18,18.293009,941
468,231,9,7.781874,1060
589,473,15,1.628109,867
517,75,20,5.908314,444
393,562,11,3.314332,549
149,133,9,8.202842,981
287,714,19,1.881676,624
431,514,13,16.619661,628
39,48,13,1.751213,739
445,537,18,4.259344,1034
670,343,7,6.640396,883
371,173,8,7.848739,805
551,90,5,4.419137,215
92,371,9,15.767976,338
333,283,16,4.656372,396
541,26,15,16.389162,926
428,121,8,4.428975,946
159,633,8,16.904387,995
377,162,20,0.689749,686
207,387,11,0.131608,500
393,355,12,1.546678,132
15,738,5,4.973309,1014
322,77,6,17.227324,915
127,594,12,11.696877,776
706,575,9,3.487883,505
545,97,17,12.454970,1185
104,535,13,20.416304,989
566,449,20,19.301726,758
532,71,10,14.637930,157
292,480,11,0.595107,395
171,444,11,9.504658,798
523,288,5,15.228115,688
332,292,17,3.135187,217
682,664,15,14.972231,399
7,594,8,1.378772,927
441,47,11,1.675272,607
366,458,10,14.468091,479
174,680,12,8.089500,455
200,678,10,8.803382,349
172,509,19,13.764057,288
512,105,20,3.310003,829
41,106,10,17.646491,1016
186,665,11,5.803962,454
425,346,10,2.288370,641
3,591,18,19.593411,512
175,737,17,7.969268,394
193,656,12,18.970551,831
581,373,17,17.639998,112
404,38,11,5.300525,912
431,33,5,14.425774,347
680,70,18,1.221065,836
97,617,5,7.087903,1096
680,269,12,4.327426,435
606,681,13,14.333568,477
208,644,19,9.217882,735
578,583,13,7.283535,724
675,124,6,2.672718,596
541,39,10,13.209838,783
16,548,20,13.018263,1079
411,665,19,19.076581,591
243,589,14,2.537030,1196
232,703,20,8.564164,816
582,405,16,13.112777,724
521,389,13,19.354661,559
721,23,16,8.394052,1015
318,65,9,14.687906,747
662,526,16,10.831715,1081
126,592,20,12.956836,989
33,12,13,8.469174,585
65,90,18,15.019140,326
427,532,15,1.298147,692
299,610,19,16.499416,114
142,550,17,4.905014,1050
719,299,5,2.996918,173
502,167,18,6.153008,953
364,484,13,9.588890,623
252,46,7,13.199677,696
247,728,17,1.867783,1145
694,675,8,5.327192,173
637,658,20,16.756141,731
554,365,20,12.266327,718
209,255,6,15.650351,944
641,514,19,1.203391,1181
675,48,17,19.780742,1084
746,131,5,9.521371,715
333,290,6,11.228462,776
462,595,19,17.421342,241
532,393,20,4.132581,327
194,437,9,2.366968,198
199,309,20,0.176533,709
84,497,17,11.031597,441
292,564,6,3.188762,282
514,376,7,13.565105,1126
723,75,18,16.376054,1115
134,486,18,0.189569,1075
676,583,17,15.501051,257
550,121,14,0.221593,1158
533,41,20,5.676782,983
166,320,17,8.134600,325
685,101,6,1.244070,295
738,254,6,6.441123,599
542,424,17,6.875438,766
23,335,9,8.864159,447
680,484,16,14.555926,1003
728,202,16,13.798809,940
85,88,10,5.002046,282
503,515,17,16.327616,272
680,608,17,1.272430,1177
2,374,7,0.731987,289
293,201,8,19.775962,537
393,644,16,2.921904,860
146,430,8,13.900085,1140
435,682,13,10.061782,580
152,61,16,7.242121,139
702,696,18,8.181429,170
350,227,7,16.204164,165
247,73,14,5.610892,605
568,495,15,12.616586,147
289,546,11,10.767211,597
358,19,15,14.655871,726
474,729,20,19.706601,204
54,163,19,9.092332,806
532,361,10,16.890134,391
682,127,19,6.545455,987
82,48,8,3.693381,432
298,114,12,0.182859,1011
435,208,10,20.152710,243
387,549,11,1.694601,775
725,33,17,3.646794,1152
263,275,18,7.284182,130
366,30,16,19.568821,735
396,46,10,19.873965,677
486,261,13,11.964856,792
513,661,19,6.265980,845
214,676,19,7.272995,421
699,572,11,11.569435,552
533,194,15,15.270222,986
176,724,20,2.278904,161
191,49,8,9.125757,397
166,276,20,20.309950,849
46,530,11,6.188130,1013
477,161,17,7.565772,294
673,560,19,16.873819,323
209,409,19,7.773737,1142
203,425,16,1.390803,175
719,486,17,11.878306,482
186,132,16,18.055827,741
252,748,17,9.090477,1149
745,489,12,9.464654,262
141,711,8,16.672904,726
6,688,17,18.703721,1199
167,436,12,5.629947,380
524,467,6,10.019903,772
174,669,12,16.673448,710
309,637,19,17.570204,913
613,178,18,16.439219,219
194,738,5,8.379693,890
714,702,17,15.276830,244
35,621,16,5.759454,849
291,413,6,13.928395,1091
452,92,5,8.699287,853
243,28,18,12.188050,242
531,60,18,12.710636,990
530,313,9,1.825915,1151
508,436,16,19.105391,910
289,489,20,14.412986,209
167,122,9,10.476468,231
453,120,13,11.018520,219
123,118,9,4.615134,688
507,531,16,2.554036,810
740,242,5,4.836286,654
158,447,9,2.048012,1156
134,748,10,15.064383,1131
89,540,5,19.514187,781
290,235,13,6.142072,372
25,1,18,1.161875,113
749,246,9,18.308793,133
376,524,13,20.052849,674
237,368,20,19.229282,378
182,366,16,14.167855,633
532,744,11,20.333509,579
167,74,6,4.921656,1098
560,133,12,11.024665,890
163,651,16,2.347435,748
434,516,5,8.006347,769
365,350,19,0.089443,892
527,97,16,14.151594,588
337,537,13,0.645624,411
564,309,13,9.359730,858
675,11,7,9.288321,1071
190,664,12,15.408427,296
241,647,17,4.981619,540
192,714,12,9.779442,134
268,324,7,1.249430,387
162,236,9,5.640885,973
206,103,20,15.681272,942
329,626,16,1.228020,1041
352,665,19,7.502396,341
245,332,17,16.371151,461
663,252,12,11.772906,359
292,256,13,18.425600,448
331,245,10,19.891708,932
19,135,10,6.443280,1149
592,634,11,17.587228,277
366,339,15,0.568701,939
593,7,11,8.211309,506
101,393,14,17.844350,671
93,411,13,9.236700,677
638,747,19,15.510605,595
728,484,13,6.211550,733
743,567,19,9.150400,665
43,227,16,7.241302,143
99,423,6,3.815846,1178
57,201,20,6.570092,423
711,298,14,9.460311,1162
154,416,13,6.777714,750
432,232,10,10.297938,648
358,438,14,1.405026,601
175,593,19,6.520600,615
250,391,9,6.651910,495
346,517,14,4.872296,341
601,76,15,1.127462,441
443,146,11,15.367122,116
319,194,9,16.857665,346
495,714,6,6.946433,592
349,241,13,10.185738,615
687,520,19,12.331088,281
234,292,17,17.841177,1090
545,66,12,6.492284,376
149,352,16,19.385074,419
453,14,7,17.585255,811
298,198,16,0.397304,1192
87,635,19,2.921820,875
162,193,15,20.205431,515
13,341,5,12.632111,399
326,709,13,19.793994,1044
488,507,17,5.902561,241
18,287,18,3.328649,665
367,428,5,7.496779,1066
48,334,10,10.688935,126
468,300,7,6.348554,1183
285,338,13,20.175851,741
713,313,5,14.500091,961
672,521,16,7.982386,208
242,268,14,3.270926,521
61,79,8,5.026203,804
31,192,15,2.310967,716
235,504,10,7.502436,497
423,688,17,17.008489,638
389,172,5,10.608717,264
561,30,15,13.468601,986
183,312,11,10.095599,614
467,610,7,1.510139,726
458,718,13,19.791418,153
712,735,18,1.671514,860
149,290,14,10.465125,1171
139,291,10,4.583385,418
365,154,7,5.263763,981
608,324,14,15.558069,1057
514,354,17,15.700139,522
496,718,5,8.659456,1194
305,292,5,17.802853,405
699,715,5,10.305956,347
76,23,16,10.722410,1139
623,675,15,8.794449,1002
514,325,20,19.350619,850
326,662,5,13.353412,613
269,490,5,20.239364,1047
112,533,16,15.223821,675
733,2,6,0.023710,732
185,714,11,3.968770,517
24,335,20,6.927955,565
646,558,6,0.831629,530
486,543,6,7.953261,594
669,581,8,2.089836,507
264,485,18,6.541706,425
597,467,8,7.582777,653
727,416,7,17.914590,991
564,732,10,4.964171,1000
462,71,11,4.036513,728
309,724,20,15.519161,208
84,629,11,18.977619,1089
77,449,20,3.421031,696
395,373,15,11.437866,1148
47,306,8,11.738258,1011
605,278,19,4.156593,292
94,641,15,1.368958,1147
529,507,14,4.329749,701
154,58,17,15.984316,1138
705,342,13,3.971993,657
67,616,17,10.021588,943
20,199,17,8.306961,274
373,461,5,2.628047,1180
486,70,9,19.507504,510
726,671,5,0.562286,764
300,634,17,0.120083,323
351,21,11,2.440454,599
442,610,13,5.189513,677
210,701,18,1.131167,1171
361,373,8,15.484861,731
584,97,12,18.109884,782
95,660,20,10.964570,1150
568,529,14,6.303491,325
276,202,6,3.206268,119
162,689,5,8.441978,410
679,691,13,5.402515,346
89,399,18,17.812252,517
548,153,12,8.485457,550
653,448,5,1.267577,132
103,166,12,0.383452,411
727,41,15,4.346547,449
143,319,12,11.573169,345
398,213,18,14.401499,1073
499,569,11,6.497429,889
701,640,5,18.230126,835
414,7,6,19.700533,463
37,120,5,8.875264,240
461,481,6,18.232383,375
342,143,18,3.133775,235
491,736,9,6.865460,174
39,552,19,3.370861,203
689,205,6,16.609641,364
226,180,7,12.878798,1150
271,202,20,11.528994,221
400,332,10,12.180839,131
143,283,12,9.591402,1172
551,171,20,16.611536,206
494,746,16,16.972290,546
319,97,15,0.127780,383
378,565,8,8.145747,1015
639,537,6,8.112799,252
671,81,18,20.413307,761
585,574,5,9.314013,819
509,280,18,14.071190,1108
34,376,19,7.958358,998
395,657,7,4.962164,770
516,31,14,19.535927,657
365,655,12,15.131886,1186
675,640,20,0.105674,313
87,534,11,13.899270,1124
611,584,14,12.972118,325
276,279,10,0.447598,530
333,596,19,8.930228,488
408,53,9,17.828616,547
625,221,19,14.743510,875
167,501,14,7.893297,134
380,43,16,15.747231,1182
261,628,13,14.682368,229
86,376,9,10.598560,381
35,172,18,12.973509,623
616,599,15,12.520830,575
625,580,6,13.845133,910
278,343,18,8.972414,1135
548,737,6,8.022637,969
134,503,9,4.817267,873
273,414,7,9.907843,417
75,631,16,14.648585,1177
285,329,15,15.587487,289
229,603,11,5.786212,123
650,229,18,16.178756,1074
250,438,11,13.506791,1052
567,158,16,19.504958,841
92,431,7,7.023695,634
395,229,17,14.083128,110
454,277,20,1.279993,1183
142,435,11,12.631864,1138
710,311,15,8.367019,866
315,454,7,8.153211,327
662,324,9,13.853543,649
629,603,7,17.710038,1048
662,542,11,15.092263,644
137,417,18,3.832984,809
687,216,11,11.484936,1079
712,260,17,17.483793,648
730,416,16,10.289262,933
406,429,16,5.281678,586
183,668,17,3.023170,251
377,664,19,17.999820,652
361,592,11,6.762942,846
73,577,20,2.181485,1046
620,508,5,6.435809,507
310,347,13,6.278470,757
15,411,15,7.380352,385
229,530,7,17.602949,116
582,308,19,1.351390,1145
164,150,14,19.843864,559
701,125,15,1.490994,1068
262,161,9,19.070841,254
658,439,6,10.149703,222
144,513,12,11.097691,293
742,61,18,12.515574,301
523,571,9,0.884080,170
641,281,14,13.202364,665
470,468,20,2.599535,894
104,168,7,18.548704,892
227,602,19,12.698030,1017
59,465,7,12.617349,320
434,300,13,14.029997,237
15,333,6,10.241857,539
672,140,7,2.604882,714
642,231,11,2.415616,209
230,238,10,19.975656,484
274,41,7,0.795729,796
561,46,18,6.263238,800
645,41,11,13.670575,637
412,244,5,5.187805,784
707,646,13,15.413836,1135
189,199,10,18.109337,1003
275,156,10,4.649468,1115
562,443,5,5.950524,280
394,302,13,3.506379,697
594,214,8,8.669979,1171
686,372,5,19.448173,584
407,529,20,0.584870,893
362,508,20,11.988578,224
337,333,14,4.112952,295
514,146,7,2.960627,111
292,136,6,17.267823,281
421,634,19,19.275452,537
547,295,18,6.950272,410
292,590,13,8.546009,903
164,693,19,2.208225,135
337,366,13,8.905240,323
413,473,11,6.618391,674
8,321,19,12.688672,298
354,598,16,13.164729,766
639,173,14,17.330351,1124
318,558,6,1.091694,287
241,348,20,5.096182,1043
594,29,6,8.069252,441
208,144,11,11.804318,1185
172,269,18,17.946858,1094
535,680,8,5.630876,139
259,660,12,6.083726,775
275,40,16,4.474827,1124
136,183,8,0.716699,316
427,719,13,2.505038,1141
377,91,10,1.077485,1177
374,351,15,1.996824,921
342,116,13,11.285290,679
134,689,8,20.010912,689
370,155,14,14.358531,115
407,304,7,12.114721,1034
171,506,7,11.025822,151
688,23,10,0.813844,645
637,214,8,12.564286,996
410,65,20,5.698562,884
65,424,8,19.526623,1006
509,679,18,6.559192,781
709,594,12,16.834461,1153
189,75,8,6.535958,403
711,180,11,15.550923,681
339,176,14,18.590003,485
502,512,10,9.329378,963
107,608,9,3.566071,911
505,649,12,9.671946,257
743,539,9,12.632153,342
609,237,6,12.778719,307
104,724,13,17.730527,626
497,267,7,20.374905,752
97,30,14,6.512519,685
617,204,10,19.266903,1126
430,411,16,17.264920,749
306,378,9,1.889597,884
262,457,20,8.594155,708
520,72,11,16.376467,605
519,439,18,7.196110,1003
495,302,6,11.090149,223
475,284,8,2.113517,800
399,137,5,10.608153,1047
405,177,5,13.803019,371
699,385,6,7.897767,388
397,732,9,8.271233,771
693,330,7,15.431951,453
513,654,14,1.947869,614
18,642,7,2.082165,581
654,617,20,2.830387,415
378,129,6,15.582244,406
490,48,17,14.432483,1200
417,682,14,20.008430,476
674,535,10,17.477520,264
404,513,12,16.297472,138
227,180,9,5.703456,744
71,439,12,19.795886,1096
509,69,5,18.733671,835
500,694,8,3.990581,692
73,547,11,1.438292,655
374,227,17,12.059862,1025
701,17,11,11.273314,498
12,71,6,12.591728,842
261,393,12,3.458633,767
191,125,8,6.817316,232
75,493,14,17.759697,1004
740,51,17,11.351256,1165
667,513,18,18.846030,710
264,559,14,13.471859,596
45,340,5,16.262346,889
329,179,5,4.866273,846
241,68,5,14.951836,650
185,291,16,9.636138,1131
584,263,13,7.991861,127
522,596,19,17.282890,870
498,454,12,4.913244,377
326,220,9,15.588508,1177
535,68,17,7.664261,1018
406,200,19,10.790504,703
379,85,16,20.210147,222
31,13,9,9.603775,1055
460,730,18,19.080200,896
595,532,14,17.553478,608
26,204,6,2.884447,329
651,297,15,4.568894,876
468,585,12,12.448558,444
671,137,9,18.911719,543
115,146,11,5.297784,657
282,208,11,15.039714,530
635,30,10,14.484730,180
656,202,18,6.777125,334
591,435,17,15.540712,499
418,312,8,14.672713,885
80,586,19,18.407649,633
463,557,5,10.606439,985
152,432,12,7.186810,128
13,269,20,6.603003,910
453,422,7,8.724755,222
271,205,12,19.942026,909
48,442,17,7.701459,925
745,16,13,2.955539,556
532,553,18,13.419993,657
265,136,14,1.773872,552
301,304,20,16.529651,627
590,662,10,13.745412,304
261,488,12,11.171691,814
672,435,9,16.503632,985
607,356,5,17.809583,946
173,348,14,7.503725,260
558,620,12,2.044139,571
165,176,13,18.317257,600
578,434,7,16.809502,718
727,473,19,18.346114,469
225,260,13,4.376725,379
587,386,7,4.732868,136
285,280,13,3.727942,548
162,623,11,14.590485,1029
596,433,5,1.612791,535
315,23,10,8.389050,974
501,748,13,1.464133,747
579,3,10,14.533559,1168
398,397,11,15.642788,845
568,304,18,18.168438,1106
522,454,11,16.461888,164
460,89,7,17.524534,609
347,248,16,18.438104,104
37,738,19,15.144841,287
425,532,12,2.885435,889
535,440,16,20.369582,134
657,191,8,13.681224,423
291,597,6,6.106965,1113
479,74,14,6.799262,617
452,398,16,5.472455,209
595,631,15,13.464395,102
618,608,11,15.084499,896
368,463,9,19.620335,636
5,741,14,4.621221,1025
508,491,12,11.104413,376
42,521,16,3.450338,1095
730,323,15,7.578120,498
386,628,19,0.686369,676
189,185,7,14.371324,1012
582,326,12,2.650356,911
191,602,9,3.968052,442
111,520,14,5.918615,1143
570,302,11,13.596959,354
274,442,6,3.854494,636
496,439,17,3.818439,593
267,530,12,9.271072,815
62,346,17,13.193394,941
721,576,15,1.502453,544
253,288,19,11.244880,1170
164,706,16,0.626737,630
14,470,12,10.724531,861
733,175,7,16.787830,414
15,10,10,0.607065,575
173,232,7,2.967871,186
64,68,8,18.679993,1190
26,727,10,4.947181,1104
407,7,13,12.452178,696
653,606,19,8.363869,165
174,236,17,7.864079,1104
450,736,18,1.557271,209
382,613,10,16.424150,995
105,648,11,5.674024,1198
250,655,7,19.432603,878
364,584,7,6.373659,383
714,548,5,16.484212,442
54,337,18,13.309450,311
561,150,13,8.662654,984
163,341,19,10.203237,888
434,286,14,10.770759,390
121,116,20,4.579319,543
69,101,17,18.977143,116
55,297,15,3.567021,621
308,244,13,15.556982,657
491,553,18,17.771558,356
522,60,15,2.259901,737
325,748,18,2.020447,856
429,631,10,5.547098,238
648,123,18,13.643686,817
651,374,12,8.378147,617
158,10,9,18.596191,639
391,534,17,7.556217,1172
234,535,18,17.877777,191
504,421,16,7.895033,896
337,438,17,6.490785,839
48,542,11,1.305306,560
391,494,8,13.395276,305
560,218,7,14.934379,135
501,230,9,1.231486,980
525,571,19,18.664571,830
374,712,13,0.598113,288
430,540,14,17.645019,279
356,545,19,0.137094,601
425,212,6,2.217440,739
136,30,15,16.681383,791
216,323,10,12.459174,679
656,525,10,4.710616,478
282,578,14,6.162530,403
332,331,14,10.201450,544
557,475,17,12.317078,169
419,632,18,7.732838,1038
694,273,8,1.361561,477
45,647,10,6.262414,218
241,112,19,14.957160,275
731,595,6,11.151465,789
646,102,11,1.819448,227
394,87,15,12.535912,504
70,702,6,9.001816,994
68,489,9,20.215495,358
518,305,12,4.206883,281
94,137,20,0.401104,336
685,135,6,18.159170,811
564,651,12,0.117577,505
191,340,17,4.302725,666
8,552,7,15.476571,282
382,604,14,10.119673,515
484,119,19,15.251915,808
440,94,20,9.557554,937
172,32,16,3.213426,1114
33,569,8,7.084253,313
266,230,18,5.733034,540
55,518,20,11.390282,135
622,193,17,5.119675,1023
19,337,5,5.349965,973
484,438,14,16.192541,841
547,732,11,1.744194,586
344,668,16,9.431123,125
36,119,6,2.554713,918
304,730,16,11.802447,1053
143,707,15,2.677713,1036
432,634,11,13.475293,842
659,630,18,14.229524,144
269,575,16,10.176140,1180
504,165,14,2.379688,155
426,76,15,19.449845,706
694,155,18,0.668176,378
117,329,5,10.200281,677
326,142,6,9.105509,1053
745,579,11,12.163440,477
305,456,9,13.247268,902
498,544,5,17.110842,392
385,674,11,20.469892,348
351,56,17,17.309217,468
395,227,13,14.972922,550
127,429,8,4.815894,780
114,537,9,14.223929,917
319,453,18,4.254027,1096
191,630,20,0.479165,677
137,592,5,4.721751,974
160,613,20,0.764924,953
478,635,5,16.670724,572
346,731,20,12.979433,1041
724,422,17,10.640984,103
595,90,6,12.987071,972
221,522,17,14.078573,944
303,471,18,7.997944,1140
736,482,17,3.805734,187
447,591,20,18.575449,683
219,223,11,15.909562,646
62,552,13,8.808977,192
364,280,7,18.444954,995
668,413,18,4.115225,1170
350,705,16,4.056035,578
369,132,14,17.297599,712
687,386,11,12.276861,937
65,35,11,12.724210,672
107,257,16,14.368576,116
228,106,20,10.917495,108
335,212,15,10.281730,969
427,441,17,11.380780,355
644,522,12,12.692817,792
237,138,15,4.638806,526
279,339,15,7.745227,1045
297,622,13,13.042272,1125
284,586,13,9.824098,235
594,158,17,5.172635,128
271,173,15,1.308210,538
737,243,15,9.756619,146
186,719,11,8.788415,435
205,587,19,3.757453,466
610,550,16,17.397528,324
611,400,20,0.677216,794
329,341,10,17.422008,905
653,722,17,16.767243,421
28,263,17,18.468967,316
701,612,17,14.963091,630
652,726,12,10.315597,110
505,220,16,4.911136,249
347,360,5,1.223163,711
715,225,7,13.242725,269
154,349,14,2.360478,964
651,116,11,20.271094,935
634,735,6,4.918638,450
731,720,18,2.677062,488
488,281,13,11.388858,409
158,324,8,13.208821,1003
165,732,6,16.440018,776
164,584,10,6.804998,192
61,457,13,10.729251,128
525,662,10,1.679497,486
603,101,5,7.953372,481
153,37,19,12.532561,916
132,483,19,15.698626,949
12,255,17,13.436815,1058
49,57,9,1.383040,412
567,571,5,4.079216,735
524,459,11,19.892204,432
127,48,11,4.460654,399
335,748,7,8.384520,518
655,43,19,14.560654,547
354,103,6,19.399018,832
255,605,20,4.064922,818
712,35,6,19.637564,991
481,559,17,5.552024,294
488,475,12,8.302217,746
703,475,13,20.360186,1193
563,33,15,17.225294,1035
417,160,9,16.474955,114
677,562,9,0.394190,108
105,74,19,7.811409,937
319,676,12,12.035743,465
42,244,14,16.799224,990
647,280,8,8.266763,711
553,374,7,3.206701,945
633,670,13,5.353207,714
224,748,9,7.145697,608
265,537,7,8.268006,1052
79,300,9,4.270742,745
14,406,20,2.648947,1068
247,527,16,4.961556,292
189,708,19,3.800862,818
51,242,17,19.653969,1127
263,385,10,5.030916,150
729,41,5,4.666851,1153
362,212,9,19.531450,177
13,394,13,1.851712,450
77,608,20,11.194141,612
489,241,7,1.145751,798
624,634,10,2.705396,649
105,613,9,13.019943,178
481,130,18,9.205288,304
64,459,9,6.790514,954
670,195,9,17.646962,1031
287,535,10,11.512444,1045
603,141,8,18.617740,327
151,435,16,0.251067,801
186,474,14,4.537616,198
359,4,13,13.200440,290
259,688,13,17.564892,341
235,647,14,9.426304,812
452,425,10,18.536084,209
526,612,18,11.915426,275
30,487,13,15.103753,832
126,527,11,5.628668,262
373,708,5,3.306295,1178
518,506,10,15.998634,882
456,222,5,2.040232,941
540,189,6,19.842194,436
273,354,13,4.984559,741
506,91,20,7.413274,637
419,185,9,14.288104,1098
161,477,19,9.381237,741
464,458,19,7.591593,408
407,599,13,2.774302,682
675,411,5,8.148062,858
593,663,12,2.525785,1178
401,22,18,3.653255,731
242,555,18,10.626813,112
95,376,17,14.328920,507
681,359,11,2.104294,446
101,448,15,8.271990,418
17,333,8,1.896839,371
597,85,8,3.398490,664
30,637,6,6.418915,232
394,364,12,20.042711,1085
111,381,18,15.047997,472
581,93,12,19.856009,668
639,201,13,11.922340,1029
336,285,17,1.596282,945
737,2,12,18.159801,1080
149,714,19,4.174194,1035
262,82,15,8.791227,807
685,51,14,7.968350,557
570,228,13,1.761259,395
224,222,18,5.771584,1010
532,697,19,8.711748,707
218,739,20,4.503934,725
732,288,16,11.943051,735
317,473,10,6.913689,702
153,516,12,5.403317,1132
356,513,16,18.032238,843
457,155,18,7.202130,787
250,130,10,10.304457,736
71,201,12,0.356810,122
17,739,10,20.439937,330
475,45,8,3.914562,103
450,85,7,6.089177,221
612,615,6,15.126885,132
459,334,7,8.433542,927
218,629,16,6.316634,322
131,705,18,11.865390,1010
395,459,5,17.411459,619
366,385,17,15.503383,1067
328,115,16,9.014975,808
282,534,9,8.097814,118
313,12,10,8.425143,280
10,425,8,17.300142,1136
121,311,18,4.362847,340
488,230,9,7.913750,704
593,434,15,14.178783,806
709,575,17,14.401402,686
452,123,6,5.042637,748
30,376,11,13.062187,960
94,7,15,0.704168,303
595,450,16,7.611702,652
322,41,19,17.979988,112
690,265,18,16.935127,725
207,197,10,3.461770,453
220,340,18,11.094874,232
296,736,20,18.146161,1020
7,714,19,3.173689,476
590,11,15,8.606927,903
514,275,18,11.352069,518
160,701,14,3.495426,868
380,409,13,6.375113,704
145,542,8,13.327297,1194
325,227,9,11.834497,312
550,497,11,2.099936,1091
67,507,6,19.594293,958
272,284,8,3.497568,976
529,621,19,19.422820,368
717,53,19,18.139381,1046
352,363,8,3.837967,449
480,81,20,14.460600,1000
142,189,10,18.513639,684
623,342,19,18.591950,557
550,620,13,14.837979,186
4,744,8,20.182385,335
331,383,13,17.395006,855
614,189,20,1.504334,904
299,235,11,2.585267,933
693,401,7,2.422191,1107
525,582,11,10.796230,634
232,667,7,0.835812,231
559,565,9,17.887969,667
347,27,20,9.926350,842
550,44,19,0.824494,807
349,25,16,1.969531,341
381,352,8,2.971576,949
165,746,16,9.191533,1005
730,166,14,16.512338,849
136,179,18,4.501767,658
706,476,11,18.683409,444
282,318,12,2.530483,820
608,691,7,0.714281,135
274,246,15,19.121134,257
485,256,17,11.964341,939
428,27,19,0.895809,422
628,43,14,11.910119,894
291,281,13,16.402961,752
548,95,15,16.376635,927
671,599,6,20.474586,1112
499,108,16,20.294917,462
76,449,12,9.917899,681
573,579,15,4.716558,1156
56,728,5,18.487374,1153
364,444,18,18.096525,481
370,22,5,3.213553,1102
285,661,19,2.869719,573
594,165,10,19.520512,373
626,245,16,3.569332,149
547,620,5,15.452903,499
104,380,18,5.014586,101
119,684,8,8.902683,311
232,415,20,8.719849,808
533,164,11,5.950267,251
272,495,12,9.248369,333
543,319,11,15.946914,1010
185,383,13,1.853327,306
704,347,18,6.187080,1085
522,381,15,19.048512,239
564,134,16,10.423208,1183
577,728,7,0.998874,1183
716,330,5,3.771639,693
584,57,10,6.745110,1008
683,575,8,15.069909,1089
470,175,11,17.306493,394
322,95,12,12.982052,613
12,28,11,17.402784,657
316,164,16,13.992078,283
428,604,20,3.965975,981
229,535,14,0.910247,221
147,320,11,14.733072,195
193,463,15,3.417023,276
421,554,7,1.272184,266
408,68,7,8.625979,565
442,213,5,7.559571,191
407,716,13,11.959423,190
442,544,11,9.357325,412
610,629,20,17.245254,926
585,286,19,16.944141,664
676,537,17,20.072628,296
453,196,9,13.462957,1037
516,628,5,17.105147,124
33,504,18,15.569950,220
448,179,7,1.578233,483
584,360,14,10.208914,1058
670,268,17,4.086135,982
44,514,9,8.529747,310
310,192,20,11.582252,313
108,559,10,6.050852,491
597,415,6,10.129876,483
456,342,17,7.152650,1059
717,603,19,11.719580,328
478,140,13,7.742347,669
369,684,16,11.591650,950
419,520,9,18.705744,465
254,263,18,13.249400,571
267,433,7,5.864730,260
87,226,20,12.657229,365
654,670,13,13.327911,826
304,303,19,10.196433,415
507,133,6,10.769421,628
363,208,9,20.024848,434
530,641,5,5.396520,710
311,377,19,14.808240,1048
595,625,11,8.043453,542
504,648,12,11.255135,515
508,324,6,5.568276,652
497,181,9,15.212155,658
441,347,13,5.931930,931
161,45,12,13.325556,959
567,2,16,2.644566,1024
629,435,8,1.965655,803
505,617,6,10.484402,363
698,208,15,7.105205,1032
331,153,18,6.180945,611
358,393,17,17.520071,982
635,474,9,2.163427,983
368,135,14,17.824216,1023
251,703,10,19.814723,512
429,494,7,2.106977,1004
435,5,18,0.152157,968
92,336,13,5.800513,773
491,50,15,14.207085,270
283,571,8,4.849087,306
211,71,14,5.615836,504
134,593,17,0.090238,785
295,742,9,10.575974,695
400,506,5,5.400148,565
371,552,15,14.475303,772
7,109,16,15.577936,220
539,601,8,19.982724,390
629,524,12,11.429302,648
249,161,16,3.781387,616
339,76,7,10.041200,625
597,197,16,13.737479,429
176,539,5,17.445471,563
685,353,19,16.952803,781
145,128,20,14.344831,690
674,201,19,18.691535,433
640,671,13,1.363861,612
42,197,5,7.703479,444
209,667,7,16.854531,111
475,470,9,15.635886,580
641,151,20,15.869006,831
162,113,13,15.548053,310
215,298,8,7.690821,788
250,409,7,6.842987,1019
544,564,8,12.620973,526
435,101,14,0.817373,1008
314,77,20,12.821567,319
50,461,5,6.311537,626
163,213,14,11.514973,121
373,730,12,6.724011,244
722,553,5,9.108942,329
663,245,17,9.800698,1137
227,273,17,13.310962,340
494,112,15,14.126539,273
437,146,9,17.563733,249
105,396,18,0.603605,341
571,158,8,18.189943,286
75,367,15,7.506439,378
255,431,13,5.724451,1107
351,636,15,19.575936,998
448,79,5,0.869915,770
13,60,20,8.360887,576
659,339,9,5.417351,250
339,539,5,11.849897,296
440,729,18,8.590232,147
7,338,13,10.669056,455
627,639,12,14.786602,796
201,429,11,0.008216,690
457,734,7,20.203445,502
721,142,9,18.104411,867
554,243,10,17.008492,1125
723,239,16,19.087448,939
531,540,11,20.328386,281
38,57,11,9.765550,690
1,633,7,18.708676,698
251,157,20,11.518228,1139
333,539,15,7.485894,147
219,622,20,10.615940,725
725,362,6,17.533360,1122
135,508,11,15.970467,501
741,286,7,1.980304,322
253,47,5,11.498296,933
140,294,16,17.366165,927
675,248,20,4.928399,542
375,278,15,17.198992,144
719,296,5,19.504043,631
510,17,13,7.800859,512
698,602,13,7.995285,391
296,581,9,2.111077,394
37,642,7,9.901440,401
602,695,15,4.137958,432
697,212,7,19.164001,639
170,193,17,15.835432,528
617,504,11,2.799237,908
231,243,9,17.991700,660
618,273,14,10.181301,500
361,688,20,18.044518,514
244,121,19,6.593136,1080
498,321,18,3.989837,600
272,484,8,17.055923,353
617,0,8,11.949952,393
515,205,5,15.432055,568
295,160,13,1.956793,881
17,681,11,6.607451,826
462,387,17,11.855604,393
626,522,18,16.040006,128
591,384,10,2.512339,1170
585,168,8,6.410995,197
691,439,5,14.034559,859
349,480,19,16.142162,1113
461,281,14,19.562542,1055
584,134,18,2.058496,108
221,606,20,15.871532,213
670,602,17,10.279598,343
245,479,6,19.554840,441
569,109,17,12.697877,932
301,208,19,6.793171,990
449,451,20,17.913192,1020
632,163,14,2.250123,953
552,415,7,7.733590,411
574,257,13,16.351559,761
251,737,9,0.439631,656
318,239,10,7.625494,389
26,576,14,16.201249,767
559,130,11,5.056231,848
284,514,7,4.354332,353
176,491,12,1.011992,532
154,112,7,10.880742,807
733,10,18,18.517953,441
380,32,9,4.546883,105
437,396,12,11.227147,1050
555,231,6,8.824420,711
673,680,13,0.716555,345
292,680,17,4.336490,313
597,127,19,18.128076,859
313,250,5,2.125881,780
627,243,14,4.255190,630
158,199,17,8.967696,1037
339,482,9,3.087973,229
215,497,17,9.090963,554
285,360,9,9.842842,1160
82,577,17,1.617671,765
547,611,9,13.389533,107
312,649,12,2.551304,495
546,166,10,8.848837,845
475,200,12,4.827875,1024
699,319,12,19.542419,514
78,218,17,3.179309,954
718,731,20,3.237918,1183
500,646,16,8.501257,455
213,588,16,12.638609,429
477,711,14,9.990945,514
659,364,17,6.951176,483
294,442,8,19.249236,316
374,428,10,16.764910,443
322,567,7,20.176336,249
375,220,15,14.167501,939
450,87,5,1.511949,157
541,419,16,20.155880,301
676,611,13,18.033073,1178
41,398,19,8.901083,1125
674,297,20,5.061060,125
601,128,14,15.789953,1047
595,565,5,17.342263,1011
323,557,16,13.078736,124
149,124,6,15.148631,1195
108,257,13,8.337888,1026
184,592,17,13.202955,902
736,212,13,20.338404,422
11,722,19,8.473210,1083
683,43,5,8.034057,310
252,432,14,13.225648,1129
535,411,13,9.365978,270
600,211,17,17.352454,494
203,313,18,14.955962,747
111,664,11,16.103431,1124
637,457,15,7.376874,199
702,7,11,18.199316,130
274,699,17,10.965103,694
329,420,18,7.533193,932
67,301,18,4.964152,516
588,244,17,11.457434,632
96,338,16,0.699557,213
719,715,16,13.235294,1092
681,629,15,1.722226,1126
293,446,17,3.903883,987
38,707,14,1.983332,880
235,68,8,12.775347,378
359,133,12,1.655771,475
296,493,20,15.783706,351
487,96,12,10.540378,780
283,501,19,3.380149,298
136,239,17,18.111777,568
655,22,20,19.196199,617
507,612,17,3.358978,582
602,458,9,3.079239,807
68,376,14,0.256700,1132
161,337,8,11.641702,189
16,710,16,16.464866,515
55,399,13,10.168017,1070
612,294,15,1.130915,562
494,332,7,17.867565,1114
234,337,10,6.032029,205
297,438,12,10.466477,733
278,222,12,3.152633,991
30,123,9,11.068952,821
40,184,9,13.879307,1169
397,672,20,11.789205,703
702,121,18,7.757263,570
303,462,7,13.907033,895
310,280,14,13.391337,262
425,3,9,16.575456,887
412,567,18,18.486888,175
657,660,14,2.637539,842
79,114,17,18.962132,487
492,372,17,3.645019,932
702,2,5,19.117383,647
612,278,16,18.494970,989
298,731,13,18.479943,482
629,92,19,0.550823,532
670,229,16,20.298893,703
592,571,11,12.508374,899
54,168,5,5.150207,942
472,36,8,2.743818,489
707,26,9,0.426585,995
340,232,6,20.442720,598
615,297,6,20.310887,907
552,627,19,20.216308,837
180,702,17,4.047606,127
440,691,6,13.028347,845
497,667,11,0.241444,561
710,540,8,5.113070,798
221,542,6,6.189932,647
641,170,14,10.123593,221
658,495,20,8.034655,901
190,442,20,2.877982,717
305,113,5,17.489240,468
646,473,15,3.888032,1075
22,335,18,5.280703,477
256,461,17,6.624940,700
433,471,14,0.498663,450
291,14,13,15.115825,255
129,40,14,0.038580,1006
341,682,12,15.147714,1045
277,504,20,4.022662,698
128,489,9,3.416574,195
689,202,8,13.485945,879
443,654,20,8.749657,372
685,599,13,15.028858,1149
130,676,14,2.728804,695
152,640,14,3.213528,719
615,248,8,14.610063,936
745,215,18,1.999597,867
414,506,13,16.983462,486
0,463,17,0.231887,1078
86,703,14,19.055658,837
444,86,17,15.595498,645
644,237,18,18.901225,966
446,641,11,15.202332,921
527,191,16,4.588446,1001
21,604,20,15.929474,812
214,202,11,6.401971,923
125,260,8,14.965391,491
324,560,12,11.608150,837
707,550,8,15.321453,498
595,708,13,2.623915,220
54,112,15,7.404809,174
156,241,10,5.798350,584
170,309,13,0.208913,1054
509,405,19,11.681535,401
497,77,16,6.131820,445
367,275,7,1.999547,239
569,397,6,1.155823,1197
236,167,13,3.816097,550
602,28,18,0.716580,724
740,579,16,6.956533,1032
426,581,15,0.534014,202
545,413,14,0.091967,408
111,240,9,7.395096,916
708,463,17,7.268531,671
289,381,16,17.218822,490
144,125,10,17.879507,700
408,279,18,15.625761,1178
162,423,18,7.623560,120
313,186,18,19.119125,1079
383,643,9,2.919192,639
227,269,5,13.159451,812
437,268,10,2.825501,238
447,522,14,12.159296,532
490,679,13,13.267016,1186
244,435,13,14.583620,770
566,306,12,16.337775,466
302,146,17,5.017079,845
254,599,7,8.535555,636
252,737,17,18.839851,1118
464,88,20,9.779960,839
638,652,17,17.608879,136
62,620,13,15.236601,1018
596,473,8,10.941555,602
439,93,11,6.365541,688
206,155,14,9.611135,606
658,670,14,8.102937,271
382,681,17,10.105346,1118
277,656,20,3.127029,506
394,30,14,17.120072,777
94,60,20,12.000820,634
42,509,6,19.715156,1042
226,628,6,8.598605,698
150,590,14,8.930463,824
702,277,9,12.063933,982
234,374,8,18.646595,397
444,416,10,8.971752,362
372,383,17,10.763104,1071
318,211,19,17.480204,1158
323,677,11,3.667412,104
716,396,5,3.984669,1004
551,461,19,11.359432,735
291,165,19,2.728465,367
123,416,15,12.894478,616
222,362,8,20.005519,374
552,617,14,15.901984,506
28,198,14,19.105305,484
483,594,9,11.559108,185
421,391,10,9.395065,311
723,478,9,0.335224,416
261,635,12,1.452272,580
622,472,17,16.713792,763
545,534,10,18.645745,708
541,594,19,18.197833,490
442,530,18,9.614832,186
511,345,7,14.643567,689
89,702,20,0.802322,1005
338,174,17,4.086288,684
610,240,16,13.484036,511
422,549,15,16.336384,945
593,701,17,1.806223,1068
436,168,9,1.819079,141
210,492,13,0.525347,1198
507,83,13,11.530520,806
742,569,7,1.076030,889
655,100,6,13.126827,1079
332,468,9,7.665584,636
329,99,15,19.474763,1196
393,161,20,19.407576,424
266,608,15,12.811245,1162
392,342,12,3.889287,580
472,273,11,17.257479,672
227,724,16,1.925302,932
363,673,10,5.864938,583
283,591,11,3.840648,910
546,330,18,11.706875,117
639,557,13,18.312284,382
42,418,8,11.034117,467
706,150,9,11.382661,702
110,186,5,17.239576,804
460,257,11,1.582690,526
152,731,6,8.645147,747
665,301,9,15.877189,884
332,260,12,8.977762,620
356,265,16,3.682975,764
561,24,14,4.050300,974
62,470,12,3.640716,956
438,116,12,0.957230,529
515,718,14,20.463591,735
527,264,5,17.464023,716
709,427,6,12.649341,459
81,633,12,5.850844,1150
193,146,15,15.793907,1127
578,224,14,6.572993,620
160,569,12,3.730943,225
24,575,13,9.486985,999
499,513,7,2.066450,636
220,112,6,5.718482,828
49,680,17,4.555423,757
546,341,19,7.007580,455
598,301,14,18.579634,786
201,525,15,1.346762,1032
271,11,16,7.492993,343
108,228,16,14.589482,429
545,184,19,12.647540,136
568,440,6,18.407825,670
43,169,9,2.636086,426
348,95,19,14.957435,604
30,50,16,19.486927,529
469,171,14,9.392656,991
572,127,5,2.558167,420
381,543,20,1.352197,1074
138,189,13,17.270315,249
35,742,9,17.268377,942
215,616,10,16.576578,444
676,482,19,6.345577,620
31,358,13,20.160794,344
254,608,11,17.210998,522
69,521,10,5.782070,655
185,320,5,10.765877,289
647,576,5,10.321868,184
640,108,17,11.054440,440
96,614,14,9.635373,1158
261,12,9,5.776625,830
14,490,15,14.751359,905
415,602,14,15.460026,647
638,454,7,15.579182,518
275,565,9,17.542960,931
281,717,12,1.501362,242
78,535,8,16.167187,688
253,368,14,0.072984,115
296,358,15,1.853812,173
591,565,17,13.650234,958
280,386,14,2.225605,1083
37,703,7,17.133730,639
146,452,19,0.440939,482
327,320,9,2.843910,931
340,108,7,9.051255,1154
95,371,14,4.587649,1069
654,703,7,11.772350,1036
429,383,14,2.481460,1019
477,64,8,15.413453,1068
479,287,15,19.515682,935
117,378,9,12.282709,538
100,150,11,12.717816,247
541,359,12,5.127400,359
592,646,13,4.512352,1027
474,517,16,9.768732,294
528,272,9,2.229939,218
470,699,14,0.548621,372
645,490,12,16.508419,1082
728,235,8,7.303010,1146
749,187,19,2.523741,649
625,117,7,16.756863,668
92,229,7,15.666117,637
721,252,18,5.147638,560
183,623,19,11.114889,1148
571,710,12,11.121413,897
638,128,8,10.865137,910
534,228,18,3.034647,406
578,359,11,5.577726,239
185,326,7,8.567160,1185
329,199,18,13.155027,784
598,526,6,18.886138,167
324,249,15,0.406928,735
675,251,15,5.193167,1011
22,203,14,10.092890,197
339,261,17,1.079138,1167
502,15,20,19.256471,612
283,384,16,10.575137,543
189,93,15,10.293198,263
413,280,6,2.123886,149
291,217,10,2.903863,1079
143,293,9,20.042998,283
490,504,15,0.047371,402
53,659,19,9.562071,1170
396,613,10,14.501151,613
433,384,9,1.407431,256
70,661,12,2.152921,528
277,400,14,8.636383,305
572,628,5,13.257531,143
671,56,11,16.267793,861
272,51,9,7.122717,813
102,601,19,9.682784,554
357,494,11,7.564096,176
168,161,20,12.862002,316
525,578,10,2.666092,1141
55,227,12,1.600239,472
442,627,14,15.921362,453
626,567,15,2.518271,390
725,684,17,12.833750,360
89,361,20,9.088570,117
192,307,20,7.646819,1102
586,354,15,5.795992,552
725,514,19,15.496095,335
157,236,20,4.509571,313
332,35,11,5.033146,1080
111,649,10,3.728842,384
26,549,19,11.637998,489
710,4,12,9.219159,215
639,157,10,3.874826,1044
100,342,8,0.536032,480
301,385,14,2.017906,909
563,228,7,12.815176,504
450,291,19,19.150518,659
94,577,18,3.012208,1073
314,260,20,14.790885,1165
407,186,5,6.522105,390
171,195,10,2.754042,223
259,65,14,11.313286,905
230,42,14,17.200395,1170
651,323,18,15.409655,236
38,372,12,12.169980,157
240,274,11,6.289618,337
522,665,11,1.633565,144
280,649,16,5.923525,492
463,563,10,16.653974,1016
718,492,18,5.979031,733
247,56,12,16.347661,183
616,396,15,7.817030,821
296,598,15,10.040677,990
562,272,11,16.484641,392
358,363,9,6.868434,281
143,441,16,10.888126,177
694,640,8,9.582228,634
697,242,15,18.604860,1082
724,312,9,15.931835,944
363,256,14,16.358792,526
683,31,10,8.656954,323
6,90,16,8.089543,562
97,398,18,14.486439,134
18,94,11,0.323863,100
585,520,12,7.078119,489
102,127,19,14.817104,1145
552,597,13,3.417844,418
335,66,16,20.312268,403
732,25,7,11.945074,1045
194,400,20,15.916742,711
355,144,16,13.484848,540
361,38,6,14.205847,679
62,361,10,13.883882,1076
244,433,10,1.830198,330
505,721,6,17.445382,920
536,372,15,6.880865,543
481,699,13,16.290803,847
547,359,12,19.022611,438
425,19,16,11.606071,681
696,432,13,10.305840,911
71,487,12,19.182143,190
529,647,5,6.832600,934
593,626,8,11.333996,307
191,405,17,4.864458,927
352,332,19,16.843935,511
341,432,6,9.058169,405
501,135,13,1.328220,932
573,556,11,15.472749,524
446,11,20,12.376994,1133
560,475,5,13.699075,1006
661,362,8,6.065910,1142
527,153,8,19.289758,357
369,221,14,7.906966,1082
733,590,7,6.219567,918
717,263,15,5.831295,729
259,596,9,4.183246,240
671,89,10,1.486730,755
325,123,7,15.145130,619
714,329,11,5.184263,605
40,135,9,2.536181,607
243,302,5,6.374149,611
553,59,7,5.086194,552
548,566,12,14.585629,1036
663,581,13,17.359128,1104
548,604,18,11.524349,1003
538,673,19,12.722150,1135
504,322,7,15.219181,130
133,647,17,6.739542,722
371,137,9,15.431220,552
44,40,17,4.506976,303
689,161,11,8.764949,864
419,400,17,10.311618,399
15,342,13,13.046909,1187
95,373,15,14.902252,1098
84,332,13,9.879888,777
227,249,12,12.158257,600
748,107,10,20.201614,612
363,436,13,8.213558,942
424,2,7,12.663344,604
337,542,7,2.459560,1062
254,354,19,4.296884,457
221,593,15,3.175751,1034
721,231,15,17.132993,873
408,467,10,6.198988,1161
70,734,13,3.914157,701
716,81,20,3.534174,770
254,466,15,1.447242,501
161,263,18,2.814281,189
333,58,7,9.654006,1027
215,316,16,19.946636,225
618,16,14,1.494469,350
480,144,11,3.804878,1069
429,604,5,1.269945,1019
385,266,19,10.994845,288
499,74,19,8.562843,1008
723,422,8,1.159442,759
409,251,9,9.405181,949
128,304,10,15.170111,594
576,596,7,18.448745,478
673,367,17,2.404784,184
156,47,7,20.090115,284
280,144,8,11.012713,131
328,325,18,8.950183,1145
354,620,6,18.081370,990
635,221,12,8.987215,1172
190,498,10,14.900244,340
170,736,15,9.599670,454
369,278,5,18.697076,294
5,140,8,20.168859,1181
391,376,7,9.077521,1177
684,411,5,11.919298,335
477,544,10,17.311943,710
169,175,18,5.716098,946
7,97,10,6.614883,745
207,206,11,9.536247,138
607,384,10,0.889542,1030
668,43,12,8.189589,998
300,120,19,8.554215,1031
73,94,14,1.374308,188
616,546,12,14.080319,355
249,399,6,19.309747,180
188,427,12,16.563226,1082
506,606,13,20.345308,983
546,102,13,11.026140,864
709,518,7,8.491941,995
660,206,6,20.103998,1046
231,135,20,2.809614,297
59,422,18,14.777850,270
160,670,13,14.040658,832
194,709,5,16.433691,717
514,365,6,0.566332,1004
277,280,6,5.239176,698
542,712,9,7.152353,1115
79,109,18,14.255873,288
159,422,11,2.164548,845
434,546,11,3.556124,168
274,157,16,0.219712,135
570,396,6,18.022737,694
679,564,18,5.578800,832
297,483,7,14.342207,648
612,577,11,7.703770,363
348,481,18,12.659656,344
62,572,19,10.216245,629
51,371,13,4.915622,353
358,642,14,14.725073,945
375,457,5,10.743681,440
199,371,20,0.588930,202
62,16,13,14.980182,363
614,61,16,10.781895,650
56,333,13,12.994952,161
328,289,8,12.374381,411
391,386,10,3.889107,489
599,178,16,11.160110,634
302,420,8,16.951388,1128
305,126,9,17.254832,249
698,167,20,19.437587,111
635,197,5,14.513818,537
636,15,15,4.270607,1158
109,501,18,7.037155,529
378,17,7,18.682391,322
411,95,17,14.216055,303
731,493,14,14.704388,834
350,644,9,8.584238,806
106,659,13,19.465292,453
379,479,5,7.032505,857
327,367,13,6.931300,935
256,331,20,16.414695,880
404,167,19,12.843700,705
112,226,20,3.870670,556
50,697,17,15.287837,949
624,417,11,5.219699,437
215,620,16,10.078538,848
451,331,20,4.037049,1013
205,651,17,3.280728,581
437,492,14,15.727375,957
601,624,19,16.490021,203
33,525,18,0.664225,335
692,623,16,9.335965,1046
625,691,12,5.054766,324
187,658,19,10.373344,204
334,655,17,11.110866,636
662,610,11,10.057583,485
127,680,6,12.126686,1076
247,492,6,13.069388,1102
45,175,19,14.135104,363
411,211,19,13.079386,849
668,636,19,20.056203,551
371,449,8,19.251924,1111
551,598,12,13.393183,790
125,366,11,3.922214,276
113,57,6,17.424253,1119
540,130,15,2.748671,159
534,681,11,6.041309,554
684,189,12,3.358546,620
151,431,9,8.773389,1133
70,297,15,11.830215,497
49,576,6,8.887587,624
567,382,11,5.950493,381
254,626,7,3.552383,747
281,397,13,19.190128,464
630,265,20,19.475144,127
630,616,17,7.604790,171
490,715,8,19.544204,528
180,735,15,15.892084,350
346,385,16,3.791564,958
495,186,16,11.135803,290
53,594,16,14.484805,822
320,121,16,20.043772,817
610,139,18,19.623450,1166
739,543,11,19.088388,562
17,235,8,4.327357,864
529,170,19,3.751252,261
541,356,16,9.607920,441
196,564,8,3.675834,517
436,272,5,20.050247,576
314,281,6,10.875315,714
553,180,17,3.737217,1124
400,730,16,7.365881,264
145,394,9,13.683907,914
574,9,19,5.865649,1131
203,118,10,0.320288,960
0,543,7,0.506990,201
91,613,7,12.097898,1026
190,601,6,5.913256,853
296,649,12,16.878454,1086
279,441,6,14.590229,1123
665,283,11,8.089147,122
512,477,12,1.997762,655
238,186,20,6.553040,611
632,71,10,12.348993,1199
128,368,20,1.344092,501
678,34,7,10.033685,568
163,440,5,15.416397,536
728,50,13,8.220103,105
688,344,16,14.191894,249
575,293,19,4.503088,1110
399,701,8,5.327790,497
50,25,12,16.168970,1033
661,237,11,1.317529,720
163,677,7,12.144008,1195
172,124,11,17.656670,870
549,463,19,11.040426,178
544,713,6,0.948413,513
698,92,14,10.323614,457
682,84,8,11.755691,998
299,77,9,17.108876,195
267,249,11,3.457745,528
329,437,19,5.667184,349
285,141,5,4.174597,897
456,549,8,6.422047,107
673,230,9,18.217878,699
710,346,18,13.990570,894
347,322,5,7.261031,1027
573,345,17,15.817817,1108
128,451,6,2.584627,460
303,620,12,12.222640,729
365,436,13,0.219363,706
723,195,19,13.605320,141
350,310,12,19.327407,448
376,91,16,1.113055,267
293,609,9,8.279177,941
46,391,13,18.573291,176
433,484,19,15.545084,608
328,340,18,9.477366,324
724,50,16,12.064567,1160
735,66,19,14.068406,802
362,726,13,0.230801,317
138,717,14,14.008551,358
734,146,20,12.999608,671
660,721,12,4.107251,218
112,443,10,17.458309,404
583,297,19,19.100313,749
480,110,13,18.445466,820
364,503,20,7.759387,715
697,571,5,17.931886,654
624,309,14,6.883612,981
622,113,20,17.884737,582
477,181,13,1.804811,363
152,324,13,7.423613,299
248,151,16,11.236705,821
411,202,11,15.219476,225
350,453,14,19.466309,1026
642,419,9,3.332481,148
654,710,20,15.662244,894
390,196,7,15.174954,945
437,86,16,8.991615,622
634,215,19,19.979796,175
111,478,9,5.370412,377
217,422,19,20.002431,393
694,715,20,17.595789,471
480,232,9,20.338047,771
565,105,15,6.902342,825
698,473,19,1.909721,416
456,443,5,7.905336,617
24,164,12,8.309809,1135
231,396,18,1.361431,531
186,368,9,18.216155,991
409,471,11,3.306382,289
464,446,11,9.398907,480
524,669,18,12.582066,694
305,59,14,0.044470,1009
292,703,14,5.867973,943
453,305,6,15.844821,1145
610,586,11,6.112209,1131
100,46,5,4.802990,697
87,61,15,6.656990,253
746,715,6,10.094461,329
201,662,11,1.130350,368
42,645,7,20.140860,812
459,125,19,3.003825,676
101,131,11,0.428400,127
23,628,10,18.529919,524
9,741,20,1.519899,196
405,411,5,15.513490,822
98,715,15,6.133802,103
243,92,8,15.388141,1071
238,612,19,2.673103,366
600,278,15,10.523833,107
578,295,10,1.673507,1148
110,43,18,2.988364,536
447,26,19,16.193140,1197
670,144,18,12.844604,356
498,125,9,16.101766,921
98,220,18,7.571323,246
364,531,16,20.199912,696
456,726,7,2.246847,882
379,449,15,7.045363,578
112,158,18,9.801305,573
312,667,17,19.484229,636
577,748,9,19.772009,106
141,291,13,18.907573,222
390,116,19,6.955980,128
553,399,11,8.946911,1101
721,718,5,18.840353,576
729,489,20,3.098613,281
585,647,7,13.470353,899
74,346,13,8.403839,717
672,113,9,1.783950,463
738,644,9,6.908723,411
458,731,13,20.405953,188
682,654,19,6.495539,976
471,309,14,10.352896,575
389,694,20,2.218055,164
195,711,8,11.283118,1093
63,565,11,5.456608,1074
618,31,10,5.336651,1088
733,179,16,15.130880,665
525,16,14,1.484786,142
621,578,18,4.649181,360
186,400,9,9.504633,441
204,593,19,8.784612,328
604,432,20,7.046747,293
252,356,7,2.845884,381
593,200,19,17.010355,589
1,469,13,10.984523,580
597,232,18,5.340289,646
229,177,14,19.096697,821
438,693,11,19.964156,124
208,216,11,7.100116,873
277,125,11,9.050348,337
313,567,7,6.699385,628
336,404,9,18.655251,497
153,631,7,13.691134,730
180,196,14,20.043358,1036
667,413,19,17.899680,196
498,414,5,13.382288,990
7,269,8,6.908563,311
100,112,19,13.420133,696
450,495,13,3.585653,1067
472,510,17,4.166752,227
547,170,14,18.425161,655
81,688,18,13.256448,349
484,132,7,13.673708,1002
446,404,17,18.013472,1033
541,551,14,7.737952,836
478,111,14,16.726691,572
59,658,17,4.561688,560
205,119,19,1.573125,600
604,629,15,10.154764,446
226,222,18,12.568354,464
416,641,8,17.685311,1149
436,657,9,2.696750,131
681,71,18,15.431841,288
346,707,8,5.159833,752
297,122,5,7.733846,246
491,467,5,4.518828,423
703,716,15,7.023555,1197
2,16,12,14.734245,758
224,726,5,1.251790,515
532,204,19,8.481168,642
143,419,17,4.899678,1011
491,312,10,10.584495,1101
594,424,8,15.958382,1009
732,171,14,6.401542,1185
608,101,17,14.263466,713
629,27,13,13.228066,1194
622,491,14,0.276841,811
139,447,14,3.528865,535
518,62,5,1.275116,126
479,261,11,8.014133,789
27,601,15,10.904478,485
392,551,15,0.359993,244
3,33,5,13.610390,996
373,417,6,15.939017,521
662,641,9,14.446257,325
327,353,5,12.868698,182
430,214,5,12.324371,1166
734,46,6,0.628446,293
44,14,10,20.105243,373
43,364,8,17.388127,282
313,269,11,16.190131,891
292,584,6,18.967988,980
203,606,14,5.448602,183
665,378,9,7.307557,945
122,28,17,0.018132,164
150,61,19,19.324054,587
375,692,13,10.411393,1038
101,68,9,7.730368,508
343,61,5,9.898034,549
299,78,13,20.064127,485
328,130,14,9.088688,599
229,360,6,12.860828,560
511,218,10,13.710148,781
191,267,13,8.101373,672
651,294,14,3.999259,418
80,369,15,15.202481,629
530,185,11,11.819383,408
214,625,18,5.680454,867
502,464,14,15.380679,816
661,492,8,19.101628,706
63,664,19,18.587169,793
675,316,16,3.576615,1023
152,710,9,13.217330,700
483,489,8,10.806939,391
102,677,7,14.208091,1058
748,311,13,9.209072,510
82,266,10,1.855669,1199
559,581,19,3.462085,556
269,336,11,7.876302,1147
143,185,13,6.488914,1031
421,240,12,9.076193,673
231,632,5,18.987378,443
667,483,5,1.159711,667
726,33,6,2.052419,941
178,534,20,18.379239,1185
29,177,15,12.622350,581
323,649,10,0.795967,1001
385,574,9,0.626160,475
263,438,17,7.941948,465
367,72,7,4.677222,608
682,221,17,4.339208,873
75,291,7,9.678589,743
596,436,5,16.220727,777
700,692,19,4.469998,1167
289,246,20,8.768856,586
608,14,5,12.871154,1183
444,59,12,4.520937,520
103,281,16,15.891916,925
298,605,18,6.245792,851
134,325,5,2.483485,890
172,394,13,0.544463,860
316,553,11,7.194140,945
724,229,9,3.173374,161
158,369,19,19.223869,333
244,224,19,11.642945,1104
92,102,8,2.839785,1188
593,734,15,11.928587,501
286,255,20,16.873676,692
377,459,17,8.053588,1167
254,178,6,0.010130,616
425,153,12,13.397714,565
615,320,19,11.878565,878
643,162,5,11.294725,246
470,6,10,13.268231,593
665,684,13,12.179266,417
311,337,16,1.199992,815
143,198,18,19.121481,304
455,147,15,14.265105,924
470,201,8,7.395624,854
469,557,12,12.556613,148
304,72,9,9.095528,791
148,714,8,4.879376,677
342,152,6,11.722987,736
683,320,9,3.591251,665
160,713,5,1.148186,428
133,747,10,0.948715,235
575,351,12,0.529726,210
41,103,11,11.833906,1118
256,102,17,2.590168,219
141,534,11,3.406786,1071
681,84,20,19.497737,147
421,283,18,1.571028,722
58,251,8,16.221360,986
438,356,8,13.215886,210
22,4,7,7.909199,240
648,332,20,12.996896,515
335,331,10,10.597874,1069
0,741,8,11.590069,1153
624,238,13,17.114379,916
165,354,8,9.010414,1030
53,277,8,19.444288,435
313,537,9,16.266690,353
518,504,9,11.197724,725
474,462,6,9.462265,183
418,38,10,16.207136,440
332,584,14,10.416954,275
145,293,18,17.507380,1057
15,643,13,10.650881,844
233,470,11,12.768581,1070
366,483,11,0.257582,276
670,267,5,10.153122,731
281,702,19,17.123015,564
509,76,17,7.085821,831
29,266,20,9.677786,688
541,502,17,13.785408,836
192,482,9,3.538996,446
146,35,8,16.737418,823
359,161,13,3.928572,160
721,136,16,12.935516,279
385,563,10,16.933674,1072
722,732,7,16.102369,354
505,588,6,14.730172,1104
359,323,6,17.612834,639
442,241,14,18.367787,187
77,220,17,14.935215,968
484,607,9,11.080083,295
250,720,9,4.915432,227
13,279,11,9.051750,775
724,635,6,16.651577,665
436,140,20,15.241037,1076
194,320,19,6.987339,474
691,561,8,3.053405,1094
359,428,15,14.348796,645
260,307,15,5.317138,195
8,137,11,4.426769,888
708,662,10,11.336867,477
341,312,9,6.485831,845
455,250,11,9.765182,1184
457,246,8,7.090086,991
445,379,6,9.195962,681
383,275,18,12.116609,310
82,546,6,7.191995,1000
669,388,17,6.033410,229
367,674,14,5.520360,121
610,657,16,15.434674,1135
376,96,9,0.582128,297
381,564,5,6.219363,1136
257,593,5,4.694305,986
715,15,9,1.294073,498
148,571,19,14.033272,981
151,518,16,18.740257,1088
309,711,14,10.568850,256
147,614,11,6.153302,1167
622,659,5,6.598427,556
3,293,12,19.724719,918
106,688,5,18.316345,900
574,621,18,4.527818,810
449,221,19,3.147017,976
346,201,6,19.259864,124
30,421,7,16.729648,721
55,361,15,15.868025,788
653,288,14,7.263891,953
258,529,13,12.729727,426
591,162,19,11.276346,104
668,422,16,15.796610,1114
343,468,12,8.354904,660
236,382,7,8.283231,800
604,174,19,4.326416,939
63,607,17,19.740414,948
531,469,20,6.395781,247
465,283,20,1.385645,404
106,177,19,2.631823,154
392,524,18,2.157955,746
747,1,12,9.865250,726
653,102,6,14.212134,340
431,469,13,16.846615,341
450,476,12,19.024228,439
303,655,12,11.839354,136
427,304,12,12.873455,664
275,41,17,11.805782,103
744,747,20,9.706355,311
387,494,11,19.330614,665
73,342,16,0.309099,795
424,227,13,17.597620,801
81,566,6,14.671931,290
18,129,18,18.795506,151
331,12,10,15.546496,1026
337,671,14,18.030260,700
510,73,18,12.625825,1000
556,740,14,16.241362,704
318,533,15,18.567167,808
351,165,14,19.045155,964
663,469,6,16.461841,708
444,201,8,0.637905,103
526,495,11,7.688108,530
93,280,15,5.152927,216
249,308,10,8.895818,740
261,491,17,20.435006,191
363,665,8,12.227848,482
614,670,19,2.399001,1165
256,351,14,8.618040,507
693,369,5,9.575354,648
128,109,15,0.800401,660
276,170,7,6.065465,575
265,725,19,2.932289,1065
482,182,8,10.303269,1051
11,142,11,10.666395,109
232,100,6,13.062673,400
512,254,12,3.253129,1034
687,746,15,18.542807,1096
241,586,20,19.204729,1124
345,571,12,2.264084,751
258,710,7,14.130467,990
295,165,15,14.326268,858
686,518,16,9.614439,185
352,84,10,1.516638,592
697,479,7,1.657908,968
354,471,19,9.273401,840
481,184,19,10.558357,1153
342,444,19,16.937144,178
436,501,11,12.076304,263
600,363,19,19.861761,906
526,431,9,5.715325,107
673,526,11,1.594369,882
657,362,18,18.502241,579
14,475,15,11.651898,770
534,714,14,7.370640,134
270,300,16,15.767955,910
419,657,16,17.739669,429
734,108,5,12.368550,201
658,250,18,5.506322,472
311,503,8,15.620654,825
590,536,5,6.218248,883
485,590,14,11.857093,314
428,376,7,20.404208,318
421,152,12,11.820913,448
119,264,20,1.898406,1051
347,367,16,11.413286,1028
724,174,20,1.493405,152
543,483,15,14.946741,936
269,48,7,13.488552,305
328,628,8,12.195970,395
461,510,10,6.821723,1092
169,27,20,14.417710,222
639,656,5,16.313744,528
701,59,14,18.797094,125
61,146,12,11.059699,171
537,612,16,7.752979,484
744,554,16,19.049923,1155
692,413,18,17.854644,706
14,89,20,13.208592,884
420,398,16,4.855282,390
167,13,10,4.728443,331
491,401,14,18.130722,697
347,479,12,0.784863,157
677,150,10,2.051493,1053
116,617,17,4.155265,323
55,213,20,15.076009,1045
502,150,18,5.756916,413
12,140,16,19.655570,1023
235,23,6,0.548771,846
351,660,6,8.679457,364
238,579,17,6.204780,259
78,465,14,1.300925,999
182,346,7,10.491757,146
146,724,10,3.234724,301
226,736,10,18.359243,587
357,480,14,7.332869,778
126,309,13,16.069925,489
8,342,10,14.231793,133
741,276,17,18.988066,926
508,146,16,1.779614,220
219,59,13,1.155518,316
670,66,13,18.438342,278
480,9,12,8.180662,752
724,562,18,12.117944,446
117,39,17,13.495084,597
386,691,13,9.835920,361
540,120,10,6.680813,410
68,433,5,4.693865,286
631,68,10,16.505050,491
462,579,10,7.198775,745
162,582,16,17.178575,1108
633,664,16,6.997598,1113
507,414,17,7.802587,638
280,182,11,14.874909,365
358,451,10,20.367053,688
16,384,18,10.978170,621
336,588,20,16.170709,295
481,607,6,15.566694,1038
744,657,20,15.700404,461
640,142,8,7.174978,1044
75,462,13,20.178195,117
316,667,19,8.476992,134
164,455,17,12.478769,1021
602,281,9,15.361936,280
724,579,6,3.140124,1183
21,93,17,16.282866,761
591,354,16,2.351709,1114
416,326,15,12.794078,949
407,85,11,17.666918,339
215,428,17,8.653760,375
273,687,11,9.170622,681
442,351,7,3.751196,907
525,440,10,7.020874,295
384,657,9,1.309582,355
244,81,19,1.947169,1043
632,303,17,4.711209,1165
223,663,6,4.439471,682
385,545,13,10.544880,1169
608,243,8,1.251362,1135
182,90,10,4.333256,841
730,524,20,9.143046,441
448,525,9,13.469686,1028
621,413,20,19.220324,239
116,140,13,7.013777,681
640,648,8,8.627875,1098
255,57,7,12.373549,803
89,46,8,18.047977,918
339,607,14,1.078731,1169
538,444,12,10.493474,378
367,24,16,18.117184,439
584,334,19,8.304210,127
440,595,17,17.321144,785
743,424,10,19.582206,581
147,418,7,7.884822,918
271,304,9,18.248464,1090
270,111,5,15.056923,620
312,74,9,19.206505,1117
142,741,11,5.210997,969
214,239,6,9.924906,888
590,120,17,18.309221,1060
167,70,17,18.985993,415
43,682,12,0.778535,278
640,388,5,7.589069,1161
451,143,15,7.513686,782
501,506,17,3.311322,997
146,282,6,9.254270,391
137,541,6,16.726260,318
680,701,18,3.751170,456
689,1,14,16.349306,294
221,201,10,2.074598,1160
298,334,5,1.019686,1018
354,387,10,2.821058,382
536,133,11,0.691579,452
435,368,8,12.529914,398
90,572,6,1.671448,289
272,701,6,10.787197,478
406,286,12,13.259756,198
253,465,12,6.976226,953
198,337,9,15.528692,510
720,355,14,4.560917,358
468,581,13,19.095280,760
310,722,17,3.004403,837
169,718,15,1.016494,879
625,417,15,15.349980,655
83,564,9,18.984975,900
162,91,20,5.970611,975
438,419,10,18.911355,1117
214,253,17,18.180414,523
598,81,8,15.898554,809
623,730,12,9.738591,1139
380,703,16,9.482224,435
584,726,12,18.019858,261
230,503,6,10.960972,232
269,184,15,14.138750,1059
478,30,6,8.030247,257
68,392,6,14.844305,1178
111,434,14,15.566278,184
214,537,7,6.634837,269
556,697,11,11.825670,749
65,477,15,4.964951,1193
217,473,6,7.962647,364
704,309,7,16.538250,437
173,160,16,16.425527,737
461,392,9,12.016301,312
572,535,7,17.630762,592
65,336,19,7.210445,448
308,49,10,12.346530,821
104,139,12,18.775437,507
667,198,13,7.503993,219
233,39,16,18.015322,591
357,478,8,18.220142,1196
491,333,5,4.003381,305
128,535,5,19.388256,1134
180,675,17,18.453074,1191
157,177,16,6.264653,1122
172,734,11,3.208689,892
54,477,7,14.949250,236
350,616,16,10.201912,362
140,485,9,14.440390,175
349,362,9,3.001585,605
618,570,11,17.504313,953
525,178,20,4.139712,187
642,719,13,18.319809,409
653,645,20,0.505843,553
634,29,9,12.585387,391
417,727,19,5.401863,703
369,286,6,13.737495,243
364,699,17,5.978663,252
49,264,13,3.267751,613
684,672,19,2.810647,1122
668,251,17,19.077764,987
239,418,8,13.793271,925
676,235,19,7.845333,842
611,217,14,18.454576,586
7,439,5,18.647020,1053
670,695,14,4.868851,222
313,353,17,11.764355,123
430,472,10,19.810849,640
746,213,16,2.017872,198
483,346,15,18.212557,726
484,352,19,8.038266,406
201,561,12,6.542042,1088
266,130,5,12.905350,537
560,449,18,12.677107,479
620,552,14,19.720763,678
481,668,15,7.498790,127
13,117,19,6.007500,459
1,585,13,5.276270,340
416,401,15,6.225443,909
282,33,7,8.586966,109
141,372,7,1.160545,243
90,727,13,18.115009,124
19,332,18,1.931158,576
314,329,17,11.865691,1073
266,204,8,6.216665,808
335,475,19,10.573400,1153
451,623,14,15.590498,422
230,696,14,3.194433,154
686,461,14,12.011870,494
640,398,7,0.542584,1172
575,147,18,8.405846,243
382,584,15,15.100003,734
387,431,20,4.193673,281
505,123,13,6.794353,506
135,267,5,14.272285,344
633,464,15,12.739071,791
669,555,10,4.242358,997
731,3,10,14.592101,774
353,245,14,8.115515,229
341,241,10,13.149560,451
561,416,15,8.724729,623
510,701,16,2.855206,223
236,305,6,5.226301,113
399,90,16,12.770297,858
494,720,19,18.452363,512
123,480,9,14.661635,1186
417,524,20,14.784636,1176
658,58,20,16.172016,284
485,185,16,17.303732,935
459,657,10,18.217940,412
389,235,5,16.896669,729
460,178,20,8.336584,610
468,245,18,6.185873,1072
48,319,13,17.849253,153
619,290,6,9.677413,780
192,176,9,2.134562,463
121,288,13,9.156796,1167
594,328,7,15.529392,981
337,229,16,1.829939,522
627,258,15,14.275800,214
576,598,20,15.771057,451
565,309,15,17.510151,1041
596,14,17,9.253046,1104
93,591,6,8.652426,793
274,260,18,8.752562,573
159,517,20,1.637521,501
364,604,11,14.853253,916
81,17,12,16.438849,1137
380,225,13,9.806077,726
377,360,19,10.137505,575
448,394,8,15.131903,115
489,708,10,12.016562,465
467,374,18,8.693024,550
748,622,15,7.305498,775
498,1,16,11.773465,514
82,373,17,19.025836,950
653,315,5,4.624778,833
650,639,18,3.140034,1058
36,251,11,8.448135,932
503,269,6,4.575276,411
104,525,6,9.515147,1129
456,261,13,4.847644,342
570,171,18,11.732095,601
600,138,18,7.646288,858
79,337,16,6.067431,942
299,585,20,12.540028,557
30,512,9,19.487833,466
223,692,7,12.210924,1060
612,364,6,13.447921,1121
716,137,15,16.950596,871
430,133,19,3.875977,1090
514,626,20,16.299904,1174
220,46,16,0.260763,643
463,580,10,5.772273,915
152,129,9,7.442820,714
142,531,9,6.287849,640
356,263,20,9.125218,683
419,321,17,18.341269,288
576,84,15,18.974235,411
18,60,19,19.682728,726
429,291,18,0.301730,373
565,728,19,17.019859,791
160,526,19,13.994018,930
353,531,9,13.276652,627
700,503,12,15.362866,864
310,676,13,3.932088,602
744,684,17,4.074787,531
297,627,12,5.234619,280
266,370,9,3.931733,384
48,386,8,11.123860,129
260,739,10,4.384978,326
111,243,7,10.454441,931
96,293,20,14.198621,204
514,528,6,19.099297,915
284,736,7,1.047765,352
32,449,5,14.469394,1100
120,202,7,5.136118,941
154,442,6,4.923984,1028
600,339,19,6.360137,162
216,355,18,18.778666,570
156,249,12,11.145356,971
547,30,11,18.456712,163
636,344,5,7.899198,891
614,63,11,2.972441,868
265,350,15,5.843149,828
30,413,18,20.462115,694
520,146,19,19.217061,1125
168,516,14,13.007801,978
647,214,14,3.184933,1089
111,368,10,4.124104,688
414,147,16,12.904248,859
571,528,18,3.229513,974
428,426,6,5.922794,178
42,5,7,5.314239,701
699,291,11,14.143574,1078
540,246,14,1.995478,305
557,272,6,0.976250,325
180,247,20,9.330585,713
440,170,19,0.694398,240
217,450,19,16.927083,125
173,59,15,12.335937,845
214,183,17,16.703635,320
538,693,12,6.312726,140
441,703,19,19.733219,713
414,602,9,8.374040,438
325,670,20,18.183723,1086
449,40,13,11.087249,1189
748,101,12,3.410919,1088
313,267,19,20.175180,419
481,628,14,10.863974,1155
655,9,8,11.541468,323
156,655,11,9.575700,452
109,297,10,15.122709,1180
141,635,14,5.329381,1192
103,282,19,5.856308,607
696,322,8,6.063704,1019
620,654,11,19.439030,1160
621,683,11,9.534592,568
177,386,17,8.959656,1153
590,73,6,18.368804,587
139,214,10,17.139035,735
282,545,7,17.543092,812
371,244,10,3.069407,1044
456,43,20,16.642042,904
650,406,18,20.049032,1200
297,662,13,13.570407,107
662,685,7,10.998790,236
673,113,13,2.439708,350
12,269,9,6.932103,664
159,14,14,4.465165,652
625,550,7,5.657343,525
627,66,19,8.115506,722
135,725,8,17.538940,300
236,522,13,18.744584,239
103,524,13,6.634874,149
148,531,13,17.112341,1034
556,717,7,14.635612,180
599,393,8,17.985737,891
633,311,16,5.260556,251
334,479,17,17.928857,663
220,229,12,19.269714,784
271,571,7,11.344197,991
679,542,9,11.583534,776
418,415,5,11.227647,941
469,484,15,2.981324,444
676,62,14,16.496501,126
508,641,8,9.563823,447
113,366,9,10.722336,150
74,488,13,18.126589,109
223,160,9,16.890480,287
29,406,18,2.184852,720
357,226,5,15.812442,1009
661,59,17,6.849786,711
652,599,5,7.364754,835
592,344,6,1.620061,707
150,1,14,5.548502,847
598,465,8,2.647678,641
525,690,11,3.786287,362
76,146,5,3.817923,492
689,726,11,4.382765,450
260,254,18,8.444127,660
102,472,10,9.021824,328
16,561,5,15.454915,625
20,111,20,3.404107,386
723,414,16,6.207559,331
638,325,14,9.834221,164
516,514,7,1.196532,496
154,35,5,5.509147,537
362,19,5,13.074773,599
177,512,8,12.095970,315
473,275,8,4.253876,419
23,606,10,14.977792,1190
110,543,15,19.590949,411
498,566,13,17.291361,369
363,739,12,17.397294,1092
408,450,15,18.077236,1027
205,396,6,19.105738,316
635,599,19,18.706389,333
725,163,14,17.907623,678
159,343,18,5.090904,645
376,225,14,16.069699,724
461,447,16,8.099711,785
164,43,11,9.984874,365
709,380,7,6.189118,164
412,163,6,7.817088,453
232,541,14,17.008992,114
614,652,10,12.699472,301
157,347,19,15.121635,858
309,449,16,1.981228,960
504,157,18,8.214466,255
297,49,8,13.844090,128
285,397,20,5.940829,171
263,588,9,14.568607,457
107,566,7,12.573890,652
587,122,12,6.360307,519
248,442,15,14.601265,344
159,524,15,13.967932,520
513,120,11,13.716112,106
193,263,20,6.752631,1116
458,98,16,2.336794,729
576,119,13,12.416849,766
731,420,18,4.325605,857
355,95,7,2.615519,398
690,452,20,9.836430,493
637,120,11,10.278353,505
16,546,7,2.792247,942
271,586,16,6.269369,943
702,664,20,1.808159,452
283,92,16,8.772430,869
203,258,12,15.058099,114
116,657,10,6.870694,536
502,263,20,7.875785,397
644,226,12,14.068998,205
685,420,14,4.524320,704
108,111,15,3.002080,301
288,6,12,13.772694,803
560,685,7,15.438181,675
548,239,10,2.929299,596
52,328,15,5.632790,568
368,334,16,4.105121,768
79,391,10,14.018518,189
252,525,12,4.830781,146
501,355,13,4.358799,1200
377,28,20,13.729811,793
391,658,7,8.057516,253
624,344,7,6.363539,470
159,669,17,5.326980,960
454,521,20,3.077088,969
560,250,19,0.835927,531
169,413,19,15.401727,1022
44,701,9,13.401905,1023
432,378,7,3.860742,927
414,722,20,9.170412,788
272,175,10,7.069231,730
125,539,20,8.112716,413
251,461,12,0.415666,992
519,435,7,1.548424,1065
561,130,6,19.965504,644
646,634,5,5.034143,181
299,103,18,1.615352,1174
604,747,17,11.665526,949
429,148,12,0.124147,129
526,367,11,1.912958,1032
606,57,12,13.260939,327
116,58,16,3.920792,540
40,49,5,10.923179,774
658,719,14,1.882812,753
2,559,8,16.436506,381
510,232,18,19.933023,296
25,343,18,11.736818,269
105,186,11,3.963103,960
457,286,18,9.270224,313
581,417,15,8.241948,906
118,494,15,11.387576,1159
343,553,16,18.346644,334
669,162,5,17.398409,155
303,282,16,10.598743,388
608,42,5,12.741644,657
440,437,17,9.155210,558
409,173,5,19.183897,943
221,433,14,11.511689,896
740,444,19,9.186148,562
441,56,11,14.324820,903
620,554,8,0.858688,1017
648,723,19,3.174240,658
523,173,15,11.001935,380
545,83,15,15.496582,874
495,101,20,11.709455,649
728,693,13,19.687149,710
342,331,6,7.081642,860
718,325,15,3.525003,969
165,629,8,14.559459,349
653,105,9,19.003429,232
472,350,18,0.582606,893
317,29,5,12.672536,966
745,621,20,15.490119,491
741,236,17,3.158883,125
459,667,6,9.375185,1024
499,291,7,14.843769,483
350,197,16,3.550778,379
321,458,19,6.404198,332
12,708,8,8.784494,1111
199,359,10,7.544383,1176
453,255,13,16.510773,243
268,678,15,10.620716,804
478,31,9,0.432430,511
248,188,18,16.271053,495
324,320,16,20.244202,789
578,682,17,14.137000,1046
320,744,18,5.649516,359
81,397,14,5.681687,777
221,348,9,8.709593,622
196,521,18,18.659025,1089
583,463,12,12.505250,1129
448,458,12,13.935716,633
436,149,12,4.311079,1099
24,274,7,3.093683,355
57,721,10,9.843083,639
119,736,5,18.728828,453
282,170,10,12.553152,756
692,339,11,7.501347,502
384,475,18,12.701770,457
207,136,8,16.038329,980
353,343,7,2.226640,551
624,125,7,1.096568,232
224,586,11,1.866390,908
30,75,16,7.542462,627
253,349,11,15.406853,214
689,393,20,11.653958,922
586,482,19,18.251312,308
511,323,5,0.581477,103
436,234,11,14.693486,949
202,157,9,14.611282,576
734,37,16,20.335691,1015
280,237,11,18.252471,170
531,10,11,4.363096,448
732,725,16,14.661679,826
641,661,6,14.134609,335
285,631,20,14.040930,907
351,435,12,10.110540,363
364,683,13,7.255330,384
168,136,5,6.437068,757
144,42,19,15.957122,853
576,604,19,4.002170,839
360,462,12,15.147202,1198
315,726,13,13.823717,1046
343,146,5,17.447043,424
657,358,15,13.620124,533
65,75,16,3.584097,406
486,514,5,1.289627,1161
392,508,19,9.866558,769
186,503,11,10.571134,955
620,116,16,16.345568,603
736,293,14,1.039292,1146
243,209,14,12.443051,220
45,443,6,8.024134,1065
675,504,19,8.024160,1137
235,148,9,1.539533,135
579,644,14,10.211180,454
540,652,6,9.609389,722
478,126,15,3.044324,616
283,316,11,8.164725,1150
183,115,15,2.326676,405
664,744,11,16.001554,374
392,44,19,2.959445,958
676,153,17,3.546680,571
735,220,7,15.013652,938
534,73,19,7.786934,110
517,59,9,8.771501,361
588,238,16,9.591325,1132
455,409,19,20.084023,845
548,148,19,17.157013,149
740,69,9,6.008174,848
682,715,5,8.113371,345
117,596,8,16.799439,517
113,342,19,13.788779,401
312,163,16,10.217190,1159
598,414,20,10.305129,420
711,438,19,14.670574,187
542,557,8,19.150407,163
705,3,19,6.392611,577
688,131,16,4.640375,617
243,470,19,7.503213,116
375,535,20,10.179751,528
675,108,11,15.459613,826
682,383,15,12.330456,474
130,476,10,1.619260,475
556,84,6,19.439350,191
548,701,8,4.354590,528
638,98,10,5.999463,308
515,372,12,0.062472,1162
147,24,8,7.907911,199
505,50,20,17.525064,1188
376,161,10,10.103078,534
413,630,19,2.541995,782
327,546,17,19.777520,211
391,115,17,14.685692,668
356,374,5,18.822414,734
192,544,16,11.213861,484
501,58,11,14.828165,1018
629,199,16,2.099943,149
415,529,20,18.554927,838
187,147,10,17.270362,846
166,255,8,15.680897,829
383,79,13,0.964410,1115
369,643,12,13.000236,599
629,333,18,11.165946,239
177,16,18,19.610987,457
309,234,14,18.447044,325
684,606,6,11.108576,944
543,133,13,8.488674,298
645,294,13,12.820691,211
371,402,10,14.394534,248
157,548,5,16.829708,217
11,75,14,17.588106,603
65,521,7,6.901342,887
346,288,13,15.139284,1177
116,678,20,17.636069,762
403,295,18,17.532863,1027
26,449,16,5.538828,512
645,521,17,19.764932,712
43,510,18,6.813270,514
225,692,8,7.719940,103
334,333,13,11.753632,777
61,725,6,18.903247,808
248,725,6,9.817512,1172
487,118,5,17.867363,855
9,157,10,4.823314,664
24,215,10,2.140143,1158
668,270,15,17.725656,1169
743,124,20,19.287931,808
16,132,19,4.610411,451
13,591,11,15.592400,622
533,281,9,12.469759,175
243,731,16,10.043444,559
421,264,6,7.613261,1077
103,495,19,11.970291,673
701,167,12,14.131742,433
528,624,6,12.210206,1063
419,89,6,13.968119,928
480,628,6,14.480922,1197
730,501,14,0.570651,684
737,490,16,2.008788,546
436,339,10,13.671873,690
699,353,10,13.598365,228
340,16,11,10.898354,139
38,187,16,16.500809,172
114,430,17,1.923510,588
749,385,16,9.951292,409
380,281,7,1.496038,164
617,386,8,2.002934,389
367,242,6,15.554595,391
119,236,12,7.142676,165
404,45,15,8.398774,494
691,436,17,13.278820,1101
2,204,18,11.197905,1164
742,424,5,6.618243,1108
147,19,11,18.111317,745
526,646,9,9.223192,1084
583,51,7,15.899245,1158
233,554,15,15.772202,473
128,310,15,2.189624,270
482,451,8,5.637959,912
496,643,18,9.046335,374
502,467,16,13.544604,1144
398,286,19,13.658497,118
299,415,19,17.046051,1168
591,204,11,12.618952,417
288,223,20,17.256276,908
415,42,7,19.617931,928
449,444,10,4.277874,1063
423,289,11,1.665124,641
600,252,9,19.248133,1008
506,249,17,16.006116,1081
526,140,13,0.494969,140
592,402,14,0.261686,857
293,731,14,8.052545,269
288,518,17,19.043525,690
517,448,7,4.692198,508
743,671,11,14.964739,676
76,53,20,13.030742,454
378,377,11,1.077677,381
426,32,17,2.582786,976
253,82,8,19.046472,168
247,352,14,2.775659,854
638,479,11,20.337502,374
112,729,11,17.468331,1175
603,664,5,13.994750,104
376,441,20,7.728350,505
679,543,15,4.404537,481
51,397,14,18.643914,243
316,62,8,7.522279,1148
44,323,13,12.024085,1176
8,712,19,6.660586,776
152,718,8,18.353185,963
704,349,8,9.517433,273
145,152,14,14.541404,117
492,140,5,7.415504,363
285,327,16,5.677911,816
192,44,16,6.660888,604
370,470,14,17.693692,1165
598,701,10,14.118366,1175
619,289,16,0.337993,441
107,720,9,7.606597,122
73,447,19,15.083889,502
737,181,13,6.004608,832
258,640,19,8.096792,720
175,703,17,15.864447,566
553,368,8,0.749206,1177
748,634,14,10.838585,485
302,397,15,7.989136,1004
283,6,9,11.761559,370
607,8,6,13.841493,394
744,329,11,1.317908,801
572,186,10,5.572933,561
278,347,6,10.901204,149
505,639,14,7.750585,333
180,220,15,9.730238,980
264,225,7,6.423073,191
605,109,15,6.469619,240
283,204,19,7.743889,859
322,584,8,2.433901,891
749,729,19,18.850788,1054
472,270,20,13.743938,958
103,373,19,11.921882,504
424,644,7,11.804369,374
331,696,10,18.259845,201
539,431,18,19.151222,159
497,622,10,14.676295,844
152,633,14,1.116898,749
50,705,10,13.752834,1199
376,389,16,14.504307,1110
479,363,12,13.640280,686
11,526,16,9.240450,481
237,517,13,6.772593,1169
626,539,20,9.359959,941
627,15,17,10.505402,598
227,669,12,12.045208,339
578,617,10,6.711723,726
101,77,7,17.356332,697
248,368,5,16.086045,179
153,623,8,6.242647,990
328,591,17,13.076043,1193
314,618,7,19.109470,447
209,673,5,17.555612,388
615,703,12,19.842232,456
569,662,17,16.496120,1097
403,274,7,8.422745,842
323,45,8,15.055469,436
312,71,10,7.503460,812
602,676,17,4.943691,785
651,609,13,7.496352,1032
704,716,7,4.852829,1200
628,14,12,8.592800,1134
656,583,7,0.443115,833
173,606,8,8.939983,766
47,315,9,17.664794,363
460,693,14,1.226327,112
580,20,10,17.581264,802
604,676,12,3.705510,822
357,545,12,1.705113,689
683,613,5,15.001407,308
638,247,15,13.518429,1094
93,254,7,11.176924,781
368,549,17,7.604524,243
434,214,5,13.510584,538
563,536,10,6.679317,970
245,123,11,14.467047,832
159,399,20,2.055735,840
83,382,19,10.448607,910
275,382,17,3.122672,305
242,442,16,0.885058,529
209,551,12,10.302418,626
283,496,18,15.898792,241
375,563,15,15.302211,770
376,396,17,16.116389,597
10,204,13,2.365574,449
157,116,20,1.002861,457
92,643,7,12.874734,835
268,656,20,11.675812,822
498,202,20,13.996090,434
138,397,14,12.462617,128
626,274,11,17.219397,412
620,17,19,9.154473,736
272,584,5,2.417508,670
227,77,17,13.120456,434
712,421,19,5.832157,540
319,120,16,18.827611,1052
330,95,11,1.444002,937
574,277,10,0.270396,886
254,245,15,17.179490,501
153,249,7,15.195249,485
709,463,5,16.301714,457
501,648,19,8.878691,748
279,622,12,11.773423,416
281,562,19,16.607398,298
72,173,7,6.514708,594
637,101,14,15.717052,514
382,284,19,1.384826,114
193,449,13,3.349100,487
310,37,20,9.702006,129
120,452,8,2.883537,364
215,17,15,1.846265,240
727,231,10,8.364327,1132
439,598,19,5.857025,664
420,558,7,6.359946,318
4,225,20,9.783787,818
165,170,6,14.708034,1022
346,345,18,10.292447,549
58,444,5,12.089662,1097
101,644,8,18.132625,867
31,172,17,3.789236,184
80,576,17,14.730337,810
466,354,14,10.374374,662
15,19,11,11.887387,1144
118,598,10,5.752673,848
169,467,11,10.167198,657
490,645,13,13.543967,594
679,560,16,9.250558,436
60,473,19,17.075048,144
171,489,7,19.966330,960
562,532,5,1.334979,296
322,694,9,4.477633,1145
190,42,11,10.010931,862
677,497,8,18.789318,1053
257,47,16,5.860114,524
213,404,17,7.771350,208
153,309,11,10.028785,197
399,628,14,18.585553,321
653,560,8,11.618779,418
454,14,13,12.894016,1092
671,211,7,10.181880,940
481,644,9,3.616021,670
565,641,15,5.740437,457
630,482,20,2.095792,764
552,567,6,4.942132,1031
32,606,13,3.611319,756
314,717,12,16.795047,243
414,0,12,3.493436,656
150,91,13,4.578716,1120
705,394,18,8.937561,259
452,57,5,6.794395,511
541,192,13,9.804759,914
478,721,18,12.883412,687
702,746,13,0.567588,214
84,113,16,10.691649,831
179,418,13,8.815545,486
225,0,15,13.678826,525
30,454,5,17.341232,116
511,697,11,8.534039,296
376,552,17,8.477051,422
479,707,9,8.695172,528
16,748,19,1.220162,885
449,402,7,3.939834,214
271,432,20,14.819746,1189
374,527,14,3.520165,853
389,380,15,8.270730,487
672,97,20,7.543052,370
505,496,14,4.810831,397
460,503,6,16.295590,621
290,95,18,15.987386,597
260,174,18,20.376721,155
477,266,16,10.242472,594
197,21,13,15.916189,151
532,158,11,6.098214,154
403,419,5,7.269981,297
618,122,5,6.312778,389
0,495,10,17.660341,417
698,711,6,6.500942,835
31,514,12,1.868343,458
261,388,10,1.004269,696
289,225,10,3.705036,343
661,102,16,20.356142,447
701,172,16,4.797656,555
588,547,11,15.933757,468
69,162,14,14.735951,1151
148,236,5,15.124005,947
45,291,9,0.289193,1169
749,157,10,14.678896,1128
221,190,7,0.641943,1121
241,688,15,17.599073,885
537,285,7,14.803686,262
583,508,10,17.392490,1034
541,391,20,13.402599,371
387,348,14,3.478624,655
549,653,14,10.390249,457
254,725,10,15.906482,360
291,222,20,5.177460,108
672,479,9,13.172976,946
416,535,10,19.046920,246
110,695,6,3.331651,491
336,211,17,17.606873,414
186,240,13,2.608475,1043
598,626,6,11.211431,690
350,425,7,17.199599,1150
589,727,8,5.209510,369
512,438,6,7.422981,115
151,681,14,1.143042,247
663,146,20,12.747645,521
447,675,14,11.134062,429
547,591,15,3.228456,367
277,162,18,11.613132,851
130,135,7,19.096085,829
179,581,16,19.808453,121
189,531,9,17.035129,1068
454,388,13,18.312887,1157
553,618,20,0.684349,564
248,483,13,4.187428,376
393,186,7,13.410555,127
430,296,20,14.020623,953
55,422,18,11.692840,227
429,587,8,8.632359,799
445,580,10,5.240834,594
514,620,12,17.472769,407
498,37,16,10.955583,848
349,736,10,3.482536,762
378,135,19,12.900651,144
294,90,7,8.492170,1021
151,655,7,7.070890,575
243,438,16,15.359858,554
547,456,12,1.904268,923
149,606,5,19.592494,281
92,37,13,18.244471,902
399,583,19,16.169448,500
634,705,20,0.635725,623
539,1,9,7.128514,854
587,97,7,8.238429,1024
172,586,5,2.287645,422
564,489,15,8.108000,704
471,63,7,15.794794,841
578,553,14,12.287452,441
48,448,14,3.389735,1035
730,369,12,19.121753,384
573,94,20,17.591006,834
637,534,11,6.104571,980
101,413,18,2.377863,296
34,440,9,16.629578,342
267,726,20,4.205276,241
359,369,17,19.118679,506
416,203,15,19.078375,195
84,213,11,4.704225,458
471,455,7,1.763839,1173
363,17,17,11.817180,858
231,146,12,19.592248,902
157,387,7,7.947081,959
470,300,12,2.929462,637
524,143,12,13.176131,264
354,34,20,4.685651,283
637,45,6,9.728697,382
546,370,9,0.999038,592
530,567,8,12.644165,237
441,727,9,3.400674,127
733,49,20,19.459237,120
526,27,9,4.923399,457
513,313,6,9.435735,1119
370,676,12,13.477450,1064
156,455,11,16.238687,1012
533,191,9,20.094324,136
36,327,12,1.633831,848
539,95,7,6.456499,143
565,606,20,6.258603,344
68,603,12,15.146468,160
177,559,16,13.385174,542
489,473,8,16.230836,878
263,168,12,10.542101,659
469,222,7,1.265297,607
173,56,18,16.354600,1097
498,623,20,12.535828,447
415,532,18,1.424882,874
266,622,15,20.498201,336
123,697,6,0.299930,330
669,567,15,17.144498,1018
39,593,14,8.817224,1185
124,253,15,11.375274,418
276,172,15,17.635497,937
112,336,11,16.556966,610
317,531,16,19.937946,684
410,588,18,18.769061,197
106,384,16,10.266916,201
236,221,6,18.642607,867
568,594,18,17.997230,510
721,336,6,12.981299,393
324,547,14,12.040125,271
17,642,17,16.317373,1172
684,470,15,2.859221,514
161,178,17,1.298229,904
56,121,18,12.651818,677
532,371,18,16.321531,1046
504,7,6,7.808362,781
721,602,5,11.432628,240
570,365,8,14.817151,309
71,91,18,11.101265,941
555,720,14,13.748698,114
231,172,12,16.744587,661
320,739,13,10.791581,1165
524,405,7,16.503801,591
410,536,9,15.239045,1076
402,409,16,11.307219,254
406,473,5,6.316557,124
707,620,18,6.961577,597
532,399,18,5.496892,894
747,456,8,5.101494,472
703,234,18,8.010581,364
344,195,19,7.144642,167
626,668,20,6.268186,902
326,685,5,9.291282,447
647,3,15,9.789039,466
68,331,19,9.144332,481
376,699,7,20.153719,1016
573,249,6,8.460969,1189
634,737,15,17.047875,678
679,353,8,3.908971,1191
414,493,9,16.428628,451
742,301,12,14.754033,639
707,415,6,20.336866,320
270,429,5,1.880019,1055
736,557,8,14.184763,836
496,613,10,9.766098,235
521,478,13,11.642926,565
160,48,20,14.989193,245
644,49,20,16.574901,961
592,625,13,3.580762,586
488,293,7,16.057086,437
243,176,20,11.988844,928
163,302,12,19.130003,736
272,632,5,12.893432,357
108,306,14,19.199032,950
307,623,17,19.044619,819
62,327,6,4.206179,507
235,225,20,16.195494,993
719,289,17,17.911055,480
477,535,6,13.500319,500
635,299,5,10.027630,1057
404,81,7,7.812133,672
302,745,16,1.722500,607
531,211,20,2.845847,441
323,103,5,1.107957,618
560,471,5,7.868495,646
713,2,8,11.690842,882
317,716,9,4.303343,207
591,604,8,7.762657,245
733,484,16,3.526808,214
599,632,13,17.757509,1036
719,476,16,17.428365,538
174,682,6,13.542082,1004
263,265,5,2.993554,936
337,736,11,16.223987,655
686,315,13,0.609765,985
482,160,8,10.353113,1047
442,422,14,9.143244,1021
721,42,18,13.668031,615
252,154,15,14.142662,790
94,638,11,19.400127,632
458,435,9,6.210185,188
336,101,15,12.817412,1072
587,130,20,18.673436,619
59,501,9,18.189696,1147
570,632,15,16.398736,128
715,470,18,9.172623,915
694,107,16,17.588952,794
372,683,11,14.160632,166
464,483,16,17.939239,1016
270,141,11,0.785730,1087
320,204,5,3.557197,1051
256,640,6,18.492908,387
256,253,15,9.548760,304
578,522,19,17.773435,229
532,567,8,1.755449,514
709,665,8,19.947617,161
299,709,10,8.179158,709
617,344,16,11.618698,759
5,26,9,19.541840,456
634,147,15,18.053910,301
565,104,11,0.001145,1115
663,383,16,6.855000,830
518,51,11,5.922590,732
28,135,20,18.325277,1194
18,397,12,5.386322,177
235,312,20,17.843160,945
632,747,19,1.909521,214
302,722,15,0.233410,408
191,584,19,10.951061,975
131,713,10,19.193407,680
154,676,6,13.602070,535
79,296,18,19.054939,1175
613,401,20,12.827357,889
255,330,13,11.914888,886
213,114,7,15.164126,1132
86,331,7,18.432477,667
713,689,9,9.780667,591
398,279,14,7.077957,316
233,186,10,9.729875,865
324,581,9,18.036393,922
563,120,7,13.866189,1179
329,243,8,7.447322,441
504,532,15,8.435782,824
732,213,15,6.413359,655
100,544,7,11.114594,364
259,62,18,8.851049,298
706,216,13,6.154293,306
276,373,9,6.886382,753
708,405,9,1.039603,257
300,661,7,5.011067,488
461,721,10,9.029362,1074
74,649,13,9.064355,1135
161,123,16,19.581287,802
291,379,9,16.414968,930
136,243,20,7.669460,1192
533,123,10,4.017405,1069
601,57,12,2.197285,1029
528,355,17,13.535834,524
89,307,18,20.322220,1005
416,443,12,15.702059,389
567,506,8,4.182875,218
674,105,8,4.362316,1019
155,569,14,10.971202,1092
649,136,18,10.277578,706
503,605,16,16.556823,571
258,265,19,3.947407,1182
300,69,13,15.978507,944
520,602,10,0.353369,1040
86,382,8,6.247177,941
436,151,12,14.766544,557
682,358,15,13.618170,381
81,486,10,1.846589,536
141,411,12,4.054440,141
491,485,9,12.699788,536
641,387,15,8.888557,1198
5,291,9,5.347199,235
11,293,8,18.652057,745
279,278,12,15.816841,188
568,299,5,11.423135,369
127,179,7,6.450451,1013
120,439,18,18.170318,962
183,522,20,19.395700,387
358,335,13,12.158848,1146
26,1,12,6.150309,615
703,152,14,1.165861,449
658,69,5,9.290575,761
251,282,6,5.548314,1034
267,282,9,9.633205,869
132,553,6,17.613500,1111
672,216,18,0.347289,1048
682,555,9,5.534864,676
2,210,9,7.657018,993
464,253,14,20.258560,1065
172,729,14,14.633333,783
579,131,11,13.097328,563
542,478,12,6.791190,674
60,326,20,7.361098,528
552,588,13,14.121435,415
110,325,17,16.768576,197
590,293,13,2.367115,884
301,140,14,10.936531,1051
95,254,11,4.399175,224
698,499,14,12.537261,964
638,327,13,15.317145,728
612,617,20,7.561367,613
132,64,10,14.398096,927
99,470,5,6.058959,623
35,377,12,13.179553,598
518,393,8,2.656888,707
512,617,10,6.502753,951
310,51,16,0.969311,395
329,326,8,9.072001,970
13,278,14,1.167251,735
333,184,20,18.179150,376
508,572,9,19.700046,609
212,411,13,15.193504,556
579,374,15,16.729329,928
707,33,16,13.288388,620
51,198,19,2.968539,594
723,628,20,5.107798,307
68,584,9,10.709367,713
480,487,7,14.721100,1087
499,196,9,8.237847,751
39,257,7,6.900428,662
536,531,6,14.668242,639
608,534,11,2.766393,594
434,279,15,19.860100,568
110,735,9,19.777568,648
235,366,6,16.995955,786
304,394,7,12.927389,486
393,713,11,11.809575,427
579,540,16,15.650922,787
150,668,15,13.569188,647
657,649,16,11.876185,1048
568,85,10,5.053769,976
675,114,7,18.825721,1047
434,322,18,3.856434,371
365,250,11,9.388469,160
590,598,8,8.116691,1125
488,425,5,16.459517,805
6,699,14,15.236696,212
277,399,9,9.101343,956
553,82,14,17.560548,937
210,568,13,20.077443,275
514,671,20,9.050526,561
357,462,18,15.266853,224
161,409,5,11.132627,583
29,385,17,18.637583,610
646,160,7,8.416025,519
89,632,7,20.030312,706
246,243,11,9.314347,292
618,747,11,5.518446,891
539,683,7,5.092279,593
594,744,16,10.712819,574
667,222,20,13.771878,778
551,449,20,7.105699,499
316,614,11,13.392875,100
673,486,10,1.448807,427
425,434,7,6.284750,1027
269,359,7,3.030238,1059
680,640,10,19.913882,132
536,473,6,5.029864,900
54,79,8,11.094448,505
418,235,5,13.364074,170
171,113,10,1.191780,638
505,387,20,4.942152,238
523,170,12,12.883135,611
232,509,8,18.113306,643
601,452,8,10.293319,174
621,538,17,15.506780,391
204,568,8,0.133897,188
593,202,8,2.536905,653
135,644,19,17.590018,695
51,604,12,2.820616,498
310,535,17,13.640769,1073
526,148,15,8.424933,811
679,51,15,2.585032,991
44,110,7,15.506069,1078
690,549,13,19.574879,1100
290,90,18,17.127616,556
511,393,14,18.343204,684
556,746,9,12.081229,311
28,413,13,15.368564,681
440,138,13,15.787366,343
591,509,14,14.861770,311
384,321,12,1.895866,351
356,599,9,16.793288,468
598,174,14,19.317479,1152
301,248,6,9.396429,549
0,559,7,1.251357,504
83,717,17,4.933456,488
485,553,15,14.882521,841
696,359,5,4.580515,404
362,237,9,12.395283,489
5,210,11,16.353000,557
543,507,12,4.026648,1005
467,682,8,1.209317,678
288,270,16,15.212455,762
263,635,13,3.872120,610
521,231,19,14.147328,396
29,76,15,18.519248,350
68,435,15,19.102321,476
440,146,7,11.157553,503
226,741,19,10.733370,433
472,443,19,11.735061,894
401,651,8,0.641507,1015
98,33,14,13.985367,1094
72,660,12,16.031101,1177
208,335,14,10.591131,636
395,90,12,2.774702,122
611,372,17,12.064672,261
731,72,17,17.614229,969
313,22,20,12.644152,789
634,701,17,7.266897,927
316,174,18,19.741317,206
459,695,9,4.223832,982
672,584,8,4.688372,1172
206,608,7,0.321337,385
188,16,8,4.497077,620
360,277,19,16.578413,1012
446,134,17,12.757970,1085
15,693,10,5.666266,449
241,325,19,15.458257,366
487,127,10,6.860870,892
194,464,14,15.331896,348
654,373,9,14.277783,168
677,247,5,6.706929,371
292,735,11,14.869117,496
311,174,11,3.585374,261
313,210,14,19.936056,1016
142,584,14,13.483912,809
738,680,14,3.875737,728
500,48,9,10.529158,275
621,146,18,3.818065,899
127,141,8,17.728883,966
155,706,18,8.566692,685
689,218,18,15.317733,522
341,513,19,9.143690,383
67,117,7,2.440526,338
476,47,14,0.766115,243
450,374,16,15.304003,707
125,258,18,0.864919,523
397,730,19,19.051122,299
551,363,7,4.756450,833
116,100,10,19.696516,1082
282,529,5,11.848113,417
634,406,17,16.537151,315
371,243,19,3.742575,899
223,661,9,5.466043,1177
465,25,17,17.063243,115
610,109,10,6.703205,809
273,266,14,20.228614,258
319,132,15,1.365572,901
123,644,19,9.719498,983
37,210,13,3.282116,754
67,683,9,3.465105,943
229,709,10,0.659885,1172
141,16,17,4.353109,1032
562,3,9,17.603606,315
431,374,7,13.321773,720
0,387,20,4.278520,1009
252,205,9,20.165957,279
138,506,19,0.632174,296
168,676,8,6.589710,1196
197,513,6,14.266141,475
700,522,6,4.440621,713
221,448,14,13.690420,1101
656,382,5,13.412267,1026
13,699,16,2.762535,964
325,431,14,0.686576,522
730,738,20,17.101245,726
414,363,18,1.433245,554
449,265,12,5.284705,1058
632,62,11,5.624562,337
516,741,18,0.344711,1134
16,82,14,9.050485,328
141,301,20,0.153589,371
421,197,16,1.851992,1055
57,200,15,3.124537,965
443,674,11,13.072190,795
481,124,14,10.870189,1059
437,305,14,3.939822,500
468,423,16,2.147073,350
607,36,14,2.210806,440
379,231,7,6.664298,886
134,270,6,8.299634,346
133,565,16,19.157784,631
671,155,13,6.979998,801
282,671,8,12.975348,361
266,717,12,11.518683,845
694,248,19,20.057731,342
11,35,14,10.687200,834
395,319,9,1.935301,344
153,417,14,3.354543,555
126,719,8,2.581878,907
584,711,5,5.980656,354
65,360,10,1.085396,928
305,243,19,16.362038,329
505,33,14,5.858967,779
547,280,10,0.360212,712
386,151,15,14.321420,480
51,336,11,5.931836,651
439,524,18,8.438456,286
134,711,14,7.881142,884
368,458,7,10.148901,380
71,612,14,14.544783,657
550,11,17,11.607099,728
743,588,17,19.890028,691
514,561,11,6.137876,555
491,389,10,0.588777,176
272,2,6,3.711258,634
275,313,13,14.375837,286
242,729,8,1.966500,200
323,246,11,13.790853,807
491,66,17,0.484035,277
112,38,20,4.016215,119
181,424,15,9.208920,433
442,29,7,7.040529,914
364,30,7,9.828535,288
276,101,9,1.229033,336
393,476,15,20.281624,699
564,553,11,4.324279,982
503,660,11,9.758659,1181
598,107,5,11.146170,137
235,633,15,6.230382,495
211,499,11,17.747249,171
452,46,18,9.404952,1167
174,190,7,13.536896,171
33,611,12,6.618072,451
199,290,18,19.497936,942
663,630,13,18.116908,1175
283,692,5,2.666224,140
479,592,10,13.684274,1177
305,516,8,2.071855,767
276,592,13,16.689503,536
632,421,17,9.556704,960
575,552,16,19.031643,769
279,588,12,3.670854,638
665,46,16,12.647691,729
124,46,14,10.867847,775
415,140,8,5.627672,805
425,131,6,8.870949,328
583,528,20,11.376666,591
158,53,15,16.881534,937
223,352,19,4.484046,232
189,9,13,15.172985,1146
716,539,12,10.160643,836
284,563,16,3.405354,694
243,109,13,15.590201,1069
29,659,14,9.365291,801
641,62,20,19.800114,633
52,672,6,6.682423,1031
529,263,12,2.016295,870
324,683,6,17.644241,1032
510,278,19,16.570297,581
570,353,18,10.583413,243
474,163,6,13.727463,239
681,559,13,12.283859,1076
678,182,5,8.345538,822
158,156,14,11.638379,669
319,659,17,17.279200,127
476,581,9,15.854064,680
493,277,8,16.835605,398
189,154,8,10.939957,199
283,167,18,12.112341,1087
716,67,14,19.094625,472
259,636,7,8.017639,829
133,669,8,4.936785,207
594,138,12,19.014140,445
635,550,12,13.720920,1105
519,218,5,0.198797,163
699,214,7,5.205517,156
135,647,8,8.956298,897
189,623,13,17.457135,698
191,638,10,14.774344,205
103,583,13,10.992727,392
398,92,9,4.253382,875
644,279,13,15.930657,315
0,229,16,14.734789,928
328,157,20,7.731391,315
91,104,5,1.720606,111
671,266,19,19.332004,313
317,692,13,0.160936,275
625,719,13,16.794437,663
408,412,19,5.531033,313
422,114,15,6.929576,209
670,542,15,2.170415,235
234,173,5,9.200169,372
217,739,14,6.448849,1130
130,486,18,14.559151,507
668,654,12,15.953034,1152
227,622,14,12.578785,426
681,462,11,16.711608,1073
370,255,18,20.043120,1181
648,662,9,7.273741,480
695,135,11,3.539334,210
739,83,18,11.373984,161
586,548,13,8.314788,115
106,492,12,14.132878,333
31,671,6,16.414477,435
201,209,14,3.908062,216
574,667,8,11.088318,727
395,37,9,19.202720,496
167,509,7,12.196082,434
9,453,13,12.055278,1017
630,17,6,10.640907,326
486,605,13,6.558959,1168
251,501,17,4.165114,422
710,506,10,10.891423,596
216,444,16,2.573572,429
744,229,13,6.067086,146
0,287,5,10.459526,1101
744,189,13,13.591794,651
298,493,6,19.354887,142
663,169,18,4.306936,691
729,575,17,5.350296,264
169,31,10,17.282235,882
662,587,6,20.490462,219
273,313,10,13.736671,165
138,447,19,17.166021,685
82,99,15,1.908055,1070
302,48,14,16.567694,607
170,323,15,11.960906,1163
477,482,17,16.478377,284
322,540,12,16.742736,559
242,684,19,8.601659,533
195,135,13,19.855531,122
382,65,9,10.472861,1011
279,350,15,8.264823,159
472,502,17,5.240506,1075
389,571,5,15.996495,973
275,327,8,12.242358,869
104,497,20,8.562293,231
323,71,14,18.058893,183
418,177,18,10.361969,648
521,60,11,14.130087,1171
638,477,17,0.284049,180
467,286,6,2.261151,419
83,710,17,3.907883,187
224,199,14,4.444799,855
374,481,9,18.862585,1133
130,506,9,16.057598,622
144,415,8,15.492598,323
241,250,8,19.092490,1096
571,26,13,1.246907,1000
70,318,19,6.721518,177
478,142,18,18.985420,786
208,397,15,6.083273,456
105,474,9,3.380940,1078
628,437,8,13.508653,613
463,214,11,4.265019,583
142,234,13,18.282255,619
739,185,10,9.028202,372
372,370,15,4.286209,1196
42,140,14,11.938751,316
316,656,19,20.100298,1133
296,593,15,8.551335,494
501,210,18,10.437832,1105
366,467,14,5.980288,1092
53,609,13,11.507574,1178
314,590,20,14.328254,353
173,412,16,15.412623,184
503,370,14,20.232254,742
599,158,5,16.376215,1001
430,222,12,5.434756,1084
281,536,6,17.255517,208
262,184,12,3.740599,815
357,515,5,20.240572,540
259,648,18,8.692017,767
84,471,19,19.930788,666
516,555,8,13.658018,868
435,449,19,10.758612,1034
454,667,15,16.782207,1129
112,239,7,11.895677,1092
444,502,9,9.492229,640
100,503,15,3.574513,283
476,540,11,1.829817,544
215,327,9,10.298997,644
498,502,11,1.012131,597
580,458,5,19.521010,1133
189,718,11,13.375472,725
1,547,15,13.439680,467
708,13,6,3.043308,577
500,89,10,11.585545,716
695,282,11,19.849660,1193
56,685,10,6.092154,870
703,399,9,15.420326,1187
549,85,18,18.154789,639
0,83,9,11.479687,120
430,278,18,19.569504,595
748,599,19,11.200280,898
169,111,20,17.561761,811
507,553,16,16.860253,564
67,75,12,19.315265,787
611,563,19,11.252540,1199
429,521,14,5.641539,240
712,590,15,17.066799,1002
84,282,14,19.561868,642
460,338,7,12.070375,846
382,462,6,9.944173,1060
662,14,11,0.221666,1119
246,504,17,5.041997,860
214,144,6,1.011481,199
724,692,19,9.557403,157
689,301,5,6.659297,508
97,138,17,6.770912,1156
15,28,18,7.697086,536
205,633,5,7.790675,161
214,577,20,11.914905,685
444,469,14,14.188760,581
250,181,11,8.626036,813
609,118,6,7.877833,229
367,345,7,5.360786,764
372,63,16,4.673703,173
545,118,8,1.959802,896
496,624,8,5.353618,1056
520,202,7,13.674494,278
348,617,19,1.772222,659
688,683,12,12.783521,1191
479,278,19,3.314728,482
285,672,9,16.171737,866
173,507,15,5.928800,1007
144,92,17,0.880491,1042
361,635,19,16.381230,986
316,6,11,18.118484,751
694,482,18,8.038168,577
608,179,17,19.033966,188
151,652,17,5.744349,161
206,1,5,8.294843,123
341,1,19,0.231698,1114
276,701,20,16.635168,1183
40,409,7,11.020025,376
6,645,5,20.267006,954
666,300,19,6.428789,254
126,687,7,6.708813,161
473,269,10,20.485855,520
119,627,5,8.502515,1192
302,331,17,19.998193,1050
531,701,17,1.802020,745
637,239,17,2.609274,1099
116,645,16,18.606524,235
647,296,20,4.993387,1045
672,508,6,3.790182,346
549,610,6,4.971361,1067
436,697,17,3.882981,173
591,254,13,0.368446,946
350,196,10,17.688218,158
598,643,5,8.492743,353
515,739,7,13.901707,891
130,331,17,4.177997,1029
55,661,6,17.541816,181
340,322,19,10.763952,990
85,109,13,11.315774,109
215,393,18,1.471005,876
175,293,12,17.160885,296
44,501,19,13.927933,209
635,108,8,5.430358,370
510,491,11,20.126421,448
181,346,5,16.556259,800
435,680,11,12.218499,1106
730,184,11,10.828316,382
72,499,11,2.726891,1061
211,670,13,4.624526,1104
554,711,8,19.799296,546
500,42,7,2.426953,696
138,14,6,17.181665,1061
394,305,13,3.570657,979
569,372,6,8.843840,317
710,717,9,16.595085,805
734,635,14,2.963633,685
299,87,7,5.206004,272
184,127,18,18.012454,106
541,152,19,2.190792,1139
217,680,11,14.020796,682
67,456,18,5.156514,264
139,739,18,19.296548,753
638,64,17,16.308018,101
409,329,9,9.296514,864
282,283,8,0.320280,1121
602,715,18,0.197591,615
670,89,16,3.684491,416
585,347,6,4.149141,367
390,473,9,18.317477,112
8,695,13,16.016948,442
385,457,18,12.219504,807
431,82,16,6.774589,278
517,605,13,5.917306,1132
699,217,8,8.571388,497
226,364,16,4.114226,885
712,626,12,0.758206,651
152,346,14,5.531851,354
407,228,20,19.633064,1170
559,714,20,12.725588,616
193,520,10,10.105194,871
517,589,13,2.626044,289
291,349,20,10.209341,1171
326,392,13,9.785023,1138
225,136,18,15.813959,556
328,394,7,18.658509,929
230,102,20,12.579917,810
359,439,7,2.449533,1081
241,636,16,0.108445,1173
671,584,11,2.578159,677
134,101,10,16.508964,761
15,178,18,17.091218,823
558,49,20,9.654930,521
470,645,7,0.499570,745
77,87,12,9.978852,360
214,93,12,20.071290,110
616,130,9,5.956098,588
666,329,19,10.751652,477
607,242,9,18.716445,925
153,717,14,14.222997,472
534,554,15,5.856350,409
168,325,16,12.255543,199
652,235,15,13.974948,934
353,117,7,9.349578,120
376,620,13,14.536484,311
40,222,18,9.661630,398
4,162,20,18.979074,798
32,75,19,8.762681,468
296,280,15,2.947939,411
69,138,17,10.993483,857
693,303,17,19.835816,552
539,554,17,9.138662,1127
266,110,5,14.564472,588
556,435,15,11.702473,590
176,398,18,7.899337,958
421,155,18,10.700771,361
655,585,13,10.546170,647
103,517,16,15.080991,143
591,191,11,6.720431,140
89,245,9,17.818094,101
307,556,13,9.663431,353
116,612,18,8.921838,368
147,683,7,6.792203,361
221,374,18,12.712829,1009
278,634,10,15.310760,599
703,239,19,13.053391,949
539,504,16,5.787710,298
389,657,16,12.390367,506
611,337,18,9.736912,909
689,480,9,4.994218,575
92,676,9,13.500789,181
116,19,11,19.598398,141
731,412,14,7.868885,1034
676,432,17,16.952788,1146
709,569,16,10.950887,487
314,47,16,12.048342,718
705,380,18,12.812537,978
149,344,6,15.709164,139
748,245,17,5.053671,533
368,306,18,5.100346,1199
277,230,20,16.991065,644
195,125,15,8.597005,591
11,433,13,0.730119,767
136,256,17,8.945345,553
348,385,9,7.330948,326
663,623,12,9.970501,591
588,455,13,9.544939,112
124,65,11,19.508224,178
270,436,15,16.259639,862
381,12,5,9.755808,295
308,640,8,4.749633,1160
412,99,8,19.238217,387
28,577,17,3.167052,481
470,690,10,8.113518,1116
340,532,16,18.139282,253
46,544,6,0.055314,1006
320,109,9,19.127511,209
13,646,11,13.167892,901
366,124,12,3.442568,733
628,617,9,5.286883,1101
65,256,5,4.039346,860
167,615,8,4.303703,408
336,594,14,13.403318,248
675,223,5,11.309512,216
637,352,14,7.642783,268
334,517,18,12.393883,1022
64,225,6,11.486049,184
179,256,7,3.235106,1043
707,228,11,16.779978,224
526,615,12,6.412263,754
373,183,11,1.834708,702
233,139,13,15.739773,913
453,474,13,2.267484,800
657,188,9,10.351305,506
5,421,18,19.659415,295
295,620,16,5.788641,1117
697,416,15,13.383514,561
135,383,15,8.209203,127
50,21,10,14.396312,623
284,89,13,20.158256,111
356,284,20,10.254326,718
35,618,20,0.798189,750
575,584,8,15.042795,697
270,48,12,13.558149,513
101,728,13,10.187587,1034
382,120,17,5.466597,1160
118,541,16,14.313851,1007
626,179,12,12.271679,1118
32,376,13,1.347984,885
433,42,9,20.048076,715
613,327,8,11.538458,1159
458,332,15,7.386848,1127
747,721,16,4.178074,331
71,94,18,14.017272,272
545,396,20,13.476984,949
498,675,15,15.307462,656
509,147,7,6.545263,559
240,549,9,11.976711,256
729,226,10,11.009482,149
627,39,13,9.077898,612
174,43,10,13.944487,1143
28,593,18,6.871881,512
671,643,10,16.693281,1110
345,275,8,16.513964,836
338,536,5,4.235533,1097
95,400,16,9.812809,680
361,62,13,13.901246,477
677,146,9,14.800922,837
383,247,16,8.414114,317
486,373,20,18.518416,448
198,678,9,13.278190,427
731,201,5,2.705042,114
453,428,6,12.003813,397
426,342,14,18.333797,582
1,223,5,10.358078,992
621,560,14,2.808134,708
287,654,20,7.841184,607
185,569,5,2.903256,339
436,520,20,18.405048,467
682,569,13,18.983291,180
380,593,13,15.400203,392
470,575,11,20.106731,749
402,404,17,7.742548,802
729,209,20,19.561337,678
305,452,9,16.631651,454
16,56,10,19.889949,171
96,501,5,3.530353,482
216,349,12,2.364452,187
161,312,5,17.120719,735
193,220,5,1.056014,544
481,46,12,9.999532,666
6,102,6,11.807118,810
722,516,19,8.107591,351
660,726,20,0.194822,771
431,138,5,11.500678,1137
740,443,5,11.114139,882
501,624,5,13.122085,627
221,396,16,11.810226,596
642,29,14,17.739391,820
647,34,17,10.180277,941
522,705,6,17.285135,382
62,307,14,14.390949,1018
236,135,16,7.242472,200
49,330,8,17.203046,280
644,530,14,10.994716,807
178,310,18,2.171767,1051
48,6,18,7.886354,543
530,609,19,6.343129,456
135,669,9,9.043249,250
644,265,13,7.965628,111
559,400,19,2.365654,1158
163,274,20,10.357724,1130
204,456,10,14.838595,292
58,378,14,15.671655,721
591,123,18,14.050421,1080
178,576,13,13.960981,1189
13,668,10,8.665487,715
624,452,7,1.712526,931
348,37,9,5.735081,959
85,380,17,15.722501,264
121,257,8,4.075616,278
182,424,9,20.302624,194
468,224,11,4.081988,413
159,16,20,4.941285,198
342,185,14,8.659785,304
144,279,10,2.263598,263
466,82,5,16.751045,777
249,115,19,3.025761,961
160,198,6,15.129239,154
243,667,14,6.547084,1103
74,428,6,19.203369,507
659,70,20,4.807747,533
687,37,10,1.359374,282
594,449,14,19.581721,655
10,592,13,2.522901,714
567,658,11,5.285463,342
323,473,9,19.185547,705
553,186,17,19.988599,358
556,512,20,13.116342,491
618,687,13,9.864767,178
581,445,16,11.848899,555
511,112,15,17.043640,858
217,715,18,3.917999,340
625,620,5,7.848381,820
119,193,6,8.637400,908
291,168,7,4.932286,1148
660,729,17,10.594318,494
668,256,16,8.138928,711
434,306,8,13.104083,695
737,681,9,16.752517,782
270,342,7,0.003477,942
539,643,19,5.139910,366
569,95,18,4.231813,962
475,340,16,8.660375,1081
326,632,14,15.699162,188
315,423,11,5.290681,669
296,251,17,0.569474,835
610,607,20,17.652856,1079
606,109,20,17.769541,745
588,29,13,15.163980,972
64,300,20,6.022846,919
672,32,17,7.078721,1143
265,520,15,12.966364,1016
740,329,13,18.620611,589
22,568,20,7.591787,447
637,134,18,5.168099,124
447,21,13,8.537911,344
591,746,20,16.977232,780
2,711,6,11.323265,731
654,364,10,15.128356,678
247,4,19,0.155698,1176
670,594,19,14.396963,106
239,126,14,11.045348,637
597,323,18,16.072515,214
713,211,10,3.726092,924
161,288,17,9.820562,1041
237,607,9,19.480241,957
42,332,17,6.851994,148
6,263,18,11.403877,162
351,415,14,12.619423,762
380,528,16,19.786924,536
68,664,14,13.856504,559
502,280,16,18.782948,992
57,633,17,11.103013,541
703,659,14,5.557507,346
549,574,6,5.188427,699
536,120,6,2.587921,154
24,270,7,10.932911,1179
516,306,10,6.095732,318
536,322,15,0.931683,1064
607,77,19,5.228763,912
200,392,9,12.146573,1049
565,367,20,18.760920,822
412,299,19,17.819431,513
741,309,11,17.498661,219
87,276,18,2.289597,841
144,667,18,17.883857,567
585,588,20,14.440311,1158
295,192,14,1.337279,713
111,540,8,9.994005,1025
349,37,16,8.673818,556
603,452,19,10.496617,1172
291,151,18,9.875920,1109
479,85,16,11.749995,596
442,218,5,15.305456,159
663,118,19,5.034946,783
628,30,16,7.337834,1028
612,92,17,3.727675,677
591,472,20,6.551611,670
182,9,13,10.647406,199
504,521,11,12.899206,1017
323,423,19,1.496463,218
517,681,13,10.125657,573
91,76,15,10.482480,600
562,503,6,5.057565,831
465,62,8,5.831851,1019
595,715,20,16.227078,1117
231,468,16,4.672401,182
375,63,14,13.917155,361
687,124,10,5.587914,1146
109,679,18,14.976693,230
218,171,13,3.103358,907
569,326,5,7.264568,1196
506,663,9,17.572158,379
390,744,9,17.054241,1102
237,731,20,13.748430,565
231,350,15,9.873091,1164
127,146,15,19.674299,444
254,435,20,12.809221,384
112,209,13,6.300615,1055
176,548,8,2.281898,330
16,278,16,18.699651,635
607,469,9,10.783445,784
496,689,10,20.299300,368
251,78,10,3.004450,395
586,611,11,4.855826,612
76,224,15,20.297716,639
92,231,7,1.528688,760
706,152,17,0.108274,600
200,211,9,17.422907,508
218,606,9,14.222796,582
720,741,16,0.175023,1082
288,171,5,2.143430,507
249,657,10,19.600692,553
423,615,9,9.442871,953
73,564,10,15.715287,919
575,328,12,9.026430,1150
579,288,6,16.911280,258
347,635,12,1.960392,181
307,374,12,0.640797,1169
366,658,5,15.602730,1188
319,93,8,4.110615,519
677,516,14,3.193478,328
171,445,7,19.669697,160
607,168,6,19.627515,1087
61,196,10,9.807312,141
247,674,11,10.248631,158
101,306,18,9.862408,352
66,157,17,10.631586,361
146,735,17,12.222680,138
289,515,18,19.977399,1087
571,592,10,14.258465,415
206,213,13,15.384069,387
117,647,11,14.473577,239
97,539,6,19.536719,356
551,64,11,3.338870,697
704,565,9,19.197433,583
146,328,8,19.107634,115
341,306,20,16.137724,427
734,404,19,2.133435,945
471,546,9,2.562707,471
469,19,13,7.115806,682
21,677,6,20.329389,157
137,632,15,12.404754,1023
244,693,20,15.318165,1117
63,335,8,10.309930,1174
651,212,20,10.729603,279
27,244,16,8.370205,976
249,96,17,16.094898,232
178,468,20,13.530738,750
374,701,19,2.716169,803
146,636,5,3.301539,1160
270,594,13,18.502867,1026
506,41,14,0.023961,371
555,90,11,6.417941,831
471,149,17,9.128199,639
23,351,18,7.256983,556
89,170,13,12.179953,970
144,636,19,9.540915,1045
428,33,17,16.855351,1171
434,694,8,3.677161,439
447,249,12,3.236323,1019
407,300,6,13.388711,691
31,64,12,12.276229,540
487,728,8,4.868034,310
232,388,17,14.260996,774
276,221,6,12.911311,395
533,17,8,7.998815,763
243,71,5,2.827335,421
203,182,18,8.123592,734
161,652,6,14.972003,643
410,633,17,7.069254,585
144,287,13,4.218204,1161
151,197,14,12.337278,1189
531,438,7,5.996883,470
608,94,18,15.134620,633
281,466,17,14.397675,838
295,627,15,6.898707,375
580,436,16,19.017807,197
454,669,16,2.939306,119
47,429,15,4.848152,476
486,705,11,16.040045,800
453,646,14,4.411499,587
717,7,8,4.416503,997
334,127,12,17.988445,988
711,152,6,2.488535,1027
186,296,9,4.024015,478
392,442,17,17.077505,460
79,683,6,15.359631,210
734,441,19,7.897524,1192
200,567,14,19.993625,861
733,692,14,16.416829,1151
313,454,14,0.153007,590
453,464,6,11.539424,492
336,537,8,0.520723,850
97,549,15,19.751855,238
87,595,15,8.142799,486
723,653,13,6.214262,106
392,323,7,8.990227,489
600,541,16,12.545651,1053
137,610,20,2.400760,904
607,676,17,1.411867,686
454,301,13,2.031608,392
315,210,14,3.186858,988
739,33,9,7.500016,692
203,525,13,1.326488,1196
294,660,8,9.985843,414
94,597,6,9.102796,799
304,542,16,16.201711,868
505,689,12,9.365019,274
227,673,14,1.484653,361
436,445,9,3.243897,1126
391,655,10,16.964760,793
463,540,11,2.266615,1135
672,708,6,3.284298,598
313,677,13,1.476979,1007
408,456,17,13.932461,234
567,585,17,11.721534,255
119,370,16,20.259743,751
68,659,6,1.613263,749
731,93,16,19.808734,1023
580,327,12,18.564941,906
582,542,9,17.301077,512
125,365,19,15.716111,216
246,166,14,7.041647,349
637,75,7,16.301186,702
618,57,13,14.625476,1020
535,702,6,9.092010,382
730,496,19,6.226849,564
69,490,17,2.940896,1184
504,681,8,7.223139,1049
731,660,19,12.085919,1130
40,389,19,20.011323,628
229,19,6,11.251342,575
101,624,14,20.109501,1023
620,59,17,11.678174,996
641,591,19,16.036029,975
332,382,7,3.233157,237
64,399,8,11.018307,844
236,99,5,1.561635,458
3,621,12,18.102187,928
481,578,15,14.767671,278
284,85,9,13.929365,773
741,481,5,6.529643,626
172,462,6,12.868462,283
44,263,19,1.975385,1129
679,506,10,2.327275,572
324,602,12,13.041866,173
5,113,13,13.684618,537
351,585,18,3.758590,112
666,32,14,0.057966,733
639,393,10,1.043781,1080
201,34,12,2.601345,591
547,392,8,17.103635,1013
283,157,9,1.682380,443
311,556,20,5.323138,742
350,265,19,6.758705,535
583,737,6,19.585901,767
713,281,7,15.197982,833
30,506,18,7.814681,1077
726,59,15,0.491302,452
59,634,16,3.730583,280
60,212,16,11.800816,648
729,299,19,9.995856,241
748,550,11,15.373515,230
297,42,7,1.635155,840
163,318,19,19.075006,417
458,513,16,4.394398,105
537,68,13,7.806887,147
224,82,9,13.302569,236
147,138,10,19.614063,1032
701,695,17,0.468635,173
194,238,17,17.022963,572
493,718,6,12.814216,280
149,426,5,0.292275,1178
675,39,14,13.549393,1000
424,106,12,2.653323,306
11,298,9,14.520305,159
51,651,16,18.184721,1099
48,304,10,4.102866,104
146,668,7,18.800322,938
731,195,14,5.729382,1180
1,103,6,13.793299,983
195,515,12,0.089397,570
331,374,5,19.868065,1119
50,499,16,15.598745,680
715,426,10,13.313529,923
418,35,12,10.380085,415
121,547,7,13.982508,1196
269,237,20,13.136661,900
80,60,11,15.299881,771
578,596,14,18.803386,974
47,288,14,8.668345,462
706,362,18,7.872577,1152
199,554,18,0.257419,987
28,191,19,18.498948,647
261,230,19,17.833380,1178
722,191,8,6.908368,589
522,435,8,12.143676,1176
617,588,13,6.699246,623
545,499,9,19.531292,429
154,565,20,4.880637,529
425,737,8,17.619753,604
3,124,17,17.504345,1165
227,148,14,2.481098,869
626,654,8,20.208844,920
347,458,9,14.310063,974
660,116,5,6.580260,874
525,29,17,19.944156,1088
457,231,16,1.921583,669
109,143,10,1.318721,702
387,434,14,15.207055,412
564,464,7,8.042338,493
114,395,9,16.962347,608
172,384,14,10.437983,883
666,395,16,18.573908,563
402,689,17,18.598674,823
301,150,18,4.398256,211
318,86,12,18.670605,710
36,374,18,3.436793,1126
654,347,6,15.349143,900
122,405,20,3.251841,441
69,453,14,6.042676,739
412,91,10,12.118654,191
676,716,8,14.576481,559
46,89,11,1.401061,931
651,77,17,10.123308,500
656,528,13,12.458920,209
684,475,14,19.418307,303
223,74,10,2.573179,502
89,16,6,13.187788,274
474,286,7,5.440194,344
562,497,17,14.739557,997
603,94,14,5.502506,952
214,693,9,8.287590,739
352,29,8,0.431224,453
86,124,18,15.563303,717
517,302,15,11.692603,948
330,272,6,14.656174,1032
416,143,7,15.709963,786
104,312,14,2.191106,482
220,747,19,4.205395,1017
134,367,11,7.959539,888
308,73,5,0.535800,975
328,362,9,7.336035,153
361,92,9,13.117448,683
618,607,16,12.180285,1002
59,46,7,18.027842,629
314,82,11,14.562939,835
308,692,16,12.074623,353
632,654,11,20.348225,299
340,369,9,7.513850,724
572,96,18,8.085603,402
8,568,11,13.490670,312
365,442,11,4.821775,377
583,672,15,0.979658,535
303,657,15,4.489110,204
568,215,18,3.797453,572
95,483,12,15.185253,1113
578,196,6,2.673523,701
30,12,15,4.654286,351
90,562,17,7.732417,518
360,456,10,9.944270,182
184,610,17,15.878199,506
745,385,13,2.045221,221
527,678,19,10.917539,715
420,11,16,5.034346,678
488,220,8,14.407017,237
7,401,13,20.337665,841
560,70,10,8.073422,1070
250,58,20,12.214425,526
398,191,6,0.845104,646
406,354,7,8.888589,1030
93,143,11,0.325209,696
176,358,8,10.277921,876
22,595,14,17.213492,328
249,4,11,14.550522,1023
210,415,11,16.007724,796
693,608,20,14.362532,840
309,654,8,20.287604,1077
553,481,7,1.917120,1015
479,549,11,15.381557,778
101,501,16,8.378759,102
211,110,17,19.560788,828
380,69,17,13.067862,1144
415,396,6,16.306321,268
732,244,15,1.159525,165
279,238,6,7.756989,958
719,45,7,16.815831,485
646,146,17,13.310687,842
524,560,9,16.842713,417
710,308,14,3.741519,864
407,263,13,8.025731,834
528,590,8,5.337305,605
392,691,14,2.088356,665
691,297,6,5.757765,1104
56,562,10,2.312705,683
40,634,20,10.142838,338
164,579,10,5.685596,1139
577,84,9,15.045185,273
246,305,17,20.082840,1183
331,527,8,8.826813,714
289,202,19,17.275160,789
213,708,12,8.600187,482
143,216,6,19.104610,269
90,26,8,8.616065,730
552,716,12,19.725478,234
494,147,15,17.270134,300
62,273,20,3.100934,308
142,383,19,0.517686,1115
326,356,5,5.976869,1080
84,154,11,10.781950,195
142,588,6,17.300069,438
544,538,19,18.943733,532
247,413,15,17.310081,661
700,611,9,16.341744,190
36,503,19,1.012673,928
647,62,16,19.414266,278
447,116,12,16.602152,400
237,677,6,14.195894,259
185,35,15,2.644890,630
224,740,17,4.266189,484
634,136,9,4.529743,664
287,21,19,8.045293,698
338,290,20,0.068692,190
437,45,10,10.250498,705
141,178,17,3.262303,108
66,575,14,3.943179,258
209,240,19,14.708423,602
37,25,5,15.236153,506
572,325,16,3.763770,446
563,624,10,1.905025,1091
556,702,16,13.773436,746
228,627,10,7.250923,648
505,133,5,18.983416,412
681,287,15,12.355410,487
528,561,10,4.407397,191
33,413,17,3.676059,670
265,50,16,2.737477,862
598,597,7,14.271408,980
118,575,11,19.331440,183
136,405,11,11.946952,767
369,401,14,0.445785,1123
160,123,5,8.101780,440
201,138,5,9.434225,561
219,266,6,18.439088,528
153,427,15,5.474725,647
611,737,12,16.545303,553
517,400,12,6.210881,1074
682,254,20,16.198446,359
65,404,18,6.200420,1030
281,345,7,16.437884,632
734,659,19,17.492650,650
150,632,19,16.902656,961
230,746,6,2.906991,212
223,220,15,3.503513,1148
122,215,13,4.739684,1170
632,602,7,11.252116,1124
54,65,14,8.977231,488
481,430,9,5.620485,426
593,98,11,15.097473,368
741,43,5,18.072174,634
296,182,9,0.471746,1066
677,204,14,2.216015,1048
298,381,18,9.540483,206
388,380,7,1.756575,1057
700,601,20,11.723446,537
633,565,19,3.244170,685
114,211,17,17.011665,950
672,10,7,18.527347,521
586,204,17,18.149763,375
269,558,9,16.819392,373
439,497,19,18.158027,1093
661,34,20,15.042310,427
430,377,5,17.668851,864
183,558,20,14.423894,815
269,99,15,5.389571,894
533,332,16,11.899012,682
216,305,20,10.759901,1060
108,593,8,12.345825,536
115,459,15,12.784903,908
385,239,20,12.796318,577
334,518,15,7.910421,669
340,205,7,13.316685,896
542,664,6,9.522737,585
744,508,14,11.781152,175
197,494,17,16.139411,257
3,45,7,16.116102,890
153,454,20,7.277596,319
326,699,6,10.911331,366
239,515,10,9.526877,888
148,597,9,9.210050,433
154,589,9,0.295335,584
339,509,11,2.790989,729
70,57,10,14.865318,434
328,191,7,3.714441,244
154,520,13,19.535686,283
209,708,7,6.449851,510
217,746,12,3.240775,918
342,485,5,5.823805,344
557,193,16,2.458328,986
49,91,16,7.591602,250
105,640,5,15.272376,1015
437,409,9,18.238184,658
461,468,14,11.600013,605
56,401,6,6.239581,894
42,300,6,14.405059,505
466,224,17,16.042842,694
58,61,16,15.915352,946
159,521,17,18.413192,196
136,347,16,16.153211,405
367,278,10,14.714290,1104
349,457,5,18.246128,550
639,696,6,20.142107,461
337,76,7,5.329327,639
592,543,11,7.364620,1085
648,24,9,19.109497,399
624,496,12,18.948642,169
110,163,12,17.863035,1133
520,287,10,20.303954,221
704,333,19,4.080495,495
204,264,17,2.757554,1005
580,236,14,14.424819,762
423,124,11,6.701387,438
581,689,19,0.026002,263
177,73,13,20.429902,373
391,106,19,18.891190,128
546,281,20,16.072650,448
736,487,17,4.381278,571
607,130,15,9.991979,481
415,672,14,6.832293,646
586,187,17,5.640302,444
97,474,5,3.495685,351
241,20,19,14.022678,745
166,41,13,8.321193,540
596,367,14,17.639552,302
149,225,8,4.888287,169
313,560,10,18.809018,903
712,588,7,12.282691,623
318,194,10,2.050194,1115
412,224,12,7.385191,411
332,360,13,8.823477,618
709,428,10,9.142084,920
18,635,17,1.185447,339
524,87,13,4.368704,846
325,476,12,19.878843,688
34,283,10,2.247826,223
584,236,7,3.072285,1061
411,725,17,0.322953,239
389,154,8,7.394254,568
690,482,17,7.818834,170
561,609,9,17.841544,901
53,637,6,4.076937,692
733,603,7,14.325966,633
644,107,16,19.376557,640
463,328,19,14.518686,731
97,344,11,16.218703,1137
67,170,6,15.868454,626
51,479,5,11.846134,234
355,586,9,11.124357,809
553,304,14,11.339151,1032
41,239,20,16.304059,1037
262,88,13,19.699244,405
139,221,6,17.644531,1073
158,323,5,13.614941,452
539,366,11,14.086322,609
205,294,7,0.858784,406
86,306,19,3.210326,455
175,13,16,14.418752,1131
296,582,18,20.081460,1078
408,452,18,14.497344,856
387,623,11,20.125333,359
694,23,9,13.544210,490
254,98,11,13.993773,223
189,198,17,14.146202,1091
725,211,7,6.994823,945
623,103,9,19.023363,615
44,15,12,16.063549,789
559,612,5,7.450778,1109
277,668,8,16.703585,310
103,363,18,0.501352,821
618,553,8,14.468603,542
191,430,12,1.360373,666
76,5,14,0.016808,172
6,81,19,12.307587,990
225,688,7,3.178845,569
116,56,16,5.511049,525
209,456,14,16.361213,926
22,168,6,2.607851,548
250,292,15,20.011963,1160
280,29,13,16.999372,1186
569,285,11,2.090214,189
424,62,16,7.994957,330
738,353,16,5.418731,211
294,147,13,14.645184,255
134,578,14,2.488448,1069
745,654,19,1.843947,141
71,88,14,16.473870,1099
192,440,5,0.829118,626
747,35,7,2.136518,561
625,653,11,8.444012,1106
160,674,13,10.268763,1102
327,69,17,13.301522,116
474,353,11,9.768426,717
505,529,19,8.659355,1093
148,290,6,9.049585,885
606,161,18,7.541317,600
196,399,13,9.952755,209
45,198,19,9.962975,596
90,530,6,4.213503,274
169,454,20,1.440912,516
701,724,11,4.305539,435
587,329,5,10.987682,645
228,517,20,7.518236,487
151,16,10,14.594116,306
5,124,12,2.332488,1145
282,504,16,7.136135,1076
84,501,13,17.075364,1074
565,222,12,6.464279,236
677,485,18,9.807929,681
28,594,14,12.441411,985
610,44,10,3.717574,1018
711,258,18,11.718263,449
467,220,11,14.302321,239
194,445,12,4.665853,1159
26,662,5,4.825411,323
5,673,18,13.221707,494
661,126,5,12.208774,968
374,98,12,0.883163,684
362,597,5,10.958747,303
569,515,12,10.697540,772
207,90,9,5.662193,843
631,442,10,17.307012,1159
216,138,10,4.859993,982
559,602,14,17.330553,832
691,736,8,9.305941,265
539,60,7,4.457143,619
497,30,12,8.588010,1172
703,105,6,15.663472,352
133,310,15,4.119829,699
580,202,16,16.668217,457
607,574,16,4.757862,673
301,699,13,16.606332,1172
42,282,15,1.330000,1076
369,621,12,7.967455,879
44,306,14,16.830014,754
349,620,15,7.074795,669
509,491,14,3.785569,148
597,322,8,3.703524,913
170,93,13,16.809452,154
569,396,6,8.170768,791
606,517,6,3.297519,963
512,368,17,10.798104,924
293,520,16,9.104926,1003
68,265,15,19.364012,586
121,746,9,4.746840,656
476,328,14,8.685948,525
699,151,18,19.571240,593
680,517,13,6.265750,847
655,38,15,5.921630,820
562,490,7,0.119726,778
621,123,18,13.120521,136
13,512,16,11.704220,537
327,414,18,11.070972,1185
482,415,6,19.580657,121
521,658,7,1.088012,757
428,319,11,19.017172,644
416,20,12,10.392857,464
648,419,15,18.629081,1117
160,234,15,18.506783,1158
549,161,15,11.704250,932
164,637,19,8.449837,325
155,107,20,5.379003,966
439,450,11,4.965552,1130
300,399,6,3.914565,1003
510,340,9,18.764947,462
370,527,16,17.951613,838
374,343,18,17.033392,942
638,197,13,10.197592,1072
619,26,13,17.193362,275
537,299,11,18.602207,451
307,311,18,4.876338,900
83,353,14,5.123638,591
349,497,8,9.353437,1004
254,92,9,14.395724,462
682,588,17,20.199578,887
688,41,11,2.670905,508
734,702,9,14.376130,285
585,212,10,5.120202,751
258,635,17,18.921781,1050
487,181,17,5.923314,329
643,319,7,2.581018,536
423,103,5,1.737036,362
645,540,18,15.550099,470
546,470,20,16.603169,1143
147,150,9,18.446577,987
545,34,17,4.527581,746
117,623,8,11.864020,715
613,281,13,10.515648,610
434,541,14,16.204741,121
502,726,9,15.448034,750
52,429,14,9.865973,992
265,82,18,2.080141,132
277,589,12,6.567972,942
133,82,5,7.072097,460
663,64,17,14.342128,717
249,236,18,7.014124,434
42,218,18,14.631886,786
202,640,19,14.322730,1148
601,388,6,13.024353,288
303,237,10,18.398433,154
492,34,18,18.586925,456
445,297,10,5.035843,1197
302,355,19,15.271222,596
444,217,16,0.723263,507
423,581,19,12.671923,185
81,153,12,6.136393,309
701,191,7,10.147775,1034
85,226,10,9.618220,338
325,632,16,6.970798,411
72,551,6,16.366644,573
424,603,20,14.810840,842
531,50,5,15.890507,660
72,677,14,3.578694,681
580,600,14,1.498180,709
488,225,7,5.605711,1015
88,306,13,12.760277,516
628,610,13,13.490432,867
357,568,7,7.657476,751
58,266,7,3.614395,679
37,134,13,3.356707,1151
91,507,15,9.376971,295
335,728,8,16.137836,779
425,396,19,0.634059,954
53,744,8,18.982075,100
268,740,12,13.452208,1000
612,426,13,2.513875,402
447,316,7,18.739510,1166
745,120,12,17.677845,552
102,747,14,4.334498,928
120,651,19,13.343721,1132
732,476,16,13.400524,1124
535,447,9,0.976614,490
603,497,17,6.781798,985
67,322,10,17.529078,381
507,575,20,2.470552,922
308,622,17,13.013130,1091
648,89,16,8.432527,342
353,450,12,12.633633,548
206,721,13,9.894329,1139
488,561,19,8.214656,647
37,423,5,13.379156,614
499,158,11,7.504851,233
549,672,5,12.976551,314
417,611,19,17.940644,1146
688,322,10,3.659993,613
206,358,10,4.230106,855
338,622,11,9.163677,973
68,224,14,10.498464,983
279,16,16,10.676754,199
499,149,19,15.489761,946
413,186,12,9.401855,324
411,105,13,10.530903,1103
259,31,13,18.997081,1127
192,311,16,2.918683,161
76,438,6,0.492400,516
703,514,18,7.522288,802
555,319,15,7.220267,610
457,227,18,16.261503,111
723,404,14,15.630071,208
708,133,7,7.106066,642
741,335,13,10.781898,1122
57,223,5,16.225148,1110
345,662,10,16.363234,886
573,348,11,7.935183,157
29,45,13,4.755375,747
133,76,13,17.232865,156
308,574,8,17.530924,971
601,204,5,19.900897,1036
440,538,9,12.632146,331
6,670,10,0.073360,1005
163,252,19,12.937407,887
566,169,19,15.042640,379
261,92,8,19.270880,580
349,126,17,8.277110,936
596,440,9,9.149218,1125
644,7,16,4.463802,489
477,169,10,5.238663,467
227,49,5,1.590759,1010
547,617,5,19.737617,1024
494,100,13,7.262111,977
237,276,8,10.264859,584
276,112,5,19.091151,363
726,75,5,6.891732,143
60,70,5,9.297698,589
506,652,16,4.750055,324
516,160,9,7.397939,739
630,678,8,1.838157,806
347,668,9,15.085575,482
9,386,15,9.163219,784
395,160,19,0.116214,305
294,627,10,4.316792,962
639,575,17,10.508859,142
369,213,15,12.940331,856
697,649,12,7.755343,809
363,499,10,17.901032,839
70,535,7,14.283452,707
109,290,12,10.545671,173
573,499,20,18.899331,1057
205,546,11,2.190904,554
735,544,14,8.648702,455
593,481,6,2.264959,963
293,477,7,11.965463,373
674,608,6,1.160103,1053
54,559,10,9.642433,636
21,553,16,6.306960,1190
625,225,19,14.096453,457
473,123,13,2.262226,122
56,264,16,4.613307,733
581,273,20,0.876835,366
399,621,20,9.759793,541
516,524,13,0.338964,900
17,135,13,1.614998,826
672,185,6,16.070651,922
163,22,6,4.242109,688
284,105,9,16.065455,336
749,349,10,3.221603,397
81,716,19,12.560188,513
656,459,13,17.368979,758
224,682,9,8.949718,449
345,653,16,19.022742,770
167,8,15,9.081733,266
405,100,8,3.844752,325
142,433,11,14.472011,692
183,692,17,10.485569,721
653,252,13,17.865975,569
679,329,11,13.497595,562
240,109,19,9.225582,715
507,31,18,15.780351,168
286,342,18,4.634910,592
588,446,13,1.629243,1191
452,192,6,3.947702,547
585,541,20,2.271329,1029
549,577,11,8.624512,878
269,723,15,8.693115,248
245,349,7,13.748436,385
55,305,18,3.994650,296
404,15,14,9.985223,951
122,36,17,7.706192,966
554,343,15,9.307819,1183
446,91,17,2.628296,1170
148,243,10,4.255901,958
85,290,14,8.014815,890
280,73,17,12.427347,695
671,64,16,7.711822,163
636,609,20,5.690612,1034
477,252,17,14.895065,503
252,35,6,7.410130,747
615,379,8,11.270314,519
668,349,14,16.612765,700
370,243,17,18.556688,712
209,132,18,18.209142,870
156,424,6,6.592107,1088
203,465,9,20.395832,925
207,122,17,0.319404,489
404,95,6,18.384230,233
94,6,17,18.979671,879
722,26,6,11.999200,672
563,546,5,9.318087,1148
215,79,8,13.000658,951
557,152,15,6.345285,609
302,571,16,5.425454,962
725,0,20,15.768617,1047
564,497,9,11.009341,815
426,229,17,4.308057,817
2,635,11,19.404161,376
334,283,11,12.083768,517
13,289,16,14.883034,944
429,253,5,6.493137,753
277,727,19,8.332846,421
2,467,15,5.484998,420
287,106,9,3.861561,316
187,692,18,0.979916,679
561,528,14,19.960336,1081
54,424,7,0.164279,972
318,37,16,3.416480,621
375,442,15,13.096986,311
338,45,11,0.275513,519
338,333,16,3.887123,1195
111,596,15,6.736539,394
508,547,5,14.816034,882
721,214,9,20.294084,483
455,154,20,4.898821,634
281,574,16,6.841344,365
432,392,11,17.918817,246
686,228,15,16.366152,261
401,697,7,16.823459,1032
12,388,7,0.731047,644
600,256,14,5.176237,228
3,568,14,12.277522,1001
72,562,9,10.445004,266
524,729,10,14.813628,1090
302,530,9,20.300120,296
447,620,17,20.148524,358
85,190,16,17.123280,737
349,376,18,16.808210,410
490,341,10,16.396684,790
689,265,20,6.663128,1136
731,334,6,6.953688,614
207,675,14,15.918639,458
368,471,9,18.806316,104
328,724,8,9.078468,513
291,59,12,15.411584,389
183,366,13,19.896926,683
31,548,17,7.483872,635
639,539,13,19.480729,495
597,413,5,5.676785,141
316,741,12,11.022752,163
297,562,20,15.182814,1195
439,330,19,16.867140,1187
260,198,8,4.390188,393
17,270,19,1.276867,135
725,274,11,15.217853,317
395,106,12,13.053584,484
636,253,20,4.819414,211
274,13,17,7.094565,837
358,130,19,5.927113,698
648,540,20,12.355394,738
104,483,15,5.466863,1186
400,56,8,16.232259,273
586,626,12,8.562089,1196
571,689,19,18.024159,265
423,422,12,8.004203,1064
162,433,5,0.378980,400
475,497,20,3.577445,1180
303,418,6,0.612563,262
116,659,6,16.022197,1123
620,335,7,5.285034,652
704,683,15,11.948334,937
100,471,6,1.486273,187
417,8,13,0.989393,643
207,633,20,17.217884,323
25,148,10,7.771823,857
666,745,11,3.033243,631
253,453,8,15.259635,1010
184,720,6,8.897288,916
512,294,9,11.117077,653
81,473,8,14.868857,118
560,210,5,4.440974,349
685,398,13,5.274731,642
549,665,10,2.375679,269
523,544,18,19.802396,626
198,453,8,16.953873,870
275,621,5,14.535373,710
553,280,17,10.507727,370
73,115,12,0.563990,474
347,492,18,15.789852,713
529,476,14,6.383173,958
673,728,14,7.552448,1157
445,92,15,7.883317,1163
491,56,9,18.608558,961
385,671,20,18.423677,203
645,546,12,5.617394,207
83,110,15,15.481200,866
659,232,15,14.148380,860
456,679,13,5.384931,402
134,409,11,10.736696,380
715,100,19,17.563525,707
123,221,15,3.833855,362
107,687,12,17.120281,1131
549,49,16,4.705094,899
347,677,12,6.122601,131
577,342,5,7.421689,1040
326,451,13,2.386622,974
44,742,15,8.364518,271
234,564,17,6.200140,1100
452,596,17,3.318285,972
264,499,8,1.904886,866
704,310,19,8.113816,461
345,281,5,4.880083,269
537,252,15,4.414195,1192
40,420,19,7.401130,580
89,347,10,19.614479,154
75,370,5,1.909469,660
147,374,16,1.177192,148
696,598,7,13.265957,880
589,315,15,5.655204,957
578,551,16,20.423185,340
474,659,16,12.244848,799
192,49,10,12.363782,123
143,367,18,17.336245,930
696,539,9,0.785401,486
384,504,19,5.816091,313
288,215,5,16.212916,449
675,230,8,5.930251,859
508,135,9,8.749999,1153
513,260,13,18.244519,455
73,17,20,18.702502,939
524,251,5,6.063205,720
548,396,20,4.733489,1074
222,466,10,5.574292,696
543,63,8,14.555303,638
702,181,17,18.989572,1140
441,136,19,4.191556,856
93,589,12,16.514067,724
235,6,9,1.194267,314
170,339,18,1.904991,793
548,430,5,5.511644,1128
234,260,17,0.073981,383
245,2,13,9.479639,1139
285,458,16,4.873803,125
238,444,5,9.553357,793
6,59,18,4.042294,1040
271,550,5,6.985834,851
615,746,15,13.086401,987
194,119,13,13.631625,504
579,168,14,1.381092,679
566,728,19,17.672041,1142
347,283,17,0.736576,1190
368,186,18,17.743338,1144
430,129,17,6.087898,1033
329,5,16,16.974478,710
122,723,16,16.649255,836
672,41,13,7.217051,778
88,584,11,15.222307,1002
648,388,20,10.576082,1157
408,435,11,13.832214,1011
620,645,5,2.757189,203
502,653,12,6.465652,307
418,63,10,0.012949,869
158,464,7,5.305572,836
272,96,18,17.472040,725
608,172,17,11.683883,965
53,381,17,18.570755,537
635,518,5,12.048980,918
556,557,5,18.877299,1189
698,548,7,4.382161,321
7,268,12,13.392514,876
603,551,14,18.966544,673
268,528,16,6.608713,1122
317,503,15,13.551405,1045
77,91,6,16.365110,182
656,724,5,16.745449,1108
264,90,7,15.750598,359
501,554,15,4.720590,366
121,178,18,4.489230,217
29,315,15,1.342525,875
615,668,13,3.082155,249
698,672,11,14.285695,960
507,134,18,4.836097,420
258,362,16,7.250664,494
92,579,9,4.891957,262
596,394,12,4.406016,781
697,580,8,11.164795,494
642,334,11,13.769055,920
277,113,17,14.769677,327
536,724,8,10.619146,634
216,124,5,2.196149,431
238,126,10,3.634794,190
512,249,12,19.316148,529
33,42,12,13.542047,995
83,583,12,17.612899,1135
314,146,13,0.804101,162
43,748,7,5.246062,1122
670,265,6,15.587687,427
310,389,17,8.131998,864
481,491,18,6.698178,400
30,287,6,6.151625,1088
156,177,13,8.841932,581
356,4,15,17.844481,698
42,503,18,19.915480,435
294,275,12,0.246802,347
92,72,5,16.818237,345
315,174,8,2.235202,621
675,326,16,5.517483,679
591,654,13,15.792903,718
164,278,11,9.755808,279
273,545,19,1.598889,428
298,62,14,12.345814,916
187,279,8,19.596842,490
631,669,8,18.497287,292
459,572,16,11.163904,919
98,182,17,17.852533,850
242,400,5,8.653552,130
436,620,13,12.678848,309
538,400,6,14.927152,650
470,454,18,0.841793,210
313,9,14,3.093029,1151
274,589,16,4.418062,835
365,191,7,4.054909,949
660,559,13,12.040653,942
332,177,7,8.550931,194
414,724,20,12.244967,722
620,732,12,0.621567,342
109,614,17,13.829182,174
185,341,15,12.813598,1177
669,389,19,10.386383,640
281,214,6,7.943839,111
394,543,20,1.189542,663
489,378,10,6.107958,1113
622,456,6,6.490653,958
396,150,18,0.120299,794
77,9,20,18.919749,915
430,701,20,6.426696,461
575,152,19,14.367665,470
215,633,13,7.645595,526
304,6,13,18.825772,543
442,520,10,2.792047,410
581,657,8,14.043743,266
194,723,6,18.562666,444
616,600,7,15.549250,214
344,331,17,14.882715,250
426,29,9,10.598712,531
400,462,13,8.949636,834
415,252,18,16.282465,875
314,481,8,4.552203,621
167,237,5,9.799562,616
500,483,8,5.956384,213
420,487,7,19.465038,247
437,691,6,8.865189,441
702,409,5,3.293747,455
199,546,8,19.124230,573
387,66,14,3.586723,114
469,247,20,13.554956,291
715,349,14,10.415062,1064
688,539,15,16.247793,979
646,167,9,11.993104,1150
148,206,17,14.864115,413
383,68,16,5.425251,104
645,488,7,6.711749,898
288,533,20,20.403395,459
182,315,17,8.594512,446
650,76,20,17.480652,770
546,672,14,15.054012,119
745,713,13,8.691578,1162
170,23,8,6.238748,558
314,722,10,1.949881,808
729,565,19,19.358120,617
447,746,14,7.485283,123
477,513,17,6.431967,135
90,590,8,3.274537,1186
96,217,7,0.353370,1108
168,513,12,6.408586,751
468,263,6,13.545846,859
118,648,14,2.888770,737
94,211,9,4.575140,968
652,173,13,18.025082,1086
533,150,18,3.064916,172
625,132,20,8.577269,979
478,667,15,9.386315,138
257,186,13,12.014487,176
738,206,15,1.888545,974
590,498,10,13.801766,568
189,347,15,2.132161,1096
54,15,7,14.641565,451
259,668,11,12.387217,892
100,266,13,14.284699,922
352,702,14,4.859415,263
412,389,12,16.875884,967
363,38,18,19.159692,1192
604,447,14,15.824618,1043
535,311,7,4.401202,426
474,27,14,10.907458,861
654,660,15,18.288329,611
646,288,14,8.866590,352
665,135,6,0.464902,499
617,336,18,3.497073,640
616,114,13,15.792604,1008
381,723,10,8.021629,754
702,437,7,8.646674,1104
236,742,18,17.329241,783
536,102,11,10.146215,1056
31,597,12,10.969695,731
453,234,16,10.697596,414
247,612,20,12.049669,921
258,236,6,17.807239,115
415,425,18,7.272233,784
708,679,20,0.174513,339
588,66,16,13.290552,573
446,225,19,10.907064,1125
515,571,16,10.452183,983
347,692,7,5.914699,989
69,200,14,13.748955,618
606,399,11,18.459886,269
182,644,9,9.698728,1110
110,341,9,2.469980,232
142,454,7,16.946258,679
417,639,15,7.795093,925
421,39,8,17.212782,447
491,546,12,14.102479,926
167,654,19,8.352421,279
650,459,15,1.045338,1146
363,122,7,1.056766,1115
331,309,9,12.588614,1032
389,681,16,20.482875,407
38,79,20,1.242513,775
127,98,7,6.965626,300
448,560,9,10.681556,884
404,20,19,17.337249,1102
319,244,15,10.862892,797
167,176,18,7.317276,767
650,688,16,0.118579,435
272,678,9,19.059057,1176
300,726,10,12.425323,366
642,366,13,6.740371,1131
637,588,10,4.012116,838
593,433,6,17.755472,415
234,536,18,15.349749,491
167,228,15,15.321082,959
281,364,7,18.891812,157
646,125,19,13.342272,404
374,377,15,16.170767,219
73,149,15,3.772843,663
478,400,19,8.216657,978
411,111,12,13.258010,750
261,199,14,18.708951,199
134,494,9,7.575738,1100
6,593,20,14.828792,795
12,555,12,6.274418,306
265,713,11,9.011702,713
592,88,19,20.240014,1146
334,32,9,4.132494,253
168,266,8,1.700095,663
76,221,16,5.925154,232
372,605,18,9.552493,791
117,412,10,6.683969,734
168,643,19,13.378867,769
44,504,18,13.701605,603
251,486,8,16.928093,697
243,260,16,20.005481,786
633,482,7,7.320495,1004
506,738,12,17.544843,113
591,109,19,13.593917,1183
247,115,19,20.116261,890
32,637,7,19.585779,905
147,656,20,18.511657,745
212,469,9,15.924859,1027
668,340,17,12.235190,158
365,336,5,13.241413,783
210,169,16,7.578872,953
421,368,10,2.152012,549
303,679,16,18.032386,398
263,608,13,16.333590,820
666,96,10,9.973916,353
30,246,8,13.360714,237
73,256,20,2.393691,884
463,297,5,6.308944,364
592,665,11,1.108345,384
551,462,17,10.406450,1160
246,1,12,1.129659,1089
728,51,6,12.008387,860
165,95,17,2.566141,501
299,85,14,19.266560,278
146,261,12,10.495138,988
374,206,19,11.924886,1195
378,703,7,6.767374,364
152,368,20,7.261554,672
606,539,18,19.615551,677
39,692,19,19.497944,1106
237,84,10,14.098708,664
183,359,9,14.507872,283
465,667,12,18.508228,550
132,414,12,1.665030,103
591,140,15,8.442500,237
600,254,12,5.070217,1089
283,461,12,6.081942,429
344,527,13,6.480768,281
334,239,5,6.972392,1151
695,84,12,2.660146,691
593,332,9,4.319048,353
254,351,17,12.366333,134
237,83,14,17.080712,933
133,653,5,15.961816,580
600,75,18,5.037273,815
423,719,19,3.242882,499
487,411,5,4.483688,978
116,504,16,3.651687,774
540,412,20,3.860057,1194
371,662,5,7.435429,770
8,290,17,8.486494,946
360,323,16,17.045346,211
346,215,6,13.054866,895
38,374,7,7.236144,320
582,475,5,18.179016,837
45,383,12,5.766902,302
349,651,11,0.370969,856
605,168,20,6.708978,180
746,624,6,5.411484,628
358,482,11,9.008561,290
47,168,15,1.832226,263
119,324,14,3.094578,341
405,15,7,4.023822,396
610,86,11,4.477725,726
657,448,5,16.742104,547
670,160,18,14.994143,1164
478,339,14,19.377156,325
406,603,11,12.264305,852
327,621,18,11.400500,279
743,448,10,4.425153,589
425,45,18,19.933543,430
187,39,11,10.454276,694
743,295,6,12.378804,932
536,353,12,15.966520,388
348,376,12,11.152713,454
434,594,18,15.077197,1124
701,546,20,9.050041,175
674,595,19,7.018279,672
529,595,11,1.787895,862
518,690,17,0.849194,1139
420,580,17,9.288601,1180
528,583,13,2.583305,606
721,400,7,16.238658,708
324,377,13,13.905660,1067
653,227,7,15.626810,590
550,65,18,20.219997,683
675,348,9,8.309243,688
453,692,13,3.757647,831
37,613,20,16.172975,280
7,309,5,12.111416,866
630,175,20,7.363335,1003
523,567,17,5.887719,886
549,730,14,0.817904,1189
251,158,19,19.634350,847
425,1,8,9.373803,886
10,701,20,17.155739,1116
697,496,11,1.135397,494
81,656,9,16.320908,517
621,132,18,7.199680,347
365,383,20,19.900768,360
0,14,14,20.078373,1117
666,172,17,9.015118,748
358,175,7,0.335069,1090
594,85,17,12.777432,857
247,621,16,12.281529,566
200,640,17,9.899752,1020
258,129,18,18.380163,1057
268,711,11,18.039700,1098
79,631,9,0.190897,834
695,183,9,18.193896,695
639,540,5,19.253369,291
682,541,14,7.347478,111
630,53,16,2.773402,344
398,205,13,5.166543,628
318,570,19,11.276009,411
714,155,14,10.566910,265
29,117,11,14.961083,1106
281,231,9,3.233047,522
153,305,5,7.062890,532
211,87,7,12.126698,1199
680,419,8,1.171651,611
476,587,20,2.826088,1088
283,124,6,15.765351,902
146,562,19,11.042927,1178
283,377,19,18.711614,433
275,614,13,5.147320,611
70,116,12,16.728219,789
378,167,20,2.414215,688
728,720,8,17.490120,458
82,58,19,9.740720,879
60,405,19,8.608383,161
566,227,9,5.278579,498
531,384,16,13.914239,597
440,537,13,16.374779,1076
646,272,16,7.568061,989
633,674,8,6.720949,828
608,120,5,13.172309,635
105,442,18,7.301073,283
260,96,14,17.873408,156
691,634,8,19.248802,771
733,167,9,20.229781,117
741,661,7,2.541047,481
537,381,16,15.146573,335
266,187,6,16.307360,1079
465,440,17,18.007573,202
176,37,16,8.681243,396
478,508,6,6.170900,420
413,547,6,4.762205,607
260,486,17,18.680525,925
361,476,20,13.529778,223
367,1,16,18.314835,1187
515,197,8,5.652573,546
187,358,7,14.102479,436
634,275,6,4.403187,660
430,503,8,11.380510,769
637,29,10,11.574994,1105
174,616,15,16.181093,814
607,506,18,16.310912,704
249,316,8,14.245521,503
631,525,19,19.990928,192
683,0,11,6.299383,166
727,450,6,5.874396,1149
595,178,9,15.949321,212
639,99,10,5.473181,150
699,627,7,16.552157,620
667,690,14,10.534171,266
421,415,9,18.061819,172
685,249,13,0.800651,679
9,546,14,5.884774,1144
227,289,15,15.389518,1034
146,488,5,10.903288,944
197,302,5,7.989055,108
29,636,8,16.978550,806
633,41,7,3.963508,369
334,107,13,2.743177,570
468,662,5,4.012609,465
188,293,15,19.225720,1042
135,705,14,16.194567,929
450,107,17,6.642866,330
642,125,7,13.889777,855
51,156,9,16.346452,178
470,312,8,3.646276,1177
553,68,10,4.719239,197
7,418,10,6.715358,951
336,522,17,0.625997,150
10,264,19,2.020609,1143
518,464,11,10.278759,912
700,366,8,9.294916,1196
609,381,9,11.419313,905
231,160,17,8.868059,880
277,170,16,1.962438,250
106,371,5,8.018598,692
499,367,7,10.598109,720
84,415,7,12.938657,291
657,748,13,14.174347,278
669,559,19,7.285928,493
346,334,16,18.801185,907
153,491,8,5.621647,266
568,86,13,11.890103,180
588,94,20,10.225014,115
133,154,15,10.404480,195
459,210,20,6.199489,522
381,325,8,0.921361,1158
445,449,18,1.178004,1086
63,546,17,16.496837,712
298,61,6,1.095154,372
485,61,19,5.140336,839
363,313,12,11.813834,811
246,441,6,15.245420,614
119,488,5,8.219524,264
487,723,18,18.029966,1030
406,312,15,18.620146,1057
60,692,11,6.634136,964
366,723,10,18.273717,391
306,652,20,17.927170,946
117,434,8,10.302492,704
146,590,10,20.347368,115
181,473,12,11.659523,636
513,577,17,12.310111,784
527,63,7,9.642061,206
656,330,6,9.528727,766
631,146,5,10.699085,1049
338,674,20,11.210645,928
580,671,5,9.819177,660
175,443,16,5.322228,315
16,658,8,6.362238,957
17,664,16,7.839450,697
398,484,17,7.151129,1130
394,44,18,12.262326,791
636,497,16,1.503411,469
412,266,13,19.034168,728
129,33,16,14.403953,453
722,316,17,1.447140,1150
153,441,19,14.559286,236
483,4,9,9.234057,589
186,501,12,2.194134,969
55,359,16,15.977428,763
380,556,7,7.688408,1076
138,293,9,7.511456,324
712,470,6,4.947153,380
583,239,20,19.957551,504
494,231,19,4.189465,230
156,354,9,9.293844,122
233,69,19,11.680140,1170
612,28,6,4.113934,254
563,275,11,13.388893,372
282,150,17,12.120045,697
118,281,14,15.915142,236
244,710,9,8.989587,879
375,143,17,17.373164,227
582,718,18,19.062464,519
703,65,16,17.478508,159
56,446,5,5.156675,1007
273,443,20,10.341500,765
471,693,9,5.409726,227
605,586,19,6.083220,1053
20,203,12,9.924269,711
483,354,9,20.186636,1045
504,653,10,11.490226,114
596,374,13,14.915370,344
37,612,18,16.536604,661
162,156,17,15.682355,664
616,655,14,2.079283,405
13,217,17,12.209645,462
575,683,8,12.313352,153
623,142,6,14.553894,337
617,609,14,7.236731,1184
176,105,5,13.501260,759
521,126,17,14.012157,852
665,512,8,19.711607,122
581,371,15,15.779465,154
533,603,18,13.413174,298
518,566,15,4.487264,626
157,336,9,14.651183,1045
239,600,20,6.633854,673
556,402,5,17.009410,620
554,5,15,16.965476,294
530,179,16,19.194077,343
472,682,6,20.099487,174
456,64,5,16.139916,1105
161,685,7,4.732390,483
605,274,18,0.312582,246
170,715,9,13.138669,194
617,561,13,8.885887,240
720,389,9,13.429892,133
624,568,12,16.482087,681
109,134,18,7.294486,785
238,422,14,9.577951,1063
168,163,7,19.113483,781
192,736,19,0.172351,1006
296,53,19,18.851188,178
130,30,17,12.009853,333
501,225,17,8.128219,1183
156,652,8,2.946604,820
591,125,9,1.438388,1138
497,379,12,8.655862,987
309,373,10,20.245114,1010
474,95,18,8.494741,972
113,542,20,20.315929,302
384,615,12,14.401291,753
595,222,7,11.389892,869
440,249,7,10.150625,851
725,283,14,15.814979,880
39,330,16,19.192168,1022
435,202,20,4.493520,1056
572,198,7,9.364476,477
292,716,18,1.353663,329
328,586,11,12.412624,1069
451,269,19,4.476841,631
148,88,14,0.613248,513
576,693,8,16.619899,567
153,320,14,14.101380,212
14,227,6,19.164111,858
202,143,13,10.005524,744
378,712,6,13.029834,1020
15,354,6,20.274065,877
263,309,6,8.303046,253
490,333,15,3.724480,346
65,285,10,7.969518,481
164,463,5,14.537756,224
606,337,5,14.334705,970
736,238,16,17.143961,186
46,323,16,4.360355,1001
415,331,11,3.058503,368
659,24,6,19.198514,568
321,260,12,12.376171,379
545,96,7,5.682678,886
216,556,12,13.282346,344
21,229,11,14.371832,657
41,123,19,0.115918,1071
23,42,15,7.314656,150
60,539,5,4.367708,1108
20,330,9,11.210857,416
416,169,8,19.614255,333
189,738,19,5.851499,188
61,84,20,14.186579,429
4,427,16,15.380469,771
93,318,5,11.173809,264
113,684,10,11.725552,265
11,333,11,2.871993,1078
137,253,19,14.138285,167
292,524,5,9.144622,270
645,596,17,3.687513,529
27,310,6,18.617646,1059
416,235,13,12.049202,601
403,518,19,12.833179,148
442,551,9,7.187959,669
679,706,17,17.439290,406
459,534,8,7.948626,163
262,539,9,11.332760,736
632,158,15,15.419909,961
552,276,17,11.776274,808
292,628,6,15.586042,560
742,228,15,2.866843,527
55,125,7,12.025236,876
744,490,18,16.587124,1015
695,323,20,19.285334,546
5,163,17,2.535202,818
35,90,16,19.511557,999
73,572,14,16.488786,475
466,691,9,17.803512,266
634,709,18,10.006301,666
171,16,9,12.095901,560
606,420,17,3.155823,150
733,593,20,12.568526,741
507,217,9,0.908209,550
287,184,20,1.925324,1065
629,546,12,2.381377,885
730,566,12,6.577673,438
697,16,20,14.422187,1051
427,81,13,17.361327,856
475,105,17,7.936794,818
728,607,20,4.068063,583
731,240,11,14.781643,548
438,342,9,10.276131,558
64,492,13,2.846803,1075
507,115,18,18.921429,1120
320,113,6,2.676335,885
223,726,6,3.809739,229
81,285,13,5.881375,802
186,634,5,4.017990,489
33,399,15,18.960971,512
613,556,14,5.411424,588
161,136,20,18.394478,717
716,369,17,18.634259,1079
672,117,6,5.185484,991
44,252,8,9.477931,303
600,483,19,1.710790,245
454,429,5,12.805025,1196
231,163,13,1.670997,1096
724,20,8,7.346666,987
502,445,12,2.137281,771
54,339,12,7.416459,607
151,624,5,9.099412,858
652,57,19,20.199526,240
467,174,5,4.947679,1167
466,34,18,18.031559,828
367,491,16,3.015238,350
733,679,8,3.679793,747
91,228,11,2.154159,977
259,550,19,13.563984,366
538,575,20,9.576445,217
644,383,18,17.098787,798
207,325,7,20.468218,483
129,720,8,13.908008,969
444,480,13,2.838682,607
644,126,20,0.741663,1081
452,329,17,8.407383,1063
739,47,6,11.665751,615
421,125,15,11.899972,183
256,719,19,8.295115,1009
694,50,12,18.564857,448
117,325,8,11.524863,450
274,265,9,1.942835,459
150,205,5,13.282723,858
362,534,17,19.964414,877
618,615,6,2.700503,320
206,569,6,17.045418,634
263,268,13,5.346531,997
91,11,8,5.599780,542
8,293,16,16.117849,969
141,225,9,1.051236,357
430,664,15,12.656222,492
724,396,6,7.561253,322
347,524,11,3.316320,591
377,231,12,7.182510,350
274,602,12,10.822431,126
482,359,12,1.461912,594
669,565,8,2.783160,412
437,232,12,3.856707,155
396,205,11,9.000969,217
71,555,10,20.474853,889
691,602,15,12.020330,200
14,337,11,15.723473,613
555,560,10,7.214142,617
691,399,16,18.417795,903
93,39,18,3.220083,979
392,556,5,9.788851,967
606,150,19,18.096013,311
490,435,8,14.552376,322
154,490,10,12.046125,324
668,414,15,19.596102,707
559,572,9,19.345968,1020
665,204,19,1.387917,253
10,453,16,9.792669,129
166,149,7,6.613552,448
2,720,16,14.697022,1131
699,717,12,5.830634,288
109,580,14,17.943666,1048
102,306,6,17.363529,1115
575,305,9,19.712873,962
95,348,14,4.471560,894
204,361,6,17.087263,813
618,476,6,11.129784,230
124,38,9,8.412387,357
678,454,13,4.066347,742
294,608,5,16.658923,961
433,171,5,3.983139,881
63,264,7,13.119691,273
492,660,17,5.595601,658
256,368,7,20.143844,487
659,703,11,6.073364,831
317,417,13,18.302915,345
692,274,20,12.238912,834
679,337,7,9.147190,1133
611,630,6,5.877675,250
683,630,18,14.481661,703
422,675,7,7.448769,1198
462,557,7,6.520042,934
292,68,20,11.871696,694
214,90,5,4.286041,228
297,572,5,5.371330,1088
229,679,20,5.899920,836
436,279,14,13.793055,460
227,541,8,11.615322,239
49,470,19,12.944875,522
354,604,20,15.468300,511
369,120,15,13.399678,778
726,260,5,10.562411,150
1,431,18,7.035545,870
291,385,8,6.728073,405
4,35,15,1.105220,760
538,637,19,12.337491,235
213,220,8,3.236818,928
511,691,9,4.275971,173
703,665,19,5.869212,390
541,691,11,11.007124,440
510,472,7,13.338286,822
747,588,15,2.726349,147
381,0,16,20.409141,342
667,236,9,5.601935,341
314,85,12,18.138386,791
216,352,14,1.702031,333
117,214,16,7.323424,672
564,339,20,2.984329,627
717,305,5,1.495003,998
111,19,11,7.346596,317
703,45,6,2.431138,1200
244,681,12,14.217072,593
520,392,6,18.354768,1189
289,241,5,5.399782,623
692,40,20,4.026375,354
155,302,9,16.444564,407
392,438,11,16.463885,617
532,693,18,15.009907,460
314,303,20,18.471659,102
482,434,18,11.554891,523
579,264,8,7.160119,109
210,178,13,14.587682,816
677,727,8,9.771555,285
299,497,9,15.669763,896
73,453,7,0.683389,996
720,617,16,1.038149,1143
263,333,11,3.331006,310
103,429,16,14.904162,1101
456,691,17,2.663651,527
306,721,16,12.047412,818
638,94,9,14.453816,178
39,385,17,3.267227,625
153,522,16,0.948273,118
27,164,19,13.221900,572
460,481,16,0.162701,709
645,72,16,19.748652,172
705,61,11,5.720401,399
695,391,11,13.655638,181
446,12,9,10.993447,1148
473,122,14,3.650412,173
238,257,9,16.670419,701
197,418,6,14.072670,1070
131,706,16,16.401056,386
430,265,9,13.392314,153
136,546,12,18.047619,807
110,718,14,6.400186,139
2,225,18,19.250806,776
620,741,12,8.800888,892
616,41,9,10.602107,746
75,40,15,14.636990,860
266,470,19,1.246571,309
104,216,7,14.983793,804
682,393,13,14.830835,738
644,547,15,14.957036,386
461,165,7,14.048917,1034
615,70,5,9.913788,1124
470,350,17,3.334588,819
181,717,12,6.447182,485
217,341,13,3.112023,665
98,631,20,15.374383,756
542,333,5,1.005091,968
705,605,15,9.589562,439
466,37,11,10.548521,532
142,222,9,18.302400,355
706,227,5,14.043394,733
595,319,13,17.726862,993
418,688,8,18.138627,503
402,570,5,19.808796,1173
309,326,6,2.783774,508
740,34,17,6.978352,1078
274,65,17,5.839210,519
620,531,15,15.856109,854
69,397,5,9.665083,186
158,731,10,9.675981,628
280,478,20,9.604452,165
21,393,15,19.522978,595
511,388,9,4.128046,759
323,592,6,17.782898,372
547,435,9,20.182596,353
104,238,13,11.232922,842
542,74,16,12.407600,481
61,380,14,17.767149,761
350,444,17,5.533794,529
136,443,17,11.632871,760
1,357,16,13.977458,676
55,392,20,6.003311,354
441,149,7,2.295893,374
141,193,16,19.985444,413
618,121,10,19.186145,465
441,331,18,8.307598,681
202,725,5,8.744336,711
190,418,17,4.536054,307
378,590,20,4.849835,762
215,665,14,1.078848,605
174,567,10,12.321918,896
406,397,5,17.720278,279
4,424,12,0.185832,893
94,483,7,3.939474,884
587,723,5,10.452023,1027
477,492,18,11.443600,194
30,342,8,2.627789,782
748,267,5,5.211754,714
256,563,19,0.654574,444
528,654,17,19.425895,366
73,41,11,16.049610,856
439,230,17,5.346271,1172
377,697,11,4.456681,182
280,442,20,0.486329,668
422,482,7,6.322401,584
424,721,15,4.999846,150
500,96,6,13.686428,309
560,562,6,15.875585,168
91,550,16,11.704687,1094
218,578,9,19.903244,933
384,13,5,0.204366,693
39,300,15,13.753152,508
428,351,14,8.526134,1085
745,5,5,10.303283,668
192,554,9,7.807099,1143
323,617,8,17.149522,430
386,426,6,13.586510,526
533,521,13,9.100190,890
337,740,14,13.175039,120
706,339,18,16.759057,1019
667,281,16,19.262305,807
474,535,11,2.575894,743
53,269,17,5.933166,163
712,602,11,17.073780,790
686,114,13,0.554087,1047
416,46,13,3.112384,764
730,507,20,13.198503,870
398,518,12,9.138092,609
159,732,12,20.194382,822
366,326,12,19.897310,1121
733,448,9,11.321333,626
23,29,11,2.141163,565
83,288,19,11.474944,1016
239,535,19,0.048624,265
607,32,11,8.336784,747
730,125,11,2.234433,862
10,146,5,18.745441,111
577,340,7,17.009706,145
732,127,14,18.207169,436
316,127,5,17.132972,1096
298,217,19,4.965615,121
321,520,11,18.263342,746
401,320,17,5.649730,402
521,193,12,1.460703,1140
426,6,18,3.879634,943
249,713,6,14.975753,353
436,548,6,18.148214,279
680,343,13,1.404841,549
286,712,17,17.373466,325
742,44,7,16.644132,174
746,59,13,20.437901,249
244,187,12,14.661708,610
603,272,13,11.190084,787
168,295,11,10.281140,296
603,714,5,13.597747,540
46,231,17,14.292344,1164
390,223,11,2.926543,1056
201,614,12,10.148763,483
110,667,5,7.509436,984
145,224,18,4.136870,1002
161,353,9,13.452795,950
482,499,5,6.601782,763
334,627,18,0.703539,330
430,516,20,15.028993,351
366,697,7,12.010053,1182
743,305,9,19.595426,841
217,630,16,13.729629,818
206,652,19,0.937975,747
454,109,7,3.706649,1191
513,163,16,14.759538,377
291,449,12,11.096665,763
371,567,5,3.654945,344
645,74,15,5.374403,497
90,328,5,0.008920,604
32,131,18,9.718024,433
210,204,19,0.535239,1034
737,67,5,10.055089,1126
34,364,19,13.070530,788
507,497,11,2.279944,732
390,181,18,2.549560,469
306,267,20,18.935249,608
128,688,13,1.181765,1048
58,250,18,18.089671,180
22,632,20,17.399056,1057
598,694,5,6.931622,1000
341,202,18,8.081643,876
716,428,5,9.109718,849
531,373,20,4.701456,450
180,689,12,2.655634,703
289,671,16,12.293028,605
127,588,8,17.537889,817
161,378,6,1.595037,943
667,135,6,15.335248,952
599,516,20,14.864480,941
284,202,6,9.283270,1110
252,687,8,6.149418,329
54,95,6,4.414129,411
252,382,8,14.826972,165
520,653,16,4.786012,184
170,237,20,4.262135,631
235,295,19,4.296686,286
693,11,8,4.012625,373
345,480,19,8.144417,1029
114,633,17,20.450331,124
452,81,14,7.622788,629
227,730,9,0.751632,687
365,192,5,20.227734,799
631,625,15,5.495974,1165
244,70,20,15.913742,955
323,374,9,3.348911,205
487,418,15,16.871019,985
204,454,17,13.022674,1075
503,613,10,5.832278,154
111,432,8,11.208461,1041
692,476,18,8.550869,785
308,426,18,14.773562,1083
13,222,5,12.849138,1091
337,616,18,6.554879,173
409,44,6,1.833715,841
646,147,19,0.854248,765
360,162,17,4.864960,207
89,586,12,2.452064,443
602,521,18,14.300931,584
380,628,10,12.192151,575
358,4,19,9.308232,372
446,651,18,1.959415,946
574,323,6,6.243310,234
384,663,14,19.616596,162
123,84,13,5.248935,806
540,131,17,20.395092,1095
148,665,9,16.294023,1022
742,387,17,18.314595,584
301,639,20,8.643131,876
97,580,10,10.421715,379
455,153,18,18.481906,763
149,584,14,17.642265,851
282,569,17,8.260342,446
581,175,14,10.680434,1060
745,3,17,19.499374,910
484,256,11,14.803628,257
554,651,9,5.994272,1068
82,385,7,8.274801,433
192,276,5,14.679426,755
56,268,19,16.358839,670
691,394,10,16.911546,307
639,111,16,2.841005,990
734,33,20,5.183403,1018
66,468,17,3.727241,1029
266,637,7,9.511412,574
492,547,13,20.324668,582
636,689,13,9.640405,1075
593,282,15,18.391128,325
668,498,6,15.408148,666
96,61,15,12.195157,692
102,204,14,16.034640,663
609,150,15,0.311553,749
716,446,11,13.065051,549
366,307,12,16.179372,478
7,204,5,6.333217,122
101,284,16,16.823953,613
28,271,8,0.011711,1120
329,389,20,9.863472,1190
84,494,12,14.727026,239
455,574,6,1.497709,1052
519,342,20,4.819496,829
703,692,12,19.292226,1073
97,381,11,14.525357,610
511,464,17,3.649960,399
274,310,11,14.987003,1094
112,236,17,16.439505,211
11,146,11,8.337246,474
640,279,13,5.376702,414
63,738,7,0.564076,496
146,301,12,3.286048,360
681,166,7,5.305833,862
286,23,9,10.693343,521
56,370,20,8.536857,590
379,554,8,13.494201,369
358,341,11,14.894156,129
154,132,14,9.809251,170
13,372,7,7.270095,1079
29,467,14,13.619609,633
658,5,16,13.195339,809
397,124,16,0.796253,253
104,231,18,10.440099,300
538,668,12,11.869088,1135
557,150,10,4.044215,981
319,201,11,15.929464,658
42,241,17,7.222298,740
23,8,11,0.330829,710
423,568,10,10.040554,439
242,665,20,4.240974,553
159,595,19,13.202548,276
95,157,20,16.764635,355
459,630,18,4.061141,199
567,537,7,13.310182,630
581,678,8,8.282025,1131
666,727,18,3.717165,403
507,360,20,0.567982,768
195,339,20,2.846719,549
164,452,18,19.045203,124
278,351,12,17.069430,889
518,367,15,13.006033,216
562,451,17,10.616678,623
647,6,11,19.334155,1006
74,328,10,8.903964,1082
570,450,8,5.011712,1107
712,462,19,18.773255,803
718,343,11,8.011754,868
358,709,19,16.007476,333
586,173,13,1.175116,551
288,57,10,18.318185,702
172,688,13,7.120917,1055
317,78,16,0.935586,991
589,143,6,14.680002,197
139,620,6,19.330247,858
22,386,15,5.904826,1124
271,416,19,8.032907,1178
428,576,15,6.514014,233
534,513,11,0.017740,1162
275,618,6,4.974102,997
363,227,16,18.893361,647
113,251,7,20.214836,936
476,185,16,2.027489,400
549,565,9,11.403649,1104
169,599,11,15.242411,628
189,332,16,18.968043,430
670,464,14,5.144524,946
327,188,12,14.388607,188
355,624,9,9.768204,252
599,50,15,13.847316,399
517,516,8,11.966917,543
276,155,12,15.128152,270
332,21,7,3.637782,388
530,67,5,5.362778,677
66,305,6,4.018218,686
1,82,16,1.842512,721
67,632,19,0.436051,718
73,439,10,7.016496,175
705,527,17,14.965045,318
612,671,9,4.455371,999
456,534,9,15.633825,289
441,662,9,6.147800,386
453,393,6,20.000373,844
252,497,12,1.253441,609
489,405,9,13.305284,1058
69,148,5,8.743262,710
716,479,20,20.082505,808
257,692,11,7.052624,995
160,144,16,19.504800,1104
441,94,16,11.988610,780
275,46,12,12.382541,273
440,312,13,13.099847,1113
221,32,11,12.001716,651
175,263,13,12.718864,723
98,435,7,3.478309,1090
277,541,20,11.468845,595
74,414,11,10.579011,264
47,283,18,17.696224,641
145,575,6,4.468952,1197
404,526,10,13.905684,805
87,8,14,18.252837,286
523,660,12,0.252938,741
274,348,10,1.577132,320
354,568,9,1.218934,391
168,508,8,16.961959,1095
650,26,17,5.821942,1130
131,323,10,7.296277,599
650,199,20,17.155408,565
73,135,11,0.654519,919
730,370,5,8.031823,807
538,169,10,7.549694,694
306,94,17,1.747823,1070
357,296,6,14.861656,1167
384,226,17,17.455416,233
739,86,13,16.068870,534
289,183,13,19.437701,373
305,392,6,2.991975,846
646,601,9,7.736049,180
416,521,15,17.771284,1148
437,525,19,18.772115,623
197,682,8,3.009551,149
491,179,19,9.149087,796
608,594,20,1.063466,975
667,47,15,1.692586,838
178,217,6,8.935504,584
330,601,8,1.793152,481
228,30,19,3.592913,637
525,291,15,6.855295,764
571,508,8,0.473881,662
382,287,15,18.873293,1014
277,598,12,12.276984,315
385,405,16,16.374035,701
454,546,7,13.208526,632
151,670,6,14.259817,1127
467,141,19,3.597273,1039
465,101,8,12.553744,611
272,241,7,18.050229,213
514,10,10,3.180038,343
596,434,9,3.302152,637
433,631,15,11.391909,263
194,90,12,2.307351,657
479,173,15,16.546994,973
385,581,7,9.118316,250
493,721,9,19.973284,1182
64,289,17,2.792256,577
740,469,18,5.668818,1088
123,44,18,2.354005,590
561,255,9,2.422055,672
535,62,6,15.545287,812
567,249,5,10.715536,1168
466,748,10,8.252582,272
529,653,18,14.970126,165
611,414,17,10.593915,380
681,324,15,4.553104,1018
632,113,18,3.826164,495
467,478,6,10.152687,985
426,567,5,9.346418,501
489,89,7,5.028607,1110
358,351,6,6.111656,166
120,391,6,17.549372,374
331,312,19,18.308455,1089
249,127,12,11.592469,104
206,326,10,11.047016,399
40,706,10,19.089873,503
49,414,20,6.025817,105
286,299,19,9.732775,513
25,109,15,8.728086,1080
65,569,5,6.358518,519
73,64,17,7.350472,398
649,512,16,11.491725,118
455,106,15,4.922872,1153
630,723,20,11.246071,1136
395,495,10,6.836539,275
383,556,16,19.141819,673
661,514,9,0.535543,1181
568,48,16,17.652901,177
671,16,8,3.174139,514
731,95,11,10.061560,399
7,440,8,14.614129,549
501,379,7,17.030716,120
626,422,5,4.956325,564
426,484,14,18.829810,803
619,404,19,13.964697,299
193,414,14,19.251376,563
109,90,5,14.911928,704
452,28,9,6.230377,1043
282,692,20,4.136232,544
343,210,15,18.668545,100
53,654,18,19.931679,681
316,622,6,17.688807,249
349,427,5,12.960538,132
361,451,5,7.635254,909
724,665,10,6.757530,344
180,376,8,18.762278,309
53,79,14,5.061529,730
168,656,10,2.447520,502
242,351,7,11.340021,564
280,23,12,3.490211,1100
578,428,10,2.075650,105
722,682,15,8.169036,528
398,441,5,6.070409,471
28,575,20,6.927797,753
278,517,20,16.466962,702
417,427,10,5.143931,1052
327,437,12,4.223841,526
535,338,13,15.622117,1144
669,148,10,1.940661,351
74,454,16,16.793446,1092
79,668,6,0.226228,313
402,76,13,4.937615,905
389,745,10,13.212146,987
318,608,5,20.270896,1193
201,183,13,15.943493,1008
238,135,19,18.020890,290
170,338,17,0.126327,400
164,252,7,6.946083,508
204,695,19,12.686813,320
466,174,10,14.083098,929
384,153,9,3.231438,862
533,659,11,4.523120,249
493,343,8,4.677495,1010
748,446,11,6.319825,389
73,129,16,5.385473,562
272,428,8,4.019585,163
400,113,18,2.412461,114
621,204,18,9.631688,346
214,165,10,6.845290,829
9,592,13,0.910204,121
689,421,17,11.310927,786
692,93,7,5.238843,905
110,4,13,16.084248,532
592,574,13,3.815794,813
373,437,13,1.364324,433
325,419,12,12.636132,675
553,540,15,11.683304,1154
74,731,13,6.223548,141
145,409,14,6.570372,774
517,22,9,3.408063,216
578,462,5,7.616893,1114
646,110,19,9.700439,471
167,338,5,12.883237,1128
247,362,13,9.584748,379
205,699,11,14.463270,978
175,377,7,0.279004,448
227,723,7,6.106148,1059
463,9,14,14.793546,356
481,66,8,15.133702,480
456,607,8,9.470175,674
90,697,13,7.666767,652
456,195,17,12.935159,703
719,562,17,7.900799,473
634,564,15,15.814661,134
723,456,15,14.218076,285
622,37,12,13.717837,697
348,195,13,8.914636,794
681,258,6,20.113146,648
388,405,16,11.965897,804
392,729,5,16.189266,441
656,415,17,4.777298,300
82,661,18,19.494107,1117
398,576,14,17.708021,315
81,581,13,20.432480,376
306,592,7,1.182368,1164
38,730,15,17.117567,866
556,193,18,19.102097,628
405,568,12,1.392965,221
398,691,10,2.081238,178
675,313,15,7.173521,868
702,116,6,18.797413,428
265,444,5,12.119709,127
178,549,18,4.551492,597
43,303,17,12.622441,385
35,57,8,18.128734,262
243,19,8,20.432649,993
508,689,9,11.554586,716
336,217,12,19.791333,987
200,85,19,7.416223,266
598,177,12,13.724868,722
645,9,11,0.664350,699
740,15,8,5.127194,1041
15,331,8,15.447394,953
738,241,16,12.203632,1033
632,562,7,10.272791,677
438,202,5,19.323065,761
136,528,13,3.540947,751
37,333,16,14.861610,985
312,38,10,16.016648,760
588,522,18,12.203402,567
255,286,11,14.486084,825
500,396,16,9.824109,759
518,311,20,12.862386,518
144,389,13,12.609021,1125
740,217,13,13.098083,503
724,578,9,20.389509,807
317,153,10,9.652932,858
691,603,8,19.313606,132
597,389,15,11.569064,141
291,45,11,9.515296,853
90,557,5,10.156814,645
654,736,16,17.016582,1193
413,599,13,7.946122,755
684,242,5,14.856290,124
56,59,13,2.089641,1092
500,323,12,18.920062,266
283,716,10,1.198871,757
453,254,20,18.913009,370
733,416,8,1.562359,818
241,273,14,12.188057,637
186,153,13,4.149729,201
277,53,8,17.848699,355
278,656,8,12.749095,396
296,25,10,14.165169,488
238,377,10,1.236137,892
227,41,15,15.326775,763
398,366,11,11.898278,962
100,414,17,2.701896,204
256,596,12,11.178977,1090
526,387,16,2.436073,650
631,481,12,2.114420,191
355,532,5,15.238895,1011
150,389,19,14.451692,881
465,128,13,0.727269,854
521,0,16,10.255988,530
58,212,13,4.229628,806
234,21,18,13.168687,1056
586,93,5,18.609406,619
685,276,7,2.829658,296
243,383,15,15.366452,1047
24,38,9,17.490766,335
148,589,11,16.070073,628
7,344,11,10.241334,773
184,748,14,18.765177,649
505,673,10,12.459669,259
207,292,12,17.572066,184
14,31,14,20.199136,370
259,141,20,12.138570,338
522,25,10,2.830838,102
675,608,16,1.545277,801
497,258,10,14.557398,643
328,320,16,2.885670,108
62,134,5,10.105241,537
545,635,18,13.424061,1136
15,136,10,16.375916,373
608,61,6,15.943421,521
381,37,13,1.539872,1148
742,564,19,2.150304,465
28,614,13,8.106193,182
335,273,10,14.828920,350
440,334,17,11.311899,1121
737,563,7,3.762928,1054
511,727,14,17.684424,172
27,117,14,15.624932,808
737,50,19,18.147012,1083
539,19,18,14.458099,354
173,701,8,2.684136,580
268,355,8,0.196954,1140
398,728,12,0.438437,437
497,369,19,0.269050,162
401,25,5,11.840769,931
746,38,12,0.476008,233
682,42,5,9.821438,391
692,210,18,13.700727,1101
4,172,13,11.927426,411
170,474,11,12.016266,179
578,652,5,2.201222,158
92,526,17,2.222447,1071
706,202,7,11.780086,467
199,659,7,17.787395,352
326,598,6,19.195490,666
628,744,18,1.591789,570
684,526,12,16.135290,1178
294,254,15,0.431027,392
20,194,6,6.188209,716
347,464,6,7.799375,564
212,163,11,0.077691,1071
365,130,17,11.348496,427
28,580,18,9.689276,970
630,657,14,9.468164,999
708,728,6,0.427671,673
28,58,13,4.308716,864
708,647,18,14.348097,789
224,448,14,14.438281,516
687,584,17,3.650529,919
595,199,7,4.782666,818
593,302,17,10.445938,238
559,692,13,5.825042,122
677,466,20,10.520769,968
175,674,7,2.797725,456
370,639,8,0.673943,688
299,491,18,0.199297,467
564,545,6,10.050547,587
336,575,8,12.832560,214
529,681,7,16.034896,155
724,479,9,0.702631,613
342,122,18,0.684236,572
56,63,10,4.411616,974
204,336,5,12.772219,319
443,280,10,12.314877,245
531,271,18,11.466778,230
82,6,12,4.814757,1053
23,406,9,7.825650,640
472,542,12,17.318937,657
408,562,14,13.342875,1084
120,550,20,7.546971,1009
247,98,5,6.413803,464
260,381,7,11.355352,269
525,732,5,4.455118,433
135,297,8,8.868134,1005
702,605,16,9.484458,728
467,260,11,12.239249,656
644,241,5,16.709279,961
234,417,19,13.139033,1182
620,496,20,20.335812,173
659,658,16,16.643464,365
689,235,16,5.248127,644
485,148,12,5.329324,656
736,582,20,11.530660,311
563,715,9,17.007793,445
102,664,20,11.093554,454
41,195,12,8.443914,875
67,296,12,3.585661,230
655,21,19,19.870766,561
735,514,6,19.871582,748
100,377,7,1.931381,1109
622,388,5,16.298394,716
85,279,17,9.617762,1052
112,379,15,16.334809,335
659,323,16,8.792966,252
393,578,14,12.824968,276
190,96,13,13.340653,862
374,264,8,14.510522,983
347,316,11,5.016669,116
376,177,9,8.289114,445
558,588,16,18.829181,612
149,40,15,13.787328,280
120,414,7,3.243149,133
520,158,10,10.444133,808
401,667,20,1.506570,777
199,16,20,19.880833,1118
211,501,19,2.815961,176
624,533,9,17.192901,562
69,609,15,13.939196,1001
529,378,16,1.322254,213
43,287,13,17.045257,1015
453,84,13,2.643132,982
184,655,10,2.728894,1184
747,739,10,4.128294,475
486,122,7,14.789788,1189
602,586,14,12.376912,308
260,103,19,13.308183,865
671,435,8,13.820053,780
240,587,9,17.247298,635
494,363,7,0.359988,1129
118,225,18,5.340446,430
93,258,20,14.869263,318
18,235,15,2.299823,1017
171,363,11,16.712363,956
738,476,15,16.401270,310
410,71,7,11.932979,501
605,241,7,6.548873,374
520,470,8,14.874521,234
158,396,11,1.757677,237
375,135,18,14.357856,1102
134,98,10,8.016247,251
339,340,8,15.702932,667
611,17,8,7.957599,370
535,266,17,17.231533,626
45,429,15,2.854869,570
569,28,16,16.698992,695
749,327,7,18.427226,433
312,719,15,12.207392,283
654,653,5,18.522648,1191
463,58,9,18.124765,274
633,131,12,3.924431,1087
290,479,20,7.056187,159
256,334,14,5.979907,497
685,634,20,0.506523,256
598,181,20,9.512702,323
433,616,13,2.462042,795
195,193,20,5.953781,994
166,188,5,9.229747,1121
133,405,14,9.777053,691
372,437,20,0.652006,725
412,493,14,19.183781,564
183,278,19,18.963555,432
568,103,17,1.323860,1134
141,477,16,11.823045,394
55,42,9,0.009499,338
293,37,10,6.291877,365
355,24,16,12.887869,1006
673,220,7,5.343706,934
466,545,11,1.767950,578
300,213,6,5.336797,660
149,218,10,0.996969,383
343,548,15,3.106643,156
194,498,7,7.454617,217
56,181,14,16.081918,576
171,175,12,3.154152,754
94,209,16,17.161852,957
234,3,5,11.280792,1072
195,744,17,14.355496,1088
463,268,20,3.954350,553
32,713,9,16.287578,165
222,166,19,3.846525,1003
3,200,20,13.124586,995
480,189,17,18.804199,474
282,719,7,17.018134,538
276,48,6,0.920069,769
591,552,12,17.951106,513
555,520,14,19.036624,1120
533,128,12,1.780898,631
355,169,11,10.622932,1155
263,723,14,0.176035,622
509,323,20,12.275165,796
695,376,19,0.626296,826
95,456,5,15.349325,1180
93,91,19,12.903489,1080
707,535,9,4.754949,345
558,534,18,4.464745,129
99,593,13,12.575678,1142
187,276,15,4.365357,1101
654,608,12,19.273935,105
538,420,8,19.818415,1015
498,179,7,7.485387,733
278,119,8,4.425614,471
196,129,12,8.007632,764
288,516,19,10.264112,852
374,679,9,14.005649,243
148,318,6,10.378773,1093
299,545,20,0.825703,152
705,610,16,8.141869,1006
366,140,14,19.458760,501
282,561,15,9.450691,345
690,101,18,13.036252,383
483,129,11,17.798781,946
749,60,18,20.463090,213
255,14,9,15.892996,868
129,656,17,9.560600,183
297,464,14,16.933734,308
394,640,18,13.436416,179
531,227,18,10.935856,526
282,256,5,13.433350,178
719,200,10,4.585421,414
105,475,5,12.382287,280
690,217,6,8.567839,637
61,40,18,14.287525,397
667,393,6,12.036867,938
419,250,16,12.662068,420
682,47,20,4.144813,807
509,543,17,19.152383,444
98,396,9,3.839986,639
409,276,6,16.626922,116
76,432,12,17.657076,676
688,212,18,9.803900,835
684,591,18,0.639480,419
167,68,11,8.282511,1136
177,108,5,20.198725,1038
4,406,12,17.857130,728
347,354,13,6.881161,465
747,732,13,11.220411,1188
131,292,6,5.068068,730
400,476,13,4.217775,412
154,521,10,11.238912,411
626,623,18,19.170029,821
580,179,20,5.907099,898
646,649,17,4.879137,346
739,675,15,15.460610,490
686,310,8,18.024255,1185
500,671,19,5.043947,481
619,712,8,14.220603,455
318,293,18,1.245205,745
183,687,13,15.756487,687
646,251,8,7.398956,556
304,681,13,11.620678,202
33,20,6,14.592658,159
264,596,16,15.223229,820
386,583,10,9.276277,695
349,612,16,15.359506,109
211,190,16,6.698611,705
677,529,8,9.208355,452
732,466,16,1.353748,569
30,125,13,16.398206,347
45,135,6,15.839031,126
649,49,9,9.110890,597
464,366,20,5.012491,198
30,697,19,0.638852,445
534,169,11,20.156365,887
418,602,6,18.995589,219
631,11,17,12.375894,1158
283,551,12,19.667215,639
681,333,14,0.097909,455
707,138,15,2.026013,1116
601,104,15,15.091953,123
692,351,19,10.562098,760
49,748,12,15.056258,1198
460,239,10,16.332008,1103
312,672,19,12.712700,628
539,99,16,17.662302,692
228,510,5,9.138399,349
250,712,13,4.297833,404
100,325,19,4.733906,236
473,260,15,10.676170,363
610,253,17,12.063777,169
17,343,12,5.505085,1015
538,580,9,1.145723,962
744,13,12,19.372644,182
69,550,7,19.282206,656
339,44,7,13.281744,888
722,119,17,19.713422,886
472,106,17,9.795242,1011
729,85,17,17.083301,989
707,3,5,9.126144,320
382,45,12,17.703383,366
129,285,19,17.768110,405
203,138,14,15.271181,741
295,174,9,11.054672,206
371,151,10,14.298199,636
535,703,9,3.649160,305
238,520,16,8.414177,544
282,694,9,18.370754,966
328,618,19,7.013786,1163
266,437,9,2.141999,794
286,9,19,18.509647,151
26,267,8,7.191740,234
408,369,9,11.920510,1126
422,622,5,6.157187,880
577,190,10,2.168773,1066
740,673,5,0.946182,1124
93,95,12,15.537250,920
454,409,14,7.609689,973
663,354,11,16.740031,708
408,488,8,11.391993,125
483,11,8,18.256656,120
171,140,7,8.172193,591
277,577,17,16.952993,920
281,130,19,1.419907,457
371,547,19,15.416602,297
541,252,20,1.985058,463
50,712,15,9.337100,587
700,491,18,11.604921,581
644,274,8,16.732066,154
91,89,19,16.878161,895
316,578,14,15.549884,119
270,718,5,20.309394,121
693,194,15,7.108374,1134
673,703,10,9.181551,306
633,181,9,7.528504,181
142,388,20,1.089933,412
337,358,18,2.330856,802
514,97,9,19.937983,707
443,261,9,8.042815,1138
494,738,14,13.558093,737
114,169,6,16.184904,276
401,254,9,8.061560,1194
647,195,17,6.612865,1149
130,479,16,2.018753,474
637,736,6,16.958215,728
505,341,7,14.066424,370
653,421,6,0.675996,941
344,583,13,12.340126,333
446,355,18,11.476758,418
740,713,9,13.304121,223
742,430,19,20.194154,236
270,473,18,9.272820,1020
354,648,16,18.822286,298
451,154,7,17.719382,908
429,457,18,4.938599,301
496,239,5,20.342435,850
261,260,11,7.110495,1166
52,61,9,3.953408,598
475,552,11,19.329589,793
723,116,8,15.338561,611
175,169,20,9.349748,1124
562,689,11,14.207294,625
489,604,18,3.135942,525
37,303,6,11.406646,1053
312,13,16,0.275753,145
473,347,11,19.607729,247
732,216,15,4.758993,520
7,229,11,4.756675,733
21,272,16,15.350216,419
389,406,14,16.735544,1070
708,633,7,17.270981,1087
117,742,8,9.514246,911
84,344,18,7.394964,544
195,62,7,9.356476,578
288,419,5,4.182782,778
108,719,12,10.691628,291
138,78,12,0.847632,973
377,734,15,18.917335,823
133,106,18,11.674296,1071
220,594,18,2.090471,562
427,401,19,6.833483,290
113,625,12,17.916300,1161
421,643,13,4.952901,1077
287,33,20,2.115596,1162
241,399,15,10.232232,1144
65,378,16,10.441217,129
647,258,5,0.936952,1043
315,570,5,1.651840,206
450,83,15,2.604769,961
458,469,17,14.581970,397
394,611,17,1.638490,415
34,357,9,17.852280,1150
672,494,19,19.610695,356
219,718,14,19.116290,173
581,637,5,0.375436,936
233,527,16,17.140951,1026
426,652,19,13.088007,723
161,644,15,8.681221,757
77,634,20,20.482694,416
549,105,11,6.903046,725
20,65,9,5.122877,1035
610,561,17,9.808742,490
454,308,16,16.174280,837
195,585,17,15.161038,1094
295,739,10,8.145321,914
572,439,9,14.792058,325
437,559,17,10.702224,752
591,738,9,11.824897,682
717,198,17,5.521883,127
167,394,20,7.207161,180
503,447,19,20.237291,678
160,248,6,16.145003,364
259,357,20,2.722892,918
217,271,9,18.451921,1184
114,288,5,9.226557,483
620,566,8,18.634073,497
88,121,12,6.109466,754
82,629,14,6.327521,593
209,104,8,7.866467,1066
247,16,15,12.739901,194
281,726,11,17.987522,276
310,203,11,6.806199,675
729,185,17,8.412739,105
148,592,18,17.234587,1112
611,169,14,18.370998,169
286,567,5,18.167333,900
700,445,15,15.216736,1137
574,730,17,8.681223,131
208,399,6,1.540213,856
642,297,11,0.128634,922
287,374,17,9.587077,760
321,563,14,19.388612,187
320,722,17,13.125058,1066
527,27,20,1.273810,570
299,40,18,5.728354,921
380,411,14,0.622875,509
127,39,19,10.882565,155
304,688,5,3.600972,545
93,503,16,12.142584,790
247,322,11,0.726252,615
299,226,11,8.839247,482
644,34,19,14.421721,981
595,508,12,10.978801,991
582,647,14,3.005094,125
79,3,15,10.967203,251
586,344,20,19.779197,1097
207,142,15,8.282082,730
677,282,14,10.128167,1107
280,265,6,8.754314,662
309,138,11,4.803433,370
336,445,13,9.664985,666
673,475,7,16.114620,437
428,227,5,15.246011,157
553,396,7,12.592903,869
207,483,16,12.020077,396
448,69,12,17.719545,211
307,184,10,18.709103,1056
706,334,19,17.259229,761
639,281,19,13.392231,997
354,639,19,7.868306,154
630,412,5,11.094414,102
583,241,9,8.963746,320
63,341,17,14.044162,259
324,223,9,18.072642,702
207,422,19,5.732763,123
2,41,6,14.278281,765
433,526,10,7.207274,1085
456,418,13,15.585831,1189
701,421,13,0.941255,1132
455,327,11,12.423634,409
412,587,20,12.803499,411
520,209,19,3.084069,1161
565,404,20,9.509010,1088
380,514,16,15.815361,995
198,416,14,3.310786,959
237,185,19,14.836110,1018
464,245,16,1.487958,117
269,644,20,9.283578,402
458,514,8,12.091070,706
42,576,15,3.327220,726
115,587,20,1.762293,868
739,589,12,1.742823,1122
392,547,9,5.002038,1046
609,544,5,5.504865,519
525,122,17,6.509868,180
654,535,5,15.310559,222
415,205,19,3.292864,215
639,234,9,14.739908,650
194,382,18,12.805247,423
642,638,15,8.733252,777
157,456,7,16.252550,1130
41,561,14,4.657111,736
357,580,17,0.940758,126
561,685,8,8.059685,267
585,693,16,20.474215,157
487,17,11,16.869335,795
537,368,17,8.290436,620
591,745,13,12.625904,1054
585,316,19,7.260722,1070
473,492,20,8.296409,1183
683,637,12,19.648321,534
203,220,19,13.320663,490
102,433,9,4.687627,117
536,70,7,10.096724,561
315,1,14,11.249672,726
733,151,7,15.931399,1070
185,494,10,4.239978,989
404,629,18,14.863863,1028
463,327,19,19.454806,969
391,629,9,2.021742,381
411,225,13,19.881160,1043
478,717,17,19.072965,948
740,417,14,18.112198,329
277,174,9,4.043732,596
434,185,15,3.129014,198
58,220,11,3.643670,1052
419,166,12,8.820113,1186
397,68,7,4.788489,300
317,10,9,8.267968,841
143,36,18,2.127590,531
181,356,9,3.199401,657
93,558,19,3.440241,1042
228,171,9,9.568111,412
654,332,20,10.044854,1090
749,365,8,18.082960,418
173,696,20,6.300520,200
678,65,8,12.861152,719
28,543,6,18.683874,212
414,507,17,9.185244,908
302,655,20,9.198710,902
737,514,9,3.722622,288
672,305,10,18.781852,819
735,277,5,7.230124,539
123,510,5,3.656513,900
47,444,17,12.288504,781
138,389,7,8.090199,143
744,419,5,5.666747,547
736,8,19,17.114770,515
278,140,6,3.629220,711
215,554,13,18.927632,1012
