Source,Dest,RateLimit,Latency,LeaseCost
174,166,11,13.817520,313
125,233,19,12.598419,850
222,26,11,1.509996,421
6,130,19,8.682735,702
249,234,18,13.319029,191
131,40,19,4.869011,1150
147,19,16,8.513080,541
248,189,14,2.415460,177
240,55,7,14.553725,1016
95,31,14,1.397081,800
76,62,11,15.183869,847
222,235,14,10.591353,251
248,148,8,2.881259,560
115,132,5,4.286460,1040
216,25,19,11.702186,277
230,246,5,8.112752,1192
209,29,20,19.673885,307
57,143,16,17.072593,1067
234,201,18,15.944590,340
103,122,15,10.371775,224
197,183,20,1.137248,1067
1,230,9,10.819769,523
65,72,17,11.893876,541
245,183,14,16.808817,844
233,181,6,11.884750,737
209,98,19,1.644269,377
49,243,13,11.882653,979
72,61,9,4.317682,873
140,126,9,6.136958,646
67,92,8,11.071446,234
53,91,16,5.345356,317
80,148,11,5.669215,1076
237,109,16,11.206448,1038
210,239,15,1.721489,627
67,155,11,2.606005,349
205,3,17,2.946650,1009
3,50,19,8.552264,1125
13,74,5,15.968856,612
134,106,12,7.805014,194
152,15,19,10.250097,183
167,29,6,8.526304,638
144,106,11,15.338428,396
24,223,11,15.179501,773
223,248,14,5.414116,820
102,73,7,8.107526,517
156,195,15,7.672222,800
204,232,19,16.811369,148
124,68,16,17.068252,664
214,176,15,18.197572,827
92,55,20,16.635220,189
16,118,12,14.865381,687
246,47,20,5.523322,690
5,99,13,15.524325,861
28,8,19,10.158201,347
17,102,15,2.095399,854
87,4,15,8.774342,303
135,162,16,10.422606,830
183,79,17,15.785616,282
75,98,10,11.534987,446
196,185,8,6.221433,188
181,249,11,16.576804,266
128,44,13,2.505714,662
43,172,17,15.599660,1066
100,154,10,19.369456,938
235,55,11,6.458001,662
123,157,13,9.558772,1173
32,210,16,18.116009,347
186,119,14,16.761985,926
159,211,14,1.675819,818
86,131,13,16.400150,254
63,181,12,3.139297,121
4,157,19,17.995270,1196
47,119,18,9.698686,891
219,147,17,16.153132,697
0,8,8,0.364044,378
230,161,13,11.720443,810
187,54,19,0.407398,971
59,16,11,11.551491,344
228,14,17,14.061736,299
196,203,11,7.951345,336
66,203,13,15.806319,974
189,106,9,8.272350,450
239,45,17,7.448825,763
196,168,15,7.166971,1145
236,196,13,7.349035,1094
192,96,20,3.506005,1093
102,20,15,6.533286,421
54,175,15,14.131355,700
89,189,5,19.424668,202
84,169,17,6.542088,719
158,48,14,16.723405,422
55,91,19,19.722765,371
121,133,7,8.551664,239
87,205,14,20.090358,872
67,116,12,9.180351,267
37,80,10,1.714619,662
102,103,18,10.274290,427
63,117,17,12.901267,1087
33,144,6,8.953696,886
222,85,18,16.584519,174
195,240,10,20.258504,455
187,139,10,7.661740,908
79,33,16,4.344697,1135
149,82,7,15.607323,1154
104,7,7,8.391489,192
137,81,6,14.235700,686
222,223,18,6.259715,314
148,35,7,12.553749,1188
146,131,10,2.237760,155
85,163,18,2.036450,390
196,228,8,15.332726,995
229,172,19,20.309139,263
145,7,7,0.809748,1035
195,194,13,0.838335,775
249,67,8,0.074828,687
40,240,16,17.780741,404
175,12,9,11.046905,959
107,248,10,16.089954,330
120,162,15,10.437629,150
59,110,19,0.738145,167
212,166,13,2.774613,1050
128,4,9,14.216697,931
35,180,5,10.996854,551
164,33,17,7.962177,246
202,45,20,8.036837,794
63,97,14,17.778877,387
207,180,8,1.227921,948
76,208,13,18.367880,297
119,176,10,9.218688,554
52,86,17,12.938426,761
140,50,15,1.095435,1008
91,245,16,17.050550,365
0,200,15,7.168864,331
66,154,12,14.974892,981
110,32,14,19.295135,351
230,118,17,11.061577,306
114,169,17,19.345419,968
105,90,10,11.052750,386
61,160,14,13.272735,597
149,249,17,1.702448,540
149,110,17,16.459026,1142
77,55,18,14.307422,707
59,80,20,11.432650,637
200,188,12,13.672606,361
105,142,19,10.763149,1198
64,193,14,1.853256,1087
20,19,6,1.518898,190
166,199,5,7.917789,443
152,119,10,18.618964,1142
40,107,8,17.283443,628
48,198,6,20.132987,271
54,68,10,12.544628,306
89,228,19,4.904224,115
186,67,8,17.389363,581
242,167,13,9.842116,430
243,137,16,4.229498,256
151,116,7,13.750714,313
63,2,19,7.462532,718
237,172,17,12.094805,1175
59,3,14,7.276886,1186
11,128,7,1.073726,323
102,179,15,2.889306,729
140,152,19,8.085231,444
249,104,11,15.315173,709
45,89,12,10.462957,854
87,188,14,2.511020,1186
71,50,20,11.294150,673
68,61,5,14.570860,548
27,123,15,1.717326,406
119,246,8,15.291434,1139
202,99,16,9.009661,877
156,73,6,20.465479,276
174,212,13,11.470712,1175
115,201,7,10.411655,781
170,223,12,4.841271,897
203,115,14,16.118981,1048
180,231,20,8.976979,597
117,97,15,5.988582,648
190,219,19,15.705893,617
142,122,18,19.960894,745
66,234,8,10.871140,272
91,129,20,11.351856,377
87,101,17,0.434822,541
55,40,16,3.228616,172
177,53,15,5.527613,1011
183,21,9,19.396308,942
97,187,9,20.473382,809
106,204,10,0.528233,717
20,94,20,1.906661,879
248,143,6,12.926575,813
39,98,8,7.862439,1085
175,168,11,9.308400,346
232,145,14,4.003697,886
59,157,15,14.695370,1009
179,59,6,15.283530,683
161,177,10,16.510988,385
84,243,19,6.434041,1004
142,156,14,13.474036,100
240,99,9,17.071321,527
168,228,9,2.018416,1058
88,226,8,11.942027,997
82,73,9,4.607042,880
237,154,20,13.972108,1196
205,92,15,15.507251,935
201,98,11,18.716216,518
88,186,17,0.765039,929
191,98,7,3.727398,1049
137,194,9,17.371911,1173
134,60,13,14.761602,946
10,148,11,1.268061,622
115,230,9,0.487682,292
61,42,8,14.481575,392
178,246,11,6.259048,633
164,85,9,2.409159,633
191,152,17,15.213308,135
195,152,5,6.182339,982
119,166,10,3.204160,890
221,210,10,13.336138,1036
116,184,10,2.931564,147
60,123,7,4.072010,1185
138,76,19,17.758818,137
203,30,5,7.431008,420
227,101,11,13.173929,991
64,203,6,15.553338,378
125,71,8,3.467111,156
5,179,18,8.424126,806
156,5,17,12.751192,1079
67,51,20,0.699319,880
79,161,13,15.483247,1171
112,8,13,13.655171,500
249,202,5,14.212933,1158
241,73,10,17.538163,555
193,80,18,1.251237,473
178,211,13,17.941430,1037
94,213,11,16.197765,404
22,101,16,9.837782,379
42,20,16,12.479888,1111
217,148,19,16.523390,1170
53,106,19,11.599864,1015
153,209,16,0.837894,406
129,8,19,8.285482,808
135,64,6,0.059312,718
232,67,5,20.460484,397
248,238,13,12.728086,632
71,172,5,0.089808,887
148,83,16,7.020417,773
21,217,15,12.310851,954
235,190,17,19.515389,117
135,202,12,6.593557,698
144,27,7,16.737504,338
242,31,10,3.931582,508
168,182,6,3.645299,358
42,159,14,17.466286,740
112,110,11,2.057916,1008
68,219,6,15.139760,231
199,63,5,4.240909,137
109,140,5,7.197642,368
212,98,8,13.999882,215
239,230,11,12.161530,592
21,161,12,13.511379,162
155,178,8,11.777874,1124
86,119,11,17.800146,415
189,138,6,6.630940,138
127,205,5,1.160224,771
142,38,13,4.497463,941
235,26,15,14.547763,890
199,196,11,5.363299,484
201,4,5,7.437629,209
99,144,6,16.834623,154
239,151,9,13.726125,151
40,147,9,0.190826,1044
34,48,19,14.116316,915
39,183,18,16.555443,1033
95,233,11,16.885058,749
111,92,17,5.012126,926
205,171,14,9.283907,416
146,78,5,8.499274,607
215,199,11,8.114947,394
157,177,18,11.233934,166
201,181,18,16.449717,167
46,170,18,4.554615,763
79,67,19,16.656790,331
208,223,16,1.840852,344
212,65,19,2.763609,316
120,148,13,8.905598,186
130,242,12,19.517426,928
84,190,12,10.206144,1096
210,188,17,19.585555,664
97,115,14,9.597654,174
94,63,8,17.253118,1197
44,27,18,3.158086,695
27,206,13,15.434678,361
42,19,13,2.520776,1168
197,12,19,0.965763,1166
145,165,9,14.091869,472
14,192,10,9.006265,149
15,160,15,11.236120,677
166,157,12,6.429849,214
33,172,20,13.989421,905
63,145,18,15.151320,513
110,241,13,3.661968,1128
236,70,15,14.122472,347
117,74,14,4.682700,605
117,112,5,7.613765,209
86,220,9,4.048900,361
229,23,11,2.314099,567
98,140,8,13.156701,220
187,157,12,4.767930,960
95,90,7,13.387087,296
232,226,20,8.181322,1195
187,98,15,18.954106,527
234,86,18,8.383679,204
36,40,8,9.315522,801
23,78,14,17.417165,394
113,91,12,13.377000,419
112,95,11,4.236985,347
84,153,19,8.908452,1130
85,0,8,2.915636,357
170,24,5,10.610221,932
42,124,7,5.996649,1156
45,41,14,14.941556,894
26,32,12,5.031413,132
59,185,16,18.253408,1184
190,34,17,1.938388,751
155,162,5,15.747937,730
196,155,5,16.977545,1186
156,83,18,11.603589,453
77,66,16,9.225127,992
57,204,13,7.716145,634
96,62,20,7.348896,269
66,241,9,10.307549,553
149,217,16,20.309745,149
94,174,5,1.862357,580
225,48,18,18.721896,420
122,28,13,4.815759,1190
45,37,19,17.830573,1013
95,207,5,12.648254,717
4,190,11,13.989592,854
222,93,10,13.709659,395
2,91,12,1.527576,386
9,160,19,13.999769,205
238,231,6,17.783524,123
179,51,14,0.427905,544
221,246,20,17.244175,815
242,213,17,2.157051,541
148,94,8,3.076972,642
51,38,20,10.047394,246
193,55,16,16.415938,1192
153,109,8,14.012825,982
149,164,8,5.176004,615
232,95,17,8.624156,850
146,75,19,18.524406,374
173,2,14,2.034089,374
67,36,5,10.646284,833
139,125,12,15.013558,958
41,19,15,18.365936,387
44,200,13,1.727727,1153
180,2,18,14.013505,504
183,184,6,11.932914,681
79,45,15,12.590329,321
25,187,17,20.386766,983
61,50,7,13.155044,769
161,132,19,13.492960,854
158,13,12,0.112580,440
149,30,9,11.183354,336
202,206,11,6.356435,835
141,129,11,7.773214,182
114,238,19,5.313775,591
5,4,5,11.353739,858
69,217,20,19.385220,261
3,206,20,0.624178,855
0,118,16,17.945566,204
70,47,16,10.085563,801
37,233,14,2.990504,1194
190,64,9,11.671239,457
230,209,7,15.366246,985
219,86,11,0.808266,636
65,232,9,6.269181,1048
126,13,5,10.779184,1085
102,229,20,19.326395,614
232,37,18,0.619541,1067
210,180,17,16.453748,855
40,25,5,10.677555,736
112,62,5,10.624993,773
154,68,5,15.835685,610
111,184,20,2.954858,889
83,201,8,15.208656,823
62,44,5,17.836189,719
54,140,17,10.469146,757
196,27,8,7.435573,1014
217,61,15,1.136412,656
66,22,11,2.349846,877
158,230,16,0.945617,917
46,232,15,11.428502,936
186,161,7,14.004844,464
207,127,13,15.347647,670
172,223,17,5.449328,358
66,127,14,2.792190,433
147,98,17,6.055898,552
97,92,12,7.253048,592
215,164,10,4.856894,731
12,89,6,15.919301,1009
118,169,11,17.125108,1030
176,140,11,6.239481,199
194,99,13,13.140888,1077
18,222,17,14.833609,837
105,124,20,5.256048,139
46,34,5,13.790217,866
118,143,5,8.425477,440
9,89,10,13.783137,334
113,174,15,1.181879,1023
176,226,14,10.185281,981
62,228,11,9.619398,903
96,186,14,10.573449,606
58,167,19,1.458141,556
107,23,8,13.293965,440
179,83,10,1.857904,597
200,163,11,5.490160,891
87,237,9,7.110643,565
19,201,12,0.147512,521
140,122,13,4.822049,548
190,4,5,10.971299,780
230,163,7,19.567171,697
82,237,12,7.565823,834
175,155,18,4.508442,387
162,229,13,8.735570,1171
243,149,16,9.048392,596
126,75,6,17.382582,555
11,38,11,6.790867,291
89,213,5,3.219667,758
217,26,16,1.724962,533
8,90,10,11.923299,306
85,158,14,15.373486,1003
22,25,11,1.291882,523
51,210,17,8.801468,570
30,53,9,0.889291,400
207,148,16,14.459546,1130
148,68,7,10.089761,664
156,86,5,12.889664,792
224,85,16,3.213683,536
109,127,11,6.134313,1186
62,80,12,6.363769,999
227,236,7,12.933273,609
83,97,20,16.212494,407
53,200,11,6.871941,397
222,139,18,7.497113,705
6,199,7,15.728672,149
12,229,18,20.307878,772
59,146,13,7.998351,230
144,183,20,15.278015,1059
18,97,12,14.136598,735
238,3,5,14.720799,309
18,231,11,1.504216,212
181,145,6,17.154950,278
50,241,8,12.619905,325
142,186,10,5.740840,418
50,184,12,19.711697,679
249,130,12,11.069182,586
1,151,12,0.638481,745
150,138,12,3.766174,862
102,37,13,16.104377,1052
20,192,17,4.180002,561
32,114,20,15.466818,825
161,212,6,12.848705,375
179,207,12,5.192816,408
227,106,12,5.348954,355
115,4,9,8.367479,212
218,38,19,5.892713,258
216,193,14,20.461774,730
97,207,8,17.148827,176
80,196,16,4.375511,202
22,161,12,3.340859,188
86,95,11,16.927859,857
189,145,19,3.907177,1132
133,14,13,19.689553,982
18,101,9,2.207516,720
18,132,18,20.454741,166
105,35,8,2.967325,152
22,73,13,17.363831,176
238,12,9,19.623913,614
239,76,12,17.494183,738
182,115,8,17.878870,378
111,167,7,17.623360,548
148,44,11,15.814353,702
38,181,10,16.891421,132
170,75,18,5.471376,313
23,72,19,11.309026,1028
2,185,19,2.367085,535
243,176,14,17.236161,528
31,158,19,11.962640,879
69,129,10,15.721546,600
49,246,11,17.995207,250
188,146,9,1.074193,614
148,13,19,17.396752,1077
43,58,18,19.738083,389
141,61,13,12.485037,378
186,127,11,2.924196,371
1,39,13,19.387896,719
188,209,18,0.505184,234
170,91,13,1.801742,923
228,60,11,1.907017,686
117,94,7,7.538965,981
158,157,9,16.121623,1147
134,14,8,16.554462,510
108,52,18,3.640328,704
205,41,11,1.544875,715
179,206,7,17.555599,891
79,30,20,9.724848,355
120,5,9,12.275270,462
185,20,18,5.333818,317
121,163,16,8.774429,607
181,93,7,6.521624,281
115,131,10,14.307664,101
56,40,9,9.577064,1102
64,16,14,9.237019,570
155,8,12,2.136799,655
125,209,8,5.775390,854
197,38,17,18.490303,717
24,55,15,15.133372,665
134,81,16,7.644950,679
11,133,14,8.571187,757
207,220,16,7.170613,909
64,151,13,6.051493,200
209,111,17,0.842846,806
51,67,15,17.270503,526
171,125,12,7.296114,523
209,24,5,18.535362,844
81,52,20,9.293555,1133
67,126,14,17.894686,496
140,98,14,0.617127,1076
96,130,11,18.707890,1045
18,53,12,10.537591,911
31,48,18,16.605446,784
222,117,14,16.155127,1012
164,57,11,18.712571,465
14,214,10,6.834677,569
94,55,18,1.596375,1173
168,234,6,2.373463,1026
132,172,11,5.686211,1193
129,233,17,17.553412,1053
183,4,16,4.189506,1200
43,162,19,1.886250,750
15,176,14,8.943921,674
183,212,6,18.296306,855
72,242,20,10.293107,123
114,128,17,6.478699,940
154,38,20,6.906578,259
205,34,5,12.084294,380
172,137,19,15.903268,232
93,103,8,5.393889,885
22,1,16,9.099048,1193
239,165,17,6.247334,317
154,190,7,2.145512,312
225,199,11,9.443547,286
116,190,14,5.390159,780
31,9,9,4.390991,914
43,232,14,13.474041,272
62,184,11,2.854508,788
133,203,19,12.715787,1092
80,10,7,19.338666,478
25,147,10,1.316553,695
125,196,10,11.288422,425
45,6,12,10.990635,363
184,143,20,1.030713,867
133,226,15,5.953236,188
249,105,12,8.251282,788
43,23,7,11.464433,155
228,6,15,19.501537,1000
196,113,6,2.268828,948
71,222,17,15.618650,357
229,40,18,4.438245,707
61,119,15,17.336429,237
114,89,19,18.592645,1152
183,152,8,5.507430,533
159,233,17,4.227968,715
189,49,8,8.737045,896
69,123,18,17.121745,156
33,214,11,8.335847,313
132,57,18,2.984340,879
116,200,7,7.337763,226
213,32,18,7.986805,171
164,37,20,6.202792,386
243,79,20,18.257971,1065
115,194,20,18.560030,655
81,179,5,8.976733,351
204,177,12,7.726465,112
231,212,5,8.766391,737
226,246,7,2.715529,1067
52,96,10,2.817958,255
3,215,13,14.388058,711
231,138,7,14.230257,780
8,50,10,9.455573,495
93,104,13,18.339674,999
171,16,5,18.564180,1048
17,89,7,6.810533,649
96,169,8,13.268189,608
76,49,11,3.997157,1088
161,192,7,4.909292,252
205,238,15,18.148244,618
183,149,18,2.406057,214
64,86,7,17.434547,450
67,162,17,16.737440,102
117,143,19,14.006257,479
153,16,12,3.440147,997
13,211,11,5.832134,1008
178,119,6,7.672700,1075
187,74,14,19.602500,874
203,6,6,4.833001,1124
64,212,10,9.142541,598
43,116,8,6.735443,501
149,13,13,2.296396,789
198,15,10,0.760340,628
32,187,6,7.265389,878
50,79,7,9.342386,778
160,197,5,19.878570,584
115,172,8,14.752503,707
144,5,7,6.944708,1016
26,206,12,18.195989,1172
175,139,20,0.135527,816
11,213,18,5.357861,740
54,176,8,9.202508,390
204,4,15,8.898675,900
209,106,19,7.675223,935
73,123,20,10.185853,936
208,109,19,19.508218,799
118,57,14,15.658987,953
57,217,17,11.911932,682
4,153,11,3.548117,499
131,34,13,16.548182,221
202,183,14,7.595926,1078
41,3,13,4.074947,492
21,22,8,9.913577,695
116,166,5,6.693170,592
46,202,20,3.047243,927
123,170,13,6.245288,361
19,89,11,1.360486,482
233,154,14,8.297948,772
196,206,10,18.863414,370
9,10,19,17.629983,425
32,222,15,13.517536,982
231,181,15,7.457715,984
204,236,9,3.677108,951
90,154,5,12.649310,720
160,33,19,7.696274,998
32,75,18,9.158020,169
111,38,10,14.016076,889
28,112,15,10.000463,705
0,226,7,15.978242,1095
139,222,6,14.660800,628
135,180,12,2.229744,899
170,239,5,2.780725,956
202,48,16,5.202158,210
128,223,15,19.641806,153
102,231,19,4.340192,762
91,105,6,7.515893,842
67,237,19,9.206079,1189
177,149,17,14.677126,437
54,192,8,16.447048,1091
77,90,18,2.891515,1047
190,242,6,9.294102,850
201,114,15,3.871901,533
132,62,6,5.394841,1055
209,140,13,7.314482,752
157,151,9,15.871048,714
28,198,5,14.909444,405
102,239,15,6.835574,1032
23,13,7,17.164994,178
149,79,8,19.597932,579
50,35,5,12.435117,346
88,235,16,3.169571,340
189,118,15,0.534719,690
66,2,16,15.303147,697
131,92,20,11.776297,1028
249,175,14,15.889818,860
191,154,17,3.780370,461
83,197,9,5.085247,851
168,93,15,16.520050,464
39,80,8,6.600169,1017
76,234,9,5.647171,1154
196,227,17,15.360326,718
140,123,17,8.907249,326
213,171,14,8.824099,1174
159,169,13,14.629025,913
59,189,8,3.695644,727
14,149,13,11.626551,388
130,230,11,7.684291,872
56,48,20,0.567146,112
35,98,20,19.691348,990
216,231,17,11.436354,511
146,153,13,13.796618,266
65,74,10,2.987953,254
53,205,18,15.189036,182
187,149,11,10.975162,966
65,189,10,13.491188,794
131,8,13,7.793784,570
229,137,16,6.264708,751
237,175,8,13.108110,716
164,222,20,5.506912,1030
248,202,14,17.950615,121
67,152,11,18.647689,495
107,242,19,8.647175,224
173,75,5,6.230110,231
238,229,11,15.306635,384
107,114,13,15.713920,213
148,245,15,5.413072,588
132,119,6,14.520137,372
200,31,20,16.908053,356
173,124,14,14.387153,428
206,131,6,16.401823,133
158,208,18,5.028003,389
168,115,10,10.409337,413
241,64,8,4.611538,856
176,213,6,0.634695,965
94,99,7,10.715373,415
53,63,19,7.613492,277
184,90,11,16.987801,195
114,156,18,8.926152,713
89,44,10,12.215012,908
227,1,13,20.367545,449
107,30,20,18.348431,166
81,53,9,15.848957,518
220,212,16,8.719819,1181
234,102,11,12.033357,386
100,195,11,3.816665,1159
105,64,12,12.930364,283
169,32,12,9.713654,706
165,130,15,9.562365,1044
80,215,20,13.356425,918
42,192,10,16.328884,442
123,14,19,14.733108,987
17,224,12,11.200552,666
108,179,14,14.485604,754
136,159,8,12.486514,268
128,237,10,15.788816,764
57,198,5,11.665631,435
67,234,7,15.561010,728
24,25,18,9.657242,538
168,238,13,17.023158,993
114,223,12,8.076686,894
158,1,5,1.433774,785
165,246,9,20.252088,346
204,231,11,19.862543,326
225,121,12,16.487315,869
78,200,12,19.263247,741
143,102,8,11.085887,1088
151,149,6,5.471438,301
187,249,14,5.989034,838
182,246,18,12.936421,886
119,121,17,1.824863,110
120,16,6,3.559530,1038
181,242,15,5.331870,215
72,144,19,10.276761,490
58,111,13,0.731780,141
245,179,17,17.931098,827
23,102,16,16.158294,123
245,58,12,8.461091,489
13,175,6,10.924523,826
87,225,13,5.238345,1143
243,48,12,19.733730,1092
41,99,12,14.051006,234
150,193,16,13.034006,523
157,162,18,6.727921,845
199,99,10,11.783020,989
188,64,12,13.721997,989
28,240,11,9.704998,558
173,92,6,16.655387,824
55,31,15,19.654549,157
36,5,18,1.375368,561
240,153,10,16.419206,1104
133,201,18,0.623778,189
231,34,12,6.111786,158
30,48,13,17.151375,1116
234,12,10,16.212361,1189
42,185,6,14.254357,398
72,2,17,8.859117,344
204,242,16,14.840755,874
14,42,16,15.529604,890
116,228,7,1.803484,875
112,160,19,1.342805,937
62,156,6,10.278299,521
236,56,18,18.380946,275
169,122,13,12.795356,296
118,105,15,6.748002,236
186,162,9,11.427434,113
109,13,5,1.439949,578
240,27,9,8.903958,859
184,150,18,4.091174,500
249,158,14,12.633986,562
54,73,13,4.156063,568
235,53,18,20.068334,525
211,138,17,16.328188,396
195,132,5,12.117198,874
51,197,6,15.199547,1112
204,108,7,10.299191,1154
237,166,11,17.343953,299
105,143,18,11.075403,839
165,242,19,18.088094,280
68,242,6,14.958753,960
133,53,10,8.908410,592
89,215,11,9.470190,1088
55,190,14,11.063777,617
45,17,14,16.793836,1063
77,204,7,8.405990,944
106,25,13,13.825787,275
154,17,18,8.291102,231
38,99,6,16.451136,205
152,165,20,11.018879,162
48,180,5,15.225575,645
198,219,15,13.397752,838
60,183,11,12.096382,121
138,96,9,20.328045,1081
110,123,15,6.823779,794
172,110,20,19.579822,740
105,214,11,4.467552,478
222,94,8,10.232477,170
114,183,13,9.253770,323
54,108,11,11.150965,453
97,190,9,13.975434,1124
178,23,15,12.232768,862
158,79,14,5.199345,417
243,51,9,12.982155,588
160,41,12,1.933772,697
87,170,9,19.689589,817
217,49,11,16.232814,1094
246,86,8,12.946670,1019
134,80,5,3.997026,1079
37,25,11,12.900922,1126
10,159,18,10.936975,598
152,109,17,4.544430,598
109,236,9,0.369638,153
153,201,12,2.811273,945
32,100,14,2.193535,548
11,105,10,7.315039,1066
23,104,20,4.461639,1077
165,240,6,3.867016,662
223,215,15,2.564683,368
84,5,6,3.732105,719
91,236,11,20.339151,428
113,157,6,0.151277,494
19,50,9,14.264392,853
5,235,20,15.306175,521
247,233,7,0.646335,202
179,194,6,9.995900,815
214,182,9,14.058586,491
100,54,11,10.079172,887
221,140,6,15.707238,758
17,16,17,9.626968,931
101,75,16,0.654001,529
14,15,18,11.315222,1113
165,156,18,13.159176,841
91,110,16,7.731372,411
249,119,19,11.985907,363
76,203,16,14.981107,392
224,6,14,12.853508,494
206,145,14,16.404287,272
183,145,13,7.294122,396
133,208,10,14.687012,552
145,171,8,13.807353,570
55,199,10,9.900204,112
25,220,15,6.609742,531
143,206,18,14.229285,460
95,17,9,18.338196,173
133,102,5,7.941807,394
79,248,16,2.813888,513
55,93,17,7.555280,985
169,162,15,17.611812,150
183,200,10,13.251893,805
59,140,17,16.826074,325
157,219,9,15.064186,220
194,42,6,8.159661,176
186,222,14,14.766430,817
3,127,7,0.566253,311
114,186,5,15.947888,417
211,15,12,4.850884,155
200,43,7,4.130432,965
189,193,12,7.259298,1000
31,177,8,16.860122,1138
170,148,18,1.467831,391
1,10,7,9.947046,899
16,109,7,16.070944,463
244,155,12,7.118795,846
204,29,18,0.680214,786
104,47,17,18.831288,105
173,240,15,8.717624,903
143,129,10,15.931744,545
207,218,5,1.326995,212
123,146,12,17.276818,644
145,227,18,13.079804,905
126,178,20,17.686055,370
3,51,7,3.712668,1072
68,53,6,14.630902,918
53,240,18,16.934173,1038
139,155,5,10.497981,640
243,206,9,4.256724,248
101,180,17,14.068121,216
114,113,17,10.786911,703
213,57,17,14.917913,1120
206,94,16,1.074271,1133
82,245,10,3.226241,1144
40,29,15,14.230105,732
184,176,6,17.253223,790
140,45,18,12.046895,1048
167,213,6,11.286928,476
7,130,11,15.700547,1131
235,68,18,10.103109,971
157,223,9,1.282074,964
10,183,14,3.261990,190
45,237,13,10.622461,961
149,142,17,3.834943,811
201,105,11,14.046870,968
67,89,20,8.412900,717
20,96,6,6.227969,675
172,171,5,0.381475,1093
6,194,6,17.203712,434
108,39,12,13.578070,557
249,248,8,16.406319,627
28,61,20,19.779323,1095
22,28,5,18.123499,392
171,4,13,19.482355,1176
38,8,16,3.926089,1016
150,196,11,13.515230,679
95,145,5,18.933067,367
83,172,10,6.219143,328
73,179,6,12.053592,570
17,126,20,15.742946,835
174,10,16,1.755740,575
209,126,16,10.499576,548
7,102,11,7.837081,217
99,117,9,19.616264,854
86,96,8,11.287635,132
33,37,16,9.215526,374
124,184,15,16.454509,474
245,80,7,13.072664,959
220,201,20,14.621880,1155
220,4,7,13.963688,1013
35,171,13,17.497984,1165
25,110,9,6.476836,556
118,154,17,13.852400,474
102,149,10,19.931947,503
224,146,7,0.038397,562
164,155,15,9.020432,581
144,102,15,5.984390,983
127,163,18,14.339856,211
7,104,19,7.330822,1199
94,170,13,5.969708,131
36,234,7,10.544719,172
7,235,9,10.897322,665
0,33,20,12.790376,830
165,128,7,18.020680,1187
188,13,9,0.193230,937
140,85,19,1.270953,1132
99,189,7,5.189063,786
87,193,20,15.050270,275
35,126,17,10.723958,1130
114,82,19,19.876224,1182
243,55,10,8.944287,255
122,65,17,4.979739,521
55,49,10,4.842768,719
6,121,12,6.246522,1074
201,176,19,4.220526,281
15,99,15,11.665333,533
196,148,13,14.269534,304
155,219,10,9.116330,420
55,92,17,4.918888,318
176,45,12,17.898872,1018
249,83,7,18.697423,996
77,76,12,1.034473,596
163,41,17,5.583487,1018
158,119,18,7.731639,887
33,119,5,8.985060,1178
80,34,12,8.592240,648
79,64,9,13.471609,1166
191,106,20,6.749706,728
3,114,20,19.491149,272
43,148,10,8.799227,292
243,112,5,16.277487,665
44,177,13,6.032060,455
231,93,5,5.266254,471
105,249,8,4.132783,1189
96,141,11,17.580050,1173
133,223,20,3.506898,241
142,97,8,6.721189,287
166,249,20,5.015943,915
162,215,15,18.445731,578
105,234,18,13.653222,811
200,76,8,2.754368,1188
40,30,12,4.587397,827
49,172,13,6.174432,1177
237,214,15,7.114302,543
178,236,18,9.961112,812
47,194,15,3.908618,182
80,124,12,3.172240,316
39,86,17,6.737089,379
154,0,19,12.313755,409
249,6,11,17.958465,1146
165,236,13,4.900964,453
223,220,5,17.234970,344
168,139,20,7.274784,570
149,226,13,14.047251,990
95,101,10,15.654169,1091
249,218,16,8.356118,610
0,3,9,19.362836,1157
172,122,19,9.620364,310
168,122,19,12.879702,107
116,221,8,11.329344,294
133,67,7,11.013612,1107
126,213,14,2.426435,375
192,195,15,17.065924,257
81,192,9,0.461855,375
150,207,7,4.107652,992
82,169,14,0.783952,599
138,102,20,19.582970,176
169,79,19,7.368256,1147
54,178,7,19.953614,318
102,211,6,11.222062,1086
182,112,7,2.318788,845
220,74,13,8.897459,152
15,210,6,17.416772,438
202,44,14,2.315636,384
233,84,16,20.044184,543
199,84,9,15.844526,819
52,192,6,0.829757,125
124,227,6,13.308838,769
30,125,20,0.949753,290
85,174,20,14.517594,193
58,2,12,4.550148,1178
98,176,14,7.349433,849
152,45,18,6.104812,755
84,129,6,1.019203,1106
184,45,18,3.800055,358
185,171,19,15.735064,399
247,3,11,7.950257,305
108,49,17,18.379634,111
19,73,18,2.708508,387
125,180,5,8.676244,704
206,89,9,0.537588,1134
19,108,19,12.181685,771
40,24,18,18.847751,670
207,115,8,7.550699,823
199,0,18,12.670937,945
141,89,11,0.717921,787
40,139,6,18.307635,1105
149,115,11,13.981245,230
182,109,15,14.505952,1074
60,14,16,17.669659,121
32,84,20,14.015176,843
157,119,20,12.999844,469
169,90,8,16.900190,838
147,116,10,9.906970,817
127,114,9,9.094934,611
131,137,16,16.793862,1163
148,157,16,15.423609,531
173,239,17,16.907077,264
153,149,14,4.059259,762
171,200,15,18.606601,733
70,14,7,17.067017,907
194,131,11,10.147959,927
183,161,20,19.377201,754
247,64,6,7.228037,543
27,224,12,15.621526,601
208,33,6,20.184955,1039
82,125,9,9.062844,577
30,229,13,2.566698,150
205,138,5,15.784175,329
139,151,20,0.718622,1103
55,201,13,10.350464,275
85,63,8,6.860300,882
31,51,13,17.599470,790
29,153,13,19.047927,514
69,91,13,16.189619,564
118,165,13,2.954067,137
33,121,9,14.989494,682
230,104,16,5.377238,1171
174,148,20,5.132009,449
132,215,6,13.597060,611
197,19,7,0.203109,229
201,140,20,16.845301,995
146,210,17,17.186562,214
87,46,12,4.551013,707
229,46,14,4.701642,284
117,222,18,16.890059,941
166,67,7,11.303764,468
235,13,13,17.149758,896
77,228,10,10.128587,694
131,85,16,9.510113,756
169,55,8,8.124476,972
28,34,8,17.015506,214
86,66,20,15.765159,321
226,109,11,9.218684,955
164,172,11,6.097536,698
56,124,18,0.304616,242
43,4,15,12.547238,313
118,48,16,9.360779,1103
41,217,14,5.798911,168
62,45,15,2.588486,655
47,188,12,12.130599,124
205,217,9,8.968137,843
98,39,18,17.584668,786
116,141,15,11.051423,917
65,231,19,2.057804,1099
91,155,11,8.109496,693
4,97,17,7.238831,249
105,174,16,3.385528,902
133,206,8,6.211551,912
17,221,12,10.086714,965
133,233,18,1.441849,267
227,124,5,10.849868,215
83,185,17,8.921032,426
163,202,18,9.585804,424
201,0,17,18.294900,260
210,199,14,6.309053,175
164,124,14,16.057849,747
0,245,15,7.922084,985
247,168,15,14.094373,548
240,171,10,18.663475,640
0,129,15,9.025899,226
64,21,6,10.072914,315
72,88,12,12.594719,623
193,235,7,17.934969,785
74,217,14,2.711701,511
242,103,5,13.934456,730
126,43,20,11.434260,657
70,95,9,0.599363,577
8,44,8,17.331165,953
31,12,12,15.880643,1104
180,183,20,6.745011,607
92,225,16,1.725935,391
220,210,12,9.230543,854
249,171,14,1.756048,594
37,112,9,0.818191,258
30,218,9,14.998484,859
73,72,13,13.127031,642
234,71,17,8.079561,1043
76,72,12,7.896975,236
89,159,20,11.089330,102
116,22,12,16.808193,1083
115,125,7,5.456723,468
222,170,5,2.808938,753
118,47,10,5.960941,132
4,75,5,9.683913,863
35,176,7,0.219064,687
172,175,18,5.702361,847
42,45,5,15.137881,1142
210,23,14,7.248503,399
25,179,17,18.633152,793
21,232,13,5.752932,891
4,55,6,2.485504,474
244,38,20,6.142899,944
73,39,10,19.390471,143
212,3,13,12.523907,225
240,39,5,20.027377,904
111,53,16,8.246838,697
132,154,8,19.565867,503
64,246,9,18.202454,966
162,184,8,10.069469,1068
98,56,9,10.842842,443
96,117,17,4.388643,1118
170,138,11,6.371479,647
26,169,18,7.126211,1131
109,219,17,20.111275,1197
94,41,6,10.666882,207
17,119,10,3.541519,728
180,153,13,9.652180,146
128,33,8,10.531879,308
16,57,5,9.781395,1168
66,33,11,16.287100,338
184,217,10,5.322359,580
77,93,18,7.036660,232
55,120,15,20.460210,406
176,126,20,6.365438,753
8,172,9,1.362179,696
233,20,12,20.275143,231
215,207,5,1.048456,1114
130,47,8,5.817861,756
223,116,18,2.069260,684
231,23,10,8.495155,729
144,62,13,15.651819,668
215,181,16,10.290511,178
102,3,17,12.692246,1034
241,58,19,9.956987,569
95,83,18,6.689332,250
88,55,16,12.256815,278
108,121,7,17.668201,300
164,30,18,10.065736,669
159,78,7,11.975834,420
104,130,17,18.020787,573
24,13,15,17.983113,245
183,142,7,18.556102,805
1,132,8,8.469749,157
180,198,10,3.236056,384
174,146,16,13.763306,376
65,48,14,14.321892,616
2,30,11,17.018616,266
170,209,16,18.243345,749
227,63,16,11.993017,1143
66,229,9,7.703912,1133
15,147,8,20.377974,623
46,151,15,20.236911,423
154,218,14,13.657253,592
162,179,11,1.488619,414
161,34,7,18.849091,511
219,232,15,14.488614,1082
238,101,6,2.429144,239
137,144,5,8.651137,166
88,246,17,5.292666,110
99,47,6,5.096229,955
191,182,7,16.175895,140
233,107,13,10.166170,192
38,0,8,4.143525,704
110,54,18,19.949999,757
189,16,13,14.260117,1004
185,219,6,18.240779,656
248,94,20,4.255540,828
50,102,11,14.139716,1175
203,199,13,12.560999,642
178,240,17,12.921038,319
90,202,17,17.672303,991
62,206,9,6.775094,341
145,206,16,7.328585,381
226,80,5,20.185616,266
153,239,9,13.781462,379
179,45,17,17.366476,867
25,199,17,15.271885,1181
216,210,18,16.357325,922
5,85,9,3.549645,720
121,54,18,14.505134,1183
194,108,13,9.974643,764
181,22,16,19.890407,1110
11,200,20,5.692881,993
145,112,13,4.594555,691
220,99,15,12.725868,1056
228,168,20,5.525214,1024
193,194,11,16.460923,1102
190,148,16,10.099184,1141
95,143,7,0.922060,433
112,109,5,17.028336,445
245,51,14,5.604708,854
48,55,20,5.126111,725
169,226,19,8.740975,541
223,3,9,7.778837,206
22,26,9,8.435019,1196
79,155,11,6.040481,1159
24,107,17,1.395096,269
29,151,16,5.692829,567
95,113,7,5.756794,461
69,5,7,15.921780,672
27,111,18,18.394399,795
237,239,6,1.051822,1011
93,127,8,5.281297,164
118,132,6,11.959872,1105
8,171,15,10.853370,308
78,221,11,0.599152,530
136,246,8,16.753240,1096
246,112,14,1.009965,724
16,205,7,13.482888,1051
224,95,8,7.269962,532
186,123,15,7.742861,649
77,13,20,12.092151,547
158,155,9,1.795015,723
216,227,10,8.395194,549
76,108,12,13.816696,406
105,45,18,18.293998,981
98,170,17,4.968537,177
10,157,15,7.545962,525
40,165,18,19.989299,654
249,126,6,12.646113,363
15,3,7,16.064141,1017
204,131,7,9.067620,1095
232,130,9,1.188458,487
58,72,18,13.214447,454
55,189,14,16.741572,902
222,178,5,11.068722,106
79,76,18,5.882274,982
31,245,15,4.665157,370
117,102,17,7.528997,1061
90,76,17,12.099517,788
77,142,16,19.951421,843
81,38,9,0.047746,1179
149,174,7,0.069033,679
123,138,20,19.208537,759
25,240,19,5.493955,1074
229,89,20,11.259966,1010
132,205,7,11.450784,286
140,165,9,12.345137,108
1,8,15,3.511480,649
8,106,7,7.459466,600
38,231,5,20.187996,473
119,186,15,16.467738,803
88,213,6,20.133672,316
54,172,5,7.444142,109
143,106,14,16.788652,144
114,70,5,10.009116,890
193,112,7,3.619365,998
9,218,12,9.146886,666
228,72,9,15.720267,1070
54,90,20,7.084595,179
211,82,20,9.718264,1146
193,109,14,9.644721,1086
77,24,16,20.312058,947
2,65,5,13.667217,264
24,36,7,17.549557,693
124,22,18,19.352537,821
75,15,19,5.931517,999
133,153,9,15.355762,135
166,11,9,2.869297,913
79,7,14,3.496042,959
195,34,7,16.410180,495
119,109,15,7.071575,616
12,235,15,7.943422,683
47,150,16,12.842146,446
204,25,15,4.866437,391
214,70,18,14.182336,770
12,141,17,17.276640,181
126,158,15,20.397903,967
33,202,13,12.797474,797
157,166,11,15.709397,698
22,224,14,6.218192,670
41,161,12,1.215328,1018
151,112,7,14.047391,103
98,72,17,5.028405,251
171,201,18,18.785219,855
159,7,8,3.622478,1181
212,7,20,5.828754,642
176,82,5,9.573256,1196
55,42,15,9.932040,140
81,160,5,5.858503,431
209,103,12,14.800059,1011
181,60,20,8.845239,870
70,235,12,3.549608,171
29,222,8,13.598788,1044
33,158,14,1.544016,329
177,185,8,2.269544,431
168,46,13,5.264514,1126
124,204,5,11.352719,1074
6,210,17,2.614672,823
161,185,8,19.477013,720
204,203,7,17.926722,135
65,211,10,20.412175,907
246,217,12,18.751621,898
205,19,11,17.848568,960
155,195,17,8.830655,606
14,167,16,16.563457,386
69,68,15,11.806961,606
247,27,20,6.620936,578
239,101,10,7.906669,941
161,17,18,15.351070,406
119,233,11,8.836583,153
132,67,8,0.052558,1177
121,138,10,5.572723,946
240,31,11,1.784397,909
32,51,17,16.923340,388
122,3,9,18.309357,1015
191,190,10,15.446711,686
144,185,5,9.537168,120
88,39,20,18.233094,165
169,38,10,8.892946,1133
88,175,17,0.434899,918
182,179,14,16.675285,899
173,49,11,3.598356,671
10,140,13,6.976431,420
22,175,8,18.676279,147
243,128,11,11.072406,650
72,42,13,2.907944,737
125,248,7,18.976532,929
146,20,5,14.676451,787
0,26,14,6.452409,688
130,201,12,0.968707,585
19,242,15,7.120560,995
212,188,12,11.427672,784
165,118,9,15.179270,1094
15,224,17,1.157718,454
8,151,12,2.574699,883
119,212,15,20.490617,324
213,199,9,3.640253,141
72,154,9,7.328998,353
85,101,11,9.825223,931
126,214,14,19.254048,559
107,146,17,4.587179,302
70,6,15,8.070236,199
46,133,13,7.794955,1170
47,94,6,18.304037,904
85,137,18,5.250029,673
137,119,10,14.029942,662
176,54,14,18.756070,628
239,160,12,5.420775,422
179,40,11,7.919195,401
52,185,7,19.589613,554
187,239,19,0.069444,1012
93,232,6,4.924010,755
5,16,13,17.390523,809
217,231,18,0.053601,386
54,75,8,17.001455,1186
196,221,13,19.954862,824
180,151,9,11.661662,680
171,68,17,7.951420,113
159,40,8,4.697903,539
200,130,11,18.868165,969
143,213,16,13.855088,505
223,121,7,9.473848,1014
66,110,7,6.768503,265
93,111,5,13.306536,749
124,209,7,7.714604,615
170,107,17,4.828979,237
201,1,16,15.587883,319
110,105,20,11.573564,827
38,151,5,14.092862,211
128,234,12,16.935281,337
151,24,13,17.757390,277
52,15,11,11.592841,622
194,30,10,1.664111,945
141,95,10,14.853428,903
124,67,8,11.223774,1045
176,243,12,5.951979,883
235,240,11,2.067825,837
185,82,20,9.359288,833
52,64,16,17.353865,898
83,65,10,8.758159,579
242,161,17,7.243620,841
15,105,17,12.471319,687
242,41,17,16.532437,338
102,166,14,16.480829,707
238,225,6,19.137150,1146
194,166,7,5.529887,1012
10,56,14,1.733102,506
17,34,9,14.480093,917
114,51,20,9.273966,683
15,185,13,16.388965,1191
106,125,17,0.266001,854
218,198,17,8.854303,528
159,89,19,5.541380,426
85,106,10,4.930392,800
160,201,14,7.862063,951
200,57,9,20.187634,902
242,205,19,11.504073,639
36,242,13,8.917477,163
143,73,10,15.174033,1044
9,183,13,5.957054,1095
60,62,5,12.912985,271
244,0,9,2.473277,435
51,127,6,17.649181,838
224,0,10,14.664659,124
60,6,9,8.163214,949
17,118,9,6.840253,722
240,86,6,14.217593,267
93,231,6,17.487835,419
178,219,19,17.484536,788
36,137,13,13.530323,818
159,112,8,19.943085,711
246,5,17,14.492110,532
103,53,8,4.947259,372
119,75,17,7.368712,130
178,187,16,6.773694,219
247,207,10,14.727256,960
118,218,12,17.834261,971
168,15,7,10.066409,616
180,102,19,4.328616,960
146,190,9,10.081903,394
50,23,18,9.293817,327
228,179,8,2.487048,1073
140,31,10,15.388250,393
71,132,9,11.516882,192
127,70,18,19.659730,942
73,64,14,6.386584,303
53,211,17,6.771677,1001
54,159,16,1.031784,1171
5,223,8,17.833827,774
22,204,8,9.148190,1031
212,163,14,20.335473,188
221,14,5,0.817730,493
230,110,18,2.127681,166
96,214,13,10.784964,781
99,23,15,0.784575,1088
59,196,15,4.726671,252
99,193,9,1.632384,400
208,100,17,1.736465,1179
64,115,11,10.052122,1142
127,118,10,4.873064,433
69,73,9,20.184213,757
128,117,15,11.273658,206
139,235,20,15.326939,1015
29,1,19,15.628608,738
22,198,17,12.562545,926
55,36,10,0.884957,1128
205,45,15,10.756011,988
233,51,17,10.884186,665
28,125,12,10.664654,1190
217,129,12,12.969015,808
178,133,15,14.070945,1029
178,165,15,4.854624,891
136,184,14,9.940865,1125
52,245,10,3.100040,666
16,188,8,8.539957,406
249,3,18,4.618867,270
61,166,16,1.753349,553
134,6,15,9.861859,972
53,183,11,12.967204,1140
202,186,18,13.094353,304
221,54,8,18.789788,1031
159,47,15,16.486868,1124
87,175,17,5.543263,416
51,98,16,8.338717,361
74,178,12,6.571781,1146
55,229,11,0.226013,912
134,218,7,7.789065,745
121,118,11,5.695620,530
77,21,5,19.054775,1055
214,49,16,19.699449,418
139,8,10,8.650020,216
139,153,14,2.833717,352
182,7,17,17.340520,1149
56,169,7,14.632707,315
53,21,13,0.234170,464
70,32,15,14.898641,626
14,104,14,16.112714,216
156,88,7,17.449808,506
130,214,11,3.832693,698
68,206,16,12.329862,1156
246,142,19,1.327453,558
79,35,17,15.774992,692
45,193,10,7.646457,1102
3,108,19,14.136624,615
124,109,19,10.363023,130
42,51,8,17.745971,556
246,174,17,10.181901,185
116,179,13,2.022643,438
74,235,14,0.070449,544
92,116,7,9.971455,581
168,164,9,5.958738,671
1,195,13,5.640395,540
122,106,11,3.818907,130
57,155,16,13.504446,445
71,117,20,7.541156,710
122,4,11,19.764651,983
58,174,14,1.466703,255
166,107,13,6.311472,453
170,60,8,6.369471,174
34,120,15,19.742631,309
155,93,20,11.557075,848
175,42,6,4.913572,620
95,52,12,11.555632,219
26,215,14,12.604442,703
244,220,7,2.315697,431
17,175,15,15.514466,899
20,102,6,15.558298,388
136,32,12,8.941851,607
122,82,16,12.694756,1119
191,48,18,0.456081,143
21,5,17,0.558315,373
167,63,5,9.244793,195
47,163,13,8.877038,731
197,219,6,19.185038,325
52,209,18,7.184735,273
65,95,5,13.062504,1059
148,75,12,3.932285,763
104,165,12,4.967070,971
113,5,5,4.516992,909
33,57,17,2.961186,280
137,100,6,0.497191,998
93,175,17,18.726394,895
5,1,18,7.614184,726
171,192,12,16.317308,1096
148,121,8,18.522065,175
111,98,12,7.915795,168
8,119,14,16.482540,418
122,101,5,3.775400,371
76,15,12,9.973043,925
93,126,8,8.423701,758
54,85,7,10.163694,1169
151,212,19,2.786928,922
124,188,6,19.074517,223
209,88,6,6.257246,320
91,248,19,12.996016,285
142,155,8,17.352693,916
119,201,17,17.801708,718
228,44,18,4.324946,551
125,210,19,9.492412,527
233,40,15,16.127071,1079
43,32,20,10.865103,892
247,122,9,17.145349,286
26,63,13,2.996665,761
104,164,12,15.253523,278
186,210,18,0.474186,162
117,121,18,11.568549,792
150,106,11,9.979885,855
15,225,9,15.641434,823
193,132,16,4.699262,645
27,17,10,17.590253,465
119,110,20,3.021707,719
50,189,10,15.686434,277
25,146,18,12.289661,717
14,41,13,3.242475,712
213,157,11,14.506415,912
87,234,18,18.233042,298
40,99,19,20.381611,712
65,176,13,15.490724,711
21,182,7,19.044752,1133
188,93,17,18.520592,311
17,152,19,11.396183,924
215,76,16,0.437151,347
124,64,11,19.231415,253
87,207,15,7.285347,1077
90,197,8,18.333014,803
121,25,8,4.726823,304
96,111,11,19.156596,581
110,235,20,18.454615,850
190,103,13,16.289210,312
86,232,9,19.971661,155
69,146,5,18.558859,731
116,163,8,12.052574,720
33,95,10,5.942593,655
200,242,7,15.820688,228
241,96,15,17.530502,895
53,147,17,11.252485,852
103,206,18,2.465483,408
7,141,12,0.760528,575
162,201,7,5.435654,182
81,189,8,7.560165,1153
60,29,18,12.174031,433
18,49,18,19.806493,1198
186,227,20,1.872640,786
26,208,8,14.670733,1188
118,232,7,8.909979,558
225,133,16,6.296985,844
26,23,20,4.693031,158
109,50,9,2.202256,807
186,176,13,7.363586,296
194,105,16,9.347082,1072
42,221,16,4.578300,999
140,197,13,3.871803,749
148,207,12,3.666980,824
70,4,14,17.048826,578
168,63,19,5.170291,855
240,126,20,14.753962,437
225,17,5,11.716807,1107
238,19,17,19.012127,813
153,172,10,0.058549,1117
42,219,20,4.531195,593
120,27,14,5.328294,636
177,28,15,9.759639,1006
201,238,6,17.234246,591
73,9,13,19.272475,692
155,35,13,17.543500,228
65,71,7,18.430031,103
185,194,17,9.545315,584
181,227,20,12.198741,690
15,101,15,16.431773,624
139,82,18,5.699683,356
151,68,13,14.946908,173
87,14,19,17.801133,827
170,8,16,6.625009,912
249,150,6,16.939220,745
190,194,15,0.433668,1042
20,185,7,18.464577,504
18,89,7,7.175382,440
113,235,10,17.152746,128
220,242,12,10.352010,751
78,246,7,5.246200,688
189,221,14,13.122607,619
47,13,9,6.210715,161
216,206,19,14.751095,815
148,54,15,0.627184,241
221,181,18,1.702949,740
122,96,19,18.556760,260
37,181,14,19.992146,910
128,63,16,2.591822,245
176,49,10,18.078842,275
119,35,13,12.408229,494
136,172,14,8.942999,608
94,169,10,11.041834,1176
76,75,17,15.872613,219
16,155,13,10.117441,143
191,50,9,13.665794,812
45,203,9,9.209586,472
150,107,8,9.463559,336
44,60,20,6.172247,731
76,1,20,12.653994,665
82,94,14,9.389482,797
101,11,8,1.849079,873
0,106,15,5.313465,786
176,174,10,8.911915,168
49,179,6,8.173497,423
6,75,7,18.259957,505
50,122,19,1.919419,1083
186,63,8,4.025344,177
144,245,13,18.484353,618
112,14,13,4.959958,282
75,72,5,10.242118,200
239,157,5,20.414482,176
18,90,16,7.304015,311
68,228,6,10.870075,512
136,30,9,3.873924,378
46,31,20,12.036894,476
228,95,19,19.443208,356
230,40,7,1.708116,1183
182,209,7,7.665473,806
228,98,15,13.784984,993
128,39,7,17.326325,131
234,208,10,5.302780,1160
97,64,19,15.640859,428
78,31,12,3.390080,463
137,76,20,18.665149,316
185,71,18,10.962974,645
3,39,8,17.848519,586
122,63,10,8.924116,317
10,161,13,6.246165,681
112,184,17,11.085735,522
161,100,7,11.632534,163
65,5,15,15.055969,430
87,197,19,9.325895,1119
138,70,17,7.771520,135
38,15,13,1.169245,814
187,8,20,2.651971,879
77,218,19,11.569401,846
202,8,9,4.131879,282
156,48,8,1.059760,253
1,96,10,16.088969,853
90,120,5,12.534197,269
183,208,9,18.062239,1088
5,26,10,15.439804,745
50,207,16,15.479146,176
59,91,20,8.301238,886
195,139,15,13.865044,906
183,169,8,18.413463,353
223,11,9,6.420002,1165
207,62,19,15.115532,770
16,101,20,7.562400,174
176,157,15,3.768303,647
197,205,10,20.396266,786
108,207,14,10.149202,863
56,61,15,17.335945,591
135,75,9,0.175229,602
116,208,16,14.674494,705
218,158,7,4.280335,540
160,66,20,16.478403,573
225,237,20,6.653702,577
101,32,11,12.358092,1020
85,199,17,5.509584,258
145,102,15,14.331313,724
131,61,12,8.981749,416
124,225,13,6.976229,435
128,89,11,7.465353,876
69,4,19,14.419143,181
63,103,16,12.853830,174
79,108,18,11.512216,419
158,129,9,15.884905,130
229,98,10,18.197795,972
175,93,17,15.948520,1020
48,117,8,19.464735,415
62,117,15,2.385863,301
192,237,10,19.747538,1160
2,166,16,20.036501,1092
179,6,10,17.362220,1142
19,81,16,11.912883,821
187,46,6,1.519844,792
177,92,14,14.716891,172
233,42,8,13.867170,887
62,2,16,16.725471,340
142,241,5,5.148414,470
38,219,11,17.893799,719
89,28,7,18.739743,893
212,197,7,18.008907,1159
211,148,5,13.293197,693
41,103,8,9.811217,417
170,42,17,2.836712,246
9,75,9,8.588873,165
232,206,5,19.181319,1011
53,15,6,7.849458,527
66,131,12,20.230865,162
129,148,5,0.812834,285
109,249,18,7.892205,885
52,187,10,15.158192,161
33,157,10,11.432901,899
173,208,18,4.618552,203
37,28,12,3.286214,618
178,196,15,13.646807,348
96,190,7,15.564479,839
10,50,19,12.541474,167
200,97,19,13.108658,291
154,141,8,2.508976,1128
134,161,10,15.907327,838
51,48,18,17.149847,578
209,246,9,17.999866,881
152,11,10,15.072038,408
96,23,5,16.230642,454
146,192,18,0.247627,787
34,245,20,6.395785,455
32,239,19,8.910670,707
126,116,18,4.172383,1078
31,157,6,6.668463,1109
87,104,16,9.814959,148
102,74,12,5.940919,735
213,212,19,7.398617,831
100,238,17,11.898749,199
6,80,18,20.331420,353
102,113,10,7.053947,267
186,118,7,14.885709,993
44,156,14,0.038661,519
136,204,10,19.992656,955
65,235,7,12.169722,450
189,33,13,19.968593,416
213,27,20,11.369149,956
10,102,18,17.557490,727
236,119,9,12.386504,116
152,162,5,7.470545,611
213,202,14,11.011652,642
9,3,10,17.211615,922
45,222,14,16.761884,782
77,170,6,6.922607,608
181,167,13,4.755276,388
160,4,14,16.123460,135
233,153,16,13.597385,1194
69,26,19,20.230955,214
39,144,15,8.740822,847
134,203,16,2.149662,307
83,157,17,5.081484,989
167,89,15,10.267348,118
155,34,8,9.043983,747
52,186,18,9.392408,943
65,96,13,3.455905,261
118,103,11,12.236838,336
155,52,8,15.320882,1141
91,229,17,16.030003,1025
129,175,17,19.832586,1002
91,197,17,11.158848,572
1,199,18,6.561994,555
244,29,14,12.545452,377
119,3,14,8.389627,349
79,185,7,11.408640,461
104,237,5,18.544254,290
73,185,13,11.789902,490
96,67,15,4.876842,373
200,101,15,15.998189,769
51,165,9,14.846687,1018
108,112,11,18.204212,1140
79,12,10,4.872988,1140
103,220,19,6.223137,1111
71,44,17,5.716125,287
178,203,16,15.674434,228
49,140,6,6.304564,973
74,139,7,17.739116,905
33,190,17,3.555658,1070
104,245,12,12.059777,595
89,88,12,13.069731,744
237,248,9,13.386578,115
20,157,15,1.756708,510
226,93,6,4.346080,441
131,110,15,4.182722,280
83,218,16,4.331438,207
49,207,18,12.941346,712
30,96,18,13.914776,1007
23,94,9,8.333439,878
108,12,12,4.307601,464
245,172,10,16.629563,1115
116,24,10,3.931041,818
139,44,11,13.691666,204
230,186,18,14.390811,1076
218,195,10,0.217855,710
223,222,20,9.020777,270
179,15,19,19.774675,190
209,40,5,5.608793,336
17,129,19,5.612604,124
88,208,14,12.107644,723
85,152,14,20.109305,456
94,220,17,4.545777,276
229,15,11,1.776824,881
226,164,17,3.517535,468
83,103,13,1.415925,786
47,222,6,2.588219,599
177,100,5,9.623610,479
216,248,5,16.769872,773
19,113,7,4.296597,664
118,194,10,9.175423,1081
10,55,8,6.022621,330
73,207,13,17.324787,494
166,189,9,0.933921,732
20,71,8,18.260381,623
158,213,14,4.534478,294
144,204,13,10.199733,710
124,193,16,10.567452,1136
235,85,5,8.471948,777
20,11,19,20.136356,997
177,217,12,0.993797,1006
109,42,17,7.467353,666
193,94,12,9.971160,1151
6,197,11,11.295922,314
196,236,7,18.165869,334
200,214,15,17.760012,681
94,107,15,18.614370,820
144,121,13,4.850501,894
173,0,12,2.114736,602
123,116,9,20.496420,1074
102,236,15,4.641563,870
76,239,7,19.995485,409
172,160,5,1.683187,310
175,40,7,4.077679,189
193,242,7,1.090340,1058
69,104,13,7.123908,804
134,54,5,10.307875,205
2,28,20,10.499127,901
11,112,5,12.581160,960
92,39,8,15.625419,921
68,76,10,11.633359,352
203,74,6,19.845068,215
174,57,7,17.412646,193
103,241,9,16.050218,144
159,165,10,0.260862,239
202,155,13,0.387684,949
237,33,6,10.609664,761
14,120,16,18.647120,433
182,38,17,19.996691,490
0,92,8,3.121727,664
16,80,14,12.922166,788
24,52,11,5.785403,641
60,194,20,16.464957,958
81,25,8,19.665338,456
104,110,6,19.035379,998
213,197,10,8.626806,937
158,25,20,1.516148,566
8,117,12,4.070293,670
18,199,8,12.815641,100
98,26,7,9.777390,623
181,103,16,16.823236,432
83,89,5,5.563354,868
147,145,12,10.273370,973
191,45,5,13.541010,986
32,56,8,16.177414,1118
198,167,12,11.979185,697
238,76,14,2.513727,749
87,179,14,14.682329,711
81,5,11,0.408989,542
47,202,17,12.192954,329
182,73,8,5.209083,542
51,50,6,3.836142,551
150,83,9,12.885041,735
176,160,14,19.809779,1182
211,83,12,6.451440,371
123,176,12,5.015683,384
121,41,8,16.528017,586
137,96,18,4.888363,1130
25,36,12,8.765624,591
33,3,11,11.901425,1109
104,108,16,12.682109,854
32,132,19,11.777499,362
45,239,20,13.549424,106
227,175,18,5.440824,816
205,159,11,13.704997,754
217,70,13,5.051761,486
23,144,19,5.348708,250
93,55,18,0.939543,163
186,160,6,6.323557,987
240,181,15,6.502620,645
165,54,16,12.684782,320
136,181,19,1.498201,188
105,176,13,5.549320,122
11,230,14,19.850436,229
85,220,17,12.389115,395
228,118,5,15.783978,537
207,101,12,6.237558,558
183,243,12,8.812876,1082
188,24,7,5.921678,196
115,126,13,12.307454,227
139,160,14,18.023066,824
76,132,8,4.653585,929
57,9,12,11.331005,337
89,241,11,15.442305,202
206,144,12,1.501315,143
49,146,19,10.169629,859
218,15,5,0.284871,105
148,240,6,6.092212,463
217,203,14,8.456794,786
206,13,8,8.620402,166
150,234,16,9.872473,1152
127,33,7,16.589007,229
151,245,17,10.170383,1144
115,184,12,0.254237,697
102,104,12,12.337168,466
61,204,12,12.277212,124
52,153,8,5.320128,112
100,125,7,11.581833,773
2,178,5,12.347526,575
95,133,14,16.265825,519
213,204,8,0.408602,116
203,66,7,17.012769,1198
142,78,16,16.021327,1022
71,203,8,7.895419,675
170,225,7,0.929199,507
224,241,19,17.630089,149
172,120,14,19.388801,371
44,121,18,2.516229,112
164,106,13,9.505340,684
23,185,6,5.114453,359
243,52,9,0.451504,857
215,58,5,17.746655,393
192,239,18,13.195312,804
194,54,15,1.497255,224
107,65,20,19.807909,197
160,76,15,15.888273,941
148,129,16,0.611902,398
29,9,11,8.814561,1034
139,147,19,3.844984,615
107,240,10,12.526759,851
50,249,7,9.361471,225
199,13,6,19.840283,160
156,32,15,6.532727,843
124,131,14,18.398451,607
31,23,13,5.419037,279
236,123,13,8.798723,245
3,194,19,13.881448,111
136,65,14,5.872743,1200
40,179,7,18.012402,1143
244,24,5,13.358424,1118
214,94,20,18.978600,177
31,81,13,4.951348,537
225,74,10,3.172756,1158
96,144,17,0.386803,588
199,175,8,12.809644,469
121,53,19,11.234505,588
150,210,13,16.230599,315
182,178,15,11.188018,418
3,28,8,4.990783,717
170,124,16,0.618139,479
36,240,5,15.336136,594
143,149,8,7.262151,328
244,5,6,6.587332,951
158,75,20,20.298140,1159
34,99,19,0.024552,495
184,23,7,12.013943,445
48,23,19,1.689568,724
26,179,17,12.607130,1139
110,193,10,14.721912,979
189,67,11,16.937679,705
37,209,14,0.089747,624
171,53,17,19.459401,286
31,124,19,9.050760,449
114,99,6,14.524450,950
94,147,20,2.462571,1021
22,219,20,4.895986,1086
4,189,13,1.411054,1190
40,148,7,8.190835,475
108,160,15,16.138394,945
219,73,6,17.533400,619
52,248,14,4.724051,796
159,28,11,20.018951,871
75,2,7,17.386537,235
95,229,11,5.878166,616
167,124,10,16.058785,325
140,219,9,3.735078,1095
143,26,6,6.339093,872
215,197,5,7.350570,662
171,71,9,0.171122,1052
45,125,16,7.913174,931
245,23,16,8.855587,904
124,228,9,11.647703,300
60,59,13,14.792991,383
16,179,20,11.208472,223
128,10,10,8.711639,404
209,90,15,9.368239,550
159,184,18,6.742352,161
124,242,17,16.463031,1021
92,88,18,1.773900,650
62,154,8,2.243312,394
57,126,14,12.769484,1067
178,121,15,3.611844,455
100,85,9,11.660767,648
107,25,17,13.907507,614
34,163,7,18.539888,480
41,189,7,9.484560,1136
177,145,15,15.564421,573
212,148,17,20.283549,1033
171,117,20,17.294777,330
41,28,7,12.908220,746
160,91,9,5.339405,1172
124,214,19,7.673031,643
139,24,8,8.111683,318
171,74,20,16.266984,760
67,196,7,1.879564,756
96,52,14,14.668270,910
182,31,11,19.232481,615
66,211,18,11.427484,972
120,138,8,6.253520,280
193,6,15,16.923111,204
186,154,9,5.197937,909
127,104,9,16.973698,1030
156,181,11,6.367737,951
67,168,8,15.181331,110
238,120,10,5.542373,1055
187,223,9,0.591876,991
228,111,7,16.035706,231
47,147,11,13.991327,867
164,28,14,12.857436,902
30,2,6,2.023024,181
36,21,10,9.235168,1034
53,99,19,4.898441,716
88,131,10,7.418392,452
163,29,19,15.877781,419
131,58,12,18.050126,743
90,174,17,20.197322,140
158,19,15,5.678802,154
197,112,10,3.540152,464
139,166,15,7.032688,503
69,209,16,9.376340,277
139,187,9,0.336026,341
91,241,17,14.215555,1123
102,22,10,1.069179,596
171,105,10,17.198927,710
33,111,9,7.512021,104
115,33,7,13.881806,971
161,83,13,10.212102,1006
46,32,6,14.051957,785
122,231,12,3.075577,598
11,98,12,1.771026,325
10,139,7,18.062605,451
111,186,6,16.367552,508
63,196,10,19.865195,984
63,125,15,14.379729,984
79,90,8,3.857337,162
183,49,5,6.242821,438
103,130,6,11.532225,347
78,185,6,5.419808,449
1,239,14,18.857863,702
78,73,13,2.910413,1193
99,74,20,7.543520,1149
129,199,18,10.950093,679
7,65,18,15.439790,904
97,211,12,3.361156,1182
131,23,7,8.471579,261
201,22,20,1.996408,1090
168,241,15,16.993168,783
204,93,5,18.593974,626
190,26,6,9.733195,147
243,224,9,6.449285,176
48,160,13,14.042519,697
55,154,15,10.860955,170
45,30,5,3.081487,391
150,10,5,0.530191,1068
197,113,6,4.770860,539
229,194,12,17.587437,972
84,6,12,9.515303,770
202,149,8,4.607279,167
111,4,13,19.491524,759
91,40,19,1.496014,424
22,153,5,17.566050,486
181,117,15,11.069273,622
84,66,5,15.912269,106
116,89,8,9.270922,701
77,96,5,15.463159,1184
145,26,6,14.731680,862
116,108,7,15.956807,508
24,155,7,20.205630,543
243,122,18,9.588606,252
147,235,15,2.375645,525
203,153,7,6.813830,708
154,237,10,10.055652,755
3,177,11,3.664261,399
65,207,9,4.459900,335
180,17,10,9.330355,114
18,79,9,15.711720,668
58,54,17,1.235033,395
110,182,20,16.151788,714
193,49,8,7.605089,916
180,78,6,19.826692,982
21,249,13,10.116523,928
241,125,6,8.393105,438
179,115,11,0.745665,373
46,142,5,19.105266,868
147,24,17,12.741229,736
184,179,19,12.705136,966
197,84,12,7.799688,508
158,6,8,13.839300,546
118,141,19,14.413847,568
110,93,17,13.745177,535
61,76,5,6.652354,109
69,223,6,18.494028,283
139,76,19,10.067250,487
230,130,10,15.261538,998
125,179,20,6.963617,433
84,142,7,6.291923,766
225,7,5,17.866250,655
216,38,7,2.547578,817
225,157,12,19.512911,711
13,207,5,7.099608,726
125,74,11,2.157569,185
100,60,11,3.861512,475
144,61,14,7.573862,528
216,129,18,2.773444,1081
153,193,14,13.369062,670
176,187,11,7.504202,688
73,139,14,14.195255,595
189,162,8,0.700213,959
17,29,14,7.400686,355
106,182,15,16.505244,878
19,110,19,9.205187,486
169,193,17,19.420059,994
29,132,13,19.605501,1134
140,58,11,10.676642,484
222,145,19,12.619844,103
5,188,17,16.870916,1024
136,231,9,3.437475,719
166,238,16,0.687133,1147
180,79,12,10.126433,229
183,105,8,0.736912,436
135,155,17,17.926516,197
9,221,12,2.874474,540
33,99,5,10.086987,989
163,103,12,3.778246,1100
78,115,19,0.137299,803
243,168,14,7.030844,958
110,234,18,15.324637,657
195,151,11,20.242182,218
89,211,8,4.035206,711
32,36,17,1.553993,339
180,196,14,19.215325,1183
19,79,9,11.593453,100
47,65,9,10.380452,812
82,58,9,0.180791,699
18,240,8,9.996188,746
25,200,7,0.117632,1092
131,57,7,12.910712,570
55,143,15,6.411570,1008
124,248,18,9.116024,242
76,97,8,13.219592,113
235,158,20,10.095318,397
111,33,19,2.978440,337
233,218,10,0.227694,741
169,81,7,13.677240,369
120,101,19,6.065624,770
95,220,12,7.460068,735
124,35,17,2.697232,597
227,217,12,13.858239,485
50,144,19,14.846643,1092
173,83,18,5.951133,264
39,238,7,11.392211,458
190,177,12,17.736510,1010
192,40,17,6.648888,512
193,111,5,9.393882,364
152,137,5,0.320348,1130
97,171,14,5.941356,438
160,45,13,17.315203,923
97,137,18,3.917698,374
78,107,20,18.184971,205
15,212,8,6.432806,794
94,237,6,13.087229,763
200,245,10,18.196755,354
170,242,12,6.306207,634
107,103,18,18.311009,130
58,153,13,3.019572,523
52,230,18,14.988974,1196
101,200,7,10.854197,819
75,234,13,0.457691,502
246,233,17,3.237807,466
233,0,5,12.432131,1087
222,221,11,10.944852,840
57,180,13,11.655503,446
146,143,9,10.108909,1119
239,194,12,0.381184,880
246,64,9,4.317755,936
151,41,10,7.561476,776
172,130,20,1.039880,477
193,187,16,13.142048,165
56,229,5,5.724419,1125
241,48,6,6.533597,367
198,230,5,0.072417,1034
80,172,5,4.435842,355
80,9,12,20.178027,774
200,177,8,0.723931,713
21,220,16,7.313193,764
56,219,8,12.582941,1046
41,205,14,14.397162,1010
42,113,6,9.112787,695
9,7,7,20.085189,1113
154,198,14,15.046533,610
185,76,9,15.231487,100
213,88,8,6.896231,487
202,144,10,7.112088,199
121,145,13,12.658458,586
218,50,19,12.604476,365
226,153,5,11.310817,327
136,20,13,10.672868,299
41,57,5,13.490665,333
90,39,11,20.249599,213
207,61,19,18.159255,1176
19,140,14,5.091899,1154
157,174,12,4.839066,328
59,240,6,15.210049,338
57,85,7,16.321137,1191
217,48,17,4.365444,248
235,130,7,4.192866,325
246,107,10,17.736844,1048
45,85,17,14.072103,732
70,187,15,15.271823,646
61,79,5,0.505158,940
89,57,14,9.980065,412
209,174,5,14.048080,163
229,47,19,19.525960,1091
182,131,11,11.839949,189
17,234,11,4.896690,197
248,128,12,17.253678,1160
99,137,18,16.048938,1068
162,114,7,18.675746,825
37,107,8,1.004901,353
27,105,14,10.735906,683
76,226,10,19.999179,156
92,249,7,4.663294,901
5,148,12,7.105528,332
107,40,18,10.519017,491
72,82,17,16.049062,1148
101,119,14,20.484880,447
156,125,12,0.438855,344
55,213,15,7.823505,933
85,198,18,12.572987,503
87,1,11,3.487417,1069
39,1,16,10.417255,1136
21,95,7,10.083590,803
44,162,17,4.046695,272
84,19,19,10.718742,734
18,230,11,15.133529,864
9,203,16,11.750209,197
5,222,14,7.189524,597
48,124,13,3.360450,583
246,93,6,16.572850,741
17,133,11,1.659157,947
57,238,17,12.498883,523
130,235,6,3.147048,818
55,25,9,19.681285,911
166,79,7,16.331715,903
26,57,14,12.175954,648
177,20,8,0.021061,863
177,201,14,2.903855,464
192,231,20,2.578116,649
121,232,17,5.426921,708
190,84,18,11.464392,168
111,221,18,0.257288,628
211,217,10,4.190740,1130
86,25,5,6.080623,113
4,109,15,10.024398,681
210,56,12,10.829765,154
242,133,9,16.447604,265
29,27,19,15.111331,1125
179,239,16,12.901505,249
131,15,13,19.810254,1086
243,126,8,19.004262,197
15,115,19,2.512393,1160
15,110,17,10.967221,759
85,60,13,17.454756,220
142,98,20,3.731175,907
18,228,15,16.172023,920
185,211,13,14.052321,476
215,236,8,15.081235,761
108,119,17,10.532638,997
154,6,7,2.018506,425
56,160,6,14.436250,651
237,46,5,12.683896,581
53,214,12,11.911808,157
246,118,6,14.010425,670
215,91,5,16.094375,543
232,30,20,9.670560,1013
55,114,10,17.824201,234
13,218,14,1.869146,1020
5,140,14,3.444841,399
164,209,15,9.740470,419
9,243,13,17.582782,760
142,227,10,2.559528,878
233,203,17,3.625633,1139
167,203,6,0.210506,1104
237,84,19,12.682748,194
177,146,7,19.487078,886
57,133,13,19.808893,109
32,39,6,14.132700,1027
2,188,6,11.026262,683
169,180,11,7.164040,625
243,56,6,19.830794,1161
222,96,11,13.019297,778
94,47,13,1.013631,272
146,17,10,4.563732,1018
234,0,10,14.856548,173
126,90,7,1.253544,951
165,196,15,11.064528,933
93,234,14,12.078568,507
104,232,14,18.465513,541
126,139,16,11.777572,131
104,147,5,4.470090,315
151,60,16,7.063182,1194
187,19,10,2.755320,1077
55,175,11,16.109691,884
101,214,11,10.382175,145
184,117,15,17.120209,627
2,246,11,1.106528,512
81,99,8,6.445844,286
147,168,12,4.811485,859
147,118,6,13.891925,1030
96,181,11,13.334655,1110
1,56,10,12.204781,138
136,169,7,14.614082,999
181,55,10,0.433702,535
233,34,11,9.269219,227
132,43,7,18.142182,781
188,35,16,4.151285,553
247,231,14,7.718449,895
11,9,16,14.415348,589
213,159,19,12.525296,1161
186,50,14,7.531895,312
191,248,8,14.479237,352
86,94,16,14.625025,469
53,128,19,1.338098,850
123,182,7,5.866942,576
109,105,13,3.391423,634
8,146,20,13.668683,207
0,139,14,9.011292,688
220,62,15,18.785037,1102
60,242,7,5.993338,679
110,217,20,16.200521,263
86,223,8,10.365897,623
81,172,13,2.971876,630
206,59,6,0.430013,769
31,101,15,18.177629,381
63,171,15,5.319541,1068
78,59,17,4.125665,246
188,207,6,5.479137,458
246,202,19,8.065130,822
76,91,14,11.009791,786
22,89,5,19.762908,226
165,193,16,4.342511,580
84,152,18,19.206082,357
63,141,9,7.297719,945
19,210,16,16.281195,1107
67,91,20,19.226257,1065
146,11,17,2.148834,1013
56,209,17,4.774210,1189
170,130,9,13.632301,1114
180,51,14,0.382443,523
144,141,5,19.408295,172
144,246,7,16.335628,277
7,70,13,3.126229,1017
210,148,15,12.481203,589
70,144,6,20.391314,353
124,176,9,7.051940,974
133,3,18,18.072476,397
225,120,9,18.766133,660
25,183,17,17.984044,1171
241,158,13,5.101931,448
72,190,15,14.956056,972
186,156,7,0.476440,723
227,111,6,18.627753,832
218,78,20,11.265277,938
65,170,17,15.668578,825
62,16,16,11.714081,1065
227,160,12,11.498947,117
233,131,10,13.740375,172
213,154,19,5.033727,325
124,27,16,17.436367,106
183,81,6,18.194959,1198
169,146,6,1.672019,572
144,89,14,9.240925,319
104,212,18,5.278700,655
40,186,5,2.085987,620
141,242,15,12.274657,697
4,43,11,15.039319,1102
116,205,18,4.254267,436
234,168,11,17.013888,512
245,5,19,3.450875,319
224,83,18,11.277601,1181
96,115,13,5.734834,847
78,1,5,18.431603,1110
76,103,15,3.257820,585
222,51,7,9.191200,1077
69,37,15,19.625800,724
136,137,10,19.383442,157
159,226,8,0.858005,371
47,0,19,16.960177,233
48,76,15,4.930738,1027
142,102,16,7.562948,447
83,96,5,13.309332,1091
0,199,15,19.654415,278
163,65,8,4.504729,652
75,225,18,19.981768,600
177,212,8,15.754406,887
81,48,17,18.625165,1129
222,113,6,18.809756,262
207,23,6,13.987875,139
74,126,14,13.464558,564
93,242,19,19.539662,407
124,165,17,1.509193,336
96,79,16,5.161138,737
234,241,10,12.849231,1046
169,124,6,3.428793,719
12,70,14,17.516296,643
52,71,13,3.914293,1105
133,47,16,11.850308,528
187,164,16,8.118375,1027
232,180,12,14.129270,605
28,113,17,13.126699,347
87,44,16,4.172624,864
56,143,10,9.748300,107
215,169,16,11.924302,218
37,43,10,13.329886,680
100,35,12,7.721988,717
236,168,6,16.763864,761
179,248,11,4.480029,1199
248,88,9,17.726858,1164
27,56,18,14.298987,550
146,74,5,9.924583,990
198,203,8,14.305691,761
145,143,11,8.211213,154
125,166,16,3.573619,1184
190,225,8,13.229858,1140
241,234,7,2.257404,986
37,168,15,16.994034,527
78,175,9,5.771217,647
223,127,20,20.469602,236
1,60,14,4.183457,172
19,131,19,4.117311,1145
114,67,20,7.937608,972
240,13,18,5.869544,1029
44,193,17,13.884504,1159
7,31,5,14.876566,934
7,73,10,12.240820,345
31,59,7,7.740002,805
195,219,11,19.663826,780
116,28,6,15.081420,116
37,192,19,18.288727,392
173,196,14,19.969907,413
190,207,5,10.455265,125
157,184,18,5.014509,851
120,210,15,1.877784,550
233,197,17,11.141385,790
142,237,8,20.462566,1052
110,10,17,7.255540,390
0,237,16,4.636531,1054
19,115,18,6.113708,144
162,151,16,11.330817,191
113,182,19,0.124832,880
154,102,20,8.868843,1148
172,236,17,16.681390,284
91,210,18,20.198965,610
169,15,13,8.910853,1078
209,171,6,14.479498,536
116,150,13,3.445458,1128
27,170,6,9.362959,1132
215,184,15,0.968792,700
59,171,13,2.107163,110
34,85,9,16.566155,449
247,149,7,10.340218,656
234,80,16,1.808275,593
219,59,6,3.618383,529
226,209,17,16.165349,213
7,222,13,15.308720,680
219,234,8,17.450524,775
213,249,12,1.434164,536
149,156,18,17.981156,783
119,248,14,2.996813,554
187,124,17,3.224698,995
116,20,15,13.584986,542
235,9,8,3.204632,287
179,29,12,8.837218,533
229,143,14,7.397075,921
158,153,6,10.593971,171
26,113,7,12.809677,1138
216,144,18,16.439520,987
36,74,13,15.108162,1016
58,70,17,18.406007,276
124,235,18,1.428272,1068
188,30,5,16.431780,959
249,147,19,7.708221,1190
113,32,12,3.964448,1170
148,33,9,20.071966,185
41,56,5,3.832862,566
232,122,17,9.218406,245
153,198,13,14.195983,800
227,143,10,0.111268,1187
172,197,7,13.807358,181
222,56,17,11.314332,377
26,31,6,18.738085,270
138,116,15,3.295575,311
47,169,12,9.117152,569
58,11,8,18.868943,273
86,141,17,14.851551,1104
222,200,7,6.928663,1066
41,85,7,4.672759,222
26,27,15,14.150803,1084
123,177,18,10.370038,597
246,25,16,11.609668,554
139,229,5,14.565957,644
135,116,9,3.230299,558
115,38,15,10.249546,515
56,93,14,5.955264,134
112,214,10,18.403093,488
240,205,10,16.841883,111
196,127,12,10.586144,298
49,130,7,10.573509,791
35,10,7,3.962742,1196
179,125,13,13.615431,1115
191,38,13,6.775511,809
99,58,7,2.359424,137
36,180,17,11.158606,622
115,116,9,10.554821,107
162,14,17,4.352618,1057
31,202,13,17.058456,1108
149,246,8,5.853027,1033
224,169,10,12.967303,231
120,44,17,20.037174,926
166,40,7,5.919440,1100
172,5,17,19.257195,418
23,217,12,5.986646,585
146,36,15,3.383998,427
176,91,10,14.624296,311
88,4,8,0.921372,772
194,169,6,8.842019,1087
219,63,16,4.792467,283
209,45,20,15.336150,348
37,84,15,9.790322,981
94,241,19,7.183324,410
234,64,19,2.780731,215
152,164,14,8.055465,349
62,193,10,9.624551,1128
59,165,13,2.671058,658
45,74,6,16.268800,1151
171,107,9,11.871382,292
120,179,5,12.095820,139
87,220,20,16.093577,1133
245,203,15,17.692105,872
243,23,19,11.929722,552
204,172,16,20.092823,1062
167,88,16,8.611060,219
18,195,6,3.266328,733
163,94,7,5.451893,314
152,108,15,10.023963,413
187,179,17,8.219154,648
96,246,17,10.008703,1134
79,201,6,2.201862,878
35,148,15,1.871747,802
38,9,15,18.684260,168
82,123,6,4.569405,1022
151,56,5,5.573363,312
66,218,14,18.805456,1074
16,91,6,3.569741,967
113,186,7,0.984496,1006
151,85,12,14.115286,144
156,189,19,9.571631,941
222,204,16,12.290195,384
96,6,11,18.833244,889
122,193,11,13.960890,1084
205,233,10,7.177825,1089
166,31,20,8.399554,901
118,210,13,17.292154,973
186,208,19,17.700235,1030
220,42,16,15.301039,497
61,142,9,7.763727,194
68,11,11,14.660181,1172
55,231,10,10.375663,509
79,56,14,14.118746,581
56,70,13,15.099692,870
68,192,8,13.416968,213
137,201,10,12.275114,1124
73,84,8,11.292324,865
79,123,10,4.559783,722
247,138,19,10.363375,642
114,125,8,12.908783,667
79,238,11,4.833729,609
170,133,15,2.428172,196
52,61,16,16.409506,404
66,183,9,4.296424,678
9,170,16,7.134652,193
91,150,17,10.235367,655
5,228,17,19.344597,1105
51,203,8,14.276101,887
86,217,16,11.764615,281
171,190,7,17.762688,318
94,19,12,11.029045,513
208,130,18,6.829136,528
13,101,12,19.004424,941
211,10,10,14.531676,135
247,209,12,9.945451,159
13,120,7,19.934445,839
79,189,12,12.885369,852
83,93,13,9.441113,541
229,144,14,17.943104,746
240,177,6,17.625685,998
79,169,13,18.119787,355
224,153,14,2.401265,1172
36,30,6,4.275756,361
190,158,20,16.269932,251
228,206,10,13.106210,875
121,230,15,17.144871,153
151,70,8,19.538125,1118
77,75,13,19.385818,202
182,66,11,16.469918,237
162,203,14,8.997782,338
48,212,18,19.228453,897
150,97,16,12.238294,854
43,13,16,8.521981,1180
236,215,7,10.380874,1122
248,155,5,8.940348,345
193,106,20,2.128563,647
49,60,6,17.806881,266
239,189,19,9.836235,812
138,197,7,3.943944,394
234,203,15,12.427167,167
164,245,12,18.242691,117
242,90,10,20.253155,288
83,52,12,17.505565,944
132,239,10,9.527916,453
241,199,16,18.004006,238
124,161,14,20.049540,905
106,218,17,5.976184,427
87,143,12,9.261777,348
93,171,20,15.341525,348
231,58,17,12.808927,857
27,119,13,13.492249,950
112,48,17,7.218739,738
114,60,12,3.558167,470
128,238,8,9.771597,820
156,202,17,15.044830,473
39,218,6,15.244391,1028
176,27,19,11.951955,444
145,109,17,4.940183,833
4,138,14,19.803048,1015
158,24,9,4.814971,296
153,224,11,0.176041,620
243,218,19,10.534730,647
222,168,14,18.716076,969
153,227,6,7.124014,458
34,222,13,9.082028,858
163,86,10,18.515068,1046
64,101,17,17.619941,998
89,74,9,18.636572,272
159,228,20,9.001291,774
143,89,9,18.974322,848
165,43,20,11.373505,199
64,241,13,14.022957,478
1,206,14,18.316620,996
225,212,13,14.376800,1176
233,201,6,1.040633,1065
49,55,7,0.801402,192
57,221,19,15.295944,245
131,113,5,3.788552,1128
180,169,5,15.337609,1151
74,227,7,8.776767,1182
18,76,16,19.133467,1175
209,219,12,14.234345,229
151,19,8,11.519473,924
57,44,9,1.421789,421
206,31,18,6.915368,605
40,224,9,0.466940,918
97,213,7,13.190732,840
206,82,17,4.663340,1020
117,229,5,2.690850,1173
22,104,12,7.526214,543
235,46,20,3.910851,133
208,192,17,7.440559,665
234,19,20,11.755156,724
115,155,18,0.624071,755
81,138,8,7.401428,1121
131,62,14,14.375983,863
106,170,15,18.640223,1067
208,190,18,19.809980,882
216,115,14,0.333587,550
34,184,14,11.974053,806
244,234,14,8.227236,143
103,246,15,13.839488,457
14,74,19,6.969722,269
32,197,7,3.188233,783
236,64,13,1.714522,597
139,164,15,15.839728,376
149,116,5,9.770838,1183
240,202,16,7.111611,911
192,206,9,8.154949,255
187,89,20,4.951379,651
176,31,11,6.927395,725
111,65,15,5.420583,864
140,188,18,2.700187,173
125,97,17,16.220367,735
115,32,6,6.884597,1010
246,222,9,4.834703,989
200,30,16,7.911976,1038
221,201,5,7.692474,106
235,8,10,5.580207,996
52,163,14,18.162207,996
249,225,5,7.312621,636
26,235,5,3.151868,1025
148,201,19,5.163797,146
66,114,20,13.932698,644
58,60,11,16.294042,353
114,148,10,18.124224,444
157,56,16,5.636680,224
102,214,16,7.739860,492
87,160,7,19.125676,295
72,203,19,4.352223,199
235,155,8,16.929498,1061
214,163,7,7.373389,333
145,140,9,10.554103,760
191,147,7,9.695055,1105
80,131,9,14.572340,991
47,121,10,18.561838,534
170,132,20,9.109197,775
148,49,10,7.044711,503
66,111,20,5.681021,425
96,24,13,20.317309,274
85,164,19,14.495746,1047
248,105,17,7.992773,784
138,180,20,17.530514,547
186,20,17,8.251066,447
217,215,7,14.353357,1063
111,198,20,0.360843,167
239,37,19,17.692796,683
69,163,7,18.988044,991
61,207,19,8.960240,1071
51,22,14,19.119049,715
237,128,19,17.507515,774
38,51,11,13.561192,1043
221,224,12,6.200140,674
151,196,6,17.978092,912
49,221,15,16.352040,1170
76,128,6,12.028757,454
16,193,6,4.588783,665
119,50,12,14.864429,218
10,201,19,18.371531,238
102,75,8,8.760675,1003
123,169,11,18.079378,517
48,143,6,13.485752,1147
99,239,5,14.394293,988
46,177,13,18.700615,153
159,237,12,10.003889,748
47,170,12,7.558447,320
164,224,9,9.026046,1043
124,45,6,8.234109,753
226,117,16,10.880970,521
187,34,15,6.972809,591
141,236,11,3.574112,143
248,16,20,5.555612,174
35,155,12,15.975243,305
209,227,16,4.518100,232
15,196,5,10.859611,171
205,128,12,9.784783,450
157,25,7,20.284260,335
172,159,16,14.425366,398
201,246,6,10.820173,1019
60,11,13,12.528991,790
67,144,15,19.450058,850
178,228,13,18.492690,648
150,241,16,20.244233,970
83,245,20,1.772670,915
227,222,20,10.395130,1200
79,68,6,3.798122,776
8,242,10,14.849730,1028
234,174,5,0.737529,656
169,190,11,6.102333,530
21,171,19,10.155639,457
65,117,7,18.305809,627
199,115,7,9.524423,512
115,75,11,5.972237,984
175,210,7,12.695487,981
206,46,17,16.783673,558
19,141,14,15.771929,659
44,219,11,1.308253,1141
130,239,14,16.059024,365
30,200,13,3.106874,436
200,238,10,12.763572,272
208,139,14,0.794533,946
203,166,19,5.875804,519
123,248,7,6.960919,429
177,22,19,6.985071,242
29,14,20,12.864033,160
0,183,13,2.339557,117
151,90,12,0.836062,828
92,99,11,17.455564,483
181,90,16,0.707785,861
15,23,14,12.515494,153
141,133,12,4.560951,498
209,147,10,13.356702,592
248,11,14,5.390224,715
15,141,16,17.875024,163
138,122,10,8.107480,1034
161,121,14,14.389618,695
67,107,16,0.997447,712
96,2,16,6.388288,283
43,171,19,8.107940,510
229,44,12,10.722972,756
66,65,15,6.811044,394
184,78,10,12.922786,109
178,221,10,19.554585,423
163,38,6,17.108047,1166
169,138,13,18.265923,357
197,28,20,7.043962,418
169,80,15,6.901118,1176
212,168,20,15.303968,430
105,222,15,5.637529,305
135,6,20,15.606026,1002
178,206,6,1.702665,140
198,32,6,12.453523,968
179,188,9,1.008319,587
66,161,5,1.106318,916
222,40,8,11.403731,681
146,233,20,20.103111,728
227,13,19,5.329770,413
173,16,20,6.500266,584
183,228,13,4.143816,468
87,39,16,10.726304,476
48,129,19,20.171542,1171
249,22,11,14.500562,344
221,186,18,1.014275,141
27,101,7,2.152216,1002
80,161,17,6.708891,1194
144,194,9,13.879121,350
204,215,13,18.853031,282
196,39,12,9.728789,129
96,154,9,0.066044,1076
68,39,10,11.198843,740
51,82,6,2.367933,1166
120,242,8,16.461407,857
84,50,18,20.127405,915
30,6,10,10.587280,1175
29,196,18,7.223700,674
234,226,6,4.527170,897
24,233,15,2.701068,1158
247,21,8,8.268304,687
51,33,20,10.094305,668
128,167,11,1.837390,840
24,26,8,3.713009,441
208,180,17,10.356446,111
23,178,13,6.894398,189
14,248,15,14.552118,842
11,164,19,19.292605,595
66,248,11,2.213257,1020
2,126,13,18.155576,514
2,159,18,6.951880,822
249,31,12,18.616869,592
86,177,6,10.842662,1007
76,50,15,14.853538,410
151,49,10,9.164576,634
70,81,8,17.753807,848
211,208,10,13.717181,374
88,209,12,0.531312,581
213,82,9,1.691985,577
16,112,8,6.398188,156
162,64,14,2.524702,321
235,188,12,14.050331,325
83,121,10,19.509800,298
144,165,16,14.972428,776
110,23,20,0.396110,443
245,230,7,19.034335,454
242,11,7,10.238377,1032
140,167,19,6.780997,504
125,222,15,8.547016,319
215,0,9,2.269122,972
143,249,6,15.101787,432
154,54,16,11.762574,430
179,14,13,2.140310,865
51,132,15,3.218825,978
171,120,13,5.595524,373
126,101,16,2.768581,862
22,37,6,5.899328,1190
246,223,9,10.078904,190
188,133,8,11.384847,686
76,230,8,17.902918,743
151,82,16,13.044379,821
150,29,14,11.829910,241
177,31,9,3.030876,814
194,71,20,1.178554,519
213,84,19,14.137302,651
83,152,7,18.283003,1171
93,108,13,10.869298,684
145,52,12,15.861630,666
243,31,10,1.719267,159
47,193,18,19.646920,156
133,144,11,13.995200,578
104,222,15,14.358385,634
109,229,5,5.614239,269
234,67,20,15.011000,1033
148,126,18,10.648438,612
99,234,17,19.622814,151
155,197,6,11.011987,227
109,215,15,17.002652,671
32,50,20,15.561667,591
40,3,7,17.940415,459
150,179,5,18.468357,904
41,33,7,0.951266,493
55,122,9,5.473475,394
238,68,15,11.012314,677
103,142,14,14.960116,346
114,215,14,3.579780,940
194,4,9,3.370004,157
212,40,6,4.032653,782
24,50,15,19.548045,546
121,62,5,0.845338,977
182,78,11,10.925650,1006
202,235,12,19.453432,546
147,11,14,14.116654,740
29,73,18,10.288594,658
132,156,10,14.079055,774
202,11,8,6.402352,487
227,43,5,8.191695,365
140,156,14,18.947616,1155
164,64,9,0.726400,131
39,166,17,11.776307,117
73,60,8,18.183884,520
142,86,14,8.135476,840
86,97,16,15.765231,593
114,232,5,14.800084,176
229,105,8,11.431319,639
203,84,13,4.577734,475
19,211,5,12.640879,156
120,25,5,9.951080,354
100,1,11,16.087154,369
118,2,8,7.840934,151
192,3,11,9.417833,481
94,207,6,17.735197,936
211,115,18,20.014547,674
7,186,6,18.359957,119
181,83,19,14.223454,293
213,246,14,0.579746,1013
138,200,8,3.530147,1084
97,245,8,3.910563,899
28,76,15,13.102977,161
179,208,17,7.749138,1034
1,76,14,14.438897,667
32,70,15,15.675291,1025
184,239,12,9.850441,914
208,112,11,7.724328,412
77,73,13,4.864043,438
148,168,6,4.959848,388
143,110,7,13.194655,1158
52,105,7,0.384958,948
208,44,14,9.656607,856
110,5,16,18.073185,117
149,65,6,2.991082,574
37,9,12,8.540098,1134
232,55,13,8.972070,207
83,81,5,15.756033,179
136,171,15,16.967586,572
22,147,7,3.276613,743
68,105,9,0.686646,673
2,29,11,11.411791,1057
43,156,7,9.702996,1010
84,11,5,11.999663,633
51,15,18,1.542351,152
32,155,19,4.906488,235
145,124,5,4.266504,171
88,96,9,7.260290,447
5,203,13,6.320648,1113
232,227,12,0.941489,168
30,88,12,10.463412,153
27,88,5,18.804467,878
207,179,14,16.888227,495
41,88,6,17.438418,661
234,194,8,13.318844,468
140,51,18,17.643645,303
174,2,11,10.537347,968
88,46,11,12.884698,879
201,45,12,20.357886,620
152,179,10,17.403444,472
22,8,20,3.246116,755
231,215,7,6.842885,1119
167,26,14,17.666958,754
172,186,16,19.507599,1078
137,12,13,5.698954,699
20,232,7,11.506210,1089
213,8,15,6.940233,738
183,31,8,8.754727,1132
243,208,12,8.461628,438
157,203,19,14.600905,215
27,76,10,17.513084,351
147,226,19,16.656071,671
236,243,12,6.301914,1126
106,14,11,4.377878,549
57,174,18,0.164177,115
112,4,17,4.366721,1146
229,78,19,13.133652,234
160,213,16,19.274238,901
83,19,8,11.723171,494
36,75,8,15.718394,878
104,188,7,6.840592,648
174,189,12,12.529275,462
109,37,9,19.470047,539
132,86,15,9.664955,922
89,64,8,17.036645,202
228,26,17,12.917127,505
135,242,19,11.341990,989
209,33,12,7.130906,982
131,30,10,17.342640,904
219,72,12,9.814154,210
19,168,17,13.491749,1083
146,79,5,10.685673,847
204,61,17,8.207747,757
86,193,11,8.885819,617
93,248,10,5.464031,337
225,154,12,19.816139,339
234,94,10,11.407547,1168
28,86,20,16.379232,1014
103,56,12,19.879419,815
155,234,18,12.472443,254
7,172,12,12.803393,954
89,202,13,16.222113,521
169,179,10,11.538234,1172
26,95,11,16.851489,314
82,146,17,1.922008,789
213,35,6,1.880583,1108
221,88,17,3.532075,866
40,7,14,19.125955,846
206,204,10,0.578259,1143
233,91,13,17.649261,924
108,22,12,9.275851,446
166,133,17,18.766743,455
36,161,20,18.588159,362
16,139,16,8.455995,333
132,232,14,13.325321,554
88,248,9,4.628175,1075
94,52,19,9.601029,228
107,238,12,14.613375,389
148,67,12,1.506321,487
110,98,20,16.937271,670
43,83,10,9.415581,753
77,162,11,19.955735,1152
128,229,9,4.916492,792
238,88,10,20.163861,1184
8,181,17,13.874821,579
120,59,20,12.515686,752
92,149,19,10.910691,962
152,229,13,12.999478,604
2,7,19,8.139877,823
43,44,18,16.899884,965
165,97,13,1.260205,1033
69,243,7,1.559276,1059
107,186,5,19.504804,955
210,178,8,0.969482,697
152,166,20,15.728057,582
151,127,16,6.781774,930
182,67,10,13.378753,793
10,2,17,1.170302,1172
206,28,11,5.179196,391
206,127,12,20.043726,775
243,73,7,19.066424,874
219,211,17,12.259973,630
227,61,13,10.458440,589
150,194,15,1.726305,270
104,31,7,2.467494,1097
173,114,20,3.768263,557
52,139,15,9.950966,225
175,45,5,11.070160,1157
215,61,9,1.333148,601
91,218,7,4.530151,695
67,50,5,2.016296,1104
165,176,8,18.943007,970
33,23,7,3.693943,735
25,248,7,6.264777,834
18,13,17,14.033308,1119
74,30,12,19.171414,363
88,54,18,14.022017,472
97,95,7,15.281577,690
9,11,12,1.212892,341
242,122,9,17.210340,789
197,131,6,8.976482,205
206,184,6,5.456285,243
248,183,11,4.958370,351
45,161,5,13.367004,155
184,199,13,13.617986,879
170,121,19,16.292821,396
186,153,16,5.246706,475
57,67,17,14.121420,100
135,230,13,15.478396,922
2,163,9,9.346401,437
93,31,10,0.664301,831
98,21,6,18.108334,186
46,213,16,3.040348,712
197,63,9,4.621786,344
202,245,16,4.132368,414
98,217,8,3.373881,557
138,68,12,0.866045,990
174,88,8,16.793401,866
57,139,15,8.988595,507
15,6,17,5.396302,751
1,116,14,3.716297,1177
44,240,17,18.653018,820
109,195,13,2.766643,520
145,182,15,8.554475,783
217,78,8,13.244210,693
223,22,5,1.921795,1181
23,117,10,14.691195,588
156,55,7,2.586974,1055
152,156,17,6.088951,477
201,100,19,16.192402,115
227,78,17,19.671492,563
108,95,9,16.992007,1019
186,214,18,7.749113,192
196,80,8,17.232393,1092
26,123,14,6.362347,251
216,155,7,18.479456,382
192,215,5,3.598462,961
180,59,6,2.151743,703
27,96,13,16.514271,664
171,93,17,16.616001,789
108,162,16,8.386052,1077
126,40,9,1.387137,947
136,100,6,11.061291,208
83,189,12,3.104257,219
247,128,19,7.874126,147
140,104,19,1.836283,520
103,30,11,0.619525,221
153,204,8,12.729327,330
41,248,9,2.546385,147
220,9,12,4.796758,110
113,151,14,9.789572,1021
188,185,7,14.803059,741
230,151,18,6.664241,607
130,243,16,8.801757,213
75,235,13,12.842374,1029
95,249,9,0.297032,720
216,54,19,7.318041,642
110,226,8,8.119364,968
119,218,18,19.275039,442
157,129,12,12.420130,1142
4,82,11,10.965054,615
178,249,15,19.380094,715
228,75,6,11.412027,941
203,75,12,18.435297,186
173,7,16,2.219663,935
67,38,16,3.688505,302
178,188,7,3.056318,502
161,95,17,5.155733,124
225,218,20,6.525758,478
220,26,6,2.468225,976
167,237,18,14.273004,1082
174,187,15,8.588644,1125
60,174,8,3.931991,442
223,34,5,8.638891,494
129,170,11,6.840065,665
94,128,9,9.593277,761
170,33,14,5.276606,1093
81,10,16,5.440603,259
26,140,8,5.237079,144
77,56,19,14.653315,570
140,14,9,0.280369,318
123,142,19,20.295780,371
234,27,8,15.469599,578
100,56,7,4.788148,938
85,142,14,16.045761,546
30,139,6,18.023487,106
25,206,12,8.133469,756
88,64,12,19.764217,453
14,235,18,17.737918,417
38,98,18,8.220401,618
231,73,7,15.026363,418
155,36,17,5.189088,566
147,81,17,4.809077,1046
15,104,20,5.738279,591
237,148,6,2.972763,259
148,178,19,0.507173,768
176,209,10,10.893968,1124
67,151,13,16.940897,567
66,55,13,18.660053,833
119,219,18,10.168515,365
209,110,7,11.130069,116
92,14,9,18.376223,423
224,125,10,6.481930,891
233,223,17,7.819993,243
230,122,17,8.410837,859
77,201,13,0.046082,171
3,158,17,1.581479,135
122,15,13,7.370493,117
2,128,12,8.041120,760
121,29,11,20.082528,1048
135,224,7,13.789711,844
67,158,13,8.941689,764
37,146,9,1.106267,985
138,126,17,0.243379,521
212,29,8,19.274924,417
26,197,11,0.309344,403
86,137,20,20.113467,881
134,110,16,12.435338,981
74,146,12,15.656293,1049
151,114,8,8.710531,455
76,86,12,17.301015,496
176,63,16,11.894635,119
125,49,19,0.254623,343
177,137,20,6.121722,374
99,15,12,6.100549,534
232,21,13,18.909914,321
14,223,15,14.965991,1190
167,179,6,15.817390,301
117,35,6,1.043409,212
15,154,8,14.540139,870
69,122,16,9.414211,649
19,186,11,3.454295,658
29,183,20,9.332069,731
7,54,18,6.099731,704
93,81,20,12.695243,145
235,83,13,13.188394,769
159,152,6,19.058387,372
92,90,16,15.147851,1045
132,160,20,3.520475,1098
226,154,7,20.248076,503
159,190,18,4.476261,587
110,163,20,9.399959,997
211,139,12,6.414579,811
177,24,10,1.057073,445
154,165,15,16.628290,1132
201,11,11,17.750418,825
89,85,9,5.646806,1060
17,113,19,3.516063,1117
239,238,16,7.053487,614
8,190,18,5.739295,896
235,25,18,6.983123,403
73,162,11,16.356608,202
154,225,7,9.414869,994
109,58,13,16.956525,742
182,17,20,10.642449,696
87,112,19,7.316958,1074
155,79,15,2.938655,519
159,5,5,9.993980,298
198,21,10,0.305577,1008
112,59,6,1.812821,208
79,227,20,14.409338,696
159,182,13,2.368718,350
241,63,14,12.248914,824
129,5,11,3.971020,1009
98,168,9,6.430085,153
21,166,11,17.877525,733
149,0,9,14.724595,1171
43,34,8,6.877551,966
64,186,15,12.109032,695
46,222,13,8.644703,1079
239,7,11,13.001824,1028
38,221,8,8.941472,887
180,202,15,6.824095,120
113,115,7,15.543193,1052
105,120,13,8.032772,1150
207,20,9,9.124095,386
125,112,8,10.720572,468
53,94,16,7.119710,602
125,145,17,10.107939,858
53,90,19,3.104934,843
35,200,10,9.527125,457
118,67,20,2.226559,1041
12,193,14,10.148855,123
247,239,19,16.346831,979
215,227,17,5.518873,541
21,154,20,16.123370,1157
37,57,5,18.068591,695
87,146,15,17.491599,458
205,75,13,6.977327,246
104,139,12,18.700624,570
7,246,20,8.538355,1154
224,208,13,13.487103,840
57,232,12,14.112841,662
194,70,18,9.955402,1145
169,218,14,19.406919,558
32,99,8,11.220745,1070
222,24,8,14.342660,1130
156,70,11,2.909561,1127
214,104,16,12.892279,501
224,88,15,6.136027,178
152,115,10,7.831016,211
0,209,18,1.315829,605
118,108,6,8.623595,728
80,85,12,18.560091,1160
212,174,14,0.143020,964
154,48,15,18.062718,656
80,90,9,15.774623,163
104,190,14,14.705210,352
174,221,10,16.743151,1102
141,78,9,2.824379,124
120,171,14,13.792933,651
115,111,6,10.549888,148
153,47,16,12.084431,111
23,152,17,14.658822,249
1,41,7,16.975649,1069
184,142,18,0.216893,445
45,20,16,2.011858,148
171,149,16,6.041298,420
169,195,17,13.177782,1074
200,128,6,11.077353,341
183,133,11,18.068141,748
205,1,7,13.182115,653
41,230,9,18.759669,870
4,72,17,7.990535,502
117,24,15,11.032410,317
150,46,19,3.562124,733
103,231,9,8.639211,522
93,8,15,17.130258,819
168,156,13,10.918942,1024
182,197,12,8.348403,674
82,113,14,16.851557,122
39,26,12,10.122382,1039
60,7,11,9.097747,770
236,156,20,2.513886,1069
152,130,17,11.344820,822
28,161,11,9.784785,363
73,33,11,4.204488,210
154,61,5,15.635770,1196
182,11,14,19.086236,898
156,220,6,4.297097,730
203,35,20,12.104947,1178
187,55,15,13.561732,1114
37,52,14,2.399445,976
89,37,15,11.774007,1127
57,171,14,4.981702,1083
219,217,10,6.326782,1102
105,166,11,6.801758,750
10,129,5,13.385239,1025
121,4,9,8.542423,682
93,10,11,4.808006,1089
0,29,16,2.042446,203
11,41,16,13.808428,424
70,143,11,1.020293,103
113,44,10,17.565320,149
65,246,13,7.063380,400
212,149,11,15.529159,212
109,7,14,14.256071,1184
80,61,7,4.119215,228
60,45,18,7.877439,883
230,62,12,17.585300,1170
16,103,19,11.449495,670
212,229,10,11.028948,1091
116,132,17,5.809716,563
113,59,11,18.763808,1026
52,95,12,4.297895,749
245,147,17,6.151793,424
175,121,15,16.265155,454
8,30,8,19.146689,964
152,120,20,4.548062,912
103,80,18,11.647207,724
199,104,8,7.465961,1078
218,8,14,7.733497,369
135,159,17,5.539137,616
235,124,7,12.945941,408
76,179,14,20.121216,1021
8,92,16,13.066049,1070
105,56,10,10.148424,787
22,114,12,9.009397,861
220,192,14,6.034155,442
213,26,9,10.124781,152
249,211,16,9.404077,1145
172,140,8,3.248505,919
98,86,5,11.105330,128
235,48,5,2.332640,937
185,90,14,6.789408,855
139,249,11,7.584771,211
167,37,12,9.369742,637
182,114,12,19.753142,1087
20,179,10,4.628655,692
214,149,8,13.241159,716
78,55,16,4.338947,778
147,185,7,5.429427,709
230,1,13,8.390971,278
244,73,12,2.104386,596
59,155,12,11.080120,658
98,68,20,3.861538,914
227,21,16,7.091403,404
222,233,16,2.346397,1158
127,161,8,9.493861,251
47,26,14,9.729858,125
223,119,10,19.375990,164
169,249,11,16.936550,149
189,226,20,12.639312,1135
142,16,7,12.703071,1038
28,39,13,0.692108,737
181,81,13,7.912327,622
31,86,11,13.416833,440
230,98,7,15.107797,677
208,53,16,13.082676,536
168,31,18,16.953793,1185
137,237,14,5.887594,749
218,2,13,19.480795,354
133,218,18,8.497816,293
151,120,14,9.935441,188
82,71,14,5.142649,985
228,116,17,20.264914,610
41,165,15,18.755213,186
11,48,8,16.286083,410
18,70,17,7.331618,961
110,62,15,1.247116,200
216,158,15,7.253278,110
140,27,19,0.076051,361
39,40,14,8.559962,1115
15,22,6,14.779868,496
241,16,19,8.702305,268
108,40,6,10.496991,717
211,171,18,5.024370,1058
1,104,9,12.821432,173
91,109,14,0.876863,535
163,98,16,11.221648,1190
48,223,6,14.415150,183
114,101,5,8.920034,801
242,226,14,6.930699,852
31,3,8,17.306358,1122
128,166,16,10.723876,244
21,192,16,10.741907,668
46,205,6,20.471014,718
14,160,19,18.052023,1172
116,201,13,20.064217,829
152,67,6,5.900346,110
225,130,6,10.651416,214
89,67,14,18.016376,399
78,60,5,11.516036,498
217,118,19,20.368957,136
183,68,10,12.352362,287
124,92,7,18.812810,507
15,75,11,13.122899,668
158,211,14,0.350626,1033
209,21,15,18.939558,100
237,92,20,9.687335,521
14,174,6,11.153636,709
3,233,18,5.386402,380
248,232,16,13.286277,646
123,72,11,16.440205,689
160,245,10,20.344586,902
245,61,6,12.690722,1145
12,10,19,9.589019,143
74,17,16,18.630242,782
137,200,11,10.989158,588
131,230,5,12.287078,757
66,47,14,9.560890,132
233,185,8,11.887705,821
113,150,18,19.594265,1114
123,126,16,1.585990,983
94,224,5,7.449278,484
203,209,9,3.200369,755
65,184,19,17.135991,880
207,233,16,1.212647,488
103,35,16,1.062538,221
14,165,7,16.947352,956
223,199,17,11.401622,564
61,202,11,1.174513,965
87,100,9,14.676714,1104
207,219,17,4.061636,417
200,53,10,3.915079,843
246,167,12,19.675944,314
5,37,12,16.450791,610
199,203,10,10.209952,832
1,9,20,3.721309,127
188,6,7,13.736699,130
13,1,14,5.332030,1122
239,167,8,8.877349,489
207,147,19,6.258009,275
58,3,15,0.817869,947
145,8,5,16.101068,956
81,65,14,10.380686,1033
113,225,15,16.049356,717
233,81,19,7.626079,523
90,34,17,6.884763,953
126,189,11,11.234793,1018
177,181,17,13.448808,487
217,241,6,9.579641,550
29,2,9,5.439535,393
176,132,7,16.670479,331
85,68,18,11.421442,893
62,207,14,15.006691,1107
142,111,7,11.260106,125
217,236,19,7.895829,653
206,65,12,15.526869,598
212,53,16,8.656137,553
146,145,7,14.844865,612
192,229,6,19.901111,397
58,133,12,10.814184,910
155,61,6,16.323280,1192
10,78,11,2.033505,803
133,213,16,1.678553,856
200,178,5,12.720962,855
149,129,15,7.883203,950
155,235,16,2.442153,1071
101,84,9,16.282545,494
170,246,12,1.850616,372
126,4,8,16.238419,472
5,27,8,3.851565,830
106,207,14,13.787439,131
216,109,6,4.003363,1085
29,178,11,18.366756,462
216,224,6,3.753220,993
8,145,5,13.409455,705
169,126,12,19.908939,437
76,220,19,7.082464,807
62,186,14,19.896267,766
85,16,9,14.889302,693
208,71,7,12.775542,1034
14,19,5,6.381598,403
230,131,10,20.239913,452
67,130,13,8.291227,382
147,236,12,2.874185,750
112,115,6,14.617860,1019
164,240,16,15.669895,200
2,183,11,2.995523,726
140,175,10,13.151153,1011
92,41,7,9.771009,666
195,16,5,7.925751,144
32,198,17,11.196619,1130
190,205,12,16.014073,596
180,9,11,18.861882,375
80,230,15,12.954639,154
92,17,13,16.354259,853
205,164,7,19.366067,436
117,225,8,13.199354,1005
58,125,13,13.080483,787
66,88,13,11.902487,1090
129,41,11,3.576227,883
222,163,8,5.847484,1171
29,105,19,8.470519,323
224,202,10,1.606400,411
169,151,19,2.630752,676
146,24,11,0.540510,1132
108,46,14,13.673705,580
203,170,7,16.764592,673
113,162,9,15.220277,1112
163,21,10,2.656564,618
51,141,9,11.029994,1192
84,53,16,15.652355,976
15,12,8,9.569476,854
179,120,14,8.465310,380
159,215,5,3.042881,602
119,128,20,15.066153,755
104,206,5,6.674061,705
170,84,13,4.720371,462
78,127,12,1.354051,502
68,199,15,5.978323,414
76,156,19,9.788054,1019
70,72,11,3.972972,1048
207,211,14,3.153226,790
208,72,13,13.705809,569
2,151,20,0.714544,720
29,175,17,3.512833,160
71,242,12,4.858332,425
228,152,14,6.267091,720
117,76,13,19.185877,975
59,225,19,1.308494,1054
29,35,7,4.905949,832
160,221,19,9.276419,235
56,9,11,0.349842,298
18,219,6,7.982287,1130
92,43,16,15.739954,1148
189,170,18,14.690994,841
103,44,14,19.811929,766
72,104,19,3.389118,714
68,231,8,10.422826,415
153,90,13,3.655114,669
16,71,9,4.850735,1133
223,79,8,5.277003,990
36,249,15,2.298652,870
46,47,7,19.498810,681
70,74,8,18.314297,1067
73,145,16,12.346148,166
14,218,11,19.622368,1005
182,192,11,6.441031,441
163,71,9,12.763112,842
216,2,17,1.528595,206
161,162,16,16.403618,184
44,143,14,11.987496,263
126,212,17,19.300996,458
42,73,8,14.663840,579
146,185,11,11.217380,1198
62,121,5,14.736924,1118
223,2,17,12.588342,113
220,236,19,3.927783,967
126,81,15,12.987759,1107
64,210,8,4.702529,888
165,218,14,3.048047,1165
34,169,19,10.189518,264
165,50,16,6.123342,857
57,140,17,4.747820,101
64,248,13,14.151042,874
245,185,5,10.793660,792
196,223,8,0.921856,139
41,122,11,18.569643,942
237,159,8,3.854803,988
11,70,7,10.953411,1062
116,79,6,14.126658,344
212,184,14,9.571982,1021
64,245,6,18.271984,702
234,172,18,5.525423,576
118,248,8,18.881451,956
138,12,17,4.763522,614
18,164,6,7.393949,499
203,165,11,17.055290,931
72,34,11,17.560314,1167
211,237,18,16.537128,296
124,219,20,17.696250,1049
226,47,10,4.999857,868
34,212,12,14.250650,751
212,198,6,8.644328,902
83,198,10,3.136890,103
233,242,17,16.988805,411
205,37,19,5.063368,416
111,79,11,3.745191,1064
21,59,9,10.017432,925
25,84,19,0.627029,1063
166,180,9,4.376840,667
4,214,10,10.161658,341
31,45,13,12.117770,891
193,40,8,16.707247,829
101,140,7,4.384557,884
69,105,16,8.051454,490
195,158,13,14.940405,194
67,207,15,8.829598,700
196,90,11,14.975099,1107
248,26,18,0.639304,626
231,115,18,11.175107,1181
168,169,20,11.609319,934
81,207,19,18.881187,457
151,29,12,8.611024,549
238,126,15,18.856504,341
37,15,9,0.021720,816
37,76,11,3.827417,665
49,202,15,6.111306,942
61,155,13,14.203859,414
183,12,15,10.406998,1064
144,133,11,16.134223,800
49,239,7,7.158997,1014
70,146,18,5.246921,733
78,116,8,5.005226,238
100,40,10,10.734041,911
191,52,15,18.681750,880
25,128,19,17.529075,1055
36,26,9,6.005084,1112
178,107,14,10.641709,392
117,64,15,6.915663,727
137,126,9,5.570445,133
236,0,11,13.847844,765
218,118,12,1.420603,1030
184,192,20,17.808584,193
184,103,7,12.023635,228
95,40,7,17.199858,1121
67,79,11,12.147768,641
4,15,20,15.778809,384
248,137,19,13.179153,114
140,160,5,11.324631,484
223,239,15,3.109065,907
202,40,17,14.951178,234
50,4,10,13.542038,120
177,232,6,14.745755,771
229,156,12,13.678717,634
126,106,19,8.576194,908
139,165,7,0.532188,690
161,117,9,17.962215,764
13,0,19,3.163154,921
10,204,15,16.344040,148
15,179,7,9.560800,997
154,142,20,17.269527,981
113,217,20,7.893691,251
150,33,5,2.939066,709
132,237,6,6.307281,418
117,186,12,12.386092,242
40,210,12,10.521333,1144
119,178,16,16.560288,233
56,141,18,3.163061,1064
23,41,20,2.473257,969
200,107,10,15.175607,815
33,9,11,17.269700,860
223,175,11,20.390556,429
140,153,15,18.098622,1006
210,237,7,20.160785,591
199,8,19,5.409391,163
183,148,9,4.005693,478
52,115,17,5.849989,946
216,111,16,8.712426,235
158,93,16,4.241395,104
197,21,7,12.008954,872
247,118,17,19.322215,299
58,86,17,14.987507,114
123,78,13,10.046569,110
152,1,7,9.412441,360
109,197,14,10.540940,543
133,124,10,11.059552,199
134,129,7,4.879327,442
205,130,5,13.815859,462
130,227,14,13.652057,565
106,26,18,12.483587,244
96,13,17,19.490842,893
168,194,14,3.548142,1142
119,113,18,0.730956,392
29,57,12,2.172264,710
47,171,12,0.853121,551
17,150,13,1.262155,303
30,83,18,17.208997,123
12,186,10,2.348377,1041
76,140,15,18.949477,764
96,165,6,7.060606,1128
56,239,17,7.655966,167
86,28,10,8.845408,847
246,85,13,7.624362,290
97,23,17,7.723711,607
39,214,19,4.869514,1187
23,156,14,14.547142,916
28,197,8,18.251181,1017
200,169,17,19.577670,768
143,142,19,7.388008,508
135,143,19,3.216797,150
77,2,20,16.598151,1059
186,75,5,14.945807,149
221,21,9,9.044614,150
82,46,11,1.590058,145
53,52,9,16.251893,285
167,241,19,14.974478,687
70,231,8,6.837183,673
17,167,16,18.129444,320
88,145,5,13.592483,771
207,153,14,9.246184,143
200,4,18,1.107272,361
131,0,17,9.323787,593
222,226,10,17.832269,210
165,78,17,9.782352,1043
174,52,18,12.889380,1161
178,146,13,17.398000,477
33,21,10,8.717104,338
107,162,17,18.612980,1053
109,115,10,5.298304,452
64,4,9,10.795049,856
175,11,16,17.227398,987
11,47,11,15.587490,908
21,44,7,3.281999,1158
38,96,10,20.344779,789
58,240,18,3.032119,707
42,10,12,6.804958,1144
185,170,12,2.271496,367
180,47,5,11.791160,675
4,51,5,4.940043,613
146,49,7,2.603842,830
222,227,16,15.550718,532
154,185,13,2.796535,1006
239,28,11,1.861018,425
143,28,17,19.952068,764
208,84,18,18.157661,225
113,221,12,15.570833,406
239,103,6,11.164497,812
106,176,5,5.270882,276
121,220,10,14.332608,648
207,228,15,7.328212,1104
91,143,18,16.621424,203
132,45,5,6.949847,1064
29,214,20,11.615463,134
158,226,12,11.409080,293
55,108,8,14.427512,311
212,195,7,4.777556,583
193,159,12,14.213517,883
190,72,15,0.844989,820
84,100,14,9.849492,170
64,149,18,4.342319,157
67,123,16,0.549905,294
143,42,18,5.365882,381
182,65,17,6.031647,318
18,73,7,5.159406,392
185,8,11,13.005405,779
103,156,12,18.057253,1006
164,144,10,9.360670,323
164,58,5,12.073669,899
78,171,12,10.739911,208
58,157,9,16.212399,231
99,215,9,19.469718,1004
0,164,9,2.922574,1162
139,227,8,10.097569,363
26,90,17,19.350588,478
1,21,17,2.017635,225
124,123,6,11.370310,326
132,96,20,20.282329,1184
14,12,15,2.604159,1119
69,22,11,8.147810,738
90,7,9,10.197671,491
79,151,15,18.244987,1141
79,213,12,16.621432,728
128,160,8,0.049409,463
183,202,10,5.372693,1055
141,205,9,17.204900,470
16,83,14,13.720768,163
177,155,14,2.207996,371
248,234,10,16.915315,155
91,242,15,1.484851,803
72,233,7,7.648976,1038
77,49,18,15.461937,940
87,95,12,8.623080,690
236,198,19,10.997996,361
139,245,17,10.525727,201
46,166,5,18.736362,178
241,166,7,1.173383,1199
4,99,14,5.837435,403
104,142,19,12.671337,891
12,227,12,0.416161,668
29,124,17,3.251948,943
241,39,8,18.561094,577
10,114,8,13.586115,414
228,203,14,14.208150,1166
51,95,19,19.507673,544
61,246,7,4.738056,832
156,167,14,12.002515,1046
200,164,7,8.878829,285
114,0,19,15.900000,1048
131,54,5,4.476363,616
74,40,19,14.260105,456
41,159,13,4.227397,802
233,125,10,15.844700,885
235,57,18,2.443201,723
244,194,18,11.154571,502
101,240,9,17.617029,613
176,181,8,15.983103,299
6,238,19,16.072526,348
59,98,13,10.501081,256
40,154,14,13.037858,110
33,113,6,19.798474,1043
237,15,18,4.499989,656
201,73,16,11.733705,539
240,34,12,3.797534,142
220,155,17,12.072650,111
180,0,14,13.229038,415
29,240,8,17.890415,1104
115,84,14,12.536653,431
223,66,17,11.564268,1114
148,222,10,1.044063,308
94,192,17,18.137273,542
139,123,10,18.105601,634
218,227,8,11.866270,919
87,30,8,17.406399,909
49,163,14,6.733741,413
195,231,7,15.541846,993
27,108,20,15.243888,1074
138,166,14,6.174491,775
147,234,17,2.462172,1174
3,99,19,11.333244,1184
243,98,12,19.672662,1132
123,204,19,15.346095,1184
154,43,13,2.615814,156
87,230,6,18.164120,410
173,68,16,3.975541,401
209,201,16,18.791374,163
234,153,17,0.110493,1078
240,90,12,11.519116,1173
41,127,16,10.363645,580
225,175,19,8.324512,240
202,80,19,5.512738,139
93,86,10,9.603584,936
81,225,10,1.406703,1167
5,70,11,2.197054,701
187,142,8,12.940108,302
143,71,14,7.643141,346
101,241,8,14.964905,107
167,9,15,3.472222,1194
98,190,10,13.910941,1026
231,178,6,17.199465,450
126,115,18,12.152850,669
64,196,5,4.666724,268
84,7,7,3.364988,312
40,152,14,10.887399,760
146,96,18,8.160177,971
126,78,14,4.159974,1180
230,35,8,2.644155,801
93,152,18,5.759163,670
23,186,7,18.367839,738
16,225,18,6.163095,1137
179,72,16,18.809903,541
84,10,7,18.450769,810
163,127,8,12.010213,315
126,229,6,16.307819,621
244,229,17,2.270346,519
171,237,8,1.887119,342
83,119,15,3.050908,133
244,239,9,16.405752,529
186,60,13,6.076929,639
249,30,18,13.129762,253
171,46,7,14.707588,111
103,148,18,19.168612,1129
178,34,8,17.371118,551
57,72,9,16.948722,632
96,157,18,1.206386,625
161,138,7,2.608424,1110
86,142,14,4.724576,996
99,13,7,11.537893,200
73,20,17,9.462915,719
159,84,12,5.647204,363
237,14,17,9.400533,815
14,187,16,7.235343,894
16,146,6,8.909031,972
248,9,17,2.328350,894
2,36,20,7.959896,259
95,219,7,7.846866,144
84,103,20,15.566537,418
38,189,6,6.991310,863
14,32,7,2.445612,780
118,40,17,6.421680,514
73,110,17,3.283182,993
153,31,18,15.290440,837
99,214,6,2.210069,140
179,231,18,6.942281,472
155,236,12,2.726597,732
170,147,8,15.387280,751
49,15,18,18.184083,416
73,114,8,0.107238,1065
26,116,13,19.371066,814
211,178,18,11.398550,652
168,3,10,16.491904,128
245,181,16,19.044236,298
24,166,17,16.887727,234
121,86,16,7.694154,923
245,15,11,19.175843,1113
99,138,12,8.462901,1073
219,223,15,6.760801,140
233,202,16,2.017762,804
21,149,5,8.915359,805
209,145,13,13.896177,768
122,47,10,5.465810,964
200,176,19,15.878728,1029
43,21,6,2.204656,743
158,20,16,16.583370,150
104,231,12,20.387699,555
91,228,7,12.427115,669
106,47,11,19.757238,1178
71,54,9,15.527483,1127
173,89,8,2.536099,948
142,107,16,14.861466,1123
153,84,15,10.244995,1122
42,229,10,11.200779,1077
196,183,18,0.954991,1159
88,114,13,19.881382,344
234,99,7,7.880324,1029
136,133,12,15.847993,338
133,26,20,2.978344,842
213,189,19,11.420544,264
52,158,7,16.106926,887
119,92,16,19.685849,111
218,44,19,0.849787,589
1,149,13,18.072370,672
128,57,12,4.911473,918
84,58,17,17.829565,415
201,202,7,13.539007,1173
10,197,15,5.315997,819
13,240,17,6.617561,848
163,217,18,10.245003,289
62,52,17,4.410911,1168
239,99,19,3.905352,313
35,85,8,7.067853,675
204,39,14,8.384573,1064
55,222,20,10.647405,1195
211,186,18,7.154294,1001
10,71,20,12.958896,389
217,193,13,13.644872,1171
121,78,19,3.805166,316
13,63,15,10.393037,432
233,1,6,2.937534,726
31,43,6,18.017261,802
22,17,7,19.725759,277
59,78,15,5.983033,671
72,221,12,19.832712,1178
24,96,19,7.752406,1156
27,97,5,16.158595,889
23,139,16,3.428405,832
16,65,11,0.824846,515
3,8,18,0.422575,604
198,200,8,18.139898,427
222,63,20,15.917902,728
135,7,14,0.326677,897
14,232,8,17.287690,453
226,48,8,13.608215,742
226,152,8,5.645720,979
185,52,13,6.750039,635
109,218,10,14.257137,682
37,86,12,10.717634,1054
29,202,7,0.004621,1032
234,58,18,9.124760,499
24,237,11,7.636009,500
121,111,13,4.631080,478
149,171,17,8.081492,971
156,42,7,10.870620,965
203,59,16,10.298569,652
160,190,10,4.870834,770
70,91,14,13.345319,324
116,235,15,4.038401,377
219,65,16,17.521961,566
27,229,10,5.746819,1048
4,117,14,0.916988,164
233,158,9,6.244922,784
179,131,19,16.350766,249
94,159,10,4.261916,1118
39,35,12,5.139772,481
145,152,15,3.769501,1091
145,249,13,18.408200,316
121,43,18,12.921986,935
73,184,20,8.634435,241
247,116,6,5.425832,419
13,157,13,0.429418,172
33,198,15,4.417272,193
128,202,7,5.592200,1119
111,75,11,5.753460,329
53,209,7,3.474590,264
60,148,6,9.781827,1145
207,34,8,5.799980,930
41,120,14,1.849938,548
245,177,8,8.398006,279
126,61,8,19.980516,849
241,212,18,14.716605,464
151,32,15,15.177193,338
36,122,19,18.538177,398
194,9,11,0.689074,185
24,226,18,17.291847,1186
68,50,6,6.516232,425
77,0,16,18.308596,980
183,176,16,18.933259,978
248,242,10,20.253964,832
131,9,5,18.819561,958
52,19,9,0.741525,325
40,51,8,3.297436,359
146,104,18,16.628955,896
32,144,12,2.866497,700
114,229,11,11.154361,1145
44,154,19,7.097146,497
246,81,8,16.258474,1042
26,122,19,20.093296,439
7,99,12,16.971888,126
229,6,10,6.477221,834
3,243,12,1.934017,568
72,141,10,8.500658,348
93,101,17,1.324687,971
65,166,18,20.144294,1113
242,170,17,20.061684,154
167,43,20,13.556823,765
60,51,19,19.812833,146
239,152,16,19.471233,483
18,217,16,4.436458,877
113,83,7,13.873769,1063
130,171,5,2.487880,965
147,194,14,20.394456,953
154,117,17,13.678596,1149
11,82,8,17.832254,795
16,228,18,15.841862,235
113,101,18,13.376637,480
178,145,11,0.365264,150
82,35,7,4.800191,485
124,10,18,10.362082,750
125,43,12,19.806806,928
127,16,6,6.069592,1124
201,71,12,5.108594,728
196,149,11,15.713397,170
45,221,14,16.031269,668
247,234,11,10.685312,919
108,55,18,17.346866,289
144,195,8,10.484244,582
14,126,20,14.472804,409
54,52,8,20.250799,247
214,215,15,9.663179,219
30,201,12,2.895089,930
125,17,20,6.394288,239
79,214,8,0.391791,444
70,39,10,8.819145,549
1,202,6,19.741891,890
21,36,7,11.653493,258
234,123,11,9.371608,523
245,158,19,17.618917,325
21,63,20,2.266621,1149
16,207,17,4.139173,891
194,27,8,5.326503,327
109,203,18,11.098007,808
106,15,15,10.711542,152
127,22,10,13.457961,467
227,47,20,5.165575,1043
221,32,16,19.416508,794
0,123,10,2.291347,1155
234,34,8,2.817599,304
59,194,15,10.657245,1175
101,78,16,6.129432,907
170,142,17,12.516707,1076
78,25,17,11.749866,918
215,83,13,6.187152,260
105,144,10,10.393746,783
178,48,18,3.236194,1132
143,169,7,16.163499,273
162,248,17,20.224463,681
25,58,8,12.749852,1030
41,23,5,13.080480,890
244,127,12,11.737620,968
102,30,15,10.879885,1154
116,139,17,16.655343,675
145,161,17,5.431538,907
130,231,10,8.959629,1071
72,131,6,5.104068,652
248,64,6,15.041860,572
99,7,8,19.566316,585
3,86,14,12.992031,146
213,229,10,15.298855,171
163,210,8,7.023305,409
162,222,15,5.849016,433
230,70,7,3.536822,723
30,90,20,2.731740,544
109,186,9,18.968182,1095
219,11,7,3.141625,1168
223,172,17,16.896478,1141
131,209,18,17.574640,443
228,212,18,15.030812,1069
130,16,8,16.400035,291
47,25,9,16.523454,266
18,111,8,18.082591,565
234,7,19,4.276537,664
165,121,11,4.148145,420
166,108,12,2.634864,712
184,122,12,4.922213,1135
217,44,10,1.006705,552
110,248,16,18.807985,739
202,207,17,10.443444,238
7,61,6,3.778665,528
18,157,10,7.235499,754
247,147,7,17.790603,1000
1,228,6,11.665086,711
135,55,10,2.133362,1102
168,29,12,0.054003,161
216,6,17,20.273107,133
2,196,16,17.714388,421
26,2,12,2.093384,573
126,222,16,15.478117,1075
205,89,10,11.940871,504
0,82,7,16.510426,121
218,40,5,3.081970,1159
69,118,12,7.713727,216
54,217,7,0.983428,618
121,184,18,11.608473,1168
13,196,9,17.353523,537
151,235,16,6.909894,400
155,239,13,0.412549,1067
241,159,8,0.516671,258
41,90,18,14.678742,210
6,145,8,16.580950,1026
16,132,18,14.306602,983
105,132,11,19.488662,577
102,91,8,8.838873,331
128,192,15,16.047341,165
142,119,18,14.867471,183
74,90,14,4.664442,981
201,113,18,5.523479,963
124,31,13,4.803313,1175
46,95,16,17.554240,1112
131,217,16,13.766173,1002
115,107,10,11.021459,222
140,174,6,4.777636,325
25,238,12,9.491298,1181
14,249,19,4.386871,246
24,181,16,17.129216,749
12,84,8,6.119137,489
125,224,7,1.007578,1148
8,1,7,6.631016,146
173,121,20,10.155353,610
136,72,11,4.077515,362
54,137,6,6.941671,1186
224,190,12,11.212742,370
208,202,17,18.439284,465
114,225,19,17.396935,565
205,78,8,5.555745,817
101,116,12,6.013985,214
213,2,10,4.288671,949
106,195,9,4.040635,684
65,215,12,15.918801,954
191,187,7,8.362952,326
121,149,17,0.546474,266
94,181,20,4.411511,1111
121,104,15,7.884620,863
91,61,16,19.231990,937
62,208,18,10.680078,675
65,208,15,0.243671,1190
226,102,8,12.272070,170
154,223,13,11.936936,726
37,127,7,0.419831,1130
156,162,13,16.521286,1067
112,10,11,1.539742,1067
23,168,19,11.494167,1055
59,233,18,11.690134,678
163,73,6,18.264996,1120
196,14,7,2.402833,355
230,109,10,3.199331,888
30,37,11,0.245360,884
227,168,14,18.259531,842
158,23,10,0.664581,644
45,168,9,0.176794,1145
192,198,14,7.447568,1035
77,110,12,2.201873,975
242,43,19,4.452119,572
226,205,20,5.610763,943
33,175,13,1.874902,257
196,56,13,1.384536,550
90,242,7,8.336862,685
125,152,17,12.892679,762
231,57,18,17.166555,451
34,29,19,15.991517,334
241,201,11,9.318415,206
51,147,10,5.401509,1173
189,19,9,12.457764,1007
193,30,11,17.585512,480
177,147,14,3.972404,348
132,3,8,17.373943,503
222,137,10,14.141090,295
142,15,9,0.330309,521
225,73,11,14.790370,412
209,83,15,19.598360,1174
182,127,15,12.112773,808
191,99,5,10.155081,199
116,131,17,13.442610,1104
163,162,12,11.587182,668
175,38,20,11.856249,591
247,51,7,15.031093,671
76,30,5,6.838501,558
82,49,9,9.673672,310
245,35,11,0.877206,1095
217,47,17,14.470273,741
98,195,9,3.843619,439
81,167,11,14.518478,446
199,97,13,9.960583,808
172,133,11,3.925419,979
178,224,10,9.679479,871
235,234,5,18.591165,1163
48,139,11,3.827163,1016
198,218,20,2.821679,281
18,204,6,6.531359,1144
184,104,7,9.423619,242
95,82,13,12.109327,417
171,82,16,1.377439,972
174,137,20,20.225288,168
73,35,9,0.377770,776
56,176,15,17.436178,730
46,51,19,0.046393,1005
62,38,12,13.305793,260
173,246,19,10.646396,842
244,209,8,10.980014,413
176,4,19,11.176353,230
94,149,20,19.235539,369
199,126,9,5.781199,1045
232,193,19,2.768131,588
215,63,16,18.727170,1169
153,13,5,2.369400,191
215,198,7,16.502018,560
4,181,13,19.230859,771
185,37,20,18.821027,605
14,44,18,19.336620,729
122,151,6,2.711393,1100
0,51,13,14.837463,1066
82,100,19,12.067915,502
229,71,18,1.238639,880
46,219,8,6.289766,876
239,224,7,7.987191,1111
198,249,19,19.900976,220
176,139,14,16.958189,644
181,110,13,12.398783,767
168,137,19,19.504661,759
231,177,18,1.592332,802
1,171,18,4.488376,238
128,111,19,5.921856,1043
63,169,14,2.704704,314
192,111,18,0.593978,302
56,58,8,0.006472,750
95,146,16,6.547579,306
59,113,11,10.183623,280
35,125,19,5.396730,1153
244,218,19,19.266550,606
199,246,7,9.972122,185
97,237,19,20.097997,1073
50,94,18,7.971424,201
237,71,20,20.253436,239
152,171,17,19.817990,626
83,74,13,2.197923,806
27,116,13,13.251361,1183
75,9,7,16.888997,303
51,239,11,5.829715,1074
209,210,18,11.766216,516
130,122,7,7.530701,886
22,113,7,20.268643,1028
125,144,18,3.344588,401
208,129,8,9.598523,340
240,141,12,15.743144,439
78,89,14,6.740818,1077
154,221,9,8.517270,714
68,133,17,7.500366,928
95,88,10,13.563543,864
32,234,6,0.076581,138
55,112,19,13.621878,753
186,1,11,19.129799,638
51,81,13,1.762320,542
130,217,8,19.918659,335
35,118,10,7.820416,1182
187,218,13,1.161387,975
175,152,18,15.750280,820
57,39,12,11.690171,565
160,206,15,8.299577,110
208,108,19,12.086898,780
124,164,15,10.345212,403
141,127,20,14.715053,131
8,217,7,14.786789,1065
8,152,16,18.885005,691
231,74,15,12.519222,737
114,110,8,18.569781,933
16,11,7,14.101858,638
32,160,20,16.398179,726
179,181,14,7.419911,561
243,24,6,16.193903,682
19,149,9,3.223593,918
169,89,17,10.865080,1095
137,172,11,0.082917,169
89,148,7,4.348874,876
241,14,6,6.595346,514
157,242,10,10.612649,805
130,149,10,7.921125,480
77,70,14,19.687792,902
151,152,6,17.008630,287
122,149,6,8.914750,429
44,13,12,2.778869,377
110,78,6,0.036380,370
131,59,8,13.718156,432
215,143,19,8.703141,1188
165,224,6,19.250220,993
203,190,6,2.309413,919
4,106,7,3.380592,932
148,151,19,20.106384,379
220,195,15,13.739036,963
118,181,8,9.519169,737
217,116,9,10.519107,915
194,182,5,16.885759,757
57,17,15,11.141243,832
229,52,11,11.177723,234
61,232,17,3.350538,788
172,61,8,4.644937,1106
126,20,14,12.959873,378
15,93,17,13.142275,1089
108,102,16,9.420902,965
178,32,14,10.808818,604
38,176,8,18.445583,752
117,15,19,1.837024,386
211,43,7,10.682272,512
72,201,5,19.766687,825
12,243,19,10.465597,744
140,32,16,12.558475,204
228,30,12,20.217813,673
182,84,14,13.507564,806
97,24,13,17.299937,980
114,106,17,6.740976,1159
31,53,12,19.746750,417
41,149,12,19.584680,748
82,241,15,11.425578,1154
188,217,6,18.538412,901
235,50,6,20.089583,264
177,223,11,7.353125,304
245,25,8,10.385680,203
13,192,12,7.678316,577
196,187,14,12.444689,796
191,116,17,8.772126,164
209,153,17,4.207736,1043
18,167,8,10.249280,717
148,90,14,9.047674,838
162,90,14,3.779085,923
194,236,12,15.415109,112
205,28,15,8.724563,205
104,214,11,2.536354,914
207,210,15,15.043254,905
65,23,6,14.049398,352
147,30,9,18.338275,410
22,82,7,9.027520,299
75,68,18,1.396532,865
129,237,9,9.491442,172
202,16,6,17.607545,388
171,127,16,3.591838,320
78,74,18,3.428693,186
103,235,15,14.477948,311
126,162,13,1.895445,110
54,110,6,11.153762,972
242,209,16,4.702550,483
38,120,5,12.940865,346
81,28,6,11.636223,202
231,249,15,17.823166,363
167,47,8,5.911878,1122
9,211,11,17.688467,736
44,25,10,6.764768,926
143,66,7,8.045688,264
115,142,8,2.681556,953
210,223,18,11.198954,689
159,99,6,6.624387,520
93,1,20,18.997473,1146
58,165,5,15.082581,594
37,109,8,0.955198,327
0,195,15,4.197132,348
87,213,17,2.735832,671
213,54,12,11.049357,678
197,130,7,18.130493,1132
192,119,13,13.994013,434
197,229,8,18.412952,1100
35,166,18,0.509599,1133
53,224,12,13.502535,327
192,128,17,15.499883,1177
150,183,5,17.036865,1095
128,246,15,14.437064,437
161,189,10,5.901065,134
150,30,16,3.659397,639
190,82,19,16.892508,1024
23,182,15,11.680676,662
29,160,9,0.522168,1139
239,192,11,5.620753,485
121,240,19,2.514316,986
37,155,7,11.444588,848
158,197,15,18.133693,653
35,109,7,12.063365,515
213,104,9,11.352245,518
193,8,8,15.322651,995
174,38,17,11.269267,835
43,15,18,12.249231,815
76,183,14,6.585763,348
12,75,19,7.072725,759
12,116,5,18.098336,254
100,15,15,7.562330,603
173,190,12,13.684539,686
78,21,6,9.988185,852
215,206,17,11.701980,272
20,115,6,3.086725,247
168,213,15,16.472841,831
203,128,15,1.155867,1122
96,60,19,16.656288,609
111,13,14,4.650523,936
142,85,15,9.875238,446
73,178,8,1.368873,453
38,117,12,5.647196,666
138,108,8,15.145912,116
220,53,5,11.002894,1197
191,42,16,7.245771,864
220,188,7,7.429902,788
22,12,18,6.895769,650
34,237,19,11.966970,443
72,52,11,12.082295,781
41,235,5,3.401997,624
126,220,14,9.727614,757
124,103,7,11.775900,1013
148,65,7,15.517536,556
126,26,19,3.580433,1021
108,59,6,9.739596,659
101,175,9,13.017422,690
183,234,18,17.375604,1066
142,81,6,6.659015,601
86,38,8,16.469536,860
214,224,16,11.215242,719
243,225,15,13.278784,1188
247,112,7,1.929061,811
206,213,17,13.278456,811
163,24,19,9.477112,532
91,243,6,2.490367,492
137,223,16,20.374213,1141
195,198,20,12.246225,316
27,115,18,2.545628,890
65,14,13,2.300347,467
162,207,20,11.045776,618
180,29,10,12.542286,775
182,9,10,4.021154,266
217,106,6,14.894009,1177
132,223,20,19.795209,873
229,35,19,5.595864,1047
240,174,14,6.026436,233
174,55,17,9.121389,688
194,164,15,13.223673,475
159,104,17,0.606194,501
127,25,14,6.757038,310
97,168,18,3.976814,314
183,3,17,7.256554,1104
174,178,20,3.221387,1192
19,208,17,15.237167,814
193,71,8,12.290944,468
60,204,12,4.040440,577
97,65,15,19.349426,313
124,11,8,18.617488,386
135,8,9,19.690206,892
228,187,17,19.065003,575
177,56,15,16.552497,519
27,34,15,0.589409,552
182,40,20,20.050758,1092
65,61,14,15.351927,252
174,229,16,18.798012,773
187,17,8,7.407934,544
88,28,16,13.872732,989
194,203,8,12.283255,696
217,27,13,3.325937,259
101,95,15,0.356651,1023
103,41,19,4.776509,900
15,240,7,0.701782,833
73,38,17,5.267999,1106
166,20,13,11.523377,532
137,73,14,7.481205,578
208,26,14,16.513568,310
45,39,16,11.235391,920
120,81,6,7.266825,110
34,62,16,4.561383,465
68,47,9,0.154015,397
242,105,14,16.299004,500
176,241,11,19.477275,851
198,161,16,9.875698,1023
80,51,11,18.669171,124
71,74,9,13.693565,189
243,33,13,5.848684,213
128,126,12,17.863479,279
136,51,11,16.064799,1150
43,140,18,19.062792,324
144,178,12,10.752875,281
38,212,18,7.031540,140
219,43,9,5.990328,655
73,200,14,10.533291,920
26,43,12,19.713732,683
60,72,10,9.816218,231
9,16,20,7.978468,642
72,227,12,12.445905,396
35,36,9,5.085536,995
33,155,16,2.056625,413
49,85,9,6.644251,703
190,75,18,10.391696,1194
79,114,16,3.546087,336
91,214,14,5.188735,1079
71,114,13,6.219141,292
234,89,11,15.640304,774
113,140,20,19.548337,727
65,194,12,1.040673,434
131,195,11,0.201427,907
131,167,13,8.901654,884
146,219,6,17.679723,281
80,118,7,20.286100,600
104,204,20,13.803610,363
117,65,16,4.019251,137
189,128,18,2.904373,1161
86,116,9,6.095975,827
47,176,14,11.236935,1060
31,47,15,9.262903,507
177,190,19,10.954744,382
129,217,7,3.505344,870
78,151,14,0.294854,586
214,152,7,7.068727,618
54,149,7,8.485054,786
206,81,12,3.283270,1128
31,206,12,20.455321,631
18,190,7,13.598351,326
202,226,5,5.279968,468
175,59,5,5.332236,1184
72,125,11,17.117106,573
151,2,19,7.516753,848
248,223,11,16.961765,624
112,192,11,4.323149,589
164,92,20,5.797006,1000
138,22,7,17.980713,350
225,122,12,1.458156,832
211,207,18,0.147128,310
14,10,13,17.979011,658
9,190,6,1.032202,282
118,171,12,6.944540,1109
210,218,18,6.171909,418
235,222,10,14.352975,389
147,193,13,2.980436,485
199,23,16,12.456411,801
89,232,8,6.139996,473
221,198,5,4.964610,717
242,152,5,14.318615,1097
226,243,15,2.994045,443
84,117,20,17.416555,1140
27,9,14,13.117965,1061
107,82,18,18.779133,431
67,70,7,2.475519,156
119,245,13,11.938993,827
236,5,16,6.617412,975
82,59,14,3.598860,307
130,100,16,4.135693,981
236,48,14,3.527184,265
67,13,8,10.402576,110
50,200,12,12.838172,147
133,50,18,6.583375,281
97,27,17,10.930636,454
187,158,14,6.922802,635
241,97,10,0.818400,964
57,189,11,10.036586,657
115,14,5,13.465988,479
80,188,16,10.731735,883
178,81,14,0.451193,378
178,13,15,12.867019,260
150,127,12,6.525796,706
159,88,18,8.704136,554
197,36,19,5.096367,472
100,25,7,13.073601,1021
130,1,14,12.785682,1091
11,228,14,13.012879,929
91,160,5,12.734675,1011
133,156,12,17.418569,1143
147,124,12,5.045341,255
63,10,8,8.040140,997
140,73,5,10.684409,900
214,112,8,4.098601,579
115,73,20,1.333590,680
195,197,13,3.496412,1050
25,166,19,18.144023,369
80,178,10,17.589509,1103
116,62,9,11.454402,1034
173,164,17,15.682177,660
153,41,13,1.108578,421
104,157,10,4.780670,571
129,84,6,18.425945,413
23,212,15,19.331448,458
124,25,13,9.869592,287
8,222,8,14.006191,301
170,28,19,5.511353,979
129,9,8,8.877522,436
231,32,19,16.398090,522
156,27,20,19.795264,802
158,190,19,19.151379,853
157,43,14,2.429390,304
42,174,15,10.946596,218
209,236,16,5.252337,395
186,211,17,6.617510,655
21,221,8,7.365888,973
208,235,9,6.658830,386
149,154,10,13.214650,652
160,236,8,14.481583,978
136,47,18,10.028563,732
1,245,15,5.264536,763
223,61,18,20.003927,281
3,17,18,16.328417,1140
145,220,10,11.358525,276
52,172,8,10.421084,654
236,246,18,4.106115,126
66,246,6,0.594284,280
203,198,12,14.359148,103
201,53,5,5.249674,423
243,235,12,12.767406,330
230,227,20,3.328191,468
103,124,15,12.872982,235
220,103,15,8.929123,548
120,37,7,14.841754,512
164,24,15,17.648221,138
142,178,7,11.415352,496
11,146,20,20.231878,272
243,133,16,10.463048,532
12,57,6,7.122389,885
180,123,12,0.041744,599
172,189,10,11.735080,251
138,153,5,13.671693,200
159,146,18,9.327344,550
29,172,19,8.165408,365
165,142,15,17.676702,295
183,30,14,13.742824,528
68,189,5,6.990636,864
221,144,17,16.699078,858
32,118,14,19.547354,608
218,42,11,16.955059,482
183,233,12,14.121937,499
59,84,17,18.579094,743
38,147,11,7.362322,389
49,47,9,3.768829,1004
28,175,6,12.344907,101
175,49,11,16.463580,990
121,109,14,10.675212,678
249,137,11,1.470443,493
24,74,6,0.116080,149
69,142,17,2.975994,493
46,33,6,18.509787,734
208,61,16,17.724635,408
43,212,6,17.708321,1157
172,46,19,4.691340,411
69,248,8,9.369620,609
223,94,18,20.447646,116
10,238,13,1.947257,104
67,23,13,11.885985,716
69,55,16,19.668986,333
10,185,19,16.494529,1012
10,41,6,19.206402,735
36,211,12,7.586387,635
78,49,14,7.754111,177
13,40,14,1.881815,527
127,6,11,3.491001,921
189,85,12,3.768846,570
196,170,9,6.419177,771
6,154,10,6.510953,742
199,158,16,0.690120,776
196,104,13,15.276015,396
149,29,18,18.474271,1188
144,17,5,11.268409,754
10,121,19,2.936059,976
31,188,17,9.642272,178
158,10,20,14.497124,1054
225,110,17,18.205852,425
117,128,15,16.213988,584
186,17,6,14.050721,330
38,52,10,15.931115,1004
3,234,9,13.215562,899
84,113,20,17.728462,444
95,246,17,4.381450,1093
63,14,19,19.197983,898
28,229,12,11.305751,107
31,143,17,5.604964,1033
241,160,7,1.590064,617
96,45,16,0.950466,732
134,105,8,12.602036,863
8,204,19,2.071797,657
224,211,12,14.531608,967
147,249,15,15.569170,673
70,196,12,6.562691,175
131,51,9,7.111538,146
221,178,9,10.014202,490
195,239,9,5.855460,235
246,207,15,8.119782,823
66,147,15,19.819345,994
95,97,16,5.580965,119
187,129,16,16.231929,1091
242,153,8,18.064170,156
32,194,12,2.641370,396
145,226,12,9.957832,572
105,121,10,17.951756,327
104,95,7,19.964012,298
98,116,18,17.551688,1018
137,199,5,2.502567,588
55,35,17,8.196051,531
156,118,6,12.613570,103
19,40,14,20.321333,620
28,101,13,18.614791,729
121,88,11,14.571803,656
9,49,17,9.379500,1034
76,131,20,6.964780,726
219,131,15,17.335614,1029
118,142,17,13.904283,966
115,193,17,2.269710,1068
57,185,8,12.395437,428
104,49,17,7.083550,893
10,113,13,8.272749,433
144,167,16,0.274675,128
73,4,6,19.862828,1036
39,16,18,18.932015,337
59,204,7,9.173455,427
83,71,14,7.626399,1004
162,70,5,17.468787,722
7,182,7,19.235699,776
87,56,19,1.270256,888
214,8,5,9.084958,178
194,147,6,6.158050,709
201,117,18,2.003540,593
109,99,6,7.927375,907
228,63,15,4.711397,838
104,23,13,5.027048,282
19,180,7,15.657854,635
103,127,17,19.210985,521
62,125,16,9.796855,1143
10,25,8,11.725668,395
188,183,18,14.463830,132
156,39,6,18.784233,716
223,242,16,5.461593,575
33,201,18,2.729364,673
201,172,7,14.392965,510
115,152,14,11.179619,603
214,66,18,15.941898,1001
214,237,10,13.172667,327
179,165,16,1.744260,1034
21,117,20,12.565586,485
16,147,15,19.899826,859
40,213,18,4.743501,336
167,228,19,10.819047,492
59,208,12,6.756755,1081
150,80,7,1.986768,509
207,81,8,9.771612,402
42,131,5,7.388167,237
199,154,18,3.686109,871
136,238,5,17.022783,402
101,17,12,16.265144,109
133,190,7,2.765431,1107
38,217,9,13.266135,136
205,91,18,14.979709,615
229,211,14,15.448093,365
140,169,12,5.355530,1028
188,52,13,15.162725,741
217,117,16,10.374226,737
72,119,10,3.274422,1090
236,71,12,13.879416,795
51,157,14,19.355606,1065
107,55,5,14.260352,586
154,40,11,19.695854,273
17,125,18,12.553859,585
56,130,20,2.407489,218
184,119,11,3.399618,645
183,120,12,19.965710,406
123,63,18,5.213181,264
107,164,18,11.881828,432
198,149,12,20.298876,973
69,81,5,20.167412,508
221,130,5,5.381891,542
74,25,16,5.112586,344
199,32,14,8.732996,465
158,175,19,18.867771,496
153,101,15,13.424832,324
94,9,15,8.768282,1034
95,190,20,12.489606,1181
49,211,20,12.575112,1104
221,194,17,6.371247,988
219,0,17,6.952403,722
238,162,13,12.535209,1078
172,101,7,17.179562,352
205,202,6,17.044439,285
43,74,10,18.639379,972
228,177,13,18.005714,778
247,164,17,1.624460,756
11,176,10,14.598840,775
188,219,17,0.540253,294
168,125,15,17.024126,152
186,158,18,3.795927,703
165,215,5,5.488971,1152
107,188,5,18.019806,946
84,170,19,17.637683,510
84,126,17,0.854883,676
53,113,8,18.957351,1075
17,169,16,0.841618,146
226,122,15,19.904120,554
157,165,7,0.645665,713
48,237,17,9.300708,673
228,246,17,0.653309,662
112,53,18,17.770121,506
106,27,5,14.194904,924
145,192,15,7.902516,923
147,13,13,7.835710,1086
82,194,9,11.744357,1070
111,101,5,16.006382,1184
72,44,17,11.128418,260
102,76,8,20.327129,857
36,190,19,5.943427,646
68,174,10,5.406865,469
47,181,20,3.740298,578
197,181,10,12.129390,150
41,223,9,6.236280,274
113,158,16,13.167009,991
38,204,16,9.954949,717
56,2,9,2.962594,570
135,170,8,19.636353,1168
192,200,17,1.953867,983
133,46,9,5.265235,926
114,203,9,9.026156,265
101,138,12,11.825906,1059
27,89,15,16.467791,1193
104,209,13,5.389871,960
88,223,13,18.729681,1018
72,105,14,0.580130,765
63,138,8,12.453694,892
226,238,12,14.162726,543
220,199,10,6.971039,1143
158,152,17,6.986997,356
64,75,15,7.314924,1134
239,226,8,18.001833,875
44,157,19,1.389560,424
246,36,5,11.765025,850
186,112,15,11.220788,704
70,150,16,11.650602,900
207,11,12,6.187115,1177
79,237,9,3.768174,252
195,147,16,16.023050,629
160,109,9,4.177491,1130
114,248,5,12.629766,141
192,43,12,13.347244,898
43,248,15,3.108968,161
20,123,5,10.121658,610
74,147,5,1.600172,944
52,9,16,6.533939,852
226,169,12,10.635714,1092
33,193,8,4.759407,410
29,139,17,17.306797,263
119,123,18,10.032031,529
80,197,9,10.092521,362
13,26,19,6.547691,905
72,15,10,11.860030,156
237,155,9,2.822449,799
67,128,15,12.854377,108
138,19,8,4.638616,312
82,80,12,19.237503,236
169,100,7,8.617201,1112
23,163,5,12.033711,478
158,118,7,16.694571,409
76,241,12,8.849018,468
77,121,7,3.584413,879
114,58,7,7.341958,453
162,241,17,7.946869,187
234,214,12,13.153274,357
92,78,18,13.309560,1100
152,233,13,6.711769,712
152,172,7,4.755575,522
133,52,6,19.466302,1174
32,22,14,3.224099,684
43,155,9,1.225279,601
133,101,13,0.296528,673
156,110,5,14.406925,491
50,170,19,3.055406,209
210,68,6,2.225458,997
137,243,6,2.544678,1009
5,23,5,9.829343,513
183,187,6,10.130407,920
12,150,16,19.071066,417
37,118,14,19.299369,381
12,108,7,9.707250,1059
189,101,20,15.341352,1126
116,56,15,5.432357,723
9,163,9,17.035330,190
39,151,9,8.861047,343
196,248,13,19.009785,255
176,225,5,7.051314,1068
220,166,5,7.551085,745
207,105,18,18.209298,277
137,188,6,9.473423,314
91,30,13,12.284993,547
170,10,5,8.913909,255
43,214,13,7.621715,1019
162,73,19,8.667028,1074
172,219,11,6.253086,691
175,65,10,0.871224,200
172,138,16,17.819351,891
13,59,13,11.477663,118
37,46,8,17.879568,648
20,158,17,9.981494,1089
4,141,8,15.704603,926
57,166,15,5.529453,900
125,122,14,12.858873,858
33,50,7,19.363574,758
121,21,17,7.730958,922
166,232,7,8.584097,577
177,45,19,5.024677,765
222,2,18,5.252903,244
155,20,16,14.338892,279
208,35,15,18.331365,1162
210,121,18,13.028880,370
149,84,8,2.290510,673
125,169,15,6.265596,1170
193,231,9,10.751872,400
240,104,7,7.457109,925
105,125,14,2.209864,978
132,19,12,4.195684,467
210,217,9,13.366207,464
27,68,15,0.558031,797
101,28,19,2.417869,187
185,126,16,3.983040,103
64,125,18,16.190024,838
173,148,9,20.469437,493
34,125,5,2.149940,413
183,72,7,8.142354,965
205,178,6,4.583466,550
44,42,12,14.908852,573
69,196,10,16.184115,488
14,205,6,0.148119,465
156,249,15,18.103957,486
114,21,17,17.549564,785
150,109,12,7.630459,905
133,217,10,15.852553,405
0,101,15,8.419927,284
41,68,8,9.090273,510
174,106,10,3.613310,215
27,49,12,4.951937,896
4,79,19,6.115516,192
86,81,19,7.615855,439
77,60,16,11.318021,1145
12,76,5,12.742258,364
185,9,17,16.672581,1157
147,53,12,0.181668,261
197,169,16,15.302214,563
4,227,7,16.553157,447
46,64,16,4.336108,245
5,165,17,12.118579,285
169,4,12,9.722530,290
244,150,19,8.349884,1079
100,101,9,12.970688,255
144,181,7,14.923078,753
149,125,11,13.629031,388
52,121,15,2.008737,791
61,62,9,15.278702,858
235,43,8,7.313120,839
116,145,8,6.921242,1173
214,45,11,19.713632,955
49,34,16,0.655526,1103
117,8,7,17.684270,1127
85,143,15,15.092575,607
38,113,11,9.161707,389
122,72,15,20.276610,333
181,238,19,15.986053,520
116,196,9,15.901440,546
35,242,15,20.491026,669
45,210,14,17.416525,896
236,12,7,20.280453,525
195,249,5,16.269953,791
141,107,8,14.289422,202
195,29,15,9.797307,782
94,184,6,14.811123,219
212,156,8,5.842110,276
151,237,7,15.106967,510
76,48,20,9.053135,257
81,233,9,2.340834,997
136,233,6,15.112255,608
87,27,18,12.722811,707
7,206,7,10.173638,590
81,122,14,15.173918,603
163,3,5,2.057910,264
2,9,10,19.891489,875
128,193,7,5.280171,581
69,30,14,7.260904,213
154,95,10,0.255022,864
177,207,15,11.109090,1115
16,142,12,10.420569,781
223,161,14,20.169452,1083
43,178,17,1.102775,171
239,235,7,0.792758,988
166,144,14,7.401505,1184
223,15,17,12.148870,402
69,237,16,4.274383,791
119,58,8,20.499272,1165
143,130,6,12.587243,249
164,161,13,9.072773,1104
75,29,18,6.322949,889
22,78,5,19.231143,460
80,218,7,12.092286,478
34,111,15,19.001000,379
244,111,16,15.331462,472
91,152,17,12.069747,855
16,192,10,12.092529,703
237,55,15,4.885300,126
197,102,20,8.161084,729
103,71,14,12.404636,310
146,72,7,16.616129,904
229,208,17,10.554359,470
242,2,16,13.633926,529
107,56,6,1.979142,386
170,55,13,1.124377,366
175,17,11,20.362105,900
100,231,19,14.452627,510
172,124,17,8.910856,234
111,176,6,12.188205,1059
158,44,18,0.152763,631
104,3,17,14.856014,534
106,236,19,11.894409,860
51,17,11,3.155375,933
247,97,5,17.139105,888
113,176,7,9.566275,623
3,90,15,2.066384,617
118,4,6,9.811541,224
162,225,15,12.717593,401
233,56,6,18.300561,528
83,126,8,5.967030,142
197,86,11,17.329702,335
22,29,16,5.697008,363
57,245,11,14.680875,119
91,189,16,16.995175,176
124,55,15,1.510068,846
120,127,5,10.144529,231
57,199,12,9.277817,701
113,120,10,1.138030,407
122,166,10,6.158801,506
192,92,11,4.532040,227
139,194,12,10.819759,459
21,162,16,10.407868,320
171,156,20,3.355688,329
43,26,5,3.456689,757
153,240,12,19.319323,264
167,168,8,0.816414,1007
57,119,9,1.850360,126
85,133,15,16.470124,479
186,128,18,5.061934,529
175,101,20,3.813595,604
147,105,14,19.501349,850
37,39,9,18.550089,516
165,200,19,3.360893,266
29,206,6,19.520330,530
107,88,10,4.546186,385
58,218,20,17.261412,705
31,217,18,2.350424,331
7,42,6,15.539322,1118
228,23,5,6.167734,1156
201,193,9,17.795786,1003
127,165,10,7.893953,216
15,226,6,17.764018,612
194,185,8,16.930730,1196
135,67,6,17.756219,552
65,7,14,4.752445,673
225,249,5,10.446934,157
148,165,5,15.286928,694
157,192,10,15.224114,193
225,158,11,1.814411,1014
38,95,20,5.809628,846
203,65,11,14.481705,793
205,156,5,11.556662,826
233,142,19,6.047494,444
224,45,5,6.191575,754
162,246,6,13.604389,916
102,50,14,1.812829,520
118,104,7,11.081870,112
242,178,16,4.144192,581
187,196,16,0.133430,475
200,83,11,12.449331,673
222,162,12,6.581310,809
78,8,15,1.449284,915
102,71,7,1.001149,849
108,117,5,0.558737,1114
157,155,18,6.147150,146
100,122,18,13.995143,970
195,22,10,6.555297,1006
210,176,17,3.826760,279
239,158,13,14.322143,785
2,124,11,19.328002,227
145,176,10,0.766787,808
228,112,17,15.307083,843
173,91,9,10.393499,1137
162,110,20,11.326709,379
171,81,12,13.934259,1115
26,168,15,0.488525,695
117,235,10,9.590191,984
49,75,9,6.444133,261
237,67,16,1.255727,756
226,139,6,12.778586,969
217,201,13,12.961011,262
186,24,20,10.563789,596
170,114,8,14.181000,1167
131,24,17,9.622745,778
51,188,7,15.852653,1080
162,149,20,14.406945,529
44,88,16,11.277162,220
34,19,20,1.710713,254
108,241,15,13.973083,261
231,158,9,9.321768,519
195,117,19,3.409512,1184
61,164,17,17.521257,166
7,20,5,4.708568,362
136,33,5,15.116109,1197
136,234,10,11.544779,1061
249,149,18,19.363200,438
248,116,14,8.287882,1139
175,8,15,14.310498,257
230,81,18,16.016732,1011
81,113,12,6.019735,1161
45,43,20,16.326811,609
28,166,14,5.593757,1006
30,124,8,16.351373,510
122,93,14,9.273748,1188
115,53,9,9.897732,601
89,33,10,19.880222,1109
163,170,13,11.668333,952
109,156,19,5.693565,593
88,228,9,10.443114,882
94,121,5,11.680822,613
30,158,10,20.096192,708
76,26,17,19.220097,628
187,75,14,14.631232,980
28,14,18,2.983541,631
81,63,11,3.840946,500
171,150,11,8.885153,282
206,6,11,13.184311,762
190,235,6,19.138657,391
195,154,11,20.391376,252
31,164,19,16.928954,377
163,231,5,2.075943,107
28,44,8,10.506987,1093
158,128,5,19.991830,1175
48,193,5,2.928901,957
33,124,12,14.507558,245
33,91,10,11.934083,528
242,181,15,7.982131,583
62,42,12,13.095438,329
147,219,9,12.490740,620
40,63,6,12.538317,506
82,208,11,0.840997,172
83,7,13,4.359298,1104
139,208,19,17.390702,1063
44,28,7,18.894437,1062
208,65,14,8.211771,306
4,219,11,5.601232,516
177,44,9,13.304092,657
205,146,19,1.478698,336
199,52,17,9.978383,768
36,53,18,14.495959,800
81,125,18,0.255039,627
43,73,12,4.498874,1131
99,9,18,16.920201,586
43,0,16,12.485944,1121
154,33,19,8.775743,504
78,211,19,15.976584,113
68,99,8,19.281716,346
202,124,7,15.578705,356
245,9,16,4.243719,136
54,37,18,7.688880,510
249,232,13,9.860058,269
216,209,17,2.433383,848
5,32,20,11.293247,829
140,130,13,15.702299,621
26,228,20,3.981890,1064
82,19,17,5.198105,817
202,62,11,17.566069,425
190,156,17,15.389606,976
16,218,17,3.681258,1099
200,114,16,15.029706,386
40,14,19,5.245446,430
13,161,17,3.243903,860
239,202,16,12.594662,150
14,11,17,18.150074,461
25,129,18,5.136556,1009
59,30,9,14.517454,787
150,39,17,13.666313,785
77,166,10,6.791383,492
15,107,10,18.024103,890
176,208,20,4.931260,1078
153,97,13,6.823395,1024
168,187,12,10.048487,471
18,114,7,1.163981,280
79,50,18,1.769109,540
125,27,12,8.011633,855
63,91,14,12.407195,1163
102,190,8,18.421510,140
97,102,10,15.892082,989
11,145,6,9.029290,895
147,238,10,7.785405,417
6,138,13,15.127716,245
29,203,14,14.542271,502
57,52,12,19.767236,404
214,203,18,3.090610,786
185,121,11,10.306757,637
63,223,14,6.626552,536
128,242,15,3.705564,492
241,60,14,10.632769,738
236,116,19,1.986437,842
171,193,8,12.439606,875
73,37,7,1.674153,261
176,24,9,17.497782,353
71,237,9,4.455856,963
195,86,20,1.494857,1098
103,230,5,7.540823,207
114,179,16,18.898349,505
149,176,7,3.519876,313
189,177,19,5.944831,633
92,221,9,14.490143,866
214,198,16,19.369513,827
21,49,17,6.029267,386
84,57,12,15.835760,1115
113,9,10,4.270939,638
117,210,8,12.334338,897
160,56,8,5.788936,783
97,124,6,13.029008,194
85,117,5,10.663231,762
222,10,11,6.760499,1121
78,124,5,10.091184,988
145,214,19,4.948450,256
12,62,18,19.308326,777
200,123,8,10.057385,1184
56,153,18,5.073167,838
58,122,9,17.259623,757
85,121,11,12.419069,1181
159,248,13,2.793510,569
77,188,18,16.012773,685
246,172,15,15.177993,363
32,176,13,17.813947,915
183,180,14,2.259492,1112
98,10,16,9.503827,749
75,25,6,17.726385,814
31,94,8,5.439912,1182
146,217,9,20.147720,880
140,231,11,3.493469,624
94,211,10,18.681432,636
221,64,8,12.998614,635
236,3,5,7.807135,966
9,210,8,8.415218,414
110,167,10,9.555764,1020
165,172,10,8.824910,1032
246,186,10,0.578527,362
177,162,16,1.317215,259
31,64,14,17.495387,1074
121,56,16,13.997077,561
135,120,12,16.671667,248
170,103,10,17.473552,1040
131,43,17,4.918849,427
13,168,9,0.128567,884
185,152,13,11.086899,983
171,183,8,6.632983,291
116,75,17,17.588906,182
2,202,10,11.415448,851
4,40,10,19.381868,583
132,218,18,15.689369,807
155,183,12,3.061193,100
129,201,12,9.147299,1133
157,49,14,13.360502,1173
169,27,7,9.886926,556
92,192,11,15.079641,618
71,133,10,9.487489,751
112,213,5,17.316920,264
61,32,14,9.921559,1084
163,131,7,19.898891,435
170,175,19,18.764859,1126
26,70,7,17.855627,921
166,155,19,10.589106,635
55,137,9,2.106419,623
123,22,20,10.195425,196
98,197,7,14.415171,1160
245,142,8,14.071938,160
1,108,17,17.265856,782
246,240,6,13.068509,291
35,204,11,8.583175,140
7,163,14,19.800518,561
122,249,16,4.387614,791
62,234,15,10.016846,546
25,186,14,18.370627,397
152,126,6,16.367701,140
195,111,17,8.570092,533
155,151,15,13.537952,1131
170,181,18,10.169820,208
215,50,13,5.074068,635
233,192,19,12.572774,657
19,165,18,5.096134,389
212,63,20,6.820073,581
49,113,7,6.366334,506
54,15,18,13.747398,1120
80,62,10,18.764368,843
191,91,15,18.774808,814
125,239,11,7.883809,1051
102,35,13,14.503743,1029
96,91,11,8.532159,268
190,38,8,10.680185,734
171,234,8,10.866587,1173
135,227,18,16.336609,101
249,81,8,4.004051,886
142,116,9,8.495219,480
153,141,14,13.179960,609
16,86,14,1.587038,558
234,4,14,13.758306,893
102,67,5,13.943207,288
105,127,8,11.011132,379
16,42,18,5.055991,1185
60,170,8,6.369063,782
227,85,12,2.328228,487
61,9,6,1.638709,889
101,107,20,1.315494,1091
238,192,8,3.572262,554
97,197,10,5.499592,150
101,51,18,19.068746,1164
219,42,17,20.047320,808
113,29,12,12.555112,197
126,215,10,14.150994,186
119,88,19,17.499258,583
93,6,16,9.335358,484
141,119,11,10.690948,709
49,222,8,12.802017,670
115,189,17,18.515821,1114
193,146,12,19.963868,847
125,12,7,15.476090,1099
165,45,7,4.264318,425
24,121,7,3.746236,1000
66,158,13,16.815589,334
85,90,9,10.163538,750
151,131,19,2.954648,610
155,116,14,9.401406,165
136,37,9,0.156069,1195
0,177,7,0.349003,954
210,249,8,5.443365,708
190,179,7,13.366866,766
62,218,10,13.298820,314
92,144,10,0.607467,167
160,138,7,9.173659,737
179,32,9,13.385677,435
151,142,18,6.832214,1106
82,205,15,11.129125,602
110,144,7,6.863993,154
232,208,9,3.173108,616
244,82,5,15.057370,984
135,235,16,3.448869,1018
50,187,5,8.959635,627
57,89,11,17.393069,481
179,79,15,1.976875,1089
84,71,8,11.513047,1087
43,25,6,6.821415,313
112,198,5,6.917472,520
197,242,6,19.063620,178
34,20,15,15.114314,1074
35,117,12,15.293226,286
223,29,10,16.439832,1137
200,143,7,13.469079,814
171,233,20,4.659911,577
211,50,17,8.424004,646
11,204,19,12.122029,194
224,4,13,5.009538,551
48,56,15,4.100456,147
160,137,14,4.918025,873
33,152,10,7.453330,812
142,3,20,2.531051,1104
8,74,19,20.168326,835
132,152,7,17.478684,325
165,241,16,18.465102,933
151,80,15,18.362657,111
11,126,16,4.326280,327
170,104,9,5.741898,484
59,132,17,12.267874,926
20,171,11,6.413767,413
94,242,17,18.387859,622
17,71,18,9.130316,978
141,207,11,9.862613,842
249,246,12,5.681579,925
34,221,10,12.165312,215
46,100,13,17.463371,827
211,122,19,8.600777,670
51,76,9,14.981355,474
127,83,19,3.046414,774
11,46,7,12.116248,572
75,246,16,9.765597,872
235,168,18,6.795678,466
228,74,5,16.196414,873
163,138,17,15.946435,302
69,46,20,6.715951,178
207,240,16,20.039856,370
25,108,14,19.618474,499
145,129,8,3.933404,1087
56,165,6,9.944253,237
188,88,17,20.399370,151
200,104,10,4.408573,968
155,9,6,0.399221,362
62,0,19,6.008876,254
76,227,11,6.623489,764
166,17,14,1.062236,625
170,94,17,3.937221,1084
14,172,20,8.952575,569
30,84,15,4.325775,640
202,218,11,17.762952,1006
151,138,15,16.531097,1064
183,93,14,5.721625,705
117,126,17,17.564918,338
51,117,12,9.671493,244
58,8,13,2.203771,695
192,246,5,2.844883,303
12,94,10,1.947348,867
32,177,7,8.201616,1127
207,113,8,13.617172,371
177,204,8,19.420124,337
127,12,15,20.440505,677
127,213,11,12.442295,363
3,207,7,10.680608,486
130,60,5,4.175021,529
48,51,8,10.866178,607
80,112,13,2.624624,167
243,207,14,17.713283,1038
60,118,18,15.437099,379
115,61,7,9.756563,480
15,11,11,11.900659,296
26,160,9,0.253009,1087
7,143,11,4.295850,103
11,193,9,19.461896,562
5,56,19,19.908937,259
157,240,9,18.755866,361
125,234,6,1.472890,773
208,166,15,11.433470,779
229,187,8,18.149226,154
105,101,20,0.809995,499
142,100,13,11.710474,314
146,186,19,11.719568,997
146,157,17,7.814070,684
68,176,17,15.481094,145
219,74,16,3.741530,281
208,121,20,7.115515,132
76,174,16,3.036343,491
168,126,10,9.551727,473
191,145,8,15.986625,779
216,98,17,13.694812,272
87,113,15,8.379482,1185
65,19,20,7.685830,930
211,149,12,4.454886,894
130,206,5,11.406753,604
16,25,9,12.663621,289
124,44,5,19.326336,728
116,66,9,5.871833,1020
210,48,12,9.651526,810
161,163,12,17.217096,1167
179,37,10,1.061680,473
5,97,9,0.751793,597
56,114,6,14.691982,433
2,39,12,10.888708,456
50,161,10,11.524834,1068
163,238,12,6.407660,907
189,63,16,5.579721,357
192,118,15,4.148803,863
77,222,5,11.542228,782
32,25,5,11.185645,285
36,189,12,15.322890,761
47,236,5,2.924307,732
232,149,6,3.506490,1167
73,177,12,17.835600,1119
54,249,11,6.489935,536
198,36,5,14.178787,1045
135,169,20,17.836594,201
44,142,16,4.995858,1016
13,36,8,9.240642,876
20,101,8,14.708802,1071
187,198,14,17.590871,345
93,243,20,11.644895,555
68,179,7,3.043021,163
175,2,14,15.612508,362
143,164,20,15.511744,343
122,241,10,10.000641,822
109,145,5,7.639475,756
178,241,6,0.938040,262
218,192,17,13.798284,198
185,245,12,16.712784,554
158,125,18,12.189604,205
136,199,7,0.180895,835
164,167,11,15.852983,137
11,158,10,3.051497,642
46,0,11,18.927845,758
65,179,17,1.820912,761
35,115,5,13.896557,638
17,100,13,4.239303,537
223,65,17,8.901935,356
246,180,11,2.424158,200
89,168,14,18.004686,486
95,125,10,16.547002,129
104,192,11,17.565526,807
38,166,14,8.305438,590
195,1,15,10.123044,706
100,186,11,6.148484,1006
67,71,16,5.538230,959
89,112,15,5.954501,471
14,234,18,18.140606,867
225,189,7,3.780476,136
144,227,18,0.269411,1132
204,171,10,13.918465,162
146,221,7,5.649952,877
11,125,17,13.334491,1177
143,151,12,17.295720,978
194,65,16,18.274752,666
108,54,12,14.066600,868
87,248,17,19.647891,703
12,95,10,8.680885,1044
121,212,8,5.306301,101
132,49,17,10.264648,185
63,73,7,17.602610,223
68,132,16,6.662919,918
101,237,18,11.121557,350
109,96,14,5.141358,1049
145,163,9,8.834962,1029
58,97,20,10.624430,1020
97,196,16,8.315610,866
55,241,19,9.798952,384
240,200,8,20.217658,1106
142,172,13,10.111829,598
61,210,5,0.739946,381
102,233,13,13.664715,527
98,243,5,13.221025,849
172,131,7,2.815869,416
178,242,19,3.222832,262
183,249,18,10.135103,119
84,108,16,14.940225,663
147,65,13,12.651413,1025
35,195,10,17.452781,108
18,33,13,16.756462,1106
21,185,11,4.437279,480
144,73,9,13.472538,166
138,179,7,10.837798,135
212,230,17,0.711549,1007
90,27,14,3.577452,353
5,34,18,2.247450,760
119,83,13,9.159691,908
28,201,19,1.258723,684
56,63,6,10.163468,892
126,82,17,1.883735,831
153,37,13,13.199288,136
157,99,5,4.557446,105
241,122,16,0.686549,992
181,49,5,12.828504,828
219,197,7,7.784564,1107
102,228,17,14.506802,140
95,197,13,4.300429,929
226,38,16,7.536903,335
116,209,20,4.219857,1005
15,149,13,5.774602,695
204,14,8,14.089971,824
93,43,8,17.062853,655
211,152,14,17.559047,1163
231,89,12,1.664054,844
32,199,6,8.982585,229
6,10,5,19.506212,626
40,54,20,11.098995,1062
85,7,12,17.462214,911
122,75,14,7.154584,841
15,182,20,10.126106,480
128,78,16,12.614325,136
110,243,9,2.396411,834
196,62,19,2.742650,589
144,12,6,18.754256,1186
121,182,19,8.551919,934
216,23,5,17.977523,1199
25,192,14,9.391697,1094
230,145,6,5.626740,972
66,51,11,11.053090,1037
93,139,11,18.692263,462
25,195,11,3.343529,275
137,65,12,20.449281,332
11,15,10,5.559149,812
82,210,15,16.672060,180
37,58,13,14.384088,115
32,3,13,8.170985,915
28,9,8,20.435104,164
62,137,12,7.345837,834
178,237,18,19.179774,724
20,119,8,4.298640,530
163,61,20,5.229176,450
88,123,15,19.211794,1160
162,31,18,12.395743,1159
54,88,12,8.136914,585
196,175,5,15.420649,688
165,0,12,4.336967,1043
100,172,20,17.213372,910
0,239,13,15.569894,880
225,241,14,8.765198,621
172,36,11,19.381692,188
56,0,16,4.087250,562
141,179,7,10.179663,209
99,145,15,6.685897,449
0,39,17,12.786356,411
133,141,8,3.428932,1122
179,12,16,11.460510,481
84,225,10,18.525219,387
239,146,20,15.273358,293
14,39,15,0.973892,201
175,143,12,19.829513,400
213,225,19,3.101550,1012
14,94,13,14.089294,475
182,141,13,11.302014,878
130,222,17,20.145221,635
205,21,9,4.646245,808
183,179,7,18.572879,529
207,79,17,3.350402,379
209,170,7,11.943095,1138
155,126,8,6.533391,523
104,0,12,15.131849,284
214,238,19,7.764904,370
42,146,15,18.445526,1154
68,138,15,6.772088,1064
9,21,10,16.984701,625
42,249,7,15.415925,1151
63,185,13,16.548013,697
109,152,16,12.311432,529
152,201,11,8.635343,694
4,162,10,8.864511,881
84,123,7,15.427729,1011
157,89,12,4.887158,1109
36,23,13,14.044640,1131
239,163,17,0.946792,408
38,228,5,19.955346,328
26,176,16,12.955868,126
58,38,11,20.277049,1159
183,196,11,9.195210,798
78,155,9,3.525347,827
114,40,7,17.726061,1060
123,161,19,4.227700,583
153,151,11,5.051889,862
74,110,16,9.406641,733
92,209,8,20.308226,879
176,79,15,0.333856,882
155,164,7,18.669467,501
197,67,7,14.361576,495
114,177,15,2.044401,268
122,29,19,11.720423,231
181,64,16,18.537613,287
144,11,15,13.717957,780
69,62,11,12.788644,232
3,29,6,11.022385,792
215,14,18,16.682834,989
180,189,15,6.110358,727
142,190,10,5.253774,1105
34,36,9,4.200390,501
63,1,7,9.122629,703
3,226,20,2.378150,983
83,84,18,3.746024,594
222,88,10,8.835452,493
142,53,20,7.700872,687
241,84,6,5.383336,705
40,126,19,14.268002,664
207,224,5,1.059747,544
46,154,7,18.904263,711
175,28,5,18.962958,198
229,141,17,14.367775,296
127,145,12,11.925388,199
217,89,16,19.630806,558
210,41,6,6.180319,1092
13,166,20,8.910630,137
76,22,6,20.158350,119
208,13,13,2.053761,652
0,241,19,5.455238,1086
236,138,8,17.808658,936
18,176,13,18.465237,132
226,150,11,8.040063,459
206,67,20,10.200129,240
190,1,10,8.363655,471
211,160,20,6.947414,691
229,180,20,11.381348,570
22,110,19,3.752490,927
0,151,8,10.792743,363
116,49,17,11.151984,370
222,159,13,11.686521,232
168,163,8,9.290600,880
225,226,19,12.941736,328
10,234,19,19.325813,885
111,29,18,4.949374,1155
208,88,10,5.440977,567
96,17,9,15.191419,1059
88,103,14,13.325909,290
138,211,11,6.519307,1146
168,62,18,7.541887,471
34,137,7,8.980744,737
50,203,13,1.376518,348
212,64,10,3.421315,382
183,248,9,7.823800,425
62,60,5,10.377152,644
18,208,15,5.070890,706
195,59,16,18.381174,448
26,210,8,6.956908,224
67,233,5,15.191306,905
127,54,10,8.190793,1158
124,220,5,19.662520,111
209,222,9,14.885044,1065
38,178,19,1.786320,310
46,246,14,18.785336,987
130,248,15,14.707176,609
194,180,19,12.867259,768
161,12,11,2.631343,913
154,24,10,8.521054,713
227,15,7,3.445501,1142
228,208,12,18.738928,126
93,233,19,11.321929,584
39,111,20,16.544716,974
150,231,19,7.533721,193
113,30,9,16.537500,258
129,62,14,8.466850,1021
125,188,13,15.085736,377
202,55,12,1.894695,327
156,128,10,5.258579,745
197,248,8,16.565548,164
122,111,8,10.553248,226
53,97,6,14.032215,984
37,98,19,11.923732,655
53,223,10,18.433227,869
73,196,19,6.786700,1174
237,188,8,12.405078,1052
144,81,20,18.905855,1034
187,36,18,13.495057,1175
7,227,12,0.059408,502
42,61,6,12.039411,276
200,125,14,6.283408,1103
149,24,6,11.206671,1188
14,55,18,0.582582,949
182,62,20,0.166833,1029
163,72,20,1.622497,476
39,212,9,8.639146,1106
238,43,14,9.556566,717
20,184,16,12.162314,145
156,100,5,0.322476,258
64,166,13,12.746772,122
30,166,20,13.097755,263
162,125,8,12.834428,358
41,166,18,3.785791,497
205,26,7,9.264425,293
2,170,8,4.039874,884
168,39,7,7.560055,212
102,204,13,4.585265,595
224,219,17,17.279787,154
102,160,11,0.531763,429
230,237,8,12.502721,277
125,194,14,10.142115,811
99,89,18,10.817889,348
3,209,8,20.327481,1185
97,126,10,7.808787,1033
239,112,16,20.009470,434
71,47,6,15.505259,838
98,181,8,9.584880,310
19,61,18,7.717297,1098
226,88,17,9.803480,235
230,223,13,0.683963,174
204,211,20,17.286809,879
193,34,14,19.399547,745
122,200,15,8.392555,142
224,30,15,6.475042,156
157,67,16,15.590692,665
126,72,8,2.358433,101
71,182,12,7.490618,753
239,29,19,8.671378,312
81,249,8,14.172210,494
139,67,13,5.672401,162
145,118,7,1.708392,378
89,171,20,15.430065,1031
225,205,9,1.362497,149
231,20,8,1.985938,390
30,82,9,10.504916,888
243,167,7,14.773423,856
128,156,14,13.819206,228
3,230,18,16.661166,546
22,132,17,11.165367,229
27,102,5,10.705679,502
158,239,8,9.644809,1046
22,109,18,4.807131,925
45,90,14,18.847142,1138
204,196,8,13.241399,1039
225,94,11,3.559644,260
181,82,5,6.144678,286
37,138,7,12.145057,564
12,143,18,11.213946,129
176,122,9,7.104130,618
122,76,20,1.132022,227
68,85,17,0.107498,633
15,64,5,19.688330,1044
187,190,18,14.021769,788
173,225,5,19.972037,128
210,165,18,19.086823,1123
29,210,5,9.872919,319
35,219,16,16.018527,1067
232,81,18,0.951482,791
31,28,13,15.619402,166
136,11,15,6.583800,910
22,90,7,15.845739,784
218,65,19,19.023886,687
92,138,10,19.902284,299
189,55,6,0.274484,1141
53,33,5,7.824372,378
107,110,19,15.457174,382
235,185,9,13.227583,1144
215,222,18,19.732555,502
54,105,19,2.336639,143
198,158,12,9.261703,220
54,45,17,16.026519,584
3,138,16,0.578869,698
157,213,19,7.580381,971
198,71,14,5.959832,1155
227,147,14,6.032497,208
200,215,20,9.588930,924
136,9,15,0.317389,1023
117,106,11,0.243183,924
65,81,15,9.025903,824
141,222,5,5.588664,572
78,51,17,16.113870,115
36,126,13,16.437411,140
15,249,19,20.030363,717
121,48,17,20.139093,190
103,79,11,13.197209,917
145,73,9,7.287176,522
154,137,9,17.489859,1038
241,41,17,16.858038,1155
67,35,17,15.945398,1023
45,120,7,8.525251,441
211,117,20,6.908120,797
242,82,5,10.167118,375
19,193,8,1.829385,1065
79,205,20,3.700108,955
171,100,11,19.422285,616
178,7,12,19.481270,110
143,233,16,18.424434,566
171,95,6,11.005109,231
164,98,8,5.914780,726
51,2,10,12.015665,773
126,198,20,4.261337,157
125,203,9,12.439772,725
186,164,9,19.896473,753
113,149,20,14.815176,818
44,99,17,1.401098,1187
58,246,6,16.124915,685
191,119,10,4.858028,1043
82,162,5,8.162926,679
67,45,5,7.611426,323
161,221,18,6.461690,174
211,29,5,8.445934,368
76,145,20,14.127154,1049
198,74,11,2.008363,882
249,230,13,0.360072,600
105,41,6,8.066370,1123
1,155,19,17.888617,465
37,126,20,13.319111,198
42,246,14,16.425833,256
55,84,15,3.737187,1009
154,101,14,17.644772,323
20,214,14,10.565605,540
17,111,15,7.382621,1181
230,93,5,11.487949,517
209,81,17,2.583350,234
216,95,11,18.561651,660
201,103,11,15.196373,1120
138,61,20,2.343647,312
217,182,7,10.497588,979
168,61,8,12.944902,226
127,75,18,15.189941,997
243,107,8,8.043204,165
45,116,5,19.232918,1189
223,143,11,0.469111,1132
142,212,14,18.600071,1003
61,89,20,4.873286,783
2,168,16,15.218789,676
48,14,11,18.639581,797
242,91,5,13.625126,420
137,157,15,6.188869,666
238,46,19,17.966447,711
89,196,16,13.560200,1130
99,11,10,7.854814,261
49,92,14,14.321722,400
82,127,20,9.080970,930
207,238,7,13.389296,466
58,20,14,9.632034,389
148,76,12,19.064373,733
23,95,6,20.317927,717
229,28,14,3.479996,545
37,30,12,14.064573,827
64,130,8,6.525534,767
174,124,12,1.016162,1173
28,147,9,2.141974,661
169,148,14,2.728945,682
12,151,14,15.034099,1009
105,240,11,19.348479,950
189,199,5,18.801709,265
141,36,19,19.588109,931
8,82,10,16.375455,150
45,175,7,12.325153,768
146,124,20,4.975167,399
28,220,9,19.751835,1177
224,57,6,3.845460,644
172,43,9,15.925623,480
94,164,16,20.219417,893
130,140,9,2.820695,758
144,184,15,14.455486,246
214,218,6,10.853609,1071
198,51,5,8.251807,297
151,203,18,16.350750,357
118,107,7,2.700667,536
145,5,14,13.572524,900
206,240,10,20.199641,993
204,15,12,16.137819,702
20,236,13,5.791326,190
121,60,12,4.030775,1003
148,220,14,11.649524,1061
7,51,10,5.584356,996
178,9,5,11.863652,499
57,28,20,19.214359,1120
117,188,16,7.403733,1087
98,204,6,16.702502,487
25,227,7,13.075396,362
94,86,15,18.953881,942
43,90,12,5.154034,1130
160,232,10,11.179036,358
1,128,16,19.054465,171
32,113,20,7.576881,543
223,140,5,1.418194,716
162,144,19,20.429039,187
110,155,15,19.630785,724
115,46,6,3.407230,889
29,129,11,15.241804,140
225,190,20,4.373362,384
179,108,6,1.028058,332
116,199,16,13.420289,529
153,138,8,15.986510,523
224,213,7,20.431706,383
199,182,10,4.801974,1184
168,223,8,2.240212,999
15,124,15,10.715272,586
99,52,8,10.343331,924
30,119,11,17.946443,846
9,46,11,11.495337,602
13,66,8,14.261058,705
139,157,13,5.739648,972
70,65,8,2.809860,548
88,101,5,9.148584,921
23,49,13,14.176169,147
81,107,9,0.446961,569
178,180,12,8.567741,700
162,23,16,4.717663,1092
101,58,14,19.368424,1042
208,248,14,7.115024,496
153,91,15,11.141879,844
241,150,13,0.895294,973
100,124,19,17.732899,1191
65,78,17,0.999892,268
35,40,12,1.852475,959
163,241,14,3.893035,612
29,107,5,19.059041,1179
193,181,17,12.096279,1008
134,107,13,3.648848,561
70,78,18,12.359321,1031
137,130,16,17.921826,137
242,166,6,15.498415,791
134,114,8,18.337836,552
183,5,17,11.313744,843
130,218,20,13.779639,239
64,17,20,14.015382,881
197,14,9,4.827571,871
137,85,14,6.691585,130
63,211,14,0.215482,587
216,204,18,4.154613,168
32,125,13,2.597274,1136
246,10,5,18.003738,1148
50,155,6,3.316300,715
50,210,16,17.862794,457
198,91,13,12.514351,584
60,67,15,5.907347,1080
184,22,5,1.716892,242
172,221,13,6.713609,1106
149,199,6,2.889325,585
218,99,14,9.878453,560
243,203,9,13.609749,902
97,82,12,7.813689,881
210,177,11,13.000745,994
240,120,12,6.443043,1060
192,110,5,12.722330,264
50,224,10,16.711231,266
234,10,18,6.114609,192
165,166,15,0.576273,670
210,189,18,4.750096,503
8,34,10,3.476314,746
97,80,9,4.560224,990
249,14,14,3.599243,388
11,34,20,15.675582,1093
3,37,8,14.099913,236
194,113,18,14.318678,1031
130,232,20,15.815476,716
119,169,20,12.347380,1082
221,131,7,9.349940,457
94,142,14,5.316456,1015
226,199,13,13.894528,177
63,11,20,13.081667,444
126,186,8,18.591742,1166
235,80,18,5.707664,363
208,25,16,10.393734,963
123,162,17,0.819151,821
213,174,5,4.427993,569
122,240,9,7.709159,973
230,99,15,17.489105,148
30,50,18,10.418660,973
228,180,11,3.118645,428
152,81,12,16.966520,507
203,111,11,12.774346,1096
119,240,20,11.987985,1191
179,82,12,15.541489,542
18,227,15,12.831875,590
134,117,19,11.357885,215
78,68,7,15.876332,128
194,6,13,17.060401,151
131,201,6,10.721350,1081
66,169,15,7.748501,229
215,64,14,12.216384,839
119,149,16,0.264232,167
174,111,8,10.426176,741
190,25,5,2.223052,475
88,193,12,4.476265,856
103,248,15,15.401494,1071
203,52,11,17.020886,779
199,110,6,18.336642,259
89,231,12,19.321826,502
208,125,10,7.367661,828
2,73,13,0.355239,1135
12,194,8,8.786639,947
54,197,15,3.674631,220
245,72,5,19.330862,1124
59,58,16,16.974430,462
54,34,20,2.465706,380
168,190,8,13.642628,566
241,156,12,1.585995,520
28,169,9,11.802211,895
203,148,6,0.935792,683
188,63,6,12.669340,352
167,109,15,7.600373,940
23,125,12,6.567113,280
48,146,12,18.002651,372
235,132,12,11.071697,395
69,85,11,7.222364,409
114,34,19,2.289287,369
189,149,10,15.478998,613
76,214,6,1.571543,993
207,129,15,20.390540,206
60,223,7,19.660234,1178
43,240,6,19.823188,1002
212,246,18,15.366765,262
231,243,14,9.548903,765
186,11,6,9.822027,779
199,41,17,3.496496,713
14,194,16,14.352710,1165
94,218,9,5.151922,837
155,131,17,5.144367,623
61,60,5,13.608590,921
106,230,10,1.868045,936
17,103,12,14.768052,437
24,168,13,5.589852,154
196,23,5,0.145568,223
82,222,18,1.742761,1080
43,2,11,12.371579,504
128,8,15,13.107462,124
173,23,9,6.100643,726
63,142,14,6.351297,180
248,156,12,13.152328,289
186,10,5,13.205873,326
202,184,11,14.286506,783
84,182,12,10.931960,723
131,239,13,15.699866,984
81,33,12,10.944725,1091
3,120,19,13.613777,881
240,12,20,3.973205,811
157,139,6,3.401892,482
73,49,20,2.692815,793
233,63,8,10.294733,876
49,46,17,2.052778,622
180,241,20,4.817005,283
237,150,15,15.257524,532
16,5,14,10.795566,768
63,82,17,12.551191,300
173,207,11,5.585962,240
12,228,16,5.003069,164
176,229,10,2.594069,458
238,181,20,2.475356,1108
204,99,14,10.840568,840
214,99,7,20.408879,674
197,8,15,11.229023,357
19,214,19,18.193729,238
92,89,8,19.463515,1009
195,165,5,14.391470,1198
159,67,20,17.835394,1039
131,120,13,6.200270,261
68,40,10,11.476950,250
128,65,10,12.084270,358
98,114,19,7.573754,201
200,150,10,3.137989,827
194,231,9,9.867975,431
219,159,9,0.549080,466
147,144,13,13.920057,516
192,165,18,2.048857,440
115,163,17,16.237658,156
99,28,18,11.015812,194
43,236,13,7.502413,841
122,236,9,10.373080,1072
66,145,13,13.240043,890
226,197,15,13.984882,137
132,121,12,17.758402,113
93,85,8,12.097741,515
85,105,9,13.590540,105
117,223,19,5.213367,1193
87,221,20,1.352368,1080
6,51,19,3.830207,202
30,163,19,19.558281,842
57,121,12,7.976861,1101
61,146,20,9.609076,510
55,52,17,3.684905,1014
219,148,18,18.525595,211
207,76,7,7.677585,471
68,239,18,15.173027,674
168,20,6,18.335078,1164
19,101,7,15.799332,353
39,130,19,5.195789,796
141,198,13,4.133851,1047
52,110,8,12.660649,204
165,73,5,2.255111,615
102,200,8,17.581995,361
37,90,7,16.915523,644
152,33,16,15.105915,1122
200,27,19,7.366304,133
122,88,12,1.588556,682
230,232,10,13.001255,602
