Source,Dest,RateLimit,Latency,LeaseCost
306,399,6,7.103482,181
131,10,13,1.445052,566
246,449,20,1.394153,815
37,236,7,20.400109,361
429,266,6,14.451688,557
180,447,17,4.024774,229
31,432,8,10.652170,881
374,171,7,15.546597,175
286,138,9,5.603638,915
305,400,20,17.622392,668
61,447,14,14.313102,254
188,207,13,1.165817,330
45,401,15,3.305761,1113
442,8,13,20.344603,1021
52,448,19,3.872499,781
344,103,14,9.376458,1016
395,421,17,19.023857,956
98,186,12,9.858629,657
51,355,16,1.568315,161
395,2,19,9.172732,681
173,117,9,2.363764,738
180,441,16,11.261425,1002
325,33,17,11.877520,1024
177,406,11,5.164311,319
438,232,15,16.378851,418
111,118,14,14.398613,716
227,122,6,10.175760,398
166,98,12,2.505196,334
164,318,12,4.051488,456
267,190,7,18.179057,1147
197,321,18,17.480133,1028
430,287,10,9.820146,397
353,57,8,11.049986,1004
6,360,19,16.933266,115
90,416,11,19.100056,159
134,26,12,9.545101,694
191,207,20,1.759322,770
27,395,6,1.556156,143
16,301,6,13.769022,557
220,259,11,14.801902,923
121,51,20,18.338479,539
3,333,14,20.365007,756
371,118,15,6.027495,248
422,177,11,16.023762,853
122,168,15,19.079828,1098
383,369,5,5.649122,876
272,374,13,14.491087,790
344,399,15,4.577303,1164
86,365,6,9.753823,627
369,326,13,3.931806,1186
73,121,13,8.129544,688
19,340,16,0.732433,1120
193,222,8,8.408791,845
63,45,15,0.354660,840
58,192,7,13.365148,884
336,228,15,6.515985,948
178,346,7,8.087845,470
132,253,10,5.725632,964
334,86,8,1.651129,897
448,179,18,3.105480,667
80,226,18,10.478530,290
310,343,8,17.990404,542
278,153,11,15.606573,1136
100,190,14,10.474547,643
284,246,8,19.982841,245
379,317,8,4.602341,921
214,280,13,15.382809,800
381,267,12,13.380647,482
236,249,8,2.871806,381
326,212,9,0.403591,118
282,415,15,20.417593,309
214,372,14,14.744649,1068
266,352,5,11.128865,102
15,106,11,5.191562,1115
291,251,15,13.230679,927
97,412,6,16.232667,360
28,191,18,4.546627,1106
26,348,16,3.719423,964
365,179,13,4.406111,392
366,231,7,16.283140,932
192,116,5,6.525662,981
389,431,7,14.431117,500
271,353,15,17.111699,484
427,426,17,1.913696,494
406,345,11,3.740457,288
406,184,6,5.630222,450
131,97,16,2.244891,858
245,160,17,9.750144,1143
41,151,15,16.323226,451
253,285,8,16.807020,998
131,99,10,0.327807,1159
110,219,13,12.817189,559
56,156,18,9.888046,1178
315,121,12,13.404907,593
68,66,10,6.631752,192
229,185,11,0.991958,651
133,114,12,9.093414,792
403,59,14,0.433672,580
321,400,10,3.013084,990
30,351,20,9.120931,1188
145,336,13,10.287181,511
330,142,7,20.312471,333
423,269,10,14.064636,938
13,72,6,1.730930,707
332,312,13,18.349118,1026
105,137,8,2.892315,270
321,275,20,10.790766,463
308,49,5,13.385565,1001
441,44,9,18.731681,364
442,336,18,14.126722,1108
111,445,7,0.610599,288
107,17,18,15.936937,655
194,18,14,5.544869,335
4,1,13,19.747164,917
124,315,5,20.465501,693
351,193,20,5.386689,964
94,217,15,10.484972,660
20,106,12,2.981561,139
27,383,15,13.863128,249
388,230,5,16.536340,863
339,63,16,3.140291,690
184,296,7,12.415248,527
60,363,7,6.325905,531
283,114,11,20.232401,1054
117,373,16,19.148339,165
346,137,18,5.754884,1086
80,215,16,12.576641,595
185,94,10,1.428144,794
270,253,8,7.375455,158
371,165,20,17.614204,1015
108,0,17,5.658117,485
94,120,14,10.333524,904
360,198,7,15.217320,1136
102,414,12,14.278657,694
84,206,15,3.658420,1138
354,189,10,15.271711,693
117,111,15,0.451797,812
203,268,20,15.816008,191
179,268,12,10.033183,983
100,376,12,11.320395,363
144,433,9,10.000652,982
338,212,9,4.874030,566
256,395,9,20.447493,386
348,254,14,18.381233,189
35,40,15,1.683105,834
358,13,11,6.404304,773
215,164,5,19.417385,278
194,109,16,9.842937,312
357,31,15,3.197031,338
122,144,16,3.836834,495
410,415,15,0.289660,922
121,102,17,8.965255,1170
302,231,9,6.157432,1171
247,326,18,2.921420,768
209,77,6,3.972299,377
4,399,13,11.519836,1145
309,338,13,20.025042,361
5,257,13,20.234068,152
230,57,15,4.162157,551
323,298,11,11.719480,716
274,398,8,6.422400,1197
188,193,10,11.356170,301
160,221,17,14.043231,486
339,261,15,20.237094,414
90,429,15,10.673899,401
110,18,17,8.356837,221
221,304,16,5.704321,994
139,215,20,8.464839,921
424,363,11,4.808842,583
317,280,9,10.446980,1199
381,230,13,20.016648,610
363,76,6,12.693796,849
403,220,15,14.845656,995
208,281,10,17.652953,895
417,423,6,9.269215,616
176,307,11,10.212167,940
394,413,15,9.628641,728
220,379,6,12.024808,394
152,238,7,10.642085,1145
162,249,9,8.361547,944
424,9,11,3.354428,910
338,70,6,1.550293,882
96,297,11,16.973746,907
38,131,13,15.687924,530
337,133,8,13.208480,570
368,158,11,11.500696,191
170,437,20,14.509723,1193
258,36,7,13.287289,274
177,101,8,18.357249,873
303,173,13,4.580852,1124
321,107,15,13.753345,889
371,433,9,4.843733,222
293,335,13,14.572343,487
289,362,9,20.001526,1096
405,141,18,12.858248,726
197,295,5,8.154943,408
153,374,11,18.727908,404
144,44,18,18.537392,330
418,262,18,6.026112,404
316,101,16,12.635215,1177
84,306,20,7.611565,841
415,340,17,8.094492,559
163,410,11,15.323978,932
221,16,17,8.054689,237
355,81,18,15.946913,440
242,381,20,4.961334,666
334,324,17,12.184880,570
274,27,12,18.882025,442
204,10,7,3.482263,323
0,317,9,20.244039,571
172,137,12,7.009779,443
343,52,12,12.478330,947
127,333,5,12.483247,164
232,135,17,13.621272,471
36,70,16,17.292918,497
428,292,18,15.124909,510
365,64,5,10.152552,302
340,89,20,6.285455,1084
375,389,5,2.474211,126
10,163,9,8.296829,579
39,289,17,16.695939,236
218,341,9,5.885319,315
119,76,5,14.742704,1059
242,184,15,1.490732,787
9,364,14,18.231986,397
92,432,10,14.534425,451
291,241,9,19.948718,593
14,247,13,7.452489,1196
364,4,12,19.705006,1161
132,164,7,8.484398,953
145,376,10,6.950142,886
380,239,10,17.450419,515
384,191,8,5.660948,196
182,331,9,5.195196,285
37,318,13,18.842172,1056
267,406,13,19.924532,337
191,414,9,17.052789,775
376,327,5,5.697687,669
15,406,7,13.184306,696
116,31,12,11.510950,1123
121,27,20,5.533897,1195
428,249,17,9.910507,413
310,1,6,14.669321,753
150,328,5,12.544911,194
390,285,10,15.901487,1138
342,348,20,0.320218,698
363,197,6,11.139154,738
49,64,6,4.432127,1167
55,142,9,7.609175,840
328,37,13,4.813508,288
286,263,13,11.933724,595
199,183,19,16.912577,402
394,55,17,2.443107,978
114,1,13,0.694017,582
253,15,9,5.004637,1036
176,89,7,2.157386,1156
415,176,7,9.175681,196
289,207,8,1.159483,783
223,258,19,9.791441,561
128,340,13,8.917693,456
15,228,18,13.916699,162
274,257,7,2.944395,341
344,424,6,15.326544,881
323,358,17,15.649330,388
157,107,17,0.401251,132
172,163,6,11.827607,201
427,369,5,12.423220,423
72,301,5,12.070698,410
147,4,18,3.937607,1066
75,309,16,15.053099,1020
353,363,18,19.161867,515
172,370,14,7.579128,943
448,110,17,14.079860,753
323,203,9,6.456025,139
243,186,12,16.345598,554
12,178,9,7.619175,792
318,378,20,1.244768,988
325,380,15,1.255242,303
306,382,20,12.360858,450
121,403,15,4.318085,1018
402,333,20,4.559881,1036
118,417,15,4.036663,630
267,233,14,1.607077,673
437,210,20,15.422800,471
342,216,5,18.557569,1026
338,341,15,10.518131,528
207,266,8,1.379207,518
114,107,7,20.443153,295
49,391,17,11.083301,221
371,229,19,4.875343,288
35,232,17,19.895173,971
22,403,9,19.855519,739
297,135,16,6.935857,164
345,154,6,0.930280,169
288,286,15,10.755647,834
283,202,15,2.125228,247
310,436,12,15.002261,378
261,370,7,7.703004,585
365,80,19,5.748197,799
156,310,8,6.090471,778
241,102,12,9.215934,115
7,167,6,18.075377,380
9,88,8,1.966644,546
261,50,11,11.504024,371
95,288,6,12.945916,643
218,104,17,7.448289,295
133,293,7,18.533502,1142
415,179,20,7.202829,926
177,293,16,7.964481,1131
155,370,12,1.947490,258
72,112,20,13.057840,201
144,382,9,7.530357,633
172,293,9,7.822159,553
415,93,8,12.586444,1089
229,195,19,0.027535,361
73,64,8,2.042944,117
244,232,17,11.057890,285
224,72,14,19.669208,301
75,263,18,14.792430,216
58,200,12,0.599812,364
334,312,14,20.196221,938
62,365,13,12.132613,783
292,25,12,11.746716,967
280,11,16,20.232347,787
150,392,14,6.575784,737
259,138,9,5.980174,595
364,102,18,5.993264,514
218,174,9,7.181133,494
69,119,20,0.705277,653
185,268,18,9.715038,1190
20,169,16,1.349751,200
196,405,8,15.184873,1105
131,221,6,7.549701,358
445,82,7,6.995959,1057
373,172,18,17.540310,779
252,7,17,11.277413,851
308,400,10,17.961191,836
120,3,10,0.194329,182
117,16,15,8.331884,851
43,429,19,7.850271,1055
9,323,8,12.723978,122
181,398,20,5.812199,1026
292,436,18,2.529755,215
180,266,11,9.356028,265
221,93,7,11.017737,639
59,348,8,7.072645,981
446,277,12,1.402037,852
360,269,15,0.801619,377
171,346,8,13.972968,191
390,263,9,9.516322,1094
4,255,19,5.115165,396
65,18,19,13.655585,716
225,214,15,15.985272,280
144,403,9,16.417794,652
218,37,20,0.201893,1036
329,307,10,15.166014,180
396,261,13,3.727643,848
90,45,17,13.778039,1194
361,109,8,5.035554,806
273,289,13,11.685890,824
308,285,5,12.973139,106
139,269,6,13.561875,700
96,365,18,18.266226,441
300,255,13,0.976127,517
33,205,20,18.720887,385
200,9,5,1.716564,709
390,443,15,3.011910,720
273,7,18,15.230927,133
308,1,12,11.697740,1063
42,126,8,18.858808,641
286,67,19,10.596159,260
447,342,9,11.588777,726
145,415,18,4.703285,925
362,394,10,6.868045,143
219,117,19,9.718419,436
387,227,5,3.121058,678
402,185,19,17.895385,1137
210,418,7,14.521818,133
395,378,16,14.353608,983
308,73,6,10.394408,673
260,203,8,9.685535,670
275,58,18,5.624272,127
77,347,12,15.091873,1185
346,64,16,16.548639,346
447,333,15,3.612286,147
242,391,14,11.524093,988
187,229,14,2.240633,344
441,163,18,18.899925,1055
110,302,20,10.353725,394
40,191,8,14.480217,800
414,310,16,15.217930,303
418,299,6,15.572038,919
290,71,20,6.793848,1013
229,245,12,10.615094,861
401,342,8,4.808900,392
229,277,19,6.204763,748
176,348,11,8.424967,528
167,201,18,9.173495,1049
296,144,12,11.752201,156
268,349,18,13.939382,549
337,375,18,11.523930,568
364,136,6,8.131137,706
21,288,19,18.267128,970
143,325,15,10.243738,1160
272,115,5,2.807914,161
346,302,16,11.805266,119
70,184,9,7.324999,486
0,302,8,14.291942,806
449,25,18,18.541184,733
242,223,17,18.712651,565
360,211,16,15.308473,764
46,232,12,13.718044,1094
186,192,6,14.384124,813
139,322,10,10.445779,199
203,360,15,15.425098,394
427,115,20,8.675368,187
362,222,7,7.847117,717
220,243,17,8.353897,936
8,26,7,12.675587,1114
294,81,16,11.116362,462
427,212,11,13.676510,871
279,367,18,5.357690,813
413,251,14,19.958761,1170
268,325,20,9.237234,655
136,47,20,8.479461,149
70,194,20,3.559094,493
384,5,6,12.254259,1057
48,326,9,8.063866,135
259,261,8,12.967046,784
251,337,18,2.121985,565
132,28,11,17.257734,983
375,193,11,4.348488,375
393,19,9,12.154669,920
19,317,19,5.647951,297
23,221,13,17.443947,790
156,11,18,12.899907,1086
154,333,7,8.136571,581
230,172,11,20.225828,375
144,208,5,16.745706,1102
426,62,13,9.493381,465
175,435,8,5.731113,334
360,185,19,5.532733,1081
250,372,5,11.283336,129
359,70,19,0.914374,154
413,391,17,12.514249,360
121,175,6,15.053327,1151
55,335,18,7.962108,583
432,310,14,0.292337,135
122,323,8,5.187538,181
417,170,16,2.096267,898
262,36,20,3.323953,923
344,90,20,11.548021,777
92,257,16,18.241356,408
130,91,16,6.610665,1158
237,448,13,13.013359,694
198,3,14,2.712189,134
263,270,13,7.644547,302
311,184,7,10.066175,964
389,152,17,15.805981,947
310,91,11,9.400506,1177
430,339,15,17.452575,202
83,282,9,17.038935,639
416,113,9,8.726643,590
298,117,8,0.358894,419
394,183,6,3.150638,1069
427,129,7,15.861899,720
284,449,14,17.048867,320
223,376,6,16.105430,894
329,96,6,13.276483,648
373,73,6,7.865017,517
309,341,14,7.305778,309
422,239,5,20.106440,1157
183,138,16,11.558846,664
33,232,20,10.838909,1052
249,449,5,2.949755,372
80,65,5,6.066657,651
210,381,6,1.019041,413
142,430,12,6.258601,621
0,384,14,9.481808,316
107,392,9,13.732409,277
175,386,11,3.621537,535
372,347,13,14.890799,465
240,370,5,6.215120,1031
295,120,8,5.977417,1066
279,248,18,15.173535,1109
366,51,11,14.478362,754
359,378,11,12.993457,1072
363,262,16,10.614963,486
435,345,12,20.197021,576
407,395,7,12.051315,427
343,23,12,1.113232,1121
136,381,19,4.824908,1051
425,433,9,5.039155,690
158,274,9,10.416435,575
423,64,8,3.249914,671
69,425,14,17.184252,999
58,11,6,7.515628,700
72,39,16,4.922241,513
159,41,13,7.726989,276
112,165,17,12.934669,396
161,353,20,1.172495,332
263,363,10,4.328326,1057
290,79,13,3.414788,531
376,33,13,16.901850,264
332,385,16,2.520721,1160
94,213,8,0.450126,376
98,269,10,1.703573,1019
176,117,8,13.411824,924
433,192,12,7.661166,256
423,143,7,10.755200,510
69,314,5,3.360866,415
12,210,19,1.372160,779
80,202,11,0.688461,615
396,46,13,17.148233,330
390,126,15,7.203753,969
69,355,17,11.500514,207
100,294,15,10.532683,691
146,329,8,10.785667,149
240,279,15,12.250105,1023
377,373,19,8.089368,485
330,115,14,6.865719,425
40,376,12,1.349497,145
288,92,9,4.765801,1027
174,308,13,3.476654,491
173,377,6,4.822000,1095
304,146,8,14.921553,599
422,122,13,2.234104,1061
161,252,11,0.492059,133
398,173,13,5.455792,1104
386,33,8,4.881890,665
331,56,8,8.355193,991
279,369,10,9.610681,763
436,354,18,4.689528,569
362,410,10,17.627055,476
214,150,11,4.546246,1014
59,35,20,19.218271,203
106,52,18,14.129507,556
446,232,19,9.487425,1042
389,329,5,14.963492,325
449,78,15,16.769811,201
265,27,16,13.927933,580
234,330,18,7.725329,1082
308,130,20,20.440236,652
9,206,13,17.186193,447
343,277,7,3.597395,470
65,370,7,18.624476,749
248,415,8,2.470512,513
186,94,6,14.631770,199
1,309,14,20.353748,1156
297,342,20,4.041210,781
343,75,14,3.953596,1091
359,171,9,3.465355,612
342,269,11,12.672563,240
17,129,13,15.172453,292
418,269,5,3.205686,377
331,184,7,12.814289,687
367,401,8,18.480865,456
19,73,16,7.056208,212
265,152,5,11.095347,654
353,162,18,6.068260,298
10,209,13,4.915136,910
257,443,5,14.297003,689
407,306,18,1.650167,1197
189,208,9,12.813574,290
42,71,6,1.042349,1107
9,428,18,9.301909,220
192,49,17,18.257427,939
219,342,8,3.316546,1008
339,97,13,9.779627,797
166,380,6,7.344896,1086
187,408,20,12.494322,351
197,120,11,19.163645,943
444,92,13,4.042975,313
297,191,16,10.144545,1056
407,375,5,17.608035,527
244,182,8,4.752559,1035
281,65,16,16.468898,292
411,161,6,2.680155,1041
445,175,6,3.063847,1176
227,136,9,6.498485,1137
392,400,19,15.921901,1194
335,407,13,14.734293,166
198,197,8,14.550920,632
439,169,5,17.453190,140
425,192,14,20.189531,284
209,59,19,7.934815,459
236,61,7,17.669833,686
152,315,13,11.394349,305
337,312,14,4.174834,512
26,207,10,8.583621,711
201,402,18,1.326857,144
310,407,18,7.324179,299
370,149,12,13.880524,349
436,291,12,4.091853,581
404,290,17,2.581604,363
62,369,20,8.928559,1074
212,330,14,17.488981,229
46,116,10,5.722310,1036
143,121,15,5.765821,998
1,210,14,3.024623,852
29,201,5,16.703127,158
379,177,5,16.913437,885
214,55,13,18.161450,926
133,262,6,14.423139,994
11,29,13,19.068171,382
382,162,17,9.283731,290
210,97,11,7.474919,756
23,250,11,12.838193,973
27,156,5,9.845381,241
337,55,13,14.494642,933
33,91,10,6.259124,601
277,289,17,7.855809,1167
198,207,16,7.417119,892
248,260,5,16.852974,472
374,46,18,1.981538,1077
438,316,13,5.274967,107
292,21,18,7.821814,387
261,97,16,20.365352,594
118,367,5,2.323717,577
326,377,11,3.726365,512
341,132,12,6.882563,647
341,375,11,2.839040,1147
286,213,8,7.519497,941
348,102,18,19.518111,739
237,8,14,20.372882,290
163,237,7,12.954917,988
49,365,16,14.945511,507
399,75,5,10.779190,318
160,38,6,10.555233,632
243,210,15,0.877150,459
201,82,17,16.818478,263
338,222,15,1.025480,435
107,35,10,5.814601,173
149,182,14,16.914271,452
416,414,8,0.869648,1122
360,386,9,18.213031,828
74,296,17,14.864800,831
367,163,17,19.357449,377
109,80,17,12.654041,119
291,277,14,2.758186,1081
367,308,10,6.175637,1022
248,201,6,3.177764,462
415,307,16,9.254412,853
253,219,13,18.563849,271
421,350,19,18.224386,207
1,321,12,14.797018,599
252,48,16,19.649096,150
200,61,17,3.940132,886
423,114,6,18.306380,843
85,431,5,18.984495,1118
270,164,11,4.664070,503
303,121,20,10.544521,594
445,319,14,6.662287,888
137,97,17,11.838905,983
405,140,10,20.263382,255
387,342,20,20.359511,599
306,362,12,6.070560,307
177,238,8,9.311803,389
390,377,13,11.108404,492
266,283,14,7.922826,952
251,50,17,12.392245,900
124,184,20,13.605766,467
381,42,5,17.945385,1021
32,269,10,7.386362,1152
195,90,7,17.765917,767
100,159,20,6.907487,270
98,341,12,9.062300,128
241,118,5,7.443738,921
244,237,10,7.752206,732
379,449,16,15.597428,953
277,354,7,6.726895,469
356,137,18,13.984396,843
168,281,13,6.779252,272
145,96,7,17.091680,666
80,137,19,19.972917,403
431,354,19,10.254785,924
221,363,6,4.222316,1040
308,266,9,20.014553,800
235,321,16,15.522446,344
152,81,14,12.278621,694
162,255,9,18.910500,537
294,168,16,3.945131,1190
111,12,5,8.102350,1168
228,432,17,18.997977,990
131,251,10,12.596871,654
262,302,7,6.120394,490
91,65,7,16.867120,1011
444,333,6,12.284244,533
279,240,17,15.530214,490
298,296,15,0.680657,714
143,171,11,11.283163,891
90,137,14,14.368109,343
391,287,13,18.230748,1176
368,120,18,16.640573,758
274,394,5,12.477112,539
406,409,10,19.856627,1115
151,189,6,6.180078,127
301,136,6,18.807114,536
167,335,9,9.416947,687
46,267,20,5.242727,390
199,238,12,8.905589,879
111,360,6,17.362929,1008
104,312,12,13.113061,872
134,372,13,0.130104,980
13,284,18,10.809044,370
118,304,12,16.727940,659
128,434,9,9.184971,347
309,317,18,20.057385,134
353,170,11,14.078837,675
113,395,7,3.307405,910
163,196,5,1.771600,606
281,374,14,11.419040,494
80,147,19,15.054616,1099
3,237,12,6.498208,574
55,424,7,1.233123,459
97,123,6,7.783203,1071
382,329,12,20.144308,1133
76,264,9,10.337544,542
352,183,8,19.721125,617
201,189,9,16.609007,794
75,304,7,19.258822,621
247,183,9,10.706193,809
76,209,18,17.680530,1192
125,293,16,15.748305,490
343,358,9,1.153446,1073
111,323,17,18.434031,617
43,245,13,14.694964,776
370,317,14,13.099682,350
281,274,7,19.513471,452
260,346,14,16.287684,142
178,256,9,19.228303,244
252,341,14,2.089537,1022
324,211,11,11.168281,843
429,234,7,16.640808,606
401,209,7,14.791439,799
2,14,11,12.756744,827
443,115,9,4.592008,1000
416,172,18,4.223236,1091
218,224,18,14.321644,447
360,223,16,11.948397,732
403,272,14,16.484004,393
82,337,20,8.095523,421
301,328,20,9.066369,794
321,215,12,17.730113,198
4,216,6,9.895221,291
383,326,20,14.536133,386
47,130,14,12.390630,651
159,104,12,6.329318,139
16,442,16,0.237727,1063
297,42,11,15.479168,967
9,442,8,20.381392,554
159,25,16,9.849743,686
297,158,19,12.255444,381
426,438,8,0.001832,1159
405,74,11,9.006685,854
54,270,17,0.212169,800
172,283,15,3.446010,461
304,359,11,4.461052,732
363,338,9,4.898559,836
363,50,20,18.602308,621
187,312,10,0.070931,994
295,99,7,4.361536,1155
23,65,5,5.591285,173
188,373,16,12.619475,480
74,360,19,16.502233,1003
185,13,6,2.821895,632
129,134,5,3.936172,657
165,376,19,14.253789,1133
22,141,6,20.279633,286
333,30,18,5.557919,417
3,353,13,4.561325,1000
436,315,12,14.429571,165
76,320,11,14.712668,614
411,72,12,14.445603,596
288,395,13,15.597530,373
280,30,19,7.842325,1140
101,386,6,3.259513,846
220,237,19,3.668026,927
177,214,11,13.171998,462
55,336,15,13.669206,713
5,196,5,14.532727,177
195,432,6,9.833678,578
310,332,14,1.778483,319
163,448,15,5.475775,778
189,97,9,1.688803,323
191,423,8,6.713453,1177
173,380,13,19.936751,976
121,352,13,12.147576,750
316,176,12,16.176264,197
301,333,19,8.913004,276
443,226,20,13.623559,572
10,380,7,11.760505,1058
204,243,15,19.867564,1106
92,397,7,19.925837,185
61,328,17,4.374230,511
163,195,12,17.689158,527
371,207,19,15.610042,770
211,82,6,15.046250,1001
393,138,18,16.732679,551
345,192,6,8.841864,842
71,278,6,18.375223,545
53,69,11,18.157146,983
43,274,15,17.634391,691
325,23,12,10.165181,974
394,294,19,13.747000,765
244,108,16,4.558720,749
8,249,11,11.752491,1191
401,198,12,11.951166,466
283,310,12,12.564300,1151
261,189,18,1.218340,339
154,400,11,7.698359,649
28,206,16,19.044946,596
91,98,11,6.829003,698
144,175,17,20.354462,850
418,321,6,12.608372,756
311,285,10,19.017694,379
129,437,8,3.474828,797
199,289,7,6.119938,203
244,156,15,2.453701,1157
293,391,8,8.421506,971
406,443,10,13.854168,795
144,21,17,18.243583,265
46,181,20,19.114725,144
286,376,11,9.276474,771
197,359,20,9.272714,583
426,138,19,0.987024,777
362,211,13,15.743418,244
181,278,17,8.357387,1152
5,20,11,11.236027,492
395,41,11,10.066647,339
399,297,20,15.759157,307
229,401,18,14.989741,237
109,151,5,14.475430,300
253,165,20,11.926389,1192
134,204,15,10.310265,108
161,35,8,2.653218,866
307,9,20,11.005954,922
172,444,19,5.838744,134
42,322,17,18.053353,636
292,385,16,16.638939,855
159,181,8,12.320820,641
321,398,13,8.766514,943
268,31,6,6.579535,617
339,182,9,14.593159,135
175,26,5,19.166895,707
414,297,15,4.108274,806
303,164,12,16.222292,515
127,449,12,13.305827,743
107,137,18,0.463819,904
119,403,5,6.019782,790
161,370,14,1.504159,981
70,329,14,8.052671,491
121,240,18,7.797632,888
184,261,15,1.030015,841
192,100,17,19.144843,631
5,46,19,5.707682,454
176,423,20,16.920304,1044
54,312,10,1.425729,387
386,402,6,8.445488,125
364,174,9,20.356838,866
322,61,11,7.706841,959
185,165,17,13.293118,832
372,386,5,16.441832,501
224,290,15,11.554774,937
191,369,8,18.027449,377
10,330,6,3.500536,226
184,179,6,18.283715,782
128,324,15,10.443558,262
219,12,8,15.288448,132
297,350,9,1.269599,644
174,106,5,3.539168,260
276,90,17,15.885911,606
56,159,18,14.589223,330
333,370,20,12.139377,1008
119,448,13,0.883490,302
241,218,16,8.996800,285
53,352,10,12.761782,586
182,156,15,2.457600,1001
376,14,14,3.873522,956
445,413,5,19.737055,797
35,191,16,10.617931,481
323,349,11,17.916073,167
164,29,6,12.038487,592
118,379,12,18.681854,1002
383,287,16,14.674428,1197
419,388,8,4.221624,261
138,81,19,4.370826,230
185,321,16,19.743552,1033
383,250,14,3.082740,663
220,438,18,9.422186,328
60,183,16,20.487004,855
47,206,12,6.068915,679
246,384,8,17.275185,901
169,318,7,19.240628,463
441,159,19,19.439185,276
52,282,14,11.770526,914
316,40,17,12.852675,718
82,388,17,17.656803,835
384,44,14,7.013454,290
312,14,13,1.981354,943
421,423,9,11.483010,642
356,284,19,17.033992,168
353,19,16,11.761878,275
36,82,20,16.594706,670
352,268,14,4.414658,305
290,361,11,9.657318,854
355,122,10,12.892462,551
252,37,11,3.076874,434
235,310,15,5.532156,120
406,10,17,1.397493,1023
136,330,9,3.268976,585
123,298,11,20.369059,346
421,360,12,5.035853,1169
404,434,19,2.363348,152
152,397,9,0.371529,678
203,427,20,0.680917,895
29,86,18,16.114762,549
387,296,13,11.951242,157
102,415,8,14.137807,460
346,136,8,11.125774,425
322,51,7,8.766824,178
227,424,8,13.693133,866
19,333,6,8.847456,1022
228,331,17,8.349612,131
184,170,7,2.195776,536
212,134,12,14.049991,884
215,155,11,14.138086,706
13,59,7,5.958209,594
112,224,16,3.952102,983
152,441,10,12.216525,802
351,397,17,9.240501,885
431,396,5,18.010203,849
373,63,15,14.524764,1039
435,45,12,6.164916,447
186,213,14,17.488244,843
153,184,14,4.952503,1170
164,404,14,2.048755,102
189,296,14,0.702232,584
196,259,11,15.537937,421
360,229,15,19.502007,870
45,12,11,17.891668,493
449,170,15,0.517741,420
245,64,20,8.656397,666
29,13,20,16.272319,685
231,0,7,0.577610,786
232,80,10,20.255174,928
24,116,17,15.592707,716
154,393,12,19.220269,539
341,69,18,12.778583,484
347,425,14,3.269012,912
241,64,13,6.361391,675
421,206,10,3.017970,1167
442,232,13,4.525322,498
350,196,7,5.398777,928
282,109,11,1.552555,344
89,142,8,11.539766,130
217,206,16,18.150303,985
316,411,13,3.375565,166
178,307,12,8.077434,966
266,243,9,3.808464,786
394,142,9,5.968508,342
167,342,12,4.059605,877
82,209,17,17.107190,1200
150,64,15,16.688681,442
137,207,20,9.240645,818
74,339,18,17.104467,799
215,378,18,14.655775,248
215,22,19,20.088098,631
440,145,7,12.418068,561
224,142,9,12.311864,823
190,442,5,11.711448,115
206,431,13,3.212733,951
99,77,14,13.938239,572
78,437,12,4.875297,974
231,79,16,14.389418,423
145,417,10,10.724459,382
151,190,20,19.039952,321
445,174,14,6.609842,1044
438,239,19,18.829536,288
57,255,11,1.074851,460
448,423,16,15.175863,815
388,299,8,8.910394,564
183,299,15,6.311900,364
22,60,20,2.519474,606
422,100,15,14.140808,671
296,135,20,17.598381,843
270,156,11,19.395282,1027
380,218,15,15.954612,799
433,85,6,10.175325,603
411,69,8,7.108917,941
18,147,9,0.037308,1117
169,270,9,0.506062,533
180,394,20,19.431036,670
254,107,10,18.080552,162
68,378,8,11.435670,1197
249,159,11,18.604448,707
310,308,17,8.358992,509
56,343,19,17.926946,894
83,183,12,0.301254,386
259,425,20,10.019068,1123
80,211,8,10.019414,1080
418,282,5,18.183153,353
199,248,7,7.141272,686
121,70,12,18.751071,835
449,228,18,19.441965,230
112,345,17,3.417169,1016
64,146,17,0.814727,124
112,270,18,11.808258,320
364,148,15,7.324443,142
204,250,11,18.764175,1151
31,304,10,5.022388,495
427,97,16,10.039377,1171
89,184,18,16.135796,702
403,329,12,18.402785,224
304,396,9,0.874723,577
21,27,18,18.496826,1035
138,364,7,11.942363,224
152,321,19,8.262015,979
152,136,13,13.392831,330
345,49,6,0.472325,646
409,54,19,12.473227,232
226,431,18,3.541107,475
314,440,8,1.739380,356
4,217,11,20.085476,533
318,272,11,13.962670,771
82,385,5,12.196367,472
232,45,5,18.738017,912
81,387,19,4.803817,740
298,334,15,19.390746,945
6,180,15,3.830231,579
88,337,12,0.213688,187
132,370,9,5.360926,651
324,26,7,11.249725,1010
97,11,20,8.858464,1069
409,267,14,2.041930,1008
415,413,13,9.472433,365
175,165,15,0.031434,1051
320,278,17,7.353060,520
330,15,14,11.437920,222
434,401,19,9.492449,534
56,306,6,8.984244,810
434,318,19,1.153095,894
339,387,5,6.946719,1151
126,307,15,9.761625,1151
386,285,10,7.436373,371
391,370,15,9.547661,502
321,217,15,9.398812,412
82,199,12,11.287634,875
63,368,20,12.916239,899
79,338,11,19.608892,965
67,275,14,17.015332,318
270,309,17,5.256310,1099
258,126,5,15.783083,1016
330,117,10,10.800942,567
390,222,17,9.925239,908
289,449,9,12.195193,1189
116,50,17,8.258160,222
403,199,15,9.340439,1017
59,49,16,17.486252,462
226,126,18,8.886539,234
412,230,7,0.935909,1004
249,19,15,4.268794,713
272,435,15,18.683397,343
362,235,9,3.270652,177
157,153,9,12.214662,468
319,56,8,15.950884,1045
282,53,14,18.890531,1123
164,238,13,8.642241,623
379,64,5,9.994977,412
303,329,13,8.552471,923
367,118,20,12.166449,1175
157,112,10,17.633788,178
42,298,12,1.633977,296
343,4,6,11.526988,1140
121,369,18,17.292610,937
59,377,6,6.931527,483
84,209,7,11.314118,1110
83,260,5,3.432790,618
400,370,8,15.663824,832
236,248,10,1.076369,692
88,376,16,18.739844,473
31,222,13,7.028829,900
384,208,14,4.548322,348
307,178,17,2.852532,320
268,373,6,5.464644,1138
280,346,8,9.007419,515
52,202,17,14.112733,518
401,133,13,10.247125,1029
31,6,7,0.395618,809
252,275,8,3.978506,860
291,205,19,17.844725,782
315,127,5,3.739756,847
114,56,13,15.488907,612
192,266,5,17.826287,426
426,196,15,3.216465,1005
304,386,14,11.588818,806
334,117,19,16.507668,210
408,165,14,19.078735,535
242,408,13,8.020175,969
271,158,7,14.292838,915
327,74,16,16.927170,349
415,136,16,18.187014,607
209,221,17,19.117291,1053
43,31,7,10.225263,114
354,238,6,15.217897,957
326,195,9,16.644973,1023
265,210,9,0.013128,950
90,401,7,16.351721,760
295,138,6,10.202365,759
178,352,14,20.168449,804
414,173,17,13.795273,795
138,309,11,14.035091,488
274,409,12,10.581263,849
436,198,6,1.795281,186
447,221,8,7.284652,590
213,348,20,6.873988,1063
280,133,18,12.732832,245
168,435,11,6.408906,848
257,227,7,4.407321,714
227,127,11,6.423833,132
195,14,7,8.612424,1030
348,57,5,13.043465,952
410,325,16,11.154497,462
207,166,19,12.741003,192
119,397,18,20.466744,595
308,448,15,9.792243,194
202,67,12,11.159069,143
64,55,18,17.735955,905
310,132,9,16.843454,805
221,421,9,4.490327,533
385,136,9,13.612284,524
55,160,15,16.673220,695
0,208,6,9.778115,1002
401,207,13,17.205211,393
150,401,15,5.834431,250
267,213,8,1.759353,420
13,8,9,16.870692,620
312,63,16,15.194723,111
240,310,16,12.341335,406
305,76,7,8.307645,913
426,379,6,1.440071,489
122,46,16,7.172114,1100
283,39,19,15.024897,408
323,7,8,4.988678,233
69,441,6,15.726898,990
371,132,7,10.017692,1141
17,381,5,2.893850,772
51,433,7,10.843023,1175
328,200,8,10.660738,542
244,142,18,12.686923,339
139,429,10,20.220738,434
309,399,17,15.088615,331
395,177,8,5.268357,682
140,172,12,11.387118,335
416,306,13,20.249990,442
223,47,15,14.629245,482
421,196,19,2.060626,1180
448,170,7,5.444812,672
214,159,6,11.695988,894
275,238,15,0.870310,664
59,98,5,3.878753,171
104,5,20,19.887678,391
60,190,5,4.435221,911
391,145,13,8.948712,439
168,392,17,2.466062,342
217,299,11,5.700134,877
227,434,7,12.162101,138
311,134,17,11.115118,1128
37,200,19,2.440297,1050
373,26,16,18.893908,674
85,94,16,12.229808,1085
208,375,10,10.888287,1120
42,167,11,11.722835,737
112,248,15,10.591385,1047
326,333,6,1.466427,552
5,339,9,17.395891,1163
104,400,7,8.740538,522
185,146,7,4.549646,889
168,269,7,7.160410,576
218,62,9,3.734384,824
55,387,14,10.608577,803
142,62,8,5.968044,562
234,341,15,8.813865,1168
344,43,5,16.238734,1065
59,330,14,11.692816,1096
288,2,13,2.528034,554
23,325,17,11.709715,273
263,314,9,5.143330,389
49,314,12,2.491901,520
28,373,7,17.202974,868
162,400,14,5.166343,904
175,263,20,11.062820,392
413,113,11,19.248692,170
265,97,7,9.745093,303
272,288,20,6.024172,782
393,254,13,9.171402,815
323,172,12,5.847864,812
61,64,9,7.659798,1065
418,293,20,18.296364,1151
183,33,20,2.594254,707
259,20,6,1.240996,491
443,361,14,0.191465,536
84,44,9,15.935846,944
328,69,11,0.749358,1126
193,234,18,1.727049,991
311,69,5,4.894444,322
246,403,10,4.431674,1001
93,437,14,7.428060,934
29,226,20,16.849957,919
395,39,17,10.364797,1192
101,93,15,8.417328,534
366,310,20,16.375207,704
411,275,12,19.744126,980
76,283,8,16.626956,942
122,387,17,16.905650,406
441,148,8,16.943397,881
410,160,9,6.605857,109
313,443,7,19.640037,385
32,302,9,3.755371,952
334,381,16,16.335688,955
32,335,20,17.241350,1032
289,359,16,7.003972,377
360,77,14,4.470540,1012
252,318,20,8.888441,661
121,218,14,1.879017,907
42,436,19,16.402367,1182
365,261,12,0.839145,346
241,396,11,19.244787,783
390,410,15,15.578369,396
377,347,17,5.411285,984
409,360,9,12.149130,925
278,221,20,11.736084,242
16,20,9,8.950394,157
26,373,10,4.204722,771
109,123,15,4.544438,1178
164,112,14,18.594614,1119
127,191,11,0.327430,428
407,170,6,2.167855,385
412,185,20,13.888629,448
280,181,7,19.721843,207
193,351,9,3.147559,228
273,327,6,8.711462,519
204,56,15,6.722210,114
156,320,13,0.448908,243
222,349,13,9.122046,1033
319,403,15,19.607787,205
155,23,18,10.416990,345
172,115,5,10.898624,170
17,262,19,14.044939,837
357,238,8,18.193746,567
277,13,11,20.172807,328
268,367,19,9.184232,762
352,22,14,16.841563,258
103,295,18,14.247577,1090
172,100,7,8.049691,907
245,336,12,7.630309,515
248,265,11,12.770939,412
254,441,16,18.692070,485
382,184,11,8.915280,611
125,190,7,16.515441,1082
360,368,17,13.955735,994
292,109,6,12.933822,817
13,165,11,13.565214,1013
89,438,13,10.384218,216
12,277,8,0.273092,299
104,352,18,10.765870,292
214,199,19,10.717838,375
265,26,10,5.967914,1062
316,290,10,15.563577,778
300,367,16,14.623968,145
2,142,9,8.404159,415
360,56,20,5.866708,350
110,212,11,19.675303,504
392,163,9,4.084093,749
281,140,14,1.578485,1171
304,145,7,17.704621,102
441,269,16,7.954805,103
236,222,13,2.533860,1131
269,45,20,1.050944,395
398,412,10,12.336856,704
372,237,18,6.606343,714
76,252,15,16.408069,763
15,285,5,10.232045,138
191,70,17,9.326871,268
416,12,18,6.945909,624
336,299,10,13.090821,488
384,39,10,4.033423,337
310,15,5,0.183517,340
445,257,11,17.894684,1001
18,205,9,16.083600,637
323,348,12,6.697358,294
367,17,18,5.200330,591
231,411,9,17.857700,944
396,98,10,9.436017,480
32,380,10,17.409022,621
427,348,12,15.363697,617
403,140,6,2.351611,1190
346,4,9,4.650890,834
67,44,7,11.905897,1042
40,387,9,13.431245,431
27,403,20,16.744348,686
275,134,19,0.666920,832
21,123,18,15.144344,448
132,76,17,2.814012,295
353,360,10,8.941482,825
207,155,12,3.146111,155
423,302,20,10.868002,309
271,320,17,6.442823,1002
45,289,19,5.429347,901
139,385,9,4.031612,861
273,23,14,19.942530,1027
33,227,15,15.504600,1195
354,60,17,6.444208,787
285,284,15,12.703539,943
244,41,19,18.423609,433
233,74,15,17.244760,165
375,196,18,9.215796,296
437,308,5,5.909229,944
121,110,7,16.529077,1037
395,412,15,0.649363,373
128,79,20,0.609588,1153
115,127,12,6.728768,146
155,210,20,3.481796,836
42,218,5,13.159350,157
290,128,9,8.506708,597
375,324,18,4.950722,1142
306,194,16,19.282041,609
198,77,6,18.237488,353
418,298,18,12.973269,777
80,33,8,15.237360,312
7,49,9,3.839334,653
276,115,19,16.751992,132
65,249,19,17.257613,937
291,57,15,15.184129,360
436,427,14,16.718450,243
240,393,5,14.248436,389
380,140,8,15.043879,1187
391,200,13,14.866580,1006
34,175,19,16.030043,783
351,365,20,9.423645,165
300,321,18,5.339062,407
308,259,12,2.267476,1179
173,145,11,8.283565,495
289,173,17,1.397533,1011
142,336,9,19.114658,537
185,193,5,5.554257,349
221,1,20,11.334076,450
439,122,17,2.597815,566
203,39,16,4.209529,957
117,221,5,2.061491,1083
343,149,10,10.928766,734
334,10,6,0.387355,489
70,447,19,1.224514,846
70,156,6,19.238597,490
315,355,9,15.247902,905
322,256,9,14.891721,863
88,177,17,10.632518,148
253,228,12,5.965262,197
316,92,6,0.882277,1170
231,177,14,10.243322,420
76,235,13,11.868015,364
245,226,20,16.567050,1119
338,264,6,16.382387,888
281,1,6,13.399275,446
240,235,17,18.695824,152
198,35,20,20.282836,482
366,383,17,1.311087,713
279,297,12,6.418474,915
406,428,6,18.429622,955
415,25,10,18.787969,137
272,211,13,14.583131,628
382,307,13,4.173511,1042
359,123,8,0.763591,417
277,112,16,4.710961,474
181,174,20,15.490970,657
385,277,14,8.549772,572
264,343,9,3.764752,408
10,297,8,1.853209,306
239,252,6,19.939190,309
169,50,11,14.984336,476
248,373,18,10.681676,706
215,146,9,10.475845,876
97,269,7,9.846751,1154
289,199,10,6.001754,888
73,174,6,5.610650,332
333,82,13,8.464494,926
431,399,5,16.997878,513
418,36,20,12.213584,122
29,227,9,13.212308,1056
416,381,8,5.325959,340
135,88,19,20.232946,966
397,237,5,13.490968,896
272,120,9,10.809461,853
123,341,6,0.256557,1097
125,287,7,9.200001,352
179,360,13,15.839734,1113
355,257,18,18.005483,844
165,402,12,16.179085,608
373,120,12,9.113284,463
67,167,12,10.069632,814
265,224,18,19.542087,514
210,306,11,13.242646,359
56,362,5,4.659372,937
89,323,6,8.619866,1186
221,254,15,12.418391,107
8,309,6,19.194876,645
97,272,6,4.153745,1053
72,94,5,3.915791,722
213,350,6,15.110003,189
345,254,11,7.773787,897
328,223,9,8.179739,702
386,318,20,9.666949,419
320,423,20,19.950357,211
149,422,8,13.654271,332
115,309,18,14.869753,469
118,160,18,8.923387,1166
291,349,6,13.809323,166
189,340,5,10.934614,1166
73,348,10,4.432429,552
298,267,17,11.314801,1152
405,48,6,19.481236,956
300,78,12,16.994899,144
101,265,11,7.572737,177
62,140,17,15.220090,604
92,448,17,10.867584,166
333,245,20,20.331346,570
225,353,8,14.050812,1061
357,354,11,7.973459,802
161,406,11,6.079773,474
191,158,18,13.043609,808
363,258,16,15.855410,984
104,120,19,14.947823,1166
369,396,12,10.046139,261
437,247,20,1.173116,730
132,159,12,17.584264,143
330,243,14,18.526503,367
112,3,17,3.191140,1177
0,137,17,6.240330,326
229,50,10,13.748344,1086
1,145,5,0.460383,367
12,133,5,15.823165,176
213,115,20,11.595224,1161
155,38,20,3.121070,513
416,44,9,5.942222,716
227,320,19,4.135146,1039
281,66,13,7.063244,826
293,287,12,19.816318,1171
249,443,5,5.810039,878
176,186,8,10.140482,365
111,310,16,6.169523,973
366,161,5,15.402610,914
218,148,6,16.991082,509
59,323,17,17.918165,645
268,391,17,1.272731,292
337,220,12,8.419647,1064
351,264,17,3.545671,641
120,91,6,9.602250,599
93,411,16,1.204478,233
397,252,7,12.916802,926
119,128,13,14.688161,718
37,229,9,8.553748,1155
344,131,9,18.804450,443
83,96,18,4.861784,463
368,98,15,5.636291,155
437,10,19,5.249896,1057
275,40,18,2.092478,591
380,382,15,17.877021,1192
36,71,11,1.151800,160
394,17,10,9.087686,1001
271,46,5,17.621511,670
298,236,14,1.929339,854
251,17,19,16.147665,797
79,103,7,15.846676,417
126,35,9,8.208147,934
159,38,20,9.479808,556
108,220,20,9.727358,500
210,106,9,6.050704,430
369,443,14,9.649375,845
300,247,6,19.345605,1153
284,336,18,0.144396,1074
243,343,14,16.287142,936
407,275,17,2.972596,449
21,19,19,3.759898,848
375,236,17,4.182124,969
125,238,13,10.326946,591
113,234,20,10.616924,606
171,284,15,10.919208,820
372,308,18,13.569642,796
164,106,16,15.090326,761
116,218,19,20.132532,469
119,68,13,15.464230,321
397,187,9,0.266990,995
162,101,7,13.662906,898
444,38,11,0.499349,850
88,216,17,15.036329,561
409,284,20,15.311908,1028
379,287,7,4.482081,352
176,412,18,3.934527,790
203,361,19,14.415543,934
343,121,9,8.054870,877
11,183,8,14.644551,633
179,144,20,14.227624,342
413,183,12,15.120611,691
393,58,10,12.019064,634
213,179,6,8.018582,439
37,12,11,17.790087,1042
402,432,9,0.692514,497
50,189,6,12.602774,741
192,62,8,0.644155,930
352,380,20,13.912263,299
177,321,8,1.793270,669
258,5,10,2.694954,791
357,327,12,8.609258,761
437,353,6,7.245447,262
259,383,10,17.579562,525
244,84,13,16.934760,915
14,270,20,11.661287,1100
16,29,11,2.880597,993
2,346,13,15.884999,484
110,167,19,8.912903,1103
58,310,12,8.941322,1093
25,227,5,4.229832,366
448,389,11,14.503907,1185
189,223,6,14.724840,667
24,44,9,19.284977,765
18,1,11,9.532845,263
365,218,11,13.515690,405
338,130,13,16.060717,706
16,123,11,20.307460,640
190,194,5,0.565737,352
279,316,10,6.438745,417
211,437,8,11.376028,641
8,186,11,16.444148,357
313,263,20,2.900249,835
192,252,19,6.573399,850
108,96,13,1.380375,253
216,305,15,3.906770,266
246,279,10,2.674442,720
305,310,10,3.457098,206
391,107,12,4.284640,620
358,253,6,17.647201,773
396,63,12,6.171115,175
315,291,11,14.881982,188
183,43,17,5.377549,701
57,216,8,9.458588,553
439,219,10,4.034905,781
416,345,8,12.554217,124
17,39,5,17.302258,129
114,23,19,1.783240,311
293,226,14,11.762444,969
395,34,17,4.204836,330
70,117,11,5.850047,801
392,267,9,13.657913,311
271,187,15,6.456678,366
356,205,5,8.341634,342
330,59,8,18.411844,259
73,247,11,17.458794,126
367,379,13,14.377954,968
152,411,16,0.123213,1021
62,167,14,15.810340,623
227,358,19,9.975015,315
226,406,6,8.078956,630
293,173,5,0.708871,137
214,254,6,5.923040,640
182,23,12,5.057484,438
27,206,10,15.374752,512
228,108,15,12.264005,337
153,76,7,19.912511,765
383,421,9,15.317252,649
338,46,12,2.308793,1022
159,51,15,4.104978,500
447,410,15,3.448437,728
280,89,17,15.194290,626
362,338,18,11.507838,136
245,411,7,17.529467,332
378,418,14,7.957726,1126
73,308,14,18.243324,291
58,445,18,14.755817,1191
220,135,7,3.464373,1090
153,46,9,8.417612,260
296,209,16,3.323397,919
378,393,15,1.165478,617
218,373,20,12.900964,764
191,173,10,14.060600,167
405,135,18,13.474541,951
237,330,11,10.158992,221
31,152,9,6.803273,627
198,430,5,11.530582,323
341,155,15,3.309189,212
263,381,9,11.490757,165
74,237,18,11.397450,1039
283,186,16,15.129272,484
422,389,18,3.693580,276
179,411,16,11.405766,386
317,229,20,11.380047,195
328,64,19,19.246066,931
168,356,17,3.928773,177
273,408,5,15.360928,1050
137,329,10,4.607753,648
116,176,19,2.860023,485
372,284,17,18.200745,499
355,86,7,13.089473,636
45,93,12,3.798850,524
199,193,18,8.971756,586
423,431,10,13.978199,937
186,249,9,3.961862,481
418,129,11,1.029560,487
84,125,14,11.512659,1096
257,209,15,17.524482,747
253,60,11,15.989303,419
226,361,20,18.140673,949
52,434,11,12.842184,1041
325,96,14,7.260451,704
307,186,18,12.841995,232
126,13,14,16.524990,140
194,292,17,16.863289,391
33,147,17,5.908246,506
430,109,6,11.113116,753
89,382,15,20.450375,922
409,428,5,12.773848,215
375,106,11,20.266223,622
417,66,8,8.534529,1093
240,336,9,13.855866,217
42,432,14,1.097767,581
91,128,10,13.182121,920
317,245,20,3.661678,957
189,335,13,18.107985,797
279,6,13,18.146558,907
370,100,18,16.216779,717
16,84,14,16.988604,627
297,80,15,0.409647,760
429,374,11,5.229569,1120
146,113,15,10.394041,1184
309,323,9,1.469474,139
377,257,19,1.638781,967
402,417,15,14.141941,454
173,1,19,18.036970,1185
356,99,12,2.222467,729
264,116,12,2.320767,806
400,214,18,19.583292,217
355,378,12,1.618326,575
206,131,5,19.635895,1135
242,170,8,2.941974,666
446,385,6,5.868155,292
211,404,5,15.938464,953
367,209,12,18.686426,1154
85,267,13,8.314205,853
65,360,12,6.750844,1018
97,125,8,5.630008,692
251,328,6,1.154664,1100
297,306,5,16.051824,455
331,448,14,0.414781,1009
263,142,6,11.121829,940
350,304,18,17.547516,188
333,75,13,7.523383,181
161,77,10,6.343860,600
423,163,15,0.526256,1069
436,206,7,12.139869,447
443,81,17,10.956546,933
398,279,14,9.668596,309
24,125,18,1.151624,1053
371,394,8,13.319166,752
97,299,19,2.630672,1073
326,367,14,11.927152,204
124,221,11,19.893493,1096
65,67,16,7.338566,1173
246,232,9,5.225467,239
59,317,8,14.057849,1070
71,214,7,13.323268,766
161,246,16,0.510493,580
207,123,13,13.860088,466
439,138,9,3.242644,952
48,29,14,12.731889,643
90,120,17,13.260955,1190
345,82,18,19.282019,594
152,271,11,3.324076,608
96,80,8,12.705447,431
258,138,5,5.502242,779
231,148,11,0.890085,604
285,181,5,1.141749,199
316,0,11,4.432644,385
280,318,16,3.087153,578
27,89,16,15.615422,538
132,11,9,8.697078,1080
165,90,12,4.230985,203
402,335,9,12.165106,316
31,260,20,17.158495,1092
211,203,5,4.665258,366
74,135,9,13.244624,650
40,431,15,12.841552,1196
24,160,8,18.776025,226
219,238,10,15.676637,699
168,85,9,2.552327,1176
33,264,10,7.834669,1111
72,426,8,3.297034,263
25,37,20,17.149561,274
311,168,15,8.067540,811
408,302,17,3.217605,286
350,380,5,17.135454,463
3,116,20,5.291800,1109
401,343,9,2.549564,630
106,74,10,6.290138,1190
292,409,8,5.848946,1010
379,240,12,3.229043,307
100,391,12,5.191659,469
15,195,8,13.239384,665
102,137,13,15.116736,963
289,243,11,8.243902,300
205,255,5,0.450138,829
138,330,9,2.842568,486
355,409,17,18.987004,710
127,347,10,0.666994,268
27,234,5,13.306190,924
15,425,5,14.506352,442
392,413,11,13.903010,991
14,137,8,3.404293,787
87,93,8,2.862691,106
172,154,9,14.029567,499
217,12,8,3.164284,906
375,135,20,18.411265,125
47,163,10,12.014007,323
20,339,6,7.508173,1164
251,182,16,11.429575,848
141,304,16,13.926660,314
359,404,8,0.957870,407
279,140,20,5.094227,1090
151,331,14,8.304330,1162
206,166,6,12.899880,805
64,82,12,16.825011,486
185,447,14,16.999284,773
210,222,16,5.069077,796
449,380,12,11.065977,695
136,114,12,9.348325,612
375,310,14,11.272475,1061
284,58,13,8.204216,805
118,424,14,8.814723,1091
427,441,15,8.896060,545
57,181,11,17.134259,474
359,354,14,2.958369,740
184,301,11,11.625922,678
110,223,7,5.887645,647
405,226,6,6.250856,667
160,182,10,14.464002,404
274,316,6,8.453256,900
386,282,6,8.921485,1000
73,252,9,10.591695,397
197,348,5,8.110452,509
85,399,17,7.690345,947
377,350,18,9.608011,351
270,427,9,9.620085,842
348,52,7,19.489585,499
366,433,20,13.676067,862
405,322,5,10.252971,1032
426,35,10,18.400575,739
294,337,7,14.393547,181
283,320,10,9.134020,890
296,304,16,0.182032,891
194,367,8,19.822813,141
331,113,10,18.033977,534
193,392,13,2.320618,237
118,411,16,16.167922,305
208,395,20,12.138705,132
62,291,13,8.472201,317
373,215,9,11.097457,848
77,357,12,2.719600,686
403,17,9,15.256961,561
26,417,18,10.150375,1130
27,55,20,7.958002,394
236,221,19,1.157283,672
268,7,20,3.456100,584
448,379,9,14.620508,331
336,151,12,1.148120,246
284,155,15,14.894141,864
375,377,11,1.931557,266
50,220,8,9.650229,884
354,289,6,4.636199,523
342,67,16,13.763297,146
91,396,8,1.250612,983
176,405,5,3.557918,779
263,55,19,13.258709,452
203,349,15,3.955136,1019
431,376,11,20.214097,397
175,395,16,0.927826,453
397,330,9,1.900392,107
267,356,10,15.796156,1002
174,5,14,20.091598,1174
20,140,10,19.625676,1104
190,195,13,9.590289,1012
386,91,19,12.907031,169
151,146,19,8.582759,893
77,215,5,6.076289,613
433,130,14,17.434191,1068
356,162,15,11.086009,540
430,363,8,1.851470,128
145,379,20,4.719154,551
203,151,11,3.122803,920
213,70,8,16.633345,296
282,254,16,7.808107,702
368,162,9,15.935183,387
423,78,18,6.520284,936
289,438,9,2.289849,1165
199,249,17,8.374592,1041
314,385,14,14.264580,1141
214,126,17,0.314692,771
292,27,14,9.530208,1041
364,278,17,10.100340,139
5,148,14,15.314866,417
34,81,19,19.205513,1000
279,370,18,13.995861,220
118,151,12,13.757003,714
71,104,9,0.353175,722
441,353,5,12.605514,900
147,298,20,2.176783,1126
92,444,6,16.445868,275
260,289,16,13.916374,691
365,323,9,3.854268,467
283,338,17,16.563757,838
161,288,6,0.348336,785
62,96,12,12.052863,330
334,391,12,15.708834,387
173,237,11,3.008540,623
186,174,18,4.396908,785
93,85,17,19.384679,503
413,346,6,17.229423,670
316,364,15,16.798046,505
193,2,17,7.313742,452
52,262,17,5.164490,627
5,270,20,4.641685,448
333,66,18,6.733452,559
428,8,7,3.548866,423
333,230,14,7.275405,678
110,173,9,2.215450,361
111,361,11,14.618781,959
273,92,15,0.404645,897
375,195,12,19.881413,1077
425,143,5,19.878083,361
425,187,19,3.504720,434
413,129,7,13.451936,406
76,321,18,9.574655,941
52,247,10,11.502790,179
98,138,17,11.479760,294
245,389,16,15.599166,977
287,78,19,20.102896,635
245,264,12,7.288649,589
280,286,14,20.346951,413
136,293,5,12.919262,851
252,38,10,7.673960,207
139,236,12,20.295137,324
73,151,18,4.242104,332
43,88,18,14.198575,795
250,54,11,10.339288,847
370,190,9,7.742670,408
171,182,16,0.999382,637
237,94,10,14.161108,492
412,365,19,8.677819,386
417,209,6,16.625836,311
293,258,11,3.659286,534
42,414,16,13.570841,872
399,394,17,18.657887,111
249,402,19,14.385985,584
69,88,20,1.285962,1130
104,434,6,3.353877,167
100,123,8,10.652086,1091
218,123,5,17.089487,774
26,265,14,12.475008,774
359,441,10,18.093320,965
148,99,7,5.724753,1111
27,176,13,14.552094,1099
295,349,11,6.864427,466
186,239,13,12.788728,308
401,50,10,9.300239,881
180,21,15,7.073691,1054
446,2,7,12.544210,186
204,57,19,10.506446,622
286,201,19,4.510168,314
327,132,8,17.034792,678
202,380,10,15.536487,411
268,20,14,5.860121,341
179,400,12,17.527241,733
360,99,7,16.758248,678
268,223,13,15.838448,901
299,231,20,7.038528,127
10,185,14,0.902271,1131
413,442,18,17.819763,599
381,21,18,3.447669,965
412,163,13,7.738685,644
16,218,20,16.154254,513
355,247,8,19.369757,289
23,398,8,17.589846,856
21,389,13,17.732119,463
148,169,11,13.129421,1099
294,260,12,6.428340,360
324,312,5,12.192624,213
205,447,20,9.525069,432
251,449,19,19.392037,829
19,101,16,19.613114,249
267,438,9,13.174706,154
336,36,8,3.306261,262
415,89,6,19.878132,254
322,23,18,8.606764,688
159,156,15,4.464613,143
352,226,6,2.309515,1190
438,230,16,9.192601,158
351,165,7,11.635077,939
335,123,9,12.324365,724
103,367,9,1.913645,1165
102,74,5,1.746937,554
435,131,9,0.834292,801
297,160,18,2.588908,990
174,8,17,2.747607,174
295,232,14,9.878714,858
289,409,9,3.172317,992
156,438,10,18.321879,103
166,104,12,10.519768,171
145,267,16,12.828356,208
23,126,12,15.931792,1154
432,361,17,2.073695,365
346,431,10,9.075345,203
74,417,18,16.182536,474
165,189,17,2.120294,1160
295,33,11,9.613388,607
368,89,13,16.359615,371
277,281,5,2.153110,277
297,214,12,8.483228,862
303,369,9,7.319841,128
152,122,16,14.249052,750
261,215,12,16.254905,942
81,9,8,16.496943,244
102,108,11,18.972745,871
138,312,13,13.766339,644
290,262,13,6.285759,783
296,55,14,14.716152,728
393,322,13,0.410175,558
310,8,11,16.645565,994
19,267,8,6.027058,367
236,114,11,4.110442,236
192,84,11,6.815379,414
320,282,14,13.141852,747
415,434,20,6.851003,632
287,141,8,14.479878,615
118,110,9,3.362791,333
335,362,12,7.905251,1048
174,107,19,2.980072,590
89,192,12,1.485116,246
5,179,8,18.788532,559
195,325,12,14.042607,241
238,397,6,4.885423,302
431,437,17,0.115458,1100
316,377,12,13.343146,1007
287,173,20,12.186997,1057
127,232,20,7.196043,204
260,418,5,2.809737,510
99,373,11,1.186778,920
288,31,16,16.522208,1161
327,286,15,10.165110,829
97,326,18,4.103244,701
325,397,11,1.639006,563
317,236,8,0.419595,150
415,279,6,2.404188,474
397,365,13,5.497590,1105
213,25,17,8.147240,635
344,372,11,10.391520,435
187,330,20,7.085911,573
401,114,16,2.016137,264
42,129,6,10.396968,715
184,270,6,13.123825,761
234,395,15,16.961054,436
238,108,10,15.440019,355
17,217,11,4.429647,495
435,182,11,1.916140,1008
259,199,5,0.815100,316
263,403,10,14.148963,1060
27,16,20,0.097680,101
60,268,20,13.395162,427
148,391,18,11.982279,554
280,372,5,20.245718,562
27,271,20,15.560503,630
430,229,7,13.232264,990
52,273,20,18.657378,646
427,207,16,10.994496,113
244,183,11,7.300841,762
149,111,18,4.025530,759
9,94,14,2.661340,385
5,180,13,11.782770,722
275,167,13,14.657150,152
417,271,11,11.199086,519
240,263,11,7.805005,1041
286,8,5,11.067095,994
120,76,19,20.447234,728
141,323,17,17.176263,414
367,110,14,10.716707,850
405,84,8,7.579469,1087
435,399,16,0.926110,858
216,270,5,5.058217,295
218,385,7,0.235602,825
192,250,20,10.887483,205
333,44,16,4.830552,607
125,437,8,5.713162,124
309,387,8,5.530658,1053
120,346,20,2.739145,808
287,350,8,15.276298,180
50,322,10,5.364718,1140
248,434,6,6.296833,831
109,348,17,10.628358,893
50,13,9,0.747666,527
181,193,18,12.062664,1067
334,84,12,19.685261,466
33,274,15,20.475366,287
255,205,6,1.078845,210
293,435,5,2.625238,812
13,143,15,10.805625,782
250,403,12,1.899042,672
132,118,7,10.160880,693
366,193,7,15.909705,1070
169,304,5,5.373035,760
211,128,20,14.745966,283
164,395,20,2.006271,146
235,293,19,14.407240,1043
170,432,5,1.438914,238
145,236,8,8.151207,1092
133,158,17,19.700260,522
260,347,8,9.090993,980
315,103,13,6.883956,636
96,412,16,9.097324,764
378,253,6,4.014203,903
321,284,5,5.935094,114
51,88,8,11.488206,852
224,324,9,7.058299,260
432,21,10,9.208397,730
268,92,18,4.248940,1178
9,29,9,15.855526,799
135,437,18,19.720443,253
280,0,10,1.896367,279
312,263,10,1.938649,1063
403,37,14,14.710724,972
424,341,10,7.197212,584
348,151,7,16.383064,936
247,99,20,17.194539,749
234,1,12,4.385248,956
257,427,7,10.181674,1116
271,198,10,8.163398,178
113,318,17,12.057435,1189
264,54,18,18.036182,1157
435,107,19,15.552325,660
419,30,20,12.204424,283
301,179,10,13.145867,814
299,354,17,6.030561,190
442,384,12,20.359302,733
110,103,15,2.308906,513
315,136,5,14.191749,1033
55,172,19,15.067055,415
211,301,12,17.505067,962
92,252,19,3.166217,300
406,258,6,14.526227,440
315,388,17,12.771645,494
229,46,13,5.864817,412
433,3,18,10.281010,869
315,173,17,1.967724,872
209,194,16,18.714990,440
9,255,7,5.678781,368
107,234,7,5.282913,173
384,246,6,0.830311,482
63,191,9,7.417772,817
287,205,11,14.332136,803
331,386,17,1.150553,646
435,356,5,17.155443,507
159,389,12,10.258928,374
278,91,18,5.489920,352
227,253,19,18.012059,802
332,321,12,0.695702,293
145,180,10,20.017448,726
224,194,6,17.252225,846
210,62,15,18.819167,1095
155,74,17,19.193465,609
423,320,14,4.956672,935
193,383,14,10.729325,1189
381,309,12,11.782393,1028
94,427,20,6.373173,282
52,70,19,12.038807,806
164,134,12,19.971013,648
385,397,20,10.121835,715
43,105,14,4.066847,854
133,438,7,12.301396,398
352,57,8,12.226902,526
94,253,12,15.085705,903
56,195,14,9.595418,393
380,373,12,16.247820,628
249,106,14,3.355049,953
10,302,7,1.944015,920
278,115,13,15.068618,661
188,114,7,17.325449,788
326,171,15,15.855625,396
304,89,6,0.202797,1149
216,165,9,17.782467,924
401,126,19,16.597509,1107
200,78,6,2.439623,311
265,183,18,14.295838,197
124,296,6,17.060529,790
328,55,5,12.155195,208
33,65,6,2.380645,595
381,96,11,4.029094,363
252,158,13,3.431820,498
144,294,6,17.112324,952
130,237,8,11.837448,1069
262,163,16,12.271020,1184
16,284,6,20.440137,404
22,152,15,9.247328,508
293,77,10,13.615882,790
381,154,10,17.201985,923
135,205,7,15.415346,417
63,7,8,7.214284,503
434,355,6,19.061034,552
41,159,10,9.239626,853
190,165,9,11.358225,246
112,164,5,2.732528,299
214,304,17,6.842247,701
208,224,18,2.666707,202
82,308,14,18.981851,632
201,67,12,8.106033,632
139,38,8,11.472755,282
370,396,10,15.317436,230
322,359,10,7.205655,378
353,167,16,16.460003,379
226,289,12,16.460233,449
162,100,12,1.164808,909
88,4,8,6.303922,555
235,42,14,4.603879,490
139,142,16,8.311244,391
143,2,20,10.828669,1112
246,140,9,7.556257,256
447,178,9,11.492744,505
428,232,17,0.144019,688
236,13,9,11.277800,929
328,175,18,0.644090,280
442,237,6,1.358146,554
66,361,6,13.995933,207
404,304,20,0.010538,1012
279,368,10,19.496986,1098
215,342,6,7.475097,622
19,437,19,3.296828,446
288,249,10,11.129289,342
278,287,5,1.311978,301
55,17,14,5.430300,764
352,11,19,9.323459,176
142,104,11,15.981831,634
37,386,17,0.507494,641
61,208,14,12.283785,318
105,101,5,0.372347,657
143,427,14,14.203200,504
72,397,10,6.041010,200
275,25,10,7.189132,900
212,292,19,9.723049,950
390,151,9,6.695425,954
2,209,10,9.784630,597
245,140,11,11.421282,930
443,261,6,13.134271,891
311,210,11,10.000512,956
167,43,14,14.852628,1185
181,437,12,9.853149,614
62,264,20,17.057944,227
173,367,14,2.618483,465
248,21,20,19.470809,470
339,220,14,14.547361,520
302,80,9,17.049866,383
161,97,8,1.404795,491
230,204,5,6.544002,394
232,105,8,13.246758,166
120,199,16,19.926862,967
251,347,8,19.719166,508
333,325,10,8.424191,1164
360,38,20,20.004118,643
338,434,13,17.020309,550
138,322,12,18.562383,140
111,259,20,11.650717,162
313,264,6,2.376496,784
260,331,16,17.050093,782
353,355,10,16.215367,518
167,36,20,0.498637,330
182,213,14,20.125640,874
191,199,10,18.880744,838
177,110,9,8.733779,457
3,125,19,4.214137,1093
75,251,9,19.446565,640
158,414,13,12.430649,919
367,226,16,8.061099,473
136,152,14,19.623838,437
272,405,5,15.282986,1059
227,389,7,8.654279,236
293,406,15,19.875901,1147
249,24,18,7.712324,481
255,226,9,2.960793,215
35,180,8,12.766041,307
153,260,8,16.638085,506
174,388,13,9.375006,248
401,275,17,6.789604,818
233,317,16,6.441929,503
240,132,13,17.316659,862
202,340,15,14.527252,137
351,31,6,2.595731,497
104,191,16,16.528497,986
318,35,12,13.952913,594
158,304,17,6.736408,1142
365,135,16,10.829853,653
283,430,20,4.757680,532
148,234,10,11.896924,1117
147,277,5,15.466355,938
386,370,18,18.999303,406
406,75,13,2.629730,832
423,15,20,6.508516,610
109,222,6,8.685560,324
97,16,9,12.772562,990
273,393,6,18.152651,632
31,63,11,8.166423,114
430,221,17,8.490733,644
232,82,19,9.478528,1107
2,3,15,13.854868,772
203,154,17,19.241379,1042
393,336,13,12.382601,552
170,444,6,17.330278,343
295,88,13,2.964241,955
432,34,8,16.136676,766
280,421,20,6.499676,415
79,254,5,5.358070,414
12,227,15,4.809696,397
133,3,13,19.699987,347
123,219,14,16.426720,277
251,2,19,4.730410,258
354,283,11,11.776370,799
118,140,18,14.111783,650
84,200,7,8.012284,345
160,290,5,12.980467,1140
194,221,9,2.771991,1110
319,65,8,17.895951,512
417,4,14,6.718120,285
110,216,11,19.927318,425
273,171,19,1.472400,500
259,224,7,0.636710,244
203,410,18,20.086248,844
157,91,14,11.908527,897
149,386,13,3.062179,272
430,57,14,6.672534,937
320,219,16,16.960788,949
73,354,17,7.675407,951
200,26,13,4.923154,770
246,6,7,19.188104,529
309,256,19,6.304409,808
82,237,18,15.331067,177
32,176,13,3.806776,310
112,141,11,13.165477,1076
43,27,18,6.604906,445
284,170,20,1.379308,802
271,360,20,12.557332,1077
103,307,20,16.236880,438
218,193,11,18.158844,1083
12,105,14,15.460666,262
172,94,19,11.203554,905
448,182,17,11.596787,682
294,246,13,11.182780,432
422,253,11,7.494492,1186
420,349,12,6.833313,1130
1,27,18,18.390334,1077
398,187,8,13.780890,352
325,226,8,6.449669,743
258,114,6,18.985661,1152
350,204,12,14.529167,1185
115,114,17,15.577519,767
75,165,11,12.588036,858
234,433,19,7.024480,953
337,334,16,1.215247,346
413,6,12,19.090154,1161
87,42,18,4.976705,975
414,5,8,17.397415,456
310,24,6,4.765216,456
17,208,20,12.549976,985
320,105,6,11.426108,196
397,319,7,12.374552,347
395,97,12,17.624380,283
369,265,5,16.961234,288
203,50,14,11.084179,618
211,17,5,17.513640,1178
414,278,17,5.878716,908
208,333,9,10.456262,918
160,86,11,7.223275,993
260,148,15,1.847538,634
110,277,12,4.152352,1126
108,407,14,17.139262,707
92,245,6,14.756799,673
81,74,8,17.869236,824
95,163,7,2.638632,1187
46,373,8,1.646104,1075
439,35,13,8.323000,373
431,283,16,12.968547,359
93,106,20,15.089805,916
97,103,10,6.528061,976
446,391,8,13.352491,334
60,423,13,13.003164,325
92,443,11,11.823058,1052
387,81,10,4.266121,855
336,304,7,10.181018,372
143,11,6,15.652766,493
103,268,19,5.811620,1020
314,1,12,1.180980,1111
86,402,13,18.455257,903
236,171,11,1.659941,178
421,193,14,1.809493,1194
230,221,11,19.748329,537
248,378,11,18.027698,816
205,77,8,13.505556,264
138,22,8,8.617742,756
176,235,13,18.570181,469
23,166,20,9.677874,350
327,9,14,16.473027,481
95,193,7,9.353141,664
159,130,10,11.106479,961
428,437,13,9.833531,750
188,449,10,10.275972,641
118,9,8,17.513978,822
231,171,17,16.266599,1063
435,275,10,0.158118,565
126,76,19,0.141905,873
189,228,20,6.846016,193
171,63,8,13.092876,295
293,340,5,3.217755,473
34,396,11,11.813427,182
414,184,5,14.235592,141
366,312,8,1.808811,125
399,260,6,9.264672,377
124,88,12,5.650137,280
197,443,10,2.377061,990
262,31,13,10.697473,189
346,103,20,16.780926,771
173,234,20,8.540871,269
293,99,6,5.035600,1157
331,299,10,4.650387,977
328,47,8,7.097535,753
224,320,6,10.871546,101
312,319,17,10.380015,255
149,346,19,6.051634,238
224,198,7,12.576055,633
417,347,11,11.325365,940
152,379,16,1.270682,589
398,369,20,9.848138,1032
390,163,10,19.184366,479
45,8,5,0.246675,119
197,281,16,10.832629,1025
100,221,5,1.017594,1170
240,125,14,3.076729,228
49,416,9,19.098486,888
430,317,8,2.787796,679
27,237,9,18.373060,1171
301,417,6,9.439213,1064
321,55,20,9.066517,943
253,240,14,4.928867,657
305,383,6,8.111681,1171
398,81,16,18.740144,822
294,354,16,17.330153,682
85,308,10,19.387822,341
170,331,14,9.837555,936
17,231,18,0.572482,294
3,44,9,13.131630,229
125,316,13,3.823551,111
401,278,11,17.617799,613
93,261,5,9.742481,180
12,307,13,7.494414,136
355,353,11,2.492807,1175
448,212,18,9.391156,446
38,391,6,17.953796,754
160,41,18,11.183580,122
252,255,20,5.578658,823
377,297,5,5.943762,140
179,385,14,18.670224,493
238,56,16,16.725876,938
226,79,20,16.663490,194
420,4,19,6.889466,1092
12,278,6,11.985167,276
308,427,16,10.935846,663
35,434,5,3.273719,226
44,310,18,15.420654,185
238,304,16,1.818308,484
214,438,8,18.577840,1165
433,401,11,1.554555,799
277,170,8,2.648447,154
70,263,6,16.509693,345
375,421,5,15.700626,897
30,227,10,9.345479,167
348,297,17,0.424893,694
340,168,20,4.819680,748
166,187,19,0.325867,1091
180,226,13,13.521573,732
140,98,8,4.956323,901
54,155,20,1.588090,500
396,60,19,14.411529,566
38,353,16,17.609847,525
80,227,5,9.626886,846
93,375,12,20.200336,570
99,24,10,20.320674,460
178,112,7,3.473300,751
303,207,19,14.144021,749
212,51,5,17.322519,525
326,196,12,18.808313,106
100,165,18,0.715405,700
304,80,5,16.742817,897
100,152,5,8.100506,1127
61,183,8,2.374030,711
390,237,7,8.357123,1074
278,338,7,4.056347,322
185,445,19,11.820697,514
325,20,5,16.115172,874
199,384,15,0.365447,772
433,335,8,4.189598,504
447,85,5,4.700625,481
170,315,20,6.874253,334
231,399,15,13.970129,644
329,65,20,8.879989,581
189,241,7,9.952143,138
264,429,17,1.994319,100
251,258,5,10.960497,1070
112,285,19,18.672724,367
435,65,16,10.797260,588
391,429,14,3.040267,859
308,156,19,10.130252,656
213,146,16,18.928825,259
216,370,8,5.317108,123
273,56,11,0.016325,1076
309,289,9,18.041851,445
107,342,20,2.729262,928
203,120,10,16.618325,1087
434,177,15,7.502781,766
396,241,14,7.314465,111
448,433,6,15.887078,875
196,151,14,2.436917,1131
105,113,14,5.056573,491
345,35,18,7.065937,974
411,121,10,18.850029,1132
394,264,5,6.369498,215
373,101,18,3.423684,356
445,307,13,17.204391,832
414,324,8,5.994341,120
173,233,19,11.607612,164
418,426,6,20.204387,241
407,358,7,5.751629,672
253,68,18,12.155636,822
191,273,12,11.830640,237
44,447,8,14.440437,377
338,154,17,0.309079,1037
117,396,9,9.847715,438
420,411,13,15.041618,970
238,394,20,12.980510,718
74,111,10,15.604376,797
285,328,17,12.825587,246
106,10,14,9.170505,173
137,408,15,6.466205,1200
299,247,17,13.972744,964
141,343,15,1.381493,869
346,257,19,13.181065,624
105,252,5,10.751473,478
244,301,6,12.684083,1108
109,110,8,16.392465,647
50,317,9,0.115530,648
242,329,10,10.824509,1077
448,304,14,10.823974,189
193,259,10,13.304234,596
89,187,18,11.076921,383
226,72,16,18.577654,212
212,255,20,18.067436,759
244,8,7,4.016047,907
409,209,18,20.302916,328
137,12,16,13.838789,543
96,373,10,0.414787,1072
202,75,8,6.880368,1028
162,247,20,9.469340,696
236,125,15,0.097225,131
185,404,19,8.526526,813
339,71,12,4.182021,283
255,201,19,3.079761,850
208,430,14,11.302813,459
41,425,5,18.548124,327
107,18,8,0.052847,1067
133,372,6,6.276652,844
375,108,18,8.401555,878
347,166,10,7.952205,136
191,292,19,16.365543,854
354,431,7,5.363179,325
5,98,13,17.008719,430
406,386,18,9.318427,882
382,106,11,14.660020,459
86,341,6,19.162983,1079
204,52,11,3.029251,1015
41,54,13,0.728896,428
347,295,11,19.856509,1073
206,428,9,13.551635,928
328,33,8,6.482519,894
383,113,14,19.804127,482
375,282,18,10.184714,214
301,75,14,5.776185,744
378,384,12,5.899691,711
60,85,19,3.894298,859
380,260,11,13.472280,864
243,178,18,14.811920,623
388,310,12,9.286015,956
391,288,8,3.657176,900
358,91,16,11.732281,452
342,213,5,13.862351,878
292,261,6,3.574783,471
245,292,13,2.899403,630
425,169,13,13.820059,236
21,367,14,20.389685,572
56,98,20,5.667265,1193
158,125,13,19.819197,221
102,386,10,8.390708,744
133,10,13,16.572553,973
365,96,15,12.315449,741
258,190,8,1.006331,654
300,333,5,20.195292,940
405,92,11,19.382639,1163
421,73,18,16.499867,266
303,295,19,7.956892,446
335,126,12,10.488290,1194
144,449,6,4.974486,768
163,91,6,10.796364,1073
141,90,20,5.565713,1171
6,174,17,1.137620,1046
54,128,18,15.832282,967
223,304,20,2.620853,157
365,326,17,6.022761,446
100,268,8,4.857520,305
88,169,15,18.021453,536
253,431,14,11.126692,613
107,331,5,15.782257,1105
260,401,9,16.083866,771
199,438,9,16.991236,135
63,229,5,15.129689,1036
188,110,15,17.256643,804
36,41,11,16.180322,969
282,256,20,14.802395,1198
389,198,5,7.784399,489
118,1,20,1.574313,349
390,35,12,0.277059,428
18,292,14,2.642660,708
37,204,16,18.318457,106
319,277,11,12.258025,576
428,310,20,18.633781,995
75,164,18,18.632468,1184
208,305,5,2.388157,578
399,377,15,6.419224,877
178,209,14,15.093367,285
420,423,9,14.006282,226
227,205,20,15.148281,823
377,21,13,14.064035,662
4,61,10,11.478884,989
142,445,14,17.927714,655
227,421,10,9.769728,197
201,395,8,7.534606,294
175,408,18,20.350348,968
46,12,19,3.029815,922
237,182,7,19.261819,316
47,383,14,20.461076,600
178,31,11,12.872426,1017
170,394,14,20.357388,721
413,65,11,6.347808,924
224,357,15,16.676025,613
37,301,5,8.246616,1135
16,111,7,3.491120,892
53,224,13,8.065308,279
125,412,14,8.344568,497
335,285,14,14.745743,668
29,47,12,16.245062,787
259,373,13,16.529452,260
133,235,9,17.071492,359
126,357,15,3.290098,650
423,386,16,18.042076,927
54,20,13,16.006833,1200
265,408,17,20.309569,598
59,211,11,19.932920,753
124,368,9,2.744955,385
79,440,6,4.617439,110
395,84,11,10.010292,969
113,202,7,16.289764,713
286,409,14,2.714338,105
444,309,17,3.428855,841
33,400,8,5.429770,707
113,47,7,9.892308,1106
69,248,12,15.307970,276
86,85,15,19.705344,589
192,104,5,2.494386,1113
70,154,14,6.229294,897
410,401,17,18.232882,472
395,74,10,11.081920,350
50,47,6,16.575043,860
402,6,7,14.538527,1017
204,227,12,2.118122,895
178,254,11,18.850598,103
149,319,12,9.581836,400
290,70,11,3.197805,850
59,224,11,7.699576,771
48,130,5,17.588572,511
347,403,10,16.863159,494
301,369,5,10.424634,619
321,232,7,10.708629,256
186,232,15,0.829102,237
144,86,20,10.276070,666
438,298,19,3.152103,655
355,148,15,4.767958,259
353,51,5,14.779659,968
213,208,12,10.527913,666
3,292,5,2.272091,333
391,11,5,16.584287,716
260,374,19,20.234033,360
413,128,18,11.868558,1088
305,147,20,2.452455,630
80,351,9,15.380734,831
73,61,19,18.630481,857
10,343,12,5.931876,203
392,205,17,9.039781,743
65,298,15,6.091399,877
165,146,7,3.942892,563
157,221,13,0.350615,310
30,20,14,13.867922,220
424,194,19,5.217582,857
444,105,7,3.728103,1147
138,336,8,6.902320,797
421,214,17,19.781919,1115
126,422,9,9.004615,249
47,273,15,11.037435,532
101,112,17,3.143381,616
420,106,15,6.584314,243
228,81,9,6.613698,973
429,308,11,8.103251,737
78,217,16,11.582063,749
15,158,19,2.319725,964
422,442,18,6.134989,1050
315,438,6,14.407717,740
184,368,16,20.097671,1179
393,301,10,6.681292,562
352,31,8,11.791139,820
170,77,10,3.992021,772
195,295,10,5.833162,925
322,354,20,10.212183,525
443,343,9,19.260565,451
363,34,15,14.491694,255
266,299,10,13.087058,271
17,307,9,1.281824,462
221,48,13,17.176661,765
102,21,16,3.963735,391
392,261,9,18.153860,174
164,54,17,16.159968,599
336,66,9,16.870573,765
153,224,18,0.821266,787
340,410,20,15.660825,1082
367,319,19,5.299486,526
11,170,16,14.704735,641
348,185,8,18.337610,1005
420,162,5,18.415471,835
56,449,6,14.927394,620
379,234,19,16.255912,730
140,335,18,5.990163,1050
380,397,7,18.097325,921
162,111,14,15.967274,516
38,123,5,1.737081,887
438,10,13,19.017569,491
167,142,8,15.172356,858
196,280,10,11.097717,348
126,245,9,14.347407,399
345,91,10,2.116238,706
362,162,14,19.073218,421
152,92,7,14.255778,450
223,149,5,11.597017,672
436,445,13,6.554443,656
221,205,13,8.404671,793
231,143,20,2.714704,359
208,307,13,5.875091,230
39,94,8,16.516010,981
124,119,16,17.969955,330
236,16,15,0.467455,483
38,165,14,7.960837,649
227,9,19,11.384145,1138
410,92,18,12.699001,866
321,155,18,15.914918,731
74,309,17,12.599078,1053
89,169,6,3.486009,692
168,436,7,10.713156,1062
32,149,11,8.363180,622
377,417,17,0.876178,475
298,318,5,17.141235,619
93,218,5,9.852776,257
8,437,15,15.579985,622
229,282,15,7.699383,664
180,412,14,8.638850,1063
264,432,16,4.338643,1046
367,142,15,15.186998,1073
104,403,14,3.925228,228
438,21,9,2.462703,219
86,93,8,13.018726,1174
69,357,7,16.927261,488
254,287,16,18.912104,813
68,376,5,5.799968,330
314,428,19,6.228949,650
96,425,6,5.478641,534
49,361,6,16.686138,738
147,197,8,17.463956,1060
196,422,16,8.025425,920
80,268,15,1.127313,864
76,187,20,17.697469,264
51,227,19,12.717182,124
205,196,8,8.752534,1182
20,46,12,4.925788,180
68,431,17,18.350502,628
291,127,20,16.196234,273
212,86,9,16.651087,826
229,272,5,20.150830,626
5,400,5,7.396421,500
95,444,7,4.265172,619
435,384,17,19.604096,466
267,209,10,16.334411,892
311,395,7,13.212263,747
345,440,16,17.949874,966
439,131,9,11.786030,599
348,203,8,14.055192,1153
328,336,8,4.824693,928
420,281,16,9.820130,699
385,296,17,3.970473,936
428,158,14,4.951837,626
220,78,10,19.564706,309
259,214,15,16.594106,980
229,330,10,17.915930,206
214,334,18,8.059429,875
48,402,5,6.410002,742
197,349,14,13.664164,119
248,264,18,17.042623,799
44,123,10,3.663320,774
404,183,11,9.689688,1171
393,414,20,10.190652,1079
303,259,15,16.181272,778
410,31,5,6.671807,253
400,228,18,14.128380,821
155,140,13,17.623400,385
182,363,12,16.722281,787
9,161,9,1.165329,1100
70,286,19,3.077840,583
275,258,10,3.188859,1119
305,298,7,17.376575,710
40,116,20,14.359846,853
154,3,18,19.648953,1083
366,405,18,12.418046,872
440,421,17,6.513568,155
394,89,8,13.617871,143
37,57,8,18.167485,1099
275,335,7,9.306619,126
331,83,19,13.882165,131
389,336,20,18.672798,253
294,192,20,5.265896,182
137,325,15,20.024720,1022
394,200,18,2.404781,768
34,84,11,15.352542,354
153,31,9,2.556947,1058
47,151,12,18.441288,421
268,10,16,17.542236,241
52,289,15,6.731184,964
314,102,18,18.793738,144
376,59,20,8.606258,597
91,165,11,3.825494,1153
155,85,5,15.799631,967
4,163,13,1.602598,1184
234,258,14,12.763467,1006
259,13,14,11.397350,329
143,162,19,5.147479,739
142,315,16,13.976920,813
36,409,19,15.644000,1005
69,434,16,15.948411,1052
207,280,19,8.383298,252
331,260,19,13.158350,1175
422,271,18,0.807574,556
444,307,9,6.650059,165
133,409,16,3.153064,640
389,58,17,13.109274,271
279,200,9,5.316683,663
130,37,12,13.448118,797
3,347,9,9.541370,128
125,214,20,16.583694,871
331,412,5,16.953228,400
125,179,7,7.342449,1169
171,108,13,2.548003,514
417,152,14,5.383690,823
378,118,16,15.459352,1026
392,59,6,7.961569,949
225,356,14,2.694240,202
205,151,18,18.253021,430
321,106,17,2.485779,919
26,173,18,16.539097,100
342,168,5,8.314396,1136
16,142,5,16.690144,329
294,277,8,16.686141,1198
405,10,8,9.980636,218
424,15,5,17.239895,1039
139,267,17,5.216549,377
19,120,12,17.361595,848
222,104,8,15.245456,975
103,206,14,11.398250,1073
140,282,8,16.973568,402
51,184,18,2.053439,515
160,158,15,13.909531,1127
79,130,18,7.021445,333
40,424,14,4.221309,1009
393,386,15,0.685294,496
95,262,14,9.591563,666
270,345,14,5.999930,620
410,145,13,18.321890,882
364,85,12,19.465216,1096
177,306,13,8.663950,589
276,266,8,15.500890,478
164,119,12,2.250204,405
133,174,6,5.655115,1191
71,153,15,11.068597,878
190,362,17,12.749471,709
325,445,20,8.339326,850
135,335,6,10.971240,543
141,391,18,6.570000,870
393,320,14,16.266300,1173
213,7,5,3.085371,1078
438,388,13,13.402961,277
325,416,17,17.044915,1098
304,196,19,1.868006,745
251,426,13,13.453188,1040
275,69,8,11.390082,828
385,398,19,19.345168,432
234,272,17,18.524549,1065
331,88,19,3.716604,978
437,138,13,20.336671,746
144,29,17,2.972172,346
230,215,8,12.756741,898
48,19,17,6.206943,1086
56,184,9,0.292926,570
369,221,15,1.744512,1070
257,46,19,19.510520,536
431,6,19,16.551881,305
319,227,9,0.999871,800
428,209,8,12.068420,307
307,200,13,4.109818,825
403,118,14,17.563060,795
284,223,7,2.256947,542
267,408,12,9.134952,684
172,336,7,13.044261,474
200,254,20,0.960984,291
17,322,6,1.385131,1197
99,121,6,12.743475,585
95,350,7,18.691217,877
80,99,6,16.078450,151
99,238,6,10.572368,596
170,214,10,2.106881,292
381,445,8,13.092987,907
106,316,9,20.207702,193
414,237,18,0.944387,668
15,275,15,11.833289,817
360,426,15,18.701771,666
92,405,12,19.835028,889
362,444,17,20.156127,1169
10,38,16,18.272543,1196
385,228,20,5.617502,188
238,83,14,19.897874,446
357,325,18,14.324771,101
297,16,13,15.612943,550
115,133,11,14.083616,1113
238,222,10,9.605662,289
418,401,12,9.470190,260
182,209,10,6.213159,542
15,131,17,17.266692,271
38,278,17,3.818714,964
79,368,11,11.615017,745
437,346,13,4.603699,295
395,172,8,19.400296,674
431,268,13,4.943049,233
360,249,10,6.266214,113
345,360,20,15.771335,785
70,374,13,12.295944,142
346,366,15,0.934181,415
171,221,20,6.673036,473
134,318,6,16.879745,475
58,52,5,16.526666,790
24,0,16,11.089464,225
6,273,10,4.221286,144
297,166,11,10.262051,1037
156,327,10,1.428366,138
311,27,6,18.163869,772
21,255,13,11.977696,344
162,376,14,12.756331,817
201,447,5,16.363941,389
251,28,14,12.608619,1060
26,248,12,16.115739,535
381,289,12,9.967235,872
243,263,6,8.802980,864
157,21,13,0.174154,896
379,140,7,14.034789,1099
324,177,10,3.663522,637
121,235,14,5.408673,805
73,149,9,6.463315,494
443,283,5,18.181728,500
161,429,9,3.116097,209
374,375,20,11.327806,674
290,400,8,2.368179,1183
253,154,9,6.626933,806
350,151,20,13.853832,1195
253,335,9,18.268762,827
51,123,7,0.525677,1160
404,342,18,16.893437,224
67,37,5,2.641318,225
377,273,17,15.436277,390
380,22,12,13.219783,161
307,24,16,9.052118,1080
72,90,8,10.830551,746
420,444,7,11.696299,1100
23,411,9,5.828351,862
29,423,20,9.029733,909
258,90,10,3.262817,859
318,235,10,8.392084,312
233,401,15,19.952633,1200
39,180,15,4.558097,834
246,399,16,11.194314,154
16,48,11,0.959890,215
368,145,15,7.202375,460
447,259,17,1.230205,845
102,368,18,13.628210,1112
74,353,7,1.186067,622
12,173,14,9.534770,103
398,122,7,10.778057,701
261,92,10,20.223359,227
435,331,13,19.866536,342
102,361,16,4.124425,1019
296,441,16,0.518815,491
439,53,17,17.079778,487
234,422,19,0.466385,343
326,43,19,12.126060,245
432,445,6,7.444964,544
240,93,7,16.333602,642
232,364,13,13.761629,574
314,40,15,2.178634,315
162,81,9,14.769677,962
156,227,5,14.612380,676
172,151,6,20.375395,826
238,319,15,13.462817,1072
391,423,12,20.357781,537
36,48,18,10.367240,683
376,398,11,13.067137,1047
211,152,15,2.572565,649
1,408,12,14.523526,232
139,238,18,4.165042,838
298,326,9,4.079496,485
267,201,12,6.698955,362
207,389,15,17.065551,487
419,301,8,17.176362,632
252,11,12,6.792955,375
420,37,11,9.241128,334
393,140,5,5.324254,736
19,55,8,15.488342,621
329,308,8,9.971364,482
306,428,7,13.559046,863
187,328,14,1.966142,1187
129,8,9,18.914682,274
195,417,10,15.694694,269
139,435,5,3.310217,649
381,253,15,11.840995,464
401,309,9,4.092995,1047
1,113,19,16.237563,839
389,259,20,9.704008,911
136,278,8,12.096061,731
134,322,5,19.003867,214
313,92,13,3.487646,272
358,309,12,5.262254,400
111,228,11,0.902153,248
311,296,13,3.044051,198
68,129,20,18.346949,421
58,221,6,10.911621,317
366,249,13,18.885619,364
319,392,14,6.743337,868
394,286,15,2.428952,741
120,259,7,2.589740,382
137,66,15,5.853018,1152
41,25,11,6.927052,1078
142,310,13,12.480387,238
69,401,20,8.915352,652
331,238,13,4.317422,594
355,348,13,2.593074,464
417,37,5,15.859226,1063
210,431,5,11.869016,554
300,307,11,4.722845,560
401,307,17,9.953389,582
413,4,15,3.151443,1133
121,434,8,17.384258,755
227,378,19,9.538994,540
421,347,12,0.955206,784
354,48,19,2.382620,580
388,309,20,10.639099,244
90,427,15,9.151327,271
69,73,5,10.952985,1063
146,432,6,14.716408,122
128,405,16,2.736521,261
224,20,10,10.032483,422
221,120,9,5.615982,841
412,241,13,11.725595,785
338,328,8,17.694957,720
446,78,17,0.407642,437
186,73,5,3.359273,201
64,88,14,4.144028,809
102,429,11,5.147932,139
238,18,17,6.427015,534
87,239,18,19.279816,598
30,427,11,0.959722,776
2,309,14,6.055556,1020
228,239,15,2.953073,856
275,364,5,17.932304,443
158,88,9,3.570633,148
202,179,8,12.813164,726
133,415,20,5.294077,415
145,15,5,13.647263,944
107,258,5,4.961483,333
171,256,10,3.306217,536
302,156,11,8.742327,946
201,206,19,20.437353,894
31,413,11,11.948794,713
220,366,10,2.462798,345
153,35,18,11.037568,778
23,216,6,18.761853,634
104,180,5,3.336068,963
110,213,5,8.502437,521
21,346,5,2.413555,605
155,169,18,11.271292,1052
342,380,12,13.087305,1174
234,13,16,19.874773,1086
7,326,10,11.925783,863
79,383,20,6.639612,131
373,1,7,16.466494,355
49,77,19,20.126061,342
56,85,16,6.265808,797
289,287,5,17.056659,966
47,170,18,6.270550,746
193,316,13,5.811275,830
378,331,20,3.480249,629
333,375,12,3.510465,514
131,249,8,6.299650,753
302,30,7,5.377593,732
199,62,8,19.704211,331
190,64,10,15.795328,1020
79,264,13,14.076537,586
9,337,6,0.321000,760
117,39,16,8.840629,226
50,67,5,0.406766,558
422,418,8,11.909147,581
43,150,10,15.483270,946
32,245,15,17.435516,1011
193,289,7,9.740774,200
264,81,16,11.982773,400
190,123,14,10.683364,110
52,194,10,17.836144,293
280,64,20,16.955447,890
27,151,5,0.579090,744
217,92,6,8.143351,182
21,59,14,19.817729,363
55,261,12,4.275992,329
29,159,11,8.627188,489
142,9,18,9.792992,439
414,418,19,19.034422,150
28,54,10,14.586610,661
22,50,10,11.679869,1109
318,373,16,12.310545,1007
161,74,10,6.404639,1036
229,325,10,15.984677,373
429,292,10,4.229430,1027
305,387,7,0.175831,580
354,159,7,6.531963,792
318,362,7,17.349739,1193
212,273,16,4.587959,1034
152,40,5,1.180123,274
267,416,18,5.133217,467
416,301,6,20.129320,1048
335,324,20,18.222167,705
23,230,11,11.157586,189
418,77,5,18.422543,1038
14,308,14,11.893940,908
56,102,19,19.220091,1173
374,207,18,6.307755,801
202,282,18,2.616208,884
47,49,9,17.291014,1040
102,265,19,10.348457,994
233,426,20,7.804876,438
419,191,5,10.383136,335
115,49,15,1.537029,354
314,378,17,0.288978,596
8,350,15,19.484561,1110
141,394,15,2.504620,263
302,295,9,17.529070,859
428,423,16,1.631033,340
319,257,10,6.214312,374
246,345,16,15.486327,270
417,150,12,15.509125,631
104,275,10,3.074127,388
443,427,11,7.079320,828
402,212,16,5.326656,346
308,373,6,2.172574,977
270,283,10,19.914081,1103
116,248,17,2.728041,608
238,156,17,2.477502,509
49,380,16,5.914009,598
84,215,6,13.795887,971
195,296,19,6.525168,118
288,234,15,5.046311,969
361,180,14,15.860880,567
72,195,12,20.355859,512
437,119,8,12.652522,642
127,434,8,7.754764,463
255,250,20,7.082485,1152
205,359,18,4.607564,611
394,436,15,19.257248,1056
286,273,7,14.156524,613
307,281,17,16.643234,693
162,356,11,14.718325,467
31,253,20,7.857390,531
110,369,8,12.042155,981
389,42,15,2.939781,231
22,41,19,7.235273,987
168,77,16,0.642362,729
305,372,18,4.250493,131
164,249,9,15.359831,576
40,219,18,6.451293,835
240,352,5,6.614284,262
290,449,6,4.882088,526
44,118,10,11.471611,895
139,185,8,19.043925,746
255,292,11,20.389727,382
310,101,19,4.329389,1078
331,210,6,19.552998,622
292,320,9,5.539412,623
369,33,10,8.097528,1144
233,176,20,6.827010,462
210,206,14,13.306820,552
227,438,20,18.856707,379
332,107,15,7.238353,448
273,442,20,14.851052,934
437,304,11,4.909638,1189
406,274,14,12.243830,1104
49,239,17,18.814280,706
148,285,12,0.642317,1107
120,178,15,3.636514,997
77,370,17,8.022458,711
243,27,18,19.957862,284
346,34,18,15.259912,155
52,428,17,14.665459,315
226,21,13,13.678964,1176
310,345,12,10.449236,916
403,148,17,5.494348,505
263,293,15,0.201274,948
198,25,20,2.345997,573
5,113,9,10.430654,604
275,437,9,7.419999,1124
316,395,18,17.946384,758
216,410,8,13.857160,661
199,271,17,1.302932,192
69,187,7,13.874942,232
206,434,16,8.525156,332
250,286,11,2.330277,909
140,315,7,15.734209,694
432,388,8,6.495767,171
205,164,18,9.087206,343
243,255,13,4.119328,149
410,298,16,4.174829,1117
355,60,6,3.011440,298
259,46,20,4.433453,436
300,33,5,5.619524,853
416,134,6,5.114014,1129
107,159,8,5.122541,853
352,175,11,20.274164,920
241,20,12,0.961212,602
217,26,8,10.045078,382
58,377,15,10.752064,175
25,197,6,15.148109,183
390,119,7,12.782436,1194
330,170,16,4.682604,298
290,20,14,1.032382,320
90,331,17,18.308155,831
318,306,12,14.702578,975
121,335,14,4.061583,381
153,104,9,19.074112,858
0,309,17,18.895819,664
342,339,16,13.403732,426
315,205,9,2.621799,457
398,14,15,1.741402,201
61,397,6,17.522985,910
131,66,13,5.206448,441
99,364,20,10.120393,321
128,176,18,5.505392,281
187,176,16,5.640375,616
121,19,17,7.291032,306
280,368,16,11.473255,809
266,197,10,0.529955,966
170,118,14,9.555918,768
289,81,20,19.740474,951
264,409,15,16.057712,667
180,60,11,14.980889,839
437,187,14,6.411234,325
405,290,13,1.825498,133
73,42,20,9.632541,444
403,322,12,4.539202,281
406,56,18,12.795893,951
344,133,10,8.224921,1129
363,355,5,3.666566,1100
140,355,7,8.632883,978
315,195,11,4.927138,1012
375,336,18,9.313118,516
37,353,10,10.921698,1025
405,47,12,13.344898,441
62,389,14,10.736286,1092
115,346,18,19.874216,293
352,324,8,15.859796,215
246,48,11,19.514050,986
230,309,10,20.360979,992
281,195,15,18.835735,550
399,227,7,6.339155,174
346,246,11,13.797071,694
44,149,17,10.328149,266
48,444,13,13.233515,522
19,253,11,0.165381,198
172,186,6,13.121654,133
49,277,18,9.128994,783
94,74,20,5.562344,236
19,397,5,19.610623,357
4,203,14,7.070785,625
376,339,16,9.674731,895
365,414,14,15.173775,457
207,234,20,10.141915,572
46,136,20,18.711396,789
379,171,20,15.804420,115
97,395,18,10.110025,587
408,99,9,16.167932,627
392,384,15,6.373369,792
232,197,20,19.417293,120
148,183,5,9.602150,887
448,287,5,11.460499,1108
135,28,13,15.672992,997
135,207,8,1.609363,864
14,317,8,15.557215,397
68,321,5,3.775347,885
339,81,8,7.500504,812
171,364,19,0.448190,1093
393,436,12,7.043313,1072
48,40,18,16.317884,837
401,314,16,12.518174,561
419,109,16,4.056392,311
139,401,7,4.015287,563
161,233,15,9.653319,467
231,170,13,18.659104,615
270,307,7,3.228423,383
406,146,5,14.024937,392
65,48,13,0.225943,381
17,138,8,10.375575,886
192,253,5,13.374327,115
89,222,14,16.325042,1190
110,421,6,4.396529,930
195,180,8,4.345766,357
342,154,14,3.846366,961
182,253,17,11.465626,187
190,395,5,16.931175,635
209,178,14,5.299863,584
402,433,10,19.311477,1023
357,389,9,8.090329,1037
208,180,12,6.064159,272
369,329,9,11.179710,785
65,341,7,8.679213,751
147,350,11,17.616596,169
343,125,12,12.536120,1145
267,50,11,2.967449,754
322,413,6,12.440501,877
377,160,8,19.074939,397
273,227,9,8.699611,392
100,226,10,13.653903,1029
440,86,14,18.014997,1001
325,223,8,9.026614,238
6,166,5,7.054238,1086
132,404,13,17.164013,448
401,364,10,2.678567,1116
221,364,17,14.146036,439
363,227,6,1.324166,117
285,354,19,0.667654,641
27,226,19,0.332330,112
231,211,10,12.298296,637
53,174,19,17.661291,695
404,60,8,13.853113,398
284,235,8,12.371001,266
263,122,14,16.480342,708
227,352,12,7.843319,1033
53,89,13,5.909311,215
355,189,6,5.646838,911
140,219,13,11.269341,1183
33,441,16,9.100934,908
410,272,17,11.049037,429
264,212,16,17.670985,765
205,112,5,6.613494,436
156,211,14,7.374145,875
350,261,5,4.066671,1072
293,5,8,11.283862,1189
138,134,8,1.280022,646
257,133,11,1.801916,701
344,415,8,17.724697,163
402,302,11,20.305692,839
323,39,9,3.745581,617
63,44,5,2.099497,166
277,103,12,14.352215,408
221,331,19,10.231210,186
336,171,20,10.396047,654
225,199,16,15.083070,1185
251,204,14,4.479211,1027
323,133,13,6.658904,1157
140,278,5,6.810184,688
138,289,14,12.476883,214
76,418,8,7.419985,888
25,332,18,13.178856,1178
314,77,19,12.639276,279
1,444,10,15.645394,1040
183,98,12,13.445434,1200
120,206,18,11.401801,641
340,140,15,2.047918,452
188,23,10,13.546870,838
186,365,20,0.919873,519
409,389,15,7.043375,443
61,123,18,9.298916,1086
262,77,19,19.563942,899
92,154,12,15.642746,1007
268,125,16,2.095135,1028
423,153,9,4.017687,424
292,192,8,1.913666,238
441,277,19,11.953322,605
365,197,8,18.298094,1010
262,327,6,2.607573,671
243,158,12,10.355913,492
398,280,10,16.134017,257
171,287,5,17.725255,636
81,357,6,15.722744,116
371,211,20,4.863064,207
396,39,6,18.622449,1172
430,316,13,14.928134,662
18,51,8,5.236853,728
187,268,15,0.464733,568
371,177,15,14.820229,445
21,39,15,19.689159,1060
259,268,5,5.519889,890
437,78,7,9.601386,469
354,116,16,4.986974,750
243,83,19,10.538912,564
400,431,5,16.139565,798
379,69,19,16.459851,580
321,324,17,1.923473,466
8,347,10,9.437125,247
80,341,18,9.874776,689
431,176,20,1.695044,409
93,200,9,9.231066,352
197,235,10,7.762402,873
293,156,12,11.956863,980
400,221,16,7.454178,1093
358,68,15,16.409481,480
347,209,10,5.512848,1176
384,48,18,15.883897,741
331,222,5,19.656248,1129
417,358,17,18.649142,957
167,121,11,12.691069,1156
327,353,20,4.741002,167
105,396,13,12.052842,800
406,383,10,6.161727,683
448,153,7,11.420339,584
83,410,11,12.871907,130
443,433,5,19.630186,1088
365,296,15,19.076570,649
328,309,13,5.761735,1051
427,305,18,17.177914,1142
187,355,13,8.161770,373
334,246,19,2.041178,323
151,314,19,5.815235,530
36,63,19,8.608383,893
415,283,10,7.277624,837
180,134,6,9.507091,478
433,171,6,17.192958,1028
176,28,12,8.908899,204
430,189,14,7.011332,592
268,407,20,14.301616,752
331,3,17,3.958073,806
130,396,13,7.438403,419
41,346,5,15.635202,783
223,322,8,15.724837,866
398,167,5,18.665554,721
142,136,12,0.460420,630
309,258,8,10.276786,608
200,43,7,0.899314,777
311,265,5,12.537854,927
60,2,7,5.105202,1011
396,331,14,1.963510,111
141,82,6,9.984908,208
19,308,14,6.299092,424
130,304,17,20.446741,807
398,360,13,12.454933,694
98,135,5,10.976231,524
142,396,14,0.087902,305
11,289,13,18.920828,398
320,411,16,5.974335,951
197,175,10,2.009135,802
88,271,7,18.621095,291
258,186,19,19.089323,563
172,168,5,17.388721,1020
281,249,19,17.220819,1154
431,328,17,16.633259,548
234,148,12,6.554086,1005
9,70,6,13.598357,643
384,108,5,20.383430,588
273,426,15,8.418966,235
396,274,13,3.631655,709
295,51,15,0.859560,625
107,133,7,15.250581,325
45,278,8,3.568218,939
448,328,5,18.026184,1125
326,281,19,5.435470,330
257,365,7,4.034087,750
440,338,8,12.895637,828
414,66,8,12.416089,228
358,160,7,8.736627,732
419,183,17,14.084834,719
209,109,19,17.854991,473
203,138,19,13.625528,525
50,149,14,10.578137,163
357,293,18,0.393739,384
52,187,13,0.825950,578
376,105,19,2.451365,879
20,44,6,3.399877,924
132,126,14,0.521338,154
1,204,7,6.388732,1043
20,118,20,9.772195,479
122,383,14,2.400400,934
46,196,5,9.217921,865
443,144,8,17.892436,321
52,310,20,3.761894,1010
20,172,16,11.583131,1116
111,198,10,19.937177,173
186,393,11,10.624420,1131
344,381,19,8.992661,692
405,210,13,17.965822,412
189,204,8,17.230537,1107
378,93,11,20.175048,330
265,441,14,2.841722,430
132,315,12,4.842275,973
144,15,6,8.585663,1128
353,273,12,7.256019,344
331,187,10,16.520663,725
255,358,11,11.837712,500
399,393,5,9.356266,515
110,243,15,13.175830,397
211,424,12,8.192509,795
126,138,16,17.552097,1180
165,330,7,18.072518,565
101,148,12,12.809777,197
206,217,16,14.185517,1069
346,253,9,6.370963,1042
403,222,5,17.317900,871
266,206,20,11.511400,365
95,71,16,7.148184,532
123,243,5,4.010060,107
413,51,17,7.409637,726
39,149,15,20.445872,524
285,166,6,3.054363,644
2,205,12,9.371798,606
375,433,19,14.737897,511
18,101,13,5.682365,1044
268,90,17,11.470475,444
277,264,16,12.248381,391
2,240,12,3.328607,1177
132,207,16,9.246576,361
280,210,19,10.389793,533
122,423,7,15.170939,1102
38,318,11,5.662375,1081
420,312,12,19.699818,663
291,96,15,2.822088,852
15,84,6,18.411719,622
10,401,12,2.755505,1140
26,305,20,3.037015,1009
20,340,19,5.035710,778
423,256,6,19.544219,782
383,51,7,13.095191,137
260,326,10,11.431050,524
213,56,10,6.290829,820
139,414,11,3.663086,911
236,374,8,7.514862,802
178,302,6,10.576510,1010
443,247,20,9.589514,416
265,392,5,5.552542,1146
104,239,18,15.614653,556
79,424,13,9.894444,731
204,218,6,5.867631,732
187,112,17,9.584936,944
321,444,12,13.575605,823
300,411,6,5.733301,939
266,20,8,1.080649,974
126,34,9,14.307858,493
352,198,9,2.823635,166
41,389,15,9.155795,489
4,253,6,10.581049,104
106,70,7,8.022838,559
415,27,6,11.056463,893
161,435,6,15.358495,567
69,195,7,20.481539,663
252,380,15,3.231373,369
391,2,11,12.828111,788
29,164,11,14.186347,147
6,246,20,18.329275,199
175,316,6,15.720032,606
182,20,13,13.062249,1168
408,258,7,14.007995,982
429,56,5,13.553907,1029
417,231,15,19.350396,675
59,39,17,14.217091,676
232,83,18,5.945970,1199
252,25,15,3.604341,1069
438,210,17,4.793421,1177
298,273,9,16.584560,416
4,405,13,5.609256,672
46,161,9,11.800781,1067
122,142,8,3.585794,718
163,391,12,4.992494,1193
14,330,9,0.922678,763
76,223,10,20.373250,1110
166,28,9,20.329166,804
232,284,18,14.317837,118
381,377,6,0.067712,1117
0,30,6,7.556831,1194
422,212,11,14.308693,184
248,6,19,13.304803,389
418,328,7,10.167009,644
130,185,20,10.978164,805
442,141,20,14.936973,1181
110,53,20,19.472267,738
443,22,5,18.255673,615
17,297,9,1.422263,910
436,408,14,16.462144,540
221,241,12,18.922046,121
275,269,14,3.872467,755
337,209,5,15.185222,346
177,260,15,12.322558,1047
350,430,19,10.392939,918
360,318,7,18.384076,150
269,163,10,17.186901,414
198,70,14,15.138839,1106
415,376,16,19.110143,862
155,26,10,2.902370,890
275,23,6,13.568497,260
395,372,17,16.353114,981
229,250,11,16.627951,524
147,25,17,8.232999,375
3,322,19,17.987241,983
129,360,8,7.864155,310
303,443,15,5.589655,1156
87,9,7,6.885689,983
208,358,18,16.162948,648
299,3,5,4.379369,299
11,339,5,1.203067,837
12,24,5,3.449339,386
417,430,15,15.080801,576
159,374,14,0.288530,436
71,105,5,4.887088,143
346,261,5,15.668702,964
349,146,9,3.042148,657
381,205,19,9.553565,961
146,397,8,7.878853,499
61,364,14,15.899518,655
380,246,18,14.869167,942
350,295,10,19.813067,176
126,210,11,0.183048,415
150,119,9,10.875297,287
39,365,8,5.648606,1053
182,250,16,17.028185,750
61,329,19,9.121084,240
301,247,5,19.431238,1068
226,370,9,12.513505,933
203,382,8,0.892153,564
185,263,14,3.784600,897
209,347,19,5.909841,1168
121,105,13,8.037916,680
331,441,20,5.055594,195
332,358,20,6.461727,515
55,44,15,17.503571,878
307,36,15,14.639933,167
410,279,15,2.128671,342
99,268,13,6.883278,523
347,117,16,19.273146,894
134,53,19,6.960693,412
235,357,10,20.185194,592
211,40,8,0.332685,312
107,356,10,2.279107,335
368,84,15,17.018285,753
358,302,5,8.990532,200
402,52,16,18.565992,1086
148,389,19,19.506515,301
365,15,14,16.956259,820
247,304,13,15.629278,1169
138,378,6,18.111323,1102
281,155,15,15.280457,759
375,436,14,1.377482,411
11,326,13,5.840522,299
420,280,18,11.049988,161
35,21,20,5.648895,1116
237,142,8,6.567448,398
393,182,9,19.401462,618
235,63,14,9.465615,224
240,320,18,19.755108,892
208,343,6,15.050858,523
211,65,14,14.350507,457
154,288,18,3.400710,294
295,214,13,8.214127,961
29,0,8,0.823394,243
358,347,10,19.192558,939
369,219,17,9.235344,895
17,185,19,5.124716,455
415,296,16,1.013997,507
31,240,5,14.035390,1003
295,59,13,6.261720,618
406,96,5,16.851869,356
225,239,5,12.797046,394
158,251,14,18.446497,671
73,182,7,14.586038,1077
294,88,13,19.949854,229
189,398,7,4.156213,1088
363,162,13,5.800535,850
445,304,14,14.234273,241
235,263,6,2.075003,129
422,195,7,8.151690,834
196,366,15,7.574431,1000
234,203,15,11.085890,917
413,293,6,17.709354,242
211,92,14,6.208052,692
446,152,8,4.346761,940
358,27,5,2.955692,613
308,322,12,8.728546,554
114,352,16,17.672494,137
429,66,12,10.572578,1168
436,330,14,16.912762,101
247,306,10,15.121988,353
148,140,13,2.406773,172
358,287,17,5.852514,435
281,418,6,17.126889,410
129,172,16,17.652804,1012
380,278,17,12.849516,1018
130,236,5,8.741868,111
272,429,8,11.546916,230
316,342,18,1.132189,414
437,197,14,6.061469,1105
274,258,10,11.545396,1031
150,211,9,14.943127,1130
357,107,19,17.998642,170
389,53,7,10.029462,363
299,288,19,0.657017,598
55,101,5,12.961025,118
395,33,11,19.186791,506
282,345,20,13.952369,1060
241,322,15,3.665872,782
301,434,14,8.588990,1128
252,74,13,18.979281,356
380,228,9,7.437967,662
53,80,13,5.875033,388
150,106,20,6.530754,336
76,115,17,20.489079,854
356,50,16,3.875749,273
45,428,13,6.146365,315
146,402,19,11.908786,867
211,271,5,17.912305,520
242,430,18,15.771337,534
90,141,9,5.896450,438
339,280,15,6.689635,1052
5,340,17,1.990272,812
292,321,10,1.581297,716
243,79,14,4.636848,743
66,227,18,10.781210,1136
146,76,9,16.642724,887
195,263,16,7.287462,702
448,112,12,18.536415,891
416,403,5,4.917629,776
5,397,20,14.349971,310
354,227,10,13.959121,797
411,115,18,10.247553,352
322,298,18,1.032805,263
435,61,15,15.670505,647
67,297,8,2.685332,428
309,104,14,14.377992,354
0,287,13,20.359485,689
7,310,16,16.232379,1179
333,19,9,12.894497,966
402,110,20,0.731118,283
219,192,17,15.694260,1145
287,100,11,16.543307,150
126,71,19,17.929317,614
143,55,15,4.548659,1036
331,280,13,17.149036,385
441,39,7,11.226771,1134
310,376,10,8.870072,620
446,90,13,15.945369,709
22,357,8,9.587985,952
10,34,15,12.184585,497
163,50,20,13.606984,573
231,374,17,2.808949,548
87,385,20,19.488726,1012
25,363,7,18.038329,1182
113,388,18,3.935245,500
395,109,16,17.441283,591
194,312,14,16.281889,193
102,189,16,16.299697,485
205,68,5,15.708534,1128
436,361,17,5.801359,1005
67,401,10,5.886441,591
143,170,5,17.965334,196
106,120,14,15.375752,211
152,413,11,17.934523,832
325,138,20,10.572128,121
385,158,15,4.487554,238
82,226,16,14.744957,950
73,102,11,13.580036,548
252,63,17,14.604335,405
190,309,11,7.275886,962
359,327,6,17.028196,848
52,193,13,7.436618,558
237,328,19,2.140175,997
211,14,12,9.434485,1017
80,245,20,16.168642,842
305,449,10,15.540367,459
373,398,12,6.650951,1162
284,273,6,9.216906,562
183,429,13,11.097486,1112
98,68,5,12.827935,101
292,67,9,18.716329,305
231,89,17,10.202395,428
344,110,14,20.038699,862
128,329,5,3.168051,658
394,259,13,4.273389,966
286,88,20,13.427378,484
373,127,14,5.628818,381
259,141,12,18.164227,368
56,181,7,3.321880,676
94,289,19,14.525386,212
230,416,20,17.790247,260
48,136,19,18.856518,884
192,260,11,5.442772,615
115,283,8,11.690591,704
227,131,12,0.621428,602
281,424,5,4.735150,843
271,393,12,7.323678,176
380,331,17,4.083215,1056
38,331,11,5.747513,745
52,171,7,9.168848,1023
417,122,10,13.354153,752
221,8,5,18.136981,947
246,404,18,0.272375,718
289,1,11,7.162059,1082
431,285,9,15.042023,991
72,352,6,2.495173,320
7,154,8,0.378689,1100
343,318,19,12.395520,891
274,413,14,17.430563,834
218,227,11,3.008540,560
330,250,15,19.149584,128
241,290,12,2.262161,1064
271,25,5,18.836869,269
335,11,13,16.801676,856
202,358,5,14.741855,262
244,209,18,11.707273,1198
424,379,17,17.854209,1144
439,173,7,2.767433,137
247,64,13,19.496602,223
216,138,9,15.279962,633
343,271,7,17.235566,593
391,230,20,14.639464,859
301,363,6,11.580965,1012
64,69,19,3.413300,1146
33,54,17,8.829978,493
413,333,15,0.744160,519
189,379,16,14.404346,565
120,447,9,12.586904,850
316,397,18,19.444964,281
128,442,12,0.724744,1083
141,118,5,12.147670,436
154,94,12,16.288693,414
346,93,11,9.168341,918
437,191,6,5.680454,800
207,93,5,1.753366,284
23,263,16,9.716111,955
403,424,7,7.118614,970
320,328,5,6.462953,693
283,220,5,0.105297,304
398,206,8,16.215022,731
219,231,11,10.178407,505
40,241,13,4.707945,362
140,369,13,12.576981,842
148,235,19,8.306970,833
190,191,6,15.423133,770
58,174,5,8.273443,1146
349,254,18,19.406863,624
204,378,9,5.455363,230
102,208,17,11.367128,890
124,85,15,9.541053,145
271,251,18,3.796655,235
150,389,19,0.429903,154
335,142,10,17.526536,435
252,301,8,12.379313,524
298,55,13,19.151410,941
245,101,20,16.545370,511
207,194,15,7.043631,669
145,167,7,1.906001,956
35,169,12,17.606081,1100
444,41,14,4.505110,881
333,51,17,7.554729,1080
374,360,15,17.356478,1151
273,258,14,13.193233,496
257,418,10,0.931444,443
4,445,18,17.859485,922
136,15,8,0.920232,1075
39,135,12,0.935044,464
18,96,8,0.577979,972
75,302,20,18.289679,904
240,126,19,11.114027,467
234,30,15,8.594407,1073
90,158,14,1.048091,830
274,373,14,9.489879,596
17,299,6,11.087385,981
7,369,18,4.874248,679
0,361,5,9.185933,1080
407,143,8,2.051811,829
140,341,19,17.572051,1150
34,314,8,3.858909,792
433,321,14,12.600551,1034
154,122,17,1.744575,464
230,191,8,13.336250,968
352,408,18,14.201536,583
207,163,17,6.568297,386
7,135,16,14.085065,871
20,331,14,16.520924,148
80,342,16,3.660942,299
168,72,20,7.935776,492
281,104,20,12.026846,262
248,76,5,9.944523,465
427,334,15,10.755306,221
109,325,8,1.184782,733
235,8,8,11.125509,365
209,264,8,3.152964,239
298,401,19,15.744939,935
176,278,16,13.778175,250
370,431,6,4.658463,199
132,257,6,19.196446,1171
271,375,10,12.804455,1075
51,204,19,8.353838,936
125,431,11,18.548601,699
291,190,16,1.573673,383
72,218,19,1.445999,869
224,373,19,3.625650,493
410,165,14,18.375207,992
42,237,7,4.334431,473
394,120,9,17.567935,1162
180,254,5,18.555177,596
69,250,7,8.914826,336
223,316,8,1.523910,1036
352,76,10,9.010420,949
287,219,10,14.582637,938
103,18,15,8.208497,724
225,216,6,12.254965,1055
23,122,12,8.117512,129
79,257,7,13.196370,388
115,327,9,11.739661,423
89,33,9,15.242076,377
119,333,5,5.048169,798
277,185,15,17.990315,1069
370,295,14,18.836061,602
91,295,8,11.738892,748
326,140,15,12.337676,676
44,105,15,0.330771,970
53,179,18,0.381259,1145
369,1,15,19.983636,256
434,251,19,14.039130,642
107,47,10,5.936061,1139
154,2,6,17.226057,208
51,223,12,17.094638,710
92,238,11,7.630938,1189
443,25,5,19.569730,239
41,176,16,11.884072,497
12,115,14,7.296162,448
271,291,18,19.401106,451
384,211,11,11.710362,664
289,101,14,6.770417,908
364,144,19,17.787163,723
369,125,15,6.891633,171
149,257,19,1.189924,881
279,259,9,5.058644,1165
311,447,19,9.842131,1008
22,164,20,1.128765,179
287,130,19,0.016081,510
383,138,13,4.039487,1019
326,339,17,7.831804,586
119,189,13,16.265867,1113
163,241,8,20.144166,988
159,231,6,13.612143,107
287,411,6,9.312265,177
245,435,15,1.464747,163
449,8,11,18.895495,413
124,187,14,3.127356,780
323,22,19,10.738361,122
232,53,12,1.577367,274
344,434,7,0.642627,1096
195,19,12,6.653231,829
128,411,18,5.961144,863
435,92,11,14.289939,1147
181,237,5,20.231662,238
140,104,15,13.697810,741
163,263,18,13.470348,242
154,194,7,0.022741,1076
43,349,18,4.467026,128
309,98,12,3.323866,1120
145,73,15,8.276998,327
225,146,13,14.616767,1135
103,383,17,11.613749,1178
164,183,20,12.448269,1046
209,318,16,12.033148,958
81,12,20,5.521545,963
101,85,12,8.044754,681
117,230,7,12.700347,759
209,286,5,9.299121,182
97,434,18,1.302298,1032
363,98,13,6.035845,884
405,257,11,20.059620,1159
62,215,12,0.794153,1070
280,348,13,0.213989,894
1,258,12,5.881772,231
432,93,5,18.697200,609
151,274,9,6.175564,1086
119,340,7,18.897357,956
190,267,19,12.321735,156
85,169,17,3.799108,1074
180,250,12,4.317081,1072
218,392,19,12.326928,737
54,89,10,15.064762,317
293,267,7,5.838772,959
417,76,10,16.640520,223
319,334,19,13.645546,734
442,135,14,19.198239,928
405,54,20,8.160302,1128
330,248,20,8.068807,648
53,431,20,16.793232,1114
330,336,20,5.725809,189
35,278,7,2.698892,240
414,52,7,5.780115,753
123,326,8,5.611315,1182
9,193,13,16.535393,883
222,412,5,12.616042,961
370,2,19,7.387728,594
101,252,20,10.468442,861
406,227,11,14.364960,1091
349,182,7,6.637855,1068
305,121,5,7.093663,458
273,210,17,18.479863,496
11,30,20,5.770991,528
125,48,13,11.723415,306
280,284,7,5.849078,778
25,167,8,19.779747,313
236,328,5,0.757253,824
13,76,20,15.650939,454
400,305,18,14.665253,182
384,377,10,9.444468,1049
91,266,13,16.100521,154
108,102,7,0.648134,292
336,73,8,12.505485,749
205,238,14,7.953787,1054
97,179,17,6.447687,742
249,91,20,2.172671,1116
63,108,9,13.062513,142
13,167,14,19.777784,409
233,42,16,0.440492,1086
260,30,19,8.246117,431
424,132,12,5.930299,893
244,412,11,0.862314,261
143,405,15,5.679557,819
230,98,6,4.011540,655
412,50,10,9.711262,1178
412,360,7,7.818915,487
79,309,20,15.562156,201
99,149,12,17.247752,263
431,115,15,8.000233,923
108,229,8,10.044549,1198
55,374,5,2.859234,853
83,63,8,0.221496,556
266,380,6,19.167537,884
61,103,11,8.399496,351
131,113,19,9.914826,522
284,388,17,9.779500,811
249,71,17,18.810256,478
255,253,5,16.689079,538
24,76,20,1.878496,425
37,348,13,11.540083,802
152,219,9,4.908426,1147
25,341,9,13.327240,162
336,329,12,14.795975,171
263,37,9,16.248522,1002
53,447,5,13.762687,225
324,5,7,13.979384,527
65,172,19,11.854420,521
18,151,11,19.561409,936
129,69,17,15.379984,475
312,26,7,5.020465,231
278,213,7,16.055833,444
169,132,12,15.353797,276
365,275,6,19.546714,921
301,142,9,17.553409,199
37,48,5,18.998500,995
84,152,10,19.377385,594
219,59,14,12.111106,325
304,337,14,1.285203,1008
327,399,9,9.406146,354
277,2,19,9.564782,718
305,425,15,14.644117,1029
170,250,13,0.292029,512
287,362,5,14.911529,856
33,418,7,13.682971,966
107,370,6,7.058766,921
29,168,16,1.308128,545
414,179,13,8.098857,554
398,395,19,7.572039,463
16,421,17,0.910678,208
288,39,14,10.980349,578
288,376,14,14.419881,846
273,220,8,10.084009,393
317,403,8,17.301738,293
38,33,7,11.985483,798
37,331,16,0.936554,561
417,197,17,8.488912,504
411,68,7,10.595500,568
84,174,7,20.074956,416
98,125,20,19.123507,862
161,88,6,15.800073,727
194,310,13,19.058387,775
227,224,19,18.784804,470
122,245,19,15.030268,1000
21,20,20,9.378856,690
434,436,8,8.176495,284
64,172,18,15.269179,700
239,222,18,4.432407,687
47,434,13,13.823772,1042
341,412,5,3.065238,329
284,83,16,14.654137,624
167,325,14,0.215565,550
312,392,7,3.619721,145
200,3,14,7.223870,1070
234,231,8,9.645777,363
334,151,8,5.475735,1057
128,362,17,18.591572,827
438,19,17,16.895849,385
294,24,20,1.378991,455
305,294,18,6.298639,650
77,416,10,4.292891,949
120,96,20,8.141190,1097
224,85,8,6.998478,328
244,155,13,3.214118,757
72,184,19,18.236460,1171
226,233,20,15.288818,1009
368,284,6,5.852649,1154
46,284,9,15.800010,1057
347,243,18,19.958249,788
301,217,10,16.098385,304
88,24,9,11.487250,658
2,28,6,11.667536,237
78,38,7,13.075489,200
31,83,20,3.308377,361
140,296,18,10.648669,421
398,223,16,20.078863,207
173,402,9,19.670919,220
175,14,5,14.700085,203
251,309,6,13.633875,498
344,28,9,12.546925,144
169,49,11,0.725440,1043
108,9,12,1.552491,974
425,398,9,5.207367,1187
24,349,14,0.639851,773
391,7,16,19.102510,340
175,379,10,4.016507,318
408,298,14,12.541926,328
147,123,17,4.334089,690
274,148,12,17.949714,444
14,312,13,7.091306,645
290,235,18,16.645946,249
15,0,18,4.823998,1019
345,200,10,19.494680,577
163,218,12,13.812542,348
154,268,15,6.556123,534
356,282,7,10.519677,683
353,366,8,7.894966,653
225,252,13,15.643560,449
206,106,14,7.473364,731
153,292,8,16.929792,612
423,297,17,5.164941,1066
118,320,13,8.694418,220
412,154,11,17.656817,466
442,7,12,10.976092,149
284,128,15,12.741394,892
237,396,13,2.785003,517
287,145,6,18.962336,274
63,213,17,7.100521,740
274,288,8,18.464058,741
364,404,8,3.601183,1062
59,283,17,15.162370,1134
169,189,7,9.593281,195
401,119,9,12.892835,664
279,9,6,16.243946,838
442,96,6,16.609117,239
241,122,19,6.217675,567
189,126,8,17.179014,291
421,76,7,12.138009,222
46,214,20,2.856032,342
392,127,17,9.886957,769
183,442,16,4.133408,551
73,228,8,17.766283,1173
306,120,10,17.401150,1050
120,323,10,2.642262,817
306,333,8,10.047053,1107
244,406,9,0.763242,565
362,15,6,18.536146,1019
202,379,20,4.154054,170
284,143,9,0.056864,906
136,401,17,14.476136,913
249,415,17,19.864407,457
106,444,15,0.816466,114
123,413,17,1.633825,435
303,16,8,4.205201,310
261,72,8,8.546806,1016
18,365,16,9.841124,244
260,220,6,11.188636,602
413,184,8,19.458443,296
277,405,6,7.396923,1183
146,97,15,17.555940,369
390,48,12,13.401473,1179
138,12,11,9.536884,1011
10,412,5,11.609762,447
300,6,20,2.693420,203
191,130,14,20.005159,556
101,168,11,18.677389,171
356,118,15,8.769816,1181
414,435,15,6.870952,1177
22,302,7,8.609069,828
271,109,8,11.195629,1164
18,431,14,4.324536,1145
304,97,16,6.821373,263
96,304,19,14.067717,127
406,54,17,15.936027,722
436,447,17,9.600032,990
428,21,10,12.040156,1057
284,30,19,1.983959,950
55,204,11,17.329643,818
155,321,14,11.448653,119
20,148,7,19.353838,357
157,224,5,9.425609,656
265,399,7,3.536006,608
19,434,17,1.313290,237
276,133,19,5.893862,586
200,112,14,12.233076,547
28,82,19,9.623709,960
232,444,19,10.456368,673
335,194,8,7.440605,1031
77,260,17,8.236438,663
197,26,13,10.602014,877
126,97,8,6.880200,1187
60,386,18,8.362487,618
48,54,17,15.828533,255
339,226,6,5.533675,443
57,142,18,13.502660,121
140,126,7,3.084105,573
183,1,17,17.353600,1160
323,38,7,8.861541,725
64,422,12,13.298025,603
172,441,15,12.229261,1046
92,38,9,14.962676,221
429,154,20,16.983307,954
149,90,16,2.233721,307
445,116,8,16.646339,1037
401,243,15,17.180281,766
162,190,6,13.512933,675
21,88,6,1.812030,450
150,295,10,3.891889,1189
375,113,18,2.653592,918
175,426,15,10.137656,512
386,50,20,2.788387,357
389,61,7,15.960573,827
188,233,20,6.415125,872
372,134,16,11.689089,933
88,274,19,2.080798,964
144,257,16,6.848844,662
29,135,7,11.879293,467
294,228,14,10.923046,885
86,392,8,19.226130,733
304,58,17,3.225259,816
446,361,7,10.833446,564
259,45,8,9.900042,784
380,73,6,1.380592,802
323,440,13,18.395961,730
354,184,6,12.051610,684
431,209,13,0.650302,994
235,261,15,7.859915,391
330,234,19,1.209415,581
396,131,13,14.356062,374
225,448,9,19.143793,907
193,179,5,19.046008,1150
198,6,10,12.544754,797
19,384,19,5.646433,921
29,294,18,16.775152,477
126,269,18,16.264185,815
135,128,9,5.797401,262
3,77,14,7.393902,1162
83,59,11,15.313409,379
121,416,19,0.975784,246
439,68,20,14.161265,984
170,370,20,17.177173,1017
36,385,9,17.458394,996
75,329,19,1.318206,340
78,86,6,17.315309,987
68,33,12,8.605907,1071
190,422,5,6.571982,329
150,298,12,3.185097,322
195,197,20,11.406249,914
220,224,15,19.289117,885
344,391,7,6.610081,154
184,129,18,20.374691,919
59,412,14,8.034834,989
373,337,6,2.576089,113
445,373,13,5.006063,196
362,82,11,1.525263,180
283,147,16,12.178703,1190
265,67,13,16.771439,105
412,40,14,11.383275,697
100,147,11,18.663150,841
53,217,14,1.138197,1054
12,337,11,0.619544,112
354,337,20,5.985222,218
3,224,17,8.822607,657
400,328,14,18.156940,1003
161,148,20,7.526096,100
148,64,8,0.404442,1063
72,16,12,19.728648,404
214,217,13,2.161206,337
391,58,20,9.647713,747
332,367,20,19.888980,161
354,115,20,8.142074,765
423,323,12,5.595141,786
431,241,20,18.009202,1161
287,90,7,2.944254,284
163,380,7,2.053744,130
262,110,17,17.253568,174
239,374,17,16.445114,565
237,181,5,8.896337,551
61,194,8,15.756798,837
98,352,5,9.805514,1028
54,326,6,7.384273,759
390,102,17,9.295780,1053
223,121,17,2.603634,700
203,105,20,7.807342,924
131,385,19,17.858086,869
296,302,18,8.829349,501
347,241,6,14.293036,211
448,104,8,19.561892,635
356,208,20,20.428998,1098
148,96,7,14.861227,920
67,376,14,6.909130,344
356,134,10,18.373390,279
137,22,20,0.109907,272
365,145,5,10.001277,1184
208,245,9,12.771814,318
107,212,8,11.264669,196
363,152,20,8.026076,1086
343,206,14,5.038104,1019
365,357,15,6.797027,603
405,402,13,8.663729,1002
140,100,17,13.360668,547
210,198,12,2.126972,292
210,384,5,5.221014,330
347,15,16,16.019720,399
255,88,13,17.637498,639
422,349,17,15.371924,248
315,183,8,12.269565,955
362,11,7,14.907689,1175
419,96,19,8.591326,824
338,173,16,5.078400,911
280,422,17,17.091006,1037
59,234,13,17.107401,826
413,5,20,8.412824,369
182,269,6,18.360617,660
421,262,14,10.481581,295
102,9,19,13.333929,664
278,362,19,0.885410,576
111,33,19,13.802044,1086
61,252,18,19.185889,1046
155,256,13,6.032619,184
444,400,19,1.223792,259
53,52,8,8.999899,505
399,70,16,3.057532,570
354,5,16,13.826391,778
398,400,15,1.920982,506
88,14,12,13.788423,425
149,3,20,6.354362,247
7,253,20,16.246280,779
322,163,18,9.023286,600
352,48,17,3.599753,1120
309,97,11,16.845401,1132
283,123,17,14.417284,669
72,41,7,18.396903,964
102,231,8,8.396418,753
227,162,20,15.949584,547
275,341,10,12.336853,1121
103,378,18,6.547499,809
390,150,17,2.433411,1072
408,351,8,16.485981,567
210,204,6,12.132418,504
343,118,20,1.614791,424
202,273,18,2.540466,565
446,386,10,12.115717,732
101,237,5,3.195248,1033
165,399,13,5.224689,859
79,256,5,11.086416,117
172,406,9,18.303170,894
127,173,9,6.814615,844
443,430,20,6.146406,901
229,285,6,13.192711,942
178,28,6,1.843690,611
235,354,6,18.700738,821
292,209,18,10.579117,871
69,440,16,9.158606,1189
92,75,18,10.642242,437
54,14,16,8.536470,465
88,116,11,3.914551,1180
64,169,7,18.533448,1057
85,361,14,11.938782,535
351,132,18,6.326287,458
300,176,13,6.445957,980
175,248,12,13.198900,271
359,320,19,1.037280,619
315,424,19,12.757098,1098
250,196,19,17.058300,974
393,427,9,3.386114,182
368,54,7,19.441701,911
188,76,5,2.659384,620
237,171,10,3.048759,750
129,308,10,11.136836,173
356,314,13,16.542070,1186
109,133,7,16.598022,120
276,101,16,7.788501,1036
257,83,8,2.980615,102
369,113,7,6.140504,814
443,417,12,13.815789,1176
443,241,9,13.794805,877
8,396,13,2.435453,1182
264,170,14,14.475124,1133
110,359,13,18.767134,410
386,418,17,16.896738,248
199,387,9,14.908567,1105
437,275,5,14.095296,227
37,387,17,14.951282,986
188,314,10,14.904199,666
68,422,14,3.102967,1170
46,413,12,3.624785,1063
389,424,14,12.395764,231
246,59,19,4.207543,683
95,325,19,8.218650,1068
382,264,10,3.482621,1109
128,383,10,14.530652,303
395,104,17,14.466806,1156
404,68,16,18.828796,972
449,421,12,2.249351,877
250,255,14,10.131291,898
199,239,16,12.425789,843
247,400,11,12.279966,1117
319,370,19,13.077966,104
308,368,14,2.587991,664
200,404,16,17.570039,378
304,262,20,4.001573,800
202,347,12,0.251896,131
82,100,8,16.348101,100
266,171,14,9.837762,451
84,106,12,6.374406,646
73,63,13,2.413789,389
430,440,18,6.928037,1134
207,85,12,20.253287,279
307,218,6,19.491595,1085
211,441,19,12.664546,322
169,388,13,1.897621,1172
139,428,9,2.978862,1187
56,273,15,9.369140,1164
215,150,9,19.068955,218
288,48,12,10.170545,811
443,252,9,0.756373,259
90,370,7,19.653497,554
43,127,19,2.911048,1024
379,376,13,7.754541,672
219,80,6,14.635861,529
116,40,12,4.797735,1188
260,385,7,5.621450,1017
232,90,16,4.469519,1159
254,200,18,6.318954,445
161,274,5,18.201198,272
242,277,19,0.389712,557
251,123,13,14.696705,502
338,172,10,4.469842,828
312,58,20,18.342647,104
15,66,7,9.193966,1123
430,299,14,0.101323,578
219,93,10,20.179377,194
180,234,18,8.621266,1169
96,63,12,8.169508,520
442,337,18,12.588856,162
357,159,8,12.497765,1058
295,345,15,18.072037,352
71,221,12,8.664151,806
371,304,19,0.201723,1016
148,265,14,13.450777,854
333,227,9,10.466414,1197
348,323,5,17.829564,249
21,324,19,12.539214,904
22,414,13,6.120776,822
117,274,14,9.035484,323
204,407,17,0.902023,255
336,309,12,13.201307,1137
414,359,14,14.861638,745
256,162,11,3.225096,1174
71,355,13,12.283788,433
366,70,16,7.375909,966
128,238,19,14.171057,525
127,1,6,12.186046,269
317,435,5,16.684333,454
169,282,20,1.126744,669
269,154,20,7.093258,442
127,268,6,14.939285,767
274,33,12,3.489652,641
268,47,8,6.139497,295
24,216,13,5.161499,586
140,42,5,5.039457,678
107,96,8,6.184426,1048
258,421,16,20.262713,827
404,37,15,16.631711,996
342,35,14,15.252998,120
191,58,8,15.497003,754
272,403,13,5.201647,1069
352,281,11,16.073415,624
326,85,8,11.861640,1057
209,125,15,15.186480,955
329,21,17,12.238275,355
32,289,5,13.635554,1109
94,196,19,2.498958,372
419,365,14,12.820664,860
110,91,9,18.748106,455
439,43,19,1.655341,763
309,284,9,11.081370,169
169,347,13,18.418618,579
184,315,16,16.118394,884
58,266,15,9.391557,268
316,85,14,12.157304,618
27,410,13,5.330763,1033
79,64,19,7.677135,420
138,433,15,19.993223,1090
280,229,14,19.517685,720
318,275,6,2.479778,584
217,443,13,6.922497,729
203,296,15,2.047110,691
403,379,17,8.697888,943
199,147,20,4.419129,605
162,433,9,12.287315,599
430,429,14,19.809140,820
200,250,20,17.816454,209
332,406,16,4.143785,181
47,440,7,0.208684,266
376,319,19,11.076536,494
83,442,6,4.831773,657
42,23,17,18.872467,512
195,354,17,9.842068,768
284,345,12,14.169053,571
26,377,14,17.355268,325
385,33,15,11.594033,650
252,267,10,16.851054,585
301,89,16,7.418365,775
17,82,16,19.394738,599
69,338,5,2.322104,851
368,191,6,4.129777,560
386,175,12,15.162550,1015
261,330,16,1.910678,222
315,308,8,2.475865,435
182,402,9,6.794064,302
442,198,7,5.604788,1017
69,30,16,19.449848,387
309,208,6,1.381202,199
383,386,9,10.435487,870
434,78,8,6.068883,1000
185,75,6,19.277123,800
333,317,8,13.364610,698
301,41,5,9.023683,222
356,435,18,2.559198,352
156,69,12,6.513141,795
100,146,6,5.995631,724
41,416,20,5.480143,1057
107,301,8,8.829095,417
418,16,18,12.731477,1050
260,80,6,9.212684,463
337,258,9,19.431996,532
67,207,14,9.203253,244
348,378,19,9.231761,701
240,287,11,15.052562,455
171,167,5,6.746467,1120
427,209,10,13.610509,121
169,331,12,8.969367,322
336,20,8,0.645616,103
352,282,7,4.623999,487
384,357,16,10.643815,1039
97,207,8,10.769079,971
235,79,18,19.228038,946
214,231,16,6.220580,969
413,93,7,18.621896,254
299,386,15,19.235801,337
403,223,8,4.244152,948
231,355,10,20.066026,761
330,13,11,18.531934,666
443,306,6,6.292466,812
341,166,20,0.634561,763
54,332,10,10.048646,938
149,396,19,17.221968,205
327,299,20,10.481502,230
288,136,18,19.358075,1155
346,194,13,7.172921,636
433,418,14,16.501108,267
280,77,12,13.935525,797
355,302,15,10.302246,660
40,63,11,8.917876,747
169,384,11,10.789234,709
170,395,10,11.144241,952
14,102,15,16.665295,870
69,347,19,13.685688,291
385,268,15,15.013138,772
101,22,9,4.737658,479
269,22,12,15.171478,1072
63,181,5,19.768107,506
239,404,13,1.774969,201
136,219,15,16.917339,957
99,256,7,9.430054,212
175,67,7,17.545270,807
4,361,15,10.521518,794
215,25,19,4.944392,1068
234,365,12,1.147583,747
294,102,17,7.018455,856
32,216,10,14.623526,357
194,30,10,9.662371,611
287,123,13,12.093898,708
208,332,5,4.426710,106
176,241,20,3.467866,916
364,159,16,15.436934,254
12,163,15,1.033417,1043
235,151,12,19.469479,1098
140,129,8,15.025846,748
278,75,20,15.642249,282
214,227,19,18.486449,622
268,224,11,0.351656,732
373,267,9,10.371695,933
186,228,6,14.902325,292
376,423,17,4.859387,223
181,213,13,5.387501,547
316,127,10,11.000113,906
422,387,8,17.995032,726
145,38,5,9.342206,478
69,91,5,14.152884,1042
403,334,10,11.538560,1172
405,302,19,20.258361,1190
202,62,5,13.247981,1011
383,348,12,13.245093,821
43,397,9,8.044494,501
437,51,11,7.303182,707
402,321,16,19.395771,732
52,352,17,18.469078,757
88,49,12,13.226839,236
323,338,5,1.229102,662
266,50,10,17.035637,1191
211,325,6,3.617333,773
276,328,5,5.060774,315
68,392,11,6.689773,899
440,238,19,13.040249,1163
315,413,7,8.336007,400
387,433,16,7.200573,423
99,339,19,10.953570,957
295,293,16,6.986130,803
188,349,11,7.471077,663
46,258,14,3.920953,528
303,370,9,3.996460,908
5,348,12,18.702928,868
321,440,20,20.338882,187
375,343,11,13.311663,953
128,93,6,6.857864,364
368,214,16,8.890564,529
117,293,18,3.979383,648
21,89,11,5.343169,694
14,128,20,14.764616,1105
338,347,6,8.855817,219
209,320,8,4.660943,988
171,48,7,6.202540,131
185,328,7,19.440391,1176
405,117,8,18.906375,924
62,314,19,17.477954,1109
275,337,6,4.623773,497
181,158,6,14.886998,845
363,350,18,2.673355,759
243,391,6,16.596536,278
65,181,11,15.429237,119
377,185,7,18.028303,356
327,28,20,9.721377,137
299,131,7,18.555273,382
37,233,14,8.061487,704
143,164,11,2.196725,778
207,362,8,3.226280,897
71,246,16,6.645118,220
283,159,5,5.105258,895
189,100,10,3.908235,376
126,3,9,8.655962,761
270,357,10,19.842362,576
33,427,15,13.205437,890
49,216,18,4.199253,535
9,409,5,6.113662,407
36,438,7,6.688748,414
46,231,13,9.822891,1059
73,245,8,1.386226,962
429,109,5,11.512726,1032
293,418,8,14.644213,650
89,236,7,17.431458,1058
372,154,5,3.571195,383
248,131,13,15.694015,423
361,267,14,15.279391,216
77,211,11,10.856489,367
130,156,11,2.441329,142
29,438,9,10.109868,417
409,203,16,5.520181,255
65,117,11,16.668181,247
280,329,20,5.836766,320
153,129,11,11.240542,938
135,383,17,20.373170,450
206,321,8,4.404144,503
386,274,20,18.241844,415
432,136,7,7.360905,572
436,343,14,11.545797,1172
353,429,14,15.919265,590
124,22,9,16.018528,535
103,4,16,13.720031,681
42,195,16,18.029483,210
221,388,7,9.679602,284
401,445,12,16.782996,1159
107,210,9,17.622625,315
15,340,13,5.415418,255
433,154,12,14.059893,427
297,85,16,2.405802,703
392,56,8,18.385633,597
166,318,17,18.561121,688
115,232,18,18.703916,288
314,142,6,12.412847,757
435,6,12,11.186351,1043
274,66,7,9.662020,339
269,75,14,12.791521,1008
146,203,11,19.153043,240
372,214,19,9.895172,179
342,59,18,4.213985,993
408,25,14,6.853371,872
107,9,11,20.185647,418
225,180,17,8.814009,765
3,395,14,13.941600,1193
401,189,8,9.766792,594
346,175,9,9.115828,824
165,440,19,16.763689,711
39,66,11,4.669659,1091
220,218,11,13.637696,1031
374,379,5,3.923131,163
18,243,18,10.405977,868
299,314,10,15.618365,228
434,22,7,14.083555,625
75,152,19,17.911709,1032
162,135,9,18.257747,484
177,315,9,15.861913,699
200,65,10,1.921012,891
122,273,15,14.252706,492
238,134,10,16.309051,157
390,108,13,12.524852,102
352,314,19,19.967877,792
436,65,9,9.601864,1138
74,382,20,0.743130,759
172,287,18,6.760159,1004
124,412,9,5.749640,249
303,54,5,20.122163,680
90,262,15,20.041608,1141
9,330,9,16.292095,145
345,148,8,18.055424,293
84,234,11,7.930981,322
360,425,8,13.774750,289
67,121,5,12.581686,658
4,90,17,17.915604,789
19,241,8,16.124831,453
74,175,6,0.231836,687
144,338,15,4.680936,471
218,435,11,3.122374,143
353,103,17,11.654765,639
227,207,5,8.632889,823
155,174,17,15.496105,896
79,235,16,6.698811,755
121,9,9,10.895854,887
24,305,11,2.988646,763
229,204,14,11.293476,802
39,191,11,2.955230,1112
26,111,10,2.106615,271
326,286,18,0.153611,730
73,280,19,18.700732,754
133,285,17,13.124034,123
145,279,18,12.837229,623
116,382,20,10.228481,626
193,110,7,0.854774,307
407,176,18,6.056295,164
73,234,16,5.714570,1046
202,108,16,8.933056,608
132,431,20,10.803265,960
355,237,13,17.693162,1057
89,45,15,7.106040,1074
110,144,16,19.657512,1044
410,209,8,11.255310,715
296,361,16,10.441232,774
74,243,11,5.991834,559
283,143,14,8.772314,668
152,29,19,5.835835,205
381,298,20,6.666444,648
46,228,16,3.496521,139
400,108,9,3.751002,851
50,394,10,16.385020,668
16,102,18,6.266264,1117
58,405,9,7.870968,502
410,282,6,6.145376,1163
287,285,17,14.191575,1128
308,283,7,18.424605,230
83,76,16,18.008858,687
48,376,20,16.631342,382
120,335,18,6.369276,455
226,38,19,3.787591,495
356,375,20,16.179800,457
116,220,13,12.630547,473
376,290,13,19.430347,351
235,317,17,5.540771,700
84,385,18,11.776186,104
442,307,9,12.358008,1108
63,402,8,3.810208,1174
74,6,6,11.835998,976
425,261,19,0.951208,710
71,94,16,16.314221,659
226,426,20,13.283808,320
11,119,20,17.271146,131
73,366,17,8.943881,871
1,363,8,8.321979,381
132,438,20,2.643452,785
94,414,19,6.212487,278
150,185,12,12.927984,791
55,396,11,16.110407,579
183,217,7,13.766148,897
168,296,6,9.841679,1047
15,255,16,15.838270,713
162,19,14,4.469841,1186
70,438,13,16.693792,661
176,22,8,6.346782,482
321,237,19,10.100551,621
367,0,12,15.536096,479
43,257,7,12.566190,137
41,286,14,6.450220,600
184,52,16,13.112033,538
108,297,14,15.482449,1049
79,219,6,2.507735,721
202,301,11,15.530926,156
217,153,16,11.826408,933
140,366,16,9.548300,244
212,257,8,9.461498,1063
75,193,6,7.124087,907
419,215,7,7.444687,341
123,299,5,6.945739,969
150,407,14,12.080480,562
447,161,9,3.889735,435
336,82,18,14.389056,192
179,270,5,11.125381,870
89,195,5,16.572238,636
197,260,6,10.770429,1197
247,195,11,7.318973,210
134,44,6,0.919886,405
256,351,10,7.318994,306
60,34,8,11.806523,1016
110,332,17,5.744555,1180
45,78,18,0.173282,1051
83,421,20,5.790869,407
446,92,6,9.480763,1084
169,370,16,0.315715,147
429,247,6,0.092546,397
41,248,20,11.479640,407
100,334,14,4.343222,144
336,362,18,3.382074,205
38,421,14,17.375967,619
201,166,12,4.030275,787
82,170,6,11.760376,159
73,260,5,7.960782,663
12,174,16,15.291950,933
153,201,20,8.762650,966
306,117,8,12.504063,126
278,162,18,11.966772,977
286,318,9,12.603408,963
187,243,11,5.529569,756
52,389,16,20.269989,1058
208,259,6,1.595772,705
267,18,12,12.473139,257
358,56,17,3.612334,617
31,285,5,15.953222,878
390,405,12,0.085671,1077
133,212,13,5.067843,970
198,336,6,9.379873,854
94,69,8,9.420863,955
369,5,20,19.077389,809
326,152,12,6.874075,1052
443,342,6,18.489454,379
25,395,5,14.858770,227
412,215,20,0.135205,240
258,353,17,17.379453,1165
289,56,14,9.634631,524
190,104,20,14.207432,136
368,421,7,10.380632,905
318,403,18,20.399227,880
354,266,20,0.009859,936
234,126,17,17.653179,452
30,323,19,14.293260,677
91,126,18,0.871449,1074
321,115,15,7.279360,960
430,114,13,2.517828,1185
373,285,5,13.476533,391
265,299,18,16.646481,691
313,171,11,8.096136,399
7,337,13,1.661739,971
405,437,14,6.483411,1070
23,198,10,15.912171,600
231,57,9,18.607075,601
315,218,11,9.992081,464
147,394,8,7.822585,273
0,438,7,9.558188,1046
127,385,18,16.360992,139
75,54,12,2.926454,973
75,179,11,9.724029,231
1,34,7,6.043747,1191
212,50,11,2.954645,1099
257,76,19,7.225930,526
382,319,13,4.040021,954
335,205,18,18.944116,438
236,449,8,11.672692,1065
237,307,8,17.308723,623
256,341,12,16.140420,437
366,208,17,13.476438,221
395,103,16,1.700488,765
134,187,8,14.640180,480
324,18,12,17.974492,544
136,260,15,11.394136,114
11,132,5,2.564994,1166
382,71,6,2.752199,1116
97,106,18,13.776461,592
133,150,9,7.991082,509
369,293,9,14.951377,1038
254,12,16,2.596056,1133
276,156,8,12.546062,168
322,386,5,7.427653,587
31,350,14,17.339411,430
249,362,12,2.174447,207
201,197,11,7.172624,525
330,412,9,9.854488,353
301,187,6,16.674961,369
74,35,16,10.816893,940
218,187,13,0.819820,1131
172,112,13,14.669841,626
426,19,6,6.455267,729
120,339,16,10.150708,876
13,190,14,3.252054,234
91,412,13,19.892878,899
298,119,11,16.498521,1062
127,59,13,14.156962,298
227,315,10,12.491280,775
426,245,12,5.428309,1013
162,349,18,19.443651,481
209,289,8,13.546033,911
418,38,18,9.663308,1144
277,275,10,9.045798,174
265,297,6,14.132275,279
368,104,8,18.751541,1081
187,237,10,17.063376,590
35,148,19,6.641061,261
235,43,10,1.521067,621
185,373,10,4.288757,624
123,76,13,17.870032,496
56,359,14,9.634939,297
315,294,7,19.558137,135
238,373,9,14.568590,549
31,206,15,0.176472,687
343,69,20,18.766129,1071
245,68,18,14.833655,812
15,374,19,7.474788,1032
396,328,12,17.362332,787
257,339,8,2.374448,717
304,217,11,17.283581,931
370,332,14,9.636833,864
260,130,12,17.228623,275
404,425,9,10.846853,845
284,92,15,16.708215,1139
394,193,8,15.394479,865
198,278,7,6.809682,1157
70,31,13,9.219305,774
198,101,13,19.584279,229
48,331,12,19.958811,282
223,330,12,9.026729,1172
125,222,9,19.900932,379
67,192,15,17.312345,738
135,20,14,12.241348,650
371,445,17,6.646922,143
130,442,10,10.679145,126
431,118,11,2.059820,856
354,112,8,2.701365,748
388,191,10,14.419994,1104
263,414,10,8.349749,810
303,294,8,0.818430,837
336,192,18,15.589847,1139
413,274,20,17.374546,1145
410,398,17,15.639723,442
1,361,15,11.591659,1148
431,275,19,11.182368,859
183,64,18,4.698048,1004
364,52,5,3.454624,289
133,143,10,16.236175,1107
319,247,11,12.629887,1188
295,351,14,12.214879,335
246,99,13,14.435367,448
14,320,14,17.988159,974
53,11,7,10.292350,823
237,373,5,12.962990,999
175,83,13,17.642087,121
321,120,20,15.475804,127
269,395,17,13.986071,1126
6,387,10,20.460263,470
228,343,10,10.730663,335
204,94,20,18.156925,158
283,31,15,1.429134,145
19,408,12,15.324699,1168
185,282,15,17.147190,134
250,86,20,20.098013,599
234,411,20,7.421412,135
229,201,8,15.589631,1054
166,377,10,20.300612,568
50,6,7,15.344466,742
346,306,16,15.324745,751
23,233,6,18.363251,464
350,123,6,18.063262,593
182,3,13,20.184573,420
79,352,7,2.989302,553
137,108,5,14.106384,259
342,417,9,10.170148,400
314,147,17,6.876322,310
326,443,16,8.906382,969
326,163,8,0.941923,1092
277,74,19,6.630140,434
71,205,15,1.523545,807
364,68,18,19.938985,634
252,101,5,8.507054,259
192,243,15,14.070233,1154
436,347,17,4.874857,204
361,240,7,6.745552,382
337,205,18,12.584132,584
67,182,13,4.475410,735
392,49,10,11.707182,984
447,187,18,14.380696,389
351,159,19,17.906826,1105
375,129,11,1.939292,131
271,114,13,1.489198,768
323,407,20,11.982475,860
97,396,17,17.043414,474
426,286,14,3.567659,475
104,115,9,13.386512,492
422,430,19,1.209342,1066
316,79,15,4.245546,174
132,444,7,3.859395,731
306,413,11,9.226885,838
216,246,13,10.992611,408
385,255,16,0.917753,646
204,135,20,11.172009,449
427,130,13,2.830210,959
265,315,10,9.851352,806
196,121,9,19.178480,602
447,9,16,0.764239,946
77,199,18,14.858598,293
447,292,17,1.142922,159
158,37,12,15.561012,643
208,133,14,16.309486,185
344,94,5,11.872618,450
307,289,10,6.049067,1097
304,198,14,18.482875,248
349,110,18,5.775229,829
139,53,13,12.486937,1029
66,215,12,14.735193,638
175,144,17,2.210900,642
107,24,6,9.964429,451
329,130,5,7.904669,736
23,427,14,8.317123,251
285,120,13,6.352304,790
3,249,6,19.167515,349
86,147,10,12.394743,1133
55,304,11,4.757141,562
413,42,15,1.208772,746
154,284,12,19.646794,996
433,137,20,9.075914,575
150,138,12,2.548547,292
318,205,8,19.699862,494
144,291,20,14.702871,526
35,422,18,3.597984,806
105,167,9,18.042393,814
408,275,19,10.513730,460
250,275,16,5.934299,355
172,184,9,4.287366,224
5,427,20,1.841707,749
216,70,13,12.750298,396
425,26,12,8.358725,661
40,6,13,9.053640,156
208,316,10,9.042606,323
307,413,19,2.045174,856
147,379,9,4.814785,219
366,247,20,11.929826,236
371,327,17,1.926262,100
217,215,11,15.360040,234
329,222,16,12.377047,890
393,418,9,9.742307,739
123,423,9,8.871736,260
117,213,18,8.344786,1148
306,336,19,4.627051,799
300,119,14,13.426459,380
396,373,6,12.405440,413
294,194,8,20.349832,673
47,417,7,9.162892,877
406,23,6,18.029670,1071
299,17,18,12.011327,1013
189,377,8,3.308985,706
49,207,8,2.506956,695
321,269,11,0.822747,135
327,195,7,18.950496,290
385,243,17,17.124885,816
132,400,7,18.147749,860
395,178,18,11.016857,872
117,166,6,1.864381,859
248,317,19,14.745268,161
107,233,13,0.344200,264
83,110,13,10.216813,191
285,343,5,18.431880,118
254,110,5,15.396664,1124
172,103,15,3.418288,396
221,274,12,14.116850,247
90,73,18,12.254026,634
38,339,7,15.309757,834
418,73,17,8.891073,881
81,417,14,12.388556,1078
5,379,7,2.689883,786
36,316,18,3.350511,1020
64,309,16,19.777055,1025
219,384,7,5.037630,757
151,100,14,10.669831,651
305,285,7,19.923458,952
416,140,17,5.599698,590
356,287,15,8.533692,290
86,163,16,10.317333,782
166,48,17,1.625001,591
348,92,10,17.852693,418
151,293,10,5.627644,845
432,12,15,2.322553,1097
188,53,6,10.359437,924
1,235,6,10.328037,1007
357,355,15,12.166645,401
293,449,10,10.263306,133
447,47,9,5.940930,267
116,178,17,14.641900,174
223,100,11,7.144531,293
77,222,9,8.824372,405
29,355,10,16.836230,217
47,3,10,20.456901,815
312,397,10,1.735881,949
59,385,14,8.963035,595
444,167,16,17.815392,474
103,347,9,8.321060,833
208,184,7,5.592499,310
396,199,10,8.736732,497
436,79,6,13.410010,220
89,215,12,14.831140,121
142,410,19,1.725614,479
146,404,5,6.315741,443
108,317,13,19.473291,1142
387,69,10,6.258284,122
353,279,8,0.766836,967
7,365,20,4.404019,609
305,3,7,13.927634,875
125,335,11,11.059205,119
409,57,9,6.472532,302
115,316,6,2.707994,447
32,10,15,11.737161,750
75,365,14,20.037176,847
8,204,19,3.548187,1175
270,408,13,18.244220,544
182,136,5,2.891217,738
326,76,19,12.174117,759
226,192,6,5.366226,330
218,293,9,12.878105,369
113,135,13,14.114553,734
440,378,16,3.592868,333
277,160,15,11.951516,361
346,151,20,3.733938,532
211,432,17,2.804341,908
177,14,19,0.657660,291
420,388,19,11.776871,843
370,331,12,9.329433,576
30,201,9,5.954800,829
269,445,8,19.583379,1129
217,350,11,16.085773,441
381,349,11,19.847361,835
233,449,13,17.252699,760
418,382,16,1.063492,278
448,445,11,5.854966,962
449,2,15,12.869913,722
192,97,15,1.915657,857
109,321,15,2.385360,799
64,215,14,15.120509,220
381,325,6,2.248849,1036
281,108,19,3.277946,767
428,79,6,7.642229,436
87,422,14,2.930732,457
420,133,14,16.704411,700
420,33,14,9.463632,486
48,383,11,11.306267,131
371,80,6,9.126251,458
219,274,6,9.383324,819
6,16,18,3.055811,112
16,151,10,14.431495,666
347,71,11,8.962013,405
55,264,13,2.116540,778
171,147,17,14.229434,866
373,281,11,18.916401,783
424,30,14,15.787457,659
278,402,15,7.590574,1183
402,77,16,14.431128,159
29,431,20,3.217791,142
363,299,14,6.503172,497
443,402,5,2.784632,752
123,125,20,4.179987,329
282,214,8,2.688553,1200
435,258,13,8.928297,776
61,296,15,16.549733,587
410,135,6,19.657623,439
322,40,10,19.503974,1132
147,102,18,17.891716,300
240,265,10,9.136025,838
19,417,9,7.154961,1176
201,310,6,6.943102,858
139,164,14,19.327073,748
308,29,17,13.868785,749
246,427,8,2.058798,362
11,356,11,15.907670,538
257,186,9,4.853555,766
86,263,9,2.378620,992
328,413,18,7.726292,666
151,435,5,14.252283,832
175,193,8,16.974002,206
117,306,8,14.299806,160
108,316,6,15.132955,1193
327,180,19,10.846211,876
167,309,12,16.193666,578
55,116,17,14.452467,202
338,267,18,3.626074,1059
347,3,12,0.305422,932
5,326,11,5.680312,570
426,400,15,14.162396,1018
48,91,6,2.169555,269
176,24,13,14.690437,601
316,58,9,9.750518,116
162,294,19,9.635129,622
8,31,17,2.321088,815
406,285,9,5.608243,1128
101,31,19,7.969738,439
0,150,13,20.400074,420
17,355,10,16.194664,1030
96,41,6,0.696746,405
107,103,20,3.157688,888
8,164,17,19.385251,1012
31,223,8,16.463985,181
305,216,13,8.970294,644
53,103,17,12.683437,598
245,254,6,9.874676,474
173,24,9,13.679943,450
57,135,10,7.592269,538
328,99,6,15.959938,611
33,237,10,13.310809,904
301,228,8,12.805137,1147
164,73,8,2.176059,142
287,75,14,19.755197,623
4,424,7,13.791623,318
57,17,18,11.040911,355
214,127,14,0.492685,475
239,288,20,7.062571,920
231,386,6,8.003511,870
183,424,20,9.400119,749
189,254,8,13.964711,264
263,407,11,16.409685,1078
39,73,7,16.905204,180
89,428,11,7.273549,474
168,99,9,17.892487,1141
260,378,13,17.869322,1026
192,51,8,3.517455,204
404,341,19,1.927957,156
54,135,20,15.845907,385
369,257,11,13.595644,472
278,173,6,18.549921,236
395,389,12,15.177433,358
122,31,10,8.417473,482
242,117,5,13.052618,355
234,405,20,1.428779,661
23,267,15,15.598268,921
242,282,17,4.887431,917
38,405,15,4.412809,197
373,68,11,4.580985,412
305,53,18,5.365640,550
325,317,15,12.825741,159
397,253,15,11.709356,1128
201,132,10,0.372978,1088
82,15,18,12.177616,814
443,54,20,15.204991,553
90,275,15,7.824662,620
187,58,16,0.226226,1166
322,332,8,8.973569,925
353,326,19,6.992705,368
311,361,10,3.519880,768
234,400,15,3.549754,453
290,142,5,4.570794,177
333,394,6,5.868808,245
131,21,15,9.643264,160
404,12,19,12.714758,1038
4,134,5,10.026555,1030
55,307,17,1.875708,469
411,143,18,14.487424,926
424,84,7,12.961600,669
311,314,14,10.211410,514
123,424,6,14.462614,495
220,16,15,9.230971,943
27,336,15,7.504332,406
174,228,20,9.069830,1184
74,248,9,6.026718,1009
390,107,16,6.705722,642
269,305,19,13.823778,829
12,10,13,19.307910,459
266,210,17,6.163145,388
145,141,7,5.566533,896
92,27,14,11.474357,170
234,280,17,16.537099,687
151,284,7,2.012049,1142
224,231,12,9.375389,337
436,237,6,13.129618,616
277,93,17,13.591660,951
400,292,14,12.721586,873
175,80,10,7.098494,705
49,62,6,13.015500,191
63,195,20,10.526686,850
66,416,15,1.729331,600
171,351,12,9.254031,283
443,110,15,0.651911,1041
27,14,6,8.903193,352
59,6,8,20.435060,701
421,153,15,17.909084,1197
269,373,6,6.311961,1192
209,259,16,19.356820,871
16,299,11,2.924913,1114
146,378,17,16.976836,460
203,205,18,19.757635,299
77,448,20,9.485089,226
298,262,7,16.870852,234
223,98,6,7.641484,640
167,256,11,20.276503,610
96,122,19,9.343124,492
59,152,13,18.802011,820
307,227,7,15.865113,580
282,400,7,9.186462,491
392,229,16,9.949003,143
247,256,12,12.992994,506
402,441,13,2.161689,968
96,421,12,6.214189,776
110,321,17,15.050391,225
26,393,18,9.893323,460
113,175,16,7.454935,853
270,183,15,3.406254,1007
12,195,13,12.339588,939
423,35,12,5.422916,421
237,352,14,17.305556,1195
62,56,15,18.825827,1009
113,294,19,5.363995,211
3,51,7,2.057353,664
405,286,13,10.694216,1173
439,88,17,7.825043,257
350,428,19,10.232135,606
96,318,7,7.526960,498
321,261,11,14.915246,810
375,175,12,3.509109,626
444,287,8,17.962142,414
116,274,12,5.214691,170
239,275,10,17.080183,530
381,18,6,0.589045,700
410,251,18,1.239225,1034
393,80,6,6.971417,1114
393,375,9,20.010498,541
84,7,19,16.477077,400
170,319,7,0.930545,814
227,369,14,15.140947,179
96,359,8,2.171889,635
273,64,8,2.419847,878
286,162,16,10.250051,994
215,131,10,6.066873,616
52,98,19,0.813897,1001
198,78,5,13.461984,770
417,277,7,12.097199,571
165,141,18,7.514899,958
245,123,11,2.296504,1135
100,364,12,2.342686,936
104,305,7,0.801085,892
204,93,5,3.102610,1006
213,168,10,19.046812,693
428,216,7,17.168492,983
368,53,15,2.627862,1192
142,247,15,10.730958,657
213,123,16,18.739843,1194
394,148,6,6.618486,379
293,364,9,13.670161,1043
132,321,17,18.204608,938
281,347,10,16.327352,882
327,29,18,19.616358,297
408,361,12,6.710011,907
116,73,5,1.685399,381
135,162,14,13.221892,976
44,71,16,16.599831,887
20,26,5,16.108186,1074
147,169,18,10.633503,1015
176,112,18,2.461867,388
170,318,14,3.264701,986
442,299,14,13.686076,496
335,149,10,8.843599,485
264,395,16,17.093998,1147
53,108,19,7.992299,667
336,213,10,6.913996,179
206,77,19,3.356667,449
90,382,11,8.196335,652
48,208,6,14.061231,787
70,113,10,5.861382,766
434,184,17,7.133296,1089
16,175,11,3.781951,953
363,20,14,10.795156,584
325,19,17,19.535011,480
229,170,9,11.351752,658
95,332,7,16.716752,736
45,319,10,4.265146,589
213,433,9,16.672242,1028
346,67,14,9.968016,570
50,226,12,18.351752,779
445,145,11,19.883925,814
9,81,10,4.961052,783
318,233,14,13.642429,1142
209,408,14,13.817219,854
113,273,16,3.071319,286
126,36,7,1.992533,391
362,384,8,13.229465,417
427,117,10,16.069399,961
155,441,13,18.594160,556
415,4,5,1.995997,602
323,328,9,7.552995,758
318,73,7,3.966593,934
319,397,14,9.939390,507
399,135,10,14.281055,1043
356,334,18,13.547655,196
89,355,6,5.327477,196
211,151,8,1.862924,950
414,203,5,1.113097,329
220,212,18,10.099500,762
325,288,8,9.401965,410
279,175,12,7.625710,799
38,153,12,11.412235,672
270,401,5,18.770958,463
417,141,12,9.795026,641
363,261,18,15.478348,365
63,21,8,19.955719,1136
276,360,12,15.865738,640
443,102,14,9.710426,372
301,105,12,8.698288,1026
268,154,12,8.413710,766
442,287,20,9.184332,250
191,140,17,10.462596,960
239,443,16,12.467616,915
107,58,16,9.069357,1056
333,330,16,17.512577,221
413,177,5,4.010913,610
265,135,6,13.101847,1052
292,56,11,16.535008,392
442,264,18,13.102773,1182
319,345,16,19.022055,532
145,76,12,17.352188,471
301,410,12,5.305128,307
4,285,12,0.259531,137
177,171,17,17.282106,353
25,184,9,12.170143,587
302,161,20,17.130448,829
59,193,18,15.309124,471
405,12,8,13.355331,907
369,28,7,5.277970,783
256,384,19,4.616605,875
109,307,11,9.859142,607
239,365,7,8.461423,451
282,383,18,3.573687,972
316,107,9,13.799364,387
64,2,16,15.675393,607
33,333,14,15.112079,695
361,308,16,8.039818,456
78,185,11,6.167216,937
97,386,6,17.788721,597
253,4,17,12.391056,713
306,7,7,4.229677,1140
197,237,19,6.959729,942
289,280,16,1.401990,264
0,233,17,11.071481,591
422,51,7,4.058649,726
353,293,20,2.275837,255
255,217,11,15.749779,525
82,331,12,10.987220,446
188,208,14,17.527211,108
67,110,7,0.899054,632
402,293,13,12.195360,1168
136,307,16,14.423449,1107
419,48,9,1.719349,1058
279,401,20,9.978538,342
213,42,15,1.872021,1144
66,223,6,16.216737,286
206,316,20,11.669768,310
121,308,5,1.298869,108
195,355,17,12.715091,1183
433,35,19,3.566251,258
368,171,20,0.746675,131
295,265,17,8.585168,639
448,310,13,12.867945,375
421,284,19,8.317690,212
335,274,14,5.534014,1182
330,274,13,9.838210,979
16,351,12,9.833423,560
177,279,14,19.097196,827
421,306,16,8.154499,646
44,387,8,9.550680,372
218,282,20,15.768913,1096
448,275,13,13.596555,1058
320,111,9,5.189339,1151
66,149,11,9.267712,246
165,97,5,0.102720,838
417,145,8,19.894437,1107
303,343,10,1.775379,1108
431,194,8,17.725306,551
64,241,10,17.311027,526
165,182,5,3.144335,937
69,92,13,11.815977,857
421,104,8,19.990248,1026
325,243,19,13.151491,977
0,449,10,1.237773,315
321,256,12,4.949584,556
155,166,18,11.583153,719
242,289,12,7.130867,728
315,34,11,0.401906,750
291,302,16,5.503871,142
37,306,7,10.431926,335
240,241,9,3.486383,1053
368,110,20,13.945328,370
278,410,10,20.343906,225
158,111,5,2.091676,188
322,183,11,18.089528,170
405,429,17,2.767633,291
185,175,17,5.067924,395
20,183,8,3.332477,1124
435,395,7,17.451199,1176
289,204,6,13.250706,774
39,228,18,10.148923,860
35,214,10,14.871735,1039
197,78,5,0.568776,874
258,204,10,9.799306,549
79,234,13,18.213161,330
192,281,13,15.550287,929
414,347,14,1.525224,1172
305,226,5,15.489589,931
408,39,19,3.726037,274
126,93,9,9.954123,258
78,82,18,13.017771,687
47,369,8,7.424857,399
20,223,14,10.814352,1117
420,64,12,9.542675,727
200,206,5,3.110481,416
247,3,20,14.549513,299
353,7,17,20.483724,319
287,119,13,14.707332,251
17,293,14,17.951532,499
364,291,8,11.830605,489
334,13,5,11.352635,299
247,201,14,2.625671,439
19,293,9,11.706714,1005
411,149,18,5.779866,697
205,267,13,11.819374,305
380,150,5,17.082511,376
192,69,12,6.749602,101
76,330,17,19.322131,906
356,75,18,15.409478,102
428,196,12,7.317138,512
85,381,10,6.549015,818
11,43,19,5.889375,321
107,252,19,2.131674,200
293,149,8,16.283496,168
28,151,11,19.924284,196
203,418,6,1.670383,821
174,331,19,9.629775,608
179,335,7,2.402070,468
434,360,20,11.761774,260
138,295,15,19.137700,1161
188,102,11,1.470116,1030
90,340,10,10.182414,150
368,395,8,1.766353,1090
8,245,7,8.409297,312
101,298,10,0.878569,807
248,255,13,14.409156,248
274,167,9,13.259228,725
7,437,20,18.693974,138
134,397,8,13.687131,421
71,237,14,3.361146,1038
92,298,20,16.967335,1091
340,272,10,20.387975,1086
4,20,13,0.150233,332
93,307,11,3.622800,408
238,346,17,15.380889,438
138,36,15,11.447992,444
128,169,20,16.284640,1087
129,366,14,16.351572,724
372,187,18,13.828558,1199
444,201,12,15.361502,253
399,166,10,2.155314,303
442,383,15,10.071427,1103
233,92,9,4.262974,904
152,228,10,19.038884,263
275,20,7,6.297430,750
192,136,20,4.898797,624
315,423,15,11.195210,464
149,411,9,4.124857,969
316,295,13,17.277563,956
82,328,6,3.845783,1157
169,147,6,19.736180,893
110,45,11,10.062868,1153
163,262,13,10.371980,311
403,101,15,16.897518,634
56,339,10,12.258686,1195
21,360,11,0.887959,336
355,279,5,5.913003,121
107,112,5,10.947382,422
63,137,19,0.225850,455
32,264,16,9.791827,848
169,342,20,18.323048,165
310,427,12,8.739966,232
152,292,12,10.058281,992
392,169,11,16.871372,768
249,284,11,17.951319,909
168,267,19,11.273312,616
227,365,12,4.448693,147
124,91,12,18.286225,619
59,345,20,20.062308,356
15,243,17,11.085984,947
443,11,10,3.793489,154
170,146,17,14.292658,240
320,67,19,19.133027,383
336,374,12,2.980289,831
110,319,18,16.313094,1143
97,259,15,1.039591,817
296,448,13,17.490638,550
402,273,8,17.014251,275
61,234,10,4.943160,106
166,91,11,4.251911,352
49,238,12,9.222918,677
365,57,5,17.002600,786
138,388,18,9.733960,1016
326,338,9,7.994750,609
110,68,16,7.092631,167
20,175,5,3.655421,216
288,116,5,18.395394,133
259,183,9,0.058789,150
348,120,9,8.618642,126
101,397,16,2.963709,793
432,121,7,4.864548,651
422,54,16,12.544750,1017
299,294,8,12.646884,1111
337,92,15,1.021472,564
373,17,10,8.200818,688
70,257,8,17.171422,744
336,403,9,16.718642,747
283,359,18,10.891553,402
317,342,8,0.856399,1065
134,314,12,3.381669,1016
218,437,10,0.600481,438
314,310,5,7.284951,839
227,166,5,6.947204,1040
261,96,5,12.657349,1055
177,341,19,3.206370,485
204,286,11,20.216477,389
34,424,16,15.462401,1029
269,205,18,14.797986,672
372,8,20,9.396674,172
45,123,9,3.532711,646
79,2,19,11.703707,236
250,209,9,19.052345,415
376,272,12,3.975440,595
50,211,15,13.372779,626
93,377,20,3.076632,506
151,23,10,7.979812,412
216,16,12,9.410326,203
82,322,9,3.213077,642
245,239,10,13.277250,478
210,252,19,19.586353,624
244,140,16,11.219519,935
113,321,9,4.790979,948
213,290,20,14.211429,443
400,17,10,12.705083,402
110,58,6,4.184425,700
75,65,17,11.549369,922
270,85,20,14.861173,257
258,418,14,17.731523,288
436,197,16,14.581881,639
47,391,19,20.499531,548
243,142,11,2.984637,106
386,1,20,13.888652,1170
170,391,6,17.759074,293
257,321,12,17.067202,160
64,100,7,14.457058,951
242,36,11,18.524042,889
396,338,17,4.591584,1044
100,168,20,14.459108,725
186,123,16,16.365461,263
25,316,5,4.271904,938
296,437,18,4.531072,639
435,166,7,13.445514,581
261,6,11,12.230115,887
435,44,10,3.026521,443
344,393,17,2.970791,841
40,333,20,17.691721,997
185,285,13,7.870635,754
43,246,17,20.251501,109
300,296,15,9.798726,951
15,142,11,13.010271,449
339,66,12,0.073417,550
329,415,14,18.847618,388
323,356,7,12.316642,257
207,26,10,10.032532,178
180,241,8,8.140029,1082
118,339,6,4.774624,1184
324,195,17,1.870178,564
226,161,15,18.714057,1066
158,171,13,16.376066,988
346,189,5,13.175764,267
300,262,15,9.124477,961
107,222,13,15.332491,543
69,134,18,5.856436,913
405,121,17,9.232990,818
264,130,10,19.193481,1062
284,398,16,15.573622,243
314,82,5,17.199886,736
409,377,15,19.227061,998
308,154,5,1.171035,270
244,262,19,14.569247,403
317,20,13,12.543683,816
440,259,14,20.492318,1028
358,350,9,8.537929,1081
231,196,8,11.693855,855
446,340,17,11.243313,152
171,166,16,17.581247,636
446,116,5,4.079034,982
35,113,9,14.981453,1045
351,146,16,19.491411,1041
102,196,11,14.000225,376
388,261,15,19.345373,574
380,105,11,17.099990,670
376,176,17,4.488397,546
313,100,20,13.707110,626
116,265,20,16.455450,360
115,443,19,14.115350,707
127,221,12,17.272516,108
47,16,9,19.162940,706
225,299,11,19.983961,158
98,290,15,10.764256,265
18,61,9,19.873843,1120
232,70,7,20.438765,996
157,222,5,7.902403,521
205,152,11,7.537845,902
230,266,9,3.081105,779
378,63,17,18.468931,1037
61,236,12,18.748993,195
334,194,17,7.086674,736
184,295,5,14.702904,279
41,237,5,18.926526,983
258,15,18,17.364713,498
48,274,13,4.717721,123
62,366,13,12.305973,688
390,215,10,3.831547,591
330,50,17,14.173328,167
238,200,9,5.167150,194
154,223,16,6.760029,948
204,41,15,3.060416,683
225,289,5,8.197669,102
391,100,5,10.042828,890
314,15,17,16.727811,901
89,7,7,13.555249,1065
355,75,15,18.767054,551
410,343,8,0.750967,520
355,235,12,15.446921,386
417,408,7,6.922207,504
96,209,18,10.451426,326
370,28,14,0.610264,410
243,368,5,16.390614,856
296,167,7,13.339590,1016
226,380,14,14.012378,1043
434,417,10,10.504532,189
304,59,17,16.700896,582
52,12,5,17.076687,1147
215,72,8,9.695024,696
393,154,5,12.698256,1037
331,220,9,17.660205,484
302,215,18,14.973181,1148
24,222,10,6.474389,903
14,292,20,19.944135,426
28,52,15,5.159467,1071
158,60,12,1.027906,174
264,411,20,14.966237,1072
15,187,17,1.931881,142
285,394,20,15.664201,211
346,262,17,18.518405,789
261,34,8,16.248190,390
92,196,13,17.458747,513
251,169,15,6.755360,213
344,73,7,2.975097,706
117,209,7,4.321214,151
28,163,15,13.266385,463
378,282,8,1.503234,264
105,231,8,0.285870,243
6,227,6,15.181774,925
84,50,5,1.480321,1197
26,112,13,11.869877,494
427,374,10,11.630004,189
214,90,13,8.024889,819
109,440,7,6.522078,839
207,158,12,8.013227,1131
433,190,19,2.569950,1039
425,272,20,7.257380,623
106,178,12,11.652715,964
316,4,20,10.956565,828
1,205,11,17.563133,544
309,449,5,15.094684,102
431,247,13,14.531531,1092
434,265,17,9.702589,858
65,192,19,1.649907,347
1,324,20,8.618581,721
323,75,17,2.034367,536
262,298,11,6.504225,103
71,350,20,5.799274,687
253,92,5,19.039001,949
214,85,17,1.047880,862
43,251,10,7.137856,470
111,406,9,12.028370,1155
246,335,7,3.276154,810
13,21,6,14.267381,1200
10,316,14,18.778929,1164
122,384,19,3.368853,266
372,26,11,5.879343,856
153,359,20,11.639209,674
60,248,16,18.265199,984
43,442,12,1.777630,442
304,101,15,17.992343,909
322,83,10,7.998434,652
245,373,10,9.589793,279
114,376,15,5.756874,741
424,280,13,0.994236,450
172,187,5,6.710644,912
75,386,20,4.242953,517
110,76,14,15.533264,1090
430,123,13,6.979767,463
39,166,11,9.786397,287
449,79,9,19.571419,381
15,363,13,6.922572,580
274,332,9,7.997721,413
436,274,17,20.312700,563
243,8,15,10.950588,576
319,152,12,6.527463,928
372,283,10,16.310485,362
412,385,15,1.911932,261
42,245,5,19.211331,1155
294,365,11,5.744070,267
410,5,7,4.249667,216
317,332,5,0.485772,358
77,445,20,16.105818,520
141,201,15,12.735624,408
283,77,15,3.353439,280
18,389,18,13.253163,1122
240,92,12,12.442957,569
129,110,16,9.070036,858
179,206,14,17.212866,313
45,445,16,6.514925,824
417,7,16,13.524347,255
219,409,10,5.525080,254
444,315,10,6.354625,602
319,290,16,3.133980,641
53,396,7,2.455180,900
116,310,8,3.485155,735
75,301,14,5.120641,550
233,280,6,2.447819,178
297,241,15,1.206922,1021
71,366,17,4.263102,896
341,302,19,11.677597,727
343,147,20,18.723046,252
66,125,15,7.480556,380
1,81,13,11.239588,842
124,153,20,18.541823,1154
89,52,17,6.913681,1002
361,82,12,18.986566,1078
158,153,11,7.325807,725
96,447,17,10.939697,1164
152,55,13,11.270220,277
230,372,19,3.465042,156
181,83,14,3.045605,1115
250,316,6,17.429579,1118
40,412,14,8.151670,871
80,229,14,7.710549,740
40,391,10,16.192842,1154
187,379,7,7.170008,431
405,255,5,5.288123,970
330,23,15,15.770890,578
15,138,6,9.670537,1182
8,376,5,16.179289,210
225,1,20,13.643829,392
403,425,13,1.577385,1056
341,33,16,5.997812,1091
13,406,14,10.235430,531
146,69,20,5.552648,1132
253,223,7,0.146736,456
320,183,10,13.195987,1176
63,152,13,14.777745,1146
369,249,11,9.094908,1105
199,82,17,12.385358,336
203,236,8,4.071360,987
110,401,15,15.938333,727
283,203,16,19.879459,238
32,18,13,18.602520,1069
410,284,8,20.022031,145
421,402,19,14.634483,442
101,200,6,4.774436,365
431,374,10,15.511213,392
190,173,6,12.111045,915
392,159,11,20.300111,815
77,175,10,17.315957,550
267,143,20,5.092911,1010
30,165,10,11.313907,260
182,197,14,16.712087,676
331,30,8,5.297066,471
154,75,9,20.339722,380
346,171,9,4.928844,133
235,227,12,17.082049,839
427,111,13,4.912539,869
335,403,10,12.802989,217
379,88,11,2.318211,398
31,333,16,4.505778,470
411,179,20,18.080771,134
167,431,5,1.510088,1024
219,326,19,14.660305,1124
265,39,8,20.219742,783
63,412,17,20.359019,849
208,350,16,13.427235,791
23,175,20,15.139115,778
44,163,8,11.422864,1100
28,74,20,19.419681,1105
376,198,7,0.492992,1166
275,168,19,11.399905,708
201,431,9,16.291830,763
416,406,6,1.735316,600
54,125,10,2.958191,671
111,256,11,17.158241,861
339,245,17,5.171936,990
100,211,6,4.242909,791
188,115,14,20.400437,360
331,363,5,9.154057,354
109,231,6,8.032082,227
108,308,17,8.036280,1081
362,261,13,18.302141,454
328,404,16,16.088908,1116
265,148,20,15.418971,357
440,272,18,6.721649,1170
439,415,18,2.953144,1045
220,296,20,14.566074,639
348,13,19,4.945243,103
164,75,8,17.090305,746
72,361,13,18.651827,437
410,269,6,7.104416,701
444,25,8,17.365122,131
347,293,12,5.151434,1156
413,3,18,15.911607,821
130,438,18,7.007966,273
383,137,7,18.739385,1148
79,277,10,11.505117,189
332,333,15,0.855942,534
440,281,11,7.411240,117
64,115,15,3.590001,784
9,55,15,2.902287,803
66,292,13,16.274072,789
105,75,15,6.221602,303
162,370,6,14.521397,597
78,3,15,18.437065,316
70,76,6,2.101678,550
368,250,5,9.225725,774
241,403,19,2.284377,1028
22,185,18,13.170702,521
140,11,9,19.488011,316
49,274,7,15.976347,768
290,222,15,7.348279,1039
134,237,8,17.138403,375
443,175,13,5.382700,519
381,431,12,10.414286,1174
136,127,8,16.730258,932
301,176,16,4.342491,614
85,34,8,13.349073,514
159,362,20,2.522310,1115
402,246,6,1.391257,1001
380,436,6,14.515970,952
62,254,5,12.021954,638
360,305,14,0.798701,1087
55,305,18,1.054479,795
122,326,16,10.525273,658
130,108,14,0.024220,712
276,128,16,4.081395,502
267,431,6,19.568645,565
86,146,20,14.351205,861
161,251,9,14.742254,404
25,262,12,19.650586,191
114,161,15,1.537854,928
380,405,18,5.460685,173
20,415,6,14.156639,206
118,55,10,8.976912,664
322,438,15,18.950143,893
309,230,15,2.310787,842
52,6,19,2.388146,994
182,40,13,16.238105,699
52,49,11,2.908174,674
164,284,20,11.041828,617
386,69,14,9.015369,999
262,105,16,7.403346,736
433,413,20,16.119002,354
37,290,18,7.728940,531
245,78,7,6.797125,159
76,67,13,2.318694,752
190,22,14,4.291794,702
12,78,6,20.284259,877
221,132,19,9.656784,638
137,424,15,2.379089,1127
139,122,10,5.888657,105
217,27,9,3.571467,1157
386,336,17,2.451167,853
406,28,15,0.530852,1027
297,380,20,19.057479,369
244,214,5,17.245170,134
244,216,8,17.968127,863
148,351,19,6.719755,1055
73,20,15,6.497755,239
51,233,16,1.238498,702
20,287,10,15.097913,198
162,56,19,12.739276,1063
118,414,10,10.933665,505
250,150,18,3.711256,564
33,340,8,0.665225,114
425,96,7,9.919753,520
113,193,12,6.254668,930
115,424,16,15.844493,810
426,388,19,5.174948,1159
164,98,11,16.179762,225
17,351,14,13.028349,608
46,203,6,3.739203,979
180,351,12,11.334046,877
433,12,13,17.524119,1124
102,166,17,11.272632,364
330,358,9,19.658882,420
431,409,14,13.324109,423
44,360,18,6.051036,614
337,245,5,7.346602,117
377,103,12,8.739970,542
337,5,16,6.704314,803
265,198,15,11.197085,723
400,11,17,8.798179,443
92,361,14,0.295570,258
227,241,10,0.755395,166
252,218,8,5.549962,1181
37,186,10,7.385738,808
334,262,9,9.005542,491
172,277,13,10.298814,1039
383,434,7,0.495622,1005
431,121,7,6.388638,956
377,82,12,10.934108,557
139,380,12,10.261884,471
285,436,10,12.259728,646
112,35,17,8.737107,198
369,438,7,15.929020,853
180,192,16,9.615609,884
13,213,7,0.192187,733
419,310,17,8.681849,856
171,39,20,2.442217,825
176,98,7,11.659696,327
3,150,18,12.545043,657
357,430,10,1.077252,653
365,125,19,11.639485,922
295,116,16,12.161452,597
265,325,15,8.140580,939
195,30,20,20.182256,211
15,353,13,9.811513,496
110,106,18,13.340654,151
124,179,13,3.741709,137
356,167,8,18.186440,1061
431,141,6,2.411759,160
66,185,8,11.963804,1158
315,310,18,6.131775,573
189,44,16,18.873206,706
221,7,12,3.417534,209
125,177,19,0.756672,105
279,405,8,6.807389,263
228,449,7,1.826493,1085
443,260,10,2.913851,343
15,82,18,8.312217,777
269,387,8,17.554891,785
248,231,11,9.157044,820
86,162,20,7.703910,106
445,252,11,6.675667,969
318,56,6,7.864716,532
79,407,13,8.470647,561
159,333,19,5.049835,1173
181,51,8,14.950572,305
395,230,17,5.053631,324
51,228,9,3.254572,915
366,437,11,19.318162,531
26,82,12,10.978844,1132
445,402,14,13.879478,125
422,255,18,10.969332,1098
369,110,10,12.645151,361
279,4,15,14.614139,917
185,409,15,3.423418,551
73,437,10,4.629250,831
130,247,15,2.034085,432
231,424,13,3.839928,1123
416,394,13,13.403591,494
11,297,19,0.979344,459
147,172,7,7.591649,722
348,314,9,10.428954,1132
55,199,17,19.570504,258
30,293,10,1.711789,732
299,211,9,6.309165,608
424,418,14,7.857322,207
252,412,6,17.111431,286
182,67,6,1.162911,855
297,116,13,16.345899,450
224,205,7,19.990906,226
266,120,17,10.459486,845
267,254,5,10.846195,156
271,272,17,16.936890,566
433,175,15,15.827770,932
359,2,16,3.077168,723
66,396,16,15.481176,138
148,159,8,0.942168,298
315,74,19,12.447413,1182
445,264,12,17.949021,367
122,418,10,18.061780,395
179,433,20,4.744238,202
191,84,12,11.165444,859
77,133,12,7.076087,515
397,443,16,11.530607,414
33,61,14,15.089421,834
334,317,7,17.929901,170
130,238,19,4.223730,156
311,181,7,17.742971,765
365,382,20,4.796304,622
193,60,13,8.135257,740
9,271,6,14.900637,1011
433,149,12,16.639854,1002
28,222,13,11.223554,188
425,245,16,1.684548,633
109,203,14,16.814147,238
34,267,19,12.405612,725
393,13,8,12.275849,399
366,320,5,6.941168,737
163,108,13,2.358378,1179
417,212,17,10.183522,497
403,177,18,13.499041,997
158,45,19,15.569667,802
107,169,10,10.306872,1117
344,79,10,17.555553,376
421,288,19,12.431277,700
105,3,13,4.651822,1123
29,59,12,18.023421,506
181,402,13,15.371249,176
252,291,14,3.408542,1197
35,199,14,5.523111,1154
255,208,7,10.348129,282
322,52,13,13.899392,918
16,406,17,2.824741,334
116,323,11,5.068169,155
94,209,17,16.577464,820
175,277,13,11.388802,347
235,350,11,17.513770,237
96,448,9,14.976755,471
401,103,17,16.755746,170
224,301,14,9.064298,538
94,104,19,15.344850,966
411,54,12,12.623057,1063
304,17,7,11.034820,717
205,23,9,9.051398,865
247,250,15,17.991880,408
356,126,9,11.081319,250
183,160,11,0.631671,591
335,42,8,9.129411,861
19,146,11,2.062807,124
192,363,5,14.830552,644
42,318,16,18.483054,545
105,255,7,17.550253,1020
448,256,10,7.391177,778
164,299,17,13.860369,1165
270,234,17,16.266178,100
352,180,12,8.562419,1052
446,118,9,10.604978,153
68,64,7,12.261367,199
351,294,20,8.639271,309
209,52,11,10.693730,1123
441,347,16,6.241881,749
313,80,11,6.405912,997
205,271,18,10.703756,875
36,393,5,13.629006,207
418,340,15,9.352358,316
400,402,11,0.428960,960
138,248,15,17.919852,1189
228,302,7,15.739146,385
31,445,12,14.549957,970
30,105,16,6.989735,758
209,146,5,17.378505,779
127,4,12,16.738343,1049
321,91,5,10.273377,671
123,57,20,0.866259,144
428,324,13,12.747360,208
432,72,13,17.264107,897
59,392,10,7.517062,659
348,274,12,5.526591,807
278,129,19,1.810623,123
156,37,7,18.125247,659
223,147,19,16.338239,183
117,63,12,8.155459,732
105,216,11,16.725228,426
38,298,16,2.576038,530
148,210,16,14.553992,1026
320,186,13,16.645865,1160
217,216,14,17.875995,945
198,14,5,3.055071,323
404,140,15,3.096593,1131
19,387,10,1.717912,828
380,12,13,15.571282,1002
120,104,10,2.823589,453
84,76,14,6.580340,426
290,100,17,1.219266,765
367,79,9,2.826963,1197
406,359,9,3.100889,349
258,309,6,9.326538,1055
253,314,18,19.050703,1179
323,347,13,13.881600,1136
446,271,19,10.806607,259
187,205,10,11.655762,767
330,116,18,16.378934,714
323,305,6,0.953403,1133
199,287,10,15.279667,331
96,408,20,6.575316,1053
80,125,8,2.100214,862
21,228,17,13.285558,965
147,17,15,14.348049,148
282,97,11,19.685959,397
78,169,17,8.131473,790
379,383,5,4.167078,1035
413,228,17,14.838206,531
134,275,10,17.551777,1011
430,365,12,16.242977,786
407,214,20,15.170961,743
445,323,10,3.203205,934
409,283,17,9.124729,692
210,396,16,2.154695,443
122,59,10,0.534668,957
12,251,9,0.955979,677
363,37,7,18.284228,819
446,119,15,6.013801,516
53,388,9,11.250926,756
302,214,14,19.595366,114
27,133,20,9.123530,307
321,228,14,2.130861,124
449,48,10,15.837631,599
149,98,15,20.357683,794
340,338,19,1.550730,997
94,180,7,12.651178,980
199,42,6,2.978099,492
416,197,13,7.499608,575
439,374,13,11.514781,495
297,5,9,8.611029,119
423,22,17,14.704769,571
346,200,18,16.225302,848
362,80,6,5.965605,159
87,424,19,4.825653,893
249,372,10,2.848909,1139
431,54,9,15.594684,314
221,299,11,12.792437,618
24,34,11,15.717249,224
305,140,6,14.813028,995
267,28,6,10.862596,123
445,339,9,11.218329,780
103,302,12,8.106484,508
343,42,13,18.830591,452
73,86,14,5.654032,1066
111,424,13,4.779822,694
120,383,13,7.011195,574
235,158,9,2.821565,1093
30,50,8,12.276275,447
294,339,12,17.590424,203
241,34,17,10.615879,789
360,447,6,18.333055,257
279,431,20,19.727515,202
333,435,18,20.217077,1047
105,337,7,19.956565,774
218,209,14,0.977851,232
10,215,14,3.427661,958
356,76,13,15.933869,906
188,315,20,3.163010,516
393,129,10,13.728693,785
237,359,17,9.751609,370
109,12,6,15.289479,384
208,191,19,11.761364,200
341,31,11,5.422154,893
137,44,15,2.729092,400
22,353,6,18.027952,107
50,148,19,0.861414,193
400,78,5,6.856522,764
165,230,5,10.117832,803
10,312,6,3.739250,427
255,113,14,20.431391,441
282,205,10,3.524462,921
18,5,12,4.215470,740
345,364,16,18.822039,867
279,152,16,6.927310,687
254,236,20,18.047583,943
361,147,7,17.248482,687
405,270,11,9.883658,1084
359,298,16,1.060932,1197
290,284,13,10.526919,282
156,131,8,5.980913,244
114,100,7,14.455630,316
83,350,12,9.737597,894
244,105,7,12.304631,846
49,334,11,0.462532,777
391,236,14,6.756724,942
304,275,7,17.052768,542
48,122,7,18.723654,880
86,109,5,18.847867,465
23,56,10,14.843387,1200
64,54,19,8.168332,751
224,237,15,11.735008,1045
178,82,5,10.687558,969
14,284,8,4.795524,186
385,421,15,2.574909,506
161,110,5,16.938017,961
298,1,19,20.453399,802
122,449,9,17.490950,681
216,241,14,3.002654,401
73,145,5,2.802591,665
117,148,9,4.817993,533
205,404,17,1.890085,980
270,140,18,13.545853,958
416,120,16,6.171416,1066
286,130,9,6.819312,436
385,265,14,12.887631,847
170,345,15,6.099892,210
138,208,15,17.035553,972
23,179,6,14.976803,691
38,78,20,11.896966,502
303,422,19,19.404221,420
232,227,19,1.925694,393
262,229,5,14.713011,1096
354,307,5,0.701433,1144
309,238,12,9.670614,1053
5,168,10,8.142769,749
169,154,11,1.288036,829
2,211,19,10.390681,379
446,158,19,13.699538,172
400,12,8,10.923757,305
42,54,15,3.172470,1150
303,104,12,5.425391,528
409,110,14,9.855008,616
167,100,8,4.012576,297
373,395,14,18.099266,1094
45,373,9,17.016090,512
151,123,20,6.144324,914
234,302,6,14.923840,1084
435,34,11,18.117278,948
103,238,6,10.730930,1076
73,114,15,16.299293,686
98,90,18,9.031470,372
422,277,6,6.010499,123
405,49,12,16.440118,317
343,385,8,7.415412,259
222,273,7,16.939424,911
418,360,6,10.741748,495
13,53,8,7.258430,605
352,34,13,19.050998,500
9,285,12,10.537929,128
60,330,14,11.230108,614
248,119,14,7.743050,524
373,284,18,5.873093,469
90,252,14,20.144976,871
286,447,7,4.909192,738
154,88,13,17.981607,468
326,91,7,18.142153,947
87,140,19,19.152343,223
124,423,18,13.531434,1087
121,161,9,14.971009,172
295,168,14,3.980424,622
169,51,16,4.821850,865
56,364,18,19.866013,833
386,173,8,0.372981,956
440,347,14,15.893292,1026
313,422,5,20.442200,1123
197,7,13,6.921221,243
434,207,19,13.889213,1094
149,101,20,15.861100,663
344,109,16,15.221388,749
248,155,12,3.721677,182
60,222,7,13.458770,603
233,125,9,13.174344,774
49,236,19,19.617157,609
58,74,6,19.953786,584
27,363,15,18.454467,1188
18,245,17,14.879842,781
129,189,18,8.982228,234
312,141,13,14.174715,203
438,224,7,8.528753,896
246,185,18,11.493785,382
256,167,14,3.579532,722
163,107,11,15.762525,181
339,275,20,12.117419,765
118,138,9,9.339097,858
268,385,17,7.259302,655
165,235,13,12.473026,1019
289,123,9,16.000229,432
175,155,20,7.931753,507
176,161,18,3.167640,1192
278,396,7,7.001862,922
83,171,8,3.465933,816
98,263,15,0.543555,179
403,82,19,19.025634,665
19,186,14,7.199874,210
186,432,9,13.769510,590
330,226,15,5.439117,990
22,179,8,4.892699,889
345,393,9,19.467567,939
436,260,10,4.269664,454
253,327,15,8.272772,331
29,286,15,19.453818,1079
118,352,16,6.828726,719
23,201,16,19.884071,215
256,40,13,3.450588,1092
39,250,18,16.827000,549
40,422,12,2.862123,120
37,373,18,5.296353,475
330,251,14,19.670617,1079
116,232,19,16.070513,545
284,427,11,3.663652,656
305,27,8,0.819559,755
173,141,18,20.440181,1192
407,334,20,4.165400,261
275,53,11,15.820967,798
168,9,10,15.572288,1007
232,375,8,11.110319,264
258,257,8,15.243837,712
382,414,20,5.345686,261
71,409,7,19.820927,157
228,350,7,10.537594,999
380,447,14,19.684249,316
437,202,19,18.206148,593
19,247,18,1.375536,721
440,251,8,1.784563,297
188,278,6,6.684955,656
278,181,12,18.515919,1089
294,7,20,10.994786,553
397,69,11,16.107176,623
90,424,5,11.890681,1011
325,430,17,13.414146,473
32,399,19,2.315870,517
279,3,19,2.853503,992
206,296,9,16.583143,647
303,83,8,11.963116,1059
206,6,19,4.960752,507
15,379,10,2.432904,622
108,214,13,8.834036,315
126,57,17,8.902653,1071
134,304,19,6.025054,392
107,266,7,7.107073,707
374,51,17,17.663644,489
16,321,12,13.898078,634
49,89,13,18.941040,648
252,44,7,20.156546,555
124,373,16,3.635015,934
54,113,6,6.398155,1183
291,19,17,7.784351,917
216,267,17,11.895206,995
251,285,5,2.939529,875
439,118,14,14.286929,515
332,167,9,15.220211,770
358,60,7,3.165001,632
216,167,15,17.213583,143
135,253,6,9.683262,498
296,308,17,13.430776,257
427,78,5,2.129631,1049
373,266,8,7.151161,130
199,280,5,2.197241,1192
21,92,10,4.045895,176
246,56,12,15.535644,753
176,375,10,11.141154,915
306,109,12,14.494338,889
17,28,19,19.972952,926
158,212,8,12.847316,1173
254,252,8,13.576609,335
192,134,19,5.196652,947
383,291,6,5.613156,756
349,154,7,5.408493,657
435,233,20,20.393343,691
445,317,14,0.541470,510
265,369,16,18.869783,494
132,117,6,8.016256,249
441,203,16,11.907671,305
17,412,19,18.248671,1011
214,255,17,11.632707,722
224,19,13,1.978304,444
234,295,14,15.685641,686
283,444,9,1.583642,1065
200,255,20,20.289618,1099
216,239,15,2.890090,479
93,131,11,20.211163,393
350,443,9,11.279196,590
311,442,10,10.876111,265
108,284,7,9.721983,200
121,146,14,9.066511,654
449,51,10,4.726441,1035
67,88,19,6.459691,491
127,264,11,13.069434,784
253,156,12,8.786410,228
432,262,10,11.039023,164
4,374,13,14.624706,1177
217,338,9,0.149185,711
171,128,12,4.292321,602
249,129,6,6.289486,1147
279,133,9,14.073795,489
83,131,18,6.965649,1116
72,353,7,8.866543,158
114,50,14,20.292519,358
24,202,17,3.903748,754
60,335,10,11.482580,802
227,132,20,11.204834,278
192,317,15,2.054945,654
11,155,14,5.566051,1162
267,243,16,17.785225,522
252,418,13,5.384730,219
30,355,17,12.427540,235
320,176,13,5.341826,945
105,421,20,0.885945,615
178,99,15,9.973118,733
2,414,9,11.482670,431
49,94,9,8.729360,960
249,405,6,6.036065,1030
34,421,16,0.305667,520
106,375,8,17.622113,951
3,263,8,2.943439,764
308,257,13,8.097691,175
125,169,9,10.811961,144
243,4,12,18.565908,172
443,60,14,20.249164,102
350,200,18,15.994435,428
298,323,18,17.246402,422
1,401,16,13.016370,678
300,286,20,16.351880,934
392,14,11,2.028434,236
82,341,7,3.307165,1053
347,444,11,16.143487,344
342,195,18,11.660892,518
338,397,9,19.738771,942
78,121,12,16.861427,766
377,343,19,13.538486,390
22,93,20,14.617096,610
64,380,5,1.868830,334
24,36,13,19.513632,833
224,98,8,0.431831,301
408,234,10,5.972555,674
405,71,16,9.041106,174
293,381,7,10.912454,357
139,81,14,3.814775,371
84,144,5,9.890294,392
7,394,18,20.431567,359
334,416,10,0.320379,157
319,441,17,11.764252,778
236,231,14,14.186358,1001
94,88,9,19.493426,757
426,247,19,2.982678,767
369,146,16,0.368705,609
270,67,11,11.758289,883
343,218,9,15.150834,174
316,326,8,11.545627,307
243,201,17,0.459644,626
416,167,17,14.356952,855
427,132,6,2.184087,198
281,38,9,2.507883,402
333,282,9,15.940391,863
68,210,7,11.932295,758
321,0,18,11.635038,1049
308,374,11,4.560046,821
201,331,13,16.662001,1053
141,361,20,9.335369,1093
25,279,6,13.926271,847
192,112,20,7.302989,223
211,224,5,19.246152,993
74,205,16,7.007490,843
15,368,12,18.855488,428
60,63,10,17.947575,222
404,406,6,11.555750,1064
404,427,7,2.310978,407
115,239,10,12.352241,1055
99,414,16,1.393733,376
376,37,11,4.220604,853
387,266,6,13.036931,1123
315,99,20,16.241057,1106
382,33,14,1.726241,1134
226,71,15,2.497995,707
401,28,16,2.428675,172
339,106,20,18.334117,1125
359,61,8,10.655045,1142
139,160,5,6.779051,141
33,335,13,14.100924,895
393,197,6,4.649197,462
167,51,16,3.463981,556
268,305,7,9.381653,897
321,432,8,16.597342,513
240,257,8,6.295326,105
50,381,6,16.693501,248
70,407,12,14.212415,255
67,246,17,11.947837,840
348,223,10,7.694983,1136
121,53,12,9.267590,1014
308,10,14,0.500578,207
319,2,15,8.730435,640
126,449,6,16.635490,585
179,78,9,5.213037,968
416,385,14,0.169789,329
184,173,16,18.492088,581
58,401,9,14.820322,505
260,44,19,15.220610,629
308,64,15,9.233075,734
401,63,14,2.617918,868
9,8,6,18.536338,312
270,175,18,14.857607,543
287,106,13,15.855637,175
312,367,12,10.709365,435
135,254,20,18.956639,238
433,430,14,19.406322,435
251,237,8,0.661043,759
308,382,18,16.616465,350
403,400,15,17.053854,460
3,26,18,0.284303,600
383,108,15,6.232946,1189
398,52,18,15.217794,270
43,63,6,17.756884,1074
246,189,7,14.767372,1198
21,391,5,7.604019,1059
373,357,12,16.842765,289
117,187,8,16.004315,666
313,10,17,10.743290,1133
255,353,14,0.191329,928
106,301,12,4.069538,348
43,130,11,5.627823,630
49,273,6,16.627928,676
430,31,16,18.175974,950
93,247,13,6.573945,672
309,46,15,17.214920,142
360,314,6,0.153025,253
350,36,14,12.464465,842
347,294,14,0.520249,713
160,295,6,14.052734,878
283,90,6,9.751025,894
237,285,20,18.462787,689
155,33,7,8.155904,909
162,444,13,18.380224,221
108,138,16,8.655164,198
47,252,9,9.871356,484
287,228,12,8.096129,1145
198,61,15,3.977396,542
43,259,14,14.558187,412
92,292,8,2.296979,175
371,63,19,3.719702,619
206,43,18,4.042374,1051
397,306,15,14.247787,1123
374,143,16,5.747842,530
5,329,9,8.542861,1133
45,98,8,5.704462,1050
244,63,10,4.386675,953
359,113,10,4.143221,785
28,386,12,5.914606,998
280,114,20,0.870347,514
351,215,6,10.761333,635
409,319,10,18.487454,589
256,89,7,14.158448,235
308,253,10,17.795251,635
362,361,19,16.579680,485
237,62,13,16.940855,386
266,132,14,9.851444,626
380,226,17,14.168998,278
140,248,9,9.667434,214
376,265,13,12.969444,202
271,14,13,16.299381,1106
419,103,10,2.172010,731
148,226,20,17.356240,1135
153,348,17,10.271602,690
257,299,19,12.215314,800
61,417,20,3.907247,578
441,76,5,14.356514,569
131,199,9,19.342671,1144
81,414,13,5.572933,128
207,428,17,2.750766,1171
147,299,10,19.110599,1077
393,294,6,18.490955,315
256,17,19,4.201324,302
175,18,13,6.084543,413
391,438,7,13.156924,262
328,298,5,18.326639,230
174,425,18,3.373054,536
327,418,15,10.262819,762
124,377,6,18.608271,377
433,34,18,10.215020,537
169,227,13,9.691928,544
90,97,6,11.383885,148
136,252,15,17.309787,936
179,440,20,18.347223,961
259,119,14,7.047160,922
128,108,7,15.082720,303
83,6,10,4.861939,673
162,317,14,9.340252,1016
200,256,8,3.983740,244
345,378,6,15.459332,762
366,58,20,14.636560,299
25,438,17,6.134512,735
254,80,14,9.988744,301
328,204,5,15.909787,936
53,438,18,15.459496,1132
180,118,18,10.462627,199
318,71,7,14.847107,1023
355,425,13,10.090768,580
100,434,6,0.597181,970
284,236,14,12.779208,791
349,283,9,7.099432,1138
411,97,11,6.777150,714
115,176,5,7.732765,596
110,396,9,17.098519,471
11,67,14,1.823126,1065
190,404,7,14.717952,855
386,348,18,14.075271,794
45,256,7,5.853236,188
180,347,13,7.597302,606
238,331,7,3.496440,853
136,448,18,7.529379,685
158,1,11,3.285462,377
71,224,17,11.301331,638
183,260,7,3.083054,955
220,327,16,11.163169,625
305,84,6,2.218122,692
226,222,16,11.084313,426
373,72,8,15.253962,796
248,22,20,19.414624,1037
154,430,20,4.032491,224
405,368,17,12.411350,1076
54,247,7,11.094006,526
336,341,9,11.560240,453
304,387,19,17.773450,1088
61,372,8,2.960585,1185
388,109,11,13.895663,1170
184,28,12,7.033563,740
388,245,16,10.568949,891
284,181,15,19.302778,147
216,34,8,20.291262,866
27,22,10,14.218111,765
449,1,20,16.726982,956
240,423,13,11.157411,931
62,367,19,19.510134,256
57,77,5,17.823421,1166
432,259,13,18.632578,312
193,67,19,9.051833,672
266,216,16,9.721514,544
137,142,13,12.551424,185
156,372,14,11.751486,645
349,425,5,19.525115,276
74,234,13,6.576264,268
44,168,10,7.876219,393
121,173,20,2.876986,832
40,108,13,14.153548,218
40,354,6,5.072822,982
143,284,18,2.648848,521
125,386,8,13.370343,773
405,78,8,14.535778,676
66,363,10,19.616148,922
121,353,17,14.864648,719
263,20,15,19.030189,636
336,15,10,14.217893,1093
181,324,15,7.978305,798
245,91,12,2.232571,378
158,10,12,15.913992,635
146,72,12,16.906138,440
8,445,18,6.786460,198
409,219,12,17.160807,311
312,154,17,9.287288,722
211,210,6,9.139431,318
338,301,17,2.393917,945
238,377,10,19.439338,209
231,141,5,5.251853,209
310,116,7,20.225281,684
341,206,8,2.946861,423
314,425,20,7.785736,926
280,185,18,18.264794,842
126,304,16,10.045935,507
135,85,7,8.477344,966
419,278,6,10.050256,245
392,324,10,19.194301,947
146,400,13,17.938052,687
414,51,12,10.510108,846
43,382,17,9.621356,1045
363,327,7,9.129623,590
77,414,13,17.009359,383
299,20,14,9.648172,796
201,13,5,9.582043,893
77,333,19,14.859613,689
431,39,16,18.462497,531
350,260,17,19.078431,333
182,386,16,18.952297,318
163,64,7,12.724577,1094
25,291,5,19.825461,375
269,108,18,6.303395,562
276,33,19,6.116233,571
202,213,16,2.685225,283
195,336,14,19.289020,774
85,256,7,2.754463,679
244,83,17,8.770038,518
432,386,19,15.796846,179
117,275,9,13.609324,323
411,247,15,16.009218,231
139,136,19,5.220973,231
443,218,13,7.007998,1105
179,409,19,10.258229,377
131,364,14,11.097985,897
399,315,10,1.205324,374
151,393,16,7.338984,608
291,260,15,4.295627,1006
33,80,7,3.324262,349
366,105,12,5.498716,1121
238,217,6,12.371193,351
16,260,20,0.638998,1186
117,156,19,0.917722,422
65,330,16,17.115160,672
206,449,11,6.463903,222
143,0,14,11.717733,122
133,55,6,11.880047,437
175,35,16,2.950614,605
292,238,10,6.124123,706
125,290,20,15.463181,594
230,162,15,1.474934,675
304,44,20,12.369075,501
47,177,12,17.418351,901
206,214,11,18.212550,1040
111,145,7,6.798823,646
391,343,14,0.828449,734
358,138,5,0.256639,562
296,252,8,1.855464,296
115,329,12,12.411830,779
357,237,14,1.718376,264
346,0,19,3.262084,605
263,236,20,0.388403,118
443,163,13,14.088320,575
58,131,9,17.033619,355
381,62,6,17.540479,1035
376,89,12,1.790002,311
94,67,6,15.413825,655
247,69,7,4.183721,681
321,138,11,16.439881,1086
242,407,14,9.122452,560
442,413,9,15.636489,679
133,267,11,18.771332,827
249,217,8,5.592031,446
166,42,16,2.562007,908
328,83,7,19.499421,335
330,22,12,4.435412,357
411,263,8,10.590165,413
233,178,9,3.739042,121
242,23,15,12.903324,110
35,279,17,9.268328,1047
349,113,18,6.709454,507
352,362,9,2.079443,930
321,263,15,0.774726,1057
267,418,20,7.481154,994
141,291,5,19.992208,378
5,24,12,14.489730,432
382,241,5,3.895682,516
19,260,13,18.808380,240
422,316,14,0.154063,663
315,120,6,2.883288,617
209,262,17,6.082259,422
74,314,7,16.269457,179
28,376,16,14.922465,276
332,8,20,16.863306,622
15,119,20,17.140945,523
84,82,10,7.052031,615
247,265,8,16.872715,202
33,40,12,15.243694,615
326,351,10,0.012925,914
339,9,20,3.684556,1183
305,438,13,9.985509,365
62,218,17,10.357000,665
164,108,6,4.888692,1113
263,444,9,5.409161,928
317,415,14,0.895208,730
271,12,15,11.458454,810
438,279,13,16.022441,1093
224,241,7,15.821960,846
146,196,20,3.312139,259
116,436,17,8.119647,429
117,108,5,0.257314,1160
352,279,15,7.019366,370
124,271,7,12.664541,1053
397,355,5,5.468921,821
168,337,18,17.920852,899
393,366,9,5.208043,663
232,427,16,2.905466,303
45,126,16,18.849786,719
62,46,5,8.470568,683
377,422,11,12.767288,425
434,258,6,19.968503,232
111,39,12,3.408199,561
430,277,9,12.958807,723
224,364,14,6.297519,898
14,319,18,18.005881,1107
325,309,6,6.499977,427
236,389,10,8.907747,807
442,69,18,11.673893,693
356,237,10,12.154374,700
244,206,8,15.387871,179
175,178,6,9.174731,536
383,183,8,10.567111,186
34,271,10,18.349427,384
424,426,14,0.701423,911
422,205,19,6.201949,1122
158,187,12,4.268403,270
181,202,6,11.291727,1155
117,315,18,8.009973,440
16,36,9,5.730345,964
71,184,5,14.497248,272
42,299,17,17.268929,373
29,377,18,14.516695,1128
179,269,14,12.373665,352
194,418,10,0.487763,257
384,105,15,1.760534,572
54,102,10,6.311750,1133
444,2,16,15.615607,947
130,326,16,17.718960,581
424,226,7,12.092630,269
105,332,5,10.634876,421
161,5,18,9.867034,469
136,22,18,6.056171,789
380,109,9,10.020669,1003
79,161,5,11.052103,153
123,216,16,16.921997,122
282,272,6,7.365460,722
246,336,9,16.688833,818
25,270,8,4.612030,1181
447,16,19,12.725430,153
347,301,7,10.159274,821
159,220,6,9.122157,229
86,409,8,13.680987,766
297,41,13,20.279111,855
131,132,13,17.557283,141
24,362,12,13.123630,1105
213,55,5,17.604258,680
275,404,10,15.024880,476
250,70,7,15.564415,247
246,263,17,8.160997,377
277,38,16,5.519150,256
42,315,9,10.185632,1128
285,431,17,4.802019,904
76,144,11,16.161465,1143
343,34,13,8.813546,917
107,148,12,16.996529,157
24,155,14,6.743934,321
200,248,13,2.238199,366
21,115,17,4.532960,116
357,114,18,13.449276,1156
55,297,19,7.204467,277
314,318,9,19.363568,716
315,400,12,15.696047,925
56,136,11,15.581942,691
43,320,19,7.490222,351
147,359,12,17.537934,1149
106,229,5,5.496886,197
395,407,7,13.089895,718
91,66,14,13.698696,363
400,161,9,1.521856,672
163,86,13,19.940507,209
43,309,5,18.854926,256
151,387,8,17.040121,727
15,241,17,15.135687,1037
148,13,5,7.059757,1080
196,240,9,1.050672,1073
288,12,20,18.514270,503
71,236,7,2.740300,693
10,352,19,7.203056,132
86,380,14,6.971794,506
281,97,14,5.576447,565
268,12,10,2.630005,586
271,24,14,6.558259,642
63,374,10,8.534466,599
99,304,10,13.073977,685
414,315,19,13.379481,271
198,138,16,13.318384,758
422,89,17,3.298128,530
342,410,15,6.769517,766
119,83,5,13.238588,910
429,52,9,20.090086,998
338,77,11,18.963988,480
437,70,12,7.713195,449
55,275,12,14.470233,810
120,177,6,3.191454,155
122,318,19,17.166620,699
382,20,13,3.187769,481
393,421,16,14.210652,973
312,126,15,8.446249,234
3,155,5,6.860536,1145
107,208,19,9.071013,1162
139,116,5,9.177834,150
119,305,20,9.354003,213
8,94,10,13.489247,471
387,354,8,18.788155,107
35,134,10,15.736512,665
316,304,6,8.956105,660
48,253,5,7.339813,1045
439,359,16,17.741449,936
97,253,9,13.808544,209
190,229,17,14.102644,691
176,223,7,13.987431,394
208,322,9,12.227457,645
278,207,15,2.907266,230
391,208,5,5.364755,688
192,61,7,11.489797,1096
186,358,11,4.432203,421
50,81,16,19.818422,862
390,203,9,18.424421,1004
66,258,15,6.344320,797
278,298,6,4.411343,750
420,107,19,7.327260,531
411,435,18,0.477569,877
116,421,16,2.698007,832
323,236,20,16.787930,540
207,186,12,12.238680,462
338,230,19,6.913547,252
79,18,20,9.759459,366
254,191,19,14.928500,1147
201,137,17,0.712187,1193
81,267,16,5.918613,909
312,405,7,19.002066,223
69,57,8,10.333630,318
381,143,15,14.904867,410
329,81,15,15.013027,222
364,274,8,15.163382,701
45,197,9,14.541377,154
247,162,16,13.099025,1193
185,423,20,19.974199,205
167,388,18,7.795058,190
405,38,10,20.487527,989
10,392,7,12.492716,277
398,428,17,3.253508,1095
354,322,14,17.662891,230
192,137,19,11.309987,438
118,278,17,19.811586,778
372,200,12,2.615526,826
274,154,8,17.553413,1169
97,91,14,7.056001,1052
188,41,11,3.354263,1000
48,322,20,9.304939,447
151,166,5,3.409941,804
439,352,8,11.653033,348
412,325,9,10.059509,473
62,148,5,18.489095,596
89,13,11,11.253737,905
426,185,6,15.778644,107
391,385,12,7.923543,639
382,318,9,19.540353,854
30,386,13,9.426071,227
307,428,18,18.611867,1006
104,129,20,4.021300,296
249,37,14,19.533081,534
348,397,16,18.548559,952
61,160,10,17.134772,604
265,431,13,1.698864,404
231,285,12,6.898596,696
439,14,13,13.085969,707
411,234,10,18.918746,889
189,378,19,3.265598,123
5,383,8,14.526328,720
111,222,18,1.469112,1041
241,259,19,17.100872,772
238,366,19,17.984114,618
116,75,11,7.291405,908
364,337,8,5.655719,361
369,228,5,17.490798,462
409,41,17,11.466297,298
212,234,19,6.802856,943
87,191,17,13.496058,884
449,105,6,14.237524,849
426,381,10,8.242513,567
414,335,11,3.031366,390
446,341,8,7.534844,137
16,9,17,18.456763,695
92,12,6,0.726367,407
65,223,11,1.740269,754
169,163,19,13.792708,142
172,290,8,19.468796,381
105,226,7,15.913010,855
264,259,20,10.969681,422
104,178,17,4.542165,392
64,430,16,8.891165,742
21,407,11,8.286943,1158
399,63,16,4.807410,998
15,237,11,0.374014,629
97,382,6,0.649964,675
119,36,9,16.059552,1152
372,413,12,1.314714,537
246,407,9,4.056733,116
216,274,16,17.413588,304
336,75,9,7.790772,423
44,42,20,15.894645,295
403,171,12,16.989922,991
247,319,12,7.987570,459
446,111,13,5.833075,662
280,340,13,5.889969,572
164,260,6,4.706532,1141
270,33,15,11.203602,851
49,319,8,9.349376,444
430,378,11,10.809228,270
175,247,11,19.514392,995
18,337,10,1.670439,137
313,231,6,16.293057,187
448,83,12,2.251997,499
235,381,13,6.547859,1161
308,148,20,14.859083,1047
324,108,5,2.511077,490
363,379,18,6.884421,882
247,238,6,3.290462,567
106,334,5,16.080548,1160
304,235,19,3.779820,788
212,370,7,18.883594,489
430,330,9,13.659830,925
191,338,20,4.192623,941
66,52,20,8.440641,330
17,43,7,4.877747,191
169,391,20,10.378051,1039
200,184,12,7.499610,1010
287,385,16,5.491079,592
392,247,17,9.931589,773
160,144,19,13.904466,567
306,8,9,9.727794,726
15,96,11,10.938102,1133
118,257,19,2.076329,482
416,30,19,18.929848,521
42,330,6,2.319598,107
302,255,5,16.239345,832
442,296,9,8.337718,848
355,15,11,17.326701,298
23,437,14,15.113673,1169
392,129,6,3.536346,335
298,373,12,15.893064,451
9,403,6,0.085596,998
232,74,5,3.954659,716
31,291,14,19.208297,868
405,357,19,3.557894,634
163,340,10,7.886541,292
122,294,10,0.855075,797
34,234,20,6.782251,881
88,127,8,16.835345,963
25,58,15,7.503543,101
230,315,20,7.759899,1044
30,92,16,8.329303,116
432,51,20,1.321497,569
263,342,18,9.086391,577
272,202,17,14.360686,710
223,84,10,17.718483,537
33,332,8,0.178096,1162
316,61,5,18.747302,223
84,238,5,16.921911,125
238,173,14,4.235927,455
446,120,10,14.759471,263
417,61,11,2.192582,1093
208,126,5,10.170050,686
93,345,20,9.850787,117
276,146,14,19.894962,451
443,440,6,12.909005,265
264,213,20,18.490541,733
318,425,15,15.314992,691
3,443,20,18.077342,993
200,282,15,12.264880,1123
152,263,17,14.632118,1156
437,365,8,3.567119,335
214,248,5,16.335312,385
94,401,5,19.885642,997
279,364,8,10.822761,387
423,355,6,5.760267,365
144,182,14,13.817830,1088
117,76,9,6.327018,251
418,64,15,1.752322,450
0,44,11,9.973779,146
419,134,13,5.122682,954
180,13,15,16.473152,720
98,43,20,13.675283,816
215,127,20,8.699724,234
221,306,5,4.990661,293
354,258,16,16.668796,471
159,33,8,4.636387,971
195,53,15,11.073880,577
57,158,15,5.954525,773
32,356,12,0.717031,1189
145,153,9,15.445263,133
416,294,11,17.047452,897
245,122,10,20.088769,1131
168,238,6,12.493061,1128
227,75,16,9.251528,913
358,106,17,17.623024,1148
356,351,10,5.640072,874
225,185,7,17.057187,1033
30,19,14,12.975096,492
379,345,8,10.218722,462
92,369,16,3.543463,732
27,408,5,0.362193,790
157,241,5,4.653916,866
174,448,7,5.697568,321
17,256,16,19.971042,747
54,281,17,4.768537,1069
174,168,9,1.547887,546
424,306,9,14.406850,229
348,421,12,13.695622,641
236,437,19,16.548449,1077
399,140,11,16.204728,846
154,292,11,8.624047,399
283,424,9,15.194212,823
204,154,13,14.970516,150
84,330,20,2.305965,859
330,150,18,17.476661,473
324,69,15,9.095070,403
206,115,20,18.443400,212
312,107,8,2.885969,524
149,52,15,2.213080,642
265,61,7,8.006608,948
346,418,14,6.014848,356
316,156,7,15.566381,806
422,152,14,17.430729,307
355,138,10,0.889949,955
316,111,10,19.864655,543
223,231,20,7.807194,438
392,370,8,4.840307,154
51,348,11,0.402425,122
120,391,11,18.093212,328
308,286,8,14.869820,844
407,423,14,13.153948,935
172,408,19,3.194572,358
78,56,20,0.742542,408
321,380,12,19.542152,640
390,179,17,6.587109,279
156,100,5,2.545473,689
95,282,8,3.686655,955
79,143,20,2.944271,1189
216,137,9,12.450588,254
331,93,10,20.039756,1002
139,333,5,6.879634,679
317,146,9,3.857979,1200
153,418,19,12.163582,576
224,239,10,19.807553,298
22,224,19,8.593737,285
14,229,7,19.744609,154
69,385,18,17.151467,733
216,335,10,20.417620,766
271,101,16,16.959928,386
438,94,18,20.017874,998
98,353,8,7.377512,275
63,52,12,14.530844,960
271,247,10,11.415337,815
427,200,17,0.630588,857
114,238,13,11.133252,626
72,273,16,11.349442,888
333,256,11,0.795067,376
24,61,15,2.171307,1003
286,12,12,16.244104,436
236,94,19,15.019514,482
108,131,7,13.764248,294
255,297,19,18.198836,323
412,204,15,15.992890,515
22,332,10,18.194735,290
78,101,9,19.371428,1156
351,254,19,0.701005,1089
198,260,8,20.415834,501
407,266,9,3.177688,250
281,356,10,5.310235,917
443,28,11,14.292420,905
321,421,12,19.037382,954
232,290,12,15.464638,579
231,236,17,12.718504,348
439,417,14,4.302233,1040
139,367,18,2.719552,720
130,342,10,17.354998,804
12,326,18,17.314268,672
445,17,14,13.615257,910
95,191,6,7.403215,151
279,421,13,5.674780,331
212,15,19,14.887768,443
176,63,9,11.559073,662
365,361,6,10.709277,338
61,241,6,18.569852,402
96,65,5,18.121596,1103
280,18,20,5.205698,184
250,297,19,7.695102,769
19,62,6,12.707529,970
362,186,5,2.614102,159
279,385,11,14.869942,153
173,392,8,7.005946,1159
52,65,15,8.896638,871
429,215,15,13.955902,1000
171,405,17,16.102796,1036
107,389,6,2.692969,236
292,360,15,20.119433,758
351,329,18,2.216661,421
70,172,5,3.566878,402
122,167,14,6.465804,306
302,296,5,2.785667,572
190,424,20,13.998787,997
245,445,16,8.783362,761
339,167,16,1.071991,310
366,190,19,8.911709,1087
22,165,14,8.087092,1162
315,268,14,9.818084,421
256,358,9,6.561728,453
19,166,18,15.574338,968
26,140,6,2.132096,681
260,159,8,4.267541,929
118,129,15,8.472999,861
137,359,16,0.247179,1024
30,354,20,15.883042,803
426,393,13,10.636641,757
123,257,18,9.302610,831
332,67,8,15.244499,828
24,237,13,18.738437,880
10,267,17,4.495954,554
254,428,14,6.305319,902
422,252,7,14.651639,469
42,65,6,8.696901,403
420,135,19,4.838688,790
312,72,6,9.791146,333
232,278,18,6.111066,303
64,449,11,9.402392,620
72,433,12,14.458889,948
372,217,16,4.396243,405
100,445,16,0.569385,410
8,119,15,18.377136,254
396,208,8,2.932345,492
314,152,17,7.929720,545
278,328,6,10.347451,1024
359,10,17,1.773013,680
4,328,11,10.500655,700
47,424,18,6.163799,376
69,377,5,8.891933,499
374,62,12,18.403683,738
150,93,12,6.237994,965
267,90,10,1.329789,118
200,234,14,14.518497,268
326,236,18,0.496234,173
5,203,14,4.777947,881
93,110,8,14.289497,1121
5,80,15,13.035400,1101
174,293,14,19.399178,938
201,217,20,10.753380,630
312,425,6,19.970661,412
164,72,17,6.743896,365
25,89,7,20.078564,1012
328,148,13,20.462714,585
344,97,18,6.619857,743
151,392,11,5.690720,1138
214,430,20,4.913402,779
339,111,18,17.039655,163
269,285,14,6.105048,1058
134,408,10,7.054969,918
265,194,20,5.046366,934
373,27,7,6.191389,875
325,392,15,14.702013,417
229,274,8,12.549319,1190
187,213,6,17.729354,358
338,26,16,17.084482,427
314,160,18,11.743619,234
251,226,6,19.851922,346
401,168,7,20.194306,898
448,224,18,6.727586,650
315,245,16,15.209571,1085
378,264,12,7.148155,911
114,438,12,11.292073,810
108,194,15,11.702658,332
227,28,9,0.233150,452
262,3,10,0.291932,1138
440,115,11,17.026899,495
166,186,15,8.207122,442
294,363,5,19.295851,678
427,171,17,10.856141,715
10,92,20,20.247774,1117
424,396,18,9.594553,1146
409,282,14,0.392214,1143
252,245,11,3.670419,427
56,205,17,18.724561,203
196,290,11,13.231366,836
256,335,5,16.538690,101
449,351,15,0.645427,464
236,443,12,11.718438,982
26,29,9,18.896644,1112
375,43,9,7.410058,933
386,81,5,3.768508,278
292,370,9,1.279051,399
381,37,5,5.761702,172
311,82,13,17.332674,893
429,275,7,10.401141,232
38,283,10,16.782821,524
357,404,5,16.821710,818
122,386,12,4.690585,733
284,147,10,15.183795,490
131,72,10,16.500448,293
406,325,13,12.676589,273
334,83,11,2.702423,108
260,114,16,9.978196,818
293,413,5,18.692763,1149
173,177,5,16.758977,818
407,30,19,4.791303,272
119,147,8,2.140226,1053
318,134,18,18.100530,551
152,85,9,2.450022,141
186,333,8,10.340826,678
146,347,14,8.916636,382
291,388,5,13.825777,641
408,220,7,17.814863,917
334,18,20,15.422285,945
253,307,10,1.727181,612
325,17,19,16.525995,931
323,73,5,5.156858,816
215,6,17,0.512618,1088
389,256,6,6.341958,338
376,226,11,5.638857,431
16,114,11,14.424807,164
446,320,19,14.998438,519
200,232,15,16.973683,216
447,305,18,1.833588,252
283,342,15,10.734933,102
131,421,8,11.185687,1077
396,359,15,7.878132,748
174,319,9,17.402630,119
330,215,14,19.380065,675
48,406,5,10.932135,269
318,433,8,2.280613,538
430,76,9,3.246582,880
203,72,11,1.744187,100
335,426,6,4.721851,1062
252,27,17,19.921927,395
184,357,13,14.145500,436
89,326,15,2.711077,1188
102,349,11,16.885293,1148
14,321,12,9.200797,130
345,151,6,3.599927,285
182,400,5,12.674809,508
249,184,13,17.682004,1064
262,112,5,14.441062,587
390,376,6,17.596159,717
432,283,13,15.390271,386
72,314,8,12.645072,866
83,312,13,18.999106,948
24,351,20,17.749343,925
173,116,8,3.107323,642
27,76,7,1.133365,559
156,271,9,6.900257,825
256,268,9,16.273743,384
329,409,17,15.740539,416
340,297,20,15.748112,865
388,445,18,11.329829,381
283,98,5,0.583169,291
217,364,15,13.917282,1038
175,421,12,16.270307,430
270,364,5,18.424488,253
295,436,6,15.703633,376
430,335,11,18.847489,474
258,321,17,7.517645,1199
361,400,7,17.882926,743
378,81,10,3.587054,1040
318,282,16,13.952939,165
279,92,15,1.865444,1024
172,255,18,11.499839,264
246,194,17,1.632589,194
238,5,15,17.830054,474
227,443,14,20.414872,718
197,39,7,2.117441,807
171,49,20,11.105117,905
348,98,11,19.784711,839
335,125,7,4.942814,938
52,339,7,15.886496,164
438,182,10,19.974845,730
201,293,15,1.409448,234
252,330,5,11.458910,868
272,107,19,0.534476,793
304,133,7,0.210354,672
272,217,5,4.836181,446
224,254,15,8.774538,774
11,51,5,18.907217,892
30,163,17,9.480913,804
199,315,7,5.683124,389
98,301,20,9.967570,955
184,320,17,0.140419,462
132,22,18,3.546890,674
176,379,6,13.149278,515
243,418,20,20.352137,241
180,432,19,9.661315,187
308,343,17,17.240661,955
416,114,19,12.114440,965
302,353,11,6.369381,116
144,10,16,19.789265,958
116,19,18,8.634941,422
31,45,5,1.230978,592
284,169,8,3.721524,286
258,50,5,10.999593,144
27,338,7,10.413304,856
288,302,9,12.680365,298
302,146,15,11.099644,442
131,298,19,10.843302,928
1,117,11,10.139331,444
446,174,17,13.918142,212
220,251,13,12.644733,988
373,293,12,17.329195,1151
133,54,17,14.276545,348
108,78,12,0.738153,898
117,191,18,2.636954,420
43,64,14,15.463140,1141
440,239,16,4.932192,246
153,382,19,7.272370,411
166,437,13,15.480581,721
294,49,17,15.360702,944
324,53,20,12.195116,456
173,309,18,0.616066,390
360,440,17,10.436008,827
0,372,14,18.214376,727
179,292,14,19.995854,1126
115,180,15,20.336936,173
144,18,8,5.275461,687
31,236,7,19.856046,423
144,395,13,19.267737,601
335,71,9,9.870395,523
318,263,14,1.676778,453
418,101,9,20.477690,121
276,341,20,18.131391,591
232,177,5,3.522805,246
167,185,5,14.640067,1028
135,433,20,1.786584,996
195,178,10,1.609812,952
129,436,16,9.100136,948
71,194,7,2.052518,423
73,155,14,2.084573,1021
399,278,17,2.676743,159
369,114,10,13.438744,310
424,129,13,3.944208,1200
259,116,5,2.986732,466
400,407,6,17.425795,326
189,268,12,6.284789,397
373,164,20,11.077949,146
206,317,9,17.245715,451
160,405,15,10.263197,259
146,245,19,0.298581,952
143,16,16,16.614965,786
38,49,5,0.512282,331
237,48,10,4.612472,1125
251,47,19,17.405440,317
252,144,10,5.019714,355
414,53,5,19.171052,197
402,279,14,3.192396,1050
320,357,11,13.835203,837
387,30,6,0.352188,118
417,299,10,7.742321,188
290,152,13,13.012449,130
386,61,15,6.094132,353
23,367,20,20.021725,1068
186,363,11,1.951185,654
396,212,17,18.949428,258
176,202,10,15.265665,343
440,58,14,6.548924,175
153,250,10,3.496984,716
355,399,18,15.389657,888
118,141,14,9.140430,1140
60,217,17,7.960907,394
439,260,16,16.887435,633
322,222,12,16.739770,405
148,412,18,11.882723,167
210,192,20,18.384561,342
223,61,9,11.951446,312
151,416,12,7.462399,162
261,266,19,17.637363,483
298,149,14,13.761203,222
347,49,14,4.190818,860
66,413,14,9.143217,435
276,163,16,5.162566,951
249,169,15,15.133169,1160
383,447,19,13.193277,893
126,375,18,2.837489,313
283,122,9,17.584401,375
397,149,19,13.400199,1001
72,113,8,3.962883,852
415,82,17,18.358989,1108
346,1,12,4.038178,1155
412,96,13,0.313511,774
43,206,8,8.312346,309
122,50,15,18.872330,454
118,6,7,10.233805,791
154,398,13,3.627966,129
84,435,15,5.851920,874
13,432,7,7.866794,289
42,156,16,0.962868,132
217,418,7,0.069841,1102
140,361,16,1.510588,762
321,158,9,15.725661,644
334,97,7,15.868365,871
0,356,8,17.064244,315
68,398,18,6.932355,852
196,324,8,13.835598,764
360,353,13,10.369716,912
320,39,6,1.644455,1060
159,388,5,7.391796,305
154,216,17,0.780151,811
198,219,5,17.396850,101
401,230,8,10.343674,1081
272,63,15,11.818350,845
197,428,16,7.902828,531
269,63,6,18.704802,120
248,281,8,7.302971,216
262,67,14,2.444182,447
287,288,6,7.403984,729
175,108,19,1.952451,456
246,176,12,10.490657,910
208,36,19,4.917665,1164
33,5,15,15.719329,343
412,275,13,18.892051,564
35,354,14,12.894691,708
152,108,5,11.809523,1166
253,134,15,19.649691,950
177,308,17,2.390688,276
308,158,9,9.216936,586
231,235,20,11.061768,805
16,85,7,20.442667,971
214,117,19,4.764333,425
79,236,20,11.841516,326
368,355,7,15.300204,300
328,448,6,7.087619,358
242,249,15,16.619621,864
422,136,15,3.619533,984
272,326,6,19.184181,328
44,127,7,9.056129,788
113,232,6,10.581005,191
32,192,9,0.192537,701
65,239,8,9.324731,136
345,113,9,7.040745,201
414,30,5,13.129043,1019
360,130,14,14.452294,152
364,379,9,11.116452,861
281,144,10,13.434325,515
226,356,18,0.282544,1193
432,328,11,16.710472,818
416,248,20,12.117600,443
158,352,14,4.137691,663
187,44,6,19.068819,442
416,112,15,7.916512,264
189,238,14,5.713602,1064
93,135,9,3.154639,913
86,266,12,17.709019,1078
343,250,9,13.166222,598
212,277,20,3.562550,106
265,77,11,12.827341,282
114,235,16,17.151076,869
198,254,9,16.076563,243
430,443,6,17.290127,819
267,340,9,13.125908,391
238,372,5,7.037643,896
29,142,16,8.695460,1066
101,324,5,3.738821,698
45,440,20,1.687570,951
394,437,15,16.240595,1150
342,331,12,5.954429,625
178,197,17,6.887108,1007
433,80,6,2.945653,1044
281,215,5,15.298948,1019
31,40,9,20.135330,682
100,360,16,2.518468,677
45,92,15,15.643329,974
329,428,18,13.199507,1173
396,345,7,1.036136,630
312,441,8,17.900125,190
366,175,19,2.808848,1053
313,216,14,18.397541,235
41,133,16,13.462930,1099
87,301,11,7.818720,128
96,353,8,9.848466,590
80,217,9,3.901095,414
221,270,5,12.449118,623
22,218,5,2.039816,609
425,62,8,13.683652,609
10,135,18,15.166002,599
76,434,20,18.579048,1019
290,211,14,9.576559,953
136,428,10,3.770407,1109
50,238,15,13.565197,537
309,17,8,19.765538,893
310,200,11,6.418430,815
65,203,18,15.749045,1052
169,79,11,5.824545,1199
371,246,8,4.145750,1061
194,277,12,0.211373,656
251,85,7,18.803535,1101
2,386,18,12.605467,334
203,61,8,4.293717,957
146,228,11,4.089409,824
419,13,10,13.129283,887
40,117,15,10.152211,525
203,148,20,7.805494,395
62,346,15,5.185061,821
261,119,7,5.629587,476
313,217,16,2.552585,573
210,52,13,3.717784,114
64,182,10,9.742721,727
267,283,10,9.660353,220
343,392,15,6.330599,926
189,81,8,8.905841,636
220,61,12,6.135793,609
357,49,7,7.439660,1149
145,22,12,14.203618,870
305,334,12,4.855883,260
41,18,16,14.405421,897
198,337,20,5.158431,887
59,243,6,12.328482,144
253,13,9,20.232573,642
427,153,20,2.191595,276
133,177,19,10.521812,1117
64,98,11,15.966138,234
175,181,20,18.992249,750
374,253,13,4.128168,297
32,112,8,10.928631,1155
346,382,9,19.933383,832
296,52,15,15.182099,775
365,262,12,18.753279,164
399,397,6,10.837121,692
281,375,9,0.589426,626
91,50,14,14.366451,543
365,62,11,1.827050,413
118,236,11,11.062103,824
93,236,7,4.376132,602
385,47,11,10.599222,729
257,23,15,6.875060,768
326,132,19,9.011610,297
45,432,13,15.912534,565
74,404,13,12.918244,596
323,339,14,12.060735,622
122,187,13,0.118993,515
217,66,15,1.590249,769
170,75,6,17.784424,489
217,289,14,12.531208,226
322,364,5,16.863942,1172
56,170,13,10.143204,598
40,307,20,3.452546,1007
28,307,18,14.175642,1189
77,125,5,15.713640,471
217,85,13,2.120950,372
39,40,11,13.604316,1099
248,184,19,9.573681,929
438,325,13,10.392844,266
401,131,17,13.202569,728
387,292,7,11.214679,154
411,423,20,9.843742,907
354,392,6,7.690804,485
279,134,6,5.924396,683
441,15,9,10.750388,630
107,164,7,16.170641,1159
230,97,20,2.332854,589
439,261,12,16.353638,323
253,3,12,2.583598,173
200,243,16,6.821647,395
326,368,20,15.092991,856
216,306,19,10.584144,815
286,92,20,16.999711,1172
433,39,11,13.313490,690
142,291,19,5.535660,520
385,440,7,6.202263,277
297,278,6,19.835176,832
114,314,7,19.868895,396
33,200,11,3.531192,282
64,437,16,15.282255,1186
360,340,19,13.442649,507
22,113,12,14.347309,246
178,268,20,3.439011,695
193,375,8,7.224445,892
26,62,17,15.230235,504
74,409,12,14.303932,302
110,325,5,4.755165,716
403,323,8,10.108558,1060
399,322,5,2.390863,1032
236,90,5,0.693159,1142
321,266,20,0.016252,133
35,387,8,20.070475,1007
397,246,7,4.816055,928
39,401,10,18.906087,564
210,137,17,16.815154,620
127,125,10,7.145025,820
394,430,18,17.020374,745
40,44,6,11.494231,129
323,393,10,1.776178,684
217,318,12,0.474451,175
194,265,6,15.533591,508
422,190,15,8.733959,328
45,301,12,14.254236,337
386,363,7,18.294897,1059
358,204,7,18.168364,199
181,355,12,13.379220,161
14,130,14,18.103257,470
16,121,8,18.288833,565
332,175,10,13.482990,1148
22,422,14,15.359256,1103
332,320,6,16.997375,414
52,445,9,7.875139,563
228,349,12,11.340033,549
440,339,17,6.533083,773
310,35,19,18.820544,800
5,429,5,8.442933,766
166,115,19,14.414088,1057
131,134,9,11.463377,844
236,334,10,11.158669,1127
342,340,7,15.938365,1122
60,317,14,20.377888,306
40,407,16,5.659872,365
255,387,20,10.256730,526
415,339,14,7.350888,530
269,166,13,5.003016,306
164,386,17,17.636437,913
233,62,5,5.527628,392
328,302,6,10.452956,125
151,422,6,14.503093,670
299,62,14,7.709700,344
169,88,15,13.593653,1091
357,236,11,1.310379,278
87,348,14,7.313069,510
66,332,9,4.541291,176
265,377,9,13.202323,433
348,361,13,6.631250,624
140,404,11,3.962019,808
324,363,5,11.035208,1135
209,441,13,4.449518,590
351,187,18,7.883863,660
386,312,10,3.096379,504
243,91,5,17.866086,287
340,109,16,0.870876,115
63,134,12,2.993877,1191
11,135,5,4.932071,1050
306,223,19,0.570046,110
100,422,11,0.836707,591
8,176,15,5.210550,996
54,109,8,6.434350,1129
220,42,15,10.067559,585
251,394,20,9.575026,123
175,186,16,4.027117,925
3,339,5,10.146594,572
257,14,17,3.799023,575
152,357,13,6.201333,1114
432,178,15,4.253363,946
361,5,20,16.257633,978
441,367,19,3.720793,1001
162,398,9,19.923566,171
372,329,13,20.110737,1027
312,353,12,6.906526,818
269,199,10,4.740295,1180
148,409,13,10.240248,326
414,281,7,1.274222,730
166,75,19,2.065463,578
220,85,6,3.953672,1116
431,0,6,7.042364,794
24,322,7,4.935074,727
63,264,14,13.110181,1127
23,8,14,10.561666,794
448,436,12,0.663508,259
73,230,7,0.498074,655
408,339,5,9.730847,846
219,38,18,0.057540,502
193,382,12,8.443104,298
208,296,8,15.189292,1136
203,132,17,0.114744,170
172,88,7,11.594827,493
186,265,13,5.126164,1145
254,261,12,8.328355,994
298,161,8,16.578826,561
6,295,13,8.191210,278
288,221,15,10.106112,378
430,233,13,17.916915,1116
281,77,8,5.283192,517
161,167,7,9.848990,292
250,98,12,5.133481,211
76,378,8,10.862129,747
190,82,18,15.192748,103
201,187,13,19.622276,738
195,66,20,11.151012,653
245,14,8,18.052740,871
69,260,8,13.358783,198
313,120,11,8.498509,800
354,250,20,15.030635,617
304,257,6,8.540010,1146
294,395,6,8.434813,567
119,199,14,4.001489,717
210,403,13,2.801645,945
358,72,19,2.641935,764
225,31,14,0.042818,1062
319,28,19,20.348841,478
43,202,9,18.411456,310
307,130,16,10.698709,1066
353,223,16,16.686675,260
247,34,17,18.746117,1193
292,266,14,20.394510,489
57,281,10,5.510216,1092
179,76,20,1.170557,262
367,441,9,1.684288,940
244,119,16,13.311926,333
13,249,6,7.411268,257
110,330,9,14.929754,471
178,397,19,11.700571,299
52,165,5,18.052919,237
449,324,11,1.503130,379
342,102,15,4.956085,722
292,392,18,6.442771,468
268,24,14,2.471652,939
387,78,17,10.567591,233
72,6,18,2.995937,571
106,226,10,8.159701,952
218,122,9,14.716294,775
277,350,9,17.944623,175
154,45,10,0.047770,196
176,110,19,8.615332,701
335,115,17,6.409042,605
18,362,15,8.572162,171
97,309,20,19.842702,1069
342,382,9,18.694913,572
432,185,18,0.726239,1169
87,167,20,0.924522,416
37,68,16,16.989583,421
58,376,7,1.560262,1109
274,18,17,15.424714,390
260,353,18,0.408543,1116
367,340,9,19.329260,537
228,281,18,10.932228,756
288,209,6,3.543617,1187
265,423,19,0.284706,648
54,209,8,12.665758,768
67,280,6,14.582622,333
377,55,15,1.799229,221
225,400,17,13.109664,969
387,435,17,1.561178,191
384,100,19,12.597467,820
144,211,20,16.807818,898
68,234,6,15.901742,161
157,361,8,13.735375,884
303,192,16,20.496865,463
23,190,11,3.446149,306
216,417,12,4.193938,405
199,430,10,17.523541,238
355,177,15,1.245710,781
310,86,11,18.808641,413
176,305,11,19.441622,597
237,267,18,3.820606,114
338,78,18,8.894105,1198
432,113,17,5.013051,1030
166,103,20,5.416009,624
347,148,19,15.441070,237
362,126,6,11.892275,236
186,357,16,10.664582,1078
3,365,20,1.843518,1077
5,369,11,20.011300,1097
335,361,19,3.324187,227
40,331,17,4.538260,206
378,429,15,17.583345,145
374,215,18,15.916603,664
120,281,5,6.960811,747
427,337,10,0.898299,946
190,140,6,3.907686,379
341,265,10,4.811693,878
273,280,15,4.806157,1098
254,274,15,4.265325,432
33,153,14,19.269522,917
272,302,19,6.993840,1190
106,422,17,19.275643,641
427,237,18,17.491478,401
319,413,10,13.023144,969
441,440,20,0.299687,1149
155,93,8,19.636556,169
318,331,12,16.038758,440
83,8,13,11.614098,418
110,295,6,16.519522,654
296,447,14,19.119199,792
361,165,6,1.901078,1033
108,328,8,10.395324,948
14,147,11,20.033656,195
141,305,10,6.758801,971
309,145,9,17.641750,869
108,248,5,17.439881,452
235,246,19,10.389912,692
354,385,13,10.374470,306
221,109,14,10.568951,1018
86,115,18,3.780771,670
447,14,6,12.833540,846
74,63,10,1.324519,585
164,110,13,14.011337,282
27,243,20,5.550394,991
357,418,10,0.115061,708
120,83,18,19.334856,980
269,246,15,13.320972,1191
56,265,14,3.357674,1105
394,380,8,3.953793,396
361,2,15,14.933077,343
40,70,18,4.267748,1016
409,414,20,4.236567,324
70,281,18,1.778522,803
259,445,15,16.046748,130
345,22,16,3.349385,999
352,309,9,0.307138,152
378,36,13,12.403719,975
264,44,19,15.456741,1152
444,442,14,0.631765,421
147,308,14,8.348171,979
19,339,13,0.650938,891
335,81,18,16.597141,172
421,359,11,13.534335,855
69,285,14,13.556006,729
368,287,18,13.350768,1108
335,445,12,8.360577,723
415,160,7,12.452880,412
19,252,19,8.644328,230
240,252,5,9.142642,827
436,163,9,0.382712,143
255,66,10,9.199649,976
180,49,14,10.559424,729
4,306,14,5.197368,1189
152,265,8,4.858718,962
389,322,20,9.937432,651
250,173,20,4.013986,126
100,126,6,2.612037,911
73,358,9,3.703474,1196
425,367,13,11.768328,1120
253,267,12,11.759509,502
287,112,19,11.046172,198
318,395,15,8.002038,796
367,275,10,9.533691,1120
88,365,10,2.775307,1124
108,415,9,6.409385,702
225,209,17,2.079937,434
166,148,9,13.356586,413
107,122,17,0.315539,116
247,144,7,20.424711,667
33,370,11,10.035921,1100
4,77,19,5.016743,1132
290,381,14,13.266099,1153
172,330,19,2.334167,273
407,441,16,0.006608,915
377,62,9,10.772415,626
435,272,20,11.263361,928
356,296,18,0.321988,401
319,44,9,9.818133,1169
37,442,6,17.205939,538
105,67,14,3.768178,1135
132,4,9,19.013004,267
228,391,15,6.664380,428
99,386,9,2.003238,380
274,209,12,0.352491,490
126,132,9,17.299858,796
51,376,9,19.122636,1141
438,324,6,5.051014,182
49,310,13,14.666780,600
355,261,14,6.264093,908
322,42,9,11.788340,993
436,250,6,19.015780,160
29,243,16,6.165035,1172
76,337,20,20.154707,365
83,364,18,15.062669,643
194,153,12,17.398660,1152
184,5,8,12.069282,641
92,64,12,18.131267,471
111,274,9,4.810886,801
343,13,19,12.075094,1065
235,106,15,5.138418,1031
75,347,17,10.208797,272
39,330,10,16.998932,460
48,408,19,17.199108,624
256,355,11,3.043141,1165
238,136,13,16.777924,182
265,120,12,1.946456,958
253,337,13,5.566928,800
354,205,11,18.239029,410
9,23,6,16.497363,551
61,301,5,5.705612,1091
216,35,20,4.419853,700
15,11,10,20.094388,188
42,367,20,3.147899,591
426,440,5,5.967613,453
306,444,13,14.275211,426
158,183,7,14.781167,450
305,218,14,18.527410,388
300,373,7,18.666284,262
441,334,19,18.678032,728
332,68,5,17.331879,1137
423,55,9,12.497327,822
272,343,16,11.255557,426
280,180,20,18.140086,148
147,448,11,11.105289,975
149,441,20,9.271789,816
93,334,20,1.135038,641
87,159,17,1.141428,158
352,216,13,5.331542,1122
338,214,17,12.709501,108
399,314,16,16.733988,252
315,128,19,12.860232,576
297,161,18,0.904863,227
381,215,16,4.863021,925
175,66,19,7.075170,468
267,312,8,6.730308,924
388,94,8,10.972116,716
433,280,20,20.144396,851
230,362,9,2.699920,707
422,92,18,18.663537,319
166,358,20,13.942796,196
251,392,8,19.218882,863
49,181,20,5.225271,383
409,430,15,19.531235,916
316,96,13,16.359189,438
336,268,6,12.434849,236
400,413,7,5.287864,1162
271,383,6,17.048845,904
244,315,8,13.313701,707
234,12,16,2.360699,602
387,308,18,19.851354,1179
101,239,16,2.132123,118
161,156,18,12.005399,695
168,275,14,5.125838,910
139,49,15,16.015307,229
272,89,13,2.290561,1189
448,205,19,10.930026,119
25,210,10,4.219965,715
164,379,19,16.787110,351
231,111,12,13.738534,917
53,41,18,18.916349,110
76,288,13,7.497673,589
149,187,5,13.678500,249
114,163,12,16.315316,924
449,10,14,8.431183,624
144,248,20,10.893006,381
197,103,11,2.512696,478
222,135,7,11.141529,811
139,51,13,7.266465,374
350,15,11,15.507927,464
12,179,17,3.933113,425
227,332,9,15.963908,676
248,36,8,10.636128,422
154,209,12,18.278305,190
377,10,15,4.108793,567
278,365,19,17.586482,725
204,51,19,1.141809,1136
211,208,8,16.097389,207
39,305,8,10.585640,1084
343,197,19,18.124905,1191
353,111,6,15.478366,259
106,416,6,6.445136,1089
321,16,10,6.564469,946
392,172,17,6.451463,295
379,58,10,13.669005,1123
236,67,9,9.368726,973
198,211,18,1.463790,202
380,44,5,15.676224,466
362,16,17,19.495413,1019
103,58,12,15.210033,686
222,22,16,14.568098,865
342,133,13,16.993598,1184
129,389,17,3.868693,814
224,436,16,6.408461,1154
400,235,6,12.014792,938
362,24,16,9.427119,600
422,304,17,15.033533,618
329,254,12,14.901183,231
284,286,9,9.063206,589
180,102,17,16.982934,786
185,181,15,1.349027,152
156,425,15,7.469921,679
305,268,18,10.373136,398
160,140,5,12.114179,149
39,143,5,15.010262,924
24,117,18,2.069936,931
365,117,7,16.842999,809
262,97,17,15.869049,245
406,286,20,2.524759,484
357,83,10,20.328653,923
56,30,17,5.376269,279
208,243,10,13.681003,213
193,150,17,19.610676,1053
69,354,7,12.848459,288
91,316,10,4.601834,1192
220,122,10,6.214905,745
8,401,17,5.403170,1095
84,328,11,18.152411,137
424,378,14,10.023038,329
292,375,13,10.694554,1199
408,312,15,16.504068,811
308,131,15,16.278535,773
296,89,6,17.306399,830
114,405,15,11.886077,418
102,334,9,14.889676,337
350,219,14,11.131163,258
118,230,18,18.566323,318
39,202,11,17.869587,811
338,166,13,13.045272,575
152,345,5,12.697200,794
85,153,14,12.505111,409
127,318,7,8.953251,991
227,62,16,1.721264,627
201,165,12,7.141844,650
350,397,20,0.547112,453
419,279,14,6.174876,726
309,243,6,4.024279,412
338,153,14,16.129491,712
271,36,20,4.353103,1163
345,386,8,10.543365,1029
311,79,9,19.680734,546
442,387,9,15.108241,725
429,149,5,5.836628,711
2,440,19,3.605788,858
420,140,19,17.792683,740
105,222,12,7.061091,1186
255,239,5,19.707378,120
444,412,5,15.980480,905
54,163,10,4.183328,244
280,384,7,10.294112,403
367,448,18,10.474578,294
170,445,14,3.573733,974
295,15,15,2.185103,731
105,268,19,8.401624,725
303,178,19,18.068777,977
23,18,13,3.971589,652
272,212,13,19.383523,314
179,2,8,6.534169,675
137,57,18,12.783580,817
28,2,12,11.080226,675
317,287,13,14.370592,733
346,438,6,15.449995,486
181,362,9,17.549956,350
278,43,12,1.246213,1199
280,307,9,9.227281,1171
12,403,17,4.458792,138
121,165,9,4.401986,572
232,319,20,11.112630,120
146,5,11,14.542084,679
116,334,18,4.082838,417
371,272,8,15.038016,1008
239,434,15,6.290286,895
429,351,18,14.872655,933
379,448,18,20.487261,816
38,66,10,8.999764,777
244,413,12,6.446474,889
305,265,14,6.001328,139
149,214,5,0.318796,373
32,108,8,19.583907,878
11,169,9,12.183099,682
309,110,20,3.622599,680
267,165,20,18.063567,537
66,334,8,9.848834,503
234,325,6,6.189289,744
248,290,14,14.806152,674
162,102,17,15.779624,451
251,82,11,5.066953,859
198,18,8,16.951397,790
43,317,14,4.520140,465
296,336,14,6.966938,1019
394,292,11,5.321322,1091
314,112,6,3.108735,920
35,133,5,6.610895,448
251,412,15,2.155340,565
173,113,16,17.229620,328
380,206,10,16.751606,780
159,372,17,13.356044,668
297,73,6,19.748127,535
232,261,16,19.400823,329
231,56,17,9.346831,219
43,164,8,19.478526,393
439,90,11,4.706947,312
162,259,9,3.984421,287
197,218,14,19.313739,864
166,253,20,10.048313,304
320,37,20,16.178595,745
282,253,13,4.232530,211
183,147,16,8.142422,905
425,68,10,3.766167,198
103,345,16,19.438341,271
202,57,14,1.431847,382
223,397,11,8.144372,449
297,14,5,8.539184,1086
8,134,9,20.184614,191
301,286,18,8.621697,999
180,413,14,16.607883,964
176,338,20,18.364426,1127
378,85,18,9.508883,1190
109,320,9,8.938479,1092
259,257,9,9.748406,987
36,261,19,12.571866,297
120,29,11,19.963024,650
400,201,18,2.937147,1079
253,214,17,17.669790,282
96,299,11,12.422024,435
81,289,20,18.630624,1112
58,185,13,1.006394,1085
101,434,17,6.815700,1150
402,314,14,3.778081,297
371,332,5,16.747393,113
144,191,12,16.209205,545
255,447,12,15.120588,712
199,224,11,17.273517,761
335,52,13,15.275032,444
343,62,9,0.594990,779
240,119,17,19.269237,419
194,349,10,10.101976,206
114,52,11,16.356691,967
32,341,14,13.409637,322
36,232,17,3.020125,454
350,213,16,16.063611,1005
367,309,19,8.451331,1030
104,332,6,10.548877,245
335,428,7,1.267036,890
142,33,6,14.512456,237
362,135,6,5.249772,466
87,366,15,11.218911,255
308,443,5,20.065669,250
37,239,5,3.649138,779
46,85,14,12.535945,486
2,89,18,7.032840,1118
180,370,9,15.800871,1007
354,359,11,17.213079,1149
341,334,19,2.773017,288
161,296,7,11.123574,773
299,171,9,8.833550,521
335,50,18,10.902035,635
439,99,18,10.835747,216
297,183,19,5.974648,804
324,55,15,19.652308,154
238,434,6,3.923696,129
265,25,11,0.845475,362
285,396,7,7.027260,162
192,302,10,16.480913,346
21,329,12,11.806649,1171
376,383,13,16.918784,540
37,15,9,19.437427,808
447,385,5,9.139236,896
200,354,6,7.030105,462
120,245,17,15.545424,349
372,273,6,8.897100,825
292,69,7,6.307273,200
8,320,19,14.923881,117
55,140,13,6.750733,997
268,77,19,14.266874,128
314,436,20,7.095266,219
119,115,19,9.227338,205
255,5,6,8.405838,1160
142,156,16,4.588262,550
216,339,18,9.597387,1107
76,167,18,13.630843,378
416,237,10,5.495181,150
379,71,7,13.506191,477
253,291,17,9.770818,897
336,183,18,18.721030,162
433,7,18,1.502699,1195
442,320,16,5.938048,676
47,319,5,15.245832,986
405,163,8,11.683645,701
324,67,15,2.378393,798
417,117,14,19.685821,592
93,298,9,15.692190,519
293,387,19,15.121047,272
308,185,15,14.291924,595
311,370,17,16.039266,325
34,162,11,0.235031,927
434,369,11,14.332204,397
232,329,8,17.926073,314
358,203,19,17.948335,969
213,142,14,20.330941,484
90,422,14,5.110515,680
288,121,19,11.140836,841
29,348,19,6.807773,879
340,122,17,9.127133,837
386,34,6,4.660364,318
216,119,14,16.612689,1011
437,435,13,1.739196,804
145,138,7,6.832045,1193
432,78,7,19.339802,1170
215,114,16,10.112776,771
418,25,14,8.077023,110
146,231,8,14.436348,1013
182,233,8,11.179977,1029
283,11,8,4.442876,571
207,64,5,4.573449,402
181,320,8,8.060734,747
67,57,14,10.441171,494
106,360,6,15.480932,1039
222,196,13,15.255468,996
27,83,5,9.116566,426
269,165,15,2.490644,730
271,264,8,4.547607,574
235,30,18,14.678084,879
409,109,9,17.745311,803
107,232,8,17.618836,707
431,397,7,3.099046,1143
40,208,12,1.137798,935
300,53,7,11.307727,1198
63,154,18,4.497772,209
442,205,17,2.675764,192
200,290,18,11.517644,927
281,68,15,2.708149,317
321,116,10,15.166521,332
372,155,19,17.605366,376
258,382,20,17.821683,375
56,405,7,2.501453,1052
67,136,6,4.593009,654
164,210,5,15.158450,353
431,280,10,9.023510,747
175,3,8,9.558260,1007
107,20,8,19.785292,960
39,356,9,3.253328,145
243,241,9,4.677002,1025
345,127,9,15.356883,767
394,358,8,5.936912,939
370,338,6,9.232121,170
8,190,14,5.174610,795
140,340,19,2.087056,850
172,362,6,1.183856,281
99,14,10,3.432044,869
449,146,12,8.921198,566
336,179,12,13.801705,769
291,413,8,7.950807,762
202,25,7,0.652916,986
361,24,11,2.838041,894
245,19,19,14.644861,475
337,3,8,3.691259,227
5,417,5,3.029850,265
236,429,16,19.511979,356
309,171,12,4.318128,774
367,134,16,8.120205,616
233,384,15,12.970180,584
194,219,9,6.277490,442
311,99,5,15.163891,271
221,403,18,20.476552,811
128,173,12,0.891749,935
76,436,20,5.927110,152
316,343,5,1.360506,580
329,251,20,5.033362,772
57,109,20,8.890851,290
229,135,19,2.543824,158
185,334,7,15.997751,111
233,8,7,6.462295,674
420,43,8,18.976986,877
119,392,9,1.922075,1164
367,151,8,1.972414,600
301,331,20,19.489795,597
302,346,15,4.617476,584
81,231,11,15.407208,631
115,315,7,12.747462,1059
147,7,6,6.409659,319
340,93,20,10.465408,811
11,48,6,13.111168,148
229,217,15,5.373914,418
317,447,13,0.226761,269
74,166,18,15.858190,1155
188,263,9,6.264673,334
341,355,15,9.616164,823
357,40,17,4.453771,1000
434,20,11,5.748778,1122
385,81,18,1.802946,994
313,411,12,19.319838,815
414,250,9,0.209289,113
77,83,13,3.087421,852
7,92,9,9.526757,833
99,298,8,6.892190,622
45,307,11,5.774137,417
411,98,19,20.176670,651
188,63,18,18.058324,278
364,187,12,16.752899,543
160,199,15,0.130543,278
196,226,5,11.715520,473
144,149,14,12.205419,1031
355,137,9,5.529102,791
76,362,19,7.211716,955
77,310,16,2.216415,239
275,94,9,3.521215,277
402,133,5,20.196338,1120
150,122,6,8.910857,961
43,406,5,10.942901,524
83,383,11,15.992966,504
352,441,18,5.914495,143
417,94,5,12.928698,1189
251,149,13,11.621896,111
420,315,16,4.793063,225
378,178,14,0.914795,834
158,415,18,11.444317,269
44,266,7,11.316251,178
211,173,20,5.154639,778
100,309,12,13.118942,1131
259,189,9,0.130852,276
75,219,17,3.885744,882
312,299,7,20.360324,428
97,18,7,8.343684,454
349,358,14,0.540713,1043
243,323,10,2.666877,115
446,235,17,7.348745,814
392,2,19,10.499917,457
246,55,20,11.244748,264
63,151,10,3.839870,668
331,248,18,11.069147,520
192,63,7,5.035976,210
336,267,12,14.416755,913
245,314,12,10.453476,547
70,50,9,4.973919,953
123,91,5,5.737254,1158
411,206,19,18.068886,540
357,61,13,19.017659,454
336,284,5,19.338272,342
229,6,15,11.020446,877
247,160,6,3.001574,1056
395,243,20,11.992887,1058
3,340,12,15.093688,909
197,137,5,8.295239,568
111,5,13,3.659351,461
117,368,14,9.900155,818
343,312,20,8.730666,969
187,100,17,2.683360,335
202,287,17,4.913738,366
445,62,15,11.103644,348
106,134,14,5.595732,878
112,155,15,4.072015,1018
96,24,13,7.182696,546
417,314,15,7.468739,851
380,232,17,18.379853,1134
188,107,7,8.883301,1022
325,298,17,2.611770,125
157,73,14,8.906644,300
403,65,15,13.861746,1160
60,147,9,4.788927,248
392,238,6,2.758622,235
261,181,12,3.180546,665
435,165,14,12.306325,151
20,58,12,18.419128,348
105,289,5,7.658697,865
405,281,18,8.921593,302
335,93,15,10.627793,1139
221,85,5,17.651253,707
290,409,17,15.153593,844
414,361,5,11.806525,834
387,29,19,9.207651,1115
292,289,13,19.458751,388
439,392,18,17.198448,914
229,447,15,17.451158,280
42,133,17,14.073260,854
319,208,7,4.335773,220
409,342,18,17.496790,430
66,56,12,5.709157,1193
282,406,5,12.422146,517
163,184,16,16.076013,1182
326,352,10,15.508414,148
440,179,7,7.471438,339
423,113,12,13.880781,236
270,391,7,20.348853,385
138,99,14,18.792423,462
284,134,14,2.084307,840
14,37,20,18.301730,827
171,356,20,14.947231,667
251,254,9,9.381041,222
250,129,12,7.850028,194
91,38,18,5.394383,536
196,130,6,13.339100,243
327,229,14,5.792321,784
91,265,20,7.048111,518
368,142,15,10.684990,126
129,268,20,9.387928,1150
444,20,15,5.410172,539
262,7,17,18.644724,1067
196,357,19,17.144144,890
111,64,13,12.895641,872
387,125,19,3.366445,787
128,216,14,10.374605,1085
442,76,20,14.584375,311
236,272,12,5.987444,124
297,117,10,13.198565,453
90,268,17,17.215174,1043
119,163,17,2.367291,396
371,117,5,7.351848,1041
296,283,19,5.823347,278
115,146,5,5.038590,1178
419,271,20,13.412684,335
430,434,13,20.465147,1028
275,35,17,4.429024,1097
436,370,6,4.387370,1158
29,264,16,2.795996,734
281,59,7,12.373783,840
9,325,10,13.230901,1103
272,166,6,3.014362,1195
413,30,11,4.701883,609
118,89,16,11.183462,760
1,304,18,15.524812,608
275,285,15,18.498296,923
268,386,11,0.830818,676
282,353,6,12.357380,236
431,435,5,2.381062,169
95,154,15,5.006775,128
407,109,14,9.645236,302
393,33,16,1.440624,831
198,129,18,15.361013,748
268,29,13,17.841966,1149
300,254,17,13.818929,356
253,197,20,3.528109,341
366,329,19,6.891229,894
139,203,11,18.588762,315
129,12,19,2.800611,437
243,364,16,10.764119,108
30,345,18,16.897452,355
331,102,20,9.492989,827
430,296,11,7.486347,561
445,328,12,16.667412,114
58,145,19,8.704144,442
278,194,7,14.510600,602
195,205,7,5.115453,730
377,412,11,11.947193,1059
349,355,9,9.763998,1108
393,28,8,0.400199,471
191,18,14,14.811977,664
283,441,7,8.280730,524
251,0,16,4.974841,734
338,240,12,0.132786,563
394,137,5,14.070391,266
122,366,17,16.988701,1058
78,137,9,10.296131,422
331,233,17,13.029625,670
6,111,16,14.254468,561
116,240,7,16.487962,680
61,80,9,9.780198,697
302,169,19,9.328343,879
349,378,13,9.368092,1068
123,422,19,18.877594,435
208,221,19,13.742226,990
281,145,8,8.140267,1035
283,44,17,6.243886,200
357,79,16,10.640146,831
319,354,20,17.129598,911
11,148,11,17.416903,408
122,158,9,15.196332,502
244,288,18,12.285316,670
151,415,17,3.930261,560
418,177,12,16.230244,775
360,83,7,7.932437,866
30,315,6,10.666766,1052
350,160,6,18.459507,546
41,264,6,10.299927,1179
263,325,14,18.308738,737
151,357,14,2.219600,983
334,17,8,11.232323,223
193,57,9,8.456463,493
60,348,17,5.088726,397
421,156,12,1.492700,424
314,257,13,16.377939,520
291,184,7,10.331806,955
111,435,11,16.970453,764
159,163,13,3.610691,196
224,15,17,5.148548,494
375,127,18,15.897868,699
24,120,17,17.231268,1053
131,409,20,18.994634,309
328,345,19,0.612425,528
346,161,9,18.221954,801
415,400,19,20.389486,646
410,223,13,17.364701,956
340,310,18,19.438605,1124
179,11,7,6.009733,542
408,403,7,3.087548,274
395,1,8,3.296913,306
229,171,16,11.792796,1024
148,387,14,15.018733,1019
257,109,19,2.994229,846
36,156,15,15.935769,355
214,211,11,18.266293,775
243,165,20,4.590276,335
404,428,8,3.974129,967
209,61,19,20.439861,428
13,183,18,10.789622,899
331,70,20,13.596210,943
132,379,5,5.983371,304
184,117,12,15.091934,644
157,109,8,14.577797,890
296,83,17,16.140547,300
102,264,17,12.944660,771
29,67,15,14.829135,405
56,393,6,7.178993,820
106,428,17,3.870359,1188
412,414,15,5.219987,196
237,213,7,18.535423,389
271,394,14,15.700101,1128
232,425,13,0.384948,367
206,55,8,6.632493,504
35,432,10,0.979485,460
205,312,11,13.649161,825
17,88,19,14.868117,1142
104,125,20,20.077296,145
135,396,9,7.750740,554
207,205,14,2.614640,652
284,56,19,1.228885,983
144,340,7,4.787118,581
435,158,18,18.520084,592
15,10,9,20.345054,998
140,243,14,14.324911,1146
295,388,19,4.700599,999
252,54,15,20.230882,548
366,430,14,14.623876,737
225,194,6,5.522971,938
17,67,11,17.280038,1100
380,187,14,0.514438,556
422,70,10,6.706841,703
235,50,16,16.978032,178
166,336,9,5.080128,743
50,401,20,9.525268,1012
15,88,12,18.244835,652
259,349,18,11.507565,1054
381,273,13,13.630557,1002
235,426,9,16.599068,518
283,380,8,4.840192,842
420,261,19,1.752718,1082
328,449,15,7.855553,966
419,409,14,16.980138,502
201,11,19,20.017712,1145
362,7,9,19.346406,709
36,392,12,2.674119,862
303,438,11,18.960974,800
219,172,20,16.586005,458
31,263,16,10.990904,1051
131,23,12,10.295519,565
85,378,18,18.979154,335
160,22,13,16.876419,314
351,0,9,8.729739,382
165,318,10,10.565592,495
329,426,16,4.638995,185
167,23,16,11.972199,423
90,192,13,7.432244,280
205,286,10,15.139967,869
332,79,14,4.113916,599
163,336,20,16.102698,712
158,107,9,8.734076,1016
64,397,6,6.479616,1015
273,319,13,4.174054,850
71,197,12,10.037986,464
408,414,12,9.064902,344
193,108,18,2.454622,305
347,238,11,6.656003,414
444,348,15,17.420498,308
58,231,14,13.731996,709
416,209,12,18.679215,216
345,309,12,10.646119,976
227,41,16,18.941982,894
15,391,19,13.462820,1132
126,40,13,1.280532,1032
209,89,17,2.635883,164
174,137,13,9.359787,919
315,140,12,17.277883,147
57,367,19,1.351652,984
342,286,7,15.399792,959
163,170,15,19.959045,151
205,395,5,7.812889,227
333,31,18,5.317168,670
396,70,19,0.805102,105
34,432,13,7.902207,321
100,125,20,1.538877,502
422,62,12,3.780918,1192
168,42,10,5.319844,884
246,50,18,13.973354,393
120,72,18,11.085353,707
79,337,10,9.060507,491
220,102,11,9.674708,991
331,254,18,5.199938,761
429,28,17,3.833070,459
410,248,11,0.489494,291
59,268,6,14.264701,148
76,197,7,14.522219,493
308,305,16,12.755645,927
351,207,13,14.485118,580
317,299,17,4.677809,473
384,445,17,8.223225,726
403,146,16,8.976768,819
140,217,16,9.827627,442
132,264,8,13.248125,1131
12,66,18,2.782253,704
154,128,17,15.904178,674
354,366,15,11.579322,665
373,174,19,12.964188,1065
154,82,12,7.382920,1038
39,277,15,19.651781,909
243,86,15,1.149588,441
415,243,10,18.250714,238
449,265,16,10.148437,409
162,271,12,15.101043,868
372,392,19,18.003701,233
134,443,13,12.174615,268
348,392,6,2.994192,241
429,407,8,5.100017,1051
413,62,13,20.473518,447
336,378,6,18.757322,355
266,436,11,10.114859,281
336,18,15,10.054143,785
28,111,17,3.675375,714
284,372,12,10.904487,875
158,133,9,17.447961,563
175,40,16,6.553298,1157
98,291,19,1.902924,1016
296,357,20,11.966537,879
328,140,15,17.631441,1030
303,146,17,15.183311,935
197,296,18,15.995736,687
360,147,16,9.774210,201
121,160,14,18.481611,434
426,341,18,13.259304,663
242,315,11,1.640932,1012
370,214,17,3.829192,746
3,304,16,7.316786,1033
229,109,7,4.576953,886
432,211,17,16.446206,794
380,262,10,9.811524,840
411,17,5,15.632983,527
79,250,17,0.878358,985
203,30,9,15.470740,245
70,238,19,10.634605,747
69,288,16,9.915524,1135
89,6,9,17.785178,807
94,286,18,4.221971,928
227,259,17,19.394021,784
101,231,14,5.523943,933
205,360,14,5.420735,928
358,373,19,2.386968,1061
363,53,17,9.664492,418
296,37,19,6.689348,1012
8,353,7,0.093093,1112
38,67,19,13.691194,1079
217,9,7,5.754585,322
65,34,19,13.292690,253
105,374,6,17.968476,666
319,431,5,7.714330,580
263,234,15,2.941592,1116
234,103,11,13.112009,237
322,13,17,10.812368,931
277,57,14,5.576806,924
447,15,16,9.939895,1120
39,393,13,18.810561,734
393,288,13,8.244362,306
342,414,15,5.485457,909
80,83,14,3.083600,227
388,383,5,13.413100,128
110,43,6,7.481035,297
348,414,11,5.819992,942
427,398,5,12.771321,607
347,346,8,12.815323,495
247,94,20,9.993168,178
169,239,8,3.523264,317
50,37,10,3.071408,180
195,120,5,0.522102,646
104,0,12,16.812064,785
223,395,16,0.150257,1107
113,123,10,17.515613,950
221,56,16,19.153215,184
100,336,20,4.364504,512
335,34,15,19.987981,998
195,410,16,17.271780,858
380,75,12,4.031794,1019
231,277,12,19.784882,294
77,283,18,4.290023,615
302,269,7,15.493597,1154
221,5,14,9.546793,475
341,71,17,2.233398,168
140,275,19,15.446075,986
151,71,10,18.125149,222
198,33,17,0.806793,1188
293,61,14,5.666623,529
258,278,19,5.446301,372
385,173,8,3.840465,1038
348,384,16,7.073120,1042
401,91,19,10.578972,589
397,131,20,7.650997,912
211,1,15,1.291453,877
3,299,6,8.357761,1118
447,192,10,10.478240,570
190,137,19,6.584794,877
250,43,9,4.548461,362
181,335,8,11.772134,112
229,131,19,2.635452,784
413,319,15,6.586471,988
294,4,7,3.162775,600
228,11,11,11.371569,564
379,331,9,14.506691,822
59,203,6,4.906583,294
371,361,14,11.122678,148
302,218,12,10.699631,827
199,197,9,16.006708,388
111,236,14,4.667989,1067
318,280,13,19.476460,607
399,429,14,4.659322,1140
252,42,16,9.179378,826
353,417,15,6.494487,188
179,193,20,2.446449,1099
69,202,15,16.110319,963
351,286,16,7.191752,813
76,355,17,12.905775,596
27,426,15,19.422733,413
139,422,19,4.676817,1156
138,217,10,14.020816,1117
4,78,14,16.839568,262
260,333,12,7.858722,1044
78,310,10,12.212968,847
36,305,15,7.480673,594
134,248,18,6.365923,1133
431,400,5,3.520855,706
422,274,11,3.088377,372
371,55,6,15.214539,948
171,110,8,7.080945,755
113,414,20,1.676746,242
414,221,9,13.876490,572
19,425,5,13.425483,440
74,138,13,1.065404,760
283,294,10,7.382140,662
305,178,17,10.990398,590
126,164,13,7.758122,286
402,93,16,2.819916,964
394,236,5,5.775470,715
381,365,20,3.717380,660
155,349,5,14.268889,937
421,400,19,9.848844,335
363,9,16,4.469716,644
120,239,7,3.373433,599
427,448,19,10.265479,223
83,214,6,9.323531,392
227,375,17,0.116860,755
342,282,16,18.861583,502
322,82,6,11.915011,432
403,416,17,14.730894,176
425,11,20,13.820158,716
186,181,7,19.902176,404
430,152,15,5.585050,799
444,187,17,0.486134,475
138,437,5,16.165412,657
412,406,5,4.036876,159
292,103,5,19.586625,166
416,427,16,5.300624,319
82,286,11,4.763954,955
378,69,6,19.774119,536
255,145,18,19.371287,541
82,230,9,8.440541,380
98,163,12,10.433021,706
300,115,13,19.080770,182
183,174,20,14.150458,258
432,119,10,19.306603,591
125,320,9,8.643822,666
201,123,11,5.547482,856
436,86,15,15.694409,1169
295,258,12,17.682372,879
283,160,13,0.135555,1142
311,57,6,6.437226,230
416,148,14,16.195738,1050
370,366,19,12.197921,939
134,308,8,16.032933,234
170,289,20,8.416220,666
191,123,15,4.738250,785
58,364,12,12.774061,616
229,279,17,4.108649,830
116,133,7,19.916692,235
192,174,15,5.809299,370
285,13,12,14.406193,183
294,68,12,13.401880,291
248,34,13,3.562724,314
332,301,17,18.915066,546
5,11,19,16.020025,354
73,380,8,12.679737,190
291,279,8,2.305608,824
345,230,9,12.420052,181
146,16,16,6.317496,401
305,260,13,3.931814,438
136,427,14,15.352013,573
256,200,7,5.216662,925
41,290,15,4.586028,1192
78,83,19,11.036949,1036
287,38,12,9.189885,472
13,65,15,11.657821,806
332,194,10,12.012929,412
103,264,8,4.651840,916
238,141,12,18.369374,444
93,186,9,15.540311,1070
146,326,8,16.014155,1049
421,42,20,8.021103,613
346,8,15,1.180733,1182
216,406,13,11.578436,343
49,92,9,8.695376,264
362,274,14,5.722937,1178
166,393,17,7.284568,538
361,170,20,13.428750,236
48,421,6,2.603262,469
114,396,7,17.739197,914
308,327,20,7.769997,995
81,304,8,1.024640,164
185,435,6,12.294970,512
170,145,7,3.069756,966
204,35,6,11.350162,1144
240,445,14,13.932704,991
180,433,7,5.226392,135
155,116,20,7.166696,325
417,433,19,13.255473,505
23,241,16,7.221461,1152
432,264,19,5.837916,950
205,17,5,8.009561,1079
66,218,11,13.623820,212
359,33,10,0.393360,699
111,367,16,3.325824,340
375,243,12,14.584726,1070
97,438,20,13.452517,1178
390,117,18,14.100551,732
200,128,5,15.250320,498
59,353,9,19.348132,992
244,38,5,16.411951,677
212,77,17,0.394056,730
222,116,7,2.000161,301
288,412,8,13.881453,130
149,258,20,19.050730,1129
6,116,10,15.319086,982
108,41,18,1.743463,727
133,302,9,10.557065,1185
257,167,15,14.826264,313
235,52,8,1.769891,294
214,140,9,14.169775,1122
413,78,16,18.571141,1101
290,271,10,6.105262,671
28,424,8,16.713303,284
170,15,6,18.083513,861
293,250,11,8.664885,1147
189,109,17,15.462085,929
187,180,5,4.405399,757
218,433,17,13.640946,1004
221,77,9,10.760874,515
46,117,14,16.724538,233
185,22,16,10.935697,834
30,270,15,9.629783,574
280,435,18,17.345643,489
179,123,20,16.014942,1081
159,329,17,17.412395,254
347,227,15,11.479298,911
201,115,9,5.214704,201
96,119,11,1.597737,979
134,7,7,2.638970,844
89,348,15,11.366042,653
281,404,15,8.636163,950
222,355,17,4.286394,627
153,307,8,9.967622,493
60,163,13,5.240525,858
97,107,11,18.889228,295
297,176,17,19.481303,227
139,108,11,15.062604,897
415,208,7,1.322182,869
435,191,12,16.457447,1069
198,55,12,20.344171,1188
46,28,15,17.321023,728
199,169,6,1.757193,354
393,302,7,8.459759,251
416,21,20,12.791345,826
299,413,9,4.735715,405
298,52,20,13.700815,639
447,318,15,2.683747,154
47,222,12,0.110140,200
19,109,11,17.121291,792
408,73,16,8.115447,125
426,226,7,6.229510,236
222,175,10,17.224342,1034
339,350,8,11.700709,958
126,182,7,7.244890,793
390,86,15,18.113224,1017
405,57,7,10.164705,928
367,78,12,4.101051,1180
41,266,16,16.862426,476
146,361,14,16.261902,1009
288,334,16,0.611679,653
90,203,10,18.051638,1057
13,84,12,17.338345,939
345,350,11,15.614071,873
90,85,5,11.953884,574
368,354,11,14.868167,190
75,120,16,14.435971,528
20,260,14,10.380957,189
195,285,8,4.370177,813
130,197,7,1.357952,926
406,164,9,8.441964,648
424,287,13,1.359886,164
0,93,9,7.476738,386
447,3,9,6.676170,463
234,367,11,14.896536,328
353,306,8,0.669924,1177
88,407,13,0.931484,828
336,339,11,13.413587,1160
174,434,17,9.812679,247
299,147,14,1.059578,176
416,337,16,7.262752,703
94,57,7,9.803451,187
355,150,20,5.756919,154
353,228,8,17.391184,625
103,312,18,8.045229,873
77,46,14,3.406961,1182
196,292,20,10.125261,724
49,275,9,1.010635,218
330,423,10,8.266463,1150
387,381,8,10.168015,1032
362,310,6,3.861516,864
10,122,9,14.020919,569
58,206,6,20.321425,1058
39,192,11,13.731048,945
270,291,13,19.288601,720
73,89,14,7.995630,372
277,258,6,2.114644,626
4,63,13,1.372410,179
90,381,16,6.706485,489
121,233,10,8.589755,490
277,186,18,14.488333,1134
402,149,15,3.966911,1195
112,374,5,17.520560,371
3,158,17,0.587759,992
87,238,18,10.694967,911
444,426,7,11.692644,1156
10,274,9,4.475022,998
248,189,9,2.907024,490
223,74,19,0.265567,629
365,376,15,20.265341,1068
256,192,17,19.656999,1002
15,134,10,10.945529,690
272,378,16,13.573676,359
106,372,5,16.663630,383
233,47,12,1.433460,362
155,72,7,18.438489,259
2,328,9,18.507717,649
418,91,8,8.780255,1035
210,234,11,7.200871,1121
95,165,14,14.014998,382
77,273,19,3.060809,808
13,125,15,4.014143,1199
356,116,18,19.566644,352
209,107,5,20.012748,852
84,373,12,3.072333,508
271,76,16,1.300426,1114
262,400,9,15.371667,1029
330,93,7,8.150726,334
88,217,16,12.133089,320
224,375,19,9.255775,544
93,379,14,0.224574,433
77,259,11,12.480803,802
185,209,6,5.654001,562
29,66,11,2.699031,1174
302,414,6,19.725505,907
27,138,15,14.023570,689
335,105,9,2.415602,763
269,16,18,10.223348,997
302,322,12,17.571389,307
412,417,20,19.492649,694
361,202,19,2.373612,893
204,269,10,0.319960,850
170,326,12,0.006788,798
266,211,8,20.067476,1022
54,106,14,0.167842,711
2,210,6,17.443480,650
328,35,8,3.666118,872
238,429,7,16.935613,187
367,29,20,17.634006,254
200,82,17,11.207895,599
110,30,16,14.806395,622
231,417,18,4.732082,621
263,259,14,0.481616,958
56,90,10,4.885857,473
250,36,5,0.457439,360
349,24,10,0.366483,211
328,389,16,13.903064,262
225,57,10,10.390165,473
310,89,5,3.694550,717
335,436,10,4.337771,747
272,135,14,3.984796,725
84,173,18,9.332083,1170
278,370,19,13.237412,1137
100,15,10,2.567777,799
142,164,19,8.642736,429
107,11,9,17.390171,1176
48,234,8,14.451047,129
403,68,12,17.857621,553
62,340,11,15.550008,604
105,415,15,13.050579,403
158,280,11,17.340045,731
340,127,5,8.579202,184
35,366,17,8.854313,993
109,197,16,18.255999,155
48,272,20,10.568669,1182
449,425,7,5.943800,615
190,52,13,14.009032,103
344,237,9,4.190085,1131
133,220,18,13.826953,724
73,141,16,4.621122,433
410,252,16,10.421041,1036
110,258,6,6.750969,1069
237,385,17,15.666638,843
92,67,14,17.642498,882
213,211,12,12.562044,203
315,318,9,4.162204,883
336,71,16,4.323516,1088
412,74,5,3.102870,715
276,298,13,13.106318,1113
324,337,9,7.442497,339
308,359,20,17.710912,1005
299,283,6,12.698246,518
269,388,5,19.148497,649
441,224,5,2.346898,445
94,29,17,3.097357,293
178,355,19,18.598236,1199
213,151,14,9.383490,875
402,361,13,3.251367,796
147,343,16,19.762693,1195
220,362,19,5.223565,505
298,356,18,12.702851,540
379,252,5,6.529747,394
79,319,7,3.000580,697
311,123,18,13.459749,219
155,186,18,10.773656,780
231,28,19,14.210185,188
280,273,7,10.884235,106
204,210,18,15.303609,1102
340,245,6,9.753975,1129
85,4,11,10.482431,613
340,80,16,9.193837,839
284,367,11,15.106707,1175
94,229,13,17.272900,1081
97,78,6,14.240769,482
195,357,17,0.793504,900
139,113,12,7.616856,707
47,35,7,1.707664,428
376,404,16,20.090974,1036
145,84,5,15.239896,258
23,421,14,18.978938,1111
306,347,16,12.403197,294
170,374,5,16.251690,589
71,406,13,1.151517,300
179,286,5,18.848136,407
441,211,11,14.411802,612
106,198,17,7.093958,613
312,307,16,6.719376,1169
147,81,15,3.038309,926
361,252,12,3.853746,374
417,106,8,20.146244,169
165,169,20,0.768350,488
405,332,16,9.337361,377
119,411,14,14.676372,1133
161,126,15,17.837484,314
319,298,7,7.836039,1092
121,347,11,10.960998,240
162,252,14,1.100257,486
86,345,5,10.205322,975
155,283,9,10.624786,404
334,125,16,5.059424,719
265,140,9,6.356187,391
279,26,20,0.981004,1104
180,17,7,7.723474,311
415,430,8,15.910319,611
316,184,17,6.194275,610
236,387,9,4.431970,1134
271,201,15,5.962505,460
101,407,18,4.405774,767
86,400,12,5.296596,800
150,14,18,4.010557,223
247,396,18,2.041534,336
286,292,8,17.045704,535
74,98,14,8.006793,907
206,309,14,1.380941,196
325,29,13,0.231997,1061
151,337,15,11.218605,258
254,278,15,15.193509,768
37,254,15,16.756496,835
367,415,20,9.168954,607
277,88,5,7.250551,218
99,405,19,3.331856,855
332,148,10,3.727037,1053
329,297,10,3.760263,719
197,19,7,7.336664,378
269,33,12,11.166783,306
120,94,14,5.944926,1153
125,203,6,2.559194,1147
107,203,6,6.729173,1088
217,100,19,11.945645,409
23,173,7,13.923123,455
359,108,17,13.528197,787
14,74,17,14.926908,776
379,17,9,13.617930,857
302,388,17,4.024424,1106
191,15,9,0.103234,629
273,283,12,10.531403,162
50,368,11,17.117122,360
333,160,15,13.658328,214
108,338,10,8.380412,1168
349,4,15,15.892655,560
51,411,15,4.137542,101
201,407,19,6.117304,660
197,49,15,6.166357,904
255,410,6,2.890639,168
129,226,11,3.605996,393
253,49,13,14.900169,1155
59,349,6,13.978938,1151
265,304,13,0.028681,1156
53,92,17,17.422911,1092
412,78,13,15.224812,413
29,414,10,18.529522,376
276,196,14,14.126889,187
29,410,10,6.748121,740
251,11,8,2.428124,103
430,186,8,0.589478,1035
208,269,20,12.858292,239
110,214,16,10.609839,1104
192,248,13,7.454012,1005
366,399,17,9.175210,760
192,181,13,1.849075,513
129,146,19,3.455423,528
262,176,16,13.647709,161
189,198,14,19.991095,756
205,424,10,17.308106,730
384,15,17,8.473093,169
325,135,12,20.082030,798
413,406,8,2.028378,406
72,283,13,6.978228,251
262,442,18,4.615100,510
132,437,15,4.344747,1115
107,383,7,0.917581,599
48,0,11,18.674375,924
218,191,10,15.326020,121
156,448,10,16.260500,379
33,221,8,3.768806,997
132,398,14,10.387015,784
414,358,15,15.149666,281
161,367,19,18.253926,488
38,149,19,19.239658,787
67,177,15,10.250396,576
352,92,17,1.421209,1080
282,324,15,16.266228,215
160,261,17,11.811447,128
185,67,11,10.622944,880
48,237,6,0.212225,986
211,351,10,13.675329,857
214,290,16,4.291359,353
89,99,8,7.460460,409
254,172,13,5.557837,777
141,46,20,16.768475,528
373,265,19,16.543519,325
51,4,15,7.717522,669
201,396,20,14.473999,1126
140,153,20,12.863645,301
236,80,15,17.682216,846
225,122,15,19.943027,289
21,370,12,8.254773,875
339,267,11,0.615266,936
364,140,14,19.202401,822
11,90,13,15.062875,964
178,85,17,19.092312,162
360,105,5,18.465886,1090
116,330,17,10.142300,427
400,334,16,8.975699,481
103,343,16,2.853153,517
41,335,12,15.933486,1148
320,246,19,12.127780,361
79,13,17,20.222986,213
106,401,18,17.103097,418
3,386,18,1.644356,677
187,400,12,3.295410,440
39,19,13,2.647178,1124
414,14,14,18.700437,386
154,382,15,17.828059,1121
323,430,17,18.175168,270
341,310,14,1.794065,131
135,262,8,0.084287,919
147,327,13,14.080950,780
9,349,17,16.259999,971
292,11,14,7.841713,875
251,229,5,4.727419,900
2,358,16,3.969827,372
384,410,8,7.599338,1081
368,205,18,16.102720,421
30,42,19,19.692315,709
11,441,16,8.644141,920
22,46,9,12.107399,346
257,292,5,18.719371,1121
212,323,7,15.934730,639
201,223,12,14.021162,1115
257,127,19,18.873500,769
194,368,9,6.243433,927
2,412,8,1.216753,786
57,56,18,9.724793,487
127,272,7,4.391473,230
32,257,14,16.178074,655
149,20,8,3.602932,856
361,360,15,12.641244,915
435,329,5,10.298033,589
354,198,14,3.193005,208
124,343,18,0.676677,576
400,98,16,4.980622,963
118,273,15,17.890126,1073
6,327,10,11.461358,376
409,280,16,15.679733,234
393,407,6,16.022949,505
36,308,5,12.359033,385
66,395,19,9.251598,331
89,206,17,14.125126,1108
270,163,19,14.876253,349
405,112,6,16.519255,1121
51,202,19,19.683541,491
121,247,10,16.540014,291
445,362,7,8.411031,583
369,14,6,11.495873,970
214,202,9,12.446198,680
245,154,9,8.909933,1119
196,77,20,10.215518,519
114,64,11,15.014984,682
325,101,5,13.421879,1161
328,74,20,13.818403,1033
175,438,16,2.093590,422
182,54,5,10.761999,1008
380,0,13,8.574361,721
309,132,6,19.823382,948
11,364,15,7.858332,326
6,231,15,17.858180,663
242,137,17,7.092793,490
127,199,6,10.222954,913
419,106,12,2.560446,194
106,37,19,6.495734,1062
243,129,14,18.870332,705
86,45,7,4.732144,1184
294,35,12,4.939411,1125
147,407,19,18.849880,1058
271,86,20,10.215199,860
26,392,18,5.560140,343
163,29,8,9.524580,655
151,406,6,16.332596,120
98,395,7,17.811261,722
435,330,9,2.229420,657
141,8,19,20.180956,337
427,53,15,8.605116,1012
310,232,17,16.766442,454
406,171,10,3.439780,1190
208,90,11,2.765506,627
65,144,16,5.547782,112
213,204,16,15.134942,186
143,400,20,7.744520,378
352,250,20,15.818172,645
363,301,15,7.643515,1170
1,155,6,7.773204,678
275,224,17,15.813495,1192
386,22,15,18.463346,647
184,403,11,16.823820,998
25,63,7,1.606884,905
29,389,6,0.290146,1173
44,375,11,4.698874,965
83,144,16,2.810347,212
163,57,12,19.898881,729
88,182,17,5.810566,903
29,398,7,8.616437,1148
362,237,15,8.411134,982
1,440,18,19.473533,1159
37,23,12,18.649658,1008
391,126,17,7.671085,1193
225,201,14,13.174606,419
274,55,13,12.033072,161
130,397,6,2.840512,507
233,421,16,19.622103,565
56,310,8,19.548294,832
57,13,19,14.049008,973
25,239,15,16.139156,110
323,127,15,6.201865,316
51,130,10,11.837939,1047
353,197,16,16.668233,1197
165,296,8,2.200088,190
259,43,13,0.577796,492
77,410,20,8.989246,142
442,55,20,16.460802,243
26,126,6,4.016706,651
65,253,20,0.471924,114
194,127,13,12.689260,745
410,167,12,10.465834,315
152,51,11,13.183232,605
333,59,5,4.886200,832
194,88,14,6.207048,1041
360,445,20,14.734222,337
247,147,10,8.436563,316
200,257,15,9.699943,450
382,175,6,12.437223,621
408,395,20,20.410873,541
442,94,9,18.665862,1118
9,112,15,19.593651,975
176,152,16,17.065035,1168
387,137,14,11.621211,884
296,274,8,3.842889,197
342,2,7,19.990817,752
77,201,12,3.891055,610
223,88,13,20.391697,374
397,52,17,14.835958,1163
47,131,15,15.921753,704
219,149,7,12.507681,826
378,133,15,6.104337,563
6,301,14,7.685357,979
316,204,17,1.187354,459
64,128,7,3.812286,886
20,165,17,0.967297,1143
98,63,5,3.991046,386
55,162,15,12.710184,326
371,162,19,2.523370,174
84,363,8,18.605094,116
305,94,5,3.368460,1141
414,46,20,8.986991,629
349,336,7,10.773247,658
262,174,10,11.924233,366
294,341,5,13.047222,725
261,415,5,11.056927,611
438,37,10,2.516922,1104
248,318,5,13.872267,391
383,296,8,14.132324,883
337,407,8,16.794401,963
346,80,9,15.370559,912
401,436,18,15.985797,485
92,125,8,12.649228,950
359,22,6,6.068350,431
402,156,17,16.266601,713
3,254,6,12.408702,1130
43,103,19,19.415695,752
365,264,9,6.841067,445
52,415,9,19.834492,697
302,306,14,5.537274,794
88,204,13,15.446291,509
437,287,7,4.903168,285
210,325,19,14.604485,402
135,89,5,11.073468,606
11,46,15,13.976974,246
403,172,16,5.381676,697
49,395,13,2.678375,184
247,370,17,0.900586,945
438,377,13,12.075760,1034
406,159,15,6.655442,1055
306,58,20,20.104296,1198
118,240,14,11.466174,1057
33,433,17,9.810811,1020
179,233,12,5.276130,407
46,384,17,15.365212,942
62,155,15,8.458301,795
366,348,16,9.231470,1046
307,20,12,4.669573,372
197,293,9,19.660697,723
250,101,11,6.358456,248
317,106,12,17.925706,804
216,47,20,16.599968,1140
201,36,17,18.079085,276
406,64,15,10.098429,932
33,146,5,11.360969,817
332,118,14,11.477009,186
414,273,9,7.917096,997
32,253,20,6.239794,377
116,308,20,19.296419,686
87,436,13,5.887558,730
133,96,14,12.008070,340
411,240,9,16.843252,230
261,125,16,3.716327,884
112,108,10,0.878674,454
353,136,11,14.928021,577
305,38,8,15.286005,155
195,136,13,19.459260,1016
149,94,15,9.159481,150
269,222,13,16.059292,1101
145,325,7,10.718900,579
389,378,20,14.262848,717
229,76,5,0.701502,691
184,250,19,18.234698,178
86,166,7,7.361759,563
335,6,14,16.980747,101
136,45,14,14.817245,242
90,144,12,2.911259,986
398,59,18,15.653908,571
56,44,6,4.452630,1049
322,432,10,18.214136,789
100,341,7,4.134788,824
256,248,12,19.321721,976
72,412,15,2.723637,885
18,259,12,1.179650,1125
275,427,8,10.949628,1164
158,43,7,12.809538,762
211,365,6,5.952791,393
427,434,19,18.916906,887
182,151,6,12.166140,163
283,196,20,14.421982,264
99,448,6,10.086424,781
31,383,19,1.667676,545
400,41,20,19.280890,556
294,106,14,19.229115,844
299,105,9,2.697316,260
412,82,14,8.984035,1063
199,226,6,12.272243,961
42,35,10,15.979218,335
230,168,13,19.903814,685
34,44,6,5.893594,1126
372,36,17,14.893312,857
160,189,16,18.916346,545
19,161,13,12.999630,283
3,175,18,7.666102,843
119,271,18,17.393137,1093
138,16,7,15.698422,333
127,163,7,13.754844,934
273,400,14,18.002279,573
129,15,16,4.081847,922
247,173,5,15.311342,1066
111,26,17,8.300177,715
190,315,12,5.357994,650
338,272,14,15.788750,423
243,199,7,10.533710,1125
204,435,13,19.624280,578
214,361,6,4.229766,768
183,130,9,18.184317,710
326,214,17,6.595983,859
249,304,18,7.154037,206
27,193,19,5.404663,743
127,74,11,9.322449,221
436,1,7,0.861444,569
85,196,19,13.647234,892
71,445,16,20.474272,1064
146,355,12,4.381337,602
294,42,15,3.545124,386
272,25,7,6.674410,529
71,383,8,5.464710,743
434,26,11,0.386047,894
234,162,13,17.648110,696
301,267,7,9.698663,696
33,184,17,9.264564,288
85,324,6,7.341849,1161
390,307,19,10.620715,222
93,399,10,14.459383,417
262,222,12,12.164018,442
145,346,10,18.412399,1154
371,350,9,13.974077,138
202,328,5,1.745523,529
155,401,7,0.946860,209
151,15,11,9.716163,371
381,239,19,14.314115,911
132,352,8,5.474790,652
90,89,7,12.626462,524
153,194,9,11.584180,643
102,133,6,2.884591,534
426,146,19,18.324568,899
141,219,11,9.504445,163
85,249,13,1.611371,746
203,403,14,15.382245,736
145,414,15,19.028630,218
245,271,5,15.424626,461
141,294,11,10.836554,554
96,149,15,2.739374,172
7,265,18,11.438572,839
256,86,16,0.571870,849
283,93,7,5.338648,683
349,208,13,15.114424,351
95,239,7,16.792507,434
287,116,10,17.593021,754
15,153,19,1.972764,472
435,9,9,8.680906,1193
426,39,16,11.307831,989
397,16,20,9.960188,1181
375,98,20,14.009676,402
303,258,9,18.976151,940
130,45,20,1.277055,997
51,270,17,16.543990,511
133,62,20,16.611683,217
237,263,10,7.243847,524
100,286,6,2.644869,1196
256,108,7,10.843240,435
230,436,16,18.655032,636
371,365,9,0.122386,694
11,55,13,19.600893,586
72,146,18,8.621133,966
157,345,18,1.248233,432
400,185,9,4.951726,151
327,68,16,11.823625,264
207,96,9,17.905504,801
161,255,20,18.058172,603
304,75,6,2.369262,1024
117,286,7,9.360777,1132
279,128,11,12.969487,933
206,172,15,5.603171,208
339,207,20,13.805002,1174
18,364,13,6.634278,874
207,342,12,0.669927,286
169,97,8,12.729947,838
448,345,15,8.023554,1100
257,4,12,17.109446,794
225,172,12,13.008093,106
100,163,15,14.262913,613
233,57,15,5.227322,1196
187,299,9,7.551821,295
307,193,15,16.096469,208
372,167,8,0.977827,757
147,293,19,18.004936,685
289,314,11,14.329131,757
106,136,15,2.180292,103
155,396,18,14.824324,753
112,135,7,5.290849,649
281,425,12,18.364576,449
363,340,16,1.849557,201
322,394,16,5.375306,466
267,77,11,10.626032,308
365,266,18,8.311448,1125
275,411,10,9.381151,868
94,410,5,3.890931,591
183,212,9,17.892517,291
261,25,9,8.044837,1158
223,435,11,13.056765,291
321,402,12,5.374431,1064
357,38,13,2.382076,1186
24,257,7,4.697973,669
378,112,10,17.599050,1056
38,238,12,0.039971,719
235,199,9,2.433205,1009
61,290,13,5.617719,724
49,443,5,11.958678,434
414,331,10,11.599774,158
245,211,6,8.968763,436
427,126,8,13.550196,479
127,102,7,9.504597,1158
284,166,15,3.080975,864
11,395,20,1.498480,707
131,379,9,15.994898,364
55,84,10,6.511312,568
108,22,20,20.198599,785
280,96,13,20.029563,1143
388,51,17,5.098849,732
147,431,19,10.486187,859
76,211,8,10.671720,748
171,319,15,11.606833,648
290,185,19,16.810706,574
388,246,15,8.884623,714
161,338,10,7.985817,653
306,137,5,16.121572,782
372,196,11,2.912663,274
394,255,15,18.882502,613
417,256,19,2.435904,961
317,219,14,10.251150,541
285,79,18,19.359718,727
160,432,15,4.675026,426
388,5,11,1.669883,141
79,325,20,13.839194,634
148,286,13,5.915741,1168
197,42,14,12.691441,390
28,142,17,5.221402,937
247,437,13,7.940965,302
386,187,19,2.622104,421
402,404,13,14.806272,1175
61,203,7,8.177096,194
449,54,17,17.292982,398
429,126,11,5.167686,1085
406,261,5,9.199967,431
69,317,20,2.700160,1098
142,34,12,6.105967,520
278,132,16,4.278333,361
190,320,18,18.856694,274
47,233,20,15.606868,117
365,385,19,0.579140,724
267,162,19,16.909512,788
447,34,20,10.964129,1005
241,167,20,15.696295,628
441,128,14,2.549629,226
12,150,15,13.455941,1058
80,433,15,1.191243,800
238,117,11,4.530306,862
59,411,17,0.192259,234
21,99,8,0.965580,511
306,320,18,2.366234,940
387,210,17,9.400405,1013
222,23,13,18.616926,982
337,71,19,10.421221,725
315,293,12,13.404146,562
445,192,11,14.941599,892
420,75,7,18.566360,273
96,128,19,0.782778,637
92,107,14,2.480860,1007
328,15,9,5.631579,224
1,79,7,4.836203,458
372,334,10,16.094895,397
83,331,7,5.872901,1135
352,4,7,1.249208,872
440,214,10,13.216360,978
383,54,12,1.212025,253
105,150,11,18.550966,229
25,284,9,8.779416,678
364,388,8,11.458838,994
7,425,19,8.717937,961
299,416,16,14.061537,206
401,4,20,3.094645,858
117,364,13,17.225398,921
35,290,12,9.445177,864
236,388,19,7.052879,1151
336,314,10,13.939928,1162
302,192,11,20.273852,160
404,408,11,3.441012,757
256,319,12,14.756278,361
139,389,11,5.255722,845
13,449,10,4.724503,176
308,385,20,19.078783,428
114,275,7,10.033030,553
438,335,16,4.332700,1025
127,71,6,16.883711,1040
250,213,15,12.939366,403
64,216,9,0.385185,388
103,247,10,11.969611,762
130,53,16,16.742807,201
167,216,19,3.105854,379
63,216,7,0.466619,314
57,114,17,20.403083,358
60,417,12,16.436913,391
150,183,11,12.249997,659
64,323,8,14.800170,181
299,346,17,11.863871,446
228,294,6,11.261517,497
104,365,11,0.639528,173
134,250,18,18.622002,1169
395,51,6,8.282994,715
180,411,13,20.482823,160
207,273,11,9.887378,545
67,73,11,17.528126,955
91,118,16,11.998217,521
198,163,8,4.982068,223
171,395,11,14.196835,958
384,92,9,5.458023,1171
427,146,20,3.485156,668
346,224,13,9.034037,933
186,288,8,9.858896,457
248,20,5,18.163727,280
218,278,12,0.605187,1011
124,75,17,18.802744,387
449,339,8,13.255517,458
435,357,16,3.056893,279
194,130,11,2.912104,896
299,113,8,12.139719,967
364,193,9,20.168966,940
409,121,17,3.744267,149
159,9,12,16.901674,512
448,197,13,0.418087,558
376,375,16,8.620659,501
342,37,7,2.824326,1047
178,422,17,1.250321,823
346,248,16,3.455896,1044
156,251,12,8.383596,933
87,298,6,1.724469,1129
299,74,15,10.174131,176
24,220,5,18.074913,165
124,243,6,13.278110,638
380,359,17,10.525599,902
239,246,14,0.610147,445
24,321,6,6.466184,387
183,235,5,5.396299,421
8,194,15,9.964507,993
432,147,12,8.013620,585
3,136,13,5.302630,1033
360,282,18,17.776217,664
84,182,13,7.098636,1087
127,80,7,14.035674,458
445,150,17,17.600456,816
250,215,15,7.018306,325
164,277,11,12.207347,313
234,74,7,9.163196,504
410,25,5,16.080349,289
221,333,12,2.805870,128
85,239,20,13.216616,768
327,448,11,0.462096,300
162,94,17,13.581366,791
101,365,6,19.745879,587
233,128,10,10.375835,652
387,305,19,4.189428,1041
132,194,15,17.337850,142
153,407,12,17.117137,1120
322,319,12,3.737957,492
329,360,20,1.985761,856
302,163,8,7.037602,278
176,205,8,13.182116,316
352,334,19,3.075965,960
89,367,20,1.169815,890
246,84,12,10.395612,328
425,151,20,16.855810,470
204,256,12,11.718276,1177
228,401,15,10.358691,995
137,147,9,20.439522,665
23,394,8,8.973711,950
374,161,13,3.955853,395
293,83,17,12.115563,791
9,34,19,15.997811,666
66,154,10,6.013230,1055
415,282,15,5.552927,369
119,307,19,18.906817,694
349,161,5,13.298520,168
244,166,13,16.940263,830
180,258,13,13.772402,888
37,246,5,2.591111,1192
286,422,18,17.958960,458
183,219,16,20.048799,189
410,148,14,10.739902,553
196,159,12,13.228941,672
54,144,8,14.073328,999
275,141,5,14.983592,1031
432,19,8,7.639150,961
222,239,12,0.115113,425
350,325,19,19.248559,921
147,376,20,17.591036,122
193,89,10,2.678468,390
224,126,13,4.359933,105
440,187,18,16.624732,974
326,172,15,2.170435,449
362,268,19,5.474254,843
118,314,14,0.963298,391
138,78,7,4.555490,116
114,360,13,3.695415,472
133,298,17,0.327226,495
230,449,14,2.204726,312
437,91,19,2.135180,1031
412,292,14,8.231835,407
445,295,20,6.018246,663
112,330,18,12.851309,205
358,7,10,14.374846,400
309,62,17,12.292001,659
287,72,16,20.213700,250
242,386,14,2.977250,790
242,220,16,12.351871,1033
144,192,6,7.348305,150
1,274,18,13.095710,1138
250,230,10,12.402973,608
171,294,18,12.445002,897
397,239,10,0.079400,939
304,287,18,12.638807,841
131,408,11,16.584961,318
395,194,16,16.163096,151
317,417,7,0.767469,319
179,155,12,8.790673,1156
158,258,13,8.899248,1001
245,61,18,3.550587,249
278,33,5,1.955798,922
300,172,12,18.332769,918
278,329,10,2.394401,337
273,14,9,12.777436,139
143,148,5,15.438222,192
307,356,15,17.356362,284
384,47,20,20.101758,1151
93,220,20,2.401982,650
15,78,13,19.299665,1000
182,232,6,6.471222,577
361,104,14,10.687149,424
324,234,5,1.962555,1189
242,245,19,12.774640,599
251,364,18,15.587748,770
72,38,20,10.274042,925
292,283,15,14.046585,1195
197,106,13,11.648395,455
216,99,5,7.257221,618
216,346,18,17.774173,1044
437,355,9,19.138848,557
370,357,14,4.827967,636
373,434,16,9.634543,823
14,400,13,15.094157,805
236,59,19,11.230944,811
325,417,6,14.156658,285
304,321,14,0.076729,256
334,134,8,7.752102,706
50,78,18,12.678294,923
410,255,15,17.479320,723
257,293,20,3.901322,789
43,305,19,8.563128,880
385,193,12,19.345067,1171
87,192,8,5.573029,1122
384,229,13,12.549335,400
264,68,16,7.426813,696
26,433,7,4.868491,419
61,47,13,10.010173,1067
200,187,11,10.551301,105
162,347,8,8.273111,300
369,270,8,8.387869,464
358,109,16,3.157002,293
78,131,17,9.947776,418
285,299,7,15.186270,493
317,408,17,9.055522,712
226,80,16,2.913279,730
432,424,14,18.667484,776
342,204,13,15.266038,516
200,272,16,3.938296,104
218,241,13,15.247825,316
436,394,12,13.244877,660
292,352,16,3.339498,428
241,394,5,7.445536,670
354,381,10,14.391439,905
322,448,20,0.511357,462
349,416,17,19.942475,270
256,325,14,16.348691,1072
419,433,5,13.651857,506
120,402,15,15.252779,468
5,158,7,9.798958,427
375,217,6,15.653628,1164
333,312,20,18.590237,918
43,232,7,11.270210,585
167,224,8,9.497724,933
356,108,10,14.896360,920
270,299,13,13.246946,920
437,132,15,8.146821,808
87,408,19,1.510089,1019
376,207,9,13.410210,290
267,335,16,8.421574,527
252,298,13,9.316813,971
266,176,11,14.285695,255
188,367,6,6.864224,415
294,403,11,18.637598,449
53,202,20,1.178541,568
314,328,7,12.176906,232
77,74,15,6.134467,940
345,110,5,0.328886,258
174,79,20,12.200040,243
300,74,9,1.026367,461
416,77,6,20.212948,570
11,197,10,13.254582,1157
252,211,11,4.371862,1044
404,369,18,6.788378,986
419,186,5,15.213915,951
77,39,9,12.273756,1055
259,312,18,5.310985,614
297,75,7,8.781779,776
433,36,8,1.027743,911
216,158,9,11.723346,593
410,82,14,16.708231,1076
291,423,15,20.483993,408
402,144,7,0.259263,136
235,10,18,1.368017,636
125,334,19,18.675172,1197
14,253,14,14.945031,994
330,218,20,16.045444,302
436,262,5,3.960934,187
109,51,16,5.238880,225
56,233,12,0.537131,261
22,358,13,5.934708,637
129,243,19,20.092793,1112
198,235,7,9.641383,1023
184,62,16,9.577431,638
319,164,11,2.711470,193
124,334,15,4.143759,1175
12,137,17,18.636663,710
26,379,17,17.483729,144
447,12,14,3.658881,335
173,365,11,10.366987,335
351,185,19,13.541608,290
65,26,10,12.978308,252
68,229,9,12.263243,1041
360,234,20,9.450917,924
407,309,10,11.405769,442
383,445,5,6.151146,919
15,60,19,19.850565,1159
188,257,11,0.933673,1171
294,444,5,18.057334,115
359,170,9,15.086409,601
176,380,14,8.376987,959
297,247,20,16.697191,503
182,272,17,17.229944,718
387,271,9,19.211449,994
41,34,14,12.450922,161
358,271,18,9.349047,725
408,215,16,15.256483,732
429,262,14,12.889683,786
415,5,7,16.486263,1039
245,179,11,2.831325,467
64,74,17,16.168785,288
31,347,19,7.389597,775
248,327,17,16.438900,245
169,203,16,16.243661,675
131,105,9,17.815990,330
397,175,12,12.012214,388
284,267,15,18.473303,385
318,2,8,15.202347,595
109,287,12,3.074746,801
67,228,13,8.771014,770
189,229,17,18.487714,651
183,13,17,6.918874,236
443,59,11,10.577465,1084
410,275,12,14.890472,101
174,243,8,4.597125,570
124,115,14,0.295013,880
104,342,12,16.105413,620
211,241,14,14.210406,146
220,222,9,15.528917,172
178,386,13,19.392436,182
436,430,12,5.687882,585
429,413,13,6.888596,1198
416,8,17,18.877471,631
136,55,5,2.539138,252
362,389,13,18.049299,202
312,401,5,0.802039,1113
408,137,13,6.014110,777
401,391,8,19.437366,988
134,273,16,15.894875,1087
230,190,15,7.859910,151
301,366,12,19.977001,968
22,118,8,2.893695,419
410,421,16,11.029254,397
77,364,5,0.155647,1033
264,294,7,14.246734,392
252,108,14,17.614760,943
332,272,8,11.720546,951
338,110,15,6.255450,117
61,279,6,0.076310,132
226,330,11,12.218617,400
213,169,5,16.253402,1021
444,146,5,15.780343,841
315,178,7,19.958872,407
264,330,17,5.424939,499
382,197,9,20.112496,845
241,62,12,8.913907,841
303,373,19,9.223030,848
407,416,13,14.696818,658
46,44,11,17.621529,1144
439,294,5,6.986312,792
154,161,5,10.815882,1016
277,427,17,2.499299,819
376,379,17,19.848631,170
250,112,16,12.993196,998
367,413,8,17.557230,974
274,158,17,9.584142,579
58,437,12,0.945081,658
422,50,9,18.607040,692
397,353,11,14.992549,559
291,292,6,14.971077,331
218,254,16,18.228630,1019
68,228,13,5.917788,235
137,256,16,18.770153,487
74,327,16,13.727070,824
265,447,17,6.491229,529
414,291,15,17.689173,1181
174,60,18,20.428903,568
420,372,13,15.331895,366
290,99,8,11.192759,950
93,301,13,5.002462,1133
69,243,12,9.436970,754
419,52,15,15.020909,956
410,119,19,10.603487,1138
108,355,17,18.447401,372
383,38,15,9.458566,919
443,13,10,13.126742,267
134,387,16,4.220355,313
348,319,19,15.201302,449
70,201,12,13.798764,1145
418,182,10,15.289988,543
443,215,12,16.020093,855
287,326,18,5.172975,912
87,285,17,17.647924,1183
423,246,13,20.310514,1000
173,257,15,9.497325,609
377,207,6,3.615092,445
412,195,11,4.589003,772
271,123,10,4.703333,253
273,113,15,2.118680,438
422,441,15,1.208257,165
413,211,11,11.909377,103
307,192,17,15.915349,733
313,105,6,10.889142,1143
129,402,18,3.928602,801
207,94,19,17.704068,579
425,278,7,5.145572,957
420,247,11,12.519530,497
171,46,16,4.054525,1103
36,364,19,10.507400,1015
183,350,12,7.372613,568
273,355,6,6.086904,380
100,29,9,10.924678,1145
386,38,9,3.658882,807
37,438,16,10.680893,501
10,159,16,7.276578,279
297,249,12,9.284382,964
204,246,15,16.487209,603
341,36,5,2.370315,622
127,448,18,8.818721,188
290,353,6,19.681814,394
65,397,6,11.599733,740
53,55,14,11.882731,418
198,331,20,13.503807,518
55,200,14,1.789591,190
350,384,20,3.570306,974
392,223,18,14.055728,736
380,49,17,10.508543,940
102,194,9,11.499655,1187
40,7,8,0.551832,1122
320,104,19,16.972365,558
73,65,10,9.289545,208
304,338,15,14.278851,992
159,27,10,19.355925,493
128,10,7,0.011305,163
168,21,9,6.418811,919
306,153,13,19.043646,522
399,206,17,13.386935,192
115,379,7,5.788135,1169
172,266,10,2.578613,830
219,318,18,4.503155,1001
86,31,18,2.280167,726
397,21,14,13.331797,1039
276,70,17,9.130493,203
437,316,6,1.132848,135
35,430,9,13.344201,143
138,212,9,16.527539,1026
17,115,14,14.939316,769
57,272,20,4.295089,543
295,8,10,14.787562,931
28,200,12,18.509639,611
87,261,20,2.232815,406
57,115,19,13.947916,452
309,327,9,0.953168,634
447,291,15,17.739424,583
11,443,5,0.823603,985
24,285,9,17.317144,944
153,437,5,16.991301,166
307,58,9,8.513691,826
80,248,10,1.820478,1104
58,222,7,9.140951,689
200,444,7,2.699303,755
123,145,5,0.678357,980
9,33,14,7.187198,1085
167,409,9,11.511939,467
134,265,14,3.828104,1067
47,327,13,1.186018,459
94,331,14,20.416002,184
431,246,14,6.638611,991
363,144,14,20.370214,460
317,8,8,17.832765,1135
367,353,13,7.760882,457
382,354,9,3.602825,886
256,275,13,17.424511,588
325,401,9,13.316893,1063
185,259,5,18.306687,149
123,417,10,7.963656,551
436,210,14,13.488263,215
260,404,6,6.029813,887
422,107,19,9.580377,544
307,121,12,9.440652,1100
151,302,18,2.738543,837
93,96,14,19.255757,699
137,102,8,12.170960,1188
384,86,9,5.468776,348
348,333,14,14.871322,349
443,66,6,2.609793,318
8,359,15,20.310837,660
81,24,6,18.878869,1019
156,51,15,19.424815,486
300,13,20,9.014777,173
271,135,12,3.804122,100
418,75,17,6.613599,790
374,251,7,10.096635,422
263,220,13,4.111441,180
37,167,7,1.733712,231
225,277,20,17.281564,241
183,215,5,4.370340,783
270,5,10,0.683776,334
371,54,5,12.162942,734
279,56,6,18.636512,385
154,25,7,17.863287,720
349,78,14,5.450398,1032
320,318,12,19.033634,264
261,273,15,1.437559,1048
376,338,12,9.820003,555
273,160,13,8.022205,461
289,10,8,11.432462,881
226,194,5,16.104723,1039
270,187,19,12.242315,1145
347,421,19,8.452695,364
410,408,11,7.307963,728
433,248,13,16.942842,1199
365,126,10,14.097746,124
146,89,17,6.203822,784
182,144,15,15.346136,740
94,152,11,7.761794,1097
164,369,13,18.087509,344
48,359,8,19.029968,978
35,396,17,13.006319,840
133,75,9,18.522412,536
279,49,15,12.120827,227
298,232,15,17.505499,872
325,115,12,13.490528,915
243,175,17,5.576436,597
204,249,13,4.153760,247
96,384,19,3.166603,577
197,174,13,15.283832,1081
133,228,18,0.675362,161
328,294,17,12.685065,1108
443,164,11,3.023795,892
353,203,17,11.271509,346
110,14,15,16.063943,948
138,190,20,19.710667,824
324,268,20,4.534618,642
137,373,9,11.882826,1078
19,99,19,16.832005,833
83,65,20,16.118851,490
101,23,6,12.851154,797
45,253,12,17.149247,998
274,98,5,0.690696,1179
418,10,19,11.402807,484
25,125,19,4.358899,579
335,448,18,14.548592,1109
395,148,11,3.961308,829
273,16,10,16.189247,1167
169,417,6,5.781779,1138
386,138,6,16.413341,600
300,73,17,3.583455,675
190,342,12,18.601918,684
79,25,7,4.822976,865
435,73,11,11.306070,932
203,314,10,11.341058,634
437,142,9,12.589717,581
319,83,5,6.849951,813
94,221,16,7.999188,1185
447,159,14,4.392300,941
311,301,7,15.930489,1013
39,353,13,12.517609,1093
53,237,20,8.172990,412
344,338,19,3.521603,683
130,314,19,18.982266,777
154,327,7,4.793675,245
282,166,5,19.572875,317
30,331,10,18.054817,857
194,46,17,11.780002,1093
129,207,15,11.883394,365
412,121,20,4.504715,889
120,220,7,4.554553,592
289,135,6,6.611053,363
370,345,10,16.035100,967
199,198,8,12.306046,486
434,310,16,13.188208,499
412,337,17,10.944873,1093
8,442,5,17.295583,1140
9,386,8,13.638122,1034
445,73,12,6.542526,777
42,348,15,9.227726,533
140,407,14,0.013473,446
329,33,5,19.598538,532
288,345,13,18.361184,791
175,161,18,8.915105,460
86,96,12,15.226746,1184
113,154,12,14.068155,688
115,119,14,3.246305,1024
249,410,14,10.105111,752
187,196,14,13.233164,641
180,58,14,2.210682,908
38,7,10,18.519879,663
288,79,9,1.369649,602
186,99,8,20.483954,1088
411,373,12,18.402563,569
1,82,17,15.507903,736
212,331,13,3.264013,870
191,304,18,6.652588,1028
420,72,15,18.113116,1027
65,310,20,13.142236,1051
39,405,5,17.072367,415
2,190,11,3.435768,634
421,263,7,14.519640,766
307,411,12,9.660927,559
408,270,12,9.420981,957
209,312,19,10.397109,1079
435,209,14,13.376897,783
107,295,19,0.869639,1056
197,58,20,11.172179,964
105,154,5,13.656683,735
389,101,18,0.818806,1119
45,360,8,5.628495,362
37,206,20,15.854610,672
344,101,18,14.664166,1040
187,109,17,14.379292,1013
21,107,11,18.592128,686
101,199,16,14.378358,321
447,46,15,20.456271,1081
59,144,14,9.555589,473
393,411,5,9.300165,1056
209,137,6,13.967800,909
87,412,9,11.082129,1006
423,169,18,15.137040,561
356,123,5,16.741070,549
265,161,17,14.523603,445
276,108,6,7.004602,1200
446,416,12,3.123177,908
269,319,16,7.547134,738
135,153,13,11.408463,699
277,59,20,4.431045,1061
281,142,15,9.957168,708
379,324,13,2.878647,684
44,235,11,11.994694,736
243,339,19,8.740268,602
174,306,5,9.940475,546
229,213,14,8.240314,776
172,147,19,4.478708,717
63,373,11,6.747512,226
390,153,11,7.924066,307
0,262,11,8.019749,167
354,275,17,0.615054,1007
42,153,9,12.340426,737
361,69,5,14.702348,114
286,79,16,20.444546,359
55,94,13,9.205485,632
125,64,11,2.794262,983
315,322,15,18.140288,118
46,142,11,5.861208,211
118,172,20,5.949812,1077
218,17,18,13.780630,481
318,358,6,16.496147,897
311,374,8,13.517664,903
175,222,13,3.722949,185
437,310,14,15.966943,1198
305,267,18,8.348017,204
430,290,18,12.783145,1081
34,307,5,9.045454,638
363,243,16,19.603283,1086
151,289,14,19.000064,896
6,253,5,3.490797,369
50,380,15,18.542531,905
411,144,17,3.532380,894
248,216,18,3.764128,744
349,418,5,15.521487,101
1,292,13,18.682443,852
40,168,6,16.349388,296
321,418,16,14.357818,388
327,72,19,19.230776,443
416,339,13,15.781760,1002
101,113,8,1.519160,445
322,208,9,17.751844,178
77,54,5,6.511393,585
345,66,5,16.498814,626
404,169,14,13.339854,1104
262,92,15,17.283272,1149
296,102,11,14.799747,343
371,8,10,5.201639,730
203,118,5,0.219858,882
211,163,10,2.894865,366
254,234,7,12.180311,1167
439,430,8,17.904543,299
263,317,16,6.981125,796
220,345,19,4.319102,561
400,114,5,3.273494,998
266,437,17,1.757796,416
10,18,16,9.843270,620
199,379,19,6.329105,450
229,295,14,4.421489,707
303,315,15,2.383420,681
286,141,12,11.336926,242
305,193,18,5.728119,360
221,105,13,13.658219,767
58,442,18,6.858336,581
49,189,12,5.688871,340
200,136,12,14.338562,1191
88,275,17,17.040416,1130
65,175,11,12.667115,690
337,103,6,14.172020,250
318,279,16,1.556879,114
244,9,5,7.647128,926
131,384,6,9.732466,992
23,12,20,14.092833,204
382,96,5,18.252890,294
242,134,20,6.307549,801
331,126,11,14.497502,357
83,238,16,6.085411,353
119,412,8,10.231763,459
202,368,5,0.072989,954
276,173,20,10.505569,831
235,409,5,13.466236,716
254,329,19,2.216808,1061
218,377,20,6.488401,829
269,324,17,8.992141,1117
286,182,11,3.207891,525
275,169,5,7.043603,904
82,247,10,5.859990,1002
37,105,20,6.923084,878
241,144,11,5.008713,535
406,336,13,16.093602,302
371,24,14,2.096142,369
310,346,5,13.822285,252
182,281,6,3.258684,450
302,49,8,19.088161,1121
117,378,6,0.779357,814
239,183,12,20.345301,546
53,132,6,0.828554,148
141,174,8,1.062160,719
354,134,8,20.455499,905
56,223,20,14.319257,1009
8,155,14,16.052400,104
63,113,18,19.369011,927
44,233,14,10.369995,756
344,265,16,2.163970,372
109,274,13,19.147099,183
99,175,9,5.458205,309
388,386,16,1.172476,811
98,130,15,17.067177,440
275,339,17,10.991180,1059
355,392,14,9.896121,950
434,384,7,18.384577,454
399,7,17,12.196779,748
379,433,18,16.332178,848
98,314,19,11.171653,704
306,350,9,2.116037,570
25,121,18,15.637693,429
253,326,16,5.614086,1029
65,143,17,14.628718,1179
178,363,20,11.227408,897
391,330,15,13.033793,1177
219,74,16,10.178754,667
350,163,19,15.543239,1154
343,70,17,2.515579,430
190,96,19,4.825018,1006
387,165,20,15.978297,539
92,417,5,5.266718,426
97,234,6,6.538999,1199
433,109,18,2.503043,413
40,279,15,13.858317,1140
228,270,11,5.855296,522
47,167,16,16.768992,316
175,243,10,2.240482,457
70,56,9,8.280534,747
72,215,15,13.240273,624
211,169,17,0.086609,137
285,145,5,10.418778,838
203,213,7,2.971160,685
62,15,20,9.730060,462
234,347,16,5.619949,579
404,418,18,10.918945,1033
238,406,16,10.529699,472
68,246,13,0.478759,173
192,227,10,5.399202,694
100,113,9,15.623787,942
330,404,9,1.936684,116
444,76,15,8.748844,1178
359,13,19,15.276647,382
114,134,8,7.352375,1049
438,31,6,19.207434,672
65,148,19,4.467826,596
396,220,8,13.990514,236
235,373,14,14.862080,1049
291,312,6,5.633470,952
447,223,18,4.883726,881
227,287,9,4.803748,440
226,39,13,14.461712,494
10,264,9,17.886450,256
108,16,14,15.633474,514
434,418,12,5.373177,345
84,227,8,20.333534,927
234,122,14,12.511971,1098
159,268,19,15.809517,578
193,235,12,6.635401,766
116,110,20,4.206811,178
101,373,6,12.439149,1022
355,317,19,3.745569,587
64,260,11,1.839061,708
150,316,20,10.576192,337
257,440,19,11.567740,324
310,128,20,4.425489,703
97,40,19,16.155760,212
274,59,11,13.547667,172
13,6,11,3.849550,612
110,240,7,6.650297,677
9,28,13,4.867569,552
13,282,15,17.067275,1030
234,90,5,18.736363,1093
245,392,13,18.459614,431
402,345,6,8.749877,779
262,355,9,16.111161,561
96,315,16,10.473840,564
240,223,16,14.883015,1200
419,246,10,8.211573,288
128,235,17,10.272650,619
168,219,19,6.528405,523
228,250,11,3.676943,296
371,403,19,6.805900,261
106,271,7,11.062855,976
309,81,10,8.504628,454
254,101,5,7.879391,727
91,416,8,15.627191,160
150,438,11,8.252857,291
241,247,8,18.326473,618
438,415,20,15.872507,756
245,35,16,19.521340,1135
362,181,11,15.243970,884
187,122,17,15.871865,648
356,221,16,0.817895,1120
118,277,15,5.902342,396
250,400,18,8.086015,270
281,189,15,16.188344,337
79,428,10,20.167395,512
356,409,15,10.040940,760
33,86,8,6.496888,461
182,287,11,10.634592,182
45,346,8,14.148160,706
91,167,16,15.469561,447
219,57,13,8.659411,242
174,322,13,17.106757,1031
311,284,5,11.651244,1196
439,42,8,18.701768,819
182,92,18,5.353225,804
373,416,9,8.264505,790
360,88,17,19.162437,489
77,421,9,10.067045,867
192,382,18,12.859624,961
321,186,7,0.780315,984
390,218,14,15.798336,506
383,125,12,11.773038,113
441,28,6,17.305484,187
392,250,5,17.009692,637
62,330,11,12.755748,276
82,246,17,7.960908,1062
354,386,18,18.814309,310
368,258,18,6.714905,608
136,101,8,0.848820,126
434,82,8,2.788648,1138
210,315,15,5.276408,374
129,120,12,5.723688,1193
265,195,20,17.606665,308
41,29,8,3.586391,329
197,421,20,20.035834,691
406,35,20,12.663189,171
436,123,18,12.839154,1199
10,113,5,3.705564,239
73,214,18,11.869638,1032
191,223,13,10.943759,809
203,71,5,1.866013,866
218,394,14,15.855980,961
344,203,14,5.686107,818
45,447,10,11.090754,406
11,199,13,17.826677,269
391,414,7,4.340100,484
342,39,10,20.355621,606
414,241,15,1.792260,1117
415,162,16,8.900982,365
239,236,10,17.593406,762
260,82,5,0.453985,201
398,169,16,8.822778,420
410,208,11,10.277785,864
260,282,17,17.928729,399
52,245,20,19.567273,1160
355,372,15,17.281812,341
396,417,17,8.939957,641
97,290,20,4.232089,921
67,180,19,3.889650,1149
449,366,17,6.431163,207
59,108,20,0.666822,766
445,187,9,1.389519,718
122,109,18,10.548169,1067
30,221,7,15.868184,782
303,99,15,19.182449,124
172,135,16,4.654956,679
304,351,7,17.359293,690
382,148,15,15.771000,167
35,340,10,3.623232,492
64,365,6,9.079640,679
49,248,5,4.965262,610
23,93,15,2.671763,137
39,425,13,16.137565,414
337,357,10,10.635009,264
153,283,19,12.740426,941
188,152,8,20.180403,1171
287,320,6,19.544047,615
374,164,9,4.264202,490
387,295,10,16.105202,1177
143,388,16,3.902524,767
333,0,15,15.413714,996
234,97,20,19.823017,278
160,279,15,11.260319,664
282,412,10,19.295509,433
312,380,7,3.316825,1194
158,297,16,10.321601,1042
98,57,7,13.952422,152
353,322,16,5.674675,108
423,289,12,8.858925,1187
283,149,13,5.275875,922
281,326,14,12.989189,663
242,338,10,7.370395,1004
105,111,7,3.648925,689
29,449,20,2.906740,795
147,250,15,1.998846,1074
401,35,13,18.864169,650
269,177,18,16.925163,996
438,403,12,15.116338,441
419,417,7,5.972540,1132
233,141,13,19.126637,588
178,393,13,1.445424,565
177,240,5,1.710645,493
99,318,17,6.867617,1189
2,327,11,12.948159,790
409,173,11,15.215277,161
191,9,13,11.319583,166
404,376,17,14.561862,1138
24,386,10,16.470792,555
82,265,9,18.976486,173
410,407,5,1.869508,529
246,440,10,18.472909,1133
92,62,6,17.521767,367
419,348,14,15.116030,808
111,350,14,0.594421,1066
197,302,11,9.376735,1158
173,17,10,0.442094,775
241,365,19,17.253510,1102
81,177,16,13.615519,819
276,441,7,3.571836,591
361,33,14,0.082630,996
240,334,10,13.913833,382
221,202,15,1.792950,1180
265,57,13,4.786025,830
318,442,12,18.253717,291
440,287,8,7.177339,104
260,405,18,9.361920,1116
273,307,16,10.757724,910
362,366,20,9.885653,434
174,318,18,0.100470,560
188,89,7,5.650991,1088
72,449,14,3.106369,501
95,326,19,8.421075,457
238,186,15,2.837610,506
373,209,15,9.949871,498
386,366,7,19.144006,1012
401,338,8,6.418955,1004
273,423,7,17.976710,621
34,42,18,0.023645,756
137,355,11,19.629334,721
212,167,8,9.819110,638
214,133,9,15.106816,1061
365,182,19,4.257548,373
340,48,6,4.494507,554
81,401,10,6.495881,760
254,27,17,13.560834,422
95,57,12,12.241728,681
347,251,17,2.614736,904
174,283,17,4.588636,346
126,8,8,17.220313,803
225,195,6,5.770916,733
26,30,17,6.090598,437
303,268,15,18.680984,1055
245,291,17,14.988532,478
167,202,5,11.567268,764
79,48,20,10.319809,813
123,134,5,9.360634,446
74,289,8,11.122643,338
336,170,20,2.055379,634
441,161,12,4.835135,1010
403,432,12,3.169800,503
297,252,14,3.345501,596
224,107,8,1.342627,1006
112,184,17,11.249349,685
57,410,9,18.809816,387
380,310,15,4.429198,430
230,243,9,5.821151,1157
413,326,17,19.981840,807
184,132,10,15.359534,792
190,142,14,17.071251,402
105,194,5,15.731652,111
316,312,19,12.151939,527
429,360,20,4.885910,254
247,334,19,10.543440,741
18,288,17,14.218867,210
330,227,18,5.599627,549
366,330,17,6.889983,860
205,298,11,4.539745,968
260,212,17,6.939117,648
261,275,5,2.059018,856
337,283,5,11.652010,315
76,26,7,18.518005,1063
144,105,8,3.168899,793
48,216,10,6.417266,747
166,329,6,15.908857,962
334,24,7,5.975262,906
159,404,16,12.690239,369
58,284,5,5.282711,797
186,171,11,9.659883,912
47,165,8,7.390434,663
184,112,13,14.695774,635
258,61,7,10.453792,865
406,266,8,16.890951,414
80,158,18,12.800348,1092
304,183,15,8.263320,330
112,129,14,16.864001,448
69,105,6,4.316756,786
1,310,19,11.898592,530
14,293,18,17.824522,391
418,166,19,10.568472,288
427,309,11,4.152538,1044
132,53,12,5.773032,497
17,45,16,5.075458,375
238,297,11,8.791794,407
218,33,7,19.419908,563
25,306,20,1.880189,322
425,203,6,20.142408,1165
34,250,15,13.651140,714
302,379,11,2.639065,926
181,262,15,6.040454,617
10,319,15,6.191408,751
374,315,17,9.223518,646
441,103,12,18.885629,280
148,196,14,18.318723,437
0,273,5,6.163415,318
360,184,15,18.963570,507
250,299,6,12.653450,824
294,154,19,20.059954,493
280,254,13,16.787033,879
225,37,5,4.089598,332
82,325,6,6.811306,1187
86,184,15,11.808454,423
138,93,5,8.778830,622
369,222,19,5.282274,451
190,179,20,3.646475,1084
432,321,6,17.682595,759
220,202,14,14.018724,711
394,211,8,3.367130,897
75,418,8,15.881188,1106
444,389,10,1.319465,673
131,288,5,3.459629,633
439,274,11,9.316327,534
71,3,12,0.831153,985
430,134,16,5.232222,268
271,421,8,8.972772,171
337,147,8,7.173030,740
373,89,11,4.669567,618
443,38,14,5.779211,108
439,369,10,16.477502,547
341,79,9,1.373515,490
82,245,19,14.945999,618
113,255,9,20.215463,491
200,309,8,2.051844,307
441,360,5,10.187385,668
47,449,8,8.141589,186
354,92,16,2.488302,1088
410,307,6,7.853457,914
374,288,10,0.299928,841
192,126,18,5.942425,1004
344,292,14,13.635363,556
401,199,11,18.140690,803
246,153,10,14.902067,336
75,392,15,1.471427,801
393,214,7,19.269784,253
249,353,14,8.935114,1091
251,81,19,4.098273,342
27,5,18,3.639236,716
167,123,12,1.822777,501
47,421,15,5.115900,417
99,447,13,4.432455,846
141,97,17,3.854884,952
19,281,18,17.442392,781
425,23,12,19.447401,1150
384,438,19,19.442308,387
43,122,15,1.918959,999
104,373,6,13.271635,266
379,51,11,18.534941,155
10,110,5,5.200234,671
172,108,8,13.181901,1164
267,145,19,11.679168,1087
387,159,20,12.714333,164
320,220,13,9.321784,613
310,265,13,18.199864,305
443,72,19,5.344153,379
122,324,19,5.739045,318
209,175,5,10.918318,113
274,279,13,20.052048,830
16,100,11,8.799316,142
148,93,19,16.735027,420
347,47,19,12.325243,541
36,190,15,19.501367,520
297,373,11,4.979546,775
289,406,6,5.328144,401
168,198,11,2.871193,874
294,234,9,15.421291,932
290,258,8,16.399854,692
346,269,9,3.042729,356
206,37,17,2.441275,889
398,343,9,5.065385,651
126,394,5,15.319788,431
150,272,14,8.125737,1093
78,312,12,4.680212,543
423,172,11,6.171042,210
208,166,7,13.804752,792
222,434,5,19.463851,432
349,0,16,20.352101,1055
428,37,8,8.444081,496
84,401,9,15.551942,276
338,254,7,14.788702,194
200,73,9,10.143376,486
117,413,11,17.655125,134
258,29,13,14.862644,784
120,347,5,12.380891,699
222,155,20,4.584885,973
230,268,15,17.482798,1128
102,356,6,13.898073,134
25,158,20,11.880674,893
306,403,15,18.723728,715
237,233,6,7.820711,449
289,229,9,13.886928,414
147,369,19,1.364818,761
17,444,18,19.909098,955
44,271,14,13.413068,356
417,216,15,8.456511,178
187,430,15,13.063106,709
258,408,18,7.414697,604
327,416,13,5.446121,571
415,269,11,12.964904,692
396,306,12,15.563479,149
304,436,7,10.230914,1063
195,434,17,14.458490,1200
255,339,8,11.297344,171
45,117,16,19.515456,456
236,85,17,18.626585,420
203,285,6,15.587707,907
367,343,18,8.180820,856
11,23,18,3.978303,738
35,307,18,17.838253,980
416,224,12,16.820562,466
432,309,8,4.919282,559
202,54,20,6.538094,530
262,351,14,1.591583,1031
385,236,14,15.741922,594
219,121,9,19.737984,697
358,268,10,15.981704,164
208,140,11,4.367998,102
356,411,13,5.788117,981
81,153,12,16.956686,1010
308,182,12,0.169044,825
328,381,18,15.574180,397
45,135,14,14.809240,834
57,335,8,19.936256,822
300,35,18,10.823331,302
297,354,5,16.351794,101
182,240,20,6.685414,865
369,147,9,10.730138,339
226,285,15,4.822405,1183
114,372,9,7.150066,1141
295,55,14,6.898094,1041
206,200,15,3.494962,541
74,200,7,8.036147,298
302,200,8,8.037118,387
333,226,14,6.085051,301
69,289,5,8.114842,1047
101,130,11,4.772596,570
92,226,16,12.706483,1003
227,183,7,11.701699,668
88,363,12,10.879126,1136
105,271,7,15.219677,132
106,370,11,19.533159,869
28,123,11,2.780526,954
0,320,17,13.974612,608
337,440,13,14.156624,453
288,364,12,11.163461,411
375,426,18,1.422513,1134
109,415,10,15.475353,180
390,133,16,2.515684,788
268,160,19,4.132125,142
218,347,15,18.638167,249
44,333,13,6.028400,704
424,259,8,5.971046,137
358,407,9,14.774534,709
196,341,19,2.497017,939
150,357,16,0.061208,265
141,10,9,18.953450,491
37,224,5,16.750417,942
242,388,20,5.893005,381
253,379,7,1.557021,428
31,39,20,2.388435,195
6,261,15,15.537245,175
393,79,12,14.517144,316
373,34,11,8.540681,868
299,12,10,4.933919,220
290,156,18,13.115486,119
414,69,6,16.021294,1056
214,169,8,15.953971,189
114,350,6,5.669033,1084
430,146,6,5.551944,563
176,67,17,19.361275,930
297,232,18,9.457791,152
360,23,17,11.802293,1191
291,207,11,3.110749,792
329,179,15,18.066307,341
406,387,20,4.146749,1038
211,444,17,7.643715,855
42,168,18,3.869850,179
255,35,11,18.225720,424
442,297,10,6.928475,380
102,332,7,6.528834,1188
98,92,9,16.625346,1105
233,301,7,4.139334,874
260,338,12,17.353290,301
411,316,7,3.645467,576
336,249,17,18.830528,1153
211,302,10,6.255716,504
3,374,15,1.298142,357
412,320,10,11.975929,773
225,166,13,19.843130,728
255,320,14,11.902740,133
201,77,20,1.192915,194
246,295,6,3.140432,256
73,19,13,13.420048,496
182,62,8,6.396160,865
8,329,7,1.334414,339
139,5,16,14.533274,547
53,444,14,0.984421,388
16,61,8,20.273869,1006
175,206,14,15.279071,1016
323,421,9,14.138210,726
449,326,13,5.207854,1093
445,83,10,1.419572,739
424,6,8,0.686599,814
316,245,14,17.703507,171
228,400,6,19.602043,791
368,353,10,1.204378,664
53,59,16,6.347514,398
234,3,18,17.496226,420
223,3,17,11.774467,200
241,75,8,12.857824,620
92,44,12,0.092838,1031
109,359,5,12.937845,1177
252,381,18,13.696375,367
160,23,19,13.672274,335
23,53,19,7.416595,332
289,23,15,8.806165,457
70,192,12,14.497208,139
127,44,17,4.682674,177
101,433,15,15.937358,227
184,243,10,14.666561,865
76,393,10,11.911664,400
215,179,9,15.540644,151
99,428,8,19.414654,900
422,278,12,16.654408,904
211,249,18,0.747571,660
441,213,15,7.856563,294
207,50,10,3.155584,952
264,85,13,5.262435,115
184,389,11,17.250349,816
102,280,6,5.342388,322
329,338,20,9.482930,509
0,236,7,20.095823,633
288,26,19,5.106796,1144
401,421,11,3.905704,659
391,431,20,13.913543,1076
219,221,5,1.253896,968
270,376,5,1.418865,885
19,51,16,1.421326,328
8,117,8,1.933701,567
49,156,13,9.912176,792
151,381,7,17.129562,561
215,363,16,8.535940,696
163,100,18,19.732874,268
81,213,20,15.814538,498
19,23,18,17.023866,586
162,220,8,9.258004,132
116,416,15,1.766710,623
190,133,9,12.456401,949
27,166,18,0.037069,372
96,309,16,0.851890,1080
367,348,16,14.257054,322
16,90,12,7.475616,1133
281,223,16,6.775770,1044
340,59,9,16.536533,121
0,140,7,2.934925,875
348,118,15,16.596820,544
105,423,18,13.700557,884
96,215,13,8.077764,186
31,56,9,0.267670,572
377,274,12,9.970217,900
86,368,20,3.412041,128
341,372,16,8.566015,114
22,361,17,17.584116,631
138,0,10,7.283178,890
90,56,13,4.098498,802
170,216,5,19.439836,1180
286,51,13,13.465979,931
57,75,7,6.851526,1090
209,281,9,16.904106,997
215,362,16,15.841164,330
184,106,10,17.617594,1000
279,319,20,0.404135,258
374,40,16,1.714057,221
421,386,17,16.803130,789
399,291,11,16.086297,530
377,78,8,8.708370,424
373,97,20,14.548641,767
117,35,11,14.647798,693
23,50,10,11.663224,679
383,243,11,14.095545,260
181,149,20,0.081245,1058
307,16,20,3.043052,506
126,320,20,12.245481,625
298,237,15,6.179796,698
265,445,19,8.770802,611
251,421,16,15.490354,227
360,192,11,1.345913,567
287,447,12,18.241807,440
111,130,13,19.361243,430
79,170,9,4.978654,582
309,333,17,2.294896,316
280,99,19,11.073336,162
431,448,19,0.359096,815
449,307,15,17.150891,785
57,386,7,7.887603,549
398,394,9,5.716997,453
206,153,15,8.965653,1049
407,324,14,13.627556,451
418,63,13,0.040592,578
105,38,15,12.555398,896
185,281,6,5.967350,1176
204,429,11,2.520271,264
429,263,18,18.319822,311
420,22,11,16.296104,534
386,47,6,17.628004,729
304,82,16,4.988473,1029
439,205,13,6.978438,364
166,319,15,8.165706,805
35,50,15,6.375982,833
403,45,15,14.727822,227
253,167,10,7.774566,608
399,346,9,4.462021,952
50,99,20,20.368474,305
207,76,18,0.471987,421
417,435,8,16.613581,1151
133,408,11,6.157982,672
167,165,17,18.397644,1044
81,93,7,15.182362,221
22,89,17,2.040837,998
82,274,14,1.419469,132
355,321,10,7.359530,660
176,323,11,13.426078,924
69,49,6,14.538395,153
39,370,15,16.615759,883
252,277,18,17.582757,584
378,212,20,13.027479,520
255,213,8,12.978285,413
196,248,17,15.207028,687
347,67,7,13.203160,239
246,28,5,11.707762,341
297,27,20,4.136716,1019
286,398,17,9.551978,862
447,100,9,8.766165,1028
21,179,17,13.185248,313
346,132,8,2.621202,850
383,46,18,0.071048,732
59,210,11,3.645070,1068
24,366,13,20.218234,373
263,108,20,11.492082,844
172,259,13,11.777631,414
193,248,19,2.354035,532
161,147,15,7.206199,1055
319,147,11,0.477426,186
353,315,20,12.232843,965
283,408,16,9.831392,274
232,194,19,18.584721,379
261,271,18,16.918504,565
435,404,9,18.953415,684
355,312,6,7.070262,372
323,273,11,6.624800,637
191,443,20,13.737681,1008
284,165,15,18.757251,736
61,343,7,4.761494,1068
124,17,19,7.867240,831
402,213,17,14.537291,227
176,358,11,2.560196,806
199,164,5,13.458576,367
405,99,17,3.797788,363
179,136,20,1.438886,523
184,104,14,0.481866,594
332,449,6,0.915089,996
340,226,6,15.941083,976
200,212,10,4.881171,263
107,289,19,15.344646,540
377,64,14,15.318797,135
93,233,8,3.979626,292
165,298,9,15.758211,933
256,413,6,16.637227,1078
21,362,15,2.105926,317
70,18,12,12.517073,784
123,448,13,0.247439,507
122,117,16,17.008557,1047
49,370,18,10.239215,375
209,398,13,3.022257,260
336,72,18,2.004426,526
89,180,12,12.989492,870
317,127,12,16.807629,579
392,237,10,3.344177,979
226,86,5,2.498316,1047
90,122,18,10.016902,223
211,29,19,10.785563,492
176,90,18,17.226294,960
407,350,12,19.701010,175
227,336,19,9.024844,357
95,366,11,7.705475,412
422,440,7,9.705452,1111
8,285,15,16.387584,488
317,168,7,4.300090,1145
284,401,10,4.308637,725
279,164,6,12.975306,295
153,44,11,8.760825,329
211,118,10,20.404742,1135
174,169,10,2.135278,830
167,362,16,3.077315,160
33,43,15,8.003986,831
55,49,9,18.183142,511
374,122,11,20.034438,222
274,293,13,8.210095,950
326,40,6,16.976388,1112
23,298,16,9.064221,638
5,182,13,13.902312,1154
226,347,17,11.134412,1109
282,114,6,19.686380,1133
275,109,8,5.048450,126
6,222,8,2.118689,564
152,229,8,7.596313,215
407,406,5,8.069813,167
199,308,13,1.778822,374
13,383,20,19.129374,726
9,217,15,15.999453,584
346,98,15,4.491556,559
229,448,9,10.269605,168
149,322,6,17.598320,761
217,398,10,20.248349,632
175,228,20,16.315566,784
314,400,8,18.486711,794
32,180,19,14.048317,663
143,309,11,17.278936,413
397,273,8,6.608307,1133
379,227,17,6.622024,270
236,367,16,14.096123,278
146,199,16,1.196842,828
363,128,15,7.461272,937
396,40,14,10.482677,809
17,90,5,8.644435,686
59,358,5,19.049090,941
150,263,12,10.130862,312
54,6,20,3.349736,506
368,16,14,10.520737,164
225,221,20,12.983343,1179
31,0,9,1.342165,1031
202,151,14,18.376012,176
362,318,12,14.975538,323
315,330,7,11.101806,120
223,185,11,12.450317,964
171,181,18,9.611755,533
395,218,6,4.659874,661
394,320,16,10.706374,468
4,70,19,8.057529,1127
215,263,19,5.228923,1138
138,298,15,2.254619,683
199,160,18,10.487706,823
31,60,19,14.311203,628
288,156,13,16.117880,532
107,19,11,13.202224,713
118,248,6,14.622480,745
306,228,8,0.464328,1042
400,368,8,19.531193,441
45,389,13,1.174663,411
308,145,16,2.760812,501
392,194,7,20.071530,944
40,395,20,17.546829,743
75,286,20,9.154025,751
130,381,5,15.817191,342
385,389,14,3.340664,565
194,200,9,1.329311,775
163,40,6,18.399244,933
19,133,17,13.999051,185
369,267,12,4.308838,590
103,357,19,14.749521,874
226,318,20,12.181411,298
338,148,19,20.008212,1037
436,211,9,1.297636,869
4,81,6,12.115038,859
303,195,5,10.509228,818
31,279,15,16.688642,1065
325,12,14,16.889651,970
181,169,18,3.211562,639
229,329,19,10.369509,579
42,437,17,16.859201,471
228,191,15,1.452038,191
324,86,15,3.784722,375
279,256,19,5.088372,1134
254,418,6,7.619424,1143
372,355,16,17.463566,1083
330,279,18,12.628894,954
257,358,8,4.861545,1007
94,403,14,20.361952,502
317,257,11,2.644330,782
34,413,15,11.496873,345
418,181,11,7.645280,1076
69,133,14,18.743783,861
227,126,12,18.858828,103
251,319,13,0.210154,352
97,306,17,11.829466,1195
415,325,17,3.619001,143
145,70,5,11.968981,987
5,159,5,6.373549,745
153,53,8,8.401813,652
114,148,19,9.240081,929
335,102,19,4.264588,379
170,21,7,0.485510,484
132,104,14,0.155009,237
346,378,19,2.873016,391
212,183,16,14.207085,602
443,412,17,10.783563,1105
74,108,17,13.247672,764
131,5,6,20.061343,865
91,385,19,13.556053,287
127,159,10,9.900467,1031
74,312,11,15.339469,975
216,215,7,12.950296,539
247,278,11,19.011016,1106
447,414,13,9.502118,1189
179,91,9,15.442225,221
71,413,7,5.390705,1166
263,367,16,10.662038,401
331,410,14,0.002667,497
153,106,20,12.349568,915
378,383,15,4.621710,1053
96,191,17,10.761172,202
185,130,14,3.698760,382
430,131,11,0.603055,1076
203,293,19,3.135361,1168
242,73,18,13.447780,565
220,112,6,19.745126,351
327,202,6,19.234429,969
16,33,17,1.127157,487
131,16,17,17.947084,260
424,75,18,3.068388,347
253,271,14,18.716035,462
42,427,19,8.068616,342
403,394,8,11.069856,554
127,319,5,11.577580,378
68,280,9,13.175145,271
38,182,11,4.402017,995
60,185,20,2.834656,939
31,203,8,13.626924,220
171,45,10,5.858196,492
107,177,9,15.341307,887
1,334,6,5.211272,502
432,215,18,13.375980,164
396,398,9,10.040343,566
422,84,19,0.996626,669
107,283,18,12.428736,619
121,10,20,4.869287,1003
139,265,14,5.586070,738
55,403,19,18.481890,902
258,265,6,17.650831,129
223,269,16,16.393993,809
323,310,19,17.404546,1046
134,298,11,18.988872,1153
251,398,6,5.732494,1128
283,223,10,8.629228,836
314,23,18,5.952499,901
99,36,19,10.249073,269
188,238,8,0.205535,863
22,6,15,4.981833,995
256,45,6,13.954515,655
347,106,13,14.092829,1150
98,14,8,18.435288,812
43,380,15,11.027675,692
330,137,15,2.500244,408
397,342,9,8.388990,139
12,255,17,8.841627,1152
258,401,16,19.859951,1000
35,28,13,10.290117,1087
290,291,14,11.595963,703
212,100,9,0.322179,895
343,35,13,3.481817,504
100,270,9,13.097104,531
273,168,9,15.323462,521
192,438,11,3.680445,1090
319,192,16,14.506537,902
389,297,13,16.234561,1117
112,171,8,15.727683,961
135,75,11,11.859773,680
343,167,9,16.164825,741
379,243,12,0.928507,532
436,42,8,1.059415,598
81,101,13,4.533239,1054
128,293,19,17.426573,166
419,55,7,18.448283,216
233,144,15,20.218732,513
270,424,9,0.261044,740
148,442,9,12.605685,1014
275,62,16,15.420687,589
447,365,18,19.575396,720
286,171,5,4.600346,644
169,100,14,10.348163,988
335,432,17,0.794268,1101
153,350,18,17.056391,889
339,363,10,11.920420,1025
393,168,19,14.404366,889
377,29,13,11.254939,1042
183,410,10,8.141290,145
22,57,13,11.680054,322
72,80,5,11.485799,830
190,11,16,4.112968,407
61,213,16,14.682299,950
292,306,6,8.433039,1056
360,448,17,10.113817,1175
155,12,10,12.474573,716
173,314,10,0.937702,898
46,307,13,19.639234,1079
100,312,5,7.498213,764
406,321,17,4.244685,597
444,39,20,5.679075,832
251,37,7,9.764392,882
271,21,14,8.304628,108
407,282,17,2.273330,248
417,444,13,9.072051,213
275,209,16,2.959698,918
372,160,20,10.180289,507
141,31,13,8.990812,300
177,41,13,2.197448,1003
11,136,19,18.496704,805
23,408,19,7.566348,1127
0,227,15,13.933915,407
222,406,17,9.459953,841
87,335,15,6.041294,923
253,258,11,6.014612,345
82,75,6,14.000608,385
421,10,7,8.083266,370
93,287,7,12.384860,696
383,440,19,9.967651,1027
303,177,18,13.976027,1155
37,159,19,8.532421,630
110,429,6,0.539148,616
252,45,16,1.537493,1035
378,370,19,18.459788,943
427,283,19,6.523938,165
419,29,6,3.457500,333
329,60,16,4.875750,1086
377,138,9,6.564083,913
110,310,12,8.050960,984
162,37,20,14.936835,263
232,381,11,15.090435,922
389,356,10,13.730536,560
430,80,6,3.130866,573
71,136,14,0.086666,598
2,145,20,1.509631,769
63,222,18,10.530387,280
251,323,5,20.446296,378
167,152,8,5.484840,594
180,263,11,1.306280,1071
229,214,15,10.969410,152
185,159,7,2.010869,837
255,158,5,5.101527,705
280,138,19,16.782265,714
112,387,17,14.169157,571
20,132,15,10.153939,355
165,361,20,1.728755,543
40,35,7,5.113352,1198
433,161,6,15.310672,248
376,369,18,11.409010,228
235,217,16,8.455386,814
235,186,16,4.924807,129
210,61,15,2.262772,393
333,33,9,4.975751,694
91,287,5,18.647918,455
26,289,18,1.251079,197
52,246,13,17.261546,654
434,126,11,12.307774,318
286,321,7,8.643122,240
409,404,15,5.835397,1132
333,261,5,12.730997,596
87,90,12,19.314683,744
138,8,11,3.234234,288
394,80,9,15.627295,678
222,203,11,1.948328,205
183,248,5,4.281800,460
206,295,6,4.672334,350
23,164,16,13.674224,268
379,233,15,2.174834,890
354,328,13,2.981217,607
341,35,6,1.227302,1034
112,383,16,10.501807,1185
266,57,12,10.125894,239
201,412,20,17.361277,1073
147,154,18,15.032656,620
159,75,13,19.674178,864
141,191,11,13.241537,783
345,81,16,14.328080,552
383,327,9,7.129650,259
183,387,7,2.634021,721
378,184,18,14.062440,603
192,359,18,15.829210,429
69,35,6,0.796418,1185
447,399,9,16.704602,151
290,292,11,5.376935,993
366,337,14,9.920257,905
278,138,13,7.710091,1062
435,227,16,17.255088,774
230,132,16,4.818866,645
91,236,20,15.305918,338
83,379,13,0.555927,992
216,193,8,6.541395,636
45,322,20,5.464505,1031
38,42,17,8.124794,298
263,391,12,4.258667,336
233,219,9,4.380749,983
315,31,9,0.712786,306
400,279,13,4.138297,984
310,85,17,12.276556,570
353,328,12,10.998906,824
136,224,8,8.496054,663
87,254,15,4.135589,902
20,49,16,7.111023,539
211,68,13,13.760263,906
329,180,19,13.703091,529
447,171,10,13.574115,529
265,162,14,11.076397,824
4,409,14,19.914040,1041
202,190,7,12.009416,415
21,61,17,10.889705,1172
3,261,11,17.304407,553
177,399,11,9.770791,315
270,94,9,5.876950,842
243,271,18,0.342338,1190
133,40,5,16.756023,767
38,302,14,12.932305,686
147,385,12,13.541130,603
192,357,11,19.837617,923
39,299,11,13.073363,639
179,146,10,3.899965,788
287,389,18,11.809963,261
183,205,20,9.564224,112
92,26,15,17.682041,777
309,100,5,8.337262,737
254,43,15,10.474954,285
251,355,11,7.794599,1096
261,26,19,11.955666,681
100,60,14,4.373013,1005
169,77,19,4.955774,1061
346,408,11,0.919516,843
213,166,13,9.978418,556
52,152,13,6.650488,225
301,288,9,4.493999,152
347,160,8,10.747912,237
374,15,17,6.205983,1008
127,174,6,4.433014,451
437,35,5,11.479454,469
407,239,6,18.492033,1152
404,316,13,16.070206,516
13,192,12,18.467235,212
130,158,8,3.484416,1046
377,105,11,0.287531,166
207,89,20,2.189269,1155
8,326,13,7.222996,804
218,38,6,18.047737,954
192,264,12,0.555309,621
126,81,11,2.551886,835
179,131,9,15.031465,1126
171,312,12,6.054024,1118
176,224,5,16.530239,1013
436,280,10,17.275542,175
198,241,16,7.069798,772
85,172,17,15.126470,314
198,247,10,0.146129,935
119,378,13,20.097181,139
138,221,17,14.782813,297
145,20,10,11.396005,425
241,395,12,12.999147,510
211,13,5,18.111248,665
434,383,15,10.535072,280
210,246,12,11.497044,634
291,33,20,20.413657,897
335,171,17,9.203068,840
99,160,5,2.976588,830
189,207,13,3.815813,581
203,173,13,2.097987,197
115,210,19,4.505019,833
447,176,19,14.404866,136
35,136,17,15.827158,271
130,142,11,9.622157,905
32,348,14,19.688718,874
290,304,6,14.244054,628
310,338,11,4.709124,435
134,365,18,8.774874,120
406,329,20,12.802581,209
388,193,11,10.667296,423
109,72,12,6.744977,770
46,106,17,7.033242,960
318,132,14,3.616475,235
93,1,9,6.329955,386
281,199,19,9.420175,1078
440,193,10,5.757572,972
438,412,7,9.845826,642
249,270,8,6.172048,1057
143,59,16,12.891774,316
413,185,10,16.376179,452
89,252,5,14.861203,550
225,234,13,15.134883,288
49,243,7,3.531654,302
445,136,16,14.673706,432
32,202,15,16.344638,736
15,279,6,12.603997,704
84,275,18,12.932188,937
384,63,5,13.735824,539
237,310,20,18.725333,572
142,150,17,5.799435,1070
351,411,12,3.088465,868
147,127,18,18.521022,569
408,363,14,8.164683,1070
312,18,9,14.160671,747
61,441,8,8.603681,1006
266,155,16,2.325104,699
220,298,16,17.596691,841
261,64,8,8.226005,358
352,434,12,8.529423,515
19,297,7,9.969578,999
330,401,13,8.650942,1098
244,331,12,14.015032,700
215,196,6,16.855257,106
206,226,5,10.626292,671
236,34,15,16.884294,782
254,396,12,8.055180,460
402,437,15,1.089585,303
278,86,6,11.705313,786
246,210,6,11.434472,827
61,254,8,6.283205,327
182,216,17,0.770865,606
84,309,12,0.804011,704
345,427,5,10.941479,986
70,38,10,10.852915,1175
305,187,7,13.545780,558
205,209,17,7.226722,1030
350,391,7,10.642366,631
155,275,6,16.796524,972
80,324,12,8.483394,151
363,430,7,7.752413,1067
292,180,12,6.220110,778
104,369,19,16.700306,273
122,417,11,5.792622,597
22,161,10,12.243256,769
292,304,8,8.557962,528
158,9,12,0.778226,733
98,281,18,15.316077,111
238,216,13,13.962473,454
362,122,12,11.991500,868
368,150,17,14.614717,318
43,49,11,11.210145,253
70,282,15,0.873803,683
294,235,9,1.665841,244
221,431,7,6.150965,638
253,132,10,1.845062,194
299,397,10,11.234227,230
349,212,12,8.399333,295
347,66,7,12.597250,779
96,5,13,9.850271,954
64,436,16,15.106276,438
276,71,8,17.660467,443
167,154,11,6.102374,588
173,404,10,19.624537,516
57,40,8,9.016538,1105
62,117,9,9.241110,434
373,224,17,18.133684,728
151,38,11,9.312060,765
410,404,5,16.265951,108
41,74,17,5.719311,1152
141,14,18,16.679242,197
326,64,14,4.658014,355
57,226,20,8.033280,998
434,448,12,9.586944,433
21,74,15,4.311178,972
24,338,14,13.288400,1092
213,295,20,3.995865,767
301,190,20,8.954284,858
169,372,16,5.471630,458
90,256,16,17.894237,969
297,76,17,5.197734,543
53,330,11,16.069761,857
288,185,12,14.455906,293
406,347,16,12.749281,385
320,267,6,2.846168,273
20,108,12,2.123811,533
203,93,5,18.516340,374
229,99,9,8.965612,734
362,51,5,10.112449,238
366,380,13,17.946787,526
89,36,17,1.622944,454
21,304,12,5.066112,1074
292,279,16,2.953473,1158
433,144,6,14.037249,153
273,256,15,4.522519,1190
41,26,5,13.806752,516
215,429,15,20.224576,1143
163,79,15,11.456644,499
436,56,17,14.985521,772
152,119,20,16.702406,814
266,91,15,2.444534,1035
347,322,13,12.117036,319
340,228,6,12.467542,759
423,345,18,9.518370,816
149,136,16,6.803579,168
268,70,15,0.006524,140
411,174,11,0.632090,1093
109,247,10,19.785560,193
124,200,7,2.987646,334
236,283,19,17.327632,386
63,136,13,0.319851,687
99,16,20,13.291155,845
227,333,9,6.084263,853
289,228,5,18.310578,780
11,367,15,13.365508,567
20,30,18,15.697724,868
160,430,12,10.519277,620
242,28,15,11.980209,1032
206,259,20,14.739209,676
363,375,17,1.075290,1159
290,90,11,11.723826,431
386,37,9,11.768952,845
91,296,20,18.854325,1195
49,110,8,19.334164,885
183,338,5,1.738935,584
389,305,8,12.146434,808
316,373,19,17.257568,825
87,308,5,10.293060,385
63,36,19,16.559059,899
299,4,6,15.610351,951
218,198,13,19.421422,147
108,263,19,17.484664,440
143,232,8,13.726424,201
291,17,10,13.799329,271
75,412,15,15.106831,765
342,189,13,4.891136,952
195,448,20,18.131066,432
148,190,7,5.613197,186
9,98,14,15.928807,1083
253,397,6,13.490344,1089
257,145,15,11.273073,1158
449,4,11,12.893608,779
346,404,9,2.078204,886
191,198,7,1.888266,598
27,436,12,6.952041,176
362,226,9,18.112307,605
441,324,16,12.446398,406
409,163,16,19.230531,262
180,197,14,2.527820,986
304,209,11,9.186015,885
314,73,13,9.468694,968
96,195,16,1.023547,979
79,265,8,18.604832,473
159,162,17,12.873876,279
331,348,7,4.098620,264
161,214,15,6.488078,1004
309,47,14,17.346931,215
143,418,14,17.972548,599
412,281,8,0.804307,593
142,47,20,14.595440,240
7,181,14,12.523965,373
336,60,20,0.372209,943
369,6,19,12.092875,937
256,116,9,15.216370,1065
71,34,19,9.434923,225
104,362,6,8.874403,376
99,382,18,17.197123,149
246,414,11,9.838936,684
215,316,17,4.238732,856
278,123,11,16.051410,734
374,237,19,3.531847,248
359,310,5,4.136147,1063
279,414,13,18.318098,889
287,12,8,9.321198,1035
157,79,9,8.688380,183
419,373,11,3.029450,602
256,421,11,15.812695,355
145,234,15,17.170305,780
409,424,18,13.073560,841
285,41,17,17.950110,429
219,41,9,15.663877,680
175,183,10,10.201273,111
193,15,18,15.220961,1073
278,182,19,8.119094,152
198,312,19,14.392582,175
151,368,11,2.401732,497
401,196,11,2.455094,675
178,121,19,17.009719,725
433,50,16,1.053688,535
223,289,15,18.971313,606
115,355,9,11.356914,754
132,362,15,6.975074,596
115,12,16,20.464192,842
208,66,16,12.481337,787
28,425,19,9.512716,983
47,203,13,10.125446,193
392,236,13,1.016890,645
310,334,10,9.114952,431
98,45,5,13.866369,195
424,289,6,2.093032,1063
281,428,10,4.567477,938
36,222,17,2.087899,286
265,310,14,5.282075,377
1,107,5,17.903124,976
77,17,16,7.059122,460
103,285,10,13.907974,1119
85,362,8,16.502669,246
25,206,13,0.920954,469
9,381,17,8.026159,673
169,435,7,7.799779,1053
333,93,12,1.442571,853
76,220,15,8.893669,321
370,403,14,1.838009,1069
128,211,13,17.170192,1049
447,293,19,16.396502,902
37,211,16,6.571663,619
133,149,13,1.003884,209
187,99,14,7.434840,1090
65,356,10,10.255811,898
122,100,18,0.276262,332
273,25,5,16.035056,683
259,280,19,2.300669,945
398,93,18,2.164721,131
340,289,8,4.320741,637
262,246,5,14.036545,1051
101,406,15,10.481656,872
237,145,9,5.322068,102
35,161,20,13.654025,282
34,346,12,19.939658,837
421,447,20,6.944905,229
273,314,10,11.857026,1077
242,66,15,6.404468,292
315,115,9,6.037824,1154
135,271,6,2.182064,117
254,422,9,11.338651,312
246,277,19,2.752909,811
347,326,15,5.463627,650
353,290,10,10.571632,1010
48,286,7,15.640424,651
25,353,19,12.005367,510
266,265,14,20.108449,1009
273,41,18,14.939334,315
215,159,12,12.577395,1004
234,335,5,9.952224,397
236,447,9,2.608640,693
274,259,9,17.711290,534
364,395,11,0.808941,1062
446,67,16,12.434053,457
258,250,9,18.506599,516
4,151,19,14.291261,390
46,414,8,9.182818,308
307,63,7,15.533898,1098
415,13,18,17.494851,225
163,89,11,16.663291,648
218,16,5,10.313152,762
225,133,17,13.928668,593
268,159,13,16.344266,505
232,406,8,19.340522,804
122,426,12,12.396077,710
193,401,20,6.785557,1095
291,125,12,12.245974,714
308,273,12,16.745188,653
368,170,20,11.924762,241
183,237,6,11.620164,232
213,152,14,6.005433,628
34,206,9,8.743861,469
324,361,11,9.887661,1031
184,125,18,4.018005,674
106,298,6,4.346478,326
375,2,13,7.580309,237
389,37,6,15.555989,1161
160,131,18,13.795720,515
311,275,18,8.438814,410
242,33,15,7.401523,992
91,305,6,14.645279,1190
298,291,19,1.379977,837
130,294,14,4.058788,818
332,421,11,13.757753,403
231,248,18,13.094196,1095
410,37,14,15.143987,843
114,116,17,17.763342,168
292,219,18,15.503450,669
358,348,5,10.349849,1099
376,140,13,6.813163,763
299,189,8,2.610330,548
152,245,19,3.945093,1168
420,363,8,3.105313,297
248,54,20,19.894987,1013
402,45,5,12.251180,227
75,389,11,0.770345,617
419,60,12,19.172427,1139
156,105,15,18.475669,1082
237,26,18,4.305678,539
137,273,6,18.776458,503
34,215,6,16.633580,1102
17,117,14,14.127889,732
246,174,18,19.756770,696
350,132,6,14.809453,962
208,261,13,6.221111,248
115,250,17,12.073990,887
179,97,17,5.294593,332
332,417,11,2.422880,455
216,262,20,4.263485,739
195,33,14,15.062137,411
443,285,16,18.901400,558
142,199,6,16.267600,442
233,433,16,4.431721,392
320,436,20,11.573471,635
184,199,6,10.739793,770
132,220,7,10.532296,230
346,206,20,11.703722,148
153,445,7,11.764114,117
216,140,14,16.860177,469
156,61,5,16.451987,395
214,77,10,8.327793,548
434,208,19,8.245583,675
415,41,12,19.061718,475
140,428,16,8.100788,513
306,396,10,20.069612,129
285,42,16,11.927305,938
185,416,8,15.584767,376
335,250,5,14.137057,170
229,100,20,15.805783,517
261,407,17,9.134698,289
110,331,17,10.717261,1200
327,56,18,2.810374,845
155,165,12,0.134199,561
319,187,11,3.873377,871
291,431,9,16.124700,1084
385,221,13,14.685569,629
431,338,14,4.018194,942
17,194,19,12.089584,683
376,249,11,8.973245,153
136,442,7,10.899167,217
423,72,12,9.893787,251
309,339,18,11.206210,662
257,398,12,2.543605,107
403,296,17,3.553202,843
69,254,19,14.679887,1065
133,305,17,10.984680,376
37,212,14,3.927339,534
379,48,19,9.314719,538
402,82,18,1.763934,195
47,11,5,1.417569,387
5,178,13,10.233032,714
434,353,15,14.628958,749
190,376,6,2.966321,649
386,78,10,3.316488,965
152,200,12,8.834799,677
69,421,15,10.596047,344
364,268,7,6.768406,572
5,97,15,4.888775,1158
253,25,7,2.334924,546
231,408,14,16.399001,893
340,100,13,5.779674,458
337,326,11,2.527400,532
114,403,15,7.222498,458
110,104,17,0.751686,463
369,156,7,9.836312,294
385,5,5,1.734015,572
344,382,15,4.503392,277
167,26,18,3.296428,531
192,210,14,14.376491,1198
269,116,7,5.859853,490
252,51,18,1.351374,1055
210,21,8,13.416484,1044
337,162,20,2.241148,1075
276,222,10,18.322937,1103
177,34,20,7.843912,682
211,357,12,19.635926,233
64,414,11,14.268952,578
391,228,15,17.770646,757
168,66,14,19.046722,379
42,5,15,12.409170,576
45,375,5,19.433542,777
87,50,16,12.236057,360
182,22,15,9.756369,169
383,364,20,15.698420,566
211,416,5,14.213615,227
310,109,16,16.898979,1122
154,332,9,5.641076,247
258,195,19,20.323857,314
289,17,18,0.042696,458
274,357,20,5.343213,264
109,29,10,3.267001,949
87,399,10,16.586029,1080
125,73,11,11.767926,160
273,132,18,20.174355,551
137,184,14,10.414553,1030
31,13,19,13.777454,1102
137,398,16,12.858805,950
64,387,15,16.013559,1046
443,52,20,8.615241,267
19,398,6,6.687582,472
178,10,13,4.095576,522
63,369,10,18.303953,171
19,212,9,0.192387,480
90,399,6,7.658694,954
8,7,17,9.103627,925
153,160,16,8.219604,497
164,444,8,0.684986,164
279,310,18,10.415191,1160
159,68,7,0.000583,781
28,115,13,7.931028,882
431,164,6,4.581989,434
430,247,12,9.430146,563
395,154,17,6.223186,1155
119,77,15,13.294128,767
73,357,7,17.493448,218
264,57,16,13.462590,559
378,389,19,18.039135,773
118,52,10,10.396307,866
303,179,14,12.793530,1065
122,281,6,15.753526,834
372,240,7,16.781085,510
221,89,20,18.516514,663
356,135,10,16.920878,235
50,247,15,15.014874,419
259,147,20,7.791864,881
230,199,8,14.611847,1082
181,329,10,1.090355,1028
308,89,8,4.610408,129
425,4,12,4.684111,1144
84,332,9,2.766902,560
331,308,6,13.889445,234
45,418,8,12.518411,1036
397,435,11,3.819174,770
58,388,19,0.505134,641
411,368,7,6.182811,969
153,179,14,14.648081,950
17,97,9,16.907648,1025
188,6,12,20.267923,361
173,264,14,19.239166,790
276,74,5,8.874453,1038
259,62,8,12.636589,400
163,47,5,6.476233,146
398,168,13,9.961425,287
55,189,8,3.904438,916
340,68,19,19.599520,919
108,394,12,0.649011,1090
376,223,14,3.481372,246
11,408,17,5.769649,1198
268,359,12,12.946032,840
331,118,17,5.852009,264
430,23,11,18.116473,420
223,262,10,9.961299,909
208,433,16,15.922139,896
90,200,10,11.299639,929
346,380,5,19.617590,232
78,400,15,16.918735,839
410,50,19,14.227538,982
444,203,9,7.407921,823
0,240,16,15.434680,855
378,29,8,16.424629,760
1,66,8,1.736870,417
9,42,10,7.498673,524
244,245,6,3.360380,750
316,62,20,17.700876,748
107,425,13,1.424418,981
436,223,8,20.090950,1150
421,237,13,10.919000,185
363,75,17,1.451127,449
235,118,16,2.228384,858
155,198,13,4.318471,179
279,274,18,0.623816,332
165,215,9,9.594867,427
179,111,5,9.856720,481
26,0,17,5.163458,102
272,392,12,19.034450,1053
44,94,15,9.341152,524
6,27,16,17.482268,1170
63,69,11,5.738477,705
375,151,6,0.518785,681
443,182,15,18.194408,840
93,0,9,11.890576,449
311,35,8,13.009181,1044
346,316,11,17.069143,234
193,78,16,17.713530,763
112,9,15,15.606199,608
8,388,14,3.587669,871
254,6,5,2.881338,468
431,50,5,19.070145,1016
368,386,12,15.743758,161
222,257,17,1.832703,384
253,368,13,15.360849,1098
441,118,18,0.292370,255
124,64,9,18.986389,811
269,282,12,2.987862,815
279,81,7,14.727724,810
259,239,16,0.327757,500
67,220,7,8.491039,374
138,326,15,5.299142,352
109,150,8,14.547988,488
131,260,8,0.157594,934
210,286,8,10.271775,461
419,68,16,13.571262,860
187,266,17,8.238417,770
315,69,13,7.742473,183
232,167,19,7.415817,910
269,271,16,2.578735,947
324,348,8,6.480345,860
287,336,12,19.777036,717
240,253,9,3.125585,909
440,248,12,2.179053,324
213,119,5,17.708819,319
327,355,15,7.240440,203
210,110,16,17.317038,550
248,305,15,8.187116,1136
103,126,7,9.020187,146
42,72,19,10.070983,510
297,298,18,11.523072,326
406,353,17,8.871473,828
199,134,13,3.989772,619
438,41,17,16.936433,363
81,136,20,16.764231,854
379,392,11,13.652190,158
307,243,20,14.689002,125
53,424,17,15.798091,653
155,423,8,17.087122,295
324,280,11,3.429488,942
190,126,11,4.745944,894
216,97,20,15.353728,1140
293,268,19,10.359348,301
363,369,15,15.000760,698
312,214,18,17.189318,975
299,14,12,17.040563,382
424,152,18,19.277416,620
209,387,5,0.284963,237
320,257,17,17.598264,886
220,426,8,3.859477,214
5,35,20,0.027045,133
240,340,19,3.821192,332
19,140,12,15.138976,158
172,155,14,14.330646,461
125,67,9,5.983664,590
101,194,6,12.501962,594
38,16,8,2.717629,981
343,417,5,11.332481,1058
2,50,20,20.320937,373
105,294,18,18.115843,589
238,306,15,17.377235,780
408,222,14,12.306858,856
446,130,12,13.004513,1125
34,19,20,12.919999,1171
442,435,12,12.280361,172
444,414,10,18.522917,688
354,201,17,13.400514,569
447,323,13,6.257080,308
443,273,20,3.808623,241
298,7,14,13.380115,1149
411,393,13,17.785052,822
105,238,8,15.097563,249
155,435,20,10.791670,631
443,234,16,7.780833,726
196,127,12,17.679517,374
340,53,11,11.463397,436
54,334,5,18.132965,170
239,405,12,8.082059,1096
384,265,20,6.009268,1187
369,258,5,7.124339,915
383,232,9,2.762974,1066
50,146,6,11.904898,980
415,417,11,2.221926,876
127,51,7,8.010083,748
429,245,18,2.206808,449
196,381,6,19.342442,341
152,270,10,8.981923,873
432,335,17,14.852418,806
17,339,10,12.512769,470
56,437,5,4.977917,668
200,411,18,2.038194,230
392,275,9,16.329140,541
247,57,11,14.267130,828
216,238,11,15.175710,705
136,177,20,10.782144,614
218,329,11,7.501799,939
307,291,11,2.738806,985
113,75,8,6.723491,363
357,437,9,12.232801,1006
231,221,8,9.564611,1032
332,40,18,1.585917,463
153,128,15,13.019495,1092
298,12,17,2.624343,393
47,286,19,14.968510,1093
152,246,7,8.975262,1122
217,83,8,7.671176,529
165,75,6,19.857746,753
88,434,10,1.967387,600
196,106,6,7.586657,414
114,384,10,8.901353,182
313,108,17,18.447579,917
347,50,10,8.728723,298
152,204,5,19.290902,783
449,190,10,13.832495,1088
440,184,15,7.708243,352
264,262,20,3.790076,410
359,128,15,14.269491,826
334,282,8,11.912321,1034
131,399,7,5.813123,541
14,395,7,11.875580,1039
386,435,11,14.309811,715
135,202,20,0.694190,210
16,393,17,0.134665,338
351,45,11,12.729131,129
141,181,11,0.117589,160
41,180,19,7.917788,798
208,98,12,5.964690,475
445,231,14,19.599864,884
288,421,17,17.992782,661
324,56,5,5.038288,518
208,237,7,13.555741,254
218,28,17,4.458126,989
229,1,6,5.089009,347
262,239,17,17.650479,1141
318,126,7,17.770273,397
400,204,9,3.595437,492
245,442,9,16.731354,762
417,40,7,10.137995,922
379,120,16,19.981488,562
224,163,13,16.364862,1047
410,68,20,14.052686,401
26,152,14,12.387638,313
243,231,18,2.279831,672
115,354,18,17.224982,554
394,88,19,14.985016,840
34,383,17,10.986329,118
71,332,10,8.795727,808
142,175,10,17.306784,1028
219,56,5,15.307415,324
138,449,19,14.693573,802
84,364,12,8.415273,1066
382,182,19,8.003363,993
50,138,16,6.048814,890
206,63,16,16.021294,1134
322,336,15,14.085077,832
150,168,5,2.104774,366
135,49,12,1.945692,972
399,109,6,6.048095,707
260,287,14,18.775967,286
151,385,7,8.900794,159
149,351,9,15.675590,1006
200,110,12,1.874520,509
330,438,19,17.580003,1028
146,127,14,0.509365,1140
319,49,14,2.059730,1088
33,209,9,4.845200,1108
186,151,12,0.804528,1143
34,115,12,6.928510,1075
131,290,19,10.659833,492
160,436,10,9.048962,216
154,70,15,18.002024,196
317,108,18,9.804530,769
250,216,5,14.428042,1155
198,290,5,19.050083,216
110,384,11,12.155733,472
111,342,17,9.547957,1020
237,199,18,9.259835,918
306,15,11,8.431784,563
415,223,16,7.423071,658
430,66,6,19.205882,813
173,325,13,15.474498,490
50,209,5,4.189460,554
17,14,9,18.471455,927
152,224,7,1.495088,829
302,136,12,3.252061,820
176,44,11,17.532490,588
395,201,6,5.763366,463
83,99,11,18.565906,991
139,308,20,12.597203,797
131,264,12,13.614040,334
415,361,13,17.873313,835
28,78,13,13.532585,123
435,315,18,1.114732,631
97,39,19,8.937505,800
153,218,14,11.997423,805
163,182,12,13.926765,463
151,226,17,0.370352,915
375,222,14,7.281927,189
124,376,12,6.099479,1176
92,130,10,9.159530,455
26,383,6,1.597215,910
159,365,12,10.905107,997
264,146,17,8.101798,908
377,260,10,17.193230,1030
334,280,9,13.952915,847
311,149,8,18.296750,122
421,92,7,5.705862,386
63,375,5,17.331006,602
418,161,11,5.654666,950
358,189,15,17.735698,191
135,413,14,8.571990,408
417,288,9,17.814914,1148
5,206,9,1.013481,759
335,429,17,19.881216,1111
107,334,13,4.524560,511
414,114,16,18.296331,1167
338,438,10,16.104879,1045
352,271,17,14.106634,757
286,29,5,17.145933,306
301,110,17,15.544430,556
416,39,13,10.116523,336
273,367,9,9.894600,796
241,31,10,14.244428,814
145,168,19,13.797576,154
419,265,5,11.706737,569
375,283,6,15.468484,558
344,323,10,16.804974,1142
368,37,16,2.970276,521
302,234,8,12.375766,131
178,280,16,3.005637,956
64,363,15,0.212306,561
95,2,6,4.039336,1099
383,123,14,7.476828,456
407,77,10,12.383560,1034
182,409,19,3.340330,991
359,411,17,19.154569,540
178,172,16,8.285332,250
237,275,8,0.168449,279
423,357,8,1.892026,713
58,268,15,19.533486,449
264,255,5,15.745217,893
91,63,12,2.821797,286
88,52,7,19.369905,497
158,309,12,2.428623,1172
329,121,12,1.261053,372
222,163,11,20.266013,502
359,294,11,15.724667,559
121,134,17,12.243452,944
62,447,19,4.758353,596
357,312,10,0.920923,946
310,43,16,4.475450,322
354,15,16,0.994274,132
435,293,16,10.294609,1059
94,309,10,3.236209,372
148,55,13,19.616126,890
246,434,8,1.104171,878
294,374,13,12.403862,1109
68,145,10,9.390999,118
27,431,20,17.139049,170
320,309,12,12.964150,1191
280,285,14,6.658631,508
161,223,8,8.058321,574
103,34,9,15.265730,1081
431,57,13,0.457445,458
420,284,8,16.016193,941
117,84,5,14.188582,441
268,389,9,5.369001,777
89,395,9,10.670091,730
133,226,6,4.133945,477
193,215,19,10.855229,1196
231,47,20,0.347215,678
177,412,10,1.491427,499
245,222,19,15.608712,381
392,397,17,7.773627,1121
72,291,18,16.422125,714
366,168,5,11.345710,121
407,443,16,4.963344,546
429,209,18,9.631864,813
285,385,9,4.734384,680
277,254,12,17.836586,1031
273,174,18,20.134294,987
388,110,12,11.001963,558
258,349,12,7.564054,607
53,170,18,11.063875,571
110,438,8,14.200612,1166
87,117,5,6.291612,498
27,34,13,8.924983,747
424,117,8,8.620738,102
408,127,8,20.026195,1046
153,30,9,15.632010,479
216,45,10,17.433245,220
299,102,15,12.259944,141
430,176,5,0.746441,279
421,199,10,8.528222,940
273,103,18,13.720012,913
115,299,10,12.373737,388
129,148,12,16.395882,288
151,170,18,5.743616,820
155,245,7,1.261547,858
134,24,19,4.872357,422
269,424,12,19.878526,193
130,319,9,9.594839,826
316,366,20,19.818631,518
173,394,19,3.928443,964
218,75,5,19.035835,254
160,362,12,12.511164,904
207,332,12,0.340494,1045
203,304,15,13.369419,525
368,119,8,1.725656,201
143,433,20,14.449006,691
415,254,10,4.054301,1040
402,252,16,0.222189,436
364,425,10,8.013480,214
170,25,11,0.252499,886
418,23,5,4.191443,926
32,183,10,14.683647,621
413,180,7,17.858331,734
162,319,12,11.409815,701
291,177,14,5.929767,996
40,272,17,20.275515,1042
253,320,11,17.423698,106
424,13,10,9.955015,435
97,417,12,16.562638,455
329,104,10,17.335924,664
157,237,10,13.300721,435
408,103,10,4.720221,397
160,408,13,5.545952,621
383,90,19,5.797924,782
401,18,13,8.184627,968
344,266,20,5.269161,266
106,196,6,2.055598,512
413,195,18,14.473885,1077
53,412,13,11.449697,220
309,197,14,12.603643,224
127,384,7,17.078074,504
9,144,10,17.721067,1007
94,25,15,7.774787,582
384,273,14,5.991312,390
227,306,6,16.958278,225
178,430,7,12.536760,287
249,10,6,11.721321,210
46,285,14,8.530174,1126
84,285,9,7.953520,557
261,287,11,4.830386,677
255,129,14,9.013047,917
281,130,16,13.653291,667
75,421,8,20.257315,520
3,287,10,6.264834,987
312,114,14,1.404697,205
163,123,18,15.316087,914
241,183,9,19.236384,578
339,417,8,2.087059,356
342,4,14,7.546649,471
249,109,13,19.959793,531
58,343,13,0.729032,1112
360,296,19,19.501562,642
441,51,13,4.103953,597
265,290,12,8.359816,262
55,3,20,11.735667,1082
152,266,20,10.894182,1147
131,208,18,0.381706,1144
205,99,14,20.338763,388
50,109,18,12.138549,628
202,401,19,15.223577,693
156,182,18,10.473874,998
387,360,15,15.961219,120
366,176,10,9.066834,712
121,351,8,3.663404,886
134,405,18,14.829493,1007
141,340,9,10.424875,727
425,343,6,9.592737,615
182,199,6,3.388960,654
282,34,18,7.000718,229
270,395,11,0.886327,421
254,58,5,5.237557,162
168,134,13,16.731858,195
71,19,10,13.907738,1056
82,137,10,2.639550,663
281,265,12,18.686926,969
115,207,18,11.610927,398
216,190,11,11.836237,715
151,194,20,0.477199,686
314,129,14,19.572761,936
233,19,7,15.861109,1148
316,104,14,1.876650,385
326,358,14,10.631994,1057
85,205,6,4.029698,751
45,392,11,5.187220,1179
388,442,7,13.871218,604
370,394,10,10.825268,499
398,145,9,20.066185,380
423,426,16,6.660434,804
311,147,17,4.935420,1107
259,320,14,8.814619,827
128,58,5,8.942149,261
289,147,10,1.515961,746
315,428,8,13.737239,597
210,8,13,9.960644,991
422,13,5,17.299342,369
6,416,19,14.422051,1075
247,196,11,13.634707,296
9,4,15,15.059322,1115
32,77,5,6.495888,245
47,104,16,11.310072,324
435,339,17,19.063366,594
42,370,5,19.294810,808
418,257,16,8.449660,110
144,258,19,11.936306,726
395,88,20,7.451240,228
76,160,15,2.127382,526
268,273,14,10.755615,646
419,376,13,20.245982,322
173,23,16,1.235253,342
305,78,10,5.691183,387
430,436,5,15.837815,363
49,10,11,2.174589,514
359,401,9,0.270895,132
208,151,9,9.701323,997
68,147,18,11.360825,799
186,105,15,16.312610,1135
305,77,15,7.020678,113
235,278,16,10.511462,767
328,283,7,4.888441,1084
97,264,19,1.490244,987
327,96,8,11.819277,1099
25,161,15,11.127775,1077
157,39,13,9.898660,1178
339,160,13,4.606030,394
380,199,9,19.766596,534
99,126,8,15.847377,544
4,262,9,2.337435,594
422,320,20,19.476585,188
188,67,8,14.847175,829
428,121,14,2.590844,180
120,398,14,1.133305,1052
300,294,9,1.258653,1141
390,269,7,2.806513,664
369,285,16,5.613626,872
354,102,6,19.594089,810
255,214,12,16.741476,1144
349,15,17,7.176975,1144
208,364,7,9.087539,864
276,137,11,13.816092,359
166,417,17,13.473231,727
20,396,9,19.779940,281
246,395,15,20.042064,548
159,176,20,2.659795,498
417,208,14,0.866637,765
408,88,20,10.094262,110
156,277,7,7.184014,847
407,388,11,14.008432,760
437,103,13,16.423604,987
225,296,5,2.157423,763
80,304,7,19.206666,1039
35,131,11,1.145568,427
265,216,16,10.829472,304
237,126,9,5.680431,901
370,404,6,18.001303,609
389,17,10,1.508086,248
303,449,17,11.754093,288
3,72,10,16.414761,962
341,340,10,10.839748,895
448,118,12,16.670877,914
107,8,18,3.741981,836
150,449,11,20.440254,719
263,34,7,18.393986,819
231,26,13,16.321724,139
439,22,16,1.087435,296
394,342,6,12.315385,132
303,167,15,12.241102,733
445,1,6,4.344576,189
288,327,7,6.594942,926
403,233,12,18.978286,115
114,97,18,2.056369,681
281,125,15,8.507645,1069
205,363,6,11.949407,310
194,425,17,14.947873,312
333,288,20,19.392417,114
123,366,15,1.395120,1171
96,204,18,18.768955,673
31,82,12,10.473889,1018
209,294,5,3.983090,665
192,115,14,4.726330,772
217,49,17,13.308074,759
45,231,16,20.374793,504
162,327,15,7.393052,1128
355,230,17,4.034446,298
142,72,5,6.563546,933
1,128,20,0.972470,825
423,341,13,13.168244,285
400,107,10,2.078138,351
421,365,11,3.596451,843
329,351,6,11.086502,653
82,220,13,2.916007,1175
296,268,11,6.490088,425
264,388,10,3.210345,1108
51,412,5,1.932994,904
380,186,6,16.934330,442
74,438,17,11.835180,776
4,210,18,14.124638,330
324,422,11,12.135824,768
261,178,13,18.944864,329
176,441,8,12.572427,166
127,386,19,11.898239,1181
42,2,18,18.459697,359
9,86,11,20.236071,329
333,389,16,14.133251,1042
136,216,13,17.336150,485
386,397,10,1.466130,137
381,148,10,13.850141,430
429,301,19,12.898100,161
262,318,8,18.828662,804
337,364,9,1.662722,405
307,11,17,14.732252,1151
263,210,12,14.235535,1106
73,110,13,16.569919,607
97,113,8,1.990368,886
99,325,19,6.801761,958
335,316,6,1.764890,992
0,126,11,14.811429,455
198,230,8,10.452723,1028
55,448,14,14.046910,734
310,372,9,9.163688,741
161,220,7,12.686682,758
53,129,12,4.227493,408
121,63,16,1.585420,281
123,229,15,16.893587,351
34,12,11,19.066095,723
331,330,16,8.660476,621
443,180,12,6.079690,541
398,387,10,13.913660,1193
133,146,13,12.712070,780
206,82,14,3.679467,496
435,319,9,19.038842,229
427,340,8,19.518924,468
73,163,18,6.596263,1153
59,227,17,12.339001,806
292,396,16,3.195277,189
124,333,5,7.012441,238
19,217,11,1.569605,405
152,342,11,6.323596,217
386,224,12,13.415536,1141
382,447,12,13.452234,855
325,312,18,17.015486,941
226,230,5,4.789987,291
168,80,13,18.795881,324
293,292,8,19.508124,410
99,261,20,3.885377,1172
234,430,5,10.505095,885
341,320,15,7.583906,188
325,284,19,0.725860,981
366,115,7,13.906764,191
70,134,16,19.607760,622
84,12,11,1.036818,330
440,290,5,3.450667,992
39,314,7,8.197071,945
306,212,12,5.172630,466
71,297,12,19.343521,555
331,91,11,9.878169,268
19,406,18,17.189723,179
132,306,11,14.926406,1102
66,428,13,13.027793,954
99,323,5,16.578050,715
261,137,19,10.927608,686
448,136,6,16.710671,324
140,2,11,5.515375,1144
109,59,7,9.099678,293
195,366,13,15.308018,756
122,85,13,2.067988,175
139,61,9,2.082797,881
16,79,9,15.365900,227
294,410,11,0.702844,176
16,268,15,8.991035,208
192,16,16,6.574068,318
406,337,10,14.391131,1055
287,166,8,12.411803,160
376,410,16,5.018565,293
410,115,18,6.439253,808
397,387,20,15.562557,1065
398,0,20,7.071316,160
71,340,17,0.711112,548
318,172,7,8.109546,514
117,62,12,13.393405,1059
38,282,20,1.227498,1131
392,69,8,1.571516,405
158,216,8,7.402559,204
118,409,11,3.044236,1192
389,221,12,3.124742,1159
126,203,12,5.215632,700
23,110,8,16.989431,160
390,233,9,2.541717,910
426,122,5,12.824918,816
42,443,19,16.631897,509
97,428,7,0.555453,892
286,407,15,1.520602,1056
264,235,5,18.137492,283
246,182,13,13.580417,693
396,329,15,6.057687,141
137,116,7,2.958745,890
65,365,20,7.886732,149
230,44,11,17.649561,802
348,340,6,19.632568,1095
221,234,12,6.256669,720
120,68,6,3.742343,153
221,379,20,12.301582,1012
296,11,11,14.527156,331
313,428,16,7.943514,270
324,181,9,10.272175,104
267,164,9,12.013877,703
194,396,19,14.918261,280
443,14,15,1.125233,173
284,77,10,15.711795,789
155,96,13,14.888766,1143
225,24,19,8.199309,952
75,149,12,11.076184,206
97,437,17,13.685200,825
373,8,14,0.495715,403
291,9,5,18.611125,901
327,208,5,13.998407,472
19,349,15,8.016007,543
123,41,9,19.679266,774
158,219,16,5.155481,652
142,417,14,3.459320,520
269,304,11,8.240126,916
65,62,11,6.553652,405
37,41,16,1.961526,575
283,145,8,18.221892,980
81,60,15,4.929221,1147
336,76,14,15.090813,786
276,125,15,19.387874,714
387,45,9,19.748641,381
189,395,12,16.474746,377
439,379,15,7.307378,1121
149,294,13,8.202364,1104
326,262,20,5.463530,949
377,342,20,2.251883,990
382,246,18,6.826970,203
93,69,13,12.487291,202
266,331,13,4.023040,256
156,258,9,0.266890,188
425,1,13,2.544988,683
396,411,19,17.131000,735
360,255,12,9.261572,590
359,421,12,14.144810,619
390,385,12,9.343461,784
386,407,16,13.096841,464
169,108,18,16.064366,448
238,412,5,5.857644,622
82,179,19,6.697782,613
130,172,14,1.042047,747
284,48,11,11.501754,974
2,260,12,13.465955,1143
277,28,15,16.142295,1063
428,285,9,16.923700,1160
183,16,12,14.059058,565
363,123,9,4.036825,1009
444,175,8,6.770715,267
135,434,15,17.649157,471
114,408,10,0.352510,1107
190,234,14,13.424813,533
56,200,19,17.192269,560
53,10,20,12.054478,613
136,81,14,15.567703,126
208,384,20,17.310358,1155
373,315,14,8.288946,713
417,0,11,3.074066,564
250,100,5,10.650000,826
433,121,7,4.904702,935
40,18,10,16.745645,1192
59,301,13,18.465025,106
414,160,9,0.597391,282
154,426,14,5.668775,851
112,185,12,1.472561,431
91,106,12,2.442626,254
222,47,10,0.112180,630
420,130,8,7.840391,925
218,143,10,7.710493,971
4,59,14,20.461905,202
222,274,12,5.327315,224
204,22,14,0.678874,955
231,125,15,11.365833,1081
334,319,18,6.627630,168
304,294,6,6.529546,1020
186,195,7,16.844705,604
91,125,17,16.248721,207
140,294,15,8.106607,379
61,449,12,7.986853,323
348,288,15,4.421239,898
214,223,11,17.682063,1199
156,295,9,1.126996,879
47,357,7,12.160854,1093
401,79,17,9.447078,919
104,179,15,1.910729,436
421,46,15,10.577022,1112
277,129,18,10.066571,142
30,309,18,17.502014,273
389,324,11,0.001082,446
103,72,12,16.275567,1010
361,269,16,17.879090,485
115,24,7,1.712352,676
358,224,12,13.695734,583
366,432,8,1.317031,158
427,213,11,4.473160,1128
442,101,12,17.106322,570
162,133,17,15.213948,514
162,250,20,4.219236,749
165,74,16,18.395175,717
81,407,7,7.868280,743
346,129,9,14.795013,638
249,115,16,2.759378,644
345,155,8,6.210848,538
349,172,13,8.712030,253
356,120,19,18.380648,662
231,60,6,10.473094,743
65,109,8,12.553484,388
281,89,12,12.645136,483
245,153,14,2.978842,1200
315,418,8,16.491705,826
243,282,6,7.794995,569
402,334,9,20.170630,436
195,135,17,11.556406,569
93,74,11,4.495252,394
346,126,16,0.349222,391
198,42,5,10.124972,827
332,97,12,19.412508,1080
394,56,14,19.426810,898
336,194,7,4.042255,510
448,144,8,11.629654,758
49,137,8,18.558434,106
20,367,14,5.749535,438
413,150,17,20.499433,135
167,367,6,17.966739,572
227,255,6,1.114771,604
160,196,19,1.646880,905
333,151,9,12.521654,933
206,271,15,11.291500,920
77,295,13,11.389264,411
253,121,14,12.991543,223
231,20,8,19.672515,1150
29,246,20,18.622106,1069
420,332,16,4.737457,333
187,227,15,1.286157,300
131,212,15,12.444033,1184
314,401,11,2.287011,309
120,5,17,9.003225,1087
258,337,15,11.989096,493
445,56,10,3.232362,1184
174,189,20,9.361754,1083
331,130,11,1.501614,642
311,16,12,3.039159,705
263,6,11,16.933760,968
266,15,18,1.689848,307
63,49,17,3.443492,313
442,22,8,12.109587,848
14,378,16,14.168903,375
58,315,11,15.384781,178
258,135,14,14.030958,964
400,20,14,1.299401,699
254,250,18,11.733525,584
117,24,9,16.521115,838
330,389,6,13.821672,1046
41,103,15,7.122992,882
196,283,6,20.422783,137
52,387,5,18.746179,147
216,163,15,0.740447,482
297,304,17,1.156396,684
33,14,17,2.898953,608
269,105,9,10.419930,227
281,304,5,17.501164,307
317,375,8,2.940187,545
428,255,6,11.676834,306
172,217,17,4.176805,628
1,99,9,1.227859,264
176,97,11,10.317477,1107
77,85,12,17.335091,1170
244,272,10,11.109612,722
160,134,16,9.830107,593
155,84,8,7.354603,1056
5,50,7,4.207724,318
419,28,11,19.879911,655
100,274,9,4.139662,178
257,77,5,16.645987,173
309,36,5,9.462243,200
80,286,13,6.867550,1055
380,432,6,3.993013,751
199,301,14,8.636344,526
143,220,10,13.439441,474
270,273,13,15.063956,790
328,314,14,20.284993,230
37,203,12,0.268492,631
227,108,5,7.854922,488
296,192,6,16.882618,917
185,249,19,20.105870,526
410,400,7,8.471834,992
229,43,20,3.171317,575
79,280,6,2.291499,867
237,254,20,4.865320,407
114,80,10,0.325196,1120
256,327,13,11.954095,572
67,123,15,19.889816,376
299,327,8,4.868004,392
93,274,5,9.366236,358
303,169,18,18.890117,144
75,346,18,2.824449,1126
48,228,17,12.193788,1022
382,134,7,19.237177,1165
388,134,11,10.918863,497
133,363,8,7.809375,1095
274,214,14,17.918434,1022
116,203,7,7.605442,930
66,195,14,16.571564,415
35,339,9,0.789717,619
64,174,6,11.269788,572
69,33,9,3.656661,1050
314,65,17,5.006503,1030
279,153,12,5.511213,381
100,12,7,12.221877,996
77,274,15,20.403624,263
249,3,13,16.856927,990
430,326,6,12.187438,675
441,110,13,13.550615,210
290,348,14,10.474109,891
210,34,9,12.138614,370
100,357,7,14.923283,945
351,60,7,10.831747,724
280,12,7,12.144171,498
216,333,17,8.218027,417
227,409,5,4.039991,210
3,167,11,15.069359,1055
235,335,13,7.076938,336
84,107,13,18.524324,403
415,267,19,20.058369,879
252,384,14,1.854030,320
134,97,13,14.809290,637
193,363,9,6.883305,456
142,400,17,5.998492,786
362,240,9,10.949585,263
40,442,11,9.681972,997
444,44,9,5.663071,263
256,65,7,14.044098,652
36,361,6,7.716508,763
152,170,19,11.938806,955
171,304,15,1.411738,702
44,45,16,9.137364,407
134,179,8,2.469042,1002
437,409,18,1.276459,699
302,2,10,3.317256,577
312,160,5,2.370796,951
313,34,11,15.508739,697
348,330,9,1.984879,1009
55,5,5,7.234945,1181
337,13,6,9.086056,263
4,289,15,12.179033,643
136,17,19,14.986698,1042
198,174,17,1.296794,767
133,392,16,6.154306,241
190,129,17,4.711494,407
29,290,15,13.157802,228
307,431,17,3.251358,528
416,78,9,8.085515,679
318,347,9,13.978651,117
43,57,19,4.808911,775
248,129,8,17.176169,705
264,5,13,7.085483,773
329,143,15,2.464492,886
251,180,12,7.940164,1113
26,353,14,3.397610,1077
284,274,8,17.253701,127
261,31,11,13.097182,259
357,398,11,14.169597,403
296,267,15,7.287007,1107
215,190,5,15.479647,352
326,430,20,7.727024,851
327,297,9,15.054783,1036
432,413,6,12.163658,221
83,36,16,15.794076,380
335,106,12,19.787697,473
129,447,20,15.785723,605
11,63,6,11.011285,979
411,380,13,17.838224,131
301,277,15,16.407224,643
409,86,8,13.678362,1139
150,0,10,12.469767,965
196,315,18,16.654722,462
30,232,15,15.622629,320
125,375,20,18.045375,1104
414,411,15,13.945721,998
35,355,15,4.501051,885
238,265,7,13.783802,225
393,112,11,18.276528,141
249,361,14,17.423640,1118
20,39,14,18.072091,1046
324,405,5,8.871445,433
265,54,15,10.351929,1129
186,141,6,12.462461,746
50,75,10,17.627286,580
175,158,13,17.020925,652
50,414,17,6.738199,549
396,10,10,18.741074,1172
403,76,11,15.588519,486
121,326,15,12.108677,1135
81,349,15,17.994818,901
446,199,16,6.356149,667
155,81,5,12.295899,447
42,53,11,9.004526,577
134,86,20,9.691330,729
226,294,17,14.950048,1172
212,192,12,20.279658,777
440,181,16,6.560799,1177
247,384,5,11.401489,1015
300,423,9,6.364628,751
287,99,9,7.557500,552
263,335,17,4.768514,667
435,19,10,4.787223,793
272,171,12,13.404929,376
87,153,7,19.156014,179
31,109,14,16.287635,319
227,356,13,2.472650,826
291,158,15,0.236503,1053
361,148,15,5.915417,108
115,445,11,18.294968,1107
165,209,5,15.726452,278
201,112,17,6.042789,356
370,406,20,11.492486,1117
328,365,12,17.049121,335
224,248,17,11.425287,1161
168,291,20,17.963041,310
122,143,6,12.725431,421
106,342,17,18.823668,1077
105,184,9,15.887912,922
362,283,14,3.558168,855
62,315,15,9.089005,654
291,20,11,20.197451,1162
391,255,20,2.115389,851
304,199,14,18.308346,580
77,5,19,1.483884,279
92,146,19,15.511407,253
407,100,11,20.136366,269
49,384,18,16.577483,335
135,226,11,16.135246,439
24,352,9,4.391598,683
262,9,12,10.796354,787
318,198,15,9.505829,1114
41,191,18,14.854834,269
98,170,17,10.139581,924
423,235,18,13.234293,471
361,247,7,19.451372,315
417,305,15,15.286304,468
246,305,6,7.563327,1163
233,357,15,14.659448,245
440,362,15,2.994512,617
68,364,18,4.255155,467
58,146,15,2.190116,279
84,34,20,9.629600,561
173,37,8,13.339424,372
24,91,13,3.840463,745
175,287,10,17.974992,225
198,89,5,12.067712,1052
28,233,5,15.893294,845
389,312,12,1.415342,340
328,134,8,17.403937,1191
281,53,14,15.032480,174
282,385,10,4.402996,109
123,78,12,11.756172,289
9,17,11,12.768025,879
386,166,6,18.407154,804
210,68,19,17.764484,618
50,275,9,17.761602,219
313,320,8,16.827657,553
388,335,9,1.892343,286
82,92,15,8.696486,233
343,171,15,0.664925,613
362,293,15,13.975194,381
358,257,14,7.864633,110
323,194,13,11.513220,1060
238,428,17,8.420959,978
133,94,17,9.330978,1140
336,408,18,18.476223,186
347,323,5,19.587528,218
303,414,15,0.800908,704
444,366,15,15.836528,853
124,66,16,14.475947,478
164,43,15,7.248166,300
392,91,14,14.145753,737
173,12,7,5.708851,906
146,414,19,7.320349,324
122,13,20,2.764094,832
247,234,7,15.330735,245
42,73,18,8.426165,110
119,197,11,19.163347,305
384,361,12,0.111296,245
56,122,17,1.968926,330
212,74,16,8.091174,818
84,324,15,18.843639,900
394,218,13,19.825747,494
8,384,7,5.015789,1140
38,146,5,4.618268,452
132,149,17,20.018368,908
214,146,9,17.844223,490
271,324,18,19.570944,984
277,19,18,5.186482,305
131,206,7,0.588457,941
282,386,5,16.052326,420
259,36,20,10.798714,728
253,9,9,16.206238,1072
216,85,6,13.876693,1156
445,210,15,6.046144,1120
8,85,13,12.492014,291
377,382,14,2.324476,495
215,290,9,10.283265,828
161,291,8,6.261025,198
165,322,16,3.114559,318
139,34,6,10.188019,758
43,45,14,5.199089,670
219,48,16,18.443394,215
181,182,19,20.220451,634
14,352,19,15.833609,513
174,291,8,16.103481,786
194,273,10,16.339590,239
353,109,5,6.034602,283
47,407,17,12.741467,1132
246,33,17,17.712777,229
8,324,5,10.039852,1076
300,290,11,9.187903,1161
207,401,15,12.714151,603
189,35,20,12.096581,209
123,180,8,12.363107,1060
144,163,18,15.675539,575
285,113,8,8.884384,1071
281,337,16,14.963731,1179
28,431,11,9.071206,260
43,342,20,3.879283,198
239,382,7,16.585939,375
6,328,18,11.654839,231
72,4,20,12.479204,791
289,306,19,8.887461,607
257,151,17,1.293029,110
319,20,13,6.955716,909
250,431,5,10.109676,305
100,417,18,10.295246,1169
374,448,18,18.381511,554
132,175,7,16.775419,362
236,161,20,6.604604,462
124,293,17,12.810233,774
202,50,19,12.473197,1156
399,317,7,14.357653,851
143,190,8,0.277545,942
8,27,6,13.723742,205
229,411,19,7.530909,662
200,153,7,7.195822,332
389,358,20,11.344816,188
223,442,17,4.697942,154
376,291,17,8.769892,1100
63,212,15,11.389563,278
298,265,18,0.641707,806
223,132,7,0.157472,812
184,334,18,18.091259,996
186,435,6,14.197959,833
367,185,7,8.949242,1096
325,55,5,2.170349,941
108,134,19,16.596531,241
366,323,5,0.000048,929
447,255,12,19.307167,560
105,376,7,15.767962,655
181,299,12,7.342610,370
347,205,10,18.834653,528
119,65,20,5.899286,1050
349,228,10,5.482168,158
323,332,9,17.121901,1088
98,298,11,6.040125,162
39,184,18,11.675951,254
164,161,20,10.776955,187
166,168,5,20.194305,382
298,186,14,13.947167,724
308,355,9,19.931737,1011
91,273,19,11.678480,797
395,145,19,5.733362,526
100,62,10,9.224090,330
371,94,16,9.118874,508
241,152,13,16.284130,547
154,376,13,1.514302,710
360,332,18,0.822548,454
219,86,14,9.094484,982
279,137,15,2.717112,958
448,396,8,6.814435,1041
258,224,13,16.562694,627
108,404,11,2.977223,905
240,331,17,4.373888,958
313,162,16,2.223511,217
115,394,19,14.896856,1049
425,349,8,3.826923,876
272,68,7,18.980769,221
406,432,9,1.104541,1133
214,209,14,4.744899,668
397,41,5,10.469672,1009
441,135,17,7.040079,1063
423,38,13,18.575103,1016
410,205,9,8.041050,239
358,34,16,5.564384,766
261,309,18,9.928024,768
241,51,14,10.831212,466
200,359,18,5.380098,941
145,413,6,7.525275,1083
51,73,12,13.377823,814
94,64,12,8.903800,814
377,238,12,6.241381,809
340,320,9,13.576486,254
380,301,20,5.469433,730
33,436,12,20.264207,280
376,205,12,9.347975,1105
423,215,10,6.744491,382
16,7,20,12.394010,157
334,176,18,8.705096,305
216,209,17,14.981866,437
69,360,16,17.752176,453
1,288,20,10.801301,997
128,185,18,8.578514,465
114,258,12,18.898709,944
50,314,19,13.042772,1088
96,349,5,15.725401,661
150,60,14,0.841893,1041
25,349,18,12.053263,1192
369,198,14,10.611347,349
210,82,10,10.368965,818
445,143,11,17.906958,836
163,361,16,13.710975,415
307,119,16,1.007672,819
38,155,11,0.460849,108
440,85,16,6.788495,1060
408,24,18,15.943765,1115
204,402,18,7.316073,1122
14,134,19,17.204218,411
114,110,11,17.220851,678
182,167,14,8.993181,1143
414,97,9,7.323632,820
18,158,9,11.069948,1070
8,191,18,7.627125,642
301,202,7,7.663956,888
237,293,11,14.961002,1036
243,269,5,19.410493,519
243,238,13,19.140199,986
260,395,18,11.464365,231
282,2,10,13.551068,1061
32,114,6,4.780431,322
292,172,6,16.455988,528
48,63,14,0.279177,1108
381,338,20,8.601692,972
252,15,6,4.814389,1144
390,136,12,16.841232,190
190,62,18,15.081606,986
446,426,17,17.620276,502
280,211,14,6.529906,469
299,104,12,19.895813,229
359,437,12,15.139571,1059
393,269,13,5.278450,953
2,171,19,4.199661,365
161,253,16,9.397173,858
287,277,20,11.544616,530
132,148,14,15.556058,560
336,412,9,3.306695,654
125,147,7,2.532264,1171
328,263,10,20.001895,907
306,201,8,8.613788,1069
85,335,20,5.698638,121
82,406,10,15.573378,518
205,322,16,15.050605,809
32,274,14,19.052924,258
328,281,16,16.443873,523
421,247,5,6.810750,1058
83,156,16,7.264190,315
199,159,14,6.174816,560
202,116,20,7.544982,1027
107,364,19,15.586268,1153
312,275,17,12.377756,850
405,109,10,4.643929,560
8,295,17,15.341759,173
241,179,11,20.489603,823
81,27,9,18.715935,946
154,264,7,18.011664,123
183,84,20,3.310897,559
186,339,11,5.274737,982
299,433,9,1.499138,415
44,41,12,0.464822,468
262,386,11,16.194624,652
438,430,20,16.011906,309
294,69,19,13.281267,1158
424,18,7,7.632058,639
339,33,7,3.309231,930
362,173,10,18.545913,943
404,66,10,9.919100,183
147,248,7,14.656203,960
390,229,19,14.415966,342
188,395,16,5.619290,735
122,9,8,15.615290,724
142,2,6,18.861813,590
292,394,6,8.427069,606
330,382,20,8.450469,1050
201,347,13,8.205811,1012
124,396,8,2.115292,429
280,231,6,14.111247,782
139,391,13,8.262601,688
449,316,7,14.308565,547
205,123,14,2.420501,702
374,48,13,1.752478,1032
408,232,8,8.129559,951
47,60,12,1.497574,1069
102,25,6,12.909301,535
34,259,11,2.673602,788
253,18,13,10.461088,918
12,35,18,6.832038,786
109,100,13,1.104601,1057
358,192,9,15.351215,784
161,18,11,8.624787,275
188,88,9,1.541919,474
90,44,16,18.652252,429
163,131,11,1.645746,901
213,258,7,1.279597,668
191,5,20,7.551679,151
44,198,11,6.685774,1086
59,339,7,1.888590,173
239,253,20,10.830868,831
39,434,18,11.343988,133
102,101,13,9.653010,332
122,159,6,1.631753,553
314,97,17,20.405146,833
262,15,13,18.875082,1105
178,187,10,5.973147,1053
44,343,15,15.604987,1119
158,8,20,13.323558,1044
354,302,14,20.092135,274
72,444,6,5.444247,724
320,442,17,9.317360,873
205,426,11,3.541736,263
382,145,5,4.062692,317
402,146,5,15.346254,424
185,345,14,19.198365,160
90,338,18,19.452720,646
240,348,13,9.432493,888
149,277,19,14.407132,592
107,192,15,15.027534,704
23,42,9,4.411875,292
281,387,9,6.825341,1051
127,3,12,14.349560,1161
333,144,6,13.578844,790
318,53,14,13.549220,177
155,11,16,7.531193,433
394,172,6,7.792397,552
342,179,19,4.234769,695
228,437,13,5.871913,894
176,181,17,1.442965,487
26,84,6,13.857368,325
89,269,7,14.004037,789
62,67,10,10.099338,950
137,45,19,12.169775,194
187,340,16,17.383421,389
314,357,9,17.689038,1040
409,271,18,17.496634,1021
402,228,18,13.402195,1008
446,282,14,12.064266,287
217,89,13,8.902812,495
365,406,9,15.230186,987
447,357,5,7.506794,1021
43,186,7,18.773737,1011
259,269,15,20.216127,828
238,154,9,9.629854,201
38,243,14,13.764203,696
256,101,7,19.939292,1000
438,215,13,6.431941,779
258,314,5,8.486852,645
417,312,15,19.289947,392
325,283,13,16.879485,938
231,142,11,11.594430,273
395,250,5,8.874717,560
243,17,7,0.038537,1182
351,205,7,0.707754,999
202,198,8,12.942306,464
421,384,7,13.681640,1045
374,400,8,16.988458,787
135,415,8,8.786430,541
359,152,17,17.006910,707
439,44,19,18.672612,813
147,186,14,2.262592,820
92,179,8,18.122791,957
380,35,13,14.480549,124
415,330,7,7.241793,350
135,147,11,17.138772,974
122,81,9,0.708369,239
33,265,15,1.177763,957
448,281,12,15.746375,753
78,97,20,9.410888,619
297,104,18,13.919428,661
332,299,10,9.331171,739
135,126,12,16.016082,461
440,52,5,10.173072,1178
355,5,6,2.546773,743
133,72,8,12.021095,251
131,282,7,12.411386,896
248,338,18,11.244937,142
236,143,6,3.152702,1103
145,99,18,19.349587,676
363,422,7,12.638122,652
200,289,7,18.597214,385
153,323,15,11.595827,869
138,287,5,4.102767,412
272,98,5,15.844072,137
392,128,11,13.233991,764
199,236,14,10.831851,167
102,107,15,5.507934,625
166,370,9,8.994176,781
247,223,7,19.805813,154
257,357,6,18.591677,366
183,412,6,4.954815,862
5,233,19,6.475487,634
32,160,6,16.171133,131
445,396,17,8.126013,167
399,67,16,12.484907,383
200,416,9,4.320208,237
54,10,15,11.573986,1127
184,51,5,9.807775,539
223,425,15,8.400583,1050
34,272,13,6.325372,789
335,282,15,8.214896,1164
244,355,11,17.078028,883
268,61,17,19.218776,109
100,204,8,4.941262,890
312,30,18,4.435450,188
21,259,20,11.850129,519
115,204,16,14.425606,714
380,77,15,1.069601,889
89,174,14,9.286311,908
140,231,9,8.328835,310
432,277,20,19.519885,824
123,175,8,16.050456,684
344,367,6,0.055801,513
249,368,7,12.748061,696
75,222,16,3.346039,892
125,141,10,11.505584,531
329,421,14,20.082567,801
146,265,8,17.297180,791
250,33,7,16.008110,498
411,354,6,15.635000,195
199,149,17,8.268846,775
335,302,9,5.191867,827
145,238,15,14.683193,859
52,218,8,16.074936,775
430,107,19,2.569452,906
82,2,8,8.568263,472
301,146,14,2.305247,325
317,211,17,9.644133,110
56,143,6,5.163610,1012
106,414,14,15.591914,1062
36,397,14,11.015328,693
448,48,5,6.699912,439
178,69,17,14.219257,851
443,418,13,12.550983,772
123,92,9,15.697031,909
166,435,11,3.170441,289
186,68,17,3.530089,895
380,123,8,12.845267,380
163,24,7,3.343470,1019
102,385,9,5.821656,929
184,378,5,15.083616,555
104,199,12,9.239462,1053
439,64,17,8.001746,991
290,444,11,7.830159,360
415,198,7,9.012367,277
180,230,19,19.224756,1015
396,425,9,15.625460,588
129,277,16,2.846345,712
87,212,19,14.746326,848
46,243,5,3.639325,308
151,80,18,17.843876,694
292,378,6,2.170111,1019
20,121,8,7.796796,984
404,258,17,13.261974,433
441,418,10,11.526018,802
22,181,17,18.655006,109
324,151,6,10.342377,1085
343,324,6,3.912863,1124
275,3,17,13.801507,1041
152,9,15,8.368112,831
243,55,19,15.953639,354
258,294,8,13.073626,371
6,186,12,6.746604,867
447,66,18,14.581758,1078
220,12,10,9.901983,386
233,23,7,2.433787,158
259,250,18,10.133802,184
222,164,7,10.857574,461
426,270,20,4.830783,902
29,424,6,7.651681,1166
370,252,16,17.266059,1118
236,91,17,2.491052,501
408,288,5,9.159258,1125
168,130,19,0.664868,123
371,293,10,13.916008,1150
185,8,18,2.449037,1097
168,441,19,17.907371,1096
272,10,12,16.605865,250
4,422,15,0.126299,559
223,448,10,5.414181,646
98,51,11,5.251257,532
317,83,6,8.568957,185
61,143,13,15.566039,885
286,129,14,19.934155,497
433,65,7,14.411673,979
437,38,17,18.817074,995
183,18,18,10.440512,1181
99,424,16,10.468417,462
56,69,10,1.136033,209
366,64,18,9.907550,406
156,429,9,18.115105,918
159,223,12,0.319684,1125
66,301,18,16.886044,175
439,298,18,17.107937,560
199,394,19,10.059201,698
241,115,19,17.890731,912
51,36,6,9.263651,464
302,77,10,2.562892,553
357,67,15,4.652478,837
384,297,19,19.840310,1193
90,361,17,8.501238,1081
37,1,11,18.665338,1093
147,142,15,9.901776,353
33,219,15,5.412591,666
126,406,10,8.307496,854
355,49,15,5.562188,1127
126,397,19,11.554207,683
264,17,20,4.577607,904
324,208,14,16.584415,1137
30,402,7,11.561509,773
383,184,20,1.070570,820
431,168,17,15.715429,1105
137,33,12,7.722563,728
396,65,5,7.227191,515
270,103,16,16.489135,118
412,183,12,8.920642,1099
354,192,8,1.512224,874
228,209,20,15.359223,396
389,119,11,1.565239,187
314,379,17,6.586271,885
344,354,20,1.302863,562
292,258,20,10.143619,1094
148,31,9,9.769171,169
89,168,15,17.625098,278
2,152,17,15.325941,654
373,18,14,13.688629,406
343,394,10,14.866351,421
182,279,9,2.173691,865
326,30,16,13.598785,767
419,43,13,12.290405,257
40,5,15,7.540024,784
112,293,20,5.317832,694
440,234,10,0.851232,911
30,54,17,20.210008,365
439,202,17,6.773007,1089
82,375,7,18.112465,682
64,206,6,0.375171,817
98,410,15,13.876715,337
402,368,18,2.127130,630
65,119,10,12.178652,723
396,365,19,2.965103,1196
438,38,19,0.381256,1190
158,237,5,20.050416,119
226,290,18,1.607915,281
338,320,5,18.203007,161
150,130,13,7.902290,168
409,114,12,14.413239,218
72,334,19,7.683786,731
42,13,8,18.474706,119
384,437,17,0.390795,683
338,340,11,17.836727,124
124,289,9,17.870129,781
201,218,5,11.218900,618
280,426,6,9.572771,307
106,256,19,4.682945,698
166,123,16,15.568526,437
107,71,5,14.537463,676
146,92,7,10.502220,1012
72,62,7,16.430510,172
251,173,9,4.864970,852
35,365,17,13.463045,933
105,4,15,19.785671,288
322,150,16,9.386456,612
247,75,9,14.748601,998
361,59,8,7.858093,307
238,48,9,19.596695,843
126,0,20,16.294934,371
5,342,5,0.159364,1028
78,69,15,11.587297,240
176,137,14,5.874385,1119
32,212,19,17.154594,196
434,231,13,1.493077,712
61,246,14,5.236208,270
373,60,17,15.030603,1173
132,343,12,7.469296,426
381,133,18,13.016530,320
192,237,10,4.714767,195
123,208,20,8.672178,861
6,65,15,2.498300,375
432,25,11,18.523426,139
111,327,16,13.705901,1057
314,212,6,19.462284,204
344,5,16,8.959437,399
195,314,9,4.640711,996
2,215,16,12.508512,250
127,215,7,9.866296,957
245,3,12,18.842923,537
274,26,13,2.268865,905
176,19,17,20.222556,333
282,135,16,13.202067,226
76,350,14,20.024514,294
121,138,15,4.006014,1190
416,326,20,11.480967,333
380,275,13,0.718482,414
376,343,19,2.654169,703
72,18,5,20.360431,826
69,422,14,13.874641,1055
78,294,5,4.704687,702
429,330,13,14.482174,884
225,149,5,10.460832,440
24,337,10,13.700961,1156
112,10,11,7.766112,302
292,362,16,15.731632,272
306,293,7,18.171828,257
233,88,12,13.824489,731
438,425,17,14.716600,369
179,22,9,1.642795,585
394,168,13,0.746687,1077
384,270,14,13.540576,969
310,268,20,13.289117,108
208,205,5,12.189026,685
381,195,16,12.070495,388
148,367,12,14.833544,650
45,80,18,14.746485,565
318,86,7,18.683375,615
341,252,9,2.156091,909
217,292,10,6.204015,496
427,302,19,4.800347,1170
368,397,13,10.801861,320
341,212,15,1.661314,251
184,234,18,10.269568,281
77,229,16,0.123223,867
25,155,19,3.980104,286
228,165,13,10.077461,1179
297,322,18,0.113771,437
142,16,12,1.887605,449
191,290,20,3.735341,822
390,212,20,6.553750,670
180,407,14,4.963775,625
90,261,20,17.996456,1068
403,190,12,4.773358,310
262,65,17,6.527526,1088
250,49,17,17.965574,261
173,59,20,10.061088,1187
130,257,18,12.165317,703
254,67,17,17.893420,144
361,71,18,20.260341,1089
261,230,10,5.850068,371
117,75,12,8.690078,1122
318,323,13,19.835571,573
183,394,18,16.778440,581
213,435,5,18.023816,462
96,375,8,10.970500,610
231,295,15,15.680743,904
93,295,12,14.489603,369
85,5,9,20.096917,140
320,166,16,2.924368,539
194,216,13,10.569798,123
108,245,7,18.186679,913
221,68,8,0.454023,562
283,65,18,9.634374,811
426,53,19,18.574114,625
366,200,11,1.543779,1080
335,395,6,9.754464,1033
425,12,20,20.152972,1191
384,374,14,7.765520,1091
113,173,7,17.466321,1044
103,404,5,18.850875,826
362,208,20,10.652808,304
249,195,13,19.705307,1143
33,304,7,5.147786,549
4,198,15,18.640155,1185
188,81,16,14.078373,506
66,409,8,14.580965,1153
448,406,8,15.560039,910
425,384,13,8.267498,767
48,330,10,12.396335,647
413,374,18,5.778919,572
31,49,9,2.179404,1184
278,335,14,9.830978,225
408,401,13,15.517626,160
198,316,20,16.671562,308
45,42,7,8.329798,404
299,72,11,2.900361,561
55,394,17,1.844790,706
285,101,16,0.900238,712
260,239,16,3.018961,756
441,321,5,2.081897,1132
157,240,6,2.719385,529
267,96,13,8.182528,667
281,423,11,18.347661,1150
225,291,7,0.696579,803
302,153,17,11.607457,471
422,322,20,4.139658,323
109,116,6,5.716796,1135
229,334,15,10.287463,708
179,223,14,10.482238,128
38,187,19,20.450645,287
227,302,8,20.072584,777
370,65,8,16.652816,247
74,209,8,15.235430,135
74,266,14,2.315483,677
109,384,15,16.258557,969
169,9,18,15.039117,757
177,251,16,4.360730,609
177,185,6,4.409919,934
348,111,8,15.711721,288
96,189,10,20.480899,549
178,174,11,9.661735,158
442,278,12,20.017207,284
61,218,12,5.406480,1159
340,262,14,6.598513,186
153,61,14,1.377824,711
295,47,14,15.337756,1169
387,377,10,7.867880,207
51,332,7,17.854710,1137
377,415,9,2.228761,1136
412,326,16,5.132659,494
76,58,14,6.540044,899
294,118,8,4.205891,179
100,298,12,12.361464,499
343,164,20,7.250004,104
201,59,7,14.677986,460
142,363,19,16.483287,1088
188,383,6,16.938369,1140
122,163,16,18.976883,328
155,154,11,10.411550,254
109,437,12,15.634999,758
286,251,9,1.663749,420
265,146,11,10.443898,994
136,77,20,1.075025,580
18,334,13,7.078296,1157
434,404,5,0.495675,298
435,54,19,15.212083,1197
442,436,19,0.653971,1136
169,374,12,18.703252,140
91,164,13,15.146424,393
59,366,7,8.683829,961
255,246,12,18.618497,825
396,130,5,2.296308,788
384,28,17,8.485643,537
314,58,11,5.624193,990
357,194,10,13.172717,402
378,238,20,8.216384,696
121,185,6,14.213099,254
85,428,17,15.705790,185
243,109,12,17.982332,955
443,399,6,6.764893,693
354,57,14,14.268017,802
369,268,11,18.323731,537
440,341,8,16.299775,327
130,178,17,8.852782,567
286,387,11,19.303274,1085
362,98,16,13.639287,531
238,79,14,15.236444,580
340,404,20,5.646276,353
39,323,10,19.336358,1133
440,165,6,12.525071,113
51,40,6,14.548726,266
355,286,19,9.707874,147
375,45,5,6.274381,147
217,132,13,16.648315,693
252,191,9,16.709349,639
430,149,10,9.856546,587
223,19,11,0.792589,186
366,213,6,8.459797,359
149,2,13,5.126705,1169
327,364,13,12.574739,442
387,129,11,5.787143,1149
105,343,5,17.633909,854
58,173,11,0.364115,162
424,135,20,3.464344,776
217,393,5,6.100337,987
73,431,19,0.901006,946
134,119,6,6.101017,1164
319,266,12,6.553813,1099
152,403,19,19.078671,149
302,123,7,4.047156,346
89,26,12,19.146985,648
100,202,14,20.221734,372
29,328,14,7.626529,704
86,246,13,5.253509,904
242,120,14,8.215932,1027
171,430,13,12.616921,298
137,409,14,8.946073,564
98,405,5,4.858070,603
226,199,19,18.184878,143
26,187,8,16.656497,500
112,397,9,16.530456,315
157,72,17,7.051380,1102
17,11,6,16.504603,1083
375,249,19,8.297830,1138
238,201,12,7.387568,722
293,193,16,20.177918,475
9,257,20,17.111013,1191
83,399,7,19.970142,847
377,189,12,11.171698,698
74,30,7,7.509465,1127
117,212,8,4.640580,233
284,11,17,15.136909,107
418,204,13,1.471596,1073
369,88,17,11.744593,844
156,116,18,14.976218,162
378,222,9,13.517140,947
81,375,8,0.022965,830
424,154,19,8.960910,946
84,10,5,9.932415,249
316,11,9,19.629616,916
340,348,8,16.691546,1079
242,88,14,12.204864,978
47,231,17,3.752731,940
386,71,16,19.398935,251
363,343,19,10.975231,839
119,353,14,3.384426,338
128,375,10,5.695920,882
357,189,18,3.366672,603
93,405,17,2.472895,626
44,17,9,18.125984,1181
78,163,19,16.556873,1144
253,155,13,3.872618,522
32,38,11,7.770429,188
212,131,19,10.244147,610
119,27,14,0.697852,1186
101,447,19,9.581622,463
447,96,6,8.221974,889
189,86,6,3.620502,224
252,123,6,17.833353,934
85,289,13,19.088205,766
22,69,6,20.215039,1133
286,425,11,8.655999,520
286,237,19,0.814898,171
65,166,16,18.158326,455
148,338,15,9.543571,456
288,237,20,5.644126,743
221,208,10,20.244619,614
155,312,6,7.732213,286
365,175,6,8.863132,1145
241,42,13,1.536670,444
43,350,6,7.943959,255
73,59,18,5.434530,566
165,247,17,18.298327,774
9,297,16,2.698173,1122
33,96,7,6.958234,476
129,180,12,11.813178,774
257,414,16,13.978223,735
164,227,17,8.819025,1164
418,441,13,6.171979,400
119,141,8,6.541130,974
281,335,9,15.676735,243
183,181,5,10.313387,690
186,295,14,10.256922,1038
197,312,12,4.941943,462
211,399,14,3.693012,449
47,403,11,6.444640,106
193,71,9,6.801928,1105
82,282,13,2.038186,861
123,185,19,2.637489,377
74,286,9,5.693214,1153
87,362,6,14.401359,826
323,192,15,5.194183,716
444,192,6,1.018556,849
264,346,9,3.464583,711
102,105,9,19.805060,997
133,317,5,19.493531,1176
293,345,18,14.938683,382
377,296,18,6.402403,451
93,88,7,6.997265,725
435,42,8,3.575034,281
151,287,11,11.190499,623
151,75,20,14.357952,1014
415,428,15,15.555889,545
64,203,9,13.043141,487
335,299,12,16.995218,1078
45,18,9,9.608740,283
37,171,6,17.789836,374
81,422,9,2.881768,652
94,154,13,16.212230,979
189,302,15,8.603396,1188
422,201,12,8.056515,1200
134,233,10,2.504686,585
132,176,20,20.343713,834
352,77,17,5.546857,384
371,321,19,13.488131,1035
122,352,20,16.972460,916
320,352,5,7.807168,579
214,350,15,7.532191,685
251,38,7,2.103966,1099
39,112,16,6.957522,346
335,16,20,9.458108,557
355,22,20,17.332582,706
441,212,10,5.948561,214
115,226,11,19.080478,778
36,299,19,3.590502,882
246,142,11,3.445624,845
83,329,7,19.633333,829
289,378,6,18.862649,823
365,30,16,11.772843,559
338,111,5,16.421299,640
90,289,17,7.800516,433
177,93,18,3.567093,1118
429,99,7,6.829347,903
210,309,8,9.062958,594
358,384,7,15.493719,751
361,199,7,3.299902,1078
440,132,18,14.915410,722
37,291,5,18.941362,706
46,69,15,17.668789,515
395,54,17,10.465604,107
181,207,20,9.926568,449
93,357,12,8.090464,240
64,181,19,9.301756,749
329,44,17,19.221541,520
74,355,20,14.595506,940
311,28,15,8.893345,227
73,441,19,18.316529,1187
319,343,5,8.679429,137
449,154,16,5.915509,161
47,219,11,14.190049,1000
342,82,20,18.114632,1041
174,18,8,20.437353,156
316,162,13,0.613598,1173
67,100,20,12.642361,1008
242,401,14,3.971690,643
313,252,14,11.887616,1139
68,164,14,16.939754,957
136,259,11,12.645503,904
307,410,12,2.492613,538
300,114,9,7.747372,640
449,99,17,11.690181,328
381,146,9,6.574547,1082
167,130,11,1.963524,931
442,220,19,16.861850,967
433,82,10,0.628313,448
11,372,13,14.971394,630
129,175,14,0.110488,1053
283,173,12,4.367509,1157
213,434,18,1.671803,848
368,96,12,4.768210,950
421,403,7,19.836073,933
166,213,15,10.452554,178
252,240,18,0.452886,105
109,250,20,16.416151,583
448,57,13,9.743454,818
131,305,20,0.589066,339
189,407,19,18.489391,981
50,14,14,8.557785,573
133,253,6,11.163235,928
448,171,7,17.538012,680
361,434,10,14.527980,819
86,30,18,11.503836,328
35,212,9,7.407357,1162
417,204,15,1.779719,990
143,46,20,14.097630,119
25,65,16,20.037195,565
367,383,18,8.367879,926
93,339,12,9.645391,185
29,181,6,11.871085,397
407,285,12,12.747626,1139
16,75,10,19.190326,161
173,42,18,14.645496,140
136,185,18,8.834346,992
352,223,15,15.539137,497
428,143,11,19.639529,559
70,415,19,12.706554,1022
50,175,5,5.293670,658
442,92,18,15.957260,317
371,281,18,2.750917,468
110,165,11,18.963656,347
316,442,18,1.117481,109
168,215,18,5.694918,285
240,9,13,17.361146,339
395,239,14,0.905741,887
414,357,7,3.152467,929
86,278,15,11.448389,673
40,92,7,11.440396,518
392,255,20,15.663301,450
224,448,6,19.775113,692
216,69,6,15.497415,589
363,132,17,17.514992,1161
185,113,11,9.308187,796
420,110,13,0.206077,834
359,174,20,11.728747,871
243,113,6,12.550401,415
181,197,12,18.421314,352
234,445,18,3.866688,560
379,230,8,11.377879,426
419,97,6,19.890880,798
369,347,10,19.010517,574
167,17,11,12.985688,629
232,267,13,13.536093,1179
407,264,6,14.527004,816
435,393,17,6.141122,668
58,163,19,5.060465,1138
181,81,15,17.722088,158
50,268,18,4.900316,401
183,20,16,0.562824,135
83,274,7,14.163769,186
133,82,15,0.962959,166
242,29,9,13.977938,378
388,354,17,0.864707,201
10,416,11,17.729163,393
439,281,11,15.156259,300
338,15,7,2.631301,997
210,321,11,2.286542,921
441,72,15,13.636850,894
420,85,11,2.194990,346
410,143,13,17.675008,805
241,213,14,9.940518,322
449,113,10,9.275742,603
442,426,17,3.472664,243
385,41,17,16.964803,1088
172,280,9,6.259372,774
297,395,15,16.742938,677
353,94,9,15.989290,562
184,402,15,0.690066,268
215,88,14,1.507130,726
412,302,5,1.757686,106
111,77,12,3.448576,1194
173,66,10,16.332700,1110
252,394,13,5.931876,605
157,412,12,18.111669,1144
308,362,14,11.651693,239
272,444,8,1.685789,908
293,148,5,18.428346,230
362,206,6,17.780612,120
78,368,18,16.522839,1053
435,143,7,1.697067,183
101,358,17,17.523400,841
368,172,11,9.587014,292
420,283,12,6.972095,235
236,438,18,0.007872,1118
388,391,6,15.793562,266
172,118,19,1.266821,706
226,202,13,12.410242,1091
293,175,20,16.891949,411
100,355,18,11.670649,850
86,21,6,15.890496,460
224,306,20,1.250325,707
148,317,7,16.951235,202
145,239,19,0.839373,347
85,104,19,6.724947,1031
120,156,7,1.079248,318
385,343,13,12.880821,927
285,192,19,9.503563,985
98,336,8,7.957714,178
270,198,5,14.543783,990
5,42,13,5.088605,728
211,366,17,3.505445,363
203,443,14,4.336617,1048
254,90,20,14.437780,125
266,259,7,2.972371,274
71,191,8,5.857569,560
181,423,5,20.255251,349
67,62,5,11.930926,346
308,324,14,19.730299,1185
395,29,11,8.122931,702
278,82,5,13.960488,1109
129,338,7,19.725003,540
133,426,7,14.528933,305
360,82,9,8.678653,551
53,353,10,7.802100,493
19,325,17,19.052834,396
433,426,18,13.445626,969
22,278,16,3.256133,251
250,271,9,8.307016,117
138,299,18,17.043997,188
59,118,20,4.020623,897
139,443,13,13.901869,1127
437,125,18,4.118558,363
336,99,8,6.499776,1051
129,354,19,17.542648,112
4,295,11,5.443044,972
30,283,17,15.457375,576
284,160,12,10.680526,824
79,205,14,9.189167,928
141,403,7,15.468698,893
388,322,10,5.402323,988
58,14,5,20.418675,797
122,2,11,3.741060,170
121,36,17,2.974869,986
61,253,16,16.591687,984
313,328,7,4.154440,933
253,0,12,15.919138,108
209,191,16,0.443203,1008
361,175,17,1.110382,599
44,308,9,9.868323,934
107,288,16,5.109820,550
416,332,13,8.995337,150
146,250,5,3.479065,873
128,345,5,17.552950,781
358,41,17,16.261310,389
73,263,8,9.917543,470
344,116,5,2.554954,956
121,130,11,1.667582,657
322,198,7,7.499532,695
296,9,19,14.018091,432
327,201,19,2.873377,824
385,189,14,17.146127,872
167,172,13,4.182122,709
151,74,17,10.215818,789
161,273,16,4.622806,1155
47,432,17,20.400234,383
62,205,18,8.617422,806
139,106,14,8.148448,323
81,25,9,5.151884,658
199,365,10,11.871021,871
290,39,20,19.675658,837
244,170,15,1.536710,1096
111,158,14,16.462680,1077
11,337,13,4.572439,630
104,132,17,14.846123,1137
350,438,17,19.698043,894
449,209,20,1.132311,400
420,19,15,2.539913,170
256,357,19,1.061606,678
252,99,16,16.375945,110
14,30,17,1.992769,897
30,203,19,3.399089,751
353,72,15,5.769667,468
287,388,11,3.473210,474
96,378,14,17.520329,794
380,31,8,1.749329,189
409,55,7,2.621080,992
363,425,16,9.525442,1165
425,266,12,0.201566,344
357,215,16,11.114257,1114
21,66,15,14.893629,987
154,205,7,4.749339,262
251,280,5,12.814626,504
437,55,13,18.751185,713
319,362,5,11.678111,1121
187,130,15,11.374887,1175
57,425,11,19.757155,550
443,407,17,9.802412,870
155,152,8,20.213403,709
142,316,9,0.250629,481
350,426,20,4.868407,604
351,438,17,18.154957,1139
355,228,5,17.156690,536
432,33,17,9.426337,1070
234,202,20,18.537474,1020
411,36,7,7.697105,714
263,45,20,9.448622,571
364,264,10,16.074933,148
144,41,20,0.881669,1152
417,169,5,4.280936,291
447,155,5,4.580623,830
388,348,7,10.613177,746
212,338,16,11.461435,1110
170,127,8,7.997320,606
214,136,13,10.719994,906
117,71,19,9.357136,564
68,256,19,12.564628,154
307,372,8,18.110639,1048
181,70,13,18.920319,733
126,122,16,1.939234,788
408,449,6,1.417293,439
105,412,5,0.340811,477
226,191,7,16.182658,877
81,84,9,17.343211,659
159,269,19,5.835256,244
364,246,10,10.896650,240
187,251,5,14.019114,1115
437,108,6,16.299845,871
282,228,20,14.865342,589
326,112,19,13.288537,977
170,307,8,15.123319,121
205,134,7,9.295668,675
250,353,6,18.804042,504
375,25,11,6.350358,1040
69,423,8,5.500330,827
361,280,15,18.662733,772
288,23,6,15.389520,431
243,96,19,2.973097,402
135,231,18,17.621938,799
95,117,11,10.579528,854
311,233,5,8.134889,762
445,98,10,15.224249,1135
141,295,6,9.886450,1044
33,74,10,1.839670,1059
408,19,10,11.068053,778
413,422,12,9.541193,198
113,426,18,13.127213,814
134,352,5,9.842583,1026
333,99,11,19.324097,513
290,110,7,1.018089,482
409,168,8,18.307173,376
152,274,17,10.659311,244
211,275,17,6.856887,524
238,53,19,11.153842,1034
3,132,14,14.768512,1000
407,206,10,6.648613,122
229,143,15,16.519737,628
249,153,17,5.911922,570
212,174,7,7.490115,502
310,285,14,16.727147,792
325,76,17,11.896109,489
416,173,12,6.275115,112
140,332,16,13.134952,672
189,165,14,10.866089,475
359,219,15,13.890756,424
319,324,19,19.737040,540
411,8,5,6.570838,1170
286,352,7,19.799903,1018
259,293,10,3.120418,446
367,171,10,8.805616,519
15,162,15,19.836458,393
398,295,12,7.420788,552
116,449,13,11.017432,1186
104,277,8,13.262364,882
320,81,9,3.603735,910
342,246,17,10.014202,276
303,383,11,1.732147,424
335,44,10,6.742120,475
85,135,10,7.082012,279
309,232,13,10.152653,923
55,330,17,8.084753,1043
368,65,10,13.636139,819
430,84,14,0.448175,863
41,45,18,1.196378,282
128,204,20,17.164736,788
385,259,13,1.713121,163
312,395,6,13.220647,305
303,202,14,15.455005,1025
7,284,6,8.106173,858
377,68,10,20.085565,771
141,2,17,18.665435,710
138,355,8,17.345479,475
92,54,12,4.369860,417
115,351,9,6.898545,430
68,141,13,2.756688,521
197,267,11,20.205761,785
370,25,11,15.332829,651
279,218,15,11.225762,885
34,445,8,9.702295,1093
219,331,10,19.033917,929
293,94,7,19.623834,333
398,329,5,2.449809,486
410,43,15,14.506026,1156
415,19,13,10.084376,353
305,309,8,18.184402,222
314,348,19,2.509995,1056
378,286,9,5.368628,604
134,89,17,11.463540,291
59,440,5,12.375403,864
231,136,10,1.660594,834
207,375,5,16.152803,211
282,50,11,0.284903,913
136,289,9,4.136975,549
230,292,17,1.493785,442
176,45,18,17.347887,285
421,198,5,12.788653,874
191,284,19,9.263935,955
373,232,16,4.420182,1043
378,190,12,20.409770,1079
239,106,7,6.947570,394
223,10,18,20.494472,270
351,316,9,18.549594,230
177,82,8,8.114134,955
26,324,10,0.061829,615
340,365,8,16.440480,1096
104,330,5,10.140961,192
273,58,17,4.749043,828
113,0,17,19.484221,691
318,423,6,19.933290,290
333,64,17,16.756118,380
284,396,13,14.676284,1163
24,316,7,5.534782,852
439,37,20,14.224120,351
184,158,9,16.528569,644
211,294,16,6.637753,948
32,63,7,11.538699,1099
417,372,17,8.999096,566
167,72,9,14.900399,532
393,14,6,13.579846,738
65,406,15,16.256904,887
228,318,17,7.943691,124
247,389,6,3.048200,752
58,47,13,3.768341,312
207,131,20,17.989176,522
89,290,14,0.921106,308
358,355,13,5.449279,664
297,430,18,0.005388,904
412,175,14,13.912090,701
340,204,19,4.727795,580
228,287,19,12.253704,273
62,438,8,15.357420,836
27,328,19,20.086981,1139
198,172,6,8.948742,802
288,222,6,18.675869,678
262,37,7,9.370553,1038
330,378,18,9.949939,1092
69,273,7,3.210522,1019
130,58,18,20.375452,647
323,384,14,9.808585,167
449,75,18,3.388550,1102
165,123,15,4.965106,751
380,132,9,10.736194,1080
63,357,14,7.041343,1116
250,341,5,7.157329,1150
252,183,13,0.755242,831
300,16,10,9.890308,753
449,155,15,16.573838,535
146,154,15,15.430974,116
447,261,11,19.846371,974
65,350,17,16.558899,537
394,47,18,13.567598,602
117,416,10,7.455140,778
127,301,19,0.515465,271
419,314,19,14.033571,318
6,228,5,0.383805,415
17,96,12,7.276765,165
77,42,18,15.895626,160
360,408,20,17.012525,534
396,228,19,7.600985,638
92,358,8,3.755044,705
225,104,12,1.709900,492
3,408,10,4.341870,117
309,6,9,14.961201,673
199,105,19,11.550030,173
398,243,9,1.993538,766
382,111,13,4.450139,411
45,296,17,19.366898,1117
322,247,18,5.983117,549
447,56,14,0.018756,854
174,39,19,14.665242,496
157,154,13,7.794199,113
133,140,19,14.992925,1042
69,331,11,1.618163,695
352,323,14,13.040593,681
251,341,5,8.004715,1066
430,352,20,15.740122,437
4,105,14,17.952764,698
10,278,5,6.251526,326
354,403,16,5.825447,1190
59,307,19,10.841729,302
346,138,19,1.339297,221
289,36,6,3.743453,1019
93,198,16,1.115715,309
65,161,13,11.894181,356
393,231,14,2.900040,874
396,375,11,1.919063,228
184,290,8,16.633503,462
346,120,9,2.989095,527
91,290,6,1.871234,145
338,349,8,12.196473,545
271,107,19,6.099519,750
441,80,6,4.826929,346
231,9,20,1.377807,1112
317,322,9,8.714381,1058
213,283,20,7.158550,1192
33,355,17,12.565861,248
257,207,8,10.730100,1090
107,100,14,3.859278,1199
349,7,5,14.342333,826
126,436,12,3.108543,1131
110,136,13,10.903278,223
7,408,7,2.185761,873
185,383,6,7.970469,1018
210,146,15,5.279129,145
261,422,8,9.667059,944
399,248,10,2.707196,239
42,26,5,14.469142,966
251,45,12,5.365869,291
387,180,16,17.787007,209
379,78,13,8.675457,568
2,227,20,11.992690,760
292,211,13,13.006940,1030
202,429,12,1.423118,671
52,227,5,6.058229,1076
255,259,6,2.811076,338
408,349,18,11.694501,823
368,367,9,17.367341,552
229,110,12,20.107985,741
52,176,11,12.834060,583
30,3,12,13.028145,692
126,317,9,9.549507,719
96,227,20,15.581939,329
63,28,13,8.694346,454
102,389,14,7.634632,227
403,391,14,10.562159,985
93,395,15,8.334333,433
206,280,10,20.092898,182
275,199,7,7.425813,299
250,366,13,13.126686,836
417,198,6,20.055096,213
338,286,20,6.737704,825
99,211,13,16.041391,1172
143,319,14,17.202089,433
308,122,20,14.713665,1078
3,341,7,19.909972,723
239,174,10,16.698233,149
130,141,14,11.774684,1185
269,11,9,19.240316,382
267,192,11,17.838632,616
271,205,6,19.209139,1032
449,216,16,4.255349,907
243,22,12,8.167262,751
278,301,15,3.909144,103
380,267,20,6.422965,872
45,109,18,1.048678,746
154,40,10,15.150551,322
422,219,8,13.065213,585
24,66,19,6.167416,415
323,297,5,8.155037,406
89,66,18,13.415842,634
62,113,13,0.726284,333
437,231,10,15.648853,531
216,210,9,17.212341,683
412,131,12,10.656616,1104
95,264,15,5.577006,720
7,145,20,17.116738,846
400,271,12,4.085652,741
415,235,8,7.400931,550
308,201,7,3.510684,912
332,35,5,10.958284,530
7,133,13,16.441367,127
113,212,13,2.807397,291
432,421,12,8.699883,561
278,288,20,11.075531,129
292,227,14,14.567319,649
181,260,10,19.113401,508
134,417,12,4.213751,107
105,258,9,10.800937,886
47,8,7,1.040025,804
89,198,10,10.157381,345
265,113,20,18.118658,1197
77,359,11,20.414459,1194
420,291,6,11.742108,480
304,382,11,13.553657,758
326,364,19,18.734997,679
48,233,10,14.326780,299
359,118,7,11.074787,396
123,394,10,10.898939,782
328,260,7,8.762218,115
393,265,14,4.068788,553
288,52,15,16.703382,383
80,308,5,17.769922,1064
95,447,19,16.576373,1102
24,274,13,4.357115,261
151,158,10,9.938306,804
373,128,13,16.478676,1049
153,266,10,8.284204,827
369,94,13,0.766217,155
40,330,12,10.673561,313
447,148,10,2.671853,883
293,408,16,14.357428,1104
22,117,15,3.028144,1189
422,296,5,4.773365,484
303,176,14,7.924984,685
363,346,6,8.613611,696
250,113,7,18.235827,1036
168,402,17,14.224796,831
371,301,17,10.281796,232
416,356,18,7.831008,483
309,237,6,11.138202,1105
439,210,7,3.886333,844
220,46,16,1.632006,827
316,29,6,12.380534,1193
3,184,6,19.307551,488
360,89,6,17.617056,627
392,304,20,15.960600,513
118,5,14,0.565166,1083
241,131,7,2.979980,865
28,348,13,9.084243,412
352,138,10,15.066306,324
147,360,19,7.714115,1097
242,165,11,19.240866,581
391,258,6,12.080000,433
354,369,6,11.354781,439
418,190,14,14.733029,168
325,196,20,8.350052,470
361,58,5,17.717411,708
68,131,11,3.032551,440
384,141,8,14.469455,165
143,341,8,16.844772,760
354,363,16,9.941928,337
323,346,16,12.457947,445
416,76,13,16.814965,1050
195,212,5,5.583165,389
225,423,18,10.945101,857
359,227,12,18.168018,522
395,354,10,5.859931,525
100,28,7,18.990249,467
73,91,14,7.788443,1139
47,150,20,6.103409,1168
389,331,18,20.147621,672
138,362,11,13.705002,1089
403,189,15,8.137233,794
355,21,11,4.819498,529
11,56,9,10.584898,735
381,71,17,8.209166,144
431,387,16,5.675609,131
345,208,19,16.295565,584
165,280,18,18.652736,612
333,73,19,16.421106,470
287,328,10,11.836475,279
314,113,8,14.766296,139
353,424,14,0.009545,856
393,107,12,5.959925,1065
387,97,11,3.119178,878
232,35,20,5.862167,324
287,114,16,10.486933,240
384,333,14,9.855072,299
125,408,6,10.172898,362
41,48,11,15.957804,656
194,293,8,3.697548,963
153,193,14,2.553817,203
97,150,6,7.017156,745
108,126,19,15.735703,737
54,199,16,5.481264,788
172,47,11,18.351747,613
57,411,13,4.061825,690
20,325,6,15.534080,1028
247,314,17,13.872066,975
40,397,19,13.380753,417
202,44,12,5.124965,1015
215,103,17,15.500753,764
326,365,8,0.994516,211
431,135,8,9.681567,950
71,402,16,20.306481,508
187,366,11,14.329344,994
350,252,19,9.758153,1091
415,0,16,20.054794,621
213,177,10,15.080167,988
341,282,10,19.270014,965
116,289,8,1.329975,1187
25,51,15,2.136575,293
61,440,5,15.891387,438
415,412,7,1.183005,1194
370,62,11,19.878426,149
87,289,17,17.396969,1136
146,33,18,11.698344,289
252,232,20,13.899276,970
385,2,13,18.414230,367
116,79,7,4.431258,1080
91,107,16,3.265581,769
397,136,6,17.482423,227
380,345,9,17.071809,1098
396,349,14,7.841801,269
329,84,11,9.459609,1025
20,440,14,4.146554,308
177,422,12,14.392063,650
337,373,5,2.538784,1137
27,401,18,5.077766,991
25,345,5,17.481912,208
160,328,14,17.237283,849
93,117,11,2.025059,892
272,443,10,19.276716,115
329,186,5,18.098863,768
421,86,10,19.814943,995
83,293,16,6.243170,572
116,80,11,20.153107,327
293,78,14,11.434461,1153
303,413,5,8.846602,263
136,362,17,5.433994,484
243,177,7,4.804125,585
288,18,9,13.482010,904
36,3,18,7.846778,743
230,392,14,17.001371,869
259,33,6,17.782132,245
224,110,15,4.604196,513
377,309,14,14.878021,242
317,65,6,12.344665,576
194,226,9,3.329366,1165
314,52,20,19.748509,1055
264,166,11,14.175901,680
439,346,13,11.338100,1168
275,375,8,15.112539,882
263,30,11,6.018751,628
370,165,10,7.877654,967
35,399,13,11.345105,367
103,38,8,16.684232,229
263,415,15,10.888916,509
99,184,10,11.840408,727
372,105,15,4.622906,409
171,27,12,8.782730,358
136,227,18,5.155951,224
322,338,9,9.150541,1105
208,165,7,7.651350,728
258,9,15,8.805396,365
221,316,13,1.106705,224
19,351,12,13.531427,149
86,328,18,15.408748,751
63,339,15,10.139813,759
230,205,16,4.757617,942
264,356,10,15.309076,1196
35,293,13,19.366188,522
122,215,18,0.057854,469
300,415,6,20.012833,661
239,445,15,14.608460,1136
196,184,10,0.747159,205
313,398,10,4.730822,465
417,398,6,8.196881,774
179,33,9,6.392097,1145
344,282,5,15.894118,188
181,251,15,4.146607,410
265,263,8,15.008943,653
98,172,19,5.300021,924
433,143,18,19.177219,180
202,362,9,4.301760,346
184,354,9,16.053744,365
159,83,17,12.052943,354
133,68,5,19.348876,749
169,425,11,19.941705,765
104,160,16,5.859081,696
353,335,17,10.208661,175
87,41,15,10.451317,127
195,130,5,15.682338,540
190,59,17,5.333572,1127
104,413,11,16.451709,1073
204,145,7,13.996287,516
313,168,20,1.943334,1089
367,436,16,20.178747,374
59,374,14,17.410094,667
318,337,17,12.220264,882
57,259,14,16.463294,385
12,413,7,17.536298,174
53,222,8,3.012267,343
21,275,13,13.071793,1001
444,379,8,2.512106,999
408,76,10,7.253128,942
121,359,6,17.837685,840
142,166,15,2.023309,548
288,272,17,17.649790,817
327,265,7,15.355988,1057
31,361,15,10.847595,168
353,312,17,16.611110,1106
21,330,12,9.912032,1043
6,429,13,5.033711,1001
87,395,19,2.486413,458
19,26,6,14.471852,951
192,307,9,2.837599,207
45,230,19,0.003669,1061
408,243,13,15.192551,534
28,227,17,16.467307,770
80,150,11,16.944561,859
82,177,16,0.551283,885
312,396,20,3.820544,334
305,348,18,12.491023,184
428,70,14,2.278335,169
295,369,17,12.759793,195
435,99,5,20.364447,815
434,315,15,15.131804,828
211,137,5,16.229357,575
77,24,8,2.868702,1182
188,38,14,10.787374,740
133,357,17,8.417566,451
274,383,17,15.739893,292
430,8,14,12.681485,1077
263,354,12,6.831773,944
410,56,16,7.468826,434
345,18,14,9.567185,373
217,312,10,20.206852,115
218,427,12,6.838984,687
357,119,7,1.225694,686
270,16,12,0.948985,1065
16,190,15,12.107496,1076
355,25,11,15.454722,105
163,435,20,9.064229,939
86,395,5,6.072103,849
229,364,10,0.590376,222
265,360,8,7.086694,1109
245,367,18,16.878015,198
418,372,10,7.438745,989
362,61,19,14.234566,770
187,170,10,6.131867,885
54,367,5,19.690241,410
52,226,17,5.509387,647
331,365,17,10.372110,567
95,9,5,4.439833,547
246,350,9,3.868534,610
346,168,17,5.000556,1031
436,329,11,0.612459,1108
192,132,13,12.737726,1199
67,76,10,19.064614,1027
200,294,19,19.379155,512
1,0,19,0.721514,1055
332,184,17,2.366614,438
405,379,9,18.477878,400
291,103,15,1.032582,1000
223,449,17,14.451156,335
6,241,20,13.328959,299
227,291,18,14.983798,192
401,271,5,1.871289,850
272,219,15,6.272012,489
447,290,15,9.301860,217
202,145,11,1.006958,923
430,144,5,9.736602,443
317,72,5,17.506313,586
248,323,13,13.180640,941
374,299,11,12.845768,287
418,423,15,19.826825,498
374,274,19,11.113925,680
268,309,14,8.790229,953
351,78,9,14.697166,805
255,43,19,14.483660,1104
315,149,17,16.623275,443
44,50,6,17.133678,705
238,62,12,1.819349,737
71,118,7,7.984360,939
179,366,5,9.262813,704
153,357,15,11.748206,321
121,251,5,9.072024,727
139,133,12,4.003227,774
40,133,18,15.506046,1192
187,324,6,5.145185,234
342,404,6,16.582562,1075
291,325,9,2.310006,240
57,41,5,1.572151,606
18,378,7,11.067152,284
74,366,10,12.057489,811
3,129,19,7.804216,1086
51,382,11,9.668170,941
16,68,12,14.560829,576
438,424,16,14.542281,687
249,23,10,19.479507,573
434,257,14,11.720169,497
349,306,15,16.155837,151
445,211,18,2.296067,461
421,280,11,2.298255,1097
332,155,15,14.435255,468
144,101,15,18.900980,133
8,76,6,3.938829,980
65,89,6,10.957143,805
103,317,5,6.720039,269
147,174,7,7.830075,172
271,369,17,15.403929,846
376,238,16,11.728520,319
213,444,9,0.738881,1032
96,84,5,5.528753,360
176,168,18,11.157791,472
259,88,15,7.722311,412
2,442,7,3.657137,708
438,196,8,16.041800,541
356,364,9,9.545064,192
81,63,16,19.019086,513
30,14,11,0.030894,944
444,119,7,12.565490,108
52,96,18,0.740429,290
377,110,19,12.938660,505
423,288,9,11.800933,1129
318,1,5,9.157463,804
390,80,18,5.429142,1011
401,202,13,18.719460,159
258,80,7,9.321616,123
322,435,9,11.389176,663
182,349,18,7.220220,371
179,261,7,15.426220,268
135,163,18,18.869721,677
197,231,6,20.021840,1200
257,334,15,7.571470,273
397,448,20,16.640090,104
156,297,9,5.573039,775
248,364,15,19.333046,983
423,25,7,7.707015,355
72,307,16,8.707460,372
291,347,20,10.507398,1181
425,232,19,20.224923,786
362,130,7,15.592286,373
344,14,9,12.040309,472
156,312,16,8.106676,368
118,38,16,12.333536,399
367,55,10,10.865546,889
307,261,5,1.011361,613
405,279,15,18.046612,150
356,80,11,15.790829,995
404,335,18,17.331262,1083
68,283,5,6.002404,135
327,426,13,10.494190,213
286,270,18,1.184756,402
347,411,5,6.741363,241
56,290,14,19.688210,912
84,287,19,5.899128,1182
359,293,6,13.450883,723
133,443,11,3.082909,471
48,240,8,2.094041,392
6,399,5,2.157669,498
431,223,9,12.205307,507
242,283,20,5.805057,490
276,391,14,6.495524,290
412,23,8,11.747684,625
124,323,6,8.415862,744
251,322,13,18.325513,811
379,109,14,5.017561,139
129,170,8,13.663391,1122
329,295,20,17.978786,1094
431,104,12,7.326749,509
307,39,5,8.867860,1044
333,60,20,4.615356,1109
274,132,7,7.047017,377
103,133,6,19.446941,619
285,428,16,5.453786,674
97,68,13,2.108897,1023
106,358,5,18.253836,826
427,408,7,6.100024,615
107,256,9,15.659300,513
233,342,9,4.126860,1011
385,219,20,1.794961,980
398,137,18,3.348878,195
11,442,15,5.064512,721
399,245,9,18.915040,778
155,399,15,19.751965,151
235,92,18,4.248265,804
108,57,12,9.707106,1158
262,432,7,8.385432,537
333,219,17,14.324626,280
224,430,10,2.518030,556
435,77,19,2.687820,1027
405,207,11,17.045954,333
354,271,13,14.126778,1053
250,382,20,3.587108,758
351,274,16,0.513741,657
331,384,5,16.074948,391
18,4,5,12.760637,373
444,68,20,19.691423,808
22,125,15,12.526590,519
78,395,8,13.700939,843
401,129,14,2.399685,479
239,438,12,10.678653,228
176,304,8,15.753571,630
44,191,8,18.690203,1009
228,217,19,10.814541,328
91,400,8,8.010339,816
153,366,20,8.885190,248
5,365,5,11.223360,664
435,447,15,5.005634,240
260,163,16,4.888452,479
196,42,17,16.905017,667
401,86,8,17.821907,1045
88,130,18,6.465790,418
7,307,12,6.720170,366
316,415,19,10.856356,387
323,224,15,13.484372,557
421,290,5,1.604559,813
326,298,19,8.668612,960
225,307,13,18.703497,501
206,266,8,19.546010,931
39,109,10,14.861784,574
223,22,7,13.763117,273
271,413,18,12.788039,288
181,285,14,13.040508,105
33,122,20,8.167235,353
436,281,12,14.425285,637
358,279,20,7.399902,886
151,319,20,14.651353,827
238,138,19,18.303499,1080
374,26,8,3.739274,599
339,227,6,13.961024,768
82,224,15,16.643064,663
118,106,10,2.114192,715
1,10,6,12.436453,444
406,106,18,14.535630,444
124,445,12,13.735674,394
202,443,11,12.202329,458
272,410,20,19.658577,594
227,418,7,0.847283,844
324,228,12,8.655280,981
170,418,17,11.457310,611
195,74,9,3.206156,1042
400,48,20,16.430008,912
321,19,16,5.553477,250
408,236,16,7.220074,582
391,98,10,6.493079,782
329,245,12,0.009417,108
278,166,5,4.526562,315
434,304,11,2.288090,1062
266,195,6,2.324866,911
423,123,12,3.297142,672
335,18,15,14.562696,371
351,16,13,1.859184,847
422,118,13,6.585331,456
207,330,12,3.772926,1152
287,448,5,5.745711,1114
147,34,7,19.333000,293
416,324,8,8.759570,1058
246,143,13,13.975285,578
109,190,5,7.003127,152
439,388,9,9.999897,339
161,352,7,6.940306,654
33,377,7,1.815196,1200
58,0,14,5.319564,741
367,38,7,5.973382,941
14,184,12,1.872396,276
318,171,8,9.608320,347
167,14,16,11.231050,107
285,264,16,7.205978,888
332,159,13,13.532296,1074
356,207,20,8.804934,269
184,271,19,7.693915,102
82,365,11,6.180361,232
132,326,13,13.790275,154
39,151,13,2.487530,965
268,141,5,15.004574,222
113,17,11,11.358275,999
378,292,15,6.009977,1114
268,297,19,1.864768,1139
298,336,12,8.069106,285
37,256,14,1.489347,876
302,427,14,15.880269,682
110,424,16,5.197487,737
187,208,5,13.027185,1136
64,259,8,13.370399,485
157,348,15,2.401537,176
420,409,16,4.689511,527
2,326,13,18.692871,343
342,31,15,14.570591,111
338,63,14,4.152196,154
103,49,6,6.024580,1175
382,257,13,13.984922,1199
267,44,18,19.379154,653
385,355,5,6.176886,649
37,3,6,9.900535,794
259,91,9,10.419399,679
126,220,12,15.150635,597
251,438,20,18.861798,1123
363,66,5,20.408073,348
428,108,20,7.344802,352
442,399,19,12.314151,877
313,237,19,17.694176,741
114,28,6,1.192436,754
105,109,8,6.683422,814
249,9,8,18.086112,938
255,429,6,8.239246,487
187,50,11,17.931874,768
134,191,6,15.080296,961
45,332,13,16.949995,1163
219,179,16,15.728796,400
67,96,5,18.836292,901
411,386,18,5.379979,536
131,187,18,14.159555,889
340,346,19,16.684460,429
217,428,10,8.027829,782
225,7,16,11.510707,667
162,322,9,17.890281,823
186,275,19,2.482788,1161
363,38,11,6.886262,455
306,310,15,11.583118,552
83,15,11,10.445765,584
222,185,13,12.807690,574
393,0,17,10.516266,1195
285,103,13,6.596036,1039
393,365,18,6.709636,906
204,156,11,17.476731,748
138,56,16,1.145272,358
7,146,19,4.574952,1164
266,165,7,17.785529,159
156,141,8,12.529024,571
411,201,5,10.081656,539
100,358,6,9.332248,1061
28,198,14,1.452178,136
5,174,11,11.283606,966
390,189,7,20.312157,726
1,376,15,20.389901,681
156,352,7,8.540946,975
129,162,5,7.394116,1067
412,77,15,1.570949,266
416,204,5,19.029696,538
236,356,20,2.215777,273
17,392,8,7.588320,918
309,99,6,8.795685,285
446,125,11,1.856710,748
8,323,19,0.967734,464
407,8,13,7.114082,434
348,167,5,1.818218,555
301,321,20,3.263885,162
345,5,16,2.949686,109
19,278,12,12.476893,827
431,265,6,12.925368,1111
145,90,6,0.423384,967
448,143,17,12.071783,381
350,159,15,13.049358,390
64,425,5,1.719700,522
105,249,14,8.535149,797
64,39,9,13.034785,1142
315,20,8,0.540326,148
357,339,6,17.769596,693
283,26,15,6.567062,958
35,220,11,6.961936,837
407,128,18,4.335882,693
367,213,18,6.889524,285
163,290,20,13.573712,526
372,137,6,13.901155,926
194,338,18,2.307893,1031
15,440,12,14.328119,853
424,342,11,2.859636,1005
274,265,6,13.047297,1175
163,441,8,19.429225,530
161,231,18,5.629115,243
313,318,16,7.721709,282
95,67,13,3.768266,822
75,440,20,13.080933,497
187,120,16,18.115400,393
167,22,12,14.041278,837
411,50,7,8.395413,854
280,341,19,19.940390,1182
426,385,7,5.624168,180
294,134,15,15.701402,899
111,291,9,6.115140,548
69,265,5,6.209809,951
354,46,17,7.663179,456
155,7,16,14.411384,1170
15,185,14,13.417654,623
300,183,18,3.664527,522
384,149,13,11.146822,1086
160,383,5,5.800085,199
30,52,6,10.463117,582
128,381,15,5.186334,868
433,119,18,1.112961,496
156,6,14,7.532849,371
236,206,20,17.652817,976
114,211,6,6.944699,301
35,128,16,6.243765,1081
21,415,8,12.961322,142
230,83,11,2.002349,824
250,273,11,14.910267,1104
298,353,19,18.529098,509
154,182,10,11.813759,299
85,137,6,5.504047,264
124,58,6,2.657377,1145
300,79,9,20.313902,294
317,73,11,14.329961,596
257,149,8,5.746362,223
228,37,12,18.359509,363
313,2,18,11.602529,831
359,121,19,20.448408,839
273,436,18,8.740220,647
112,210,18,15.694729,650
133,104,6,4.049383,508
385,98,13,4.763846,233
96,110,16,2.684955,868
83,208,15,17.033687,919
448,116,17,13.886963,860
151,73,13,16.310292,863
217,103,7,5.978094,222
103,116,7,6.357311,137
159,150,13,20.264336,1165
60,44,10,11.400493,750
442,392,7,17.386725,454
59,53,13,12.461727,1027
411,112,16,4.890518,920
321,153,5,13.937749,204
340,90,16,13.690502,358
44,169,6,1.478599,909
242,98,5,0.855221,533
428,73,5,5.058682,792
41,404,5,4.616116,1009
179,70,18,4.076466,555
105,206,12,14.396290,1021
25,398,19,9.686837,291
263,309,6,12.681156,491
356,367,11,17.977232,197
283,229,12,19.330459,549
105,235,7,4.546555,781
449,397,13,0.888698,1109
366,321,5,18.538995,263
255,332,19,9.168787,225
209,41,5,4.025765,718
348,351,5,14.738380,390
84,113,13,14.664694,133
394,382,18,16.178286,1079
222,271,12,11.913128,989
63,243,5,1.372179,115
200,423,15,15.234382,360
51,19,19,5.087319,285
207,15,9,4.041443,211
331,270,13,5.728947,1083
186,321,19,18.773974,404
148,97,11,11.506310,998
160,268,17,18.297510,492
431,5,15,12.286738,531
405,174,19,7.467631,606
22,355,15,4.386755,467
20,364,13,4.258758,188
426,212,8,15.753692,689
343,230,12,17.796920,393
93,102,17,0.374158,272
124,246,13,13.141965,675
232,389,20,7.982270,305
284,130,15,13.272747,507
24,8,19,1.806825,361
299,431,14,6.211534,734
340,56,5,12.483447,198
264,55,14,4.540396,154
95,30,16,7.723990,1127
408,271,12,18.943918,645
220,65,13,3.756715,357
93,113,9,7.631802,192
244,3,16,8.209016,1048
342,408,18,5.258795,213
441,428,16,11.376841,246
360,174,19,4.912332,243
252,248,18,19.643605,1034
435,205,6,18.935036,1051
49,219,6,12.614631,744
262,445,10,15.284986,295
349,23,11,5.928074,638
170,57,14,15.927483,178
346,415,20,4.258370,274
212,52,20,12.957369,1088
144,36,20,8.515891,256
229,438,9,2.403746,1111
41,17,15,2.777680,700
379,272,7,13.852934,999
169,35,15,7.467753,507
385,426,18,13.199517,1011
364,167,14,20.030215,1013
168,366,18,16.837229,890
180,29,9,9.415125,984
426,49,14,19.163306,515
185,306,6,3.218246,386
0,107,12,13.396860,215
142,70,12,17.731113,1040
348,191,8,0.564532,556
278,352,5,15.759272,524
167,75,15,12.645352,546
103,255,16,0.670030,1113
375,350,13,3.382018,109
186,227,6,9.598988,887
123,14,16,6.307544,839
298,437,9,17.300669,291
171,329,17,1.929978,645
427,226,6,3.233123,1126
0,195,6,5.972392,863
149,227,12,3.457471,532
265,278,7,5.872867,248
218,426,12,5.567140,766
298,212,6,7.083579,283
232,335,11,4.925026,473
436,407,10,15.294737,758
317,105,10,16.796951,366
82,415,12,8.002252,589
120,168,9,8.905611,473
272,101,16,17.155456,698
36,362,19,0.573968,425
240,341,18,1.548824,893
82,309,7,5.674277,1193
89,127,11,0.501293,189
64,407,15,16.456047,331
258,416,9,3.412751,137
179,126,7,6.337529,313
246,401,18,8.060859,203
9,119,12,19.683939,221
369,92,12,9.168710,121
389,128,15,16.707018,781
245,332,20,16.461967,722
368,136,19,0.794447,521
277,126,6,18.185815,153
218,111,13,13.218028,379
59,117,10,8.810637,934
184,90,6,15.490130,267
445,10,17,9.233884,1151
56,5,7,7.215719,572
4,436,12,16.212034,176
101,18,15,3.669337,321
445,411,10,8.095324,115
39,62,12,12.889103,764
115,238,7,8.480210,576
218,261,18,16.565220,679
72,52,15,2.035440,780
346,144,11,8.212557,514
129,137,10,10.526481,276
0,162,7,7.110013,361
5,43,20,6.016409,953
228,433,9,14.893456,1012
215,101,7,5.351019,928
369,86,18,0.193787,720
119,416,20,10.628266,1181
437,255,16,11.525898,462
298,23,13,11.526931,393
250,27,10,0.814110,354
409,285,13,5.209274,1106
326,401,13,19.346975,674
449,144,8,5.040385,833
274,137,16,3.334661,708
111,62,5,6.983599,1016
66,329,17,10.442315,738
446,187,12,16.267308,713
21,71,9,5.219652,728
153,86,15,4.505180,535
198,128,8,19.930890,158
228,41,18,0.704261,119
111,191,5,9.274645,174
295,423,15,5.351015,1199
208,229,11,12.396988,120
382,227,11,9.447936,476
166,16,16,2.867164,530
99,113,6,14.204722,1158
354,186,8,5.441056,1031
104,307,7,9.736484,747
135,281,13,18.627088,1151
372,326,7,19.145878,202
359,209,5,13.497225,276
359,409,6,12.473439,787
102,31,17,5.427811,747
77,319,13,2.972048,728
325,170,7,16.730005,539
215,182,11,13.027372,130
8,235,19,6.967578,525
214,312,7,10.343881,1160
20,77,19,0.124570,1135
442,172,7,11.589610,473
18,156,15,6.689290,359
110,161,14,4.884215,862
145,198,20,1.232468,1107
237,301,7,16.838732,238
354,434,6,13.161559,291
311,107,7,13.923968,866
8,208,8,4.015389,1041
421,155,9,11.142135,1199
377,126,11,7.846426,347
154,365,10,11.999658,989
170,17,9,7.569982,578
219,21,10,8.502612,316
226,267,15,6.301672,664
325,345,10,7.406483,532
365,215,14,7.736146,1171
209,151,9,0.458238,402
428,357,12,2.493864,887
67,8,5,1.588645,521
356,91,6,6.549626,1013
268,126,7,16.242803,904
108,240,18,9.666418,825
305,180,20,9.553770,988
253,301,13,16.002062,668
239,194,15,20.007020,719
329,336,19,13.309340,964
165,187,12,7.501825,137
76,82,10,2.459234,1044
110,199,6,2.247544,479
356,57,18,11.902165,208
372,376,14,10.716636,113
94,375,6,12.395731,813
27,180,10,9.012822,1016
199,60,17,16.368506,904
93,129,8,12.976974,232
422,285,15,5.188026,348
325,58,12,10.038216,1120
87,0,11,8.192055,707
37,235,10,17.815958,766
347,172,20,9.612434,543
369,179,8,1.509453,881
121,341,11,18.896711,849
379,148,19,8.642714,1095
251,232,7,5.111287,957
74,174,13,12.194273,308
321,187,8,17.743310,1164
225,141,5,10.278893,490
60,375,16,17.320070,824
120,443,6,7.709227,566
267,184,8,18.788413,443
25,220,12,0.788192,385
254,437,16,8.773972,660
205,168,17,5.115842,959
115,321,17,14.346547,317
272,433,17,7.261406,264
366,180,19,12.783929,428
311,65,5,8.694559,642
233,345,11,18.252719,1140
278,79,12,12.806792,772
218,177,10,20.287748,963
39,159,10,2.311412,768
161,91,11,17.430959,179
269,99,7,20.248582,169
221,206,6,9.526701,502
193,306,13,4.903654,952
6,92,14,8.510130,633
156,385,9,0.083346,508
24,147,14,16.539384,1112
267,224,14,14.026436,134
440,185,17,17.359400,566
164,65,19,0.635514,254
234,43,7,10.020282,530
236,369,20,8.563034,250
311,200,14,12.211107,300
252,312,10,4.993906,913
440,317,16,20.102746,1051
177,405,19,20.062183,660
75,409,18,13.454400,1130
446,274,12,20.333167,616
121,231,6,6.417433,488
111,292,12,14.965109,243
53,245,12,5.185706,769
225,68,17,20.188549,1167
216,183,14,5.096264,931
98,81,12,4.396649,466
377,179,12,20.030656,737
181,62,7,8.817694,555
141,13,7,14.973494,483
341,176,5,8.072499,626
324,323,10,4.021903,485
380,424,9,17.144426,712
51,131,10,4.165347,1165
239,331,17,12.333100,1166
38,329,5,15.264616,287
430,343,18,15.108853,581
275,402,13,13.386631,147
399,437,9,4.881573,561
184,376,7,8.751721,928
225,334,12,10.468821,672
90,440,15,19.047305,588
13,407,19,20.141920,549
436,23,16,12.287471,1057
136,346,19,18.314817,377
312,116,15,10.267988,180
346,215,15,14.671551,442
112,366,12,19.986784,328
111,243,19,3.846181,733
270,403,15,1.915325,268
307,408,11,3.734940,724
129,119,12,2.004666,1033
90,380,7,8.716004,752
294,328,14,4.871318,641
345,54,10,16.070637,509
200,223,6,17.020739,994
8,14,13,9.817487,828
372,140,6,14.979520,960
320,129,17,7.361150,388
38,369,10,0.074555,1125
57,134,16,6.653375,291
75,423,8,19.461595,371
248,106,20,8.485725,270
337,433,12,8.066950,443
369,44,8,9.202374,551
408,257,13,16.663619,1190
56,13,6,2.900347,716
368,309,13,9.423502,849
205,357,19,0.070302,972
324,274,17,2.507154,949
17,406,11,3.996717,790
445,140,9,17.139497,103
59,189,9,3.365930,129
135,171,6,8.018516,285
302,199,6,6.016523,706
263,199,17,16.545196,1198
185,169,8,10.255794,365
252,338,19,10.125151,840
392,221,18,19.942670,260
416,386,11,15.536517,978
61,385,13,0.699544,1118
80,389,14,1.728716,922
0,230,8,20.456662,1005
302,76,12,15.513097,262
201,379,19,11.496139,760
217,232,14,4.910251,888
433,37,12,19.313088,1028
239,299,10,12.941614,1183
235,271,12,15.396370,1149
237,47,20,0.669026,148
236,69,20,2.687581,421
20,133,5,16.905484,959
46,217,9,11.716896,642
314,204,19,13.634239,917
295,30,13,17.913939,558
190,365,20,1.599915,529
350,207,13,6.940537,1034
301,19,7,13.922599,525
5,372,10,7.345967,486
210,372,9,9.912108,599
397,130,13,18.170407,156
117,160,12,14.896096,652
104,237,11,6.338068,807
428,58,6,2.543404,549
437,213,19,0.502183,387
358,330,20,3.882175,629
348,388,8,0.348219,744
392,206,5,12.741422,487
390,197,18,11.388252,860
292,406,6,6.653817,722
188,407,10,14.735455,575
289,79,9,13.568675,585
114,137,5,4.293647,866
203,283,11,13.781252,709
107,409,19,16.454062,1120
7,83,16,11.186903,191
16,141,6,2.294474,1113
67,434,20,6.954003,586
99,116,18,11.155726,656
136,144,19,5.534577,847
143,206,17,9.461585,203
78,266,11,18.736954,736
445,30,6,14.120581,1170
363,81,13,2.646032,844
160,413,11,17.344867,862
383,264,8,1.036003,874
398,334,11,5.016188,386
27,137,17,19.430100,538
394,431,8,6.154773,250
395,261,19,0.056834,528
92,281,18,8.479548,577
69,370,6,19.286156,422
286,174,15,6.035015,423
277,302,10,1.463441,808
302,385,20,20.402606,1122
92,52,10,5.562526,1053
342,106,16,12.630830,581
273,296,11,3.998358,651
305,42,5,13.137001,489
295,79,20,0.411898,215
433,49,9,18.015720,278
9,91,5,8.732222,275
397,328,9,19.506010,720
330,143,10,1.398930,231
397,70,12,8.315134,608
165,307,16,4.296447,206
393,179,11,4.640405,1154
247,97,10,3.133453,323
380,101,13,18.080000,142
190,414,11,13.460953,473
446,200,9,7.600322,568
36,286,9,5.161932,334
325,73,11,11.473622,111
300,109,14,20.114322,440
24,159,11,8.465999,436
63,148,9,15.030995,746
351,256,6,15.343716,224
255,359,14,8.583535,600
36,258,15,19.908325,779
391,129,16,18.037714,705
246,408,7,18.589006,507
321,249,18,12.959514,538
178,306,17,3.383552,570
84,110,13,15.713730,117
286,204,6,18.417792,131
173,352,10,13.526553,931
62,107,17,7.713888,416
103,59,10,19.560640,329
269,57,20,14.638220,963
333,368,5,18.012610,755
54,289,19,11.796263,705
438,287,12,13.870817,791
235,123,13,16.986108,698
423,75,11,0.064662,295
198,373,19,2.437934,282
257,43,8,6.713642,643
64,410,7,5.368857,144
228,143,16,18.121210,638
216,66,15,4.477071,934
180,184,18,6.277148,829
43,5,19,15.785632,129
69,159,8,18.190914,336
104,442,16,1.505405,783
217,78,20,5.903334,1076
262,108,8,6.269103,635
101,380,16,10.674986,537
395,132,20,13.265168,617
307,89,6,11.523653,1113
412,239,15,11.873847,386
17,292,8,2.929893,1131
447,24,17,14.831217,501
38,316,19,9.157514,453
264,88,12,2.196101,223
223,96,9,6.931325,731
292,47,11,4.385018,1092
47,183,7,5.576256,401
16,170,5,5.917651,535
219,98,6,19.056040,508
310,59,5,15.133434,1012
156,329,18,8.303131,494
32,392,8,2.547546,155
253,345,20,0.256709,163
34,431,7,18.950771,1165
419,133,20,17.856925,1112
345,6,14,14.531546,236
420,134,19,18.752907,356
265,150,12,12.170766,1143
216,200,17,11.258432,796
274,152,6,3.047479,315
106,306,13,15.836544,515
122,285,16,9.581718,938
253,195,6,5.203399,149
438,429,15,0.893591,1176
57,408,19,9.371935,1111
443,356,17,0.063112,844
202,72,10,15.416875,951
198,388,8,3.015867,597
298,88,6,3.143329,992
212,250,17,6.007425,965
353,372,14,16.003501,958
229,306,11,3.277636,872
145,26,18,12.902861,544
87,110,13,13.624818,288
100,117,13,7.900254,609
243,73,6,14.138503,573
146,322,5,1.862672,923
336,41,19,8.915296,692
210,2,6,20.442884,689
345,46,19,12.943593,159
61,442,20,18.261325,573
117,395,14,20.226270,964
217,405,12,4.381628,1189
108,336,5,10.983800,955
330,108,13,3.447627,752
348,14,15,18.310356,1076
251,433,10,17.923029,578
108,236,8,11.224368,695
331,426,20,0.401679,327
58,199,18,7.540610,114
97,141,7,13.827207,1026
352,190,16,11.095923,725
186,49,6,14.024880,577
265,345,5,10.704290,160
167,391,10,9.135972,547
94,443,12,3.796889,675
203,185,19,20.313899,631
21,331,17,2.919444,283
441,336,11,14.056337,672
427,336,19,2.894399,737
108,128,20,15.043776,398
370,265,16,18.452627,740
238,402,10,8.091237,1086
128,125,10,12.840459,948
116,83,9,9.613414,1080
207,298,7,16.820797,357
77,238,7,10.138477,591
107,228,6,1.559812,119
432,23,20,9.549442,778
82,290,19,8.534533,759
355,70,9,13.008306,137
91,47,6,12.586671,1180
47,322,15,8.897159,850
321,53,8,8.440983,325
229,14,9,5.922421,281
142,435,5,2.184694,290
53,234,13,0.596375,1084
429,281,18,3.247031,1033
83,16,12,6.699775,244
318,356,7,10.468486,204
246,323,16,6.637844,567
183,228,12,14.318569,424
170,362,11,10.057126,424
62,206,16,9.044743,486
99,410,11,7.145100,1086
19,170,8,4.454993,462
387,415,8,10.322175,1120
16,86,11,12.147634,947
124,154,6,15.262720,702
223,21,6,10.764282,605
255,414,13,8.730288,432
209,342,14,4.350825,879
307,202,6,0.197635,612
192,416,6,13.156414,580
97,75,14,17.351337,526
0,440,16,14.026605,1117
90,147,11,16.033136,283
368,91,13,4.252728,1057
210,383,8,19.655905,401
153,118,19,20.402749,744
286,83,9,19.608994,242
423,57,20,6.226033,648
405,312,18,20.311894,1129
247,422,10,4.638848,575
313,60,12,12.588479,1185
119,259,13,1.675356,734
428,20,20,2.476186,427
415,268,20,11.099511,646
148,425,12,12.662576,497
301,25,9,7.257798,464
130,299,15,13.212926,521
174,122,5,17.950030,775
45,186,19,7.775454,1163
31,306,5,12.092163,1054
321,304,13,14.698271,671
257,126,16,13.936859,948
260,110,8,3.185546,839
336,117,15,2.804375,523
284,14,13,15.974275,352
156,203,13,12.585328,796
32,312,9,11.528720,124
182,138,17,15.664354,577
127,89,17,0.973817,817
232,63,8,16.474297,941
175,314,16,19.924127,150
81,367,8,0.756446,1043
269,321,7,17.626190,743
170,398,17,9.045368,276
257,384,10,4.251509,438
3,154,19,14.483548,156
157,315,18,9.043624,749
234,71,20,17.839881,1085
382,165,6,12.490826,114
144,193,16,2.880618,716
42,265,10,10.758602,820
262,103,5,3.829263,320
156,165,20,9.005881,930
296,116,9,17.269742,666
25,298,14,10.220250,474
79,190,14,4.844322,264
212,442,10,11.692257,598
334,63,5,9.565970,135
47,159,18,13.708300,368
90,369,8,7.572762,765
130,122,17,20.189356,757
297,263,6,12.402093,867
289,200,8,18.262076,556
205,224,8,4.261593,481
305,36,11,19.121142,731
171,229,5,20.005625,1197
33,81,19,6.128192,1133
439,155,16,8.086389,600
314,91,10,9.130332,738
270,17,13,7.643023,724
110,324,13,14.060481,568
245,431,10,7.379650,570
231,378,16,16.769991,587
95,353,15,6.017292,641
366,402,17,17.734662,280
269,295,5,18.460063,596
54,357,11,1.490530,118
37,7,9,16.042730,889
223,24,11,5.845504,785
92,13,13,18.983708,1061
303,290,15,0.393111,726
372,173,7,11.031224,699
176,35,8,16.718208,157
355,187,14,6.648013,278
431,217,11,18.231675,353
58,345,14,17.959524,215
3,16,19,13.244147,1080
130,1,5,8.800817,803
263,64,18,0.298711,1132
141,162,17,14.733562,220
199,351,16,10.584777,1099
6,153,9,0.351420,275
359,376,19,7.254111,722
203,241,7,7.278742,817
162,144,10,19.220550,118
41,291,11,18.660588,817
44,427,19,3.988265,459
364,296,20,18.636523,1065
337,18,10,12.515609,260
145,221,17,6.535796,422
349,84,6,19.914528,648
231,254,10,17.691148,532
35,357,10,18.449437,1182
220,238,16,9.541912,172
251,30,9,7.587807,213
284,159,15,18.809752,1131
414,79,10,17.166845,651
198,74,5,13.467688,1137
297,238,16,13.958203,1080
113,290,12,14.828693,420
264,111,20,9.331583,103
148,199,12,14.144775,1057
317,284,8,2.159240,385
28,1,19,19.002274,374
115,125,13,17.517239,765
138,85,6,6.596998,1017
332,323,20,15.869639,199
270,437,18,1.964085,967
122,104,19,1.655319,449
131,324,16,2.192010,697
178,185,9,12.072067,445
300,258,18,7.813257,509
157,167,8,11.930930,1050
23,72,16,9.899158,847
423,308,18,2.568011,330
266,269,11,12.448146,282
146,15,5,16.517866,353
179,397,7,14.475484,607
231,284,18,3.116995,979
372,118,9,5.626401,756
240,233,10,2.598293,918
329,7,19,2.847105,193
180,107,16,3.103403,836
213,80,10,16.004964,839
422,184,10,18.352038,666
163,127,15,4.605573,1066
130,355,15,0.841088,227
68,159,18,19.989202,125
407,63,6,7.125232,442
409,72,14,15.664666,865
130,406,18,0.461368,532
139,100,16,9.676492,616
154,363,5,15.006877,813
366,134,19,5.970681,644
160,16,10,15.628463,727
364,391,5,15.313809,882
260,21,7,0.497168,377
229,160,8,2.577328,807
395,187,7,9.852494,1123
331,129,7,18.857595,826
339,53,14,12.038461,1070
409,175,5,0.828602,279
72,330,18,13.952118,562
349,198,5,19.349016,1010
243,15,9,1.328916,967
194,154,13,10.763676,686
185,257,7,3.285856,625
389,180,13,15.601655,1142
303,51,18,6.657803,399
144,153,15,12.878923,740
398,196,20,18.774853,967
138,233,16,9.715813,377
390,143,10,5.330059,182
376,164,19,13.354490,956
280,351,7,14.103272,1157
304,372,7,16.141609,703
249,113,5,18.388144,1013
113,258,5,13.787786,660
150,81,20,19.676583,270
55,362,14,3.432097,129
109,135,16,2.028699,210
379,388,16,12.950455,926
375,6,20,9.519953,852
376,354,14,2.904499,309
199,90,7,16.174613,825
117,272,15,19.517160,914
402,346,6,15.818668,466
409,132,9,2.327908,1066
226,185,14,17.830021,1104
253,136,20,13.668664,357
306,353,8,20.099273,1089
426,228,17,7.034349,948
307,332,15,8.328045,1173
341,278,18,19.613601,353
188,8,20,10.870266,927
49,184,8,13.575258,578
160,411,5,14.869718,1004
186,322,15,13.214085,1177
72,326,14,0.841316,818
167,302,10,0.505245,168
177,23,7,17.090826,976
249,374,6,19.689012,226
26,337,19,7.655248,244
357,23,10,16.614250,853
191,79,10,7.577195,377
81,6,19,16.474925,522
253,254,12,6.748333,655
316,13,16,0.202204,540
319,69,9,15.647724,918
363,286,13,19.885008,807
36,233,6,3.423318,385
329,327,8,1.948667,728
303,261,5,5.125711,1098
260,389,10,11.090594,936
407,160,10,16.468024,238
257,117,19,9.609738,1067
285,262,7,20.300268,722
131,74,7,4.646793,459
343,348,15,20.135486,1176
341,103,16,18.132538,427
58,393,10,14.466187,705
396,181,5,2.781612,239
212,408,5,9.024850,866
163,150,12,11.193766,668
217,135,13,10.303597,951
325,155,17,8.878783,974
126,412,15,9.269509,682
412,60,9,1.906332,574
214,134,7,20.357206,609
223,77,9,4.515062,364
297,388,13,0.725879,288
218,223,13,16.067618,1123
256,216,17,15.867594,494
404,53,17,3.120718,104
187,181,17,1.157775,120
60,387,17,1.373552,705
222,258,5,16.356732,948
327,339,17,12.132073,319
341,251,7,4.919227,453
65,187,17,0.768022,303
265,413,19,8.565653,299
0,114,7,12.714132,581
272,97,8,17.966804,696
202,92,9,0.481022,247
83,429,20,1.375276,266
395,278,5,18.990185,101
133,385,14,19.193272,1019
297,406,13,7.881294,1178
86,132,18,18.629762,329
420,368,9,10.174203,431
344,55,8,11.453550,701
77,266,7,19.329529,161
194,49,11,19.789552,243
20,212,10,19.828736,1191
57,36,7,4.639875,1194
391,57,18,11.376096,482
228,117,18,19.094565,666
65,93,16,6.891911,628
323,400,17,8.400174,129
20,316,12,16.315746,973
242,61,17,8.614803,1079
328,214,11,5.652110,1039
343,381,16,14.961194,434
28,80,19,10.839009,543
299,326,17,11.618617,357
441,370,13,7.986920,626
250,268,7,3.619262,601
213,60,8,15.667640,413
342,58,9,16.605199,132
1,320,10,17.573227,1103
112,284,8,5.819506,547
245,83,7,20.353143,887
137,354,6,9.448159,1186
420,406,18,5.818735,230
216,331,20,17.975606,743
56,291,10,11.389535,1188
344,442,14,0.497191,814
351,295,6,11.647935,1141
285,224,15,7.769784,824
180,135,6,8.110336,290
184,185,18,15.086731,122
56,35,17,8.687350,267
51,304,6,12.701300,720
415,357,10,17.139772,1098
321,416,9,18.937700,912
29,301,17,18.730712,588
135,72,5,0.385376,120
398,355,5,7.621873,847
197,204,8,17.297896,809
112,407,5,15.610345,499
9,182,5,20.003075,329
245,323,5,19.301513,597
396,127,20,10.099146,1184
139,69,20,1.477352,305
134,361,19,16.848661,1082
241,436,8,10.317342,300
147,442,16,4.860967,623
198,121,6,2.527154,675
28,145,7,12.510229,626
314,438,16,4.556004,1085
349,195,8,10.392348,362
38,137,10,17.778386,275
411,364,5,0.214414,1030
250,39,13,11.440838,1155
62,337,6,1.421192,491
122,397,11,2.027977,690
398,418,20,12.728581,1181
126,207,16,18.544244,432
172,246,12,1.639073,126
303,127,13,13.281825,204
105,183,17,6.514605,1142
413,279,13,8.980954,1174
7,441,16,5.266302,818
341,144,16,15.801126,151
57,383,7,3.251404,180
74,37,17,11.625083,687
433,343,17,4.561421,1028
339,372,17,16.902098,792
215,338,13,12.313000,1019
396,410,19,19.500724,862
374,68,20,7.649220,1164
342,98,5,11.914851,159
384,25,12,6.882007,263
169,285,6,7.965655,817
418,412,18,19.801791,290
227,206,15,2.503251,966
178,253,19,2.269137,572
178,41,9,2.873969,356
2,410,18,9.239762,656
309,170,13,12.054742,559
97,206,10,3.157805,1096
51,102,17,1.413202,241
244,54,7,6.080814,174
22,73,18,18.840218,466
34,151,11,8.811488,657
120,42,20,16.809393,483
189,331,13,6.325374,209
254,332,12,14.993320,747
411,23,7,19.781688,1198
397,227,11,5.352773,554
237,129,16,4.058663,181
392,138,14,0.781072,460
146,238,5,10.221366,738
264,448,20,4.292588,760
266,76,10,13.172498,433
33,396,17,13.507070,1180
198,38,20,19.612000,868
144,162,15,19.546876,555
130,8,17,6.267718,711
194,436,15,9.813373,690
147,400,11,16.700834,556
200,197,13,7.864558,861
81,100,12,4.113990,936
231,317,15,5.564676,1038
388,146,15,18.381990,608
271,366,17,1.194609,626
185,288,16,1.311358,443
266,27,14,20.374457,741
134,245,6,1.111263,706
189,141,17,18.103017,424
121,166,19,8.333016,140
321,101,12,5.180441,1073
167,369,12,18.654329,946
162,62,6,0.985485,306
320,403,17,10.823196,291
421,438,13,4.045699,721
291,48,9,14.037488,552
94,415,15,0.209280,407
249,406,7,20.322748,510
182,159,16,19.621941,606
98,195,5,9.560299,416
339,223,20,10.814579,800
42,284,9,5.097503,1026
415,393,9,1.026849,256
29,56,6,11.817519,679
382,432,10,2.358840,427
36,345,13,3.138657,208
110,362,12,4.367381,1091
99,343,16,7.109829,1192
412,423,8,16.162016,858
42,337,13,4.570135,350
141,269,8,15.876286,456
189,224,13,15.079987,575
47,257,10,3.529009,513
225,386,8,5.618749,295
67,191,6,1.923728,211
160,346,11,7.240990,820
68,10,16,9.023006,484
53,101,15,4.707065,242
350,365,18,6.672702,409
433,332,13,1.432545,488
145,223,9,12.852057,654
285,440,13,11.061332,1092
189,70,20,13.379893,1015
201,31,10,14.372505,937
98,357,12,7.471824,859
144,20,17,12.339748,378
80,397,7,3.139139,614
261,392,20,15.192576,602
428,409,9,7.436961,196
10,304,12,5.328005,640
230,341,5,15.493764,862
444,57,11,2.114616,434
53,308,9,16.047060,930
25,253,5,16.656975,525
39,163,16,1.398896,277
209,383,15,7.667918,107
58,307,6,3.109209,1186
401,381,20,15.495590,270
349,448,5,9.119031,872
7,42,20,20.484939,715
381,254,7,9.921006,228
12,180,18,1.521165,571
301,29,14,18.869416,526
15,248,5,12.423814,1100
406,4,13,4.312491,179
76,203,11,4.134472,1097
412,424,7,15.809058,800
208,346,9,16.307430,449
144,12,19,10.214340,949
151,86,18,13.731087,257
414,355,5,12.401345,190
50,271,9,15.159468,167
58,308,9,17.971904,650
184,317,8,0.873098,1057
7,48,19,1.261014,927
81,76,5,17.777560,391
40,207,15,15.415503,1189
214,52,13,2.039427,843
84,341,14,14.375707,1048
151,163,5,12.056793,976
155,372,6,3.467712,1069
7,80,12,9.776293,575
136,229,5,5.231412,106
364,75,10,3.584877,509
19,366,6,0.228491,932
91,90,11,7.895393,832
447,104,17,8.833776,273
205,386,7,10.218956,855
131,370,10,7.038927,734
118,384,11,6.775797,1073
77,424,9,17.575123,241
108,68,18,20.001859,1023
180,360,18,9.257663,843
178,204,5,6.692531,224
6,39,11,8.119828,741
166,201,5,8.426022,842
1,9,9,6.205136,1134
233,321,16,5.558168,960
33,292,9,13.424755,592
372,110,16,12.180785,347
427,435,20,12.283000,954
353,231,5,3.963440,307
303,292,14,1.021232,472
289,223,16,5.375375,1091
396,447,6,0.565710,599
257,287,14,6.111524,357
336,312,20,12.247766,655
386,299,6,9.650601,878
309,27,7,17.111534,1093
344,318,19,14.634421,293
415,71,16,19.889666,878
395,263,20,15.621518,1138
138,374,8,15.720524,600
158,331,19,4.131754,1167
443,274,5,17.773651,889
322,201,12,18.446679,454
228,229,6,12.185769,968
272,81,18,4.941019,1084
9,186,5,4.510002,816
183,231,17,16.845450,619
139,3,19,13.224653,460
171,377,9,6.287753,468
178,247,8,3.756314,1079
200,146,19,3.086501,1139
99,133,13,12.324026,373
61,258,9,7.834723,1148
115,184,11,4.823807,284
173,197,8,18.219624,220
440,141,7,17.348598,614
341,264,9,5.040663,119
59,442,9,11.792383,590
271,134,9,2.831352,590
247,199,7,4.140710,852
404,445,13,7.972740,322
276,9,6,15.609505,572
258,226,6,16.086203,276
265,62,5,0.200521,478
331,158,7,16.383813,973
37,245,10,5.060964,1045
8,101,19,5.010721,876
260,62,5,14.348774,604
22,55,17,20.383012,860
27,316,12,7.528475,121
19,222,19,20.032320,734
341,122,18,12.596293,1147
395,130,16,3.319917,138
416,438,16,17.165018,687
64,134,17,14.631688,577
51,281,8,5.185434,617
101,304,6,4.551404,699
430,191,17,18.879728,683
28,122,8,10.945090,1183
142,235,19,3.885994,664
37,265,6,10.008164,886
59,335,11,2.345331,704
417,91,18,19.830007,510
82,423,20,17.008592,431
353,434,10,8.183844,408
442,379,19,12.666652,592
83,425,13,7.634468,1005
265,207,8,7.403698,397
129,147,14,9.292076,623
186,173,19,13.489965,288
200,154,6,13.907247,444
259,210,9,2.092378,435
256,202,10,8.610352,409
92,49,17,15.643165,271
8,163,15,16.690197,939
252,223,9,17.042751,461
349,351,19,13.933507,521
414,374,13,4.641715,175
7,170,14,14.053471,525
49,132,12,14.743909,511
73,294,17,11.477417,746
218,210,16,4.149009,1016
56,262,19,17.453011,1095
25,378,18,12.675803,836
316,258,9,17.053454,251
288,342,8,4.104527,320
229,443,6,18.154072,861
357,34,8,17.600178,317
377,279,14,14.358652,1104
436,179,12,20.376716,585
332,81,15,15.615130,472
24,345,19,4.126312,424
346,351,16,10.963103,1196
279,241,6,8.540831,1164
37,80,20,5.210146,234
309,421,14,19.041051,869
213,85,16,2.783577,300
270,247,20,13.412777,687
262,79,6,2.162481,608
372,150,17,5.095355,829
6,353,13,2.591474,478
78,81,15,13.616928,127
157,431,9,7.382812,864
305,144,7,19.094277,1124
166,31,5,19.944038,247
261,245,15,6.665077,553
381,333,15,12.290203,204
102,230,19,4.644922,832
247,302,19,3.355888,786
399,122,15,13.764459,110
97,52,16,2.879863,578
324,248,11,2.135445,1026
152,201,5,10.333427,1096
431,361,20,16.934145,529
322,77,6,19.346705,865
402,151,17,18.278952,475
306,163,16,5.114741,380
158,365,10,9.850805,361
389,71,17,11.419919,136
320,193,14,8.367773,239
375,13,9,7.504183,671
132,55,9,18.756470,116
3,331,9,1.405592,235
162,260,16,3.237824,1096
5,293,5,0.301108,950
222,14,11,4.877356,578
216,109,18,5.736053,911
344,345,11,13.708609,1189
350,189,9,4.153442,1092
89,90,13,11.788588,229
352,17,12,9.331872,939
436,230,10,3.859618,188
45,362,17,0.570373,631
36,407,13,4.856269,226
442,252,9,7.676905,983
402,255,5,16.182357,358
44,161,13,1.286306,496
16,278,11,3.124924,1182
271,407,5,9.167506,198
7,8,19,7.079102,521
222,408,11,11.695896,856
191,400,8,14.802174,653
55,438,6,16.521226,919
106,351,17,13.038586,419
121,442,19,3.231678,356
406,21,5,16.118015,918
270,39,5,13.072941,918
38,52,17,5.923555,516
393,305,8,9.184589,1025
63,363,17,12.703376,328
26,268,8,10.496024,1105
5,250,13,17.345206,338
58,277,12,0.801250,1091
418,345,19,12.405209,508
124,6,14,4.453273,934
42,391,7,0.679587,1195
300,96,6,13.569396,795
442,118,14,6.910725,835
368,349,17,18.932949,566
292,110,17,16.673862,1102
254,1,12,3.609224,171
209,431,7,2.114158,817
118,231,19,6.285761,783
403,232,16,20.163113,435
26,360,11,2.268485,136
330,154,15,19.440460,1029
278,190,20,11.357891,196
160,207,9,3.813466,530
139,320,19,2.241462,250
224,399,14,8.982762,829
148,60,15,8.374830,122
290,280,16,2.875659,150
141,114,12,3.672707,969
173,305,12,15.607313,559
331,285,6,10.406605,887
328,84,8,0.839554,994
296,154,17,14.524262,1198
289,215,18,11.884661,322
202,64,13,17.445767,972
223,298,14,4.251587,1103
445,107,10,18.623715,964
181,134,15,17.754985,429
273,47,5,15.643378,972
144,176,8,15.784150,749
139,40,16,5.751794,129
54,92,18,11.727910,663
373,123,17,11.948417,914
228,90,18,3.185393,1200
310,40,17,4.787473,906
395,324,18,8.445407,619
311,119,17,7.779420,796
425,338,8,13.873265,384
65,325,17,4.806100,1155
446,145,17,14.553240,993
136,316,7,8.362145,238
114,187,11,9.283059,320
343,79,9,16.262680,531
446,396,14,11.923439,942
215,50,20,5.892039,231
306,16,12,5.748052,1078
333,158,19,16.835286,344
14,264,13,8.585819,991
257,116,18,15.005607,143
361,218,11,2.254348,938
100,52,8,13.757224,956
220,368,10,0.000619,861
404,13,9,15.378575,950
35,0,15,13.593372,498
380,110,13,16.578202,1146
140,235,19,17.488515,868
137,153,10,19.593279,200
15,61,15,1.876408,141
189,284,14,3.999276,210
97,402,12,1.161713,636
353,147,5,18.614744,269
19,413,5,0.461995,493
50,152,13,17.504018,427
152,0,7,18.935804,812
356,15,5,4.388249,244
73,316,9,4.858860,656
312,374,9,3.510786,1122
364,251,16,0.033200,563
186,367,15,12.840265,1047
228,337,13,16.249214,503
14,315,5,0.120291,273
429,168,17,1.965514,991
34,57,10,5.395722,714
31,14,7,12.553959,250
163,362,8,7.469149,113
231,59,20,16.449526,222
411,159,13,16.344449,1191
376,430,15,7.307485,371
361,60,13,13.904785,534
332,257,18,3.196388,431
146,374,10,10.070408,754
214,171,12,18.008199,674
88,408,17,11.516382,1191
70,52,15,6.151139,585
401,58,13,15.733808,252
379,194,14,12.818916,710
190,369,7,12.401324,716
137,5,16,19.352116,250
351,97,17,4.790085,672
313,438,20,19.641948,885
245,284,11,10.205979,445
143,409,17,4.230679,1031
360,197,20,14.683939,616
188,93,16,14.663416,723
384,40,12,2.410059,355
28,422,19,12.066224,496
184,103,10,12.366849,1133
22,255,15,12.132986,1127
305,28,13,17.545795,310
34,308,19,0.148893,146
150,215,17,6.332264,427
288,324,10,16.521790,379
88,96,12,14.138932,391
195,377,13,16.991949,519
414,96,12,7.999532,948
160,7,19,6.035693,1072
286,392,10,12.569076,1108
246,169,20,9.594555,778
257,200,18,9.332576,1194
198,365,8,10.927417,311
142,298,16,17.323271,563
338,310,7,18.341480,614
82,173,20,18.180489,780
93,181,18,19.061624,789
274,319,7,3.989125,150
189,386,16,13.522404,998
275,111,17,11.029470,566
164,441,8,4.416957,760
252,180,8,3.701371,318
243,395,12,13.704856,645
208,323,11,7.862420,194
435,320,12,9.543904,1120
23,184,5,20.491694,734
359,299,9,18.692810,847
298,239,19,12.822431,126
251,295,19,12.167421,311
422,429,8,15.702628,687
10,170,6,4.196493,894
153,164,5,13.704908,709
318,42,10,19.214143,719
63,332,16,12.880335,338
127,134,7,0.252275,311
216,206,5,15.276399,122
308,398,8,9.546333,474
122,150,9,1.784720,524
370,212,18,11.726731,335
379,1,15,4.622971,1019
217,330,9,14.549960,902
396,227,15,12.840927,395
184,342,6,3.900247,630
129,135,14,13.564249,908
345,289,16,2.564881,533
34,181,7,17.619968,763
200,176,18,11.320319,827
238,320,19,2.710997,364
25,231,20,13.586585,322
208,349,13,10.485093,309
313,81,17,13.923592,976
417,357,13,10.420415,165
307,214,6,8.724346,1011
427,45,6,18.500618,238
279,440,10,12.172612,875
317,316,16,12.055670,923
74,172,13,9.590022,1159
303,185,17,2.181447,806
390,433,10,7.897245,694
330,5,20,11.988238,918
236,327,18,16.299787,906
246,97,12,13.932545,919
333,2,16,10.119695,403
122,58,11,8.089199,470
149,355,12,9.705416,840
370,91,9,10.623298,454
205,211,13,1.936731,765
337,437,17,16.629897,1034
408,34,20,13.382887,808
160,149,19,18.128407,676
31,226,13,12.916118,1099
313,424,11,18.777005,430
442,324,5,8.301664,735
276,426,14,18.669995,721
53,111,8,12.245654,487
32,219,18,11.981580,267
398,121,12,12.617266,585
371,437,13,20.431409,463
261,176,15,16.680420,269
299,249,12,7.749001,1200
390,356,16,9.690441,1114
32,163,19,16.900403,228
61,222,10,20.299021,1029
306,437,11,13.490682,262
68,0,5,6.356793,477
358,172,14,10.911326,212
166,411,7,19.700482,212
222,432,10,13.891226,568
226,102,14,14.200007,495
259,440,8,18.689331,550
402,394,19,17.635346,1161
400,249,12,12.248811,436
101,46,9,17.828586,1037
244,213,18,0.001519,344
148,63,19,12.072922,834
100,208,12,0.353082,126
137,144,5,20.120250,491
77,152,19,5.128314,562
419,280,8,1.196718,570
251,380,15,10.487711,446
310,97,14,18.875541,1086
81,113,16,19.565522,140
160,103,13,14.532658,1119
343,270,7,2.327286,1064
329,151,12,7.835634,725
233,13,9,11.370392,538
363,367,11,1.064605,758
128,230,20,15.281605,753
146,323,18,19.945107,125
345,430,9,18.475109,469
238,119,19,12.842149,148
33,361,17,7.799901,646
34,408,16,11.262144,185
23,252,11,13.687183,1109
437,144,6,18.335415,654
81,120,19,7.816198,984
365,222,12,11.368469,283
394,354,17,1.511155,630
266,9,14,20.032151,872
37,341,9,11.485278,882
123,137,7,16.474561,171
237,24,6,5.446413,357
336,19,18,12.161645,272
168,96,8,14.594927,238
404,403,15,16.003844,197
230,378,12,9.149569,460
210,422,8,15.490933,426
246,394,7,1.665455,505
298,138,14,10.475021,840
311,80,18,12.063024,337
241,163,11,7.366593,1007
76,426,9,14.164210,304
70,63,10,3.609472,831
412,229,8,6.338682,207
2,377,8,12.458543,1187
420,335,18,0.614534,1186
92,2,8,10.853679,393
202,16,15,15.799786,411
204,163,16,17.654684,1045
279,52,16,8.690291,143
390,72,15,14.234429,541
132,134,14,6.979629,1135
283,372,6,8.666953,965
411,259,6,15.481915,681
399,133,18,16.941634,557
204,317,9,7.750973,734
423,184,14,10.035289,461
148,52,6,2.190774,377
158,166,13,13.965248,1100
406,333,12,3.292342,1047
220,198,17,17.169547,197
217,208,6,16.065679,202
202,365,15,17.394213,643
235,302,19,16.366647,986
328,133,11,2.911280,647
352,28,13,2.254105,499
156,321,11,15.477757,621
391,210,17,4.924212,1083
228,377,14,18.084371,475
29,63,16,12.303380,1172
163,430,15,18.663961,531
375,410,9,2.289233,223
25,372,13,10.824069,473
445,99,13,12.538607,1118
150,306,18,19.502626,1117
47,173,11,17.082416,460
176,382,12,6.518825,177
109,10,20,17.790090,695
137,213,19,14.149055,412
81,15,15,2.895206,800
396,395,13,9.987550,831
73,199,13,6.702416,358
169,90,17,7.581598,229
191,11,7,16.741683,447
63,90,13,11.262122,210
275,137,20,10.393475,413
259,327,7,12.512855,990
385,305,16,17.548470,633
37,6,20,8.126478,603
267,12,16,8.102088,882
190,86,15,13.165196,958
326,199,10,5.317612,369
436,57,10,8.026126,790
4,182,16,19.456024,585
101,120,14,11.027772,169
367,145,10,8.872107,719
316,299,16,6.592414,880
409,207,13,5.993936,509
282,240,19,14.553895,931
142,427,6,4.530126,161
318,65,20,12.759273,908
294,375,7,17.566077,765
286,221,6,5.473022,657
152,187,14,13.541653,464
174,208,11,4.782736,408
198,348,20,15.362238,339
48,62,8,14.247556,1106
430,111,16,9.401048,221
107,205,11,18.663492,1126
274,298,12,13.706849,774
220,432,9,15.699843,920
156,405,19,9.139072,684
99,425,10,3.171106,490
165,39,10,0.507421,125
235,20,20,6.993896,408
273,330,6,16.775492,349
211,31,16,0.431656,732
102,236,11,4.059915,552
30,285,11,1.816354,373
204,147,5,20.101828,655
365,324,17,16.153125,970
126,415,8,9.283749,514
171,184,14,10.712214,1121
279,443,20,7.438444,752
159,12,10,2.374806,532
266,131,17,6.754349,1007
171,433,18,18.725010,127
324,319,19,12.078090,1102
389,155,20,20.074508,566
104,149,11,10.064787,619
38,415,17,16.817665,822
234,241,6,9.022721,1171
233,31,13,16.838176,921
103,89,7,19.730352,874
358,128,9,11.416977,308
277,195,11,9.256349,571
381,80,7,17.081598,232
418,117,5,14.707210,884
66,105,11,6.761874,758
233,116,18,6.810517,932
0,10,15,6.059468,736
302,233,13,4.148423,200
397,150,10,14.194298,888
283,382,10,8.948964,293
340,333,11,11.268083,727
400,192,10,20.315648,1048
20,261,9,12.342005,944
227,325,8,15.549761,938
124,151,15,3.205600,625
317,441,12,12.247918,306
294,431,19,6.569099,780
90,84,7,8.690779,288
12,370,14,16.954222,881
263,77,14,8.535916,123
263,152,15,16.336989,363
77,171,16,16.538935,356
269,362,7,14.458296,760
38,44,13,18.373365,1145
7,138,9,3.505059,154
46,253,13,1.053861,627
332,122,15,1.628598,615
5,131,8,12.088414,299
5,140,6,1.019478,636
418,389,11,7.317067,384
6,26,16,6.184156,532
281,288,10,17.866750,518
225,45,13,1.173236,318
285,69,6,12.963239,944
79,394,6,14.588652,907
422,407,12,8.758041,325
86,310,10,7.042468,739
266,48,20,9.518307,898
390,250,15,11.611832,220
2,424,17,4.090544,1164
262,210,17,9.980594,937
15,404,13,2.830352,833
380,273,11,1.221050,504
65,354,14,16.801916,1112
158,64,17,9.879865,1166
268,212,17,16.631609,584
442,159,13,9.532311,214
28,394,11,11.770527,626
354,207,8,11.065854,853
196,49,9,8.354843,903
280,432,17,11.363165,679
159,373,5,5.355296,1185
17,425,8,10.176484,557
342,437,13,4.984774,579
204,305,5,13.651666,895
267,374,9,8.492166,971
80,219,10,4.388608,219
316,150,6,17.667081,1082
140,207,6,8.736928,269
33,341,7,17.957982,783
394,368,7,4.855962,938
251,286,14,6.931215,827
142,343,7,10.161178,527
449,159,18,10.035257,412
395,287,19,4.518838,976
346,91,8,6.957308,124
183,357,11,3.850167,1075
328,318,14,14.136978,1110
123,361,19,16.074168,969
38,71,15,11.466861,244
414,31,7,1.519634,913
155,269,13,6.764580,895
269,360,8,3.443917,282
61,121,8,1.088860,675
382,133,9,0.100889,1143
314,176,15,9.406342,654
103,123,11,14.458010,194
34,265,18,16.608634,1124
286,207,8,9.150530,854
215,399,16,15.190174,650
344,385,10,6.490517,464
343,130,19,5.469114,692
17,354,12,12.518944,707
349,370,20,15.327136,181
95,127,19,2.473436,1115
143,359,6,1.799541,609
27,50,8,7.795074,1096
314,6,9,3.547355,905
112,99,12,10.104095,246
233,424,20,15.048954,703
236,216,7,17.750004,195
442,295,14,18.231555,480
435,31,16,14.127572,925
133,449,14,10.618420,1186
95,317,6,5.452553,347
392,283,13,18.894211,758
378,68,15,15.829395,145
424,200,6,15.591637,1049
70,21,17,19.927472,184
53,193,14,4.613209,578
404,145,10,2.262600,286
227,357,5,18.602566,906
401,150,16,0.709835,691
314,137,20,7.768927,953
221,184,13,12.571968,796
93,312,10,11.481301,1061
55,253,5,13.973834,289
252,447,9,10.014884,760
167,357,13,4.695289,845
136,187,16,18.592260,398
153,113,11,18.755049,918
307,23,12,18.125606,1074
69,384,7,4.986758,1082
397,4,15,14.643626,534
272,58,17,0.080144,760
141,308,17,0.897370,586
205,135,7,20.077482,872
317,254,17,6.633405,799
2,307,11,9.160328,475
157,312,12,17.459586,322
274,336,17,10.616985,222
129,238,11,15.515543,386
12,79,8,9.420202,240
337,153,15,19.345139,972
290,310,12,7.363664,103
68,338,15,2.565776,1018
194,410,16,7.000241,379
206,121,15,19.508778,865
375,402,11,20.489737,1102
42,136,6,6.641600,578
162,295,11,3.776300,683
102,200,20,11.004453,426
190,178,7,5.815806,232
412,231,15,5.376419,274
335,416,14,16.465538,866
425,7,17,9.910999,463
12,430,10,1.971643,618
411,89,11,18.972949,410
381,15,15,17.175172,385
325,347,11,4.083275,767
197,316,10,16.615715,123
276,121,5,2.178278,1024
146,65,13,7.407459,316
125,102,15,3.985810,1021
101,362,8,11.190878,327
100,287,10,6.692169,441
406,193,11,6.843010,1035
185,46,5,19.595087,770
264,396,6,2.381996,468
409,20,15,9.344665,418
251,153,8,8.723420,210
37,198,16,1.816617,1056
316,154,11,1.468011,286
328,363,10,13.373337,401
12,381,8,10.317092,561
46,67,11,10.620801,1119
92,4,16,6.611633,179
79,50,13,14.707662,802
443,397,8,3.608054,878
230,128,9,3.913921,595
173,90,7,17.007708,832
68,127,14,13.188020,706
341,266,12,5.411354,1044
359,372,18,19.970061,422
75,180,7,12.916364,913
448,278,9,15.629508,921
87,178,9,11.862045,978
147,86,19,7.856620,808
111,54,10,4.128204,425
69,233,16,4.049404,217
286,426,16,3.738215,265
48,370,7,2.776039,174
128,355,18,8.073195,388
313,317,6,3.894932,191
283,71,5,13.914459,1099
375,181,5,6.184425,569
67,252,5,13.581895,1137
292,431,17,10.806045,524
154,27,16,14.617430,1113
102,345,12,3.527718,735
45,13,8,16.180394,201
157,25,13,18.020688,616
273,342,10,12.364146,562
227,319,13,9.728024,228
282,158,11,8.967414,433
349,369,7,8.845675,1021
270,65,16,0.740629,728
311,215,5,12.208295,442
6,13,17,19.004663,498
178,426,10,3.593446,194
292,205,11,13.710764,838
67,343,16,2.626385,1108
244,131,5,20.346201,129
401,211,6,9.973142,123
130,387,11,18.593729,744
272,280,6,19.347881,612
348,273,15,12.612406,1196
196,288,17,6.886673,235
231,415,6,9.560174,1113
135,132,11,16.453666,950
75,119,10,4.012295,925
152,52,6,6.469009,722
439,79,14,13.707811,494
195,428,10,9.183798,708
315,349,6,2.088852,604
247,397,16,11.056283,683
433,263,11,13.474532,553
136,406,19,19.716773,827
441,400,16,13.023276,279
42,147,11,13.632835,946
107,128,12,3.084248,1128
174,204,20,7.658466,940
54,412,17,6.404310,978
444,158,12,17.021040,859
21,289,11,12.880760,1127
122,265,18,14.619034,1075
423,227,14,2.550363,573
92,53,19,17.153298,911
320,386,14,19.980387,696
245,252,9,1.405548,842
278,50,8,18.676841,118
86,243,13,1.295721,1052
257,354,7,20.178579,249
119,72,11,6.459108,1176
359,199,12,14.476121,1000
220,230,8,15.702484,940
204,417,12,16.715128,695
407,368,19,1.479589,600
112,120,19,7.539581,275
129,399,10,7.641794,872
185,347,8,12.818744,442
63,198,18,5.434098,913
103,71,19,7.141051,464
443,136,10,6.912061,218
244,357,16,17.057259,401
332,418,12,11.492759,821
130,441,16,18.264987,593
418,156,5,20.190950,1108
330,241,9,6.908975,1045
237,143,6,4.307680,1099
379,442,17,2.855764,1069
254,16,8,14.072536,1195
227,204,8,14.068907,690
4,435,7,4.310166,955
428,377,16,18.896874,1109
389,411,12,14.695424,749
262,127,12,15.839773,1112
430,246,12,13.304572,1045
54,13,19,7.959078,1173
397,89,13,17.839102,748
416,275,7,14.266352,519
214,370,11,14.618303,119
110,306,8,1.470342,1070
142,330,5,12.688674,839
175,176,12,14.044292,515
32,17,7,1.459831,380
238,268,11,1.587708,1129
443,227,20,20.410305,991
109,42,10,9.271450,664
173,223,17,15.601285,1126
288,34,16,8.660860,1010
109,52,12,1.153496,154
179,101,9,3.844845,222
155,254,16,9.134469,142
312,79,9,10.259104,377
155,282,19,12.999177,1013
131,4,5,4.168486,489
170,39,20,3.239551,1098
433,354,18,9.981285,707
42,396,16,16.078328,1110
268,28,8,7.011886,516
24,320,16,8.611337,1035
14,11,10,5.353565,1123
58,291,19,0.755708,901
10,318,12,12.919627,721
93,322,13,3.691523,680
436,88,17,7.076439,277
384,61,16,7.504196,825
400,126,6,5.471316,255
64,275,20,2.031951,294
251,5,10,17.972940,128
188,204,16,6.191545,347
121,58,12,7.974855,266
45,112,7,15.365609,186
311,15,14,17.781588,1149
326,193,19,8.226395,1050
77,15,6,6.418825,1003
449,404,11,19.248243,206
363,110,11,15.851237,981
407,153,6,16.121620,411
349,92,12,2.463739,1003
37,382,6,0.178773,321
383,127,10,11.347397,1087
389,24,13,4.022551,465
328,94,5,10.533579,331
152,261,13,13.373651,420
292,432,14,4.032778,893
31,331,7,18.987061,581
415,197,11,0.601006,387
358,447,9,8.836416,975
54,16,19,19.021122,927
319,264,20,2.465163,123
302,407,10,19.626436,716
304,162,12,12.352180,300
145,394,6,5.909405,393
211,239,18,16.257176,357
59,343,20,13.248347,1000
245,408,17,11.003347,465
203,86,15,9.029844,1059
175,268,9,0.967825,226
293,210,11,9.052509,1039
322,241,6,11.168355,754
28,64,19,17.161583,534
387,181,8,8.510277,1158
337,80,5,19.034700,603
371,137,7,18.497944,804
18,127,12,8.199208,1192
27,241,11,14.909348,448
101,301,14,5.255303,982
203,125,16,7.109321,1083
63,267,9,2.970204,333
330,75,16,0.081828,166
251,375,7,2.437740,583
194,331,15,6.201158,279
252,102,8,12.073673,904
285,175,10,9.948578,1196
374,312,9,10.878728,1143
158,416,9,8.697223,269
94,326,6,17.810950,482
432,289,9,15.099034,486
17,298,8,9.146109,692
89,366,14,5.797716,739
385,179,15,6.743443,498
209,0,10,8.873663,1050
394,69,6,17.730121,684
188,75,15,2.717732,1117
382,110,14,0.531471,165
116,299,8,7.722490,684
183,74,17,16.575547,249
104,382,6,8.940637,948
279,247,8,5.111768,872
136,273,14,0.879622,667
311,70,18,18.360328,1119
362,275,16,1.658046,998
377,90,17,14.858008,866
318,26,12,4.611647,119
424,373,20,10.547519,929
41,134,19,8.744436,665
183,343,14,16.204767,744
111,69,13,19.969630,1174
226,341,11,0.227033,300
92,229,13,4.617175,955
274,202,10,2.134668,135
43,430,5,4.562012,721
427,160,15,14.676764,681
113,215,9,20.423794,1111
318,18,8,7.813134,333
73,433,12,18.703804,1001
18,186,19,17.298261,409
337,177,9,4.419893,753
279,365,19,4.159131,484
64,45,15,9.626103,1187
332,259,7,2.299505,1150
403,114,13,11.685331,914
28,237,16,19.279030,375
99,75,11,8.294970,976
308,34,16,19.039542,681
230,302,16,19.611039,624
243,445,9,2.479105,773
421,342,20,16.163499,330
236,377,13,1.649517,675
111,341,12,3.144863,456
147,278,6,0.300064,520
162,117,10,10.222702,1118
287,443,11,20.380650,855
45,191,16,1.301315,133
389,283,8,11.296399,674
55,256,15,0.293283,595
336,160,15,12.984136,103
330,69,13,20.247435,1020
124,222,15,14.963729,221
363,218,16,9.620271,880
185,394,17,1.505894,1019
207,378,14,8.923931,260
12,40,13,14.300938,299
355,297,7,8.487901,648
408,144,20,11.877327,452
354,357,14,17.620544,170
322,257,5,19.909855,1165
259,358,12,7.123724,637
253,96,9,7.654536,260
202,321,19,18.103210,1084
69,51,15,9.304518,439
251,131,9,13.138963,646
428,201,12,19.958867,1161
86,258,8,11.814741,107
339,414,17,10.141236,222
360,121,11,3.573975,209
121,199,14,0.426109,831
138,427,12,17.489699,688
154,357,10,9.487923,851
85,77,17,15.191661,251
64,127,15,4.811962,966
130,61,15,5.112268,548
313,366,10,17.243425,475
96,443,16,20.279958,820
9,258,6,18.733796,447
391,135,5,19.262216,126
40,280,14,8.150634,1076
19,322,17,14.733029,679
83,366,5,6.063782,691
241,431,12,0.143302,294
74,375,18,9.473674,397
159,379,12,0.565140,1127
217,77,17,1.562578,1107
226,327,5,11.140498,161
76,195,11,11.201302,671
71,204,7,5.265955,1169
224,369,20,17.236553,232
228,323,13,7.493027,609
316,293,13,19.476880,621
36,410,6,19.546162,189
376,438,16,16.191310,758
237,381,9,13.776604,798
169,431,10,2.535148,815
241,91,16,6.080855,1067
51,339,10,2.647443,1054
423,332,12,11.873172,563
228,297,15,0.941721,231
160,358,7,0.340128,955
133,197,17,17.801411,614
175,59,15,17.214258,130
230,207,20,15.360422,1080
314,367,6,5.547972,580
290,287,10,10.752957,444
302,324,17,5.305535,860
107,224,20,5.951546,1104
429,386,10,2.108193,975
105,295,11,9.408248,695
168,251,15,14.959944,625
256,274,18,14.698846,445
203,327,15,17.984273,369
231,117,18,20.224538,1165
317,57,12,13.307115,816
185,233,13,3.808142,726
353,142,8,1.268673,562
298,56,20,0.839192,630
215,145,20,2.416449,268
286,395,11,7.548970,950
4,84,6,3.859583,498
331,191,14,13.615884,736
89,320,17,18.475375,540
339,154,12,5.443767,1094
286,184,19,6.638343,510
321,350,15,0.351877,110
156,185,7,2.453812,181
311,196,5,15.910582,215
342,265,20,14.757884,1124
298,175,15,16.643920,1086
232,164,5,5.515891,841
299,198,20,16.557961,1087
135,318,13,13.401744,936
35,80,16,12.562558,816
274,352,17,7.262073,612
440,59,17,16.068939,336
100,81,16,0.683379,380
247,348,5,19.564918,425
421,440,12,10.571277,235
324,257,7,14.457076,530
209,7,16,7.607416,854
368,101,7,19.153605,351
87,36,17,9.618607,1166
273,268,19,1.772235,332
337,268,15,5.694356,476
93,385,6,0.907353,1164
359,324,12,5.847130,421
334,432,7,12.400546,787
169,125,11,20.246956,439
289,433,19,8.628487,1153
173,245,7,10.540988,766
420,112,18,18.453856,860
390,331,17,20.079344,898
58,366,10,3.068959,173
304,241,16,18.714892,438
19,295,11,2.095017,536
289,191,20,9.429746,841
84,240,9,18.584658,915
11,438,7,7.960466,783
230,335,19,4.920063,305
68,263,12,5.653184,556
142,184,9,13.068935,697
38,381,11,4.860052,254
57,324,15,8.043430,395
34,230,6,19.011151,822
441,290,12,0.768635,785
335,368,7,15.275937,807
354,447,16,20.255378,321
428,319,19,9.149120,622
162,68,5,19.343701,1167
436,444,14,6.935866,306
225,64,14,6.227404,1109
45,86,12,0.248486,677
293,368,8,13.741535,338
123,261,15,12.515546,237
416,322,5,7.170661,440
302,120,9,1.344942,966
126,181,12,10.854368,464
384,368,15,5.967381,653
429,206,15,14.849383,270
171,78,12,14.397330,340
399,307,7,12.923733,1017
447,266,9,7.985080,215
374,98,6,17.288752,424
18,177,20,17.524064,574
307,254,17,18.807778,433
105,237,7,17.176118,1067
45,367,9,15.579294,382
88,165,17,1.541015,372
83,206,11,15.260081,1133
338,243,6,0.942751,705
433,357,6,15.794465,480
433,204,14,1.428955,340
146,269,10,1.262097,345
206,118,9,8.777898,1087
197,425,17,17.670443,238
115,308,17,9.020949,811
206,306,20,9.923703,1004
426,182,10,7.112853,164
219,185,14,14.315063,320
132,19,5,1.451710,379
132,166,17,8.928667,691
399,28,10,0.869313,1173
100,447,5,17.356626,656
408,241,6,8.840066,738
312,191,13,16.983485,250
17,389,12,17.175189,181
186,196,5,4.029222,960
67,413,17,16.836174,525
103,96,14,10.113563,687
224,166,7,13.695169,1119
270,363,15,18.613810,286
196,129,6,2.386185,743
6,400,14,11.399622,911
315,84,18,5.687419,1136
69,39,10,17.188319,780
311,91,19,2.582955,150
268,382,20,4.394206,209
285,105,11,11.564491,1014
54,292,9,18.913717,116
78,40,16,3.050029,590
353,214,17,2.343676,522
242,9,8,15.203710,880
376,115,11,12.768122,580
87,209,12,10.441620,389
335,41,12,12.643624,785
218,207,15,9.381507,192
281,146,12,14.101554,913
203,270,7,19.959412,553
218,367,13,9.572209,375
67,206,7,4.894223,474
101,128,18,12.374831,805
176,118,19,2.854722,1158
82,29,16,4.667832,627
18,291,14,16.248811,408
1,272,7,14.092623,652
137,318,6,13.253648,981
273,150,11,19.336842,479
76,423,17,16.943522,513
44,77,14,6.345444,407
315,346,12,19.486973,111
224,319,11,2.936493,784
263,201,16,4.495860,1134
390,437,9,2.291053,1056
66,335,11,9.003696,619
76,295,19,10.974073,617
185,254,18,5.146845,240
242,161,19,10.750587,458
441,273,15,18.364847,120
391,296,9,3.079275,862
70,189,6,14.126978,1178
144,183,7,0.356832,526
88,316,10,18.123548,436
421,304,20,6.401903,1133
332,407,6,16.179245,281
229,145,11,5.245870,464
55,169,16,8.810797,1114
12,328,11,8.429589,627
360,129,20,12.919767,691
59,373,10,14.431089,1179
292,20,9,14.973905,171
59,427,19,19.413109,420
219,229,20,14.830723,267
328,168,5,6.745264,666
245,76,18,17.324882,511
238,374,13,11.796863,311
274,400,13,6.993469,631
222,166,9,12.874376,1151
316,193,8,13.728841,536
150,266,18,4.663991,1161
398,365,13,19.622933,657
29,293,13,3.933076,957
398,216,20,3.737629,773
257,369,8,7.924408,886
211,22,14,13.974055,831
92,400,16,15.764571,730
284,391,12,17.882543,989
282,181,11,10.059071,1129
50,316,16,15.774965,226
255,266,6,8.879369,277
292,438,12,8.052423,767
134,274,20,17.399806,501
273,164,13,17.352015,208
93,166,17,13.622425,485
37,189,15,5.369385,689
46,268,19,16.470081,791
343,168,11,8.908811,462
105,18,17,16.569395,400
44,299,8,14.349201,1076
74,201,18,0.692529,356
189,108,15,5.267970,619
221,122,17,12.577053,567
45,27,8,8.015004,131
84,366,13,3.220066,707
53,127,12,3.068896,313
336,200,9,18.270939,140
13,376,13,18.657170,293
319,25,9,17.929656,833
423,152,15,1.535768,637
65,118,18,7.375816,1066
110,169,10,20.459465,786
137,191,12,6.763806,523
307,181,7,0.899269,535
360,319,13,17.042410,595
404,415,9,9.071017,149
346,263,11,6.057560,449
417,245,18,3.352902,526
3,265,7,11.104119,608
404,57,7,7.618385,311
411,12,12,6.662167,710
150,330,18,3.757259,261
70,44,7,8.688638,154
78,289,6,8.503459,161
2,43,16,2.311667,802
36,376,20,10.864545,907
282,64,6,14.818387,1104
425,149,15,8.228515,432
8,130,18,16.278316,763
341,190,12,2.427317,527
16,325,17,5.296609,412
73,25,15,17.498180,693
440,243,6,4.074802,681
320,3,18,2.105235,725
229,320,7,0.615191,587
281,82,15,4.695509,1144
93,283,11,20.130825,345
201,222,12,16.091909,705
10,409,5,20.120672,475
309,398,11,14.851991,269
448,195,16,18.335402,358
149,21,13,4.212306,940
415,423,17,17.067625,294
94,60,8,10.013075,843
297,215,6,19.036119,1187
3,83,11,19.250036,769
169,405,6,3.866676,419
264,315,13,18.528504,231
419,205,9,14.198400,674
323,394,5,10.557139,488
174,152,5,0.376703,1114
248,165,20,5.606392,379
261,58,7,8.699690,705
13,160,9,9.722742,991
430,213,19,17.155509,452
254,331,12,20.373949,897
188,145,7,16.216330,612
385,412,16,4.959274,102
380,321,7,19.765361,924
432,181,15,7.500417,783
313,391,5,14.421139,1001
377,301,15,19.728046,430
301,92,9,0.604391,456
192,96,15,11.720972,1130
148,144,9,8.099031,297
309,165,5,6.429872,280
62,312,7,10.923402,961
335,363,9,4.739358,152
419,212,9,2.481079,234
204,421,9,11.651261,102
180,259,15,13.368461,200
304,189,11,11.109598,789
260,319,17,15.031703,1079
432,347,13,12.098754,674
26,118,6,1.588828,304
3,298,5,6.065197,329
134,229,11,2.159354,341
51,400,17,16.555488,1085
174,111,5,5.432994,691
399,215,8,13.401739,400
392,117,15,4.887529,270
299,266,19,14.349957,920
373,427,7,12.084329,1117
137,443,17,4.576028,429
45,382,11,12.138823,634
428,436,17,15.813700,846
324,8,14,2.408263,776
173,21,18,18.007840,571
238,363,6,16.235188,630
3,448,9,4.908885,692
340,281,19,3.772372,849
209,406,16,3.667515,885
361,201,8,18.417926,457
306,26,14,20.378774,692
448,6,6,11.349772,177
127,182,19,13.844526,103
351,48,14,2.590973,862
182,228,18,10.319945,629
113,380,14,0.064762,657
284,350,19,11.873893,1138
50,100,9,10.944752,1055
303,349,12,0.955596,250
208,354,19,18.109958,255
264,42,11,12.120182,619
255,37,18,13.605405,656
266,245,16,9.575386,420
428,45,8,20.068972,507
396,269,6,10.566896,837
121,291,11,14.383315,1129
397,167,16,14.959339,1188
285,363,5,7.008933,1021
374,257,11,3.286018,205
378,61,19,12.735681,833
291,72,7,3.463797,740
224,0,6,13.424650,917
264,309,13,19.990381,567
111,81,15,19.928462,1102
411,360,8,19.233753,131
84,123,18,15.416008,459
423,110,18,14.853064,630
59,259,8,19.673341,569
125,347,5,7.394755,169
340,328,13,10.623805,376
270,28,11,12.413177,602
387,196,6,6.555731,139
130,13,9,16.725337,286
256,428,18,20.340365,819
359,37,10,3.403445,412
335,305,16,7.137860,469
386,286,18,14.097679,1037
220,64,20,9.562581,189
81,245,13,7.201621,929
221,393,20,9.122934,873
346,141,11,2.193790,1050
445,262,11,10.182439,102
33,354,13,12.958096,980
356,44,17,4.811662,1072
429,51,7,18.809894,334
316,28,9,9.990764,615
337,234,6,15.718982,549
178,119,8,7.660355,966
25,375,9,19.344815,1186
327,104,10,20.476815,151
127,327,13,18.378542,729
172,18,15,10.615472,945
213,353,16,5.275371,733
259,108,9,11.052901,516
395,110,18,19.087970,671
26,309,9,9.661374,576
248,117,15,1.413003,550
209,402,5,6.725574,553
247,8,11,7.000963,585
10,284,15,15.756465,308
123,252,10,17.003890,898
118,287,7,18.928965,490
106,19,10,11.376901,641
359,110,16,17.692823,394
393,185,17,12.917400,153
58,204,5,8.792368,570
380,312,10,15.023994,1029
298,399,17,19.198691,740
175,319,18,1.928857,977
96,329,11,2.549755,375
120,216,12,10.672821,660
314,207,5,3.332133,203
304,52,18,8.365465,244
163,159,7,6.183465,646
154,410,19,14.955575,148
272,251,14,18.360431,568
274,317,9,19.974434,294
196,34,9,11.676615,634
368,36,11,11.368614,1060
419,253,19,4.061811,1126
105,86,16,16.034042,783
189,6,13,7.070699,1124
406,191,19,15.587156,376
371,370,11,18.203496,235
70,7,5,15.396418,175
183,189,8,5.835741,316
106,138,10,1.306925,387
241,398,17,10.652692,376
25,396,12,14.666178,748
173,338,15,0.934847,132
162,185,12,0.410956,357
288,128,5,14.331824,333
64,1,17,4.108673,1061
363,209,11,12.320285,970
94,322,12,14.306331,269
366,156,15,2.870660,473
271,434,16,18.794081,966
156,28,20,8.402438,936
126,448,12,15.678103,1031
190,235,5,9.467419,230
417,101,17,17.064624,603
260,317,15,0.571618,489
46,104,20,14.495775,173
102,353,13,1.160821,622
190,246,16,9.515897,418
97,230,10,10.361800,627
385,250,9,7.313028,857
51,114,14,15.757897,1019
373,155,14,6.358883,747
249,245,18,2.746133,923
152,14,15,13.096295,202
357,145,16,16.839371,507
82,354,8,0.228102,1158
372,229,19,3.753055,1147
383,333,9,15.514564,869
160,108,14,4.794851,1179
432,27,8,7.866901,266
131,118,11,16.749575,840
362,396,11,3.094432,748
80,278,11,15.603463,696
396,330,13,14.649438,835
112,18,18,5.576710,436
76,33,11,12.521067,708
367,203,13,14.027127,948
78,443,10,1.510605,1141
33,178,13,16.219131,357
393,160,7,3.609409,310
428,238,15,3.816841,1153
333,68,10,4.478026,1067
357,247,6,9.666861,140
313,349,19,14.953806,561
423,292,7,13.927212,1115
221,430,8,16.682820,1149
77,427,7,5.576998,1080
237,148,18,15.767976,884
291,109,11,10.434099,514
432,266,16,19.667842,255
324,219,16,12.239362,801
57,208,16,6.060188,239
14,357,20,1.509058,307
141,238,19,16.046020,545
179,387,6,0.037757,785
11,211,14,6.876561,765
404,248,15,16.465448,326
175,214,5,3.721963,1036
55,143,5,16.360307,873
244,1,9,2.599453,436
366,189,5,5.159347,322
121,398,13,19.875258,1054
427,103,16,2.506581,927
425,104,13,1.177055,774
366,233,20,16.524232,583
233,352,5,8.939166,270
81,409,12,1.141575,830
110,190,8,6.670213,207
265,106,13,17.571345,941
379,295,11,9.991391,745
327,440,16,8.764535,1118
286,283,18,16.509408,684
446,280,7,5.383721,116
157,165,6,3.601321,100
211,81,10,16.480445,100
436,299,14,9.789193,606
417,42,10,1.843730,1091
179,289,5,13.911135,457
336,352,10,20.017667,497
432,235,6,16.084073,257
180,63,10,11.401641,361
341,27,18,7.709597,160
142,243,6,10.358915,107
252,143,12,0.905704,474
408,445,9,1.484544,1153
286,343,15,2.384351,864
184,210,8,13.089236,355
388,25,8,9.325540,105
82,249,5,2.092826,207
98,131,14,4.489468,259
326,153,14,6.167282,1133
304,37,14,7.636626,298
344,162,9,6.752332,361
337,398,5,16.933586,901
337,367,8,1.011095,850
52,156,9,16.730440,979
81,365,5,12.570678,133
33,257,7,8.491599,779
271,361,11,6.787865,200
16,35,16,5.672919,860
217,65,17,2.014009,387
265,269,10,16.135326,888
299,47,14,5.469279,339
49,131,17,2.980068,806
10,357,17,14.591255,723
326,278,13,1.092942,132
446,76,19,18.248620,403
431,213,19,12.719946,1088
180,284,11,7.375097,507
371,356,20,5.097681,845
19,374,12,2.480459,661
20,239,16,9.846817,581
72,421,14,11.149348,1076
166,363,12,6.278274,1162
23,324,19,0.576856,618
409,214,18,8.503836,509
20,34,15,13.970422,435
125,108,7,3.497620,730
102,209,20,12.454066,564
399,350,18,16.322246,156
361,45,11,19.526984,539
324,38,14,3.243277,1187
71,210,6,5.735145,435
217,219,8,14.487925,585
111,418,17,8.968488,998
276,147,12,12.187862,1045
206,160,16,16.800448,1003
55,111,10,2.565596,442
271,338,19,3.249908,718
379,65,9,4.273135,1041
215,7,17,0.063350,1167
397,314,11,14.496058,328
241,358,16,19.502323,156
94,417,19,14.528695,1014
272,424,15,8.549645,1120
18,180,7,9.774906,1000
187,105,15,9.454672,899
393,369,10,14.952293,262
225,272,11,1.752458,462
190,189,8,19.433962,391
340,57,7,1.491975,775
138,109,18,3.909401,783
197,427,11,12.847849,125
132,399,19,19.968822,501
370,197,10,13.130419,534
23,117,10,10.612481,755
406,424,16,1.237203,258
209,365,11,6.272645,643
96,416,11,4.257414,1063
150,406,10,3.978432,501
38,4,14,5.086419,1100
400,118,19,8.578144,534
302,179,11,8.704342,909
202,162,15,13.649095,1116
144,108,5,13.593088,186
417,293,12,6.956663,964
190,120,12,18.790425,141
442,117,8,14.607741,962
323,263,5,19.066197,134
172,352,13,9.014314,167
144,445,9,5.775948,161
25,112,12,8.807858,1011
147,82,7,2.586127,871
297,287,19,13.829409,453
174,53,12,8.625631,1040
295,426,5,17.386253,907
445,302,11,18.223261,617
192,329,12,13.187878,830
268,343,18,0.991049,1178
46,191,14,3.798786,712
211,337,11,0.602656,678
285,161,8,7.969865,195
422,406,19,0.512613,941
397,145,12,20.430323,754
164,201,14,12.545299,799
234,83,19,11.750958,1144
10,168,13,3.197932,335
396,360,10,6.667710,783
276,430,11,7.909793,509
97,441,9,13.377030,200
381,64,7,15.631612,1101
30,81,15,19.571093,156
96,406,8,14.872362,1178
26,352,11,2.549046,1075
338,260,16,10.967623,285
27,319,14,3.761594,314
237,132,16,3.614432,118
115,151,17,15.064310,465
86,436,8,0.741027,637
200,125,14,8.991149,773
107,349,7,17.064975,417
431,132,7,0.555263,176
99,435,8,15.961668,664
420,224,20,11.259467,336
389,286,14,18.625573,532
377,170,18,6.589487,1188
66,330,8,20.029058,856
432,251,19,15.228873,976
4,297,15,12.186907,663
90,342,7,16.557122,992
164,171,19,9.464719,116
280,310,11,14.759537,337
62,277,9,19.236735,939
355,72,19,16.409346,930
248,48,20,6.868420,631
119,84,19,14.017267,982
101,289,12,2.039722,1186
84,39,20,7.150805,411
62,270,17,9.840733,914
359,207,17,9.892422,1067
292,411,16,19.257938,286
120,246,7,12.157271,681
294,358,7,9.387421,928
128,368,11,11.322322,683
412,282,12,13.161067,1160
377,258,18,10.105750,866
180,20,5,14.719149,854
239,292,5,17.947602,412
430,118,7,0.480961,415
10,340,5,10.919486,1107
290,208,10,4.700608,103
299,438,16,19.488947,431
43,383,7,15.804692,888
355,141,11,11.790811,383
375,442,5,13.422784,931
64,370,20,4.758944,302
93,408,7,17.628828,426
297,256,20,19.820969,159
16,67,20,17.153802,861
32,384,14,2.786726,912
350,366,14,16.015953,999
240,255,12,14.908124,515
241,166,17,9.664951,647
440,418,19,14.139607,1164
386,231,20,13.651879,406
153,387,6,13.870885,435
164,382,7,8.153709,202
350,308,16,2.836028,830
149,106,19,5.072557,928
273,33,20,2.548004,791
423,202,5,18.473037,165
230,34,19,18.324323,1182
122,412,10,3.984153,665
41,182,8,1.926722,406
80,126,10,3.848612,1189
78,324,5,17.428856,179
116,167,10,3.427590,195
69,109,19,14.854450,410
155,118,12,2.903534,351
147,12,19,14.819807,993
38,269,19,0.238170,933
122,39,5,10.521020,985
225,294,16,4.446099,393
274,208,10,8.085495,911
145,178,20,19.864636,693
167,422,13,1.554358,704
337,123,11,13.957635,671
334,107,10,14.703021,1089
204,335,17,15.321029,823
228,424,16,6.247556,360
367,108,7,11.852787,975
88,104,12,13.275931,351
65,122,7,1.957506,1136
249,48,16,12.713864,233
132,260,20,17.370122,578
29,68,16,8.324268,1161
371,100,11,0.357054,617
289,333,10,0.018351,1189
217,282,9,13.490356,563
215,36,17,3.023243,452
264,407,8,2.770769,1071
198,227,11,4.497366,846
326,117,12,2.764435,853
261,146,13,10.606898,179
93,436,18,16.630489,1049
376,4,8,2.974177,1000
124,440,14,9.280461,687
72,137,9,17.503364,635
349,262,17,17.729567,197
288,406,19,10.954027,938
52,120,16,3.488619,111
266,79,5,12.448697,935
212,339,16,17.166813,624
92,10,12,10.669548,185
112,170,12,13.417552,932
378,217,5,11.506108,640
196,65,5,5.312243,728
62,120,14,15.418636,505
45,236,11,1.659146,544
74,181,10,14.249855,591
221,345,14,4.504970,130
84,41,5,19.455695,498
249,399,15,17.089879,138
7,177,17,3.076798,983
400,71,11,18.509335,379
123,402,15,19.711469,597
349,412,11,10.563249,256
135,108,11,16.226206,266
231,116,15,0.668884,702
263,3,6,18.997352,538
348,317,20,20.119862,1138
97,423,12,6.569016,369
3,236,11,19.611405,887
100,193,5,13.845132,102
89,154,6,15.580679,1042
112,406,15,11.888760,127
120,103,13,4.684243,697
432,100,6,8.272130,1138
66,322,18,2.337493,425
143,107,13,18.178209,868
255,120,20,19.889167,170
115,106,19,19.302483,506
66,217,17,2.144062,1179
249,228,19,20.266891,314
276,320,14,3.685028,609
391,180,16,15.034534,647
170,366,17,11.604659,385
53,252,19,18.589601,1167
32,191,5,0.012013,1051
203,126,15,0.574551,860
238,257,8,3.201817,314
331,137,6,5.857486,722
74,146,5,14.559802,810
254,377,9,10.821959,147
216,343,14,3.909313,964
136,342,13,13.955935,313
324,149,19,7.271065,912
205,175,20,1.747774,902
320,373,20,15.295990,523
428,34,6,6.405536,246
370,433,14,18.799896,1075
31,92,5,15.208240,330
113,159,19,0.464556,654
73,374,11,5.729264,445
282,407,5,11.148847,833
440,289,8,3.759648,805
105,90,8,6.972699,1096
103,250,19,8.208542,348
22,7,16,19.449666,985
230,312,10,14.217923,555
240,149,17,16.594264,474
217,290,8,1.572989,838
142,50,17,9.399572,550
449,15,6,5.918518,921
162,285,12,14.158245,896
445,435,15,1.644400,1145
280,70,13,5.125321,1185
297,105,5,17.725208,206
405,433,17,11.757737,354
231,440,15,6.281619,1102
24,442,20,7.754544,340
311,380,5,9.518503,508
106,184,17,13.043336,643
272,103,19,15.756259,645
124,100,5,12.906220,509
79,434,17,17.190776,699
392,21,8,14.611906,144
223,192,8,17.587789,1019
24,260,7,2.142897,875
132,278,14,9.710726,690
354,93,11,16.088540,167
433,134,17,3.481425,932
377,152,7,3.451869,919
198,99,15,12.433035,934
410,294,13,0.639403,1037
97,324,5,19.645681,1119
329,3,8,3.180251,721
195,362,9,5.396676,682
205,181,8,5.903963,435
137,401,8,12.929883,490
380,67,7,6.776228,590
324,298,11,19.028367,632
136,340,6,16.514837,927
432,408,7,17.401687,866
321,294,6,3.686521,356
31,266,20,18.222538,229
67,229,12,17.733829,442
62,302,12,16.849953,381
167,35,7,10.734706,1175
294,132,7,9.556590,795
277,266,13,5.461613,561
351,435,15,19.099372,703
299,336,19,3.195605,997
128,200,10,15.544426,595
366,167,7,7.733871,574
449,7,11,13.928682,649
366,108,18,7.472858,669
250,167,16,7.788056,512
376,288,9,5.956287,1194
262,380,9,15.182029,248
75,356,19,6.358143,1105
232,16,15,17.063798,809
395,310,18,12.439262,1092
235,301,13,0.696217,598
281,216,12,20.449216,501
158,381,13,3.575547,1166
256,328,10,8.060518,406
414,262,11,0.671336,386
163,62,10,19.082704,872
392,73,15,12.838924,273
443,437,11,8.459170,1138
246,163,11,5.289673,742
37,43,7,0.235676,262
138,33,20,17.956807,542
264,107,15,6.206890,434
207,68,14,16.002212,167
236,281,8,11.862818,1145
102,77,15,17.958757,261
40,50,15,13.926668,1017
150,85,8,12.379868,177
225,331,14,4.569883,739
227,327,13,19.653324,714
429,94,19,11.242313,194
151,97,16,16.206274,966
194,144,19,6.843004,1187
196,406,9,4.955576,812
102,64,8,2.343812,338
198,406,19,0.324916,964
113,348,11,12.237455,477
414,75,13,3.367673,434
262,10,14,17.726125,1065
101,119,6,4.294342,157
30,325,14,1.501426,619
422,449,15,19.975671,346
82,59,15,0.260512,174
65,392,15,20.431031,274
248,79,15,10.276713,248
210,413,8,17.449724,374
257,122,9,15.845544,878
111,248,16,16.621925,1197
109,208,19,20.038838,371
120,253,5,8.844734,193
238,21,20,17.013361,539
256,103,13,17.576369,193
118,221,16,9.040123,1140
9,245,19,12.088898,698
60,361,17,15.597938,1083
208,340,13,13.592486,798
387,287,12,4.473721,1046
146,109,18,16.727121,396
58,45,18,10.622961,615
345,43,16,15.289949,891
188,414,13,16.928678,149
240,123,20,19.191120,1033
285,406,6,3.447478,659
135,394,8,1.648478,958
342,223,18,18.709014,887
438,252,14,11.695388,743
320,253,9,18.855429,896
358,431,19,5.907946,834
120,211,11,14.833779,152
190,222,12,10.603590,1011
17,112,6,5.582336,291
82,20,16,10.922828,713
301,189,20,5.997001,227
53,223,16,11.997582,960
445,171,11,11.413760,143
352,297,20,12.392810,872
298,354,15,6.261145,744
303,362,20,14.263700,894
362,373,16,15.863993,530
3,112,7,3.614085,871
353,240,18,17.089973,149
218,362,19,15.424212,790
380,437,13,17.751202,422
405,331,15,18.668948,188
278,76,12,3.915873,406
291,356,10,15.538873,201
84,295,19,20.096533,1197
405,337,7,1.104757,1104
249,133,20,12.619509,281
187,53,18,9.887324,386
336,250,9,3.758166,404
379,80,11,7.402964,775
20,127,5,8.407660,853
409,83,11,18.927779,731
388,96,15,2.102486,348
378,12,10,20.386620,1118
57,54,19,8.929955,528
438,200,13,18.548268,101
379,182,7,2.109834,1144
145,227,12,18.021675,239
280,201,7,17.758251,782
146,399,18,4.568341,325
335,15,16,7.327982,351
449,64,15,2.319733,1190
87,290,14,11.365852,1131
282,215,20,3.726177,1182
30,155,14,11.020742,477
286,440,18,7.236292,614
215,160,17,8.864791,958
332,22,9,7.027369,819
193,282,10,20.471489,364
416,14,15,16.177356,714
402,104,7,8.462266,492
191,274,6,3.129718,896
444,109,19,2.521013,1151
390,116,16,12.892527,427
321,435,13,3.993574,1171
210,135,17,12.290419,280
405,316,19,8.210792,214
233,96,9,14.706731,776
303,11,20,15.288087,1048
32,45,20,3.991775,289
115,289,13,16.304052,880
449,143,19,13.175160,1090
252,270,5,6.444360,175
272,17,18,4.881715,1104
365,90,16,1.963940,124
379,417,19,2.090643,758
39,153,14,7.729690,1023
439,413,13,17.803176,247
57,246,8,20.180501,754
208,337,14,5.736107,257
431,61,9,10.155712,678
437,224,19,1.091222,166
96,82,14,7.806369,1171
388,427,9,12.116360,1082
10,231,13,12.099506,1049
242,247,18,17.602724,204
402,247,14,4.055658,498
64,184,7,6.876410,477
99,281,13,0.569199,101
255,178,10,5.662468,730
81,138,17,13.309966,483
321,198,16,8.943989,229
195,199,15,5.842456,320
441,38,18,9.681020,183
83,243,9,3.042697,531
115,267,20,5.214891,1090
187,257,20,12.169487,1191
434,254,11,9.506317,226
182,336,15,9.474967,975
24,79,6,11.618965,683
410,259,6,0.431525,940
329,342,8,18.747506,177
296,23,7,11.152543,255
192,155,10,4.397239,573
233,369,13,4.531751,1138
137,262,18,2.602268,832
117,337,10,7.127491,366
89,430,7,20.388460,1128
268,74,8,10.873873,949
131,135,15,14.386419,1132
385,331,11,11.970990,627
164,343,19,12.125026,828
329,27,20,10.976600,1177
361,11,20,7.620056,166
271,105,7,7.185233,1078
389,349,10,12.244459,807
25,33,15,19.021267,865
361,398,8,9.059976,480
354,161,11,5.759122,810
202,363,20,11.179420,224
73,26,16,17.617198,103
378,20,5,14.976344,551
324,71,15,7.819059,898
269,162,9,5.847386,393
40,447,16,20.283865,262
233,218,17,13.388280,1109
129,65,20,12.042213,400
200,346,15,15.363913,779
262,125,13,20.043052,342
108,372,10,3.492294,999
293,356,13,6.165465,999
94,162,17,6.383049,1022
434,422,19,12.378661,227
194,204,9,9.118264,548
377,54,13,14.860693,1152
291,245,15,3.537234,1106
106,253,10,16.263577,526
343,120,8,1.165498,1142
86,7,15,8.447438,415
80,52,6,8.614504,1082
330,309,6,1.507608,521
346,134,12,19.899228,1138
277,48,17,18.525454,729
308,297,8,18.791795,476
370,16,15,0.138495,656
156,437,20,16.279799,419
353,449,12,14.349942,206
109,283,5,4.891323,1128
340,271,9,1.910725,1031
50,60,10,18.584758,472
356,235,6,8.074988,801
187,56,18,2.460245,1147
372,289,20,3.063920,475
3,330,13,11.236370,125
273,138,11,10.457835,296
159,428,9,0.143587,340
36,333,10,8.823127,969
418,98,15,0.624439,1100
196,204,9,14.645778,706
210,133,17,15.601080,339
317,12,7,6.789285,1034
285,131,15,19.258427,764
74,33,20,2.089088,1184
343,183,13,0.923182,404
285,68,8,14.565162,871
422,215,10,10.080907,211
160,361,17,7.059721,175
158,404,14,18.259569,142
314,414,12,13.619674,559
302,320,15,16.481678,1120
449,305,14,2.031298,114
188,12,19,0.888383,698
276,327,19,20.260213,633
172,337,15,6.912154,1171
103,121,13,16.785874,718
154,97,18,9.784255,355
282,156,19,15.726005,558
76,34,14,14.386921,894
157,160,17,14.101052,566
357,104,8,0.014045,202
106,397,6,19.570344,163
286,245,14,12.768469,1002
154,187,20,6.393293,481
392,280,6,0.567744,383
314,280,10,9.892804,748
218,401,12,8.490342,303
164,331,20,8.177999,781
340,275,20,2.811745,312
97,399,10,14.276993,929
27,429,8,9.419706,535
11,144,17,3.779140,1137
18,408,8,1.171398,907
307,316,7,17.760787,437
366,210,5,2.464363,704
295,190,11,16.883398,611
425,382,19,16.426674,177
282,317,9,10.181553,1014
326,341,8,12.550759,936
391,281,14,10.746729,953
96,287,6,16.199338,160
36,296,7,14.760459,693
387,426,19,13.740727,103
95,80,11,20.001369,442
315,302,12,9.177635,967
149,171,9,12.351395,189
141,170,9,1.216016,388
275,279,6,7.516767,866
312,346,18,1.993195,609
143,236,20,13.147348,263
436,333,18,0.935760,288
24,206,5,18.990527,471
185,421,17,7.185224,949
379,23,19,7.784306,1108
290,57,18,1.957512,522
52,56,8,19.277198,742
246,264,6,9.478002,530
344,243,18,19.846263,990
407,202,18,7.006357,856
196,178,12,17.800703,320
439,329,10,14.870589,108
137,376,15,3.698236,743
212,116,5,0.337329,908
91,214,6,6.991012,849
319,293,10,19.391598,498
71,294,5,13.272673,139
126,341,14,11.278250,856
145,258,16,8.843799,577
142,286,14,9.262725,280
314,258,14,0.643650,961
362,298,15,12.577398,906
315,56,11,4.617795,540
113,206,10,5.527761,1012
360,287,11,8.181076,608
259,387,14,12.225120,669
257,11,11,1.254388,272
408,195,7,15.348289,920
91,271,14,6.187566,382
358,282,10,2.192079,1007
160,248,17,16.559191,394
357,43,16,14.820710,953
194,212,14,14.727557,816
346,293,11,7.045594,684
309,334,15,2.807474,384
251,172,17,12.833236,117
148,11,11,20.369325,817
412,164,10,2.520757,966
319,92,17,14.325599,1069
265,328,20,11.014391,1144
25,211,14,2.292564,721
133,18,15,19.346654,1083
330,436,13,13.290673,496
64,315,19,11.095182,615
291,173,14,13.010815,342
245,328,10,9.297534,599
89,17,8,10.405733,1200
6,444,9,7.061063,830
263,287,5,15.762814,824
275,316,16,15.293476,235
225,174,13,15.493150,709
282,4,19,13.480949,730
152,335,15,16.526345,1118
108,270,19,4.669246,210
162,426,16,15.785209,1157
304,334,11,0.322851,177
306,307,20,16.098906,989
158,138,7,13.621266,1104
271,283,11,17.726697,406
22,40,9,3.743825,998
118,234,10,13.034661,917
68,184,18,4.784585,666
216,387,16,3.274025,1153
390,241,6,8.701326,1108
338,150,14,6.530875,892
245,383,14,8.043337,763
341,365,12,2.061122,201
4,53,8,14.578313,796
345,239,5,2.703438,477
206,138,5,11.595636,811
343,66,9,6.249255,443
81,294,14,7.661104,554
21,293,17,17.061501,1126
105,69,12,11.787285,427
420,238,11,6.919580,236
243,49,15,20.489800,1157
333,198,7,15.733331,1125
155,366,17,18.160851,633
237,347,19,2.535202,751
30,378,13,18.666804,1038
362,325,14,9.550374,834
241,38,16,19.851817,727
18,0,13,9.035238,369
317,352,15,7.720853,647
367,443,18,18.926011,864
42,338,13,20.357725,772
426,369,19,15.888902,663
446,72,12,13.386802,167
246,284,20,4.556651,288
2,297,12,15.766793,205
359,64,14,20.365848,1106
313,248,12,19.377651,276
108,266,5,7.435989,235
103,110,13,12.243388,1007
304,78,8,20.166192,346
222,85,18,16.606657,945
57,333,16,10.325571,628
167,106,8,7.533462,470
266,290,18,14.044247,370
336,85,20,12.547658,135
194,422,9,12.925856,105
308,91,5,1.644875,1162
202,125,8,4.410430,1013
227,280,12,14.908747,764
310,192,18,2.006433,559
4,193,9,5.403212,1061
443,388,14,16.270182,715
347,146,16,6.773724,588
213,232,20,19.353660,1022
443,145,18,12.235618,526
352,357,9,2.342124,1179
258,255,10,3.543610,241
105,364,15,7.291660,1184
98,221,7,7.312366,313
378,342,8,5.079420,746
168,132,18,12.962906,1075
319,351,9,17.968035,148
261,445,16,14.986366,975
114,111,16,11.086972,1075
233,254,14,12.947987,434
426,398,11,0.543117,447
346,360,14,13.105580,337
306,431,11,3.086389,537
76,261,18,14.048332,387
352,36,6,5.181799,861
311,199,9,3.893613,922
252,24,6,2.717914,1096
370,238,16,19.908104,827
368,345,16,14.798028,480
447,283,11,5.514118,729
237,361,9,15.825237,829
29,4,10,3.717369,635
408,212,7,0.234961,419
231,406,11,18.141932,519
162,403,19,7.052350,1057
361,224,12,19.890675,709
47,115,5,18.278331,933
110,358,6,15.327057,363
20,425,20,0.396929,223
381,77,17,15.427244,315
428,405,18,0.635205,603
235,432,12,1.478549,104
370,392,16,2.747805,301
205,131,8,4.858116,226
269,161,7,4.509513,955
244,79,18,5.704730,954
356,27,10,14.940452,278
53,82,6,4.333296,137
237,208,15,2.929292,212
35,203,20,9.829034,865
110,316,9,17.201252,1102
346,156,9,16.438471,859
134,147,17,0.439916,532
57,292,11,3.390044,805
365,389,5,19.585316,452
246,90,18,0.040703,1005
130,369,19,0.234061,738
12,345,6,10.445959,158
344,190,14,14.388273,1074
302,245,9,11.928898,825
293,237,11,4.181862,611
173,339,5,18.599823,363
345,285,6,6.550727,1027
263,401,17,12.143763,234
173,294,17,6.231695,311
361,234,15,6.708875,1114
59,72,16,8.733807,892
377,99,12,7.427724,427
249,171,11,14.650901,888
270,114,7,17.904480,174
65,243,16,16.066391,500
353,285,7,4.258425,934
235,421,14,8.833374,672
296,325,17,14.591307,231
180,31,12,9.069398,355
17,34,18,15.194740,295
228,53,13,13.077199,500
339,54,13,15.102315,754
265,172,13,11.609065,1066
158,271,11,15.683340,314
245,248,8,10.873673,1110
148,43,7,12.974552,943
95,175,12,18.022996,400
81,99,7,18.182071,1065
296,223,17,16.828324,729
95,10,10,14.637216,757
109,378,5,3.455090,227
393,94,9,0.105550,912
224,8,20,5.142315,1094
136,82,20,11.963728,744
184,208,6,1.912520,239
101,341,20,6.598114,816
393,171,16,20.101702,1154
61,346,18,2.684833,152
64,354,17,1.492583,661
40,214,12,14.225204,1046
84,395,10,8.349748,1152
356,161,5,17.482832,1133
54,68,9,19.273136,908
260,199,12,18.146303,507
139,235,5,15.883919,1072
306,443,14,18.227189,131
351,223,14,18.210809,515
134,5,9,1.106385,767
391,351,5,0.468833,635
127,164,17,1.840588,857
416,354,19,12.823452,147
318,181,5,15.710033,984
77,418,10,9.610264,335
364,169,9,16.483350,910
394,170,15,16.865870,202
78,72,20,3.760910,810
212,49,14,11.013313,613
215,23,20,14.927153,269
137,361,14,16.860907,475
348,218,10,16.672195,976
201,146,10,15.945445,560
414,342,8,19.494749,1117
266,134,9,0.335678,963
217,171,14,9.768205,140
95,20,16,5.947936,980
394,435,8,4.621611,1126
172,179,14,9.063629,290
49,41,13,14.249324,941
383,320,18,17.826166,507
289,98,14,10.992686,852
240,275,12,1.168283,1111
26,116,13,13.657984,1187
206,350,5,19.856861,184
163,83,10,18.759970,301
242,132,5,12.952149,912
182,108,15,13.797281,1106
226,130,17,12.208737,653
181,413,14,14.272514,992
362,213,17,2.428086,293
355,66,15,8.366631,794
184,11,15,11.843206,502
6,422,19,11.827380,139
263,1,7,19.480255,211
116,152,11,14.908784,635
329,413,10,16.663195,1134
163,239,16,16.743523,725
438,186,15,1.465104,445
319,16,15,17.786703,507
104,117,16,17.572041,485
51,347,9,15.814167,894
272,20,7,4.573364,434
44,430,5,3.008640,211
413,70,5,1.653212,291
79,301,14,7.068797,798
325,263,20,4.929143,1157
402,209,6,3.283081,1026
290,54,19,20.396832,993
253,116,18,2.504055,1119
14,154,19,7.454225,982
46,361,14,2.566892,1045
273,20,9,2.613109,447
155,436,11,14.676033,126
336,79,11,4.972342,891
167,433,11,2.087124,324
152,91,20,11.622855,941
149,320,8,0.975040,181
71,298,5,13.307057,379
201,330,18,2.734735,975
389,280,17,16.180020,1019
241,411,6,10.983959,925
300,147,15,6.801006,293
118,401,6,6.684210,204
352,110,15,16.799048,547
259,346,5,11.816145,262
227,436,10,0.943582,675
228,305,19,15.581468,247
356,210,14,7.550693,352
441,156,10,8.406378,819
90,21,13,18.058445,1157
436,22,12,10.165454,547
117,219,9,16.073409,386
60,166,11,17.837335,211
212,423,7,0.113337,883
336,74,19,18.717630,727
221,290,9,8.532843,373
251,146,19,11.159979,511
273,411,18,8.844851,513
191,360,16,19.264836,485
28,308,5,19.884848,840
60,409,13,13.667442,600
22,359,11,17.809065,151
108,387,5,6.661957,1077
85,358,11,15.431975,142
364,173,20,11.774280,213
364,92,15,11.649416,886
117,61,6,18.615748,1101
195,57,20,11.023615,310
25,301,17,15.503388,746
252,94,10,10.896680,125
24,53,18,17.955793,284
115,131,20,12.314952,257
259,271,8,13.220020,467
98,31,17,0.703321,986
352,47,20,2.332963,826
286,75,11,15.110554,1058
15,3,6,12.274689,837
183,288,15,16.086477,671
293,298,16,15.024638,1075
372,433,17,17.578536,431
141,348,10,4.489371,407
46,126,14,6.544854,574
354,449,7,20.153691,825
361,273,18,17.110606,1182
111,114,19,5.323976,878
328,386,5,1.546117,711
70,153,6,1.919657,119
341,171,13,13.463508,614
150,364,8,6.163229,1097
118,112,14,19.925851,1146
13,275,5,6.902744,264
302,423,15,0.420651,274
117,379,5,1.400048,215
437,271,9,8.159102,1160
401,362,13,1.975860,1195
219,73,13,6.119508,517
23,17,8,13.756685,486
220,173,8,13.662666,909
187,190,7,17.401203,583
444,440,14,9.237597,969
77,58,20,8.574540,1066
39,187,7,14.085911,760
391,186,15,13.014129,479
364,119,15,15.142433,845
242,18,14,19.643637,747
20,232,7,15.205748,880
185,442,12,9.746738,486
400,424,18,6.808142,1173
130,364,5,4.069840,956
329,373,12,11.758695,701
71,404,8,14.576190,268
327,192,18,10.818416,331
331,147,8,0.161574,963
231,151,8,8.948010,541
86,83,17,11.463044,803
5,201,12,11.836926,464
324,301,8,17.647234,458
305,411,10,10.870772,671
215,249,7,14.900541,603
444,29,10,5.974999,241
407,263,6,13.792552,857
109,266,11,10.908705,989
198,147,10,12.407220,653
203,37,7,1.243858,145
254,60,19,18.282067,305
190,84,6,8.398511,1093
407,248,8,12.522426,682
51,340,15,13.601906,937
359,69,14,15.382055,1003
313,182,20,6.767824,1134
426,267,20,14.136979,1057
77,168,11,7.662464,982
326,324,7,14.596416,548
188,319,19,20.447919,782
353,84,14,15.787205,680
424,367,13,19.733956,730
348,358,19,6.439979,883
207,367,20,6.235019,935
163,379,7,9.812201,697
158,180,20,6.074048,451
72,236,19,20.353377,281
193,330,16,8.978342,701
168,385,8,14.766435,981
104,66,8,10.982327,890
50,18,12,11.026523,846
429,271,14,3.888246,824
277,364,12,13.701226,328
211,117,7,4.887363,402
146,273,15,8.138131,701
15,256,13,15.829085,205
316,229,7,17.004476,492
219,414,5,5.137784,583
431,382,18,17.263885,823
150,55,5,4.692915,378
362,245,12,2.427592,1058
77,339,12,4.250700,716
416,213,5,10.025824,327
216,96,19,2.167675,1006
255,108,7,3.854159,987
164,356,11,6.155253,1077
342,68,19,19.130857,1001
54,254,6,9.544088,688
269,191,6,19.517412,797
33,165,13,14.189445,1149
437,31,12,20.353678,1068
212,315,20,18.632405,1086
304,295,8,12.582270,687
53,75,8,18.735435,663
53,307,9,3.416043,839
251,71,7,11.283657,179
165,38,13,14.177810,603
353,323,5,19.660786,539
210,377,18,10.830911,472
197,407,9,15.309301,838
177,107,12,1.264796,666
31,296,14,13.006605,264
269,127,6,12.134512,697
377,383,7,12.514288,952
90,306,11,14.349579,168
223,182,8,16.649603,1190
53,305,8,6.726958,1140
48,155,10,12.841010,865
282,247,10,14.886531,878
372,51,14,4.812567,393
8,226,13,7.759285,325
137,374,6,3.213676,998
304,210,18,4.150903,742
360,240,16,6.756656,1009
442,333,8,20.154956,1079
262,304,9,5.890294,367
39,359,20,7.937751,777
101,201,17,10.291089,994
140,29,18,4.708484,1106
120,275,11,7.772445,1109
34,145,19,5.045110,424
150,54,8,8.923054,451
58,128,10,9.946557,720
221,152,13,13.679649,312
47,193,10,0.372511,566
302,198,16,7.592982,432
215,177,16,3.042303,1006
438,131,6,19.813796,854
230,411,10,20.182509,999
129,187,20,16.540572,817
445,108,7,1.267147,448
84,436,12,6.940573,114
240,61,19,10.023673,432
439,301,15,16.858986,421
361,150,10,3.576125,719
395,0,8,8.423381,855
204,233,15,0.976073,908
337,121,18,2.938993,795
429,317,19,12.136659,301
2,408,18,4.469988,323
383,324,13,11.712797,372
303,356,19,17.197526,878
283,445,7,5.734731,272
213,337,11,19.461139,713
354,345,7,3.482764,210
268,228,15,14.821316,208
150,416,19,20.022709,583
329,265,19,8.278974,972
449,30,9,13.161802,1012
81,28,16,4.453865,548
444,231,10,8.828144,767
113,88,10,12.283092,970
166,133,13,12.448338,1163
298,44,16,6.561455,1171
375,173,8,14.462224,403
256,408,15,10.521770,1060
405,116,17,8.967147,996
19,167,9,20.235995,662
42,193,8,3.929762,845
68,122,15,13.219200,578
372,338,14,1.386886,836
151,423,14,19.869921,1060
91,233,12,16.516514,181
176,445,18,19.919182,851
373,406,15,14.841745,1040
287,309,18,0.360232,1151
52,372,11,13.725908,259
263,4,16,19.775170,131
107,431,7,1.873656,756
446,402,20,11.263978,115
76,20,11,2.632418,1162
386,126,20,6.577406,252
268,398,12,18.403191,1015
279,130,8,7.491034,777
448,132,8,6.392394,353
95,158,6,1.991506,776
276,61,8,14.718053,108
376,200,19,11.667674,498
339,143,7,13.207238,193
37,335,19,16.311527,177
232,158,8,7.453196,1034
98,0,19,0.463868,989
52,346,8,16.774330,383
246,444,6,3.722522,698
124,261,13,5.449014,301
238,240,10,19.318575,496
55,33,20,5.266182,882
115,90,18,13.645250,601
335,369,11,7.769294,671
258,104,18,8.968842,703
428,178,9,12.188776,1024
124,101,12,12.524272,697
144,378,9,18.415543,728
372,81,5,11.940888,728
195,73,13,3.277690,668
348,145,6,10.002090,347
134,165,11,17.151952,354
275,150,19,12.469698,749
0,80,8,19.546691,516
412,347,20,11.663845,177
388,204,6,11.946253,637
404,374,16,18.906661,465
328,46,8,6.397162,1015
107,362,16,4.471944,436
171,47,9,13.342891,794
256,334,19,2.402548,550
322,116,18,3.121597,1112
112,360,17,16.757413,480
435,441,18,17.506344,944
7,289,10,6.418449,824
382,260,6,10.655227,725
251,170,6,17.451603,326
149,158,9,1.251858,827
158,47,19,11.282515,215
308,144,12,7.736002,723
195,252,5,5.351961,974
402,60,17,17.228222,952
380,115,14,12.407471,594
194,261,7,3.881528,654
77,383,14,12.416800,1154
277,369,8,8.688752,922
353,100,10,0.104554,1115
49,272,13,16.005401,309
233,423,11,14.722377,539
214,201,10,2.677017,453
219,178,8,2.928777,203
308,288,6,14.858289,1198
420,23,18,7.976426,531
243,134,16,14.854027,721
265,386,14,11.860124,265
262,364,14,12.131129,445
312,220,8,14.285944,924
363,341,7,7.722667,1145
162,383,16,4.787642,202
272,432,17,15.949725,838
159,207,11,3.668226,412
297,129,13,13.712510,319
366,141,10,6.761399,1070
138,41,7,13.765789,417
46,92,7,12.418776,685
295,204,11,18.504753,149
204,423,20,15.879954,713
165,127,17,18.902897,213
235,414,5,18.633004,437
429,5,15,3.812496,197
394,14,8,7.240864,201
166,118,7,12.429758,330
42,346,16,11.887260,1082
344,135,15,8.226121,1159
203,20,15,5.043148,833
377,385,15,5.055164,1011
431,221,12,17.395558,273
400,447,9,1.591223,408
260,99,12,18.257649,705
270,13,18,14.761702,313
46,36,13,17.634790,869
402,318,20,19.669373,828
118,75,8,8.958513,725
234,227,14,3.021451,525
245,161,20,0.162172,536
146,360,12,18.097134,540
237,398,12,15.844161,111
397,83,14,10.331572,783
61,96,15,1.905141,271
443,222,6,3.649927,1026
119,201,10,10.229241,983
116,329,9,0.258097,672
386,343,9,2.811059,861
80,250,8,3.811633,868
15,51,8,1.921253,151
148,222,9,7.114741,797
186,352,8,7.506747,516
171,74,12,17.900400,491
153,48,19,3.294292,984
29,100,11,5.402499,316
354,1,5,11.589929,727
354,372,18,13.768509,827
18,39,5,16.946199,694
129,78,9,6.800027,889
207,404,17,19.501355,594
150,374,17,9.395635,286
411,111,14,2.030613,1037
358,49,16,19.991535,879
376,64,12,9.337953,736
421,363,18,13.846032,338
5,62,13,19.271202,830
78,120,11,15.709570,1114
155,203,6,16.909579,1062
267,401,6,7.146555,307
359,384,5,17.963698,1111
201,65,9,9.229904,1025
193,358,11,3.483138,714
281,28,14,7.343816,464
128,207,11,16.500730,690
114,345,13,16.508929,976
302,130,12,9.709646,287
82,180,6,20.273167,273
159,13,7,6.540351,961
29,329,12,16.585218,779
271,223,6,6.000163,204
287,88,7,2.449950,524
15,201,11,19.133231,446
283,189,16,19.460926,445
402,83,6,16.262633,959
196,361,6,11.646748,1170
431,366,14,7.801111,718
284,15,8,17.735811,1048
312,221,7,7.914221,391
224,119,17,11.050336,1181
195,5,7,19.294001,140
379,238,20,2.724819,846
163,162,18,13.002621,681
24,229,9,7.476915,820
14,77,6,7.263331,1096
54,348,20,2.382263,399
333,180,10,7.618246,619
275,443,17,18.159075,712
236,333,6,4.024133,300
306,389,12,0.342255,726
212,416,19,15.006593,784
151,380,16,6.672192,1121
368,221,5,14.186744,683
375,107,13,13.680819,462
112,151,13,11.537571,126
98,447,8,2.778379,101
312,132,5,15.817247,1127
50,279,8,14.339762,230
156,267,16,4.215450,583
18,179,8,13.800198,859
436,167,14,2.130774,890
160,393,8,3.360042,888
428,364,6,10.492574,755
109,235,16,5.612548,327
187,240,12,17.987456,781
369,172,16,18.528291,304
400,394,18,20.234765,251
314,337,12,5.069172,1137
4,296,14,3.491769,1030
391,153,13,16.685356,1077
116,67,12,16.244504,349
8,269,12,1.271088,196
187,319,17,6.316524,237
108,414,19,5.523931,177
96,13,5,12.271292,504
124,399,5,0.718128,765
260,205,20,3.906199,397
156,71,8,20.077367,136
13,152,19,4.955908,742
21,166,16,11.389365,445
357,252,12,7.394817,780
192,240,14,12.825046,1060
117,155,17,11.625277,595
159,40,6,2.477487,448
10,365,12,6.768587,268
77,150,8,0.994933,824
344,305,8,11.307197,131
311,334,14,16.447830,676
141,270,13,10.107073,927
140,396,10,13.182122,483
42,57,13,13.370069,837
282,82,5,16.759442,1053
52,23,14,0.243147,105
221,25,9,15.830311,121
38,338,20,13.752890,714
277,196,8,16.240340,684
289,350,19,17.124404,154
356,224,19,12.090442,224
277,53,5,10.898887,777
259,426,17,8.465920,874
278,417,14,6.396527,516
410,34,13,11.972994,540
24,279,5,12.212001,858
200,385,10,2.483975,1113
38,39,16,15.609439,351
21,413,15,14.848593,1169
41,161,12,18.089936,399
416,432,17,13.046575,531
437,5,20,19.209188,310
46,55,13,3.233930,224
330,329,19,11.824385,582
164,350,10,14.891112,544
371,326,10,19.985461,762
13,366,18,14.176707,766
225,232,19,18.671483,1192
130,401,6,7.211999,114
238,109,8,4.650184,808
41,61,9,18.416624,566
218,349,12,20.222459,446
104,412,19,19.724228,822
425,80,10,12.273833,347
384,223,9,11.056941,178
346,165,19,1.052551,740
63,231,13,16.028475,251
276,209,20,16.749343,631
444,359,5,14.399591,451
220,353,9,17.857115,817
100,47,11,2.764191,116
424,219,6,4.841187,1118
146,343,15,18.764125,925
272,149,7,14.439824,497
437,309,16,14.048127,755
118,170,8,19.233754,359
322,162,20,19.800790,275
66,240,9,5.635704,389
330,273,11,0.933768,973
426,7,20,20.365876,235
6,271,16,12.238776,767
253,416,19,13.261230,139
193,404,18,17.884000,487
13,423,16,15.478267,500
150,49,7,12.473571,736
309,174,9,19.437806,676
214,328,17,5.976755,1123
324,432,5,16.363113,667
264,154,18,7.978913,258
73,179,13,7.412424,689
269,306,7,4.672419,1051
13,45,18,16.985843,816
134,429,10,2.501524,941
195,320,11,16.894720,818
378,327,15,13.001790,1117
48,254,8,10.475873,125
422,237,6,18.233936,824
166,289,9,12.137738,679
302,387,17,5.530333,126
106,332,9,6.876075,299
267,191,8,17.207873,1165
302,13,15,17.150811,479
49,66,14,13.593332,503
0,3,15,19.139937,1120
308,45,17,15.071464,907
126,58,7,13.019734,1068
142,448,11,19.570941,1139
361,365,14,13.338093,274
206,382,11,14.265879,220
247,391,6,2.702269,1180
75,63,11,20.225337,170
328,330,15,2.844981,247
61,445,20,5.524133,108
251,365,17,6.873801,937
147,309,5,8.576420,615
69,448,8,12.126706,540
304,437,20,19.202284,285
403,75,15,5.953714,631
211,71,15,9.840296,267
276,416,6,6.811588,319
181,200,8,1.761605,1109
291,449,19,15.131335,1153
53,284,6,3.209094,313
198,181,8,4.896402,547
194,55,13,20.318069,519
318,384,5,0.257222,228
224,392,20,17.921044,365
396,49,19,6.655120,552
151,22,10,3.723885,994
336,84,11,6.855040,1048
274,181,16,15.096554,244
279,22,17,12.914605,944
79,69,16,9.388194,285
380,325,14,13.771257,889
66,19,14,0.997985,416
398,16,5,13.075397,745
23,247,18,2.368860,726
107,167,5,6.472595,485
51,167,7,14.957973,967
42,217,17,14.235080,381
439,221,10,11.945263,362
289,268,7,10.037633,270
226,394,6,0.500998,384
177,27,6,10.723873,1004
213,252,5,4.508489,977
410,47,11,11.699018,710
382,68,5,18.556245,552
58,86,11,16.362797,1151
186,278,11,16.582052,857
157,347,8,1.497802,408
173,409,8,15.773048,910
107,449,12,15.276297,982
32,73,20,14.056753,880
438,350,13,11.739134,191
448,237,9,11.610070,748
319,140,14,10.508455,1037
373,321,16,18.852139,1133
175,24,20,2.356568,1078
136,387,11,12.276617,745
83,154,18,14.795276,796
295,307,13,6.551355,809
167,248,5,4.607008,1017
77,34,7,10.360011,749
285,197,7,17.389737,625
181,310,8,17.728104,1083
404,52,18,14.425756,647
330,275,15,19.667706,649
239,223,20,9.941895,1065
42,41,19,5.467126,841
322,437,13,6.671407,139
6,352,7,10.387345,828
197,104,13,8.487012,499
313,386,18,1.674206,588
400,258,10,9.325002,380
335,20,9,3.279961,418
339,335,16,9.217766,274
37,227,20,1.710817,831
283,181,8,12.405823,281
127,288,12,6.382842,688
400,395,18,18.542280,782
359,258,6,9.120886,485
373,278,19,5.163384,373
175,269,19,15.473643,643
15,116,19,10.924897,796
286,152,6,4.912333,722
274,185,19,8.061338,332
117,218,16,15.019452,866
270,189,7,5.514432,238
292,443,8,11.186695,544
200,400,19,5.295069,742
166,14,5,16.239636,203
276,247,5,5.643023,1163
43,94,20,4.034394,1100
123,53,18,12.593996,917
226,251,19,4.709988,730
99,237,11,18.884981,445
145,28,5,15.899155,116
139,248,15,4.028953,273
180,408,20,16.611958,218
154,350,9,15.681127,1133
349,233,5,12.929605,198
140,63,19,3.629280,383
428,243,5,1.516590,1050
112,312,5,18.882891,594
189,362,18,11.207691,1195
197,31,10,2.815216,880
310,374,9,1.653028,508
292,377,20,6.129532,329
0,83,12,20.349679,586
415,72,7,1.004573,733
43,267,20,8.216336,699
191,229,11,16.329573,997
437,206,14,1.072431,746
22,217,11,8.299423,829
282,286,15,19.077503,627
424,301,12,13.330198,579
121,234,15,0.084443,985
119,404,6,16.248161,418
161,199,7,7.657875,1011
173,30,8,10.406490,695
186,15,18,15.222656,1026
50,131,6,11.584239,933
22,329,18,18.077703,174
222,78,15,13.084683,1120
4,388,12,15.738267,248
197,141,10,8.449687,427
363,69,17,13.625857,271
293,234,12,7.452769,823
81,44,19,11.518159,440
316,18,19,2.775144,1193
122,203,17,17.525785,835
427,269,14,0.173733,937
380,4,20,9.785343,304
372,184,5,19.373236,1080
418,291,13,1.660374,1002
115,339,20,17.879674,225
112,278,14,18.408104,465
54,273,13,15.781062,887
84,24,15,4.510424,733
369,385,17,7.249154,1048
444,248,9,17.979729,583
312,51,19,5.905102,725
302,333,11,16.119984,358
214,415,11,1.226162,917
63,119,12,3.999955,1013
133,423,20,6.612574,405
76,323,9,4.821337,1026
312,101,6,8.963666,913
239,109,14,7.164424,201
52,308,18,1.396953,250
240,324,20,18.993895,912
222,98,11,10.844719,919
416,365,8,0.042425,884
405,33,10,9.292500,363
285,400,19,16.823355,311
372,215,9,16.357515,709
148,401,15,15.290990,257
75,66,20,19.777860,404
89,281,8,8.346398,1079
397,204,19,10.736860,690
322,325,5,7.928393,1170
132,48,14,13.416819,178
447,432,18,13.188761,658
276,353,17,6.992458,105
359,141,14,2.377023,662
386,296,18,2.179687,560
290,265,12,1.225579,253
203,153,16,13.589061,740
35,403,13,19.559879,1150
87,396,8,1.836786,905
218,156,10,4.367566,161
133,241,19,16.527492,706
97,246,12,18.433041,1103
3,348,6,5.647198,862
20,137,15,7.351911,1079
110,127,14,12.921146,233
143,147,13,17.320302,246
159,147,19,18.915064,123
14,410,20,9.552244,1053
100,209,9,0.355809,676
200,229,8,16.066113,1159
418,409,19,3.586953,867
202,437,9,3.079063,722
113,241,5,17.407921,946
273,130,18,4.018996,793
115,426,13,8.142208,258
54,438,8,11.763784,442
242,354,8,8.274203,834
274,440,18,11.356248,1085
346,53,16,11.085834,238
62,350,9,3.288758,497
115,98,10,4.811092,402
180,170,10,7.749270,859
50,379,11,20.469138,868
269,411,16,0.257115,606
406,425,10,6.227579,353
85,214,11,12.656569,365
308,106,14,13.001458,780
117,152,14,5.493918,324
429,34,14,14.857919,1048
196,433,5,12.476034,765
373,249,17,1.558364,113
420,2,17,17.997839,425
175,423,19,7.305772,834
162,13,18,2.774891,1116
103,37,19,13.866845,1120
83,233,5,3.994678,495
302,43,12,2.397521,917
27,361,11,10.423616,1042
121,6,9,11.989459,655
343,411,19,3.567274,543
229,394,17,10.833806,161
418,208,8,13.476533,203
359,45,8,13.102985,1159
244,85,5,16.895360,893
66,226,7,15.647438,777
386,319,12,20.156752,592
380,224,7,12.763966,682
243,217,17,8.275729,990
322,88,9,5.536222,296
123,263,14,0.925706,823
188,106,16,19.447512,753
176,407,12,9.805195,178
151,19,19,16.023287,466
242,143,17,0.845772,982
196,250,19,19.409520,1017
164,292,15,19.497618,468
401,9,14,10.555171,111
16,384,5,13.858510,188
9,429,19,17.786581,1075
373,381,15,12.654858,366
217,119,18,11.341824,441
208,49,19,16.757392,754
200,443,20,11.470028,1187
209,190,11,7.886424,136
30,118,15,8.552650,949
176,149,9,0.734968,802
448,443,5,1.507867,1157
412,378,7,18.280180,132
391,67,9,0.496311,198
47,282,10,8.434227,858
429,214,16,17.574979,522
31,194,17,18.577513,267
292,148,16,3.660144,684
203,25,5,9.256579,734
153,155,8,3.731788,1121
230,63,16,20.468028,366
414,92,13,18.753260,761
179,93,13,13.324846,127
359,295,14,7.808751,882
230,56,7,18.747248,826
400,252,9,19.118622,1090
69,10,5,6.153933,1156
209,437,20,18.065146,609
48,50,17,12.075346,415
194,286,5,1.347656,1128
59,44,19,9.082526,745
359,9,9,17.527756,681
37,429,20,11.690953,1075
172,398,6,8.914264,1107
62,172,17,17.465441,619
242,255,20,10.343595,1142
129,34,12,3.160904,659
178,425,8,2.008087,105
445,369,14,12.784144,1042
10,22,9,6.942838,880
283,78,9,19.850437,556
182,307,14,7.689683,762
33,250,9,17.258416,1143
342,359,17,1.475933,942
388,341,5,12.111508,408
399,26,12,11.873718,1176
248,369,5,13.825541,993
29,288,15,14.795953,137
391,352,15,13.926431,1081
135,332,18,10.417267,901
255,148,17,13.884295,571
324,421,16,19.351041,414
10,193,16,15.451922,205
66,20,5,18.065995,618
8,417,17,16.388039,271
416,295,7,6.525282,1171
113,20,17,16.122712,254
1,120,6,0.855172,923
361,66,15,7.421094,341
123,116,6,12.071399,212
374,187,5,17.282456,732
305,168,18,15.069230,611
288,71,5,14.855800,1185
45,240,8,15.111961,725
386,73,11,6.016971,103
411,94,16,5.404279,498
441,282,5,3.185996,1078
165,418,18,2.059450,639
16,193,11,12.639071,828
301,285,12,14.111476,165
102,378,18,17.499092,715
11,421,12,17.556659,985
273,212,5,16.703105,399
363,298,6,10.343194,518
182,424,15,17.437866,344
252,14,17,7.638768,1006
248,360,19,19.070257,838
20,349,14,0.629877,606
329,14,5,13.780003,358
78,332,8,6.304810,1112
120,332,15,11.614142,365
306,284,5,17.540891,1091
330,231,12,7.334501,639
422,323,6,19.346552,915
131,287,7,9.946167,545
19,237,12,3.444159,792
309,136,15,8.589946,604
93,438,9,19.255544,632
373,23,10,4.057676,110
83,362,9,14.372968,985
158,235,9,18.430628,878
112,230,18,16.574039,305
55,412,18,3.738766,1001
218,86,8,7.248630,993
397,49,19,11.062400,387
146,24,6,4.878295,874
34,255,6,8.259025,1138
164,202,17,4.650130,714
36,416,17,4.847280,1080
4,227,17,7.121020,669
425,79,18,19.078763,694
377,1,12,16.159835,794
94,184,20,4.171885,853
430,432,5,1.489100,1180
180,113,10,11.865735,711
124,216,13,16.201304,123
153,0,14,4.462525,264
38,436,18,12.038928,387
393,282,5,6.750444,576
245,114,20,19.696871,1135
79,362,17,16.983834,551
28,320,20,8.728096,844
404,398,5,16.010461,1179
93,169,12,6.699982,387
330,406,10,18.016892,554
150,120,5,15.294425,310
404,287,18,14.281501,288
33,312,20,12.092510,274
333,204,14,0.533811,655
153,85,18,14.383404,772
413,39,7,8.461069,943
104,195,17,12.726087,859
32,277,14,9.783584,841
369,295,13,10.099043,711
141,401,17,10.380633,865
390,168,9,14.235474,775
345,92,13,4.372166,656
59,263,16,8.492684,759
349,236,12,19.655824,759
350,7,17,1.643829,572
6,171,8,20.356940,809
257,58,12,9.690331,338
430,90,20,19.045312,176
16,184,19,0.201277,1160
114,101,19,14.679694,567
441,245,10,3.123951,489
151,304,16,3.123127,714
272,330,14,9.385898,1004
210,47,5,13.837032,334
101,110,7,17.802214,919
222,205,5,18.079224,614
404,333,10,16.099299,206
45,437,16,2.396879,696
293,129,13,4.401577,362
171,19,17,17.071145,1136
49,65,16,8.457108,734
355,132,12,10.133574,626
130,231,5,14.373740,975
84,67,5,17.191832,757
87,76,11,5.603044,749
447,389,13,6.534594,449
119,175,18,19.259867,1088
61,181,18,18.293422,1137
210,406,9,10.620057,1019
432,127,7,10.479328,1031
380,332,15,1.386446,141
353,183,20,16.808767,1027
192,334,17,10.701498,455
70,36,6,1.342479,851
181,138,18,6.258737,1045
193,51,17,0.491332,736
275,306,14,1.070401,382
361,7,11,16.549951,1124
292,335,6,2.396269,587
171,249,14,14.313817,565
180,337,14,7.682328,664
89,209,19,20.349018,908
373,84,12,12.053787,963
74,395,8,10.401392,435
245,246,20,0.601756,741
448,449,12,0.909869,346
233,333,19,14.730085,316
43,148,10,15.550578,231
202,409,11,17.614587,122
347,31,13,14.792764,343
0,386,15,11.919874,367
416,359,14,4.868645,478
136,174,15,19.051306,760
355,98,15,10.540299,200
185,77,19,5.607145,606
319,23,5,0.818035,1079
267,364,7,18.104473,580
285,290,19,3.889062,1076
215,256,17,18.359456,742
85,164,11,10.489639,206
371,48,14,17.907414,807
321,90,5,13.813566,445
55,391,18,10.925642,595
47,215,13,17.772595,488
252,171,15,12.003428,356
152,111,14,13.829308,845
186,21,17,11.972069,152
26,286,5,12.194849,522
322,384,6,3.107589,668
172,6,18,19.033971,712
115,427,10,12.861485,1044
218,331,13,2.675224,1140
353,18,14,16.525504,187
291,438,11,11.509414,361
59,103,18,16.457570,167
147,414,8,1.024320,697
379,161,8,3.843706,772
146,312,18,7.861113,1097
223,421,8,16.313682,912
54,2,9,10.496283,1083
266,435,11,9.347101,517
61,92,7,13.083686,130
242,186,7,19.776365,241
220,184,7,8.214912,125
328,354,16,16.421789,713
128,421,8,10.689664,909
18,284,18,10.103864,493
311,190,7,6.402254,675
296,128,14,9.861752,221
345,118,11,11.199435,376
405,215,10,13.538010,168
364,195,19,12.690969,132
5,204,10,2.798064,823
186,101,6,10.842577,920
56,331,13,15.090674,388
84,147,15,19.075971,1169
187,104,19,5.657241,800
387,84,19,2.711019,750
49,170,6,1.025414,966
262,337,19,11.745370,920
286,304,19,14.466758,852
29,97,13,0.112786,1035
385,195,5,5.940435,688
387,252,18,10.537430,809
178,78,6,15.311858,931
14,107,10,13.194828,788
131,345,8,5.003345,521
329,298,6,10.213979,557
165,55,6,3.064371,1163
204,277,18,6.358896,1137
69,199,20,7.964245,398
272,328,19,19.163985,1036
172,394,7,9.334353,551
351,3,18,18.012986,526
133,280,14,8.750896,877
227,359,12,7.658355,614
15,112,16,10.739512,155
66,107,17,5.599336,104
423,270,5,11.600531,112
232,119,8,3.901943,681
181,341,16,7.742237,614
245,65,12,18.756289,1016
243,357,11,14.060424,747
430,414,13,6.335342,1164
424,4,19,4.634068,498
433,60,18,19.624114,1172
198,375,14,13.395537,1152
338,205,18,1.475031,843
183,100,12,20.190914,623
110,207,17,17.362399,273
183,198,11,2.802620,1090
332,59,9,15.106014,1177
350,74,11,20.223865,447
150,207,17,4.757540,1091
280,16,8,13.662181,544
247,385,11,15.303763,485
355,219,6,14.390002,490
255,441,16,2.649689,114
172,7,14,19.189159,1186
61,77,17,8.564858,562
154,146,14,2.785715,935
28,171,10,18.489690,1115
331,217,12,7.547283,790
125,449,7,17.612486,510
163,378,6,2.633917,1199
284,1,13,2.611072,717
123,159,18,6.733888,782
440,203,19,11.062829,515
9,2,20,7.355071,1165
298,231,14,11.380360,343
255,0,10,5.341493,1143
371,189,10,10.851095,984
432,318,12,18.650552,714
349,215,17,16.946044,1192
412,319,9,1.638863,681
69,64,6,10.428031,474
290,437,6,4.775212,1127
196,278,9,7.694693,815
336,389,16,6.919654,409
27,128,10,0.285861,1042
320,58,17,1.801037,1104
166,217,19,3.811391,769
302,131,20,5.812199,789
171,387,15,4.554500,299
145,209,14,11.730529,430
66,40,8,1.568820,978
322,179,18,3.682950,676
104,186,16,0.551483,639
448,408,13,13.306477,814
353,342,20,2.236860,1129
437,428,9,3.040390,1116
330,427,15,19.107143,142
106,433,14,7.385671,147
296,258,9,5.455825,216
301,399,15,13.379759,176
299,7,14,5.683362,854
234,92,7,8.426648,1002
241,8,8,8.660128,948
339,290,14,5.383282,779
263,395,11,10.233828,1049
373,270,7,10.545279,827
430,279,20,14.889757,348
262,39,12,17.891426,712
226,423,5,4.740267,1150
117,210,19,18.146395,1035
361,417,15,7.662141,423
86,213,13,1.540265,905
315,380,19,1.877620,764
179,135,17,2.701784,992
79,433,15,12.047355,701
307,29,11,3.662090,328
340,197,10,3.843464,908
296,440,8,0.523859,870
246,411,14,12.540364,1102
320,117,14,4.517193,592
421,427,9,18.694837,1146
70,358,20,14.066541,1126
36,199,9,7.935288,1118
83,45,14,2.430794,1093
207,33,19,19.130139,339
344,296,16,15.934077,200
138,34,6,19.598035,263
43,374,17,12.587600,135
233,48,6,5.983545,547
334,383,11,3.803162,1147
9,269,9,8.289019,1073
185,166,20,3.942717,882
415,342,8,16.710068,407
183,413,18,1.676156,173
275,17,10,18.264001,244
221,128,10,19.398394,796
296,305,7,6.293794,434
176,413,9,16.108716,736
349,35,16,14.343231,611
224,10,14,4.618711,111
431,237,12,6.983005,644
88,399,19,15.210911,929
277,14,20,20.043404,174
139,232,8,8.081048,486
377,137,18,19.355068,457
208,331,8,5.930268,1016
129,116,12,13.778355,155
118,80,5,14.828952,324
104,404,8,10.851261,328
10,397,19,18.531777,151
282,445,16,13.034849,919
270,320,12,10.386001,391
418,336,7,20.478602,364
352,258,10,19.004334,910
205,130,7,16.961544,238
413,384,20,7.015824,789
42,59,19,19.242868,1151
355,173,9,0.577859,770
330,56,8,6.712899,740
50,196,12,2.791989,789
266,147,11,1.985532,760
395,55,8,0.378445,863
227,341,8,15.358515,346
374,27,6,3.414872,687
351,304,13,3.677203,775
115,175,10,12.826210,388
307,180,16,10.016981,166
26,101,16,2.839101,598
434,299,9,2.351340,382
299,114,16,4.909910,852
19,411,13,10.525887,1141
439,228,8,1.639806,941
303,379,19,13.101028,1054
151,33,19,1.579046,681
335,27,14,19.973030,281
351,44,11,9.471718,786
40,196,12,18.523323,1000
439,232,19,3.590967,787
279,126,13,16.335273,188
97,432,20,14.113990,501
118,115,6,19.788433,444
194,305,10,15.985782,609
388,173,14,6.098430,448
29,362,9,20.090323,632
204,408,7,12.774364,1087
161,404,18,1.504222,220
359,430,11,1.012185,520
350,31,15,8.012587,1015
103,13,11,12.408990,615
93,352,16,9.683542,814
443,366,8,2.425461,900
180,393,13,0.199912,119
19,67,20,2.047770,735
143,241,7,17.741819,735
198,400,15,10.526624,185
83,361,10,9.830278,901
230,251,7,7.950215,192
273,127,8,4.275006,506
372,54,13,8.106956,501
416,116,5,1.139701,166
90,184,5,20.326916,750
372,7,14,5.788446,702
172,449,6,7.550461,183
402,63,18,12.222743,829
78,112,10,1.370570,553
385,248,16,19.673755,1073
214,56,19,5.968812,909
52,28,18,2.016280,525
445,15,6,14.784218,854
395,449,7,6.169477,413
386,301,7,20.017089,260
273,45,15,14.264970,599
37,377,8,14.950413,185
168,194,15,20.180771,882
247,338,11,16.983269,894
113,322,11,19.849626,752
440,334,14,16.591882,1054
346,267,18,11.618633,270
237,256,12,11.144880,155
128,432,13,0.853723,628
404,351,10,2.910645,793
115,305,7,19.118222,855
259,342,9,15.724076,395
301,65,13,18.342054,195
426,423,10,19.144486,450
397,159,9,2.929748,323
278,13,18,0.083291,990
436,224,20,6.501446,318
211,353,13,9.801813,561
3,177,18,10.639648,1053
404,410,8,3.608672,973
125,385,7,15.575121,1088
374,94,20,6.752452,954
171,66,18,4.029863,515
134,29,5,6.750379,352
393,56,9,14.970554,1071
112,326,14,7.843813,562
185,403,18,15.123145,457
57,348,10,18.416750,518
349,156,7,1.873589,1144
284,224,20,0.705029,883
207,230,7,14.042487,834
117,52,7,17.242749,208
103,154,11,3.936341,584
356,186,5,11.333844,695
10,94,16,9.259428,460
169,59,17,15.433316,234
275,216,7,18.037811,713
104,42,6,14.713993,571
323,5,13,12.461937,614
31,70,17,14.701147,160
130,405,11,1.376268,660
71,433,15,15.516569,1158
250,393,7,11.969314,450
375,278,13,20.485905,1023
119,60,7,1.267918,1022
310,328,20,2.714183,465
373,88,10,20.462255,312
103,410,14,3.209882,1054
157,219,16,15.604007,1153
359,429,12,2.914824,1029
99,321,17,20.471112,433
100,397,16,9.198896,315
130,66,16,4.793016,575
228,69,15,6.773404,590
148,194,20,0.586908,614
436,60,18,4.727007,881
100,254,16,17.099354,1200
145,328,20,13.512160,174
15,293,7,17.061165,109
79,404,5,16.345621,896
145,8,16,13.650476,1000
429,203,11,16.309158,1143
415,369,12,18.360387,737
128,321,19,19.749167,947
220,57,5,4.679474,254
313,372,9,19.140841,534
101,92,7,3.685094,625
215,299,6,10.648607,709
1,337,14,12.001605,1132
160,379,16,13.937604,254
87,280,8,4.241138,837
177,349,14,7.353344,667
276,107,19,3.235088,418
57,6,13,9.127845,1147
436,372,11,1.922755,356
123,226,20,19.655117,137
406,200,5,17.367815,728
285,125,14,3.291403,268
344,342,19,7.092382,146
331,336,15,16.356713,373
359,448,17,0.365806,587
113,354,8,13.221798,643
224,355,11,13.985428,458
245,97,13,13.937480,633
419,364,15,14.319237,1108
18,97,14,0.119089,684
231,15,11,16.034523,1058
172,164,11,18.708438,755
196,336,8,12.553577,347
186,247,13,7.118250,925
207,239,16,16.785171,386
364,245,18,4.979681,717
268,312,9,9.517761,367
119,289,10,7.724288,899
71,363,7,7.980772,413
350,175,12,8.244820,680
38,68,9,2.409037,921
283,117,5,17.057953,642
324,269,10,7.368860,998
52,180,15,12.672622,972
258,330,5,13.766260,256
194,43,6,11.744357,392
209,416,16,4.517915,853
315,129,8,11.293800,1067
200,167,8,17.673354,508
237,436,14,9.145552,996
80,154,9,3.286753,352
64,153,15,8.963665,736
167,416,13,4.552344,469
33,442,6,19.184151,897
51,284,20,2.712250,830
340,373,17,20.159130,409
295,182,18,9.589422,1077
55,290,8,1.832883,349
55,366,5,12.609778,702
447,270,19,0.169847,769
361,230,14,18.640877,387
341,268,15,3.162570,771
307,148,19,15.943088,297
185,234,7,18.648729,687
437,402,19,4.655497,987
248,43,18,4.215723,438
192,94,7,15.734112,799
329,89,8,5.117177,955
237,122,5,11.408508,1037
4,69,14,19.966667,1141
278,177,18,8.888152,156
265,18,8,8.711962,1123
443,347,9,6.830514,656
163,230,19,15.690473,957
2,133,12,3.227493,797
418,167,8,2.707416,122
382,381,12,3.605248,567
381,409,5,0.791876,620
67,268,11,16.412847,1126
236,109,16,14.308804,540
220,132,9,18.065337,371
268,342,20,1.956364,1116
177,385,8,6.084935,375
301,135,8,7.852284,903
159,226,7,3.946121,492
247,329,10,18.886441,325
111,427,19,13.145717,997
331,268,20,5.114252,929
303,380,16,0.254560,120
292,142,5,7.144655,1182
77,25,14,6.098506,1122
283,38,20,8.160428,272
279,270,8,14.644104,1054
105,384,14,6.049394,863
76,66,18,7.889499,618
62,409,10,1.794890,877
162,432,8,19.947899,216
69,432,8,6.263724,978
141,418,18,4.655315,551
358,119,10,12.512691,1148
28,240,12,17.158127,784
236,292,19,7.331789,343
417,63,20,7.117760,217
67,164,6,16.345593,523
261,8,18,17.177088,404
66,119,12,6.883120,985
58,283,9,1.694114,762
205,22,8,8.228109,356
279,328,15,3.817985,624
8,363,18,9.247873,844
104,23,7,10.105345,422
291,192,18,9.158218,554
314,48,11,13.086553,1130
432,4,19,14.753843,187
155,30,13,6.687342,1105
6,14,16,3.829343,347
330,418,14,11.978881,824
323,216,12,19.317318,881
112,441,7,0.864378,1049
250,398,19,14.120536,360
158,159,9,15.429446,719
105,174,6,7.876852,577
409,417,11,15.962298,1015
389,332,19,15.536013,1171
79,21,16,16.777587,466
296,372,9,3.777231,1144
239,142,15,15.378938,678
444,349,6,0.301701,1176
120,193,19,1.554258,466
400,196,18,4.726254,758
345,389,8,7.153926,1100
119,257,6,15.327542,183
127,60,16,16.955752,283
133,36,12,15.464546,289
111,195,17,20.391256,137
341,136,14,8.873250,335
93,434,19,5.464147,122
124,309,9,6.756361,312
249,68,11,13.310412,159
419,74,18,1.461347,1037
30,382,19,15.127239,624
319,90,12,3.754257,610
385,406,7,2.686540,541
417,229,8,3.483576,1092
62,222,9,10.556326,397
52,45,10,1.182873,849
308,323,15,8.333156,397
9,422,9,9.342162,1032
221,283,6,15.172591,322
219,189,6,6.774133,797
291,422,14,4.362095,255
63,322,7,7.036404,741
82,213,12,20.058634,730
347,159,18,6.880926,736
254,258,6,7.232392,512
317,249,11,10.042914,385
277,373,18,16.336544,196
231,328,19,1.635906,617
308,107,9,9.956500,905
97,226,7,3.299551,882
24,52,7,8.961712,591
353,260,7,15.065682,1032
52,248,15,11.748029,185
122,309,6,8.873096,154
85,369,7,14.783201,263
419,345,18,9.640642,1163
328,121,14,10.659427,981
343,261,7,11.388466,974
378,355,17,13.993919,854
262,383,18,11.111506,472
38,163,16,1.581084,804
49,2,16,2.488916,454
158,316,10,20.274815,424
380,385,19,16.383080,328
92,110,10,4.262286,585
205,114,13,10.807503,996
400,22,13,17.062698,490
224,386,17,18.691562,1129
444,77,14,3.221052,945
163,443,19,8.318114,488
33,330,13,4.684295,474
17,91,14,6.077469,283
40,290,11,11.313477,1004
5,172,11,17.151094,845
271,212,12,17.128378,177
426,308,8,15.532685,275
243,388,6,12.009744,494
345,380,18,0.760998,1092
423,342,7,12.989892,1067
419,442,8,6.379389,181
400,246,15,12.351379,1192
317,309,11,11.841636,1002
167,145,8,15.507206,508
145,13,20,3.655507,783
438,266,13,12.907381,225
116,269,11,13.509548,730
347,285,15,2.991615,928
152,71,17,18.826450,156
142,391,8,19.622436,315
178,168,18,12.476828,1158
311,444,19,11.348194,938
171,266,13,15.317318,1053
289,288,20,1.567611,667
44,34,9,14.289030,131
274,131,10,8.221224,548
112,316,12,17.737731,742
66,15,15,9.839603,921
55,15,14,14.228789,951
7,246,15,13.763994,1039
384,373,20,7.678335,310
23,136,14,18.934975,415
96,317,16,7.549906,1038
61,40,20,6.803059,636
252,329,7,16.559161,287
359,140,6,0.709576,894
330,421,5,14.199383,1112
237,286,11,11.433273,305
428,410,11,11.520885,1190
387,337,11,14.904563,475
193,427,13,10.166677,923
337,145,16,10.049411,461
254,148,11,19.423676,655
121,200,13,13.011223,524
356,320,20,10.539395,556
133,406,16,18.819816,295
241,435,10,3.131944,503
58,259,13,4.832070,1061
275,297,7,4.406836,717
144,358,7,5.970255,452
79,110,17,0.086912,534
144,62,13,3.754303,1114
219,273,16,9.938238,943
281,138,8,2.225642,119
313,69,13,7.734647,626
445,71,12,0.407778,413
60,414,20,18.814271,824
313,236,20,17.823996,635
116,14,10,3.047668,438
198,448,19,15.130245,202
18,129,20,2.928881,1169
231,245,16,5.116461,191
152,394,18,19.184514,407
76,49,10,8.516451,362
321,431,6,3.883533,1103
47,353,17,6.540429,524
23,120,17,15.253827,398
52,116,9,17.260084,1109
73,387,18,5.725611,855
110,435,18,12.457148,1182
107,12,20,3.387659,1055
7,19,9,18.362412,523
133,191,14,12.100240,717
14,316,9,17.325989,792
417,211,17,15.121311,465
192,27,8,6.797494,616
41,166,17,16.365537,422
163,203,19,15.031757,903
342,236,9,1.724078,662
96,252,15,15.854356,1180
64,4,15,10.223941,1054
139,172,20,11.735825,520
240,59,11,2.355151,679
101,262,9,8.811369,960
163,49,20,5.076539,313
402,331,16,2.833222,591
133,323,17,19.001672,735
170,389,10,10.500647,881
278,17,6,18.497514,547
238,378,6,8.937069,931
446,137,9,14.131577,736
149,132,8,14.425948,300
206,89,12,5.492202,755
7,151,12,15.242183,189
168,131,20,18.483914,713
79,217,18,7.506491,950
401,285,19,3.011504,250
412,252,8,17.893907,329
372,356,12,9.549178,768
81,45,14,11.083578,1186
391,222,6,10.002111,795
445,334,20,15.261156,884
205,129,7,15.168336,652
126,336,11,16.698888,236
292,224,10,19.415982,1000
136,384,5,4.633463,970
220,11,16,15.447671,743
378,144,19,5.997121,648
374,73,14,18.042383,362
127,20,10,18.811870,1137
13,208,11,15.657176,540
300,207,10,16.380901,587
304,120,9,15.034236,1170
111,425,17,6.277323,788
242,412,17,6.271452,359
177,86,14,1.401139,661
377,254,10,13.138864,1109
156,404,15,12.228433,349
211,410,13,6.519936,612
364,8,15,19.245608,862
346,279,20,1.693402,710
300,49,14,13.176651,189
80,39,17,2.146809,1056
255,128,7,12.778068,1147
146,280,19,15.434132,337
207,209,14,3.122015,1099
76,383,10,5.551888,450
115,436,8,17.200669,404
26,363,13,17.100916,439
204,138,12,14.549296,125
198,115,14,4.682041,393
295,85,15,12.695839,709
397,392,13,0.531153,211
30,154,6,10.983730,402
186,250,18,1.526840,187
327,380,14,2.976500,1091
256,50,9,8.558902,824
255,177,20,11.032817,659
66,123,18,2.629414,608
282,364,14,7.696963,1121
150,430,6,6.573449,1015
445,296,15,3.038122,644
80,393,19,15.889963,913
207,431,7,19.308230,470
310,385,17,8.565167,801
344,347,20,19.337358,547
98,190,15,9.743275,400
29,409,10,2.844284,324
261,429,8,3.723216,661
322,54,9,13.488943,361
287,85,9,16.661900,313
80,109,15,12.307476,814
268,281,16,1.414964,532
202,323,13,11.364654,1115
216,282,13,4.513068,1108
36,20,5,7.114916,940
160,329,15,5.910120,609
110,94,15,11.804830,869
389,327,20,12.513100,885
268,403,17,4.434177,477
270,447,9,3.815566,355
440,219,5,13.331223,369
242,222,7,6.876508,847
437,245,15,14.837769,618
312,281,13,20.245674,570
392,249,20,3.923512,921
217,191,6,19.217559,737
34,291,11,5.304569,672
298,357,7,7.584237,956
288,30,13,3.024732,316
431,346,20,1.646921,425
394,335,15,18.643963,1171
447,203,19,12.479834,1117
201,280,7,16.163102,596
25,177,13,2.222462,403
360,322,19,7.450142,972
15,29,17,0.121822,216
392,286,16,15.790326,149
37,114,20,8.554270,915
44,307,16,0.692114,396
73,346,17,10.530583,473
335,173,16,0.448011,449
229,341,9,14.573524,534
248,136,20,14.500925,587
237,6,5,17.226239,196
144,7,14,18.282493,1158
103,102,10,3.559934,1107
186,256,17,20.455991,1136
73,414,5,20.347628,234
216,181,5,14.985963,845
295,308,19,5.757832,949
101,213,19,17.499905,654
151,229,20,10.607378,355
363,273,9,4.465171,1028
133,67,7,1.325612,805
324,237,6,1.388251,525
362,57,17,7.519547,827
148,290,17,6.178976,986
282,108,7,13.143057,1090
12,306,20,15.150289,689
295,18,8,3.633022,865
359,57,9,6.408291,432
85,365,19,1.733169,753
317,253,19,11.719506,1093
0,96,17,10.668292,973
305,190,9,6.206893,986
209,373,8,11.273826,1032
50,193,12,12.952242,242
374,266,19,0.020060,1179
363,397,15,3.436763,844
48,432,14,17.405454,703
446,323,20,14.206530,304
91,407,18,1.817898,998
419,220,19,6.769896,828
411,114,5,7.072092,903
290,251,10,15.125210,111
67,39,20,9.440631,284
302,365,10,18.251173,895
259,336,14,1.142372,272
112,166,11,1.667925,1120
327,341,9,15.336720,1020
24,417,6,14.968889,882
105,58,8,11.685991,201
15,292,10,20.181425,475
1,83,20,13.120967,949
23,96,6,16.673145,277
303,28,18,16.418663,141
63,68,8,5.939217,1058
53,19,15,16.427311,363
411,253,5,14.897785,1142
405,129,5,2.888703,380
224,199,7,13.862334,381
294,207,19,15.043415,958
338,61,18,9.583021,456
227,326,17,11.333746,457
370,378,6,2.479674,891
132,235,5,8.969007,955
282,326,7,20.048908,832
168,79,17,5.061716,206
13,105,13,6.567796,985
382,330,7,15.459001,1118
197,380,17,7.446735,803
236,117,9,11.895714,496
374,380,10,5.196838,107
142,112,5,1.632671,218
143,351,9,14.903066,453
444,141,10,9.906608,431
202,37,9,14.870542,635
388,27,17,11.423341,299
265,250,7,12.010233,605
448,207,12,1.185334,1121
8,436,10,6.791784,595
48,409,6,9.171397,1119
242,416,19,16.917796,252
202,215,14,9.142927,1104
374,351,15,3.821277,328
404,35,17,18.829969,401
418,236,6,19.365754,286
422,196,14,6.531482,1025
331,306,16,7.367083,230
46,241,6,20.302303,937
441,127,17,16.326777,821
275,293,11,18.669428,846
78,389,17,13.974940,903
38,343,16,11.548894,623
344,16,5,4.546992,916
316,117,15,17.903097,925
8,66,17,5.127414,794
393,132,16,13.434403,649
40,448,13,9.757174,718
344,270,15,4.987660,704
76,308,20,19.103864,367
337,63,12,11.965933,493
252,76,7,6.060419,819
154,113,9,17.249265,595
183,269,17,16.873654,937
247,207,9,18.830344,542
171,240,17,9.320525,736
413,280,17,0.442561,376
70,51,5,0.575015,995
298,327,12,8.471580,503
277,97,7,5.079601,662
40,20,14,11.448199,856
75,228,17,10.644211,1070
37,338,10,2.504179,368
243,249,7,8.424328,1004
394,345,5,5.851515,185
157,201,18,8.906327,583
111,13,19,15.981234,724
81,166,5,20.419582,257
192,56,7,10.697091,572
269,345,10,13.227313,580
373,162,12,10.033167,403
170,329,15,13.783712,379
72,289,5,16.183335,712
64,27,7,11.235727,393
434,2,17,3.707776,572
74,326,18,8.450294,417
171,156,9,12.086419,985
298,141,7,7.191089,403
1,356,6,13.951214,355
31,298,16,8.890365,854
87,49,10,1.766106,296
112,176,11,10.831549,542
58,267,7,9.594189,1192
131,401,17,14.094656,1115
425,209,15,15.478298,1178
310,49,13,19.595794,1179
163,12,14,9.580507,809
242,70,17,19.393455,1146
96,4,14,18.410442,1081
357,93,20,14.325226,761
388,65,17,20.339253,859
119,159,16,9.863405,258
235,1,7,11.943918,622
194,395,5,6.557015,914
284,98,9,5.425769,735
148,116,19,0.716388,323
426,173,5,13.215783,570
403,373,10,12.827520,1062
270,53,18,6.692807,576
67,305,13,18.499546,689
153,376,19,9.060080,304
134,140,8,8.685929,990
257,319,17,11.364578,371
399,388,18,6.075562,367
52,27,17,6.004978,147
339,309,12,12.179193,736
370,245,11,18.293646,729
446,44,18,3.255837,664
226,298,18,11.427480,375
291,182,9,12.142765,915
291,343,14,15.050628,455
401,195,11,6.420769,788
415,322,18,3.962826,447
284,91,15,14.388568,908
192,98,8,16.630276,660
378,275,12,5.761821,629
362,448,20,2.946674,1170
130,3,16,17.327631,1182
25,143,10,11.628216,1105
108,326,6,16.339413,948
74,191,12,5.236844,378
89,166,9,5.289752,435
200,63,14,11.469165,671
183,30,18,3.345352,277
221,189,20,0.039149,228
213,245,8,16.333004,709
275,200,19,0.419628,154
40,81,19,19.027332,571
326,185,15,17.521036,357
218,63,8,14.701564,1177
59,36,17,0.815513,638
207,341,15,15.500069,486
439,159,7,17.998288,230
33,296,18,5.043598,849
192,86,11,5.352024,1120
332,373,13,3.317569,516
345,334,18,3.355563,720
259,264,19,3.872455,257
396,195,5,17.984441,513
161,15,17,20.122424,190
245,189,9,9.691090,1103
234,219,8,0.209543,758
37,217,9,5.859997,846
423,377,5,11.739624,643
55,314,9,11.946285,204
205,0,8,8.681857,736
402,310,14,19.388812,610
404,314,10,14.819054,560
394,245,15,11.289915,131
89,158,15,4.991120,748
281,148,16,4.293862,1119
424,228,8,1.205240,175
303,248,13,13.936829,819
418,350,5,3.196261,126
31,288,12,11.727492,432
244,323,9,10.531983,436
448,286,8,17.131426,364
352,424,11,6.710944,737
94,12,16,9.008810,1003
426,97,11,20.313327,357
242,413,17,4.609062,855
294,413,7,4.175014,835
394,369,7,9.408573,788
389,162,11,20.060390,182
184,192,15,15.571548,831
372,235,6,20.407712,255
63,209,5,16.079631,437
1,230,18,2.684593,344
440,174,9,7.937134,540
86,290,15,12.084921,978
330,102,17,4.614984,1080
358,328,15,12.009283,689
448,94,9,6.302447,179
51,277,16,20.191786,709
322,287,6,12.486763,244
301,17,16,15.671132,663
297,149,18,18.180708,138
435,288,16,8.078002,804
184,385,6,3.784786,1013
193,100,19,10.147970,114
180,99,9,1.455592,553
175,372,8,14.753814,810
436,378,12,7.025980,256
129,196,9,2.450069,912
397,298,10,15.971420,466
63,350,8,16.905371,259
244,78,14,12.909750,268
160,148,5,19.757679,806
338,185,14,13.117054,513
205,356,7,9.832081,783
67,314,12,18.272072,1114
443,325,16,11.369062,660
321,436,17,12.914936,815
338,165,7,13.245579,834
448,107,13,13.489418,994
321,264,10,17.968364,789
181,20,18,16.451889,539
142,307,12,13.321947,476
437,317,18,10.964707,250
259,206,5,12.304643,1081
368,4,15,7.009969,336
229,335,10,8.105182,725
211,48,18,5.174439,1074
223,184,19,0.387194,855
55,81,20,9.894638,256
383,417,19,5.946541,138
45,361,13,13.422522,991
88,447,6,20.284687,172
242,174,14,10.865041,336
148,334,19,20.366986,731
382,262,8,0.588245,522
236,271,17,13.124927,783
54,216,11,11.560077,550
337,109,14,10.429407,854
50,430,11,12.045976,364
256,314,12,14.442478,904
115,367,6,10.419095,1038
237,424,14,17.149584,355
269,386,5,16.551867,1056
333,109,14,20.168556,1082
44,90,19,18.786422,1073
169,195,11,12.633528,771
194,65,18,0.073478,1196
178,9,20,2.561273,676
252,236,14,8.292804,803
45,17,6,8.400544,243
336,280,5,10.947795,606
386,360,10,8.340873,535
13,113,13,18.002479,411
52,388,13,12.606471,565
125,340,17,3.391350,924
375,171,13,0.399398,646
398,51,17,9.205542,785
383,442,8,8.948955,335
310,212,8,5.295218,681
201,334,16,5.973676,752
143,174,15,1.721301,462
436,7,16,10.913238,102
407,203,17,1.233543,659
438,402,5,1.146476,870
200,350,7,2.278717,876
44,117,8,16.815396,1137
54,107,18,10.292151,148
400,62,8,19.153046,493
301,394,20,1.933840,803
134,212,12,16.647531,256
289,106,18,8.535863,466
228,284,8,0.882487,431
151,66,5,18.260472,687
64,185,20,2.298599,709
145,53,19,6.340027,757
99,112,17,3.743221,705
211,60,5,0.145625,301
163,398,19,3.118611,124
437,295,14,2.318521,117
375,370,9,10.525921,659
113,444,10,12.265715,521
87,428,7,14.320810,789
33,113,9,9.301433,891
83,43,16,13.479160,327
310,82,14,1.448164,443
327,160,10,4.330618,440
82,69,20,5.711946,910
76,440,10,11.983592,1055
306,66,15,13.128062,260
254,448,8,11.252138,944
340,105,15,7.630995,1035
231,13,7,8.117477,136
331,269,18,12.894063,1187
45,358,9,19.450050,368
351,275,17,11.341451,1148
131,7,14,6.125827,567
32,98,5,9.458499,484
438,205,7,11.266797,275
384,159,8,7.639870,191
248,82,8,13.349430,603
49,429,18,15.266754,1094
310,52,17,2.950637,812
155,45,5,15.398845,320
214,148,15,17.687061,548
307,283,9,7.287630,818
231,200,13,14.420160,470
51,449,13,5.522807,1032
230,46,18,19.742664,767
117,289,6,8.262299,152
115,361,6,5.092847,274
18,217,11,8.349564,163
45,355,14,4.784078,312
99,222,6,16.514000,690
140,5,20,6.236079,1036
74,160,11,7.779067,1177
373,81,17,5.340138,782
419,121,13,1.124936,816
44,388,20,11.804777,923
349,160,20,9.715219,780
439,438,15,5.150355,209
315,408,13,9.484786,241
80,173,5,18.783938,756
141,237,6,0.536571,814
28,406,6,17.555153,992
266,58,17,12.011820,962
329,206,20,1.459359,1000
144,133,12,4.629503,266
251,150,16,13.155905,1032
288,214,11,9.983406,333
421,269,20,3.090372,1056
138,438,10,16.828327,1031
177,160,18,7.286770,886
326,431,14,16.116531,634
174,207,7,15.908400,709
103,297,18,15.142447,1033
53,247,8,5.990462,933
20,312,12,16.494808,1164
143,117,19,6.400934,390
3,360,12,20.119715,154
336,159,14,14.236256,446
118,443,15,17.864952,367
16,410,16,15.311207,133
390,399,15,7.701202,555
108,396,18,8.816520,1080
62,290,12,12.754532,480
405,102,8,1.956612,232
135,358,14,4.554484,263
407,110,18,7.359057,980
181,137,17,12.294987,414
435,350,14,7.684333,115
253,331,12,0.509780,684
327,136,17,18.592506,669
342,164,9,18.389415,635
67,287,10,10.925319,198
149,260,14,2.119199,508
414,296,11,2.749093,420
249,285,17,8.289802,113
85,8,9,12.560748,759
178,16,18,16.628204,220
101,208,11,13.546806,666
229,66,17,11.127418,269
84,208,14,11.413489,235
224,146,9,17.919252,1072
427,39,6,16.460466,100
151,310,14,11.608622,158
111,83,5,20.131028,1003
444,325,7,14.368994,996
136,372,6,2.794918,918
225,245,14,16.202880,991
156,246,19,12.150680,809
309,444,11,0.500937,1152
274,445,10,9.874432,374
247,246,12,0.016310,1199
402,355,18,14.655965,872
46,94,8,3.694052,1061
402,382,10,2.930626,562
74,427,14,11.815052,934
226,389,8,11.901126,838
270,415,6,11.594696,264
376,104,6,3.639398,631
393,102,13,2.357012,989
180,396,11,13.527112,967
286,232,8,15.742427,828
353,102,10,1.514350,887
377,218,9,19.788175,279
207,20,11,4.504964,457
372,414,15,10.500572,361
334,268,8,11.841779,1193
156,13,19,1.900276,922
415,354,10,14.620136,957
83,240,9,0.780065,571
422,85,18,3.910244,296
160,418,15,4.444127,1055
168,278,15,8.955464,982
405,275,18,8.912993,251
71,209,11,2.302779,1031
302,444,11,18.992838,1066
33,97,11,8.534978,592
177,237,7,7.691631,938
204,83,14,16.558977,362
289,42,7,16.635668,628
68,213,15,11.173501,969
144,11,19,6.370568,119
193,321,20,5.123556,837
286,68,15,6.269683,280
80,264,5,16.711645,165
38,309,5,14.774083,1126
176,60,13,0.653974,895
311,100,5,3.722309,1138
381,396,13,6.472450,1140
446,346,12,12.074217,989
8,365,6,4.723938,1072
133,172,20,16.298452,904
31,337,20,6.948893,232
369,155,10,1.448085,633
62,6,6,4.878743,263
213,171,14,20.212738,997
341,192,18,18.529334,160
243,140,15,14.005937,1163
108,33,6,18.683193,967
143,67,13,1.480390,121
69,368,7,13.347832,688
287,47,12,2.119967,120
75,326,7,12.954061,791
66,365,12,15.381056,1101
26,90,13,18.348177,711
440,199,13,1.673695,231
330,263,15,10.144269,675
110,8,11,10.176417,972
255,62,11,8.286986,205
274,52,14,8.532178,209
439,416,10,16.646885,959
222,55,6,1.994687,899
345,332,8,12.642256,708
57,105,12,4.301673,631
288,360,5,5.665571,1035
109,272,15,3.695750,452
38,380,9,14.004101,1072
340,7,18,4.807968,495
298,185,17,17.241152,211
80,223,15,18.790740,237
436,51,10,11.522986,529
70,255,15,3.689269,552
287,330,17,2.530475,500
343,268,19,17.253833,109
164,336,15,14.982172,693
332,246,6,13.950585,500
4,411,14,15.970836,885
18,155,7,5.148044,129
104,206,13,3.379178,1028
217,126,8,12.321215,131
85,151,19,4.567346,1147
295,205,7,20.030403,906
259,296,13,16.159271,682
13,221,7,5.902926,401
158,49,11,14.059728,285
144,387,5,11.015924,918
336,345,18,18.969006,1160
298,382,10,0.006990,228
104,221,9,12.517408,859
243,293,17,19.318641,583
190,108,10,12.099291,991
427,127,13,12.671212,854
38,192,18,2.659471,725
104,333,5,9.186930,763
434,70,18,6.911527,950
254,37,8,9.882316,1017
130,385,11,12.727014,1005
22,260,16,12.248485,304
440,351,13,3.989393,232
421,14,17,2.373559,768
41,53,16,10.240735,414
172,96,14,11.275338,368
291,7,16,17.831727,315
397,320,17,19.554272,479
105,288,18,11.880679,186
84,158,14,11.969374,173
312,209,20,15.836293,249
102,115,15,11.596174,344
116,296,6,12.807872,622
145,370,13,8.342240,251
439,206,15,0.833783,1034
300,143,7,12.185953,903
320,310,15,13.779989,376
64,306,17,4.690682,613
230,88,5,9.249265,264
362,132,6,13.333644,911
285,191,16,2.407664,385
365,161,13,10.747536,973
93,21,12,5.931313,505
108,158,10,2.025538,231
18,84,15,13.912843,845
63,317,7,0.958532,1064
50,376,10,16.490323,1162
274,222,10,13.477858,1044
274,37,15,16.068698,660
408,340,5,18.651333,953
44,68,5,0.364331,250
305,335,13,14.119448,262
418,387,6,2.918849,1133
403,197,20,15.780856,1036
236,427,7,15.553323,264
438,219,16,15.111454,426
360,40,6,10.579169,644
97,416,10,5.637856,903
406,160,18,14.524001,881
4,421,13,1.251128,255
438,29,9,4.128510,316
265,353,12,9.104485,502
8,59,15,7.777398,642
224,440,11,20.175180,347
18,445,6,12.422014,966
266,389,14,8.857680,327
68,190,7,9.861143,177
343,134,19,20.440551,642
164,126,5,17.052756,503
446,304,18,16.164167,611
98,370,9,6.608125,720
269,36,19,10.771674,815
365,74,6,16.998985,106
174,374,13,18.584569,890
151,256,5,15.728448,350
265,15,8,11.960086,387
384,387,15,2.164980,864
419,82,19,18.586323,685
111,283,7,19.591881,193
3,293,13,6.306080,734
34,45,17,6.290310,240
409,80,16,15.796807,143
56,178,19,2.181961,807
215,337,18,5.109995,537
300,317,17,13.689244,1022
285,93,10,8.905192,1014
88,110,7,1.444660,268
404,433,9,10.437593,750
112,39,13,15.214402,1122
14,356,10,14.696174,717
138,396,17,1.629023,687
345,142,16,3.045687,328
168,359,8,6.756778,272
347,109,8,18.928400,1171
217,144,11,16.460924,654
307,308,10,4.542206,458
174,266,16,13.339930,697
95,283,14,19.669730,322
246,39,19,19.849788,178
91,222,13,18.671749,568
424,388,12,7.678610,726
384,23,6,10.494351,410
325,145,9,19.271297,438
36,14,12,2.223385,1172
140,327,15,15.202868,303
270,358,16,15.776017,568
179,184,17,20.243783,824
259,201,12,2.963172,911
26,350,19,14.747902,1131
285,75,10,20.138848,1046
433,189,6,11.899916,1081
51,100,11,12.599031,306
437,81,12,16.594775,665
229,298,18,12.950941,1074
64,150,8,1.633271,568
190,125,16,11.824746,361
49,165,8,7.512254,609
57,212,19,4.682454,808
220,74,15,10.859505,158
222,218,20,19.826480,1151
167,404,7,9.186546,802
444,262,16,17.356302,998
379,97,6,19.335931,699
117,384,14,11.830235,839
430,435,8,9.990807,572
187,217,11,8.206598,222
163,374,16,10.676050,477
150,29,13,7.202307,1047
275,428,11,19.286334,1185
101,288,11,0.689393,776
320,295,6,19.186675,594
348,174,18,7.043737,318
327,291,15,6.070249,180
280,100,17,18.826267,535
55,267,18,4.356990,303
90,163,10,3.252313,662
296,286,15,1.714527,753
396,107,5,15.715175,112
48,9,13,19.649848,1125
50,142,16,8.262209,246
390,373,9,1.775888,431
52,393,17,2.827323,304
443,381,6,4.533448,143
34,106,9,17.791923,1190
38,181,14,0.515781,548
179,134,14,17.590924,518
133,246,14,18.026385,412
368,235,7,17.473625,818
206,174,19,1.145325,765
144,282,16,15.751859,1020
162,182,18,17.435215,883
228,208,16,0.113628,641
188,426,9,12.971811,382
315,352,8,10.278628,682
125,118,17,8.297711,633
64,374,16,5.249502,117
230,86,10,3.592601,504
65,155,18,14.112598,144
177,364,10,11.126047,845
168,3,20,16.035159,1136
46,6,18,11.349256,424
333,321,18,9.960344,444
174,433,7,5.157624,234
434,316,10,10.791180,800
412,30,10,7.371508,1170
150,8,20,5.658149,411
95,44,8,14.550375,538
31,89,6,18.642586,943
76,204,11,17.921177,225
376,241,16,19.969379,1016
119,155,20,13.656177,291
262,362,11,3.083738,827
349,337,10,15.997664,407
6,411,8,9.533172,1122
436,45,9,1.248792,148
219,400,14,6.338880,355
151,272,13,4.416601,750
361,377,17,12.180022,309
341,64,15,6.823606,268
406,212,17,19.043793,333
78,89,20,17.105243,172
306,339,8,10.312645,512
96,366,20,18.942671,290
224,156,9,12.159347,129
255,109,18,17.217573,786
307,398,9,3.410005,723
60,448,14,13.752780,404
315,59,7,4.056174,240
162,64,17,10.403388,776
191,114,8,3.656381,851
396,25,14,7.253200,185
194,134,18,15.297404,538
240,283,5,5.108354,261
176,345,14,17.237105,1019
234,54,13,15.777209,202
169,272,5,0.797965,457
392,418,20,15.921442,587
132,51,20,14.658808,844
63,70,20,1.000489,818
32,135,16,19.644903,417
350,168,5,1.957194,944
345,96,11,8.863737,996
108,115,16,4.021462,906
263,410,18,6.952102,1005
119,204,13,4.788590,587
404,9,20,2.970443,830
98,22,8,0.632686,678
222,2,13,7.752459,1124
217,384,17,11.865423,721
124,161,12,7.466340,647
425,331,18,7.709085,449
377,389,14,10.337926,138
407,55,9,11.770555,1088
383,325,5,19.512107,132
167,400,6,7.179972,857
444,369,9,6.839837,906
276,398,13,4.931807,586
36,307,19,4.738445,200
213,120,8,20.409833,159
83,210,5,3.947060,409
56,253,8,6.265314,346
401,339,11,12.310462,104
39,253,20,7.251055,793
118,62,18,16.888873,261
26,414,18,1.700127,345
409,111,6,14.242028,963
2,193,20,12.343600,444
53,334,12,8.271726,345
430,106,15,7.227425,512
36,270,5,15.144442,389
191,266,20,7.458423,1081
335,238,7,0.995662,174
144,346,16,17.981274,488
249,164,13,7.982931,1179
208,254,9,5.435921,1032
383,281,20,9.851917,1165
422,58,15,18.262546,409
25,427,8,6.945858,842
399,151,7,18.681441,555
54,324,9,1.046620,201
343,317,17,14.932235,428
163,349,8,7.259803,367
300,282,10,0.853870,690
106,39,10,10.763024,880
299,278,12,12.246531,286
352,129,9,5.924860,214
398,212,10,10.305389,722
128,447,18,8.050531,771
22,280,7,1.532536,980
156,179,9,10.684633,1187
227,138,5,1.889043,685
384,230,8,0.556468,926
284,343,16,16.894866,676
9,215,12,9.717154,1122
372,197,8,14.478646,1098
33,181,5,10.501550,666
26,396,13,9.371213,469
73,429,19,19.543613,572
297,382,8,12.879701,861
33,224,15,10.978773,491
83,161,13,6.921607,423
28,337,14,0.086770,374
220,213,13,13.208772,219
12,4,19,3.820090,589
428,341,20,19.399318,290
122,57,11,15.392450,1087
102,398,14,5.448211,895
246,23,5,17.357535,530
361,43,18,18.729272,396
354,424,9,19.133201,147
170,197,10,1.535108,912
299,0,6,19.419151,217
419,363,14,16.374630,744
323,296,13,11.596377,805
142,353,19,18.484366,234
45,363,16,18.248973,554
70,428,19,1.363369,652
327,34,13,5.190216,289
33,89,13,9.570414,483
241,312,16,14.580880,927
65,425,9,17.403305,935
129,416,13,17.912903,467
116,386,6,11.475783,326
276,47,10,17.023230,468
401,270,8,6.591370,785
355,73,9,18.471710,535
84,181,10,18.746965,136
439,251,12,16.111172,1011
380,375,10,2.445068,964
233,52,14,11.508920,840
120,324,5,0.027293,834
331,241,11,12.085746,611
18,342,19,5.863079,930
184,283,17,20.089797,147
117,37,11,4.008701,492
424,422,10,5.620150,708
405,184,19,5.496491,562
40,128,15,5.222206,508
133,374,20,3.294230,551
355,125,6,2.431013,321
289,170,8,1.993919,837
226,33,14,15.141078,1041
53,156,12,2.512371,272
151,99,8,18.120314,894
318,176,13,15.742389,1126
228,339,16,0.556736,659
70,340,8,0.975404,142
137,274,11,18.410718,536
9,252,11,6.651518,867
440,392,15,10.145060,834
443,257,8,17.436665,186
342,183,17,17.747457,1175
169,355,14,7.007297,954
132,281,13,0.228781,864
319,307,14,11.234325,852
341,437,17,7.459666,912
421,238,8,12.146403,1091
3,308,6,9.900645,652
333,35,10,1.552718,509
53,79,13,10.713325,740
161,434,10,14.477999,231
429,283,7,6.800511,672
142,128,17,7.992693,649
350,208,8,18.871071,290
232,367,9,1.207375,449
77,402,5,15.593879,399
196,270,16,2.156424,158
95,110,15,16.068997,1014
332,335,9,15.042781,1172
205,402,7,2.277237,128
54,140,14,5.891383,312
84,318,19,12.423589,587
195,109,5,13.046465,688
28,325,5,13.829009,1189
265,318,10,17.667439,715
164,442,15,14.885476,444
329,198,11,19.273799,239
441,301,14,2.026247,511
68,348,15,11.182893,957
421,316,18,14.189865,641
421,215,11,3.647883,1160
305,118,15,17.999974,280
368,113,20,14.915383,583
172,232,7,19.788392,1023
392,185,20,11.705120,160
433,415,18,1.271329,494
39,284,19,16.233287,356
438,384,15,15.615862,129
371,39,15,14.728342,369
361,114,12,5.171549,804
101,367,12,15.652383,1127
281,69,13,0.447878,905
229,336,13,7.175643,571
269,168,20,18.987992,276
379,440,13,0.518257,1121
152,31,12,2.349578,1134
293,2,11,3.834448,673
125,218,18,6.186451,934
139,73,8,9.167477,823
312,372,6,19.804841,1158
201,295,8,6.019988,383
268,136,9,11.907767,207
380,297,7,8.974808,555
349,293,11,16.467044,127
290,239,5,1.096218,325
248,445,10,2.945151,492
17,121,20,15.775973,116
162,338,10,8.947872,491
132,287,18,12.784033,681
47,305,12,11.411920,1147
35,77,7,4.686622,828
389,97,12,16.450058,1034
396,170,7,8.730598,421
77,413,14,9.864441,814
312,424,18,12.305009,1199
230,82,14,14.499280,865
427,223,19,15.816842,448
269,54,12,16.586284,944
155,133,16,13.798838,638
329,209,9,19.270760,248
276,444,8,16.165021,689
93,79,20,4.382289,190
39,49,6,6.781017,266
376,43,8,9.180003,719
377,245,7,11.196473,822
150,414,16,1.459424,120
388,10,7,18.657071,1047
393,205,12,4.139383,968
348,222,5,4.665821,565
247,135,18,19.746121,118
84,348,15,7.100209,567
281,113,13,19.151025,1029
355,144,10,12.817961,315
223,196,7,12.352576,747
111,398,17,11.128004,935
440,206,14,1.726136,191
257,65,11,14.948748,314
3,97,12,19.990944,198
413,219,13,11.778072,537
289,60,14,17.585728,405
173,136,19,12.735553,948
69,322,10,7.140845,157
307,153,15,6.749660,352
138,43,14,17.468391,162
56,117,15,14.233656,418
159,5,13,11.937628,220
300,376,14,4.800576,1032
300,102,12,3.114564,711
224,108,15,8.940545,380
293,343,10,11.458942,231
38,292,19,3.885660,938
351,192,11,19.778517,887
25,401,16,9.671267,774
12,206,5,3.338008,1051
429,312,12,11.835346,959
449,61,9,19.885335,230
80,235,16,5.265108,360
19,319,7,13.505115,431
259,64,18,10.109671,665
33,158,15,10.693037,754
175,5,9,13.032268,721
86,233,17,4.290491,811
32,91,16,4.215423,467
94,103,10,14.004962,256
341,128,12,19.789429,872
191,214,9,8.358062,534
260,74,13,1.545460,426
445,122,13,19.340212,288
177,295,16,16.705921,923
140,425,7,3.557934,814
38,275,7,13.926435,1049
196,186,8,16.558253,112
246,164,9,17.221427,127
250,231,17,10.931529,352
433,230,17,18.181036,268
89,251,19,11.263319,163
8,266,7,4.810806,361
427,258,17,12.478483,639
120,15,17,19.366915,813
47,213,14,5.039566,384
433,409,6,10.930467,102
380,271,18,4.336056,1120
234,368,8,6.492467,1130
326,243,5,17.179048,383
342,400,13,11.723769,315
412,262,13,13.600540,1115
174,340,13,14.271888,820
243,212,20,4.588081,988
16,339,14,0.742530,881
198,83,11,13.343606,1029
178,410,13,3.760932,871
309,430,8,9.281975,991
43,121,11,14.474923,794
180,91,9,6.332135,870
80,292,16,1.124566,463
108,262,14,9.623306,136
191,92,9,7.314720,169
244,33,5,3.213824,822
198,284,9,9.128913,723
433,221,10,19.237159,617
150,109,15,17.109543,760
380,194,19,3.795154,660
98,334,5,4.469578,370
113,272,18,4.605321,643
290,389,8,7.319574,770
300,251,18,2.210526,351
272,164,9,2.876625,773
112,263,11,2.296272,542
157,352,6,9.022502,325
386,369,17,9.139091,851
194,365,7,3.478571,1038
376,374,9,4.319653,257
107,381,12,0.754585,305
373,355,7,11.974921,932
339,271,15,13.102131,169
316,329,5,17.074097,1185
182,128,20,2.704648,1187
189,325,20,12.492596,108
89,312,15,11.219124,698
383,141,11,6.978502,435
176,1,19,7.943089,1018
347,324,13,14.029791,567
215,382,9,14.575347,1119
91,162,15,12.947179,1126
329,162,6,5.469977,806
356,146,9,8.512352,871
143,358,12,2.407620,465
310,187,20,17.149301,743
229,219,20,4.461214,664
199,192,20,19.523798,592
284,400,12,10.713316,593
170,47,6,8.091138,819
435,336,20,9.383169,894
121,108,10,14.490933,307
387,440,9,7.100454,711
140,444,15,2.887800,351
236,398,15,14.680759,796
24,226,14,6.011661,358
307,365,17,19.058789,166
254,227,9,20.211254,745
148,249,16,3.245959,360
222,250,5,8.353252,802
139,404,6,10.187479,997
378,422,6,15.226289,825
290,92,7,2.780711,876
280,379,15,5.884571,292
168,324,20,17.588545,1159
291,366,15,9.817639,956
40,148,19,4.052431,365
75,45,6,3.943092,279
326,332,19,13.829279,154
163,103,8,5.433727,429
50,63,18,5.101613,1018
344,261,12,5.443949,700
35,1,9,14.109318,163
400,90,8,19.976134,827
376,204,7,1.991992,606
194,31,17,17.118296,272
258,273,11,7.145201,947
47,320,9,4.751996,662
84,130,5,10.382597,880
387,412,6,6.195279,955
102,94,9,5.176358,819
149,359,11,0.393857,1015
192,30,20,20.484940,1190
276,221,14,1.347301,409
356,31,15,17.472754,616
165,299,12,13.984568,1175
400,435,5,0.968994,1100
362,432,17,11.642281,348
247,123,11,10.776795,990
411,367,8,13.152626,146
321,265,12,6.880326,1074
65,369,9,4.028187,1157
224,162,8,9.658572,445
236,436,18,11.741284,661
293,245,14,0.107309,390
60,224,16,12.254476,176
287,246,11,1.606804,748
304,314,11,0.730349,163
230,65,9,3.156323,1086
148,358,10,6.391241,733
389,143,5,11.798264,936
369,39,17,2.918164,582
364,77,5,7.198267,351
336,325,6,12.894134,805
378,115,16,7.513266,999
325,260,5,2.863241,602
56,374,17,16.417111,168
168,394,6,9.835892,1172
144,184,9,11.426859,383
152,5,7,0.078135,550
0,103,14,3.025927,870
294,0,20,15.316983,547
139,421,13,3.642348,542
226,399,6,16.141832,457
125,46,11,14.582252,1118
271,349,14,15.157949,293
235,363,9,17.969627,826
243,262,7,2.535353,1033
411,377,20,7.763332,926
219,338,14,14.567652,877
21,321,15,7.474736,465
75,67,20,1.684861,486
401,415,16,2.618727,857
135,430,18,7.579560,213
317,5,17,6.410526,1102
250,289,17,8.396372,923
21,270,8,5.332513,846
309,393,14,1.883685,295
152,434,6,20.465839,881
366,116,20,12.067750,632
51,182,7,16.887264,1068
14,144,14,19.341924,398
345,98,15,8.332233,665
39,185,17,6.667442,802
429,158,17,17.478699,368
119,151,12,10.298324,738
341,86,13,2.938420,453
447,422,12,9.675778,805
119,223,18,19.595791,939
27,28,7,14.921106,366
207,413,11,2.336967,1191
205,399,18,8.912721,994
222,430,6,14.331511,377
244,219,12,15.550029,906
20,257,13,15.564056,933
15,205,10,4.704336,359
352,264,9,9.828370,715
367,278,8,8.182973,376
252,351,17,10.649673,235
73,23,17,17.659090,136
399,281,19,1.670361,132
243,414,16,1.755490,181
298,182,13,6.828266,881
198,434,14,9.500352,865
153,351,18,1.043437,986
319,57,12,17.245297,551
56,400,7,10.218007,228
209,187,18,16.444787,613
345,149,17,19.782875,924
298,126,6,4.949376,267
83,29,13,14.796843,412
274,412,7,10.745232,918
264,352,7,16.120821,1192
202,294,6,2.048672,469
22,79,9,15.529412,557
106,254,8,16.901685,1189
395,89,6,16.371092,658
86,156,9,13.185020,663
379,356,9,18.467029,459
54,294,6,14.336886,1119
130,291,6,7.619367,572
365,156,10,15.545192,660
422,146,7,2.872568,485
160,161,18,9.768615,340
63,56,16,3.218487,211
275,301,15,7.991044,279
280,219,14,4.364263,1137
383,145,5,0.403772,1129
289,417,15,9.874367,970
374,404,11,7.040626,971
414,362,14,2.746400,967
385,295,13,14.480944,277
16,97,19,15.319879,889
318,360,8,13.426351,426
40,282,12,1.902386,389
302,98,5,11.677972,112
229,266,20,4.292441,872
26,290,16,17.873699,1055
321,301,10,10.849174,819
280,116,9,8.380386,324
21,42,13,1.998371,507
185,137,12,0.121254,256
296,31,12,8.354483,1069
275,218,17,5.915284,814
48,442,20,15.219585,926
215,308,13,5.844679,470
438,392,16,6.362750,317
140,391,12,0.206573,964
440,151,6,13.167311,847
325,21,11,10.731462,1035
188,10,8,10.574539,942
244,141,18,12.362903,262
120,269,17,11.089989,1185
47,207,8,15.947010,386
335,47,17,2.850092,955
28,119,9,9.524067,904
63,149,7,13.391567,801
84,2,8,1.889492,438
347,237,8,8.567007,526
367,259,17,10.679035,106
52,302,7,16.603867,475
132,391,17,5.862576,1126
264,441,16,17.097806,144
422,48,14,1.557177,955
107,432,15,14.158063,339
160,84,18,9.730569,369
107,36,16,2.816480,322
102,366,15,3.011358,259
227,174,18,1.459940,416
201,109,20,5.713739,452
81,341,13,17.685102,562
306,152,10,14.673300,237
38,41,11,18.993174,273
300,57,7,3.094077,183
195,189,16,1.325346,687
90,218,10,11.217725,690
233,160,11,5.507043,861
266,103,20,17.998373,229
439,83,12,10.131085,741
198,399,6,20.302289,689
301,85,8,16.368995,359
338,75,7,5.522459,583
114,192,17,7.860908,1154
124,172,19,14.751126,936
326,432,15,0.240045,571
200,369,10,11.127959,889
16,343,17,18.842719,438
223,49,11,2.746876,693
418,203,16,5.104909,785
442,53,5,7.925707,769
440,230,7,14.624600,546
277,418,5,11.146459,609
124,166,11,13.861229,537
425,229,9,12.945910,722
2,25,13,4.156025,617
374,296,16,9.720036,769
220,164,5,5.003461,762
238,137,11,18.738715,127
150,65,6,13.358441,170
131,200,8,3.751729,989
429,348,9,6.901810,1044
75,382,9,5.010672,749
43,198,16,6.111558,904
406,374,13,8.087610,767
441,162,12,11.697658,427
283,417,7,13.541819,237
231,180,19,15.755311,244
167,399,5,16.661882,654
157,350,20,11.836824,603
187,389,15,16.022262,1122
142,429,5,10.333532,852
82,43,13,8.901009,616
246,249,7,3.254867,259
45,326,11,6.480425,624
447,33,15,14.948567,1180
199,144,14,10.310614,645
228,255,5,7.884108,401
250,109,14,2.635834,827
80,416,9,6.436519,447
267,322,18,4.373953,465
360,44,15,6.074496,368
163,411,13,7.864525,782
44,428,18,19.293098,445
367,434,15,0.982411,400
418,333,5,4.744899,1015
0,408,6,19.495835,904
312,443,7,6.714215,420
334,332,6,14.219676,782
82,164,6,10.454356,1009
236,205,8,19.614021,1085
321,426,13,5.929079,727
401,336,10,6.997544,880
13,154,6,9.100323,1036
430,194,11,17.352887,254
229,304,10,0.011564,464
220,425,17,5.333229,545
319,52,16,11.618504,652
100,409,5,6.651887,234
242,312,7,17.707902,251
131,373,16,12.042711,671
18,229,6,12.298162,159
342,14,12,10.437201,1132
219,402,16,10.148501,794
183,301,14,0.605284,227
376,298,9,13.182270,690
137,286,16,15.261418,1012
334,363,19,6.004852,1011
43,14,16,16.471758,523
181,248,17,3.822141,1123
244,26,14,12.695688,733
291,15,5,15.516919,1156
15,189,19,14.278772,690
1,70,17,5.687359,235
374,397,17,11.652948,159
411,227,18,9.663412,734
264,120,11,8.747749,319
91,238,5,12.323800,872
339,34,6,2.559986,598
209,380,16,16.807800,556
351,400,7,17.563708,555
203,237,17,14.998799,678
243,141,7,3.174456,759
144,241,14,5.734977,1115
45,351,13,18.781006,802
416,226,17,15.122211,357
42,347,16,20.024576,932
49,30,17,12.733815,101
187,178,13,0.238026,1100
390,58,18,20.314324,582
447,381,12,3.958764,1069
222,217,13,7.080913,849
291,43,16,2.439910,886
36,17,19,11.957656,897
129,314,19,19.350732,816
144,224,12,12.157437,710
323,256,15,0.142774,126
26,162,14,1.165582,710
167,285,5,7.608661,162
390,47,15,10.842252,1091
89,292,19,0.124577,1159
413,403,12,16.537914,1175
358,137,13,7.394999,687
175,196,17,11.481378,1022
214,160,9,17.993417,1118
419,40,10,3.351278,203
26,206,5,4.659126,367
155,378,6,16.891689,695
233,192,11,3.612808,144
263,96,9,8.713702,693
233,237,14,20.077635,551
185,376,6,11.405810,103
325,352,10,9.567429,533
227,269,5,10.865193,1093
147,35,19,14.839062,793
438,192,10,8.517672,634
348,35,8,5.091631,940
321,293,5,2.676095,911
364,292,6,10.797060,1128
210,257,18,1.340628,354
158,217,16,11.230679,862
390,156,13,11.824896,438
339,79,17,15.308454,651
302,31,13,12.495204,299
287,82,16,13.823450,832
62,333,14,15.316690,996
429,192,17,18.319210,277
417,375,8,19.464322,474
397,209,17,13.231485,689
348,192,18,5.311595,943
51,132,6,20.173305,598
200,368,9,12.431726,166
301,297,17,13.739930,967
404,413,15,8.075296,577
437,39,6,0.447634,259
336,416,18,1.981963,973
25,323,19,16.622248,560
190,381,9,13.850766,629
69,339,7,7.564571,312
309,42,17,2.159849,135
355,220,16,3.518296,523
376,75,10,6.268826,471
205,305,15,6.165657,997
43,332,17,6.129641,720
396,147,13,19.747377,1199
186,31,9,3.059659,1172
65,259,6,1.333518,1054
318,143,16,10.553518,975
380,25,14,12.199625,622
216,279,8,14.899489,849
123,227,18,0.869447,594
347,212,12,9.538217,1069
382,376,6,9.447080,936
374,103,19,10.752515,715
416,429,20,16.497420,216
440,164,6,12.946590,987
154,77,14,5.167174,783
107,67,8,14.036223,475
282,88,14,10.161006,429
382,54,14,4.173951,1037
182,368,13,8.388774,364
325,396,19,13.370420,253
359,211,6,19.606743,396
342,262,18,8.743814,192
324,91,6,13.100209,450
302,235,13,14.573315,1136
204,363,8,9.867943,1199
251,193,9,10.130890,1188
437,96,20,10.636660,746
223,211,18,10.655882,877
336,302,16,13.914267,960
198,339,5,17.324970,242
360,98,11,17.083833,1174
317,223,13,10.616995,387
225,338,12,18.272086,250
227,362,15,11.369822,1060
350,141,20,14.650394,133
209,211,9,19.600384,381
220,204,17,8.923581,236
56,78,17,2.592688,265
335,359,20,10.508412,297
347,39,11,7.650527,164
297,31,9,17.611057,868
93,53,16,1.343077,359
173,3,13,0.921211,594
16,257,13,10.858989,356
319,239,7,1.404902,503
121,47,9,17.484627,576
306,317,9,0.551712,1109
266,388,6,0.456095,567
382,80,15,2.220616,118
183,90,16,14.806728,948
177,48,13,9.700263,925
148,133,18,1.362227,1092
310,398,12,4.243985,276
147,370,19,12.989086,200
278,251,11,11.126228,577
377,76,14,14.141066,333
183,38,11,7.956273,408
56,40,15,12.729204,408
110,111,16,4.892912,1120
335,272,10,15.962204,285
267,64,12,4.952502,814
242,27,6,15.440193,656
384,20,11,12.536173,868
11,275,12,6.922908,1125
41,70,7,13.145270,606
439,135,12,8.618295,792
226,155,15,7.138982,221
320,118,19,19.373287,555
376,81,5,3.591145,404
87,397,19,11.343998,312
63,386,17,12.157818,778
137,337,15,5.026506,715
115,374,14,13.847943,415
296,27,16,9.522663,889
269,138,15,8.164566,902
15,443,19,15.424938,960
431,290,9,0.406188,754
380,55,5,1.938719,976
431,355,12,9.660278,271
284,149,13,6.704433,744
432,71,9,0.636481,582
79,302,19,9.353239,131
343,384,20,10.549314,735
380,383,18,6.520887,147
274,418,18,19.201301,977
337,47,6,3.374272,387
371,44,20,15.595884,160
190,361,11,3.994506,614
217,228,11,14.318676,628
282,44,18,5.063875,139
341,162,11,12.562898,939
85,240,11,9.677117,383
332,131,20,4.714457,631
200,433,9,14.095174,445
155,250,11,19.841396,141
189,265,16,7.584789,613
377,33,5,6.396094,194
169,122,6,9.913226,278
214,391,16,10.593351,1037
298,350,13,0.237450,884
197,177,18,14.292050,391
184,249,15,15.637871,783
178,64,16,8.618173,973
343,314,13,17.040548,178
404,240,20,9.115712,633
362,405,8,8.021344,391
373,392,8,7.830959,1041
243,68,14,16.875614,109
26,196,16,7.446109,693
299,31,7,4.596738,548
264,361,13,8.585988,663
146,168,19,5.391317,1181
350,115,5,9.271536,743
233,364,14,13.372542,740
42,283,10,10.334870,139
10,30,10,8.787235,503
171,210,18,12.966765,261
62,68,15,5.625960,224
442,38,17,14.025233,740
7,260,16,6.738261,216
373,394,17,7.334761,936
432,358,15,3.727184,495
200,284,8,14.187025,768
377,381,8,7.898768,239
445,154,16,1.183201,868
74,227,6,8.335477,152
412,86,19,3.253852,249
271,305,20,6.084303,286
160,24,16,13.195739,353
296,119,9,5.093983,820
327,388,13,2.099263,398
236,330,16,2.751622,1167
32,158,13,19.612738,281
137,199,17,11.071160,549
18,396,17,5.325900,586
161,357,13,9.353426,382
14,125,19,13.820545,783
311,326,18,3.510372,1129
307,448,18,12.872050,199
360,423,15,1.809226,460
415,103,18,0.410291,889
128,316,19,18.291959,456
65,150,17,3.676622,570
168,364,14,4.251498,1037
273,70,5,18.042023,324
401,136,11,2.114463,376
189,195,9,15.631929,983
427,71,19,18.534501,226
218,72,8,3.302199,157
30,233,18,11.108770,1171
66,256,12,6.082464,1043
264,207,14,16.583569,885
383,20,9,14.578890,477
260,121,13,11.124779,869
411,383,5,13.468215,286
5,345,20,4.337296,232
246,211,8,14.019617,893
177,106,7,14.855292,478
153,70,12,18.437211,1067
133,405,20,6.056882,1143
63,15,20,14.020323,946
334,81,19,18.026547,1048
24,141,5,11.918516,642
108,321,16,3.221797,1037
340,218,9,6.925195,464
140,273,12,13.237206,751
345,269,20,9.657976,463
98,168,15,2.167489,429
4,120,9,20.367332,496
212,7,8,5.248532,108
93,260,11,3.286153,1132
63,261,6,9.823998,417
404,349,19,0.981531,1080
338,152,9,4.163172,670
336,246,13,7.338324,559
420,205,12,12.283887,1180
213,193,17,20.266970,654
440,183,8,14.720045,1188
25,249,18,17.308642,114
146,239,17,7.830215,216
161,395,16,6.293226,101
45,110,9,16.052484,615
148,294,9,12.169831,721
84,271,19,1.673693,228
42,365,20,7.220235,874
270,119,11,7.892112,218
369,184,17,17.738757,669
38,294,9,4.378769,413
5,100,17,3.819302,335
227,196,15,17.038018,101
14,246,7,19.536510,907
256,97,6,17.963180,884
27,359,14,14.490395,671
334,340,11,14.224314,822
416,347,16,15.253597,322
125,223,5,12.583271,932
433,90,18,18.162163,1177
440,265,18,8.272061,542
262,149,11,4.985228,156
351,121,14,13.627835,820
351,330,7,13.330961,858
147,179,8,15.063328,174
242,235,13,0.788035,728
101,335,17,2.846582,933
205,69,15,12.735682,329
434,90,7,9.959121,578
221,250,9,8.539411,114
425,98,6,1.625540,151
283,391,9,7.561285,814
281,219,15,14.780560,107
275,226,10,4.294647,240
252,388,9,18.339634,171
349,214,9,19.193046,537
246,132,16,0.601061,763
351,119,5,16.275070,1016
66,360,5,0.989153,1082
392,274,18,15.426146,415
233,270,16,15.911334,947
389,409,15,5.566591,111
49,352,5,2.036209,706
410,236,9,20.072415,167
371,334,6,3.103525,419
366,128,17,18.559200,1170
409,122,19,9.981943,402
143,69,20,11.565082,773
257,331,14,7.353822,408
110,204,20,10.674720,1040
244,286,18,19.643448,261
46,355,18,15.451880,1073
145,275,12,9.788622,143
378,165,12,7.786430,914
81,35,8,12.265360,841
62,289,18,12.001494,1065
277,198,18,16.819602,316
440,9,17,11.045834,510
288,7,17,18.419639,1192
28,316,11,17.052738,199
286,315,6,5.011185,376
55,34,12,5.036044,998
347,401,17,6.335243,389
130,170,18,12.947845,849
307,35,16,2.073404,1183
355,129,10,15.371533,565
186,72,11,3.637513,381
91,180,17,7.936324,522
18,41,12,14.060339,690
245,364,12,1.338350,691
49,38,14,14.700881,1020
97,93,18,9.401293,262
20,145,16,4.740562,321
218,172,15,2.475907,112
239,97,6,10.144090,440
268,346,8,6.066358,589
173,102,9,0.736359,839
211,359,17,3.313700,367
163,97,17,17.311703,359
366,226,8,3.080968,137
232,178,12,7.453125,677
213,215,7,0.604055,123
443,24,15,17.022477,573
46,54,12,15.181354,286
356,214,14,12.596805,1137
375,76,10,2.675148,930
234,273,20,14.635768,663
387,448,17,12.279860,1144
356,423,14,1.958050,508
283,321,5,13.137244,516
207,208,15,7.881727,161
160,334,13,8.004057,985
415,68,6,18.156237,831
158,328,9,20.332973,111
356,100,17,15.404779,747
28,175,14,9.448866,638
274,146,20,7.073862,355
408,223,17,6.613087,394
406,143,18,4.652481,353
207,302,7,8.666966,851
63,424,9,13.575374,160
63,155,10,17.055925,373
399,181,20,6.605036,725
208,149,7,10.085970,104
355,389,14,7.676278,357
442,360,9,5.474993,384
394,199,20,13.619385,954
315,387,5,1.057055,530
184,116,16,0.923696,128
247,316,8,1.920308,1057
398,26,15,16.864992,135
238,155,19,7.371321,615
333,94,9,18.634940,696
365,314,10,17.605423,1120
448,202,14,15.955765,655
181,159,14,3.409459,199
302,58,12,1.084454,448
357,289,14,19.137656,124
329,433,9,18.242799,704
399,416,7,9.145298,457
353,262,12,20.422464,440
422,444,16,13.343161,955
243,326,13,11.626049,864
233,246,9,8.553056,1159
13,336,12,17.046121,567
39,114,13,12.051957,1072
315,325,13,18.269059,285
355,435,18,16.563608,149
7,232,20,9.040378,196
54,368,18,4.223028,727
319,295,7,11.041309,443
174,179,18,7.923035,986
5,85,16,6.314654,363
388,431,11,12.278492,260
30,301,8,4.790038,430
290,233,5,9.744895,470
28,81,16,11.098945,462
437,364,14,19.474739,1119
405,91,15,1.377345,1036
395,445,7,11.757063,757
31,332,12,17.985926,758
252,125,10,12.070383,940
345,384,15,5.517623,164
442,405,6,0.121880,1162
402,113,5,3.599724,104
59,209,13,7.937055,187
367,246,14,16.266066,1073
25,382,7,10.762786,1165
288,90,8,11.963193,438
291,51,6,8.473079,1198
122,3,13,11.168454,223
298,358,16,6.358444,529
338,40,9,3.407129,855
225,76,17,19.106587,1162
175,359,19,13.285751,1054
156,4,19,15.954470,932
312,340,7,3.318257,744
428,4,20,1.140936,1190
361,99,11,8.349181,536
92,411,7,6.403951,166
79,443,10,12.802258,445
204,325,14,14.972467,469
272,14,12,14.878560,576
141,408,15,13.774624,881
369,437,9,8.808628,841
343,51,6,14.021350,368
74,302,16,14.157352,976
70,408,17,15.167586,168
440,1,12,10.095108,139
121,89,18,8.142506,677
386,316,19,14.163498,315
370,305,20,18.656513,671
383,220,11,1.673891,899
419,158,5,19.037867,1038
264,179,6,6.229650,300
371,355,5,2.011494,732
63,123,12,13.531625,837
19,173,16,3.715473,678
203,215,5,11.507200,887
255,284,20,2.923701,1158
449,199,15,9.872407,505
134,370,9,3.480375,1081
359,143,17,1.330047,332
135,179,7,4.147094,109
372,261,9,9.346795,1182
58,232,16,0.245361,191
276,160,6,0.925406,948
231,80,20,7.533653,1017
377,159,5,18.614820,637
291,429,14,1.277126,501
371,436,13,7.136489,669
172,262,15,18.092549,1104
55,137,15,13.984267,255
190,128,19,3.227719,490
343,179,9,8.434457,882
116,302,13,16.514311,359
434,425,12,1.152654,381
29,103,18,5.533777,344
166,427,19,13.957987,167
318,192,19,17.011169,473
303,286,8,11.958952,506
336,415,16,4.155619,408
245,402,8,19.419725,399
255,322,9,1.414412,1156
291,350,16,7.124890,374
79,335,12,11.948815,470
449,350,7,19.540864,1194
293,212,16,3.024358,307
426,86,17,11.671832,109
413,343,20,20.466144,346
262,223,18,5.213891,869
280,29,12,12.518157,356
401,205,20,11.358126,553
382,401,10,15.151278,1000
107,378,18,2.224193,385
443,18,19,14.711680,1148
421,362,12,2.693317,152
171,126,15,11.293483,205
288,305,19,16.944580,763
55,14,12,14.029195,458
17,388,8,2.650989,879
36,377,15,16.574939,878
187,131,12,19.580386,846
262,323,8,15.094586,525
293,427,11,2.044632,345
73,134,15,2.449725,765
98,241,6,3.243196,428
240,304,16,4.702302,237
145,6,14,10.322536,332
268,117,16,19.665738,296
449,166,11,19.213247,231
324,0,13,12.681079,526
141,245,20,5.075007,137
0,383,19,0.252167,1200
147,129,14,0.616567,652
314,250,7,10.696343,448
221,445,10,5.186501,367
220,310,13,9.929030,882
446,173,10,8.929705,345
44,53,5,18.584554,922
80,203,11,14.712465,340
391,327,8,12.080153,738
309,19,19,12.457322,635
210,414,14,14.747057,874
262,310,12,14.695214,677
165,14,9,8.466874,703
185,205,16,0.319147,293
397,114,19,5.398825,927
80,144,18,12.841735,367
180,115,20,15.453062,625
14,204,5,8.871272,245
323,27,9,6.467269,416
410,123,17,2.836437,1164
344,197,18,3.183500,165
384,222,19,18.196842,1103
318,164,8,9.076977,958
241,359,10,6.896669,591
105,175,10,11.449059,1089
147,151,9,15.494248,128
81,143,13,19.540489,969
380,171,19,3.300583,638
203,290,17,15.624002,971
38,180,10,10.766165,753
173,391,13,11.249579,694
96,202,13,20.444154,1114
300,136,14,19.594512,1191
340,399,7,10.520576,164
136,318,18,0.811237,245
253,45,12,20.077646,183
132,426,11,18.587460,608
434,92,13,14.960965,464
265,259,9,12.252798,653
224,215,14,5.530566,175
204,105,17,7.561101,450
210,150,13,10.085926,457
161,207,16,14.255809,361
98,158,9,2.091270,839
149,24,9,3.995440,538
320,337,5,15.491381,568
116,125,17,4.593172,827
428,48,19,9.174243,613
144,231,13,9.593664,1108
312,417,18,3.383145,444
175,339,16,18.441975,900
145,142,9,9.622613,872
130,272,5,19.729039,1044
290,179,9,15.975998,121
446,52,18,6.865642,256
317,97,9,4.315287,1185
169,7,12,13.673465,778
122,195,20,11.564702,1163
386,292,15,1.939729,417
57,10,11,16.407967,278
231,348,9,11.725551,122
39,164,19,9.134043,467
211,234,5,8.225741,271
442,171,12,15.081561,1183
261,428,11,8.988783,878
352,403,16,3.650496,528
44,145,10,1.266025,275
172,36,6,16.434775,369
252,141,15,13.226376,502
162,253,19,1.454503,1013
220,233,8,5.370729,669
67,74,15,0.837521,807
204,295,17,8.528682,517
216,221,12,16.694518,261
344,33,14,19.651445,680
282,434,5,20.097578,1033
212,36,16,7.941417,777
55,229,20,7.959418,480
60,100,9,4.217267,241
70,115,17,8.880296,743
201,341,18,9.689881,963
172,297,20,14.605377,565
447,45,13,8.003405,158
124,9,19,19.544677,116
400,226,8,0.653503,897
248,235,20,18.473845,851
138,193,18,8.905921,1134
74,424,15,18.116787,142
412,293,12,13.417468,167
387,67,16,17.203129,917
1,31,13,11.775785,372
170,14,12,15.706861,472
190,388,16,9.817796,144
175,291,16,14.872600,527
349,85,12,7.593429,487
291,392,19,6.056046,976
280,109,18,10.307057,1167
249,80,12,16.602640,928
439,166,10,16.761542,779
43,178,8,11.703788,231
276,185,20,2.720957,933
377,178,7,18.420380,213
269,423,5,11.108324,680
224,296,12,19.518354,169
183,101,12,16.974011,989
359,91,7,17.520885,823
54,30,20,13.875728,769
245,92,6,17.535868,958
424,423,12,18.251637,313
227,40,18,15.873486,638
344,12,9,19.301844,546
71,223,14,17.551809,241
441,291,6,15.817761,1147
167,436,19,10.923224,130
271,180,18,17.573048,106
91,211,5,20.223276,231
204,265,18,0.290813,378
236,126,19,2.582771,160
438,217,12,0.600100,931
258,350,7,9.642375,1072
279,57,19,18.068736,688
317,260,6,4.198951,506
121,38,14,0.355775,338
413,13,11,5.775666,1096
414,233,6,4.598217,231
239,379,10,7.782315,905
92,198,6,8.384193,1059
268,11,12,0.600649,251
287,8,9,1.123329,792
142,85,11,5.830585,721
100,238,9,9.566603,873
397,299,17,9.123918,448
322,421,18,3.058066,1079
300,248,5,13.765534,1158
148,22,7,15.675745,576
269,400,9,3.918695,1047
287,68,6,20.135645,427
95,150,6,15.102362,1108
42,413,9,2.291889,992
108,135,8,7.398141,791
429,162,9,9.628161,719
49,240,12,19.752710,754
13,86,11,18.387705,615
438,330,8,9.114605,992
43,296,20,11.769729,1011
182,191,7,16.108355,106
36,178,18,14.683916,225
152,178,7,2.230307,1021
105,448,14,15.691010,149
275,204,15,7.663791,1027
445,308,19,10.302255,1114
439,174,18,13.671134,681
394,61,20,12.482446,858
304,428,13,17.907580,592
209,332,20,17.495808,1185
299,2,8,14.598082,533
317,305,19,15.968802,734
22,284,8,7.641924,478
148,9,11,16.293853,1094
329,196,10,11.497643,700
32,128,17,8.328902,1017
132,417,18,14.448368,345
300,259,10,0.638140,659
444,345,20,17.165994,707
226,116,19,5.247311,151
118,284,12,16.392880,845
359,274,11,15.856576,237
331,167,12,12.165669,581
423,329,20,3.794838,530
355,80,15,3.903868,358
316,164,13,17.741230,632
129,112,10,17.254580,865
200,321,20,9.019141,807
351,342,7,16.489547,540
30,127,5,6.262337,1047
374,355,19,11.988630,549
404,296,18,4.324973,880
184,428,15,11.797767,268
318,154,12,6.267689,936
41,309,5,7.584129,1137
205,28,20,11.910635,544
9,277,20,8.507885,822
313,189,14,10.050326,537
93,397,11,14.562631,844
224,377,17,18.876297,1051
387,397,16,2.444097,910
222,82,13,2.586049,305
289,412,9,13.809830,716
400,427,10,15.282065,1039
224,438,13,14.144677,652
340,403,18,11.737168,879
271,115,12,18.219483,369
401,358,5,2.820697,934
390,226,19,10.027077,1066
355,180,10,13.896012,829
157,44,17,16.538141,217
386,372,15,19.393632,445
208,231,19,12.234124,122
247,287,17,5.321041,436
318,77,20,0.304745,955
185,396,10,19.465435,341
90,265,14,8.546711,348
97,137,20,2.883321,1066
263,50,7,2.287421,311
308,200,16,3.602566,1190
36,384,9,3.744660,533
332,314,17,6.848272,147
28,385,11,12.104935,809
231,282,14,4.860072,239
324,62,8,20.445264,1096
323,136,17,2.815255,781
374,35,14,14.271932,777
90,260,11,13.861659,853
56,9,12,8.287032,650
179,403,8,13.313896,239
251,385,9,2.770923,229
44,138,10,8.478691,1172
157,164,5,6.476801,142
284,258,20,1.282596,1000
130,137,15,1.144496,561
219,261,13,6.693200,133
394,113,14,17.664338,708
311,338,20,5.249770,378
119,152,6,16.814665,504
94,161,7,18.900872,925
408,130,7,8.257884,689
193,76,13,5.874323,307
336,190,20,10.177199,148
130,426,12,14.483262,1166
106,12,16,13.892426,1165
50,202,12,4.890504,320
79,308,8,15.905831,259
4,175,7,13.498075,1027
74,252,18,12.452010,1135
178,328,11,16.823209,473
126,176,17,16.137632,712
157,187,16,18.953947,1109
59,48,5,10.009020,711
160,195,8,12.930238,535
124,145,13,8.780924,1128
81,212,17,4.732640,807
272,383,8,2.149303,1030
418,191,16,7.656930,158
208,447,8,17.571315,972
17,55,18,6.353863,406
86,191,11,20.213121,946
28,103,10,6.180658,1063
408,94,12,0.732714,480
67,133,14,1.104472,885
415,98,19,5.019940,350
79,15,8,19.657119,718
161,54,20,2.490673,508
380,23,20,9.619476,807
96,43,16,3.181380,707
413,102,13,10.980210,643
93,275,5,0.291880,383
182,79,5,17.405749,352
303,79,6,0.960043,1110
14,162,13,10.159900,1035
128,109,19,16.690811,703
39,447,18,14.602791,196
254,109,18,16.875886,848
407,384,16,12.683628,1140
356,223,17,19.624257,378
385,143,9,4.930596,517
287,341,13,4.833754,765
196,408,10,13.995298,503
65,204,17,16.632121,387
46,78,16,17.764504,609
217,212,7,14.737264,377
413,277,8,6.493185,193
209,280,8,19.807183,656
335,389,12,7.318497,295
393,447,14,0.845376,784
442,142,13,5.601474,473
325,422,19,11.235905,870
391,378,14,10.355063,405
429,41,16,12.510874,1156
248,312,6,19.827359,979
263,380,12,16.824778,827
181,50,13,2.293842,797
170,91,6,13.036630,686
82,22,9,17.643778,120
33,243,8,0.060416,841
231,53,7,5.368129,683
439,128,15,12.504063,1117
189,338,10,17.897100,758
210,11,18,10.336268,211
196,392,18,12.317263,252
113,342,9,1.329303,945
267,316,20,18.654974,722
154,404,16,17.012493,1038
67,135,16,14.034833,642
212,357,5,4.920936,434
414,125,14,12.022899,636
178,434,19,14.937315,848
41,5,8,13.696715,835
416,97,14,11.031784,208
328,174,20,10.348411,649
136,360,7,17.238120,1129
10,171,9,7.413281,117
43,30,17,13.823611,483
236,210,17,12.433558,381
75,98,17,2.464937,210
296,253,18,16.847400,1187
31,346,12,19.832248,1079
308,375,20,11.364605,488
335,267,11,9.242243,167
204,13,7,14.698072,583
107,4,9,13.894390,453
41,1,7,10.243540,371
370,211,19,7.202509,705
15,175,5,8.685730,867
357,405,11,14.346202,832
272,214,18,5.159813,579
449,342,20,1.859497,942
351,168,18,5.486065,1094
62,236,13,2.347034,917
366,443,6,0.367184,443
165,210,18,19.958497,1021
52,418,16,14.562449,744
224,385,12,5.591641,172
45,63,8,8.119846,815
150,100,16,16.012230,615
188,273,10,3.752192,426
179,415,11,3.993318,536
22,116,13,5.686883,515
205,330,11,1.433183,278
81,381,5,1.712329,877
32,393,9,8.215936,463
95,354,14,12.095918,934
163,250,11,12.691839,888
321,48,17,4.718358,1088
361,232,17,11.820584,584
11,7,10,12.834649,454
331,272,14,4.365209,568
50,163,9,12.418775,1171
330,29,14,14.961057,513
337,447,5,7.094640,258
186,319,16,0.630312,820
227,159,7,18.633863,195
185,180,11,4.983121,987
215,354,19,0.157049,838
292,217,14,13.310766,1087
261,121,18,16.486208,992
214,23,9,15.752099,354
196,164,7,16.968075,593
192,99,8,20.197917,1083
204,347,14,3.002408,1002
252,436,15,14.716541,1085
151,259,14,7.132508,718
408,96,9,10.559275,295
403,103,5,7.655454,688
288,81,11,17.055821,513
380,357,14,9.603953,186
177,189,5,12.013355,550
448,229,8,12.062827,950
239,319,20,10.876434,563
368,343,15,8.328934,1009
342,398,19,12.436247,533
53,67,20,9.479843,610
149,312,17,0.089167,154
442,411,19,3.494426,724
319,212,8,14.691432,885
264,327,13,0.641496,1065
114,104,19,6.030312,500
163,174,17,8.419068,427
414,287,6,1.050452,465
239,323,17,2.032525,974
378,296,16,0.041641,1007
365,183,19,14.824450,640
277,121,18,9.993547,107
444,258,18,17.227370,845
295,200,5,5.141369,162
313,316,8,18.538222,1171
193,285,20,7.417538,667
377,411,10,10.736432,378
111,57,10,16.990757,955
195,210,11,15.115289,380
361,126,18,6.383099,153
371,67,16,1.087756,417
426,342,11,1.138526,830
103,164,14,11.209905,307
219,297,14,4.539043,305
201,135,8,14.507439,601
397,203,15,9.461586,947
343,432,17,16.752762,180
181,152,11,11.032691,703
437,98,20,3.873313,133
216,8,15,8.998324,675
105,64,10,5.860120,122
6,165,15,8.858478,354
139,65,17,1.618212,194
41,90,17,20.310516,139
436,154,6,18.697711,697
4,251,8,11.104478,1059
363,411,9,1.224693,355
141,350,5,18.709426,761
441,374,10,2.045831,661
368,146,12,16.667379,254
389,177,9,20.457724,468
393,71,19,14.490281,634
350,71,17,5.275265,1148
329,26,6,6.370377,179
202,370,19,3.935285,923
90,234,8,16.467530,340
204,411,13,14.682018,737
172,274,16,5.414320,277
70,431,19,8.264228,202
27,416,5,8.123609,812
69,78,12,6.672334,664
330,341,13,15.136998,1059
36,284,10,11.873827,578
448,375,17,14.076542,730
378,143,5,2.581108,1052
74,392,9,13.357225,1056
224,209,9,9.638613,332
6,137,12,10.036798,675
320,340,19,19.972525,443
321,369,5,1.698130,840
27,173,16,11.972466,960
241,142,15,14.831020,568
225,28,11,13.505816,310
275,294,7,5.979081,238
122,327,5,6.298428,422
164,27,17,15.616632,1098
156,409,15,19.485392,664
227,13,7,11.509304,731
324,264,14,3.341158,623
101,3,12,5.815503,183
261,48,14,0.831468,851
326,366,15,8.841268,498
193,273,13,14.373769,471
48,103,10,15.821823,770
124,199,12,9.860897,647
181,334,15,0.632504,761
28,251,18,10.835968,515
383,416,10,3.465633,173
388,144,11,2.213513,455
67,408,8,3.271209,1173
357,33,19,12.845278,1048
61,177,5,2.373256,678
52,295,18,7.527041,203
421,52,19,16.656871,200
293,113,10,4.809939,861
74,56,7,17.775915,121
96,411,7,9.095365,1075
290,338,18,12.052855,106
165,115,12,20.115352,331
231,4,16,13.700082,931
74,229,17,2.799850,643
169,290,7,6.647547,919
289,264,7,4.476506,613
342,103,5,14.628871,272
414,19,17,19.382205,480
138,379,11,8.202762,181
311,424,20,0.652909,1014
116,342,11,17.192261,127
202,21,18,16.268641,811
263,264,15,13.798910,903
439,182,13,9.057935,605
401,317,8,0.477994,153
350,56,16,19.968065,886
237,259,18,19.331644,844
373,58,18,17.349420,567
303,395,18,7.356105,864
18,161,17,2.388792,646
441,302,8,4.972385,227
45,291,13,11.296737,1119
93,381,9,5.178042,271
444,223,13,3.884737,169
343,199,18,15.850382,548
170,267,10,12.474067,397
326,26,10,5.452215,665
404,176,14,4.624633,616
34,353,19,6.857405,681
136,249,20,8.381389,287
257,102,5,12.674262,267
322,136,12,15.216548,568
271,379,10,18.555503,381
378,423,12,10.745647,301
355,6,11,16.288957,335
368,427,18,15.896719,570
300,287,18,8.690637,995
193,208,20,10.602664,797
384,434,14,6.309372,671
1,357,6,6.076492,797
356,132,16,5.358124,856
345,182,15,14.169352,529
425,441,15,15.146913,304
35,268,17,10.096039,1097
238,131,9,10.188198,954
223,37,16,15.921669,573
37,218,10,16.089741,1090
365,401,13,8.916446,321
437,82,10,19.284624,877
104,89,11,3.630162,739
106,379,13,10.555694,535
233,269,17,0.970038,514
435,279,13,0.385367,639
48,64,10,6.302445,871
64,440,16,0.156717,591
127,281,5,16.194091,728
264,359,8,4.766297,1045
313,213,11,12.897470,449
82,296,9,7.944036,509
203,295,12,17.610383,537
373,230,19,19.089904,657
350,170,17,3.824222,627
55,356,8,1.036915,377
11,162,8,5.050737,170
179,442,10,12.430704,624
18,111,20,16.503136,572
137,123,17,10.717549,301
149,366,16,10.357537,1034
91,367,13,17.968320,136
283,197,12,13.695596,1035
329,391,20,6.899039,1000
131,17,10,6.881789,1091
367,351,19,9.872936,1057
435,199,20,0.193379,842
132,309,12,2.775729,610
216,11,5,11.392619,1150
135,76,18,3.148295,326
37,51,17,3.186949,537
236,444,17,20.115142,186
238,107,10,19.686406,1010
159,58,10,7.701394,662
163,249,9,8.872532,329
281,289,18,20.017014,173
302,360,14,15.987798,475
202,149,6,12.510109,654
11,315,19,10.938226,190
158,362,7,8.114112,527
155,92,5,10.866020,773
333,79,15,19.929717,943
140,7,10,7.290311,821
391,29,6,5.291063,174
127,340,17,18.478983,319
259,314,14,9.342127,1168
136,76,6,16.920186,339
122,201,20,2.564458,550
171,393,5,14.992417,882
62,34,20,13.633545,475
363,432,5,13.372385,1008
15,427,5,11.200048,1154
364,289,16,14.135521,398
79,293,15,10.515903,545
264,66,10,12.997024,710
447,337,5,3.532955,1025
382,250,8,17.020120,984
6,406,16,8.762286,121
3,63,6,10.346686,519
342,191,19,16.800817,746
149,25,10,11.280419,1002
168,103,19,11.390374,912
224,83,18,15.748873,1029
402,237,13,11.450455,429
449,126,20,9.467346,490
322,56,15,17.727866,217
180,126,18,12.019949,121
346,58,19,14.415387,879
347,108,7,19.369688,1121
369,83,15,6.623020,933
338,431,19,10.549630,512
196,110,5,1.121386,152
275,102,20,5.804539,375
5,428,6,10.783823,681
185,40,10,16.640664,1147
22,245,12,6.610465,255
43,25,15,17.332081,485
384,59,12,16.757425,429
170,285,6,3.574197,1046
83,38,14,4.181266,464
349,402,9,5.195342,1047
380,172,16,16.404627,718
386,362,8,12.520774,1099
92,90,14,9.129440,113
286,111,15,9.709399,343
40,215,5,1.059634,808
78,155,19,8.663567,1043
98,141,18,11.124265,606
291,271,14,19.895751,1095
44,315,18,18.694171,739
71,18,15,3.431438,911
299,75,16,14.785950,402
66,224,20,5.001696,277
440,310,15,6.217491,959
319,283,13,6.070430,162
72,44,17,5.192777,233
83,435,9,9.686870,673
335,109,14,2.489642,1192
330,162,12,5.082630,388
286,421,18,11.940933,782
35,60,13,11.237674,156
371,178,16,18.128909,613
281,55,20,0.622264,1009
38,80,14,15.179029,1032
304,233,5,10.284284,948
166,408,12,5.931056,213
141,61,14,13.766753,544
130,10,12,9.298546,201
111,358,6,10.013340,282
230,18,18,14.664155,444
54,236,12,12.119556,1176
402,66,13,0.800293,908
152,349,6,7.926465,1166
232,383,9,14.419629,740
379,201,11,1.685576,185
345,442,5,1.974819,1075
400,89,20,19.770399,324
49,290,12,13.172737,1106
30,267,16,8.510816,936
137,249,6,5.509916,430
133,370,18,16.954136,881
418,410,15,11.316553,420
443,429,15,11.653371,1175
173,330,17,11.827381,566
284,156,10,11.221906,325
309,219,19,19.227111,622
307,328,12,13.850813,771
93,387,11,12.799379,451
313,150,7,13.648511,653
260,42,9,16.416086,119
9,10,20,5.750974,1197
94,285,5,18.183767,310
1,270,6,17.490113,427
49,367,18,17.139834,912
200,60,14,15.413450,420
377,328,5,4.150045,293
423,367,7,16.954316,681
275,12,18,9.664198,407
420,220,13,12.199194,932
395,197,7,1.960618,584
289,169,16,7.580977,534
7,187,5,19.508722,552
73,6,14,14.503044,1029
187,382,19,4.478208,817
138,137,15,11.261601,971
288,425,17,14.391859,873
239,271,7,3.348684,370
226,187,13,16.028210,254
347,56,5,1.051621,137
83,357,14,6.830274,508
225,193,5,0.455910,1065
5,414,10,5.143260,1009
398,75,10,9.313906,1049
81,243,6,5.615575,535
428,418,18,7.014660,966
6,298,15,14.959716,856
338,249,11,19.180733,719
437,76,16,11.206584,674
325,84,9,20.372543,577
136,130,10,3.961222,907
298,179,14,18.468166,852
242,40,15,14.918729,1152
351,163,11,17.718090,287
358,317,18,14.664699,1143
109,430,6,6.174459,1074
386,211,12,0.680655,306
142,288,6,15.649670,876
367,85,9,2.684913,1094
239,373,12,3.102494,1098
372,239,18,1.609224,107
299,443,8,10.469420,658
298,381,15,5.171039,1199
328,408,8,6.439386,565
430,56,17,10.969866,293
405,53,19,15.913819,571
94,236,12,18.250254,303
273,18,6,15.443447,413
412,392,13,0.739604,1162
303,330,5,4.911164,144
15,310,17,4.495325,660
211,101,9,15.809745,342
447,335,6,16.864503,1172
100,281,14,13.963261,300
107,388,11,10.396208,1137
285,178,18,6.411993,515
191,220,10,13.420516,993
414,71,10,0.652142,502
148,297,10,2.929075,812
153,346,14,15.625026,336
245,257,5,9.295675,148
131,376,5,7.375863,739
324,174,11,8.325649,980
48,328,7,2.159841,979
338,403,17,12.652791,1199
414,299,7,15.092922,1189
148,45,14,5.415250,632
150,103,20,19.919249,113
423,405,20,12.145040,1054
9,397,10,0.614862,118
241,70,19,18.075759,1069
283,62,11,4.529708,483
149,428,8,6.717174,906
124,78,5,16.970215,135
92,339,10,10.398131,1000
106,110,5,18.705776,357
86,195,8,11.369922,1155
221,191,15,4.492547,525
60,130,7,13.530716,618
275,203,8,8.732147,536
129,350,18,10.474568,708
269,40,7,9.495203,1034
349,135,19,10.430979,850
192,418,7,3.686238,892
442,346,20,15.237054,153
442,430,12,1.019143,302
242,350,6,19.329950,462
371,410,17,7.955126,909
404,282,8,4.700141,1029
57,200,19,9.565676,117
17,187,16,10.383866,564
98,312,20,3.408935,728
362,447,11,16.408736,266
263,137,16,2.917428,148
49,88,11,18.938388,891
38,115,14,10.682279,283
72,253,16,12.249490,168
68,245,6,1.253829,563
190,265,9,11.737678,506
429,228,17,1.694168,748
168,205,9,12.592913,996
377,444,13,15.386560,959
172,416,5,10.505020,184
197,405,16,12.155292,1178
80,271,9,6.972636,823
383,309,18,15.504942,1018
9,20,15,1.003328,936
49,268,8,8.044744,184
156,350,12,18.860199,648
391,402,10,2.236295,319
360,26,15,19.691230,558
86,186,9,0.126437,722
87,65,16,11.233898,424
159,358,13,0.345167,644
156,273,12,20.249708,484
392,36,17,16.482714,1064
392,257,8,3.843695,708
200,169,13,18.720650,870
123,254,17,14.221513,397
149,152,10,10.396677,811
192,160,14,4.625796,414
65,52,9,7.504238,779
108,392,19,18.497468,815
297,182,11,5.559613,647
129,304,7,3.658967,678
215,218,9,10.882658,1175
384,18,19,11.366340,556
226,404,9,17.651843,973
156,176,11,17.736907,643
145,247,11,8.883003,173
428,122,13,4.951367,422
115,333,13,9.504822,695
339,96,5,6.592937,815
351,340,5,12.850747,242
261,105,8,13.104856,842
370,36,6,4.912551,1125
433,155,18,4.183603,1053
48,135,12,10.765365,948
414,384,17,12.958237,382
419,47,17,3.698054,780
5,391,18,19.231674,493
134,434,10,13.529999,304
299,46,18,13.971309,738
3,372,11,16.170521,235
202,226,5,12.540580,821
30,299,7,3.181543,515
342,84,10,3.839352,410
42,254,15,7.533125,297
356,354,7,12.754649,534
445,113,15,11.084055,687
303,12,10,8.673696,645
331,298,13,12.521284,674
246,4,7,1.145249,936
49,323,17,16.442780,1173
118,377,16,5.760257,713
224,149,8,17.385698,303
45,73,8,9.777230,977
118,315,6,6.126021,359
312,382,11,9.654632,1108
357,372,14,11.015725,313
349,314,13,5.505572,1071
402,229,19,9.535568,162
118,18,5,6.414929,407
400,81,11,0.221458,798
282,125,14,8.947945,1041
90,447,16,13.615818,338
68,248,10,3.924358,416
179,102,11,12.818958,468
245,60,12,17.119009,898
338,92,5,7.932500,739
39,17,18,2.117440,1144
89,30,14,9.926060,438
215,98,9,0.033028,718
8,224,20,10.700285,461
58,433,16,4.867625,589
93,398,10,17.056477,626
424,136,10,19.090071,814
98,296,7,17.281368,858
71,262,8,8.963218,1043
61,63,13,7.999508,132
98,342,8,7.990287,1076
76,409,19,10.050432,822
124,164,9,11.787938,711
168,125,19,17.410192,848
208,429,18,2.166194,131
340,19,14,0.108568,119
36,443,6,8.868403,206
244,395,12,15.698533,390
323,25,15,3.652639,747
437,384,16,0.876427,111
203,243,12,6.618435,1021
383,211,7,12.964382,396
257,175,12,10.999274,772
440,60,18,7.501526,749
155,433,8,2.093572,1072
313,332,10,0.125963,1013
419,434,10,7.786700,1125
324,171,14,3.372823,156
404,214,13,17.321186,302
152,410,13,4.302339,1146
373,252,20,14.745029,823
133,164,5,17.005029,1168
280,233,14,9.905041,223
417,81,15,17.352209,957
164,445,11,7.026304,206
90,151,6,12.164447,717
340,84,11,12.456849,1032
161,405,10,13.097679,364
106,377,5,8.096007,124
133,428,12,0.465504,689
36,171,10,16.624040,1125
361,235,12,5.430841,535
348,123,15,5.488838,155
385,77,15,5.617460,984
417,285,6,6.189950,1124
127,72,15,10.036478,350
116,346,17,7.984127,1006
302,181,8,15.054666,439
146,135,9,10.429887,1007
164,259,18,7.458888,844
303,216,19,10.961097,1069
169,146,7,4.603206,454
400,299,11,0.235461,314
290,104,14,4.728333,1007
0,111,20,5.473419,856
123,26,12,8.722016,533
319,10,19,14.864136,454
296,277,13,5.138937,736
120,376,16,12.209916,961
11,355,13,5.431646,234
437,351,8,11.991912,444
40,415,14,4.256890,853
310,209,15,3.732058,966
414,277,11,10.974527,1150
390,350,7,16.243398,210
3,133,17,20.386592,952
46,402,17,19.211489,652
99,147,15,2.475577,1150
139,341,7,10.778276,781
340,180,9,17.210536,464
364,269,14,13.192771,1062
348,331,13,6.631031,515
127,138,10,7.047597,651
3,358,14,20.149399,395
335,9,13,6.540016,455
33,167,9,15.748960,772
272,335,7,14.028505,371
305,170,15,4.303082,333
103,105,15,17.613242,154
176,92,7,13.098024,684
289,440,5,3.234760,1094
139,228,5,3.907307,344
2,262,13,9.168862,702
388,333,9,3.108720,573
249,404,19,16.963595,138
100,175,19,18.116847,332
87,358,7,19.881205,1073
245,46,14,6.658045,731
396,93,12,5.460806,994
123,196,18,13.194444,380
306,67,6,13.589408,940
373,199,11,9.864457,401
346,352,15,12.387387,903
366,130,19,0.142312,558
389,210,11,7.359350,902
99,166,17,13.878444,797
120,217,7,17.221690,1127
191,203,19,7.714578,214
131,361,7,15.901646,1155
438,447,7,20.165750,834
203,186,10,16.086156,924
228,277,9,19.453265,747
351,219,11,9.952374,975
379,152,10,12.085624,371
340,422,8,14.204139,650
257,143,11,6.392319,601
420,193,17,0.463743,1183
132,301,10,15.624354,761
52,26,15,1.078157,894
251,331,18,3.757924,1092
69,395,20,10.880822,1072
320,195,19,8.140984,1158
323,111,5,3.505693,734
101,346,18,15.470128,128
132,380,18,15.246659,913
10,89,7,2.692787,913
447,64,10,19.624665,547
378,110,17,7.079824,809
327,321,17,5.814880,716
131,299,5,20.474390,116
21,185,19,1.197517,123
440,176,8,11.820927,770
355,290,19,11.257191,713
4,205,7,5.785439,964
244,380,10,8.562359,1051
422,353,19,14.203154,231
390,382,14,13.355339,496
40,421,5,19.565055,1077
12,164,19,16.870740,688
242,197,13,16.861693,504
340,40,11,11.870122,366
170,353,10,11.111333,715
217,57,12,10.709065,137
46,431,20,7.983502,810
405,409,18,2.045355,192
419,176,14,18.874133,309
362,22,20,19.154080,206
318,141,6,1.811598,786
80,213,18,6.992829,1087
368,272,18,13.484110,1189
30,346,8,2.634379,583
278,169,15,4.086702,281
81,82,10,17.875699,1072
191,393,5,18.273030,1130
211,304,18,7.850838,280
197,361,14,3.979450,265
289,41,13,12.966521,113
421,97,12,13.817316,725
36,9,20,7.396571,984
169,424,11,10.910795,652
127,223,19,8.037524,842
350,24,11,9.080594,246
82,392,19,9.218594,444
89,132,6,11.972462,603
194,229,14,6.094568,591
197,69,17,3.368300,398
110,126,11,19.910536,683
403,438,14,11.237137,1131
72,377,17,8.751417,546
170,305,16,7.660917,740
13,293,7,0.106752,438
149,363,16,15.513165,1024
123,405,6,18.047180,729
29,57,15,3.139918,970
216,416,10,10.175334,936
340,421,5,2.120087,1126
223,367,10,9.147788,1093
165,178,20,12.165159,1092
156,377,6,8.892787,129
176,402,9,0.796321,1190
246,79,18,15.619693,515
266,274,16,4.596652,108
384,113,17,0.996537,321
54,60,10,0.505636,1170
390,424,5,8.065955,122
366,204,9,9.666784,1197
203,369,11,16.205714,1190
330,331,18,10.265290,1185
301,108,19,11.475266,317
11,264,19,12.650831,799
304,298,19,4.962804,112
324,88,15,13.007447,976
302,132,16,10.032545,432
223,384,8,0.913633,643
49,393,17,13.544444,1145
282,176,16,12.086009,1135
67,23,14,6.865319,1048
284,287,16,18.156765,132
201,375,6,7.023322,475
276,354,12,11.179116,736
282,267,18,6.519315,528
8,231,14,2.889534,290
260,0,18,18.646549,604
321,332,18,13.783328,1167
209,88,13,13.386620,416
148,74,6,5.525750,329
188,296,16,17.882108,1188
111,411,17,7.174152,907
428,309,11,18.499960,768
237,59,13,17.503707,762
127,70,13,6.792409,356
315,320,17,5.891322,1051
172,43,16,13.833765,680
390,372,10,12.660362,941
261,5,19,19.241456,768
301,266,6,2.239440,937
222,386,10,2.875231,1115
353,267,18,1.624180,916
115,334,11,16.784693,145
300,12,17,13.244502,955
291,128,9,11.225877,443
156,85,14,7.292111,576
336,201,7,13.730117,1138
330,112,7,7.414571,973
425,237,13,2.250258,179
67,301,8,1.393036,329
144,141,12,9.025783,349
185,228,7,17.777827,848
243,413,7,5.615662,830
46,310,20,6.431141,639
165,70,7,2.589856,936
238,43,18,20.442575,447
100,231,6,8.394325,984
17,384,11,11.625477,149
387,444,17,12.090602,473
381,255,17,16.937340,128
41,327,13,11.089486,104
125,66,10,4.110970,497
333,424,14,0.209983,490
233,173,13,15.010932,1024
159,86,7,7.837000,1060
167,389,20,20.080048,338
254,372,6,0.383156,560
112,380,6,18.228467,662
30,64,12,7.370721,107
248,288,15,7.338348,497
288,62,7,14.287041,755
176,294,19,20.096965,812
261,249,12,12.483887,932
184,220,10,6.819549,543
87,342,8,13.876130,474
359,62,9,9.990703,470
442,341,19,18.963519,782
53,426,5,13.766876,1037
391,360,8,0.670381,191
372,243,17,17.096569,975
283,104,11,9.364210,745
56,190,20,10.952706,403
89,210,12,3.994751,1067
402,271,5,3.187690,661
24,221,19,17.948319,1156
32,68,10,0.823419,777
368,375,14,1.655607,1191
250,263,12,13.916672,233
376,38,12,11.140691,454
31,90,17,15.414368,579
295,421,10,18.556197,747
360,216,17,10.249791,364
387,409,9,11.387862,498
241,196,8,10.495479,948
144,236,19,5.775724,1074
42,383,20,18.515568,580
296,80,5,10.846387,149
369,330,14,12.048689,710
259,174,8,5.268965,246
109,73,13,7.570627,792
211,133,12,6.551485,1174
112,331,18,16.337980,954
166,17,9,15.858943,1126
157,289,17,10.738863,720
34,253,13,10.926830,604
86,433,15,12.749197,118
129,156,18,13.005587,177
196,373,15,7.976417,997
271,327,16,10.694218,1101
248,324,17,11.292708,1077
159,265,16,12.002822,616
207,67,15,10.983929,231
421,422,18,16.862696,597
104,355,19,10.874331,995
168,253,16,17.797927,977
345,356,19,14.209156,197
395,262,8,2.229960,197
17,126,15,11.785874,128
449,304,6,19.243004,719
288,415,19,15.576822,239
137,23,16,5.596845,1062
60,37,12,18.240429,587
219,197,7,19.758414,1145
448,167,13,4.404608,1139
60,426,9,16.636948,813
86,281,20,9.364408,608
87,85,11,7.476085,580
442,378,13,19.800233,919
323,42,17,18.395736,463
440,128,12,16.179431,547
331,328,12,6.614991,728
7,383,16,8.870114,1083
115,25,13,18.243363,692
150,423,8,6.477180,711
246,66,8,15.980595,1025
154,179,5,7.942536,324
439,30,19,12.061153,1076
180,120,8,14.599809,587
244,197,12,7.258648,878
55,80,14,0.659405,753
99,88,17,11.167924,191
282,209,11,15.942174,744
69,201,10,7.990511,857
430,262,6,11.828500,874
260,383,13,11.690565,194
106,277,10,17.322054,584
92,128,20,4.011664,788
185,346,19,6.144088,771
183,144,12,15.562591,607
233,81,6,2.520698,136
345,229,6,16.749697,833
308,76,18,9.984425,424
137,125,15,18.591401,977
97,99,14,9.332985,1088
145,359,11,15.512469,1097
280,120,16,9.245449,172
381,162,5,4.713977,502
99,4,16,6.236335,916
215,320,9,5.055858,1105
239,277,5,12.030863,223
52,404,13,4.622924,402
84,57,9,2.607548,1078
165,328,12,1.375437,858
349,427,11,4.691474,768
211,206,17,3.478155,162
348,56,9,14.847325,1195
7,29,19,5.190012,685
398,379,7,14.208021,506
167,21,20,2.246959,1027
344,129,18,9.971705,990
140,405,15,0.935661,440
212,258,20,8.670082,145
215,248,17,4.559552,472
365,184,11,7.862057,202
312,156,15,10.345121,372
192,10,8,3.522460,1050
345,13,11,1.566543,1165
368,384,7,6.038061,693
139,57,18,3.251424,617
154,156,5,4.783368,410
298,8,15,5.445550,892
329,249,17,18.904910,930
223,382,14,16.351440,936
170,165,17,6.793959,1042
339,169,20,14.121985,180
58,333,20,10.085955,215
321,89,5,10.950783,472
221,262,9,0.293170,535
214,295,14,1.368924,968
84,299,17,10.552781,772
39,48,19,19.232017,265
380,376,12,12.371820,1081
153,9,10,8.771654,418
78,62,17,2.973197,245
403,198,20,10.149201,729
400,100,19,19.241270,295
257,258,18,10.480793,777
375,286,6,1.345150,927
172,304,12,15.551367,272
226,127,7,8.162978,247
90,172,11,2.744307,895
215,222,18,4.829725,970
388,239,6,17.267283,795
41,214,7,7.438242,418
3,48,6,19.132200,769
85,12,8,13.395407,621
322,362,19,6.428359,358
241,160,20,5.135065,1106
172,55,12,3.203020,299
58,367,13,6.268009,277
426,343,12,6.898745,1061
245,112,11,17.040518,1125
217,243,20,19.407731,608
325,383,7,20.489798,683
331,320,9,13.881009,262
215,176,17,2.597648,371
195,75,5,20.218928,583
119,380,11,12.747666,979
315,38,6,1.254251,124
140,194,10,1.129729,121
259,405,10,12.646019,378
372,13,9,19.097489,642
39,203,10,14.271898,157
436,301,5,11.150283,1134
209,170,13,8.139800,667
181,113,7,4.383807,652
66,248,10,14.819652,214
130,163,9,18.236157,451
113,86,11,17.661065,1176
75,294,15,14.311428,102
123,31,19,14.978020,613
437,237,18,7.847372,878
210,260,13,10.000407,175
64,42,19,6.602479,215
175,166,13,9.516084,563
84,343,18,19.296032,812
17,402,6,9.496609,973
311,163,6,8.061657,482
291,61,17,0.992198,620
185,214,15,10.517055,506
31,101,8,13.156722,790
88,218,9,15.799318,462
310,58,20,6.229030,643
89,35,10,17.143347,721
326,349,10,15.506127,835
140,55,9,18.711540,969
106,53,12,20.462382,588
7,115,11,5.981987,510
409,351,12,8.878773,411
184,435,15,12.082053,932
21,94,10,5.331424,342
87,199,5,3.011497,370
400,66,18,6.301979,300
116,16,16,15.316292,725
48,426,5,2.020565,595
94,153,17,17.581043,247
205,108,9,7.091589,542
231,257,8,15.067512,926
137,81,8,7.533320,761
228,56,17,11.906614,261
397,249,6,7.120896,1196
81,324,20,5.095558,160
96,143,9,5.330208,470
50,155,6,13.730057,707
329,138,5,11.241286,1023
437,391,11,17.146271,927
55,23,12,4.382363,753
23,144,10,4.556577,437
55,35,5,17.742647,867
67,130,10,15.405027,496
374,431,15,15.859846,421
258,148,6,9.884964,977
34,369,13,6.184356,519
294,177,17,8.860516,639
363,337,10,14.034168,985
119,215,12,7.783551,468
74,86,14,5.958868,684
31,416,18,4.701610,614
218,418,10,15.316951,1099
401,434,11,1.881521,955
344,218,10,17.928582,978
174,410,5,9.676184,564
91,3,6,18.508231,534
189,58,13,20.381344,878
289,7,5,14.219392,627
159,61,7,3.835912,895
427,331,17,5.740898,283
130,201,6,10.614671,1190
124,214,11,0.691738,260
146,262,18,10.941684,1181
423,349,13,3.947294,902
435,296,11,1.044221,179
237,37,12,18.189178,845
399,146,14,7.616456,198
433,45,15,15.280251,887
223,296,12,8.256782,807
419,234,16,13.921082,903
215,200,20,6.307294,161
445,288,15,0.535975,859
129,254,13,11.812634,662
331,42,15,12.874877,1130
37,317,18,8.532763,466
340,356,18,17.633758,708
84,114,13,9.871149,361
338,211,12,19.921448,1004
168,159,6,11.830893,237
339,198,9,3.705751,691
119,29,17,15.212294,544
9,339,11,0.306742,1138
76,271,20,12.988254,106
242,133,20,4.204730,350
55,423,8,6.064483,739
379,173,19,16.148163,258
49,136,16,7.190062,826
130,128,14,16.301278,398
327,91,7,2.448897,455
267,195,7,19.139007,913
212,428,12,9.313606,378
206,24,7,7.983630,236
207,146,11,18.236230,442
35,62,20,8.416064,905
340,211,19,17.439322,1074
348,245,16,18.706323,905
362,372,7,16.819119,890
320,279,20,14.198245,839
193,58,6,0.573782,296
388,357,14,11.592517,353
386,222,7,4.090593,928
184,26,5,8.020798,342
83,413,8,11.927686,570
312,251,13,5.851454,653
205,237,6,20.256084,240
224,305,20,18.596919,224
199,232,9,12.623647,434
149,208,5,9.322126,1198
64,158,7,9.550064,633
262,233,17,15.690595,723
1,63,16,9.402198,596
81,53,18,9.702927,1079
167,94,10,16.228420,829
259,69,18,6.321539,803
421,376,16,12.778084,471
260,136,20,20.071771,661
424,85,13,2.240789,1155
273,152,14,0.565778,177
164,97,10,17.882443,251
36,200,6,15.307497,618
379,129,11,18.033109,1171
102,426,13,3.962222,547
66,83,19,16.514719,142
223,27,18,7.283611,1125
278,241,7,2.036857,1083
99,187,18,11.536009,317
294,25,14,6.870265,422
333,206,17,8.322087,461
202,345,17,11.196371,1090
220,354,18,1.579865,329
28,60,14,3.431328,512
86,89,20,0.594139,582
195,380,18,19.466183,621
372,40,6,16.581517,1033
223,197,20,13.615535,484
16,327,8,8.679129,350
441,284,10,6.598430,641
167,12,17,3.620707,107
84,98,10,20.139716,675
250,199,20,11.255860,168
71,261,8,14.883683,455
118,380,13,4.806858,1030
251,125,17,2.661912,457
206,145,14,5.652500,547
127,209,5,10.514702,483
124,19,18,1.192104,615
170,179,18,3.294301,1127
212,187,18,2.576891,721
102,30,6,14.931958,625
239,38,11,1.495209,377
426,363,19,16.570906,675
360,328,7,5.004446,692
366,396,9,17.990875,1179
81,435,6,3.683692,186
253,369,13,3.174783,335
150,308,15,19.387484,114
158,360,13,9.985660,173
369,166,10,4.252574,381
244,325,20,12.132523,484
415,47,7,5.871816,865
253,194,7,13.877752,738
328,169,20,1.269100,503
94,312,12,0.652755,938
237,29,16,11.071676,277
306,407,17,8.329448,399
299,178,15,1.283398,870
224,367,17,16.208987,513
107,209,15,14.048225,779
100,37,17,8.638494,648
216,30,12,13.098210,364
103,214,18,17.432712,890
274,10,5,6.333434,392
223,426,13,1.908539,191
9,235,8,4.906517,1002
36,317,15,10.249972,486
33,34,12,12.227059,797
26,271,9,16.935117,674
231,144,8,7.243478,979
218,181,13,18.997032,1010
420,183,7,3.256270,1026
61,418,8,2.223832,1143
4,381,9,7.711161,879
178,381,5,4.296492,329
432,65,15,11.800721,477
175,226,5,2.691030,1103
90,246,7,16.960401,863
83,438,15,17.240289,889
300,210,18,6.197868,561
288,336,19,18.018632,690
217,427,10,13.119768,138
278,154,16,10.055283,691
401,152,17,9.070502,1175
137,360,16,4.585017,1122
261,281,13,6.194443,1153
186,30,19,18.067754,921
347,374,13,15.977150,380
138,129,18,7.325742,641
306,270,12,8.091493,316
391,363,20,8.969287,741
295,266,20,15.968327,982
374,412,5,1.933963,148
71,14,8,17.055565,861
426,204,18,10.345916,1018
415,207,5,4.188744,374
394,393,7,1.943541,591
393,345,6,9.989984,1072
366,177,11,7.183523,287
362,266,19,13.469797,191
79,286,19,4.791711,1084
107,246,9,9.396406,802
306,401,18,3.036975,1177
184,227,16,12.290305,355
189,422,19,16.362210,629
51,293,15,10.022736,572
52,86,7,1.569471,180
424,382,19,3.560895,841
306,60,5,18.614116,571
185,410,9,17.776479,280
212,91,14,7.283662,571
422,240,9,8.120040,823
235,259,10,15.757745,185
209,195,12,10.462968,573
350,130,9,17.117545,239
310,77,14,10.864316,700
444,421,10,7.256159,1195
131,427,5,16.851915,941
438,166,6,19.549872,370
102,207,13,15.998565,303
350,297,8,5.495653,698
77,31,17,3.352896,877
295,192,7,9.223583,1176
293,366,7,14.059144,1153
435,443,16,17.374633,1125
189,10,10,19.259955,332
312,317,8,13.182235,301
66,324,12,18.860810,616
139,118,17,4.440964,297
170,261,10,11.126790,1176
168,36,16,11.433206,911
108,361,14,19.084602,688
438,336,20,3.062473,313
5,394,8,19.210683,398
70,148,9,16.024592,100
326,56,7,1.894592,233
6,265,18,16.432661,221
102,129,15,17.749425,581
407,370,19,12.062072,184
59,320,19,7.753433,514
9,307,15,12.332578,207
227,142,8,16.165267,451
208,379,6,12.254265,763
449,46,14,10.071804,1188
184,29,10,0.936087,303
332,220,11,1.501803,340
264,22,7,8.123629,1168
30,237,17,0.101337,1111
206,331,16,2.777342,1042
124,345,11,18.486144,341
413,239,19,10.416935,386
162,30,5,9.138683,968
142,178,12,11.548585,339
406,69,9,20.405258,353
29,387,16,12.664272,1067
31,326,20,13.910198,150
377,226,10,2.296569,306
356,258,18,2.110725,434
316,375,6,6.814751,543
209,75,11,11.959885,1129
101,171,8,18.675613,324
325,274,16,14.301534,444
3,404,9,7.497088,1078
244,426,12,6.687733,851
193,3,13,17.261381,942
207,363,7,18.784976,288
270,54,6,6.706952,545
372,201,5,11.717576,151
415,219,14,9.521653,111
247,434,9,15.439734,830
17,424,6,8.498309,602
54,328,19,3.118157,530
365,113,11,15.670865,168
234,238,7,1.427866,735
170,341,12,9.320422,1003
91,434,6,12.471920,747
433,441,6,5.537469,855
287,217,20,0.453163,112
88,83,20,19.888918,852
105,440,8,1.203821,798
233,396,20,16.769652,320
48,67,14,18.934165,1037
124,349,11,7.549640,1125
265,288,7,6.818050,1090
294,218,15,10.535914,516
251,418,17,15.453872,1063
226,374,11,10.888593,469
360,373,7,11.766172,1060
197,286,8,3.269129,196
107,91,11,9.339823,498
81,149,8,14.459622,703
294,247,9,15.759272,917
51,210,14,12.127314,1145
378,385,13,2.628607,278
19,392,20,14.811763,941
367,333,17,15.667136,742
51,324,15,9.734176,1030
129,405,11,1.402182,263
287,135,15,5.161763,418
253,417,14,5.467941,1119
400,386,10,5.070941,805
139,135,15,12.509747,929
63,286,13,13.515396,1124
284,410,6,5.895971,770
266,19,11,9.629884,135
98,224,13,19.283816,439
237,376,19,8.025250,373
221,126,15,16.599663,640
97,56,18,12.900144,542
406,72,7,12.192952,561
197,206,10,18.292371,1029
242,183,6,12.246467,102
371,175,20,10.469990,415
344,272,11,0.954083,950
427,366,17,7.646767,428
421,60,5,10.898275,357
244,52,6,14.151167,457
429,35,6,4.275676,382
31,120,19,13.221173,160
109,269,15,17.652833,287
23,442,15,3.426800,1104
222,65,13,3.598181,514
345,9,5,17.184120,509
333,406,11,20.273979,1146
10,33,6,11.236142,103
416,340,15,14.320257,244
429,306,8,0.056167,456
55,98,13,18.095743,450
367,396,15,4.967205,981
167,289,14,0.136006,949
177,145,13,19.529894,262
328,65,11,0.727433,1114
61,355,20,3.939219,1060
254,281,8,6.009347,831
394,353,16,6.014339,999
59,166,7,14.532031,910
337,443,13,19.863835,271
68,49,16,12.290748,821
386,154,11,4.341265,1002
296,215,11,18.252944,972
169,427,12,20.461050,387
312,434,5,14.291124,307
174,230,8,2.289937,673
69,406,9,0.523183,913
290,196,19,19.647552,146
434,413,11,13.968049,780
188,437,15,19.187597,266
74,351,18,1.816939,823
326,44,12,13.574488,551
252,403,7,2.203375,195
386,130,11,5.801765,1117
190,275,20,18.727444,1195
392,416,14,16.327582,792
104,227,11,18.996576,1143
259,48,5,19.461208,321
406,38,17,16.250804,393
19,156,18,18.401993,943
270,440,8,13.571364,912
231,315,5,9.656117,179
17,373,17,5.304078,349
106,111,13,11.327552,610
356,406,15,4.250087,987
259,434,10,3.597228,470
214,63,14,5.248639,971
120,397,5,9.121637,101
281,236,20,8.942147,977
139,372,11,10.169137,437
294,263,19,11.386080,1172
9,125,9,4.937302,481
316,166,7,13.764655,586
97,187,17,17.747321,459
215,202,13,17.900348,1101
272,92,18,8.208858,835
257,435,13,5.366172,765
382,400,13,4.602401,1061
248,27,9,16.571850,111
161,107,12,3.943416,246
67,403,18,11.103322,201
155,270,15,0.565152,292
395,283,15,9.200401,323
51,222,13,4.655957,721
183,404,13,18.811430,1025
102,290,7,15.551609,834
368,267,13,3.581769,1067
381,323,6,15.071832,760
301,133,20,11.312698,801
66,272,18,8.805142,186
221,100,11,12.065430,402
71,421,9,9.313163,987
377,287,14,6.457641,432
133,380,9,6.787494,711
384,107,19,19.534484,741
394,118,11,0.594692,1100
42,388,11,3.510627,608
431,113,14,3.356373,136
60,294,14,11.834960,342
132,421,20,10.905148,477
448,1,5,19.122566,891
269,134,20,2.680081,167
169,71,13,5.581773,1089
237,186,12,11.473032,927
182,107,18,8.541602,496
124,232,19,11.603844,373
365,350,18,4.684099,787
407,140,20,2.764901,974
250,377,5,18.653294,810
447,373,15,0.491300,114
290,83,14,0.325709,289
37,9,16,0.499312,803
156,181,18,12.830382,140
360,292,11,7.169114,675
330,292,13,2.699177,104
20,6,7,16.696748,648
250,41,9,7.852233,1072
385,127,6,4.194352,581
212,21,14,1.541017,732
128,6,18,19.865533,1178
27,38,13,3.606776,164
8,153,19,5.088420,163
218,105,17,3.400744,560
161,184,10,14.737251,529
350,54,6,16.385504,398
363,265,8,1.550857,1077
351,160,17,0.790623,984
322,0,5,1.684098,1110
20,424,12,18.937113,656
242,228,18,1.873421,421
201,169,10,1.677287,114
231,217,11,2.151354,661
205,440,10,3.565238,765
353,199,12,8.591359,371
29,137,12,0.793002,790
188,306,9,5.945038,836
211,177,13,8.059458,785
130,48,12,12.038039,916
216,286,15,5.080370,548
375,259,9,17.102910,1045
313,301,14,17.716076,926
295,84,10,11.297135,193
157,408,15,8.655176,874
262,78,18,17.779669,323
426,140,14,11.189747,809
293,84,9,5.435235,249
406,70,20,17.845281,1198
186,235,7,7.651408,221
307,40,20,15.885588,1098
204,75,11,9.195361,558
99,172,20,5.076682,697
68,142,18,6.562682,634
382,199,13,17.276533,162
263,416,9,13.210988,127
431,25,13,0.918513,220
343,107,16,14.204376,1087
443,17,8,0.104512,777
124,193,18,2.610468,142
368,231,17,8.587281,133
262,340,11,6.801587,772
31,220,6,17.855254,351
208,409,9,16.635542,333
316,45,11,2.561888,619
262,357,14,12.816808,971
415,397,14,19.884718,524
147,427,5,9.055218,993
8,21,16,20.169039,752
35,222,14,7.836692,252
168,332,11,15.367375,537
363,380,20,13.996531,297
195,8,17,14.726800,352
326,11,16,15.116240,522
345,434,9,10.816232,270
25,94,12,1.363408,1132
95,146,9,14.653798,725
410,55,7,3.360626,252
444,356,20,20.056084,740
153,434,10,11.037493,654
275,340,9,19.874113,473
106,47,11,9.611575,724
92,210,15,8.669458,1003
282,260,16,11.023272,1044
345,247,7,0.180436,445
356,291,12,18.713677,676
280,267,9,9.229429,893
173,26,15,5.430715,1060
83,273,8,17.706985,866
337,282,9,15.372231,497
308,281,16,17.952698,774
19,182,6,10.409802,588
428,88,13,10.749455,602
91,54,7,11.855502,1103
411,78,13,19.512635,105
143,25,9,20.437529,450
397,20,6,9.605415,649
12,11,6,2.830493,581
416,153,7,6.097938,239
48,84,16,3.936042,282
397,408,6,17.254319,1147
170,388,6,11.589658,185
150,90,13,16.502894,743
32,290,6,0.112592,286
57,389,12,20.062491,798
169,201,12,2.779148,669
396,0,20,18.201233,722
430,374,10,5.661837,1019
212,92,9,17.332036,179
166,109,8,6.242649,559
322,134,14,4.715339,861
302,134,20,11.653723,797
277,45,16,1.550344,715
23,165,17,6.348717,588
350,265,13,3.274876,313
176,377,11,17.831766,122
385,232,9,13.857501,442
282,170,11,18.072173,638
290,173,8,3.289645,1083
160,0,8,11.755564,513
112,375,11,2.099594,950
219,155,15,7.285548,1174
269,212,13,17.483564,894
301,356,18,13.711246,382
414,77,10,0.980378,319
357,367,15,4.401648,657
24,433,7,19.339153,794
73,231,17,14.241689,1009
397,433,20,17.935468,964
352,54,8,18.703568,628
220,265,10,13.931463,1086
35,114,15,6.020243,961
134,327,17,16.617812,390
268,243,7,19.683400,396
318,107,6,7.652074,549
222,198,14,17.361098,180
231,261,8,9.724545,918
399,116,11,7.101367,475
153,414,16,10.137300,263
406,215,14,17.095748,870
222,156,11,7.336814,385
38,5,7,19.139790,337
322,424,19,4.735101,708
154,204,11,0.417321,448
304,273,10,18.560185,624
121,155,17,10.386325,222
17,201,13,7.538099,1030
250,265,8,14.950327,233
368,401,13,6.009473,424
53,220,19,3.248974,396
8,366,19,8.991040,928
58,118,17,3.681810,659
338,9,18,19.294223,478
410,103,17,0.429460,391
397,28,10,15.623862,1121
341,308,17,14.166148,922
260,411,19,19.445146,775
63,88,18,7.067096,430
436,373,19,18.780206,454
186,2,11,12.793517,1159
334,64,19,15.727370,1083
372,377,12,13.230347,760
133,407,18,16.326641,608
121,37,13,0.447066,144
252,84,20,11.572479,181
217,304,17,12.810347,1059
172,264,8,15.886846,184
280,115,18,10.439111,479
317,250,17,6.077646,968
97,407,11,0.080719,1156
87,400,14,16.488856,948
414,205,14,4.911206,548
229,141,13,2.008288,544
396,362,8,11.797263,332
364,346,14,15.792434,879
80,140,7,7.739892,1188
199,30,9,4.838128,1070
88,57,5,14.347482,1008
353,47,14,0.046518,632
101,216,14,2.793315,179
98,258,15,17.936586,1004
98,270,15,4.232961,1121
138,182,18,8.047557,735
14,256,11,11.492853,791
230,165,5,10.157215,734
448,424,12,3.943395,668
296,190,12,10.527872,208
256,6,15,6.206181,685
179,386,15,15.480356,225
340,322,7,3.540351,995
167,412,5,0.344778,495
67,341,18,18.345343,770
154,395,13,13.820138,848
74,277,18,20.234164,721
247,191,16,16.333858,1097
289,210,8,2.987993,1122
353,397,15,5.741613,984
248,266,9,13.702786,134
1,316,15,9.465825,512
175,56,10,19.462117,376
47,343,19,7.599498,465
185,153,13,11.922948,484
294,347,14,1.699666,633
399,106,13,7.128187,1002
402,403,12,19.834204,476
210,270,14,7.581096,1117
221,6,16,10.211446,289
65,289,17,10.431149,505
102,76,15,8.855825,489
435,415,10,17.976655,808
283,226,18,3.888815,578
130,234,5,2.759382,219
442,286,9,6.944762,592
231,71,18,1.497210,1108
448,288,7,18.551142,298
205,145,17,19.934750,1131
418,207,17,16.428955,221
426,70,12,16.585768,534
294,314,16,14.160564,896
315,211,6,2.309063,485
285,33,12,13.104407,294
18,36,17,12.897054,1119
431,203,15,5.042881,1086
89,231,20,12.141712,1101
32,261,15,20.373382,748
218,399,12,15.009051,872
258,117,7,0.140964,1088
315,194,14,14.568817,1125
32,394,12,2.497419,1093
285,302,18,12.477624,884
428,261,18,0.647525,497
180,315,10,15.093398,716
394,321,12,6.140752,1177
65,24,12,1.891881,1066
150,367,8,6.930251,556
302,94,6,13.512610,966
322,27,11,14.583776,812
354,274,19,3.984571,729
225,63,11,4.073436,718
91,206,16,6.492820,275
158,449,20,17.708791,609
220,329,14,17.288992,1164
104,436,11,0.971076,898
303,328,17,1.320224,266
51,296,7,17.180380,362
176,267,9,13.943310,483
148,149,19,0.743895,1176
261,316,6,17.939511,129
406,358,11,1.626800,762
195,412,5,3.994334,604
29,322,18,7.064208,516
332,310,15,19.657325,652
57,415,13,6.045608,1058
248,115,17,2.442082,1136
212,289,16,10.893590,880
81,106,9,19.702043,346
7,141,19,4.308164,821
244,208,15,2.170308,142
23,406,8,1.796187,210
389,70,18,5.760057,323
91,33,9,3.021299,909
144,126,9,3.843244,870
138,431,18,0.640432,193
4,12,15,18.040502,210
391,190,8,15.851108,962
285,136,7,12.730373,757
252,28,18,9.474537,293
284,230,5,19.806003,466
113,71,7,20.142055,510
258,403,12,13.143786,721
315,160,14,8.462497,670
124,352,10,9.366242,486
72,312,5,7.564098,990
0,416,17,4.016493,869
137,39,6,1.633600,687
416,25,8,1.821514,665
214,404,7,0.261204,611
288,179,14,15.365454,1007
422,266,10,1.092222,968
335,296,12,18.888922,697
363,215,8,16.945111,894
72,153,6,5.775574,200
260,24,8,3.478333,1027
41,143,10,7.288936,778
347,152,11,12.010570,338
154,377,19,18.171895,864
160,153,19,11.323038,993
152,171,12,3.995668,923
109,178,7,4.941719,626
154,447,13,10.520897,1002
27,240,12,16.079007,1173
94,354,7,16.607587,204
418,341,18,17.964091,1164
147,384,8,2.318923,485
385,45,14,0.680573,1183
7,189,19,16.337416,555
14,98,14,13.396428,770
376,361,11,14.357208,925
73,434,17,15.334650,268
442,13,7,4.241734,974
270,354,12,18.529537,226
414,249,11,5.858085,787
347,368,20,2.339255,541
113,387,8,11.709542,939
204,189,8,13.115278,501
412,171,12,10.824235,749
211,58,12,15.043241,871
264,155,16,3.642696,1115
316,230,19,8.822125,170
104,146,6,0.261128,204
385,379,11,19.507438,353
435,133,19,16.466052,338
238,231,16,0.817259,666
146,105,14,19.275217,367
54,145,14,13.803144,1172
314,435,13,6.364098,757
430,295,18,11.297674,1171
442,421,7,18.148059,271
84,232,20,10.822088,334
139,384,18,9.852017,563
34,60,12,13.101173,231
27,98,20,15.233679,598
364,270,14,19.905613,890
266,199,12,5.184346,639
14,329,16,6.316928,958
200,409,10,0.503368,746
357,350,6,12.768851,1191
254,166,17,8.966656,943
328,88,13,0.188799,523
334,163,11,1.886697,1080
404,162,7,7.885267,908
44,140,16,18.953433,308
355,128,10,18.942637,633
72,343,5,17.876299,346
42,352,8,5.873881,164
409,208,11,3.323866,1040
313,166,20,3.929895,853
337,164,14,19.881771,836
192,72,18,4.795548,314
169,47,5,5.419678,301
325,53,20,4.062488,1099
420,379,14,6.637010,1112
0,256,18,3.614590,425
395,45,20,9.145739,159
337,22,18,10.596088,492
55,61,9,3.654818,575
440,15,10,10.063107,322
260,275,9,18.229886,120
26,36,7,19.166825,180
77,236,10,3.334637,696
171,224,12,1.838996,471
279,205,17,15.893125,133
31,119,12,14.606163,934
167,432,12,3.191855,344
105,280,17,1.220240,1125
270,186,20,19.696176,261
301,227,17,19.633032,850
374,22,16,11.415188,836
392,336,13,15.417507,388
162,416,16,2.490854,1158
147,131,17,11.471593,511
182,415,19,6.915743,945
334,399,11,2.240745,368
423,348,15,19.965812,632
421,319,15,6.252584,957
436,212,13,3.014886,174
314,138,15,11.123408,688
54,161,8,3.119715,859
186,176,7,10.736461,188
213,325,20,11.868590,753
60,341,6,14.683684,254
321,145,7,11.221632,917
418,189,9,12.098279,196
286,295,19,20.360985,419
284,55,8,4.933558,1134
185,74,11,6.280534,355
96,319,14,11.861106,777
159,263,8,14.645975,247
80,387,12,12.805707,196
202,417,11,6.497535,553
29,143,17,13.427954,253
83,213,9,7.586248,1079
119,237,11,2.232921,442
23,309,5,9.145133,624
287,101,8,20.415719,821
200,13,8,3.829562,288
321,2,11,19.263384,365
405,340,10,20.330243,331
106,330,19,19.030279,1132
332,103,20,17.901320,272
286,77,5,2.547485,613
369,325,18,4.884839,218
414,84,15,15.670538,875
30,310,14,9.919947,386
206,370,17,10.739553,1040
348,315,8,4.481639,322
35,385,20,4.743720,1083
126,391,18,6.097686,127
185,380,5,14.596277,775
119,250,20,2.275484,390
246,221,11,0.943682,837
58,218,19,19.226472,421
62,29,10,3.425676,275
210,410,19,8.936859,250
418,400,10,8.634967,1124
362,143,13,7.713819,840
337,405,10,0.683243,521
303,367,9,5.024418,1091
198,332,20,12.009447,152
127,409,18,19.005810,723
187,106,6,9.659330,962
420,258,5,12.911083,483
45,434,12,5.832496,872
241,44,6,9.484183,796
12,399,14,5.211252,811
211,397,19,5.711849,395
336,212,11,18.401516,491
78,15,19,8.148349,923
222,278,10,15.098340,779
259,432,13,18.264806,828
81,164,5,3.217174,1109
234,131,10,15.991434,670
274,115,8,5.990597,710
240,288,11,15.081095,515
20,57,5,0.169234,271
414,85,12,12.849352,162
58,54,20,17.601571,1072
10,11,12,4.901167,203
197,339,14,18.119891,491
122,96,18,13.200749,592
285,417,12,19.624130,762
374,272,7,6.005537,438
417,263,9,1.013720,1107
277,267,16,7.342044,1039
239,75,15,19.963011,945
88,393,18,2.672590,661
350,301,8,11.814228,668
258,435,9,3.371854,842
365,149,10,7.318693,156
99,380,14,0.742272,784
282,401,16,8.052978,327
2,160,12,12.559255,618
147,261,20,2.415020,600
144,161,19,6.549216,924
249,308,9,9.740416,849
421,318,7,2.308607,446
183,29,15,0.248938,686
54,331,7,14.115069,324
314,296,20,10.990559,1091
168,74,15,19.403959,887
444,250,16,13.704550,894
440,394,6,6.048020,968
75,291,8,10.994575,1029
1,275,19,9.343864,1078
127,233,10,11.341389,1007
440,182,12,16.682856,788
147,372,13,18.114431,170
191,248,12,1.001823,1008
174,49,9,12.674601,382
105,134,8,6.760748,278
173,236,11,19.883991,982
185,356,12,10.774389,934
360,202,9,9.760115,198
172,376,10,1.557705,866
46,345,17,5.247511,947
143,339,11,14.750817,1040
183,203,19,16.176421,229
223,189,15,7.122091,1010
382,192,11,14.146320,1165
120,35,10,16.529050,532
188,326,16,0.467495,607
341,360,20,6.162031,655
104,215,14,9.866232,1118
256,222,11,10.796270,312
6,293,20,19.466665,745
149,280,12,9.990182,566
183,448,18,8.987093,492
276,299,5,10.971554,732
224,342,16,15.828391,1059
189,13,5,13.651290,1054
383,380,19,17.854430,153
151,180,10,15.493781,839
334,100,9,14.365450,233
216,208,19,7.152635,677
52,106,8,4.691510,1043
378,257,12,3.776363,1053
121,167,16,9.230801,897
118,133,17,16.012452,1194
180,275,11,14.013540,375
321,427,10,18.915716,288
109,268,18,19.449358,918
141,367,12,7.444901,822
417,429,7,6.946804,1010
315,258,7,15.286688,308
404,308,18,15.252587,975
439,132,5,8.246085,114
348,149,10,15.186569,323
71,163,13,14.514841,382
378,138,12,7.210554,1167
62,200,13,8.780570,971
76,122,15,2.300436,856
69,416,9,1.666533,1124
111,432,14,19.247470,731
111,339,20,10.429143,1014
282,96,16,9.698676,851
339,211,16,2.181253,813
96,337,16,18.501890,715
127,86,12,18.710357,960
176,178,18,20.408575,381
73,159,12,7.917867,311
116,29,13,16.710341,697
11,156,20,16.943697,335
145,68,12,15.478667,241
176,433,10,1.950572,855
316,34,18,15.184479,518
441,82,9,4.695638,147
269,4,7,18.634189,277
121,77,13,15.674774,326
265,44,13,17.287734,981
25,130,12,14.275355,1108
192,93,10,3.666974,698
356,328,5,6.694626,1091
26,381,12,8.105873,524
323,368,6,15.914384,259
313,210,14,9.584534,812
422,128,15,11.303261,1054
167,449,13,4.007347,1074
419,101,16,3.600924,798
358,388,9,17.193793,271
404,130,17,10.062738,505
422,90,13,4.036676,911
162,283,16,14.443287,1017
357,257,14,14.128548,418
31,25,5,6.581210,385
245,403,17,7.978350,555
45,310,19,6.734375,753
306,43,7,7.444555,198
269,21,8,6.762337,1147
140,204,13,4.669096,1104
239,15,7,12.315914,1092
10,104,6,2.778164,762
304,128,8,13.267970,997
89,322,19,9.062958,439
16,210,18,19.221873,1129
148,433,13,16.461245,390
346,183,9,18.324472,1176
260,399,19,1.097696,701
431,243,20,2.783019,631
251,74,19,7.304968,1097
239,442,9,17.175095,720
17,238,20,0.262277,308
400,253,8,17.905499,518
209,210,10,8.137861,512
446,331,20,17.360106,786
71,116,20,7.718008,1124
207,449,13,8.813017,322
226,133,18,17.901456,548
5,426,20,18.683641,521
43,209,11,10.568117,945
159,196,20,2.016811,209
156,403,12,5.868931,460
256,376,14,14.914492,242
44,385,15,6.671881,484
386,273,5,19.651600,993
243,393,19,20.482417,537
397,241,14,0.130564,1072
411,75,16,2.546589,1088
102,7,10,11.953124,472
8,260,13,10.281615,1018
330,65,10,7.924223,417
217,376,6,9.276064,535
254,81,20,19.586918,1041
82,142,16,3.584517,1106
57,61,16,14.173059,456
20,88,16,8.566332,1019
382,333,20,0.538177,886
32,359,13,3.645394,1065
323,380,11,15.789030,382
61,200,15,3.461294,1062
137,219,7,12.743841,499
342,70,9,16.595659,1098
325,125,12,12.589739,713
249,18,9,15.675652,788
290,281,6,6.417354,1093
37,270,10,0.491147,640
201,305,18,5.389736,613
141,68,12,8.937171,675
293,239,18,0.175883,427
96,127,13,3.494910,142
244,379,13,11.557324,624
135,6,10,16.928927,1071
35,345,15,11.382152,1057
91,161,15,7.180053,969
206,33,20,11.315483,320
0,267,19,13.917720,569
212,359,14,1.172279,242
221,315,19,12.946017,303
107,45,8,19.151406,305
435,177,6,6.534723,482
152,380,16,10.444254,250
283,146,19,4.250938,124
336,21,8,9.781233,129
66,426,17,5.343682,1161
248,326,18,4.310079,1164
358,383,11,2.247736,628
308,57,14,7.390426,326
21,15,8,8.142121,631
11,12,7,9.299273,360
307,86,10,4.017796,255
165,100,16,5.950729,134
364,163,20,20.297032,262
326,297,18,5.793852,832
340,250,6,5.023006,633
443,199,18,18.475625,699
270,284,5,17.264053,401
237,39,14,4.028145,1033
359,396,12,4.348855,1165
98,262,8,10.762071,333
205,372,16,10.158489,652
135,260,14,11.629361,777
268,329,7,12.768224,341
26,182,19,4.937612,1141
228,60,18,1.202855,705
97,36,5,6.582437,441
325,266,8,0.275393,1002
391,161,16,3.749897,331
208,412,8,14.115022,554
269,320,9,16.015151,840
94,391,20,2.892914,536
29,105,19,0.539249,1049
242,171,13,2.670013,419
29,208,7,16.082998,388
21,319,10,15.480958,245
225,352,7,0.794720,441
171,149,14,10.906975,884
314,282,7,7.823601,854
65,301,5,7.199492,1137
67,148,19,2.705901,881
187,51,14,3.279670,702
47,272,14,11.505256,1029
79,94,16,2.620341,239
414,57,9,12.373179,1196
112,215,10,3.294153,549
165,10,16,13.478426,249
382,137,17,18.173670,1182
185,39,10,2.539767,883
163,192,16,7.075657,586
88,330,5,17.959092,451
363,150,11,6.248303,837
158,426,6,5.536034,1046
135,204,8,1.959660,1105
252,256,16,11.263681,259
66,298,10,3.755390,523
3,217,18,13.104205,923
411,57,18,10.716800,904
143,156,7,9.247540,177
196,297,11,8.729800,641
200,325,20,12.448713,216
235,141,19,1.665321,470
315,213,8,0.869437,836
213,251,7,20.487889,654
17,440,20,12.921339,675
394,84,13,2.856420,1016
401,365,8,16.027607,767
402,67,17,6.860416,1102
416,18,11,11.297072,1084
62,338,18,19.186062,398
111,294,18,10.348654,285
431,84,17,2.851718,708
433,447,8,12.812079,499
92,155,14,14.751645,1187
362,178,9,12.605731,625
261,65,10,17.982355,923
78,52,9,10.135432,1048
380,15,9,1.513457,540
62,382,17,20.011985,986
448,359,12,15.808550,729
88,212,18,0.546265,872
220,179,10,17.366703,600
137,363,6,9.151418,812
92,69,6,13.263285,310
180,24,6,11.074230,686
275,395,20,11.193403,201
267,1,16,2.042209,982
114,306,9,10.218092,1170
80,15,12,5.236315,730
69,63,8,13.607217,312
172,374,7,3.969091,953
156,180,16,13.517044,852
370,249,20,15.124417,884
220,402,8,4.439419,116
253,381,5,7.710752,889
123,232,9,1.174329,163
277,279,13,11.953411,970
108,200,11,4.741080,134
353,421,17,11.841119,743
193,252,16,12.154592,1082
272,201,11,1.552897,563
382,314,16,15.154338,316
333,18,18,10.664902,1051
434,421,12,10.404951,867
104,282,17,5.215529,900
50,305,19,14.414965,826
224,437,19,8.482196,1157
249,205,12,11.102925,480
310,431,11,0.708114,289
355,99,18,15.625285,881
101,392,7,0.934231,1120
54,283,12,19.738761,131
324,190,5,17.070333,780
372,445,14,7.296273,1189
141,339,8,0.472006,775
400,35,12,17.213537,833
175,81,19,7.147713,614
118,312,20,5.198352,572
386,140,8,14.191904,117
425,88,18,18.824997,392
213,165,20,6.988585,676
243,362,7,18.556862,808
136,233,15,0.873143,387
168,148,9,17.365157,973
161,20,13,8.769563,919
296,444,15,18.663660,951
70,310,18,20.337367,1035
106,4,15,10.878611,763
208,131,19,9.724249,389
184,409,19,12.660481,600
290,274,19,12.530744,645
175,305,12,4.073854,600
19,94,19,7.516300,242
104,34,20,18.925832,628
220,71,20,16.045219,1105
144,169,8,0.998912,774
268,415,12,7.379857,502
164,230,15,12.401073,782
28,352,17,8.668531,618
206,74,11,8.404040,1016
75,57,18,2.464907,429
351,174,17,15.055196,494
422,18,6,4.628835,505
124,152,12,19.918202,927
236,445,6,15.320053,960
289,396,15,3.883976,850
193,16,8,0.074261,740
140,186,12,15.823008,397
94,117,10,8.866316,1178
22,337,7,17.051928,511
142,181,10,1.315800,880
6,175,13,6.486238,1175
435,324,17,13.526893,1041
397,53,15,4.385924,519
378,431,16,15.040371,615
261,218,14,4.904915,634
15,159,9,3.721701,131
429,141,14,1.164388,1128
124,350,15,20.059044,946
362,402,11,13.767905,629
277,215,19,20.449142,915
31,189,20,7.231167,842
386,206,8,1.372637,1037
132,392,17,9.799075,820
317,298,11,2.069958,891
415,78,9,14.060636,114
357,28,20,13.895022,1074
46,216,14,13.751990,530
222,232,17,3.176319,865
446,358,12,8.025424,734
83,22,20,5.715095,747
55,273,6,12.118540,206
241,176,19,13.786086,1072
107,176,20,4.072296,402
12,33,5,17.621159,784
94,224,10,17.847184,231
385,210,14,3.451037,809
42,66,12,8.661192,527
418,179,20,3.161180,796
12,51,9,20.344082,554
323,351,8,1.209078,1128
350,405,8,16.675547,290
192,441,9,6.718653,906
342,320,6,0.378425,518
4,310,6,19.133245,571
106,353,10,11.052701,615
422,273,13,7.691573,1178
304,329,8,11.315397,1021
20,444,6,9.569414,422
305,409,20,9.996808,535
100,70,17,14.739106,1002
170,67,12,10.056475,840
123,187,8,11.538844,648
433,359,13,7.743828,653
99,322,6,15.240851,334
25,423,5,3.045638,443
194,413,7,20.154863,349
211,145,15,12.714616,502
321,437,17,7.981016,1091
65,173,6,13.528051,1102
230,295,9,6.967712,291
285,151,6,6.995758,916
50,34,10,1.706067,904
175,382,7,18.962003,422
85,309,12,2.581263,103
434,88,5,18.320286,524
40,339,16,1.376986,1166
216,384,20,4.412340,484
445,221,11,17.229090,1087
200,55,14,14.951220,959
293,434,6,3.155125,954
346,322,13,10.249339,140
254,413,14,14.878292,895
113,246,10,1.593003,539
252,325,18,5.445225,893
156,46,5,14.484204,1200
187,407,15,4.019835,503
305,100,10,17.524790,942
298,229,6,18.083306,151
415,373,17,17.582992,605
204,377,12,19.289286,699
385,106,5,6.502078,1153
146,185,9,9.454931,1090
92,410,17,15.555827,696
345,326,7,9.790538,555
176,245,9,2.081800,645
241,156,6,2.763219,330
329,2,20,2.195736,116
314,386,12,14.241220,299
40,151,16,7.885723,694
181,332,20,18.554056,1148
270,144,13,8.070001,999
2,384,18,12.277071,924
138,121,10,14.243309,980
357,433,13,13.966964,1005
220,149,11,18.927440,319
1,200,12,12.285565,731
276,37,20,2.954668,1115
289,148,20,15.233391,627
188,292,7,19.851498,1059
308,5,8,17.868111,359
230,14,9,1.033282,214
432,400,10,8.204115,1051
74,448,17,13.187133,123
79,412,7,6.554026,119
354,172,18,9.722456,883
43,273,6,19.985167,875
417,220,11,17.771158,718
146,167,19,13.537408,1093
347,262,13,4.591064,645
349,310,9,17.059181,214
255,268,19,2.442254,236
17,306,17,17.192510,213
448,438,15,14.557137,130
238,442,15,17.984936,207
182,261,12,18.265496,834
80,298,6,0.443237,576
339,239,5,5.122287,910
443,362,6,11.776417,957
89,42,12,10.542497,873
126,228,11,12.933974,180
26,370,13,9.982743,207
118,220,10,15.431855,935
119,71,10,6.706327,483
27,286,5,7.345273,1114
262,361,5,18.638707,103
122,374,10,19.822976,1190
407,145,19,0.530604,555
96,397,14,17.671445,392
402,350,6,15.578301,953
432,140,16,1.566567,947
152,77,11,16.604913,217
85,123,16,17.585419,994
112,301,14,14.718521,827
426,239,11,18.231603,833
7,179,13,8.688187,1015
436,382,13,5.592284,518
209,277,9,6.119977,1194
171,378,16,1.162511,301
84,430,17,12.142613,506
145,93,19,7.914472,561
329,36,12,6.910584,401
371,443,18,6.832929,952
67,351,19,3.829647,687
78,10,5,11.002835,770
395,5,16,19.983910,783
69,173,16,15.253588,1122
269,62,14,7.611917,1191
402,178,19,10.736837,211
32,442,18,6.608746,655
122,23,9,0.900221,983
220,56,17,2.262296,335
27,148,12,4.783462,249
308,383,15,19.411875,1192
112,67,20,12.231866,1038
439,278,5,18.155753,165
369,307,5,13.684675,652
265,440,8,7.547939,1097
326,302,15,7.094956,175
238,258,7,2.673873,565
37,108,7,19.516875,165
194,234,10,20.040015,112
427,418,16,12.603269,323
430,86,8,16.070792,1134
209,94,11,3.222665,313
91,280,8,0.318150,823
355,162,8,8.949049,883
292,115,5,12.673091,457
206,222,15,2.621235,1050
435,358,19,20.137564,858
173,333,12,6.362197,258
432,115,5,0.415206,207
268,413,11,7.494049,1183
366,131,15,17.508580,1071
331,177,14,19.239533,939
211,348,11,10.082924,327
440,109,6,17.356268,770
126,237,10,10.875331,835
54,175,18,0.166364,391
362,258,8,0.220249,187
197,196,13,13.065326,939
207,122,11,5.684302,508
208,47,16,0.920426,842
383,262,11,4.353796,365
132,282,10,16.388507,488
135,80,13,1.696231,988
65,305,8,2.616818,516
122,406,15,14.147087,572
350,111,10,14.732275,1199
437,405,9,17.772639,793
162,443,7,15.991892,252
223,409,12,7.525291,723
386,63,20,5.102097,586
193,400,6,11.782825,1047
24,298,18,0.182720,888
304,342,6,17.310464,733
82,24,14,19.280104,481
80,301,20,4.890147,653
233,331,7,18.820463,803
217,202,7,10.921392,116
315,321,16,7.103377,448
310,226,19,19.906999,1020
323,427,8,15.660110,1021
9,340,20,9.290636,433
401,212,14,4.459898,948
370,163,19,11.668107,248
46,81,5,11.117979,465
220,13,19,1.485924,325
374,97,16,16.587044,582
370,81,12,6.475333,407
403,15,15,5.380432,1004
422,209,16,6.631852,935
397,352,5,18.578488,691
164,59,6,13.817825,574
27,94,11,6.262766,559
42,164,13,13.264421,827
297,361,19,13.778858,365
365,246,7,17.365189,1134
430,68,13,20.491856,774
8,207,8,19.261920,1063
350,57,6,13.653169,500
364,108,5,12.413410,169
189,115,9,4.913224,493
416,256,9,0.226502,951
12,141,10,13.083960,571
173,362,19,1.582597,299
327,206,8,10.970056,1102
367,7,6,3.879781,1183
234,383,10,16.048083,826
406,55,10,2.045315,700
329,356,6,2.667109,738
128,16,6,8.160612,1115
127,337,16,14.930856,458
355,147,7,17.180030,876
239,428,20,13.782122,222
229,404,8,15.082755,504
229,356,12,3.817726,456
439,19,11,15.082611,584
214,170,15,19.798998,953
338,296,13,12.493607,652
238,347,12,9.265295,115
122,251,17,6.506535,331
70,432,13,6.647863,235
54,282,15,17.939423,1141
147,256,15,5.525182,1199
381,307,9,10.873546,744
104,273,5,2.154540,1019
164,191,6,5.814372,1011
10,403,11,11.857081,500
350,27,10,10.625119,433
46,339,5,6.235404,1030
276,427,13,2.559246,413
180,191,7,13.931513,1111
57,187,11,15.588018,942
166,164,6,14.648442,665
147,291,18,7.467026,325
149,65,7,7.181371,1088
225,101,13,12.657407,137
261,357,10,17.730816,1080
26,194,14,17.019418,632
437,258,9,15.365651,1113
52,364,7,4.753867,296
14,143,12,2.768397,734
385,345,11,7.768831,1098
218,30,5,12.293801,660
31,73,10,1.012361,1139
72,212,5,12.369258,339
368,63,8,0.476814,845
57,436,9,9.390596,549
324,128,13,5.330558,717
335,77,19,4.073968,106
135,428,19,13.377666,343
102,52,8,17.169795,608
207,374,11,8.369327,185
266,4,20,18.569070,248
386,98,5,14.292319,146
103,363,16,1.570797,217
346,347,13,13.226166,784
212,262,5,10.477269,996
11,196,13,19.451058,274
359,144,6,13.932591,348
280,182,15,10.385659,820
387,247,20,9.198486,1097
336,317,16,6.269156,188
283,395,11,0.826710,351
293,72,7,16.012800,926
319,17,18,3.656052,573
416,133,10,19.471264,380
25,172,18,14.193297,559
374,406,15,12.386354,1109
389,154,6,3.444465,414
173,128,13,15.427913,517
44,91,11,11.205186,638
39,239,18,5.030285,1098
90,392,16,3.596416,724
8,234,15,18.477685,1085
126,67,14,15.646933,806
147,79,13,17.542395,831
163,126,10,13.187817,1159
271,357,15,15.521434,225
420,108,18,16.568328,687
57,79,14,19.599756,638
337,368,7,0.017482,636
227,90,6,18.090992,345
236,380,17,2.973356,764
34,9,12,7.662593,894
51,215,16,19.714722,1056
188,282,13,20.409798,684
164,12,6,3.109661,908
101,234,15,11.436008,701
202,193,10,0.006328,793
272,7,5,0.304308,850
418,187,7,3.653606,652
331,343,18,6.000617,803
424,122,18,7.978028,124
449,408,12,14.623844,760
241,58,19,2.139882,498
259,436,5,20.294032,649
156,77,15,10.409430,811
11,181,10,2.670116,1133
331,165,8,13.573405,761
238,105,9,13.749539,171
294,357,12,2.599686,1039
424,350,12,4.779980,1024
207,447,5,7.279637,898
57,224,12,0.588528,671
5,349,5,4.322683,552
251,27,10,3.683631,1007
333,138,9,13.556701,450
357,387,9,19.454802,219
378,142,15,14.051625,603
233,147,14,11.112964,525
135,155,11,4.541645,1071
61,318,9,6.478122,1130
103,332,14,8.479923,964
328,183,6,6.857106,202
156,323,20,6.461578,124
157,331,17,7.980365,440
29,6,20,4.309619,477
294,322,19,5.215865,267
225,14,19,10.269528,454
412,304,11,14.629471,888
171,81,19,3.030003,956
305,164,7,17.402027,894
234,428,12,5.054949,669
235,76,13,17.864761,727
146,152,20,9.228381,954
106,175,9,12.231263,378
3,403,15,20.423886,807
346,250,16,9.483684,1122
59,66,19,18.390569,278
160,201,9,15.576106,1045
128,111,10,7.728916,240
385,359,18,6.041675,702
241,210,14,18.118772,1023
429,353,20,14.441717,379
110,307,14,4.236388,498
6,90,19,3.033411,161
60,398,8,0.776235,784
172,268,19,8.022572,697
134,328,17,12.896680,273
109,166,8,9.753593,723
306,78,7,8.588031,1125
298,107,17,19.492945,1163
8,113,16,3.346267,1014
395,272,13,17.104355,1083
432,331,18,9.555787,136
189,149,15,9.930175,324
112,236,8,13.454855,820
11,258,11,6.623184,853
348,33,14,9.215358,727
52,192,11,16.048740,324
320,189,15,15.865597,489
143,115,12,16.970413,647
293,383,9,1.016813,878
427,240,15,20.139032,462
52,76,14,3.706174,1070
80,283,5,2.475264,259
145,186,18,17.912196,272
158,155,11,11.982228,882
148,337,11,12.479440,623
324,41,16,16.932022,318
364,25,16,3.376935,235
22,232,7,14.946206,686
203,354,10,19.295638,1190
107,13,12,0.040018,417
16,156,15,2.673035,252
321,180,18,16.035638,142
392,50,9,13.378515,803
247,283,6,7.572746,948
303,346,16,18.550308,759
139,28,14,13.975170,282
382,438,12,1.459986,1126
116,205,16,2.578282,1163
300,418,15,14.609253,543
362,134,17,11.302648,1047
80,20,14,20.401393,993
255,92,7,10.090716,929
166,250,9,16.712635,1124
39,50,9,1.604754,352
146,282,14,12.744907,194
438,218,5,5.761329,734
310,138,8,6.891552,1152
232,66,10,15.996704,790
180,214,17,10.011028,869
86,202,12,3.061711,620
176,102,7,1.235108,208
352,213,9,10.130056,422
60,21,12,15.502769,327
232,277,6,19.881530,402
24,74,5,1.361291,1192
385,427,5,0.745262,391
258,108,10,8.563899,186
200,207,19,18.479710,619
296,295,19,12.448401,550
22,356,18,5.246078,391
76,441,5,8.950710,640
27,35,15,2.604732,282
438,141,5,16.568620,1158
196,137,8,16.501108,624
329,332,5,15.283271,894
286,293,11,12.954160,346
357,356,16,4.609764,624
134,231,13,6.090713,262
264,27,12,1.543956,1004
40,359,19,18.513355,831
374,423,20,6.476490,710
319,388,14,14.413801,491
373,294,19,4.411368,281
418,44,19,4.284695,1083
340,287,19,17.095815,158
356,270,7,20.203466,282
151,285,6,5.938275,506
103,283,14,15.592346,558
140,67,12,12.288971,989
208,190,16,18.868225,1170
238,246,17,6.171403,1108
39,64,13,6.137113,651
41,141,9,8.603154,1101
313,340,17,0.341043,1066
119,194,16,4.143276,746
70,10,18,15.913218,976
438,410,15,19.062152,253
169,96,8,13.744143,169
328,425,6,3.315916,999
127,277,13,10.162584,1044
262,358,18,13.987354,840
4,52,9,12.691267,1158
361,19,9,2.608811,589
440,342,12,19.179216,895
85,42,6,1.109591,696
344,333,20,2.285475,838
5,138,8,16.469025,999
229,192,20,18.542283,679
435,98,19,11.093847,239
109,362,12,14.667272,413
170,334,19,11.179880,877
128,248,7,12.948028,150
290,138,5,16.949744,1021
8,152,12,10.928969,1052
341,120,16,12.489971,341
421,111,10,19.749570,1132
140,370,9,4.917015,606
117,410,5,1.254630,1019
401,432,12,14.941439,579
411,25,15,6.471684,124
303,388,5,6.010204,625
149,41,12,15.518239,591
155,226,19,17.945629,1182
144,185,20,20.166510,824
29,374,13,9.655895,374
446,248,15,18.949538,982
143,445,11,3.398043,892
220,424,13,19.485802,1192
90,162,14,3.105842,200
390,442,16,12.642555,861
368,167,19,2.528768,866
286,231,18,8.670016,336
29,445,5,2.711938,1046
29,422,14,16.041743,970
332,78,12,8.030889,287
249,352,9,4.824329,1148
331,263,17,8.257776,639
32,283,8,8.383006,733
263,421,17,17.046308,943
123,418,15,19.104275,191
196,56,16,7.596426,445
135,445,12,16.637178,1155
173,345,17,7.090790,801
321,38,16,7.460248,1032
179,23,15,17.828410,693
49,80,13,10.660692,544
447,312,17,9.454207,880
127,435,10,6.355219,663
91,194,7,18.073202,159
212,336,15,15.626192,522
223,427,5,9.300638,727
319,190,20,12.577056,331
43,354,17,8.922243,516
290,309,20,2.131874,980
379,239,17,17.433967,1156
285,330,5,8.170297,356
409,48,17,16.850094,486
159,26,14,15.582649,595
441,196,13,10.339142,1107
189,239,15,16.484047,807
96,102,15,17.641608,749
253,277,7,17.165858,817
242,432,5,0.466140,834
422,151,8,11.037101,859
282,56,18,4.291615,1141
217,275,14,12.227927,433
36,201,7,14.722529,788
78,448,15,9.681790,187
300,134,13,19.510010,938
379,285,19,0.524600,1150
282,368,13,15.179510,1119
64,325,16,12.933899,646
410,169,15,1.241865,781
290,323,7,17.065363,497
85,180,8,18.382188,570
388,154,18,17.157940,1093
117,154,10,11.697798,612
83,346,16,14.081855,1054
53,361,16,15.523500,329
94,38,11,18.190069,349
420,437,5,19.405776,499
177,179,13,9.407081,884
269,3,5,4.977582,1149
145,380,8,8.824421,1069
82,339,7,4.361893,100
415,398,13,2.613093,468
30,186,17,11.770940,142
291,402,20,10.866929,597
417,118,6,8.537580,1167
1,391,17,20.418237,1106
253,41,6,19.752834,797
287,5,9,15.976468,1126
274,240,17,19.507631,508
170,421,13,18.488494,170
177,47,11,19.060774,1123
439,368,13,13.565106,788
322,153,12,9.365005,739
321,127,7,5.730497,914
198,59,9,10.572401,1148
413,114,17,9.149311,685
167,269,6,4.039114,443
111,154,14,14.252886,577
349,116,16,15.319721,927
235,304,20,6.660114,335
97,163,9,14.564411,802
70,185,15,5.843286,835
361,140,13,14.874802,294
82,243,8,1.719657,1034
178,194,7,5.905013,700
197,135,8,10.218232,441
270,151,14,11.088004,427
385,22,7,18.070360,266
37,109,10,19.716661,485
40,198,19,17.753364,664
392,198,20,3.386366,859
287,174,13,15.647701,981
145,422,12,20.338251,883
73,158,6,18.053311,982
34,199,15,17.304644,875
213,356,15,7.898254,231
184,383,11,16.850995,711
266,209,13,5.391976,932
303,84,12,2.202872,259
155,404,7,8.934727,334
375,93,17,0.380451,689
405,389,7,6.964755,651
187,363,11,7.261450,1127
406,86,20,1.894526,703
106,350,17,16.457342,473
222,7,18,10.466006,360
25,137,17,4.145306,599
214,324,11,9.802869,848
289,298,9,13.287361,451
43,40,11,11.260131,650
126,88,5,13.273156,421
27,278,11,5.528104,1042
232,297,19,20.450748,108
379,117,6,8.017012,315
278,409,14,14.203481,510
166,224,19,1.650947,410
155,340,11,8.747376,713
109,76,8,2.638575,446
263,368,11,16.050763,368
173,425,9,9.174900,681
221,266,20,0.048791,584
306,135,12,4.174020,748
80,25,10,1.903500,111
273,203,14,7.729187,219
382,160,11,2.766766,617
314,79,16,17.967058,1045
413,316,20,11.168312,1087
129,393,10,17.662188,1101
333,135,10,10.729586,104
198,168,17,6.919860,725
361,444,19,19.938945,745
365,321,14,3.600056,516
102,287,11,13.088127,603
41,149,13,0.502661,189
195,427,7,7.975937,910
353,241,18,5.880684,262
195,349,6,1.816758,966
190,354,11,16.318597,227
320,180,7,17.292916,687
388,57,10,9.759923,336
50,418,15,14.411969,773
353,383,11,1.259010,922
256,367,18,17.518560,506
209,79,6,1.290812,873
338,59,15,11.451163,425
213,21,13,8.261994,807
236,96,13,11.319047,852
370,164,13,15.852191,555
217,21,9,8.927400,312
355,7,10,11.627753,162
259,200,8,13.047831,1076
113,304,17,17.659892,1158
208,127,13,17.767471,916
186,347,12,14.906598,998
338,265,19,0.924534,895
122,291,12,5.425778,1067
363,65,12,17.190554,1192
295,112,8,15.984400,436
4,235,13,13.319537,266
44,323,19,5.377309,424
4,180,14,7.035573,268
77,151,13,14.525331,218
84,321,12,14.616386,542
323,60,12,7.644269,847
274,435,11,20.111458,432
431,434,12,10.013773,207
355,373,14,10.773575,293
428,169,13,6.088692,950
324,310,9,12.802109,320
313,297,12,17.747202,902
326,260,18,2.326490,472
269,110,17,3.138987,303
387,260,11,14.401145,307
102,206,5,16.350997,310
119,178,19,11.632323,103
301,361,15,19.118500,781
329,334,6,10.914255,393
41,199,17,2.250948,755
444,385,17,15.544166,711
141,440,7,18.344627,1164
290,198,11,12.653828,1030
50,96,13,8.459610,697
197,17,13,10.375354,1100
208,387,8,2.123225,552
171,53,18,17.247304,1175
248,147,10,17.817085,600
448,189,5,14.735780,891
410,63,13,9.183011,973
286,235,11,6.080850,1132
338,302,14,12.294136,1142
70,155,10,16.797975,578
144,293,5,13.310653,494
175,31,9,11.877893,296
132,137,18,9.820801,272
162,66,18,17.500651,456
422,437,5,12.949084,197
227,243,10,6.433344,168
245,293,6,3.103578,468
263,26,12,10.582758,1199
377,108,7,4.668399,586
77,282,12,13.913950,366
23,397,12,12.363320,361
30,372,16,19.801840,932
119,122,17,13.548801,107
121,103,16,10.298796,299
386,395,6,11.094149,175
362,202,17,7.410668,555
321,363,8,18.133925,155
352,315,8,11.882958,552
290,407,6,3.139925,238
364,26,7,10.990415,932
399,414,16,5.186803,1151
409,174,6,9.036735,1019
186,306,13,19.706625,1085
238,68,8,11.017580,916
448,115,13,3.928792,142
248,236,14,10.823299,852
241,264,7,20.086892,947
99,354,15,11.924602,898
86,230,11,2.362791,201
102,214,17,1.193115,1001
150,323,17,4.780497,786
85,424,20,6.793870,200
80,206,11,15.292649,241
20,27,10,19.611524,929
0,108,10,15.136732,804
99,326,15,9.826700,106
440,100,9,6.479735,389
62,272,10,5.754048,551
186,326,15,14.949402,316
370,82,5,18.648661,321
194,26,13,7.398324,887
270,158,18,14.247828,307
139,403,17,5.522769,143
45,288,7,4.662545,200
261,289,6,7.008317,745
88,60,20,7.512863,432
445,410,17,6.213927,793
266,410,20,14.785543,689
390,100,14,17.042836,244
19,261,7,18.508758,205
396,209,9,20.055407,234
32,125,12,11.346889,668
219,237,6,19.342540,249
9,366,12,7.510643,747
43,345,19,16.181698,560
13,428,7,12.838237,1030
420,342,16,15.416562,564
104,388,20,1.974954,774
417,120,12,16.436186,1086
134,102,20,16.634455,239
116,113,5,6.321755,341
212,216,10,14.637430,990
372,128,13,3.665169,978
384,280,19,18.944428,482
142,144,11,3.201019,930
109,292,7,5.908228,468
323,116,14,18.059097,923
224,133,8,1.267843,1094
182,147,8,1.013375,529
441,176,14,7.390132,557
104,168,5,3.011744,559
201,437,18,15.968893,729
114,295,15,18.613564,757
200,85,14,1.315442,433
221,231,7,3.999826,1032
430,83,16,3.868931,320
276,389,17,19.302613,1001
239,388,8,5.970086,1039
172,205,15,2.487433,591
115,14,5,3.213630,242
319,53,8,1.307351,778
179,16,7,10.235537,901
69,335,13,7.052580,1024
272,18,11,19.975446,1083
162,418,7,7.092156,909
299,69,7,9.939434,1157
401,169,16,14.340741,736
129,380,13,8.975437,988
88,222,10,8.872852,301
326,133,19,5.422716,393
440,279,5,17.720794,1016
6,366,7,12.517003,460
289,164,10,6.356842,1186
64,191,7,18.606907,173
327,73,18,16.009800,622
361,22,9,8.161875,276
267,376,19,18.671383,391
64,76,17,14.308181,437
425,152,6,19.962113,307
10,341,15,17.353638,925
1,129,10,4.021556,732
224,58,10,11.549890,100
232,429,12,16.932050,470
123,133,18,3.340564,303
303,399,18,3.655944,347
405,108,11,20.422295,389
313,47,6,11.425115,425
268,274,6,18.640719,1118
134,393,13,0.821967,820
378,7,19,8.339198,248
353,195,14,9.681474,136
172,438,20,14.827121,1018
218,365,12,8.467833,759
159,222,6,17.851474,1028
37,178,10,4.420002,858
444,375,16,19.262584,124
49,269,15,4.246013,307
180,427,8,5.054716,719
390,34,9,13.120375,267
353,265,19,2.245444,802
284,289,7,9.628321,683
392,262,11,10.384697,311
163,281,14,2.626315,215
102,364,5,17.020588,218
139,227,9,15.190547,457
321,80,10,17.364677,545
100,80,17,9.966774,1128
217,402,8,2.665457,474
286,169,19,19.848459,796
106,159,20,16.785487,718
304,416,10,10.613157,1177
98,6,5,11.719117,673
449,237,11,2.646121,203
100,91,13,3.992926,280
186,76,20,18.934440,238
330,350,20,10.254779,421
104,36,9,9.841183,448
202,23,17,6.664413,1131
324,359,8,0.918909,788
418,128,14,7.663759,444
218,7,13,4.134994,801
403,314,10,9.188066,578
3,130,13,14.344188,1027
263,185,7,19.436879,743
114,173,16,11.031080,641
275,64,19,5.218962,205
367,274,15,10.377221,908
6,358,16,11.700687,971
244,445,17,15.455461,1168
241,308,16,2.330265,429
186,294,13,4.713822,131
31,163,5,10.849612,299
218,165,11,1.175307,872
76,145,20,13.760245,205
41,194,10,18.876238,840
289,294,6,19.749688,125
72,67,5,0.946527,315
8,109,14,4.868728,594
136,265,5,4.376608,478
333,218,5,8.852584,627
76,165,7,6.863897,166
324,236,15,8.918264,1189
245,338,16,13.807197,332
360,359,20,19.142190,839
396,189,5,20.130379,978
64,3,7,0.697001,446
379,288,5,7.359156,779
370,126,15,4.636686,1053
29,210,14,1.280224,1044
436,104,9,10.263081,827
29,19,18,16.345598,455
143,119,11,2.933096,1147
344,290,18,17.234129,670
439,170,19,4.711071,243
16,287,17,19.635557,834
309,94,16,12.428736,923
371,366,11,11.529260,956
418,209,17,5.390287,945
331,332,7,12.464711,510
353,210,10,10.023102,1076
28,310,14,11.729499,282
27,258,10,12.577247,709
84,109,17,13.134699,725
78,35,7,4.245441,956
316,440,17,9.157927,332
32,306,20,15.601656,428
211,400,7,2.473031,377
5,251,19,19.485894,1152
261,223,15,15.395658,857
71,74,13,2.994291,661
286,342,19,18.032945,730
395,205,15,1.706995,1157
382,434,12,18.374657,185
337,146,18,12.184468,876
158,202,19,14.347977,576
409,45,5,17.368164,849
399,363,12,9.664446,1045
174,232,7,4.463843,207
205,301,7,15.288245,668
60,269,19,4.995070,156
3,183,15,16.541587,332
93,256,18,10.607477,569
395,361,16,0.514959,798
348,137,19,10.800013,824
122,113,8,5.745843,687
40,170,8,8.344352,750
403,429,6,10.903089,1125
152,155,18,18.208309,530
298,79,19,0.896785,365
44,356,7,16.308852,1121
141,381,16,9.261809,836
109,4,5,5.854106,255
143,114,5,17.697556,341
162,196,16,17.035977,675
244,416,18,17.441340,468
121,324,6,15.946422,665
260,241,9,2.527503,418
8,93,16,7.643378,717
434,349,8,6.264421,886
67,323,17,4.313602,1153
337,169,8,2.869036,130
426,37,5,7.283258,1107
264,424,8,18.933430,696
423,3,7,19.670558,687
215,368,13,11.281477,1070
402,121,8,3.134286,831
247,152,6,14.837143,796
183,47,6,4.744825,121
68,201,8,20.223739,783
219,141,19,13.288801,1037
166,401,18,1.009542,956
430,136,18,6.448838,775
277,178,9,18.133655,644
153,372,18,20.137732,1051
397,119,7,7.091919,1120
81,185,12,2.050652,1186
50,392,10,1.140496,960
328,252,12,0.279447,883
124,63,15,13.635413,859
95,18,19,11.236965,981
137,384,6,5.738248,762
22,85,6,18.253565,336
256,237,5,15.353686,1131
305,74,11,6.219679,114
392,264,18,0.491969,229
449,233,8,16.551021,656
429,143,20,13.699236,991
74,91,9,13.836946,498
139,239,12,12.153022,880
245,56,9,6.270885,657
30,133,5,7.846312,133
285,229,19,5.173626,656
44,298,13,13.500435,223
84,424,5,18.769081,1074
101,388,10,11.008701,717
32,437,17,1.383724,387
67,101,5,1.137785,1028
352,50,7,2.224378,502
188,143,14,1.227901,302
268,400,9,10.900451,221
59,305,13,18.076085,543
29,272,19,9.445421,350
434,286,15,7.899580,985
324,207,16,8.555024,455
410,416,12,8.074957,386
81,237,15,0.425494,661
39,134,6,16.974008,510
24,283,15,18.446230,381
398,233,17,12.803599,959
357,165,11,9.727767,757
314,62,15,13.217781,559
224,193,6,5.321812,1069
34,168,15,4.854642,1013
183,227,12,1.658028,566
34,310,20,15.316408,1037
366,6,6,7.836685,204
127,49,9,19.419903,972
308,85,6,5.462135,775
19,97,15,13.158652,401
427,414,20,13.856023,400
213,86,13,10.825932,932
91,144,10,17.847980,1125
407,342,5,3.123222,166
368,42,11,14.068222,460
31,287,8,2.808506,1119
280,125,13,14.739459,426
145,63,15,0.757703,281
400,377,14,13.020961,825
128,172,14,9.000897,308
140,241,7,9.673961,1186
111,165,13,5.082189,647
222,301,11,20.425071,161
84,255,17,4.023584,564
394,410,6,19.245342,534
355,285,7,7.352659,835
126,374,6,18.726848,637
280,275,9,18.475950,860
131,31,17,3.992138,718
354,442,14,4.721255,354
247,330,7,1.571356,839
222,265,18,11.957562,980
94,11,15,16.783890,731
133,207,17,18.324326,513
321,29,13,2.012001,485
110,218,19,13.323211,624
309,14,18,8.208813,480
389,387,6,12.420941,223
282,410,5,10.540079,858
383,299,16,12.275305,1088
312,236,18,18.231367,820
389,67,10,12.503952,738
405,266,15,9.212054,609
220,60,15,9.492480,291
74,285,16,16.854246,198
181,291,11,8.951081,376
262,226,12,13.722247,523
213,22,12,17.181023,951
274,3,18,19.241189,618
371,113,20,16.785351,818
255,1,16,2.052015,821
150,425,5,18.910896,263
53,164,14,11.481482,1120
334,435,20,18.730807,504
379,133,16,10.912909,416
385,338,20,2.341018,1021
9,398,12,13.134760,100
49,135,18,0.384087,731
191,429,12,16.394718,1084
367,245,16,3.041980,1164
233,385,15,15.142029,865
431,370,11,2.060440,648
156,423,14,15.412260,1125
95,247,20,14.254644,749
395,123,7,16.142662,806
198,374,18,7.729091,765
174,429,12,9.260055,238
305,229,14,15.386315,634
392,425,16,0.388578,574
149,4,19,13.794543,967
259,110,16,11.758763,415
86,40,9,1.845833,1163
415,410,16,1.070319,1112
180,18,9,7.611043,242
83,339,9,19.675196,122
16,388,11,8.119253,401
380,1,8,1.141063,414
346,436,8,10.903910,363
95,266,15,14.545539,862
196,150,8,0.534176,563
291,365,7,20.247956,523
52,220,12,1.550982,387
271,403,13,1.729673,862
217,102,6,7.066223,901
70,97,19,14.828836,828
374,91,14,17.803245,864
121,64,20,3.330207,611
358,38,13,18.691534,618
257,280,20,7.613583,1122
150,72,10,18.371444,377
207,354,16,13.865488,807
182,130,18,2.525935,941
383,19,18,17.365483,1086
362,189,5,6.987675,1073
266,416,15,8.521534,531
195,364,8,18.100270,1122
36,90,18,15.892323,408
25,123,5,15.820018,545
9,205,5,9.778294,112
414,165,19,10.207966,993
442,24,13,7.942395,691
112,4,18,6.493047,1188
349,399,11,18.239414,445
63,75,19,13.887704,460
161,146,15,7.837855,275
376,9,15,20.350711,544
199,347,7,17.696700,879
420,345,14,12.014175,1036
83,57,19,17.654526,900
190,408,6,8.098648,1182
393,109,18,13.902984,215
235,83,8,16.682419,187
247,109,19,19.068664,971
314,85,6,6.953841,676
29,8,17,5.377661,459
376,388,5,17.583495,158
269,186,8,20.224487,247
158,305,16,9.071901,942
135,91,18,0.511972,180
396,56,8,1.525250,599
11,236,17,2.997015,686
362,376,7,13.694389,1083
339,305,6,2.956878,335
197,119,8,13.446173,562
356,441,10,9.466408,145
279,363,15,18.591173,567
380,268,19,5.055227,547
386,237,9,13.642691,532
80,59,18,18.314609,693
398,101,19,15.674961,619
412,332,20,2.294948,1163
25,82,16,11.104358,302
8,49,20,17.894228,678
183,251,6,16.372274,935
223,35,19,4.048760,1143
430,115,11,13.128072,559
381,278,8,10.894781,539
52,60,17,3.209939,370
76,369,7,0.113787,894
91,394,11,19.363466,418
408,194,16,10.847277,199
273,387,11,3.054913,304
32,423,14,1.776614,991
120,357,5,9.004838,431
312,169,11,15.240826,117
417,361,20,3.034281,110
210,402,6,20.015405,297
129,109,14,9.501165,233
178,91,8,12.928868,377
377,402,5,18.999870,716
139,231,14,15.073172,756
289,259,6,4.305550,463
72,310,17,13.472935,417
130,89,6,7.400327,432
218,322,7,14.627289,1145
375,208,8,10.273920,323
208,266,10,4.736074,697
137,429,10,19.938846,921
428,443,6,9.608599,384
312,148,20,14.356684,858
420,57,7,9.553944,1158
437,195,13,7.308099,625
81,376,18,8.491467,581
236,83,9,15.436330,438
61,443,17,13.237796,627
263,83,18,18.266037,454
381,310,7,19.997171,1085
350,190,20,10.749678,297
60,161,10,12.315255,122
106,386,15,13.470534,919
443,211,11,17.632202,277
394,10,14,2.400047,583
326,219,8,2.547245,629
4,158,13,3.568372,425
269,130,12,9.004794,1106
303,236,10,6.617045,388
303,410,16,19.615698,758
434,312,10,15.169722,820
270,128,9,8.904356,925
57,269,6,6.444028,853
341,211,7,19.425221,602
372,251,10,3.938841,159
133,368,17,5.555136,106
97,429,17,13.006289,147
45,399,14,6.868634,534
168,304,18,5.804680,201
83,358,19,14.110972,1118
182,351,11,8.430537,891
332,357,13,19.130049,491
66,24,9,9.086858,917
261,282,9,9.127321,359
238,387,6,15.978771,719
284,234,8,18.753601,1061
351,243,9,10.194619,251
310,330,16,0.816123,968
194,147,5,6.701578,414
218,391,5,15.206907,675
118,212,8,16.741062,1030
269,195,8,18.686156,256
82,149,8,10.245058,1033
142,279,18,17.341510,476
276,336,12,6.534779,1126
414,286,17,13.777882,872
307,127,7,15.089001,671
86,271,10,9.217120,1044
23,213,16,13.121477,384
385,109,11,18.477915,385
33,70,5,9.296108,1152
135,172,18,11.813958,933
126,372,20,15.558751,896
317,240,10,1.306527,878
53,264,13,10.401125,1034
188,281,17,9.419226,188
254,449,10,0.761099,371
177,220,11,12.696785,373
138,422,17,10.146364,386
75,305,18,9.157777,116
259,227,16,12.430161,300
153,362,9,8.434738,610
352,160,8,17.039389,636
316,218,12,12.444323,689
277,209,5,1.779738,528
32,162,14,19.379133,973
311,228,5,10.624580,623
225,184,18,0.233394,355
433,247,7,14.093285,1133
117,405,8,15.773127,985
151,69,10,18.877432,494
324,178,19,14.565192,862
49,398,7,14.872845,232
167,1,18,2.984066,420
44,8,18,14.854397,807
327,219,7,1.977701,284
258,377,18,15.487455,383
245,39,10,19.566299,316
310,412,7,16.827767,309
370,94,9,16.237044,753
36,294,7,6.118714,154
171,248,6,9.622508,735
21,167,7,14.142467,1056
219,272,18,6.175274,232
436,252,6,7.018661,246
385,424,9,16.571520,1001
51,316,18,2.665764,444
109,184,17,11.210014,442
215,345,16,12.964354,656
286,394,9,9.159992,655
166,3,13,11.178355,1155
79,177,18,15.733561,410
415,418,13,17.195389,818
188,234,9,10.480403,832
339,180,5,0.575937,467
187,316,12,2.435556,663
362,442,5,7.783587,1149
252,21,18,7.075611,142
350,102,9,11.119379,496
29,197,11,7.691460,248
436,236,5,17.403644,662
86,119,20,14.800899,878
363,314,18,4.904871,615
192,269,19,10.283043,650
223,29,16,1.166483,406
346,440,13,8.960483,320
264,253,20,9.086638,846
420,448,20,18.130851,324
94,42,7,6.209353,852
70,327,13,17.080401,823
347,299,19,1.848470,922
227,305,8,9.094724,451
187,144,16,18.993855,743
63,437,9,7.135694,691
20,376,5,1.971311,587
209,154,18,1.180285,509
290,306,20,16.227527,998
288,150,10,17.579927,494
240,366,19,7.538051,307
86,362,15,6.375712,596
321,13,17,18.569667,240
237,216,6,0.855317,846
154,406,8,3.861023,894
301,230,10,7.983848,551
88,291,12,16.639044,1094
142,118,19,16.228049,813
120,19,10,0.276108,766
257,36,10,5.539758,726
205,279,9,8.982985,102
133,26,11,16.623396,256
336,263,11,11.330496,521
392,447,11,9.442102,372
341,25,8,4.466405,740
254,404,10,15.568521,654
130,416,6,16.230818,676
151,338,9,15.725820,568
78,441,14,11.045592,941
109,169,15,5.733361,1173
72,429,13,12.367833,437
232,365,10,1.540894,446
300,11,10,7.113776,1173
419,130,12,17.915075,226
35,97,11,10.170773,1019
132,26,16,8.270697,806
27,214,15,10.545416,110
61,41,15,13.227574,1160
309,418,19,4.689073,1069
435,426,5,12.495140,732
83,1,10,19.324329,1187
266,16,13,14.572728,836
374,20,20,9.813272,425
237,331,20,9.239210,1042
17,269,14,13.410794,1050
20,363,15,15.659303,867
423,48,16,5.251828,191
184,257,20,17.105372,447
81,336,20,1.872986,172
198,86,17,3.363616,1046
318,262,10,13.165771,361
186,368,11,17.713767,171
4,384,14,8.253710,878
365,412,16,6.644908,298
401,112,12,2.801687,1046
159,233,16,0.208125,921
240,402,19,19.715433,340
164,443,17,19.178117,400
274,141,10,3.588788,185
254,355,7,14.561421,854
345,226,12,20.290303,120
401,151,11,11.465257,1016
271,61,12,15.484927,611
129,125,17,10.411884,980
299,345,7,7.031583,347
419,89,7,11.596096,437
75,445,6,6.127493,570
376,108,6,5.057921,776
38,190,7,7.637573,481
385,49,7,13.230882,785
49,4,17,12.620182,466
103,66,17,5.437145,175
69,332,5,0.517345,457
400,275,13,18.688329,209
257,33,14,7.593778,1068
42,424,13,8.071866,1109
22,145,19,3.394095,972
269,274,6,10.345244,115
355,234,19,11.448369,933
394,178,15,4.512070,574
306,421,13,5.087090,928
78,438,8,14.005541,1141
154,287,10,18.782313,698
160,216,6,6.390121,954
267,331,19,8.490040,850
67,304,9,14.123449,418
429,367,11,4.472948,1018
372,12,13,13.406097,274
116,54,15,15.060681,528
100,72,11,19.514982,1069
437,345,14,7.344032,1080
173,178,13,8.377257,354
17,287,13,18.638404,428
157,367,14,9.369015,255
171,0,17,17.597303,1073
146,112,8,2.604137,1009
56,92,17,9.302588,907
171,190,19,17.283683,777
36,189,14,14.478655,384
300,366,17,17.014931,1048
400,363,7,12.409848,1054
263,161,8,0.815937,678
7,332,17,8.210113,1197
374,132,16,0.885218,978
308,155,20,14.229596,812
447,284,18,11.142018,1187
197,250,8,9.110073,133
341,443,18,6.462834,1035
80,367,9,0.461173,756
12,246,15,4.554313,558
121,354,20,16.247461,1011
278,1,20,15.192370,708
258,149,14,9.963040,488
109,332,13,0.109773,1099
408,3,20,16.246563,1064
357,316,5,3.459036,751
219,358,11,4.879827,963
46,427,9,2.544443,300
337,97,11,19.226834,627
384,142,17,1.411393,1146
350,25,12,3.273217,468
19,3,10,3.794492,712
249,259,20,12.329290,658
317,321,6,8.122267,200
398,262,20,8.549976,836
168,310,10,16.619407,183
379,342,19,8.226067,1132
395,268,11,4.592371,906
14,113,13,3.280862,174
159,56,5,7.397202,245
269,239,20,8.378142,511
338,133,8,8.803838,819
284,20,19,2.117665,1076
33,114,16,10.721735,431
327,266,18,10.037451,1176
137,411,15,8.183153,1070
168,444,11,6.681246,1039
48,52,10,4.835251,222
302,86,19,10.093182,1060
191,351,17,8.940912,875
432,177,9,13.880478,171
250,67,16,6.569498,636
378,209,5,0.441753,565
186,362,14,1.423527,663
438,175,8,11.521891,630
412,287,6,7.503190,731
202,265,9,17.807587,922
24,397,7,19.352274,370
279,377,5,19.898256,494
379,367,6,18.316218,300
236,354,15,5.546061,451
233,109,5,3.382522,671
40,302,16,11.208116,792
254,408,8,2.210357,859
408,228,12,8.810679,234
45,295,11,9.319756,925
302,36,19,13.616209,784
37,90,19,17.127662,974
429,449,20,18.944985,439
280,319,8,1.538967,651
38,255,6,4.859738,1108
74,144,9,19.484409,260
407,385,5,2.426553,420
103,237,12,15.040535,935
85,159,20,18.147069,378
2,385,9,20.359197,382
179,374,19,19.989856,1164
218,301,11,9.574584,846
441,216,20,4.008156,816
204,431,10,11.893124,1198
369,281,9,5.717891,661
140,138,18,10.393941,358
329,93,6,4.289166,124
167,330,6,9.967036,992
281,129,12,12.747262,828
413,160,15,4.995663,468
47,147,8,5.506321,961
366,174,13,9.543461,212
134,305,15,10.041147,974
10,306,10,0.511409,235
138,84,9,12.299105,1136
91,365,15,9.315142,394
126,119,5,7.612118,420
363,133,11,8.981468,1157
445,336,9,18.301369,523
102,8,5,7.594794,465
394,163,6,8.436473,721
369,128,6,15.892635,207
335,345,12,2.604590,584
429,347,11,7.806470,1008
64,208,18,3.998865,205
33,275,6,10.238632,609
399,14,20,18.010242,126
254,342,20,1.559596,568
55,86,8,7.819090,1095
309,260,9,4.257384,352
267,72,16,1.125929,991
101,33,7,18.390806,189
118,145,14,0.779657,462
404,187,5,1.080341,249
144,216,8,4.313083,975
316,233,8,20.102261,960
448,268,5,14.090908,1012
139,438,19,16.192848,510
412,312,9,12.323369,403
128,240,5,5.361161,272
388,177,6,2.592286,243
323,40,8,4.777431,909
38,177,6,11.127864,1134
339,126,13,8.997211,315
196,89,9,0.283434,601
134,440,13,18.551948,214
345,282,16,16.720516,237
151,281,5,11.984665,482
238,12,19,7.547125,1191
23,82,18,4.980091,766
377,146,19,13.598424,922
415,37,12,4.596522,653
225,235,7,6.687275,905
358,149,7,2.079016,964
54,47,20,12.810449,1194
374,297,14,19.184267,1063
134,59,15,17.392775,120
239,72,20,16.255428,713
88,406,18,8.222541,844
24,259,12,5.055611,915
54,191,20,13.620787,791
212,200,12,9.601165,1035
138,159,11,4.667188,656
259,267,17,17.406817,1064
313,209,18,0.916183,944
166,369,20,18.989341,318
144,80,9,6.820439,611
434,71,18,8.217602,221
9,293,13,1.760427,622
325,269,11,19.902713,312
233,355,19,12.561470,506
175,283,9,5.669320,882
10,90,19,12.360396,457
42,22,17,5.992729,398
365,178,14,17.822220,194
439,328,12,17.322285,989
300,155,12,7.847748,716
180,92,20,5.387073,748
188,270,20,11.995426,268
249,131,10,2.594283,1018
32,332,12,12.749443,990
354,316,15,10.370202,533
376,283,20,5.131527,952
261,335,14,1.820197,767
306,64,5,15.399659,169
257,298,18,7.004996,814
423,180,6,13.047646,765
387,270,11,9.072071,1153
4,92,15,16.717162,1000
190,200,7,7.946198,1066
363,427,8,8.113471,233
379,112,11,15.839649,316
154,141,17,13.813769,676
265,339,6,6.712639,216
409,29,12,2.065121,1177
264,405,19,20.350197,394
340,274,10,14.186793,1176
415,256,15,19.577543,560
272,267,15,9.136068,765
278,40,14,7.300704,1031
441,201,16,10.553602,127
306,160,16,15.022392,819
56,52,17,2.216402,537
158,433,18,13.327367,433
2,235,11,15.498454,582
159,360,16,10.672405,773
389,382,11,16.678253,1189
328,364,19,3.479531,175
239,272,11,14.585140,209
101,69,17,0.906793,381
242,122,16,3.598711,171
448,176,19,6.889214,636
128,56,17,7.188052,588
285,182,16,5.585481,970
413,209,7,3.250953,433
403,274,14,4.864296,740
267,123,9,19.108843,674
393,151,14,12.916517,780
324,175,15,19.288183,1087
425,40,18,9.278650,324
274,361,18,2.508776,837
57,165,13,15.663823,932
351,359,15,2.887129,354
209,71,12,12.396957,1188
266,41,19,10.717867,186
265,438,6,10.363610,1163
377,348,11,8.153428,1097
329,349,16,16.450369,1029
168,75,12,13.099254,944
100,256,7,4.636363,753
10,382,6,5.235205,975
34,228,6,17.139480,885
421,48,18,5.250881,1172
297,407,17,8.639833,201
294,343,12,20.195499,840
396,405,20,19.186844,159
233,415,5,9.848743,436
11,52,9,8.849681,390
48,61,18,13.274090,1180
377,372,6,2.850847,727
366,384,17,8.756452,961
357,199,13,19.706192,273
56,38,13,17.645080,691
304,141,7,5.692416,183
146,2,18,10.742870,1072
338,288,17,7.357940,893
73,170,6,5.465678,848
275,445,15,5.068619,450
214,103,14,6.074936,791
74,26,10,20.083265,206
420,407,15,14.605944,224
192,194,17,3.123646,800
68,233,6,8.143873,616
9,82,5,0.899379,720
262,1,14,10.758639,457
260,22,19,0.955283,592
194,57,12,18.207703,724
234,328,13,11.959262,1018
373,170,8,0.308724,190
140,187,16,15.127566,385
159,399,6,8.108503,956
442,40,20,12.436159,1147
137,333,15,13.841783,1007
399,436,6,18.891937,126
143,35,18,13.305409,300
73,36,9,12.354072,733
179,407,12,2.639012,1198
330,174,17,2.427244,536
418,35,15,18.762457,339
191,397,19,5.911876,773
308,310,18,0.095464,888
41,233,14,0.889200,429
49,114,5,2.536874,316
369,430,18,19.000739,931
30,219,17,6.520716,965
275,373,11,19.642908,183
64,281,7,11.653107,119
217,6,20,1.090391,734
262,297,18,2.924450,635
151,58,7,8.164119,405
24,31,18,3.272001,1076
408,29,11,18.576322,320
401,56,18,15.618659,1173
117,266,16,20.110171,102
62,44,20,16.450058,387
309,214,8,8.766367,586
299,322,9,10.808114,1150
255,159,20,15.325255,714
21,221,9,5.874301,278
328,76,19,20.420043,996
429,161,10,5.469692,805
327,48,6,1.276514,921
274,346,17,0.265158,1109
172,269,5,6.741545,1136
217,383,11,19.604571,393
332,392,13,16.516863,1161
300,17,9,6.180571,1093
440,433,9,1.420536,471
261,90,19,20.049782,1006
352,230,14,9.754298,900
299,122,8,6.132439,326
339,422,7,7.995335,725
442,85,19,9.394029,105
213,384,20,3.153233,433
67,54,16,17.880767,372
335,208,14,18.711777,868
357,396,7,10.411675,453
316,315,5,9.766588,1171
404,274,9,10.492874,203
232,65,8,16.967221,170
260,271,18,5.812875,291
320,338,14,10.570258,531
160,68,13,5.262833,1011
207,103,13,2.471694,660
320,399,13,6.284944,1097
413,359,14,13.479004,543
90,375,7,2.079881,198
190,180,18,2.366811,612
399,409,13,10.249361,1061
103,75,19,9.491130,176
369,336,16,11.081133,1180
201,71,9,12.388600,737
122,132,14,2.498453,449
318,266,6,19.580885,350
129,319,11,2.440965,535
151,30,17,2.126320,947
163,393,16,10.754706,769
44,410,15,12.028244,1142
83,133,6,13.706383,238
164,53,5,12.791125,808
71,284,11,4.885527,392
99,337,15,3.593935,891
366,362,7,8.400859,395
348,30,18,18.958563,418
53,181,14,0.802677,326
105,9,10,3.389743,1054
395,341,13,8.268834,796
357,256,17,20.059894,585
318,321,18,3.922000,276
280,62,11,8.785216,217
156,132,20,2.729326,325
374,80,12,8.576249,527
322,184,6,3.651827,128
48,196,12,15.818896,493
22,216,6,19.515305,804
364,334,8,16.808929,188
27,65,11,9.860518,562
49,173,15,13.685675,552
415,333,18,4.726870,1028
392,196,19,3.722182,599
221,114,6,11.631513,940
57,378,8,5.640260,112
340,176,17,3.951167,636
150,105,9,18.369507,815
256,21,11,17.971805,791
42,341,9,20.319532,303
290,202,6,18.876605,337
118,45,6,11.191384,144
7,301,7,4.677806,233
337,353,11,7.799253,629
175,218,6,16.700328,939
375,348,10,10.540862,652
49,316,19,18.482719,686
251,252,5,3.464808,370
236,293,9,16.478701,873
56,4,13,12.630948,1192
303,336,6,1.259383,533
396,150,6,15.162857,756
174,239,9,16.392586,145
212,60,6,17.332880,237
85,182,7,11.097551,359
215,84,11,14.450815,132
357,271,20,4.246641,465
2,182,9,17.195271,409
249,194,14,12.971095,1117
365,442,11,13.782473,554
392,84,11,18.207138,912
288,69,20,17.041739,803
329,175,17,12.633102,249
300,332,16,0.039392,410
66,345,19,13.555244,659
41,349,9,19.449070,710
237,30,13,3.129727,1175
146,301,16,1.222854,510
143,39,12,15.984679,1012
300,431,5,16.963612,1003
157,387,8,19.080348,814
303,314,16,3.078639,1004
129,426,11,2.060234,300
158,246,15,13.675143,875
354,88,10,9.420362,675
415,277,8,10.525055,1114
178,46,20,18.709449,182
337,141,8,10.865895,159
380,430,15,4.442317,341
347,145,15,19.361112,947
50,126,6,3.231729,461
183,353,12,20.168961,586
316,100,20,11.437047,525
192,379,15,19.377837,589
156,86,9,3.445783,1126
69,54,5,3.723425,562
429,219,16,2.502809,825
88,306,10,3.727769,191
370,68,8,10.487244,1118
402,11,19,9.757844,119
70,131,19,4.234099,550
58,236,6,16.074332,186
67,379,9,14.708834,1071
180,415,11,11.291998,792
246,379,13,8.679237,1127
366,126,7,1.688651,153
301,398,16,15.417561,1050
37,332,13,3.318470,756
70,212,6,5.596440,448
406,37,11,2.972892,371
408,58,12,20.245080,990
282,93,10,3.728003,411
139,99,13,0.588956,1085
388,176,13,18.204006,597
174,436,16,1.679133,741
27,160,11,11.265750,307
106,354,14,0.148977,197
0,86,7,20.050887,407
144,410,17,9.362096,155
89,334,10,8.899242,882
380,82,10,17.077164,506
158,41,19,19.199319,883
340,302,14,17.142902,474
80,0,18,5.827074,1099
449,271,10,15.347318,468
242,96,6,11.309081,936
233,159,6,18.251312,247
311,430,20,16.324493,240
359,71,17,1.967416,1138
243,180,6,12.432034,155
15,221,13,19.723009,123
418,96,7,12.194980,535
139,120,7,6.318352,606
188,131,10,1.348223,1090
175,91,14,12.704800,394
223,366,20,14.663324,988
185,310,13,11.653584,433
398,40,15,6.969999,1159
298,355,8,11.051672,1024
402,136,18,9.455886,247
82,360,12,18.030382,1080
154,383,12,17.289752,1115
448,39,12,2.102434,450
0,134,9,5.817740,288
428,394,5,5.893852,716
382,104,20,4.560643,1029
361,56,11,19.070586,179
55,197,10,11.773691,388
133,356,7,12.014085,910
109,444,5,5.341759,1070
218,440,18,4.981603,427
58,10,19,5.601413,734
30,48,18,10.433880,1039
433,209,6,10.388565,243
231,38,18,16.437522,1171
178,380,17,12.602822,274
239,68,9,14.874094,1013
6,81,20,7.839216,961
122,339,8,5.121013,495
335,122,14,5.087384,745
298,393,17,18.495442,1070
312,330,9,10.329294,129
78,387,16,15.271253,1153
292,161,7,1.598978,389
199,325,18,10.845662,417
183,427,10,17.881253,259
356,102,14,8.118807,268
275,288,5,15.052467,665
143,449,20,8.895436,590
311,292,12,10.607406,599
123,80,13,14.839274,895
398,36,13,9.031854,1192
305,258,6,1.402953,389
296,340,15,2.940189,105
322,92,14,8.792466,490
89,141,9,19.131810,237
221,239,8,14.098591,444
353,209,16,16.323809,377
445,202,9,16.109606,384
198,203,15,6.446447,249
257,42,6,15.645423,898
136,196,9,11.094871,299
59,92,16,16.020185,1149
75,125,20,9.733215,446
448,204,17,15.242966,602
291,5,12,4.547813,918
302,53,17,2.502930,857
164,166,7,17.505591,132
406,335,18,19.251264,741
245,132,11,10.400092,777
281,255,15,9.410250,183
240,34,6,14.800902,161
180,46,10,7.551371,500
245,280,9,13.224999,961
243,35,6,3.987301,954
313,365,16,1.803485,744
133,81,12,3.698161,967
124,220,10,8.334126,890
126,400,11,19.041038,217
147,202,6,1.293120,386
220,355,16,10.542390,495
402,389,5,11.530138,1126
298,220,10,1.290527,163
65,66,8,8.182060,1059
422,312,11,14.641591,1190
49,422,12,3.190696,319
161,122,10,9.496619,248
370,348,10,5.975486,874
270,254,7,16.819608,459
138,348,19,2.140423,101
66,106,6,12.271190,1197
111,234,7,4.275462,1114
11,328,11,7.551559,963
142,441,15,10.396235,335
192,364,7,17.643690,636
155,35,17,12.635938,709
403,270,8,10.181429,961
112,358,18,6.417489,243
284,16,7,4.690942,252
12,408,12,12.027518,344
24,251,10,8.200034,975
220,280,18,3.774331,319
135,103,20,1.286199,560
336,161,9,14.951548,1145
352,75,8,9.747794,567
116,151,20,18.910614,705
134,223,5,5.802427,587
216,248,18,9.652655,1141
384,200,16,20.429583,126
381,345,6,4.462719,869
305,195,15,8.113224,1167
240,20,11,9.599682,220
50,350,10,10.065273,265
392,246,20,18.769868,117
57,233,8,11.362757,497
289,349,18,1.305588,924
238,391,16,17.422215,196
322,89,13,5.025693,1176
170,314,12,8.679024,1045
64,336,17,10.063906,779
196,416,15,11.764637,243
206,189,11,19.313393,198
102,38,16,9.809980,175
287,25,11,2.509548,622
351,130,14,13.208886,912
182,278,12,17.356837,201
143,431,9,17.451811,485
53,239,19,5.696035,304
133,31,20,18.120229,333
193,23,20,6.570692,892
219,170,11,9.486260,401
176,69,15,5.708339,226
183,402,17,6.612271,358
8,335,14,19.201495,535
188,440,19,12.379539,1035
289,318,15,17.030467,517
56,441,8,0.655992,375
48,297,10,2.704403,548
83,307,6,5.433800,991
289,310,19,5.794265,268
202,153,17,2.821282,429
400,417,12,12.211883,165
9,196,6,12.834219,955
446,335,18,10.805708,500
412,166,19,18.580925,997
85,62,12,16.466121,126
420,317,11,11.763688,632
23,29,13,0.137547,782
384,0,6,2.223608,1093
81,270,17,18.820517,270
286,69,11,1.546531,861
314,120,11,12.478801,773
45,359,17,4.593290,225
76,57,11,7.985804,843
433,392,20,0.818963,680
19,373,20,1.521824,936
171,183,16,1.666096,723
37,315,7,4.296654,1183
211,314,9,2.074340,532
88,236,20,2.895702,297
347,257,14,18.057523,1194
392,414,9,0.772726,205
53,256,16,18.614906,382
264,2,15,9.795016,1197
21,65,9,8.585220,1018
207,185,19,18.440940,707
409,196,6,8.529014,814
6,323,15,9.674985,520
298,214,13,14.460204,1128
394,190,19,7.945253,221
74,198,16,4.409658,1024
328,165,12,10.912132,697
46,218,6,5.435752,1115
266,218,12,14.490118,229
381,92,7,12.422507,1139
82,31,11,19.789576,557
221,94,9,7.171668,962
222,137,16,2.759149,503
158,91,5,10.411661,883
84,3,7,18.568178,225
427,169,15,10.047046,483
399,50,15,5.563193,1017
398,339,9,1.083302,447
55,406,15,3.293032,626
237,16,17,13.821902,768
26,147,8,17.098667,1144
155,377,11,6.508852,785
132,192,16,2.601813,386
267,204,13,19.720225,138
397,19,17,4.159608,107
403,382,17,7.336448,1071
75,2,11,16.169633,649
257,19,13,16.320937,139
83,341,16,10.488267,674
265,153,14,19.722580,417
82,163,20,16.438136,921
361,278,12,13.644267,1115
442,107,12,3.077720,891
36,77,12,9.667090,830
438,422,7,18.514948,941
103,80,11,12.256529,321
245,348,9,10.936572,995
146,364,17,18.104870,355
234,180,19,5.639154,991
438,25,11,1.586273,171
399,221,18,0.640228,527
183,265,5,12.183353,164
95,209,18,9.740051,479
232,305,15,15.946637,303
19,358,11,19.525250,298
332,102,6,17.647190,1002
22,341,13,4.303263,538
282,363,16,6.157845,277
352,307,12,12.366219,679
337,175,16,5.570451,589
369,41,10,14.288479,1139
198,72,20,7.808459,354
227,286,12,16.495159,566
91,378,12,9.195777,1099
310,248,12,13.916015,1062
23,305,7,13.422751,926
294,57,5,12.634730,1012
74,384,15,0.683550,120
307,314,5,8.139259,581
270,243,20,11.352845,171
285,429,5,18.010163,291
359,23,14,8.728222,518
355,417,12,0.570508,649
149,389,13,17.932365,1100
415,96,9,6.706717,1093
432,329,8,7.876552,728
340,98,18,16.137012,553
92,329,11,2.942686,1149
353,263,14,15.788774,366
421,180,13,14.097327,310
369,306,12,14.837513,1107
316,332,9,13.752546,649
206,374,17,15.691265,180
371,383,9,2.443149,647
15,249,6,3.261075,889
155,408,10,8.512746,1018
416,107,16,9.663576,787
80,112,12,13.593630,329
369,152,6,18.664114,873
352,350,7,14.664045,1111
25,183,10,7.611251,1177
421,137,6,3.449542,959
149,112,14,17.361157,933
448,415,18,4.956100,956
303,130,8,8.741340,278
6,56,11,2.820347,159
310,38,8,14.778829,1007
129,341,10,12.859259,1168
181,364,20,4.125804,403
394,404,17,11.805668,950
414,391,6,0.935468,955
264,70,18,18.806282,737
251,368,11,8.456565,664
208,260,16,8.494920,970
8,301,20,18.117094,929
265,31,14,16.010708,629
49,379,18,0.610664,507
353,206,16,15.692706,296
49,1,14,6.715453,1074
38,345,17,11.489000,466
142,389,5,6.221375,162
72,321,14,17.504790,1066
261,314,20,10.607076,210
262,285,7,6.504469,502
22,295,5,10.429671,1098
228,110,20,9.719989,1068
71,335,12,19.268415,752
130,331,10,7.591002,721
349,400,6,1.588832,219
92,223,13,3.895520,1130
114,63,17,17.396926,225
135,151,15,4.432603,578
379,335,12,5.806029,205
330,43,20,8.811987,722
362,436,9,13.819624,880
30,25,14,10.434433,206
406,264,11,10.832663,952
360,272,17,11.348878,816
135,63,14,17.053531,507
10,283,18,8.367159,661
170,377,18,1.708812,824
313,214,17,18.689490,511
266,35,10,19.031610,294
236,22,7,18.574825,280
429,287,15,13.865752,817
181,205,7,19.903022,307
286,354,14,10.844865,1114
15,13,17,20.342319,320
205,416,5,20.244408,594
174,295,18,11.663457,658
16,55,9,8.643731,287
293,411,20,6.360304,1193
72,202,13,8.426755,593
399,61,20,17.354983,332
338,72,18,17.113862,816
285,324,9,19.072039,885
268,135,18,7.277558,985
298,351,20,16.484111,198
193,141,5,5.233573,845
345,448,12,15.309879,552
373,346,12,18.465352,1051
53,337,12,4.515106,618
270,197,12,8.343153,375
303,232,7,19.724074,654
424,292,16,2.912148,541
254,10,15,9.578235,833
95,183,6,2.491230,906
403,16,15,3.984573,712
48,393,20,8.812350,448
446,80,12,9.799379,492
118,92,15,17.028021,522
245,201,17,6.141959,766
254,230,17,0.443863,860
393,234,6,10.251170,833
89,421,5,15.757759,707
112,198,11,4.171657,704
63,232,8,18.682402,480
18,248,15,19.139558,525
168,115,11,19.802354,256
25,45,14,9.403082,126
170,422,15,1.530172,504
287,333,11,20.040045,487
208,274,9,0.568553,973
4,433,13,13.363619,939
44,425,7,20.083854,481
221,444,12,9.696617,679
417,34,9,9.936404,971
412,207,19,8.174345,978
127,104,14,2.082500,664
236,378,5,15.706750,337
271,384,17,5.589788,113
388,436,18,14.727518,412
6,277,8,6.845819,109
402,153,6,16.858001,340
151,414,9,14.668690,932
101,415,15,5.205135,483
55,93,5,8.937935,613
75,361,14,15.566624,976
264,133,7,19.089124,1045
4,336,18,7.247877,801
101,160,14,6.838859,434
29,2,8,16.957299,904
370,26,7,17.206927,825
60,252,19,16.346333,447
165,86,5,9.017816,506
67,20,10,4.902758,1166
45,21,17,0.810165,189
42,15,15,9.107664,843
391,316,17,4.175335,858
96,113,18,11.910775,1024
407,85,19,13.155298,610
400,117,12,7.129741,114
231,292,10,12.749508,680
341,2,7,17.156812,462
250,94,17,15.732972,945
17,221,9,8.017800,794
389,205,19,13.201561,633
299,156,15,13.759955,203
321,66,11,11.315075,974
424,65,11,4.160864,666
30,343,15,14.538621,1115
391,123,16,11.374106,217
185,441,16,18.403156,564
145,356,15,7.221597,221
352,176,15,15.245999,742
111,404,17,1.789140,162
335,159,16,9.997515,131
332,322,6,20.297264,1017
135,416,6,6.661238,794
74,251,8,0.425846,183
158,319,14,11.803465,953
164,423,11,4.964013,685
373,438,10,8.220945,858
314,241,6,14.908953,126
81,227,14,13.534775,1087
111,35,9,15.317948,339
104,93,13,2.890725,405
275,352,8,9.548022,484
261,70,9,19.573090,1115
388,275,11,12.549630,692
315,381,14,18.648706,413
3,196,10,17.866022,907
384,417,14,3.189979,843
84,100,5,8.674424,587
67,243,7,4.304695,306
92,85,14,13.991910,877
242,109,19,8.161029,663
254,391,10,5.381205,1059
191,407,12,17.493545,824
188,144,7,17.698860,595
251,304,5,1.615314,947
27,172,12,16.587505,348
201,353,14,13.993613,187
445,271,9,17.910125,312
183,351,16,16.755896,221
379,312,12,15.774744,539
393,189,16,19.775407,842
40,190,7,9.547931,285
346,301,9,8.363250,1015
80,358,15,0.421377,762
348,73,5,18.279484,513
354,332,12,18.880786,599
442,267,6,10.819127,241
437,89,10,18.038733,328
350,51,11,12.319248,530
323,168,6,7.181372,767
243,403,6,18.666293,514
25,381,18,9.319324,405
382,286,10,0.138333,899
165,151,5,8.468212,497
264,369,13,3.964173,705
171,401,12,16.157499,992
146,365,5,11.410604,407
79,389,7,14.351821,330
254,52,16,18.397128,398
279,118,18,15.370442,404
73,351,11,7.260412,693
164,403,6,0.179301,970
323,416,16,0.724859,224
164,263,13,14.940646,155
247,204,20,2.161654,357
63,285,17,4.170077,802
208,181,17,6.920824,391
352,435,5,18.302097,946
387,338,15,5.599718,691
292,255,9,10.817296,331
293,1,18,8.070131,1142
113,200,11,2.044181,748
170,8,11,2.810083,899
345,257,10,6.541067,448
266,166,20,12.088300,547
131,1,14,6.492242,394
131,172,7,3.443923,307
88,112,19,18.621682,152
236,336,16,6.020675,1172
202,3,17,1.017797,908
266,74,12,12.083495,826
64,287,8,1.248701,553
104,6,11,9.104144,911
24,85,20,16.290745,841
105,147,9,18.208635,847
328,1,19,14.578049,1158
128,138,16,7.132479,768
92,433,17,9.950353,512
344,331,9,4.946819,734
235,171,10,2.736115,1108
137,285,15,2.997892,689
418,68,11,17.366968,118
233,79,17,10.141452,981
153,265,11,2.392834,105
340,263,14,16.784710,206
125,229,7,19.941664,509
404,181,16,5.644182,1190
372,357,19,4.817386,225
114,320,16,11.865227,967
314,209,13,20.213578,1002
126,328,15,19.917741,819
204,153,16,12.863527,1111
159,425,6,19.304345,1174
200,38,9,9.576107,404
405,267,15,6.676211,640
282,123,9,0.083526,582
434,86,9,7.701910,527
195,338,9,10.005846,690
405,436,13,14.998483,942
218,383,16,9.557060,1146
161,358,13,10.436326,404
16,189,20,12.609752,692
26,178,16,16.979935,915
447,263,12,17.900677,1005
444,156,9,3.292937,335
120,10,10,17.319404,168
14,435,10,4.751995,917
89,237,7,8.321963,801
157,381,10,8.144873,358
45,164,5,18.269686,481
301,214,7,10.155305,418
244,389,16,15.715677,763
261,353,16,13.206032,819
353,120,20,1.554475,371
72,356,7,17.118019,596
448,343,19,5.449245,1068
67,254,14,0.178923,529
394,97,14,17.815105,120
298,440,8,20.125115,546
251,36,19,3.028428,271
385,351,19,9.170941,285
265,116,13,18.676738,819
342,60,15,10.021671,179
35,250,5,0.114554,153
380,433,11,4.163593,137
88,161,20,14.103504,1078
447,181,10,9.891601,471
272,100,12,16.960022,370
432,41,5,15.209023,852
176,130,8,10.306952,220
284,93,19,0.351947,923
126,4,9,4.644625,1106
239,229,18,10.098039,906
399,163,8,3.160048,868
200,434,12,12.387832,327
427,372,16,16.999317,140
41,319,13,7.677666,950
52,230,8,3.157468,583
363,12,10,13.449149,1036
342,346,13,13.034345,764
167,140,17,19.907481,784
81,165,20,2.537450,802
383,173,20,1.556821,415
10,408,17,18.361717,1134
321,404,6,1.488285,1047
327,218,18,2.004226,222
66,306,17,14.275015,1068
139,282,5,14.162265,769
407,230,6,5.635000,296
245,172,14,5.225284,1150
60,405,6,11.310742,1031
126,74,9,1.414594,305
107,64,19,11.483999,1019
421,329,6,18.298752,352
326,208,19,20.464139,428
13,346,12,13.603693,498
384,196,14,1.249354,228
357,26,20,11.552235,549
69,140,17,20.190559,432
357,345,10,16.252590,488
299,111,10,14.264000,1134
404,178,10,7.697672,151
292,107,7,6.900182,847
71,96,20,11.502958,1076
165,162,11,9.486257,456
327,430,5,18.757479,211
73,41,13,10.242935,908
285,291,16,8.627259,825
11,346,16,0.664969,1196
98,284,19,13.897893,757
285,115,6,20.202865,764
220,370,9,15.471628,1122
347,17,10,13.788584,1102
73,127,8,5.882378,104
142,405,9,11.701545,418
310,305,7,2.405909,569
430,308,10,0.250440,1079
145,44,5,1.964229,1104
151,5,11,11.549650,905
237,441,14,18.139423,426
368,319,12,4.968736,954
178,416,20,3.724102,1108
311,92,15,16.119551,587
327,362,14,0.169951,401
227,26,8,9.282770,1009
367,41,15,11.776007,158
116,120,19,7.106980,975
317,1,9,16.149909,459
1,233,16,19.362402,519
275,322,8,0.466078,450
266,1,19,12.917407,110
35,389,9,17.503474,498
330,8,18,13.985402,1003
447,301,6,16.527511,384
71,239,11,7.536063,463
300,347,8,18.609967,174
236,339,20,12.460034,1049
425,208,11,14.045868,139
111,385,12,19.457103,732
77,338,11,17.386034,583
3,325,9,11.361153,279
107,365,15,1.134495,716
303,158,14,15.978512,520
377,334,18,10.612390,1132
254,232,20,16.390011,699
261,190,5,16.965483,1011
387,22,15,1.932599,837
391,218,16,3.856504,715
38,162,14,14.334205,332
278,63,13,13.721567,714
57,392,11,11.655417,992
103,360,15,16.111532,179
169,407,11,14.160188,147
108,264,16,15.251689,138
318,414,20,14.991083,271
164,96,8,7.350193,602
44,293,16,15.074709,751
262,416,13,14.441476,890
417,190,15,0.452048,827
386,46,6,10.167072,978
33,393,20,12.252601,999
411,158,6,13.684899,945
332,289,16,4.958796,277
107,385,5,2.189659,142
189,306,8,14.443689,1002
401,229,14,2.784215,1124
403,175,13,16.014331,845
80,388,10,5.966587,615
217,319,14,7.346117,236
140,107,7,10.773063,641
399,96,14,15.866882,330
419,245,10,9.149995,530
9,302,16,3.102329,984
218,324,8,19.809423,327
50,233,12,3.411039,111
135,142,7,5.572030,295
37,307,10,12.514486,1137
131,20,5,14.327426,827
365,50,17,18.479175,1045
25,26,20,9.925964,381
417,179,14,7.245359,221
243,342,9,10.646030,934
253,178,16,13.433266,1013
295,147,9,7.866192,224
19,135,19,4.864439,680
196,214,5,10.736715,1058
244,25,15,19.643872,1169
136,11,20,7.539794,595
306,5,8,1.970360,163
100,189,8,19.316877,220
213,405,11,10.742214,396
392,227,11,11.518669,341
166,175,8,3.347186,501
327,404,12,6.108062,537
37,279,11,15.208571,375
167,107,5,7.267059,1026
409,406,7,15.657694,861
334,59,8,17.459143,1058
306,145,13,19.406642,564
12,262,18,4.286808,780
85,323,13,5.340466,901
225,282,14,4.979313,145
5,256,15,19.577661,503
353,321,10,13.696942,637
114,65,14,15.812845,1069
335,241,7,15.691141,588
106,61,8,1.766309,708
434,428,18,11.589443,1010
49,13,8,16.783796,926
30,111,12,19.807454,788
440,401,13,3.347320,657
221,168,9,15.957361,526
4,236,16,9.482912,163
230,293,13,19.785415,428
414,373,14,16.452915,448
350,237,8,7.941406,106
283,306,20,0.268789,1144
219,415,16,10.277192,731
421,443,12,6.723779,945
336,315,10,17.304779,659
379,167,11,0.183259,705
179,413,11,14.218712,457
178,61,9,17.971903,334
432,308,7,19.778630,221
33,407,10,16.404432,264
141,341,6,9.068637,933
251,326,7,0.811743,400
190,232,11,12.637572,712
98,196,15,8.587554,710
151,366,14,14.432147,561
273,99,12,20.484732,346
142,27,19,9.611846,834
289,84,17,2.112237,716
292,74,5,2.753939,741
414,39,7,6.349960,635
246,421,13,18.297447,276
145,285,13,14.933946,362
193,232,6,17.560732,292
5,265,14,6.768525,1174
78,429,12,6.256670,659
394,412,16,19.296481,972
359,387,8,15.492576,744
429,88,9,17.069850,898
127,307,11,1.876672,909
393,119,5,13.340362,292
222,147,16,14.575730,1137
25,447,10,8.627189,931
45,426,12,12.475933,902
403,263,6,0.359516,1194
428,239,11,19.775274,350
14,86,15,8.530016,873
433,146,14,13.187354,1170
339,409,7,9.643587,757
447,271,17,0.441586,800
308,347,9,0.665626,233
354,106,9,20.223836,242
130,75,20,18.772460,346
308,218,11,12.137186,787
157,37,16,14.147569,1183
244,71,18,17.041596,255
260,56,9,19.264200,345
355,391,8,7.471624,1068
403,320,8,6.169135,264
29,375,7,12.634764,560
359,286,19,2.970089,604
15,154,8,1.370086,745
31,442,9,16.064961,201
298,154,20,8.725496,378
327,46,19,0.412962,303
284,321,10,18.282194,567
299,271,16,14.553999,247
159,241,18,15.312745,617
421,267,10,3.046602,705
365,370,17,1.061301,1036
446,362,14,14.754009,949
385,321,11,10.035758,336
133,284,5,6.739217,685
311,392,19,16.916956,1082
173,259,14,4.705298,1077
263,10,10,9.198448,1042
342,76,12,3.121511,697
71,346,18,19.766071,473
331,176,14,11.963084,252
209,189,19,20.284685,1031
378,380,14,2.806868,544
390,19,17,20.448594,689
257,272,10,3.790677,674
128,148,18,7.618929,747
335,155,10,18.310862,1056
6,249,14,17.147229,490
279,425,19,6.454502,109
97,353,6,16.746489,813
193,267,9,3.151670,685
419,309,17,17.732517,661
361,208,19,16.522668,417
363,41,9,9.328002,838
211,364,13,14.844010,1091
386,119,18,18.808905,262
204,116,16,2.471745,308
272,57,8,10.795766,556
276,250,18,10.799141,518
337,252,5,5.845022,1024
327,203,17,15.397077,345
53,183,7,12.558721,854
191,22,20,3.345969,292
232,23,19,16.945742,586
185,131,14,17.354693,672
408,314,6,5.720025,156
215,27,14,2.705346,246
170,152,7,15.318896,379
311,234,16,0.549141,1128
334,380,19,6.689796,808
344,238,15,4.835743,1058
399,160,14,0.505333,1054
287,2,9,18.553622,414
420,418,20,19.850018,493
36,272,8,10.021629,714
324,147,19,16.098040,462
116,88,15,11.850672,186
179,389,9,14.659629,1000
117,336,10,6.254965,850
224,336,17,9.956360,271
33,414,5,3.443269,1091
124,224,13,10.792656,968
48,44,8,16.339490,302
230,287,13,4.584687,541
359,246,7,11.341111,812
119,279,5,1.854221,297
52,166,19,16.230247,1152
332,325,15,15.189949,638
431,137,7,19.491177,559
214,197,13,2.424897,1067
398,444,20,0.876510,402
64,90,7,7.295497,365
396,37,13,6.056299,872
54,223,17,6.954015,613
282,70,13,5.189265,458
259,101,18,13.774829,818
273,26,15,8.926770,835
205,5,13,15.966932,468
291,89,9,11.123375,458
280,380,15,12.431636,493
314,304,20,5.034901,1042
5,354,7,4.134788,830
442,148,7,1.982512,1180
322,19,18,13.632712,1151
329,88,18,10.629959,1094
264,127,15,11.631083,955
378,401,12,14.939537,757
24,228,13,9.193757,151
101,332,19,15.900733,719
221,153,19,8.369848,545
407,317,17,5.554759,486
364,230,10,13.420477,1078
57,156,19,4.710749,144
147,109,16,2.555672,207
153,440,15,14.603225,780
178,8,5,4.922797,969
399,173,14,5.296925,910
277,365,19,19.750480,110
356,148,5,10.710592,160
404,437,6,9.880399,744
310,99,7,1.586781,237
163,179,6,4.773706,1134
156,210,5,16.543929,650
123,409,6,20.394006,655
422,64,8,4.923469,323
388,159,13,14.742123,1056
277,430,13,18.937716,1085
240,428,19,2.318886,469
257,309,13,9.833309,434
66,318,7,18.258199,623
0,406,11,13.985263,294
248,209,17,0.058276,968
84,298,13,2.568244,981
152,220,15,18.427766,516
276,200,7,6.126885,606
316,240,13,3.373459,591
328,153,20,2.311687,617
340,58,13,9.086066,379
36,94,8,14.300478,473
210,348,10,0.642471,448
49,270,8,15.520879,295
392,25,19,8.942887,981
45,385,15,13.319992,722
431,415,5,7.435600,816
104,98,17,0.153281,270
302,331,19,12.552212,893
247,423,20,20.381221,644
281,163,14,7.948662,939
164,186,17,8.837747,919
32,374,6,5.878851,227
64,286,16,10.235023,287
90,349,15,12.868657,1076
301,27,13,7.666780,409
390,169,18,14.079616,989
101,437,8,1.497426,1196
374,28,14,9.843121,1178
289,168,7,3.545800,169
101,291,12,3.035267,275
194,264,19,4.504899,694
9,77,15,5.514105,995
51,177,13,11.665617,1065
269,26,9,8.337943,1084
174,329,20,9.271677,748
200,425,8,16.497017,572
307,196,18,5.925440,712
73,445,14,6.727226,337
200,70,9,1.254526,1021
134,112,5,19.398749,661
177,45,6,15.493722,888
212,208,19,5.371267,611
225,222,11,6.599822,737
356,369,9,19.074125,1130
327,449,5,1.400430,829
412,404,17,7.194738,476
173,39,16,18.880582,967
424,252,17,17.911847,598
441,316,17,20.234494,238
206,432,13,6.149696,972
248,194,13,18.044292,846
395,392,9,4.897079,939
200,330,6,10.419833,1185
238,405,12,9.377564,546
240,271,19,8.015967,301
299,22,18,0.281339,968
73,4,11,0.564421,750
313,378,8,14.156819,495
369,314,17,12.338506,416
321,329,20,2.126807,143
94,407,20,13.916672,724
1,96,17,14.639091,116
420,424,12,18.921061,1124
297,196,15,7.349093,348
306,48,19,18.989750,976
170,372,7,0.348532,486
101,219,13,16.006834,1168
106,0,5,19.009926,1178
415,399,8,2.748643,584
52,215,8,11.418447,117
404,356,6,17.306339,786
309,148,18,9.292994,759
384,364,8,17.142408,478
77,380,18,17.820425,494
408,47,18,10.760109,110
300,56,5,5.029215,402
437,399,13,14.770324,122
124,422,7,14.809145,724
432,161,5,1.461731,913
69,60,8,5.623736,708
216,191,17,6.383580,705
127,428,8,10.171300,667
67,17,7,12.426804,903
411,169,9,1.771143,273
172,92,11,15.005294,479
176,127,6,2.207516,751
251,88,19,9.518475,800
352,437,14,18.402093,516
74,54,7,14.935271,315
337,402,16,20.085808,516
226,417,16,6.206621,504
368,227,13,9.532061,203
69,219,8,12.841121,655
100,430,8,10.965118,1168
432,108,15,6.680311,221
34,410,19,14.506386,188
243,421,18,1.151260,931
136,126,7,7.421367,879
230,336,8,9.260179,938
219,264,16,13.991129,979
163,312,14,16.569654,1030
404,92,14,13.570339,993
72,2,5,9.964894,254
265,383,6,3.409905,482
57,253,19,1.050094,1114
380,112,16,12.496940,1177
100,121,18,0.322494,1188
396,62,9,7.105124,888
229,310,7,4.393212,491
112,33,18,18.229841,783
8,395,6,1.032799,899
337,190,9,13.891849,173
130,248,16,8.270135,355
207,156,15,5.363309,1103
337,217,15,3.137525,826
0,316,19,20.240893,856
118,84,6,8.314992,375
214,60,12,6.265891,1031
165,37,15,10.433930,731
302,93,13,12.457225,1036
223,254,19,16.855165,805
203,355,15,13.846686,1036
145,358,13,8.650798,328
255,312,10,14.353757,1089
37,410,5,5.352906,438
270,35,5,19.542022,974
106,128,11,2.098960,1038
59,160,13,0.939755,1126
376,56,11,9.693620,1079
331,231,7,11.367675,443
86,396,6,6.813227,697
314,17,13,14.947302,742
25,129,20,7.917018,789
264,337,18,13.344935,132
191,239,17,8.263460,117
174,175,5,17.389619,375
216,372,15,1.129770,252
110,200,7,10.040809,247
397,24,11,6.801338,377
176,299,5,17.545911,299
423,260,16,15.445153,761
64,348,11,4.286735,1043
75,68,10,14.071716,175
94,115,7,1.458482,791
440,331,6,11.224313,353
39,4,13,11.833714,460
347,202,16,10.606572,133
158,421,18,19.437165,861
278,195,6,15.121529,1127
220,97,7,20.413269,994
228,119,10,15.003291,439
96,339,13,14.540971,507
102,331,13,2.798397,255
222,4,17,11.026999,1100
449,299,12,1.885540,669
253,50,13,8.997594,794
78,394,20,11.663832,861
72,401,16,17.578149,491
200,319,8,15.030315,325
295,93,13,3.108737,934
51,250,6,1.506082,964
38,224,5,4.215472,807
87,228,6,5.765434,1199
172,229,11,19.714231,149
432,267,14,9.311976,163
327,343,10,11.410282,538
37,49,16,5.072218,812
36,418,12,13.769849,634
188,199,16,13.245172,462
282,334,12,13.980861,276
293,17,12,3.062460,814
434,381,20,17.323526,696
187,288,9,17.836372,188
415,178,8,16.092628,637
434,147,20,5.421039,550
391,449,15,15.755452,272
260,86,8,11.249506,315
354,149,19,0.283231,366
284,217,19,9.996330,853
346,361,9,12.753016,873
182,211,6,9.023666,176
420,209,14,2.276947,1027
87,19,16,17.684464,596
322,246,17,18.354774,160
79,215,13,4.488292,357
265,312,5,4.018380,124
395,107,16,15.975085,125
398,324,10,11.126261,684
290,360,15,19.193775,679
26,378,8,12.868298,1033
298,328,13,6.876913,705
256,77,5,19.807940,873
190,359,20,19.564876,991
140,233,13,16.328100,356
408,91,14,17.121023,881
55,135,13,0.119215,443
148,202,12,13.714309,642
173,48,17,9.826636,878
302,350,14,15.211725,290
102,168,19,8.010218,382
91,427,15,9.925986,365
114,349,10,2.092839,1171
138,402,8,2.431104,330
212,115,12,0.428143,443
41,395,12,19.940738,999
407,90,7,7.530405,564
240,293,8,4.122217,979
61,266,13,7.682505,735
340,349,6,19.414901,417
86,352,18,2.365198,954
431,380,9,7.816574,1132
364,383,5,12.209704,127
144,113,18,12.130611,1170
271,282,19,8.908631,390
52,363,17,7.474062,426
389,12,9,1.741851,633
240,443,18,17.874473,471
250,252,5,10.245624,696
161,327,8,16.745702,1049
152,362,13,3.974356,337
94,343,5,10.509388,1005
307,45,9,5.943133,983
148,345,19,3.832221,761
21,233,13,3.903911,198
97,370,18,0.523350,488
443,105,7,0.985337,825
197,307,15,14.009123,318
158,432,5,10.154262,809
189,346,5,16.494643,1055
150,294,7,15.486070,839
158,98,12,9.208355,436
401,321,18,17.387538,451
360,429,20,10.685933,917
241,26,11,9.689402,913
3,302,19,3.618550,878
107,316,13,4.538930,793
409,31,7,1.392034,770
38,18,8,18.715769,336
411,76,5,7.146435,989
164,384,18,2.734694,481
244,102,20,2.187745,805
38,370,16,19.519606,577
57,432,13,20.038014,821
13,374,17,18.135587,985
237,65,7,20.028735,491
280,143,14,1.002450,614
393,339,6,4.922976,347
441,404,19,16.879972,534
31,410,19,1.456342,291
18,348,8,4.350784,835
135,360,11,20.165417,330
391,102,16,13.415165,968
75,132,6,19.343606,1144
227,220,7,16.519245,553
224,148,18,16.944370,796
80,186,17,0.922826,266
106,445,7,16.812752,588
267,357,9,1.721276,711
314,264,10,7.062161,645
307,435,11,4.926910,949
318,23,12,17.969136,1130
377,261,9,1.971159,341
390,343,9,13.931842,602
154,175,20,6.010998,172
93,196,17,1.742971,766
396,270,10,15.831695,340
52,266,8,7.693027,946
415,105,19,8.702424,325
192,255,15,2.101025,121
309,121,8,18.434521,637
263,227,20,9.911574,799
212,38,16,14.472054,487
185,47,10,2.865116,819
141,81,8,7.803525,480
100,174,10,12.666136,109
354,319,6,19.667146,990
267,314,17,6.506671,882
194,333,13,16.794552,710
198,195,10,5.002588,1068
171,421,11,7.125533,636
114,327,7,5.013134,405
321,297,6,15.205409,582
26,291,8,6.274775,537
430,315,13,3.371391,1077
128,2,19,1.157748,815
20,36,16,18.763783,334
412,12,12,15.856568,702
129,302,18,10.678592,711
101,90,16,4.349100,378
443,394,6,1.648911,191
50,441,17,6.141532,106
160,337,14,19.095555,236
191,0,17,3.058855,266
88,257,7,9.128200,515
376,63,19,6.925247,1101
145,310,5,14.326182,122
338,200,7,16.300054,949
175,16,11,6.393664,1099
141,250,19,9.338355,691
311,394,13,0.896148,749
232,407,20,14.832250,1036
125,275,16,10.601827,526
323,125,6,11.860061,1028
95,308,18,16.040101,910
166,353,14,13.199941,528
377,43,10,8.565450,1189
137,282,8,7.962795,180
75,82,17,14.450007,403
294,386,19,17.053059,1120
193,445,6,8.314058,107
98,339,6,13.380787,151
448,428,18,15.639842,719
184,361,10,20.057384,784
415,123,9,3.093218,1031
425,366,20,10.554269,351
9,116,16,8.580864,990
252,363,19,0.943697,1176
355,448,19,11.939310,844
130,117,7,8.393794,521
110,449,11,17.979030,1023
328,216,15,14.618289,1171
339,208,13,6.295242,1123
9,444,15,17.722637,779
48,238,10,14.082907,798
63,365,19,13.374735,1169
364,424,19,9.009679,1173
144,187,15,8.355653,743
205,116,12,8.540835,195
295,239,18,18.163173,844
69,378,10,19.005550,570
67,34,16,14.627709,427
436,44,15,2.413051,207
244,48,11,10.753267,415
380,7,12,7.245334,149
239,289,16,7.678128,1000
333,273,8,9.095915,336
81,447,7,11.494301,1151
221,365,19,18.229412,1086
70,29,17,16.605706,165
151,103,7,3.787670,864
166,360,15,14.057754,191
59,272,14,11.596636,787
448,138,8,1.323662,189
407,434,5,1.588676,494
362,301,14,16.836333,214
203,210,8,9.453947,322
374,4,19,14.123747,1057
241,443,7,19.135364,785
104,25,5,19.872569,980
314,279,5,1.520954,1068
297,220,15,16.240857,261
407,97,7,12.064332,233
137,174,16,16.342939,146
246,155,16,7.229753,828
109,322,17,18.735710,614
47,386,13,17.193665,1018
195,70,7,7.146103,381
165,77,20,19.639858,846
355,266,15,17.407063,252
207,386,7,9.935414,139
197,355,15,17.934017,1185
67,256,12,3.425671,844
240,261,6,17.753059,475
419,182,18,1.370738,621
15,407,10,0.494245,272
156,252,10,17.364676,502
159,125,10,6.693076,320
123,25,8,14.127199,631
320,353,15,14.469836,1008
51,59,8,15.556009,233
28,374,12,3.096196,487
161,248,14,16.719573,234
309,122,11,8.020239,911
173,353,17,6.176008,420
111,23,8,18.149723,790
107,277,10,10.829165,226
51,165,8,14.324796,557
332,72,12,13.821902,654
102,164,17,9.427925,681
10,289,12,9.929852,178
339,85,11,5.809631,741
139,222,5,1.024611,682
123,172,12,2.189384,205
333,153,6,14.702086,1115
361,304,17,1.880170,880
208,345,12,6.017038,915
336,145,17,9.644048,1114
239,320,19,14.961904,237
168,70,17,15.218512,154
335,214,17,4.112889,1097
86,294,14,17.537375,881
90,217,16,13.418005,466
91,401,13,0.006921,1152
248,335,17,2.656406,1139
376,399,9,4.092018,174
272,327,18,0.555252,344
89,79,16,6.488602,104
76,322,19,19.620838,619
355,127,7,15.869907,769
77,393,18,8.378241,231
34,381,19,8.337792,422
387,432,17,9.532012,785
113,98,16,13.978365,399
216,31,20,13.290573,1007
53,74,5,0.403215,551
105,406,14,10.454785,318
262,61,19,16.636883,167
338,365,17,16.937453,735
103,19,13,14.542578,192
236,287,7,19.078672,822
72,122,13,10.064337,250
275,442,10,19.221774,542
384,133,15,11.407677,696
308,401,8,7.493406,1134
399,268,15,9.222100,270
422,366,18,16.774576,415
61,410,18,6.019715,877
246,208,20,18.458693,238
7,163,20,8.688136,779
31,143,17,1.866874,1196
285,260,13,2.479838,103
244,94,6,15.638780,141
435,117,19,18.574450,1163
135,129,15,10.292204,740
167,261,5,6.716513,433
324,105,8,2.604274,172
282,416,13,7.873720,620
168,221,7,6.179728,819
277,436,10,9.747834,667
20,0,14,1.588937,477
314,174,13,11.398408,461
124,2,5,10.548439,159
270,78,6,17.420310,1089
55,128,9,6.407125,273
338,306,19,17.674824,329
29,421,19,4.782776,415
118,325,19,6.896076,691
139,306,15,9.712612,816
295,448,17,6.902804,246
19,228,5,2.962397,1196
99,400,10,6.028960,400
98,398,15,9.624449,757
152,37,8,5.850405,904
261,160,13,9.290456,1193
68,65,12,8.363947,109
367,66,5,17.300561,494
89,422,5,8.427811,230
408,197,9,9.196603,864
235,49,7,20.294457,525
144,0,17,9.746335,1116
24,436,13,4.736621,327
181,128,15,5.718638,676
263,170,20,9.635359,881
416,391,19,6.715014,605
182,428,9,0.048636,808
260,376,6,7.880626,951
4,126,8,16.927934,883
298,137,12,14.838139,208
272,78,17,16.700436,1158
426,158,12,3.428334,278
85,61,14,7.815429,900
409,274,19,2.620685,243
174,183,20,3.334288,747
56,132,20,1.452989,157
231,359,6,9.777003,324
313,312,20,0.337326,140
98,404,18,8.798643,775
288,314,10,11.355118,1047
43,328,9,1.353001,1136
36,187,5,5.575042,1120
234,190,14,1.519954,755
7,122,6,19.520624,663
440,284,7,15.655175,296
30,143,10,3.895562,995
246,118,13,1.493681,855
396,78,20,7.767112,980
116,258,10,18.045710,819
21,128,8,14.944601,634
289,66,20,5.961986,443
16,1,9,13.793936,1133
276,372,20,4.107383,572
324,370,5,7.328308,669
264,45,5,6.893942,886
131,160,15,10.857805,166
129,74,9,13.120910,1102
236,230,14,11.897296,1046
363,328,9,4.536056,295
60,308,18,1.915514,110
239,217,19,9.584728,926
247,73,15,20.310324,366
430,222,14,7.174304,419
204,241,13,10.527370,244
378,424,20,12.216971,895
200,24,13,16.172261,1135
363,287,19,6.321780,785
22,195,18,8.050226,308
133,127,9,4.763204,1137
136,28,9,11.798851,974
191,247,10,16.628809,713
412,94,19,7.519229,690
342,22,11,19.986111,1058
209,185,11,8.143228,249
167,444,5,4.281290,474
400,164,6,16.853825,413
171,372,16,13.897005,951
308,41,13,19.066831,619
438,165,16,9.848784,512
287,442,11,1.213018,130
236,285,10,9.225642,850
120,90,14,16.203239,198
111,204,12,11.914615,411
449,443,8,6.525305,683
303,325,6,20.075225,766
156,36,13,16.393659,1054
270,210,14,5.441028,397
265,338,14,12.304419,102
92,306,13,10.735211,1193
433,131,8,4.087289,300
146,50,8,5.290785,897
38,438,9,3.311503,450
365,421,10,9.057056,1059
372,182,13,19.830449,150
436,191,13,11.437114,970
228,99,8,16.126677,1132
124,106,14,18.193225,785
63,23,12,15.500816,480
367,270,16,10.852502,145
349,388,7,11.591773,588
168,4,16,13.214618,237
385,86,16,19.785937,100
57,229,18,13.467766,1019
167,251,6,9.354960,358
48,57,14,7.311674,166
243,114,13,15.402768,1083
350,14,10,17.892089,929
108,44,5,9.611812,961
309,263,9,6.474474,387
438,226,19,9.704596,339
33,168,14,3.172749,126
232,253,15,17.620410,439
197,254,20,11.241831,368
85,336,17,10.608192,952
376,256,19,15.806174,440
200,436,17,0.379035,123
245,4,13,8.218441,853
157,301,10,9.608663,787
250,187,19,0.138744,107
387,226,13,15.152923,400
169,171,20,16.882313,369
368,376,9,11.650576,206
322,202,20,5.486970,807
8,424,12,8.432920,1000
364,400,11,14.768291,1134
289,322,6,14.634857,553
446,56,14,7.362590,936
158,130,5,16.472017,569
68,241,7,17.644162,712
27,247,5,12.367718,1172
304,448,18,14.344377,684
311,220,20,9.483726,334
439,215,10,13.457669,637
195,215,12,19.012489,1176
269,129,14,9.810003,134
17,177,19,8.661924,977
439,50,11,3.904530,716
321,409,11,3.078129,991
19,178,16,12.057097,1018
244,438,7,8.518610,220
311,6,8,14.294735,1106
4,346,12,2.522197,1013
76,272,6,6.268606,564
76,3,11,18.551353,537
130,400,17,0.395841,572
312,185,17,12.038738,688
192,346,10,5.638261,866
116,204,18,19.372512,726
3,373,16,15.697353,1019
396,149,20,16.082305,904
103,262,16,5.322035,1074
73,408,12,18.330504,175
183,171,20,10.654094,1033
92,445,5,14.860746,993
30,447,6,3.302260,1197
61,146,9,12.075011,887
208,362,10,10.883962,700
280,101,11,0.050664,652
80,70,14,19.540857,128
204,298,11,6.319485,989
435,234,9,18.187553,257
390,120,18,8.282963,645
156,66,19,15.552625,503
134,376,20,16.796226,337
212,140,15,15.843030,808
299,26,10,12.347225,591
376,373,18,4.298399,731
310,422,16,4.685301,637
418,70,16,20.161138,1191
183,120,8,13.808715,418
378,312,5,13.384766,403
391,400,13,12.056300,767
65,78,20,20.324325,854
199,323,9,12.276478,635
443,243,14,15.508206,139
271,80,8,2.037027,809
213,117,10,8.988547,151
206,19,7,19.710664,621
122,394,13,17.407126,107
213,442,6,10.676073,640
419,20,12,5.277890,801
298,174,6,11.772832,672
160,433,13,9.461494,288
413,231,18,17.663793,185
150,366,9,1.490798,133
379,424,5,17.825464,978
416,9,9,16.775881,601
121,367,17,14.455471,1151
19,199,15,10.221164,1192
356,103,10,18.837582,613
395,58,13,18.353357,872
403,269,12,16.095333,335
86,384,15,10.335975,181
338,35,17,3.704880,230
268,336,17,14.124395,1139
441,326,17,5.534060,181
219,203,19,18.794359,319
51,134,8,2.617671,211
142,96,9,19.160519,470
229,88,6,1.221590,864
391,333,9,1.564932,349
142,434,18,9.899109,446
177,414,7,3.480128,1118
6,88,12,5.094020,606
288,418,10,17.302418,267
10,271,6,1.435655,509
216,136,20,8.551688,140
240,219,9,13.409613,1186
285,379,18,4.182942,395
435,146,6,7.926287,954
349,194,12,18.306737,279
43,292,13,3.309662,1006
361,122,14,0.014893,799
398,302,18,16.975163,413
22,67,14,5.933892,701
384,415,15,2.868591,559
280,184,14,16.249134,893
401,8,9,17.420320,790
405,249,8,12.598987,595
369,375,9,1.366009,701
80,40,15,4.018498,1074
286,18,14,4.435128,946
120,106,6,16.027678,627
54,53,9,14.260772,1026
198,228,18,2.459318,754
194,215,5,15.993794,599
111,268,18,6.569510,205
193,39,15,2.506459,664
398,258,10,1.154520,165
419,73,6,11.695872,381
18,447,19,18.191720,393
79,357,18,10.592069,965
197,180,18,1.781229,564
317,302,10,15.863622,488
441,228,9,4.190092,1012
76,405,14,15.986904,746
181,387,15,15.577475,972
103,181,10,4.806029,738
418,234,18,0.101540,949
63,428,16,7.001523,547
247,324,7,17.806118,425
198,131,19,4.361832,220
231,61,7,6.208109,382
166,6,14,12.212035,183
236,149,13,3.859951,1039
66,327,13,16.572029,1177
19,424,16,17.108660,1161
179,39,14,6.485456,300
379,267,13,17.428115,289
369,208,11,14.963782,683
197,381,19,6.405156,617
398,356,11,17.349392,1087
92,401,15,4.076202,927
122,264,10,10.497758,994
90,283,11,12.098475,1151
267,181,7,8.377664,637
184,224,20,7.043391,111
122,10,14,0.423290,249
170,325,5,9.555225,142
163,94,15,18.993702,583
233,432,8,20.299982,223
296,224,18,2.598825,768
344,46,10,17.731234,863
205,445,12,13.581389,1133
415,216,10,18.129096,242
389,318,12,12.684420,937
286,80,9,8.489610,578
406,45,17,6.467589,937
176,360,6,4.013497,527
87,183,10,7.633525,707
128,118,9,20.198737,246
105,12,10,8.231627,609
352,72,8,11.233248,1100
99,80,11,14.193020,953
337,172,5,6.042684,674
172,33,12,0.356039,558
200,227,16,15.719829,824
110,215,12,0.890621,899
12,92,7,15.186310,626
28,8,12,4.961114,490
280,260,12,9.936746,1066
3,314,16,13.216387,683
74,317,6,2.861197,252
139,366,15,3.726005,890
401,214,14,19.278360,918
90,149,18,16.412933,568
121,190,13,10.394106,161
144,360,8,11.929914,133
5,184,11,11.359892,722
341,154,10,6.327520,456
399,441,5,8.439219,333
357,403,9,3.286575,239
94,423,7,4.760889,774
40,340,16,1.213262,814
216,348,19,3.903852,544
421,399,20,8.951319,299
124,304,12,18.645389,130
273,117,12,1.578010,252
271,381,10,0.447935,508
210,196,19,14.696916,861
220,282,6,2.175163,925
271,347,5,9.741348,1051
4,192,18,16.887505,210
197,145,16,18.302471,937
270,98,7,18.766193,138
12,93,18,12.650411,1092
81,412,15,9.393105,575
368,175,16,19.394492,1103
402,351,8,4.737537,717
191,25,11,1.572224,484
114,402,13,15.664643,353
413,241,5,17.791452,565
47,337,6,16.599765,965
335,322,6,8.602664,304
254,424,16,10.555362,827
350,129,19,11.390092,1086
22,176,20,15.769651,831
192,142,6,14.044196,514
446,0,20,16.895916,210
401,109,18,6.211819,864
8,414,12,6.861747,284
433,443,17,5.059735,921
183,44,9,3.179025,907
256,250,19,16.384467,544
388,334,12,9.078301,861
89,416,9,18.760711,1084
278,268,12,15.768573,580
112,201,11,1.643696,622
374,116,17,2.844379,980
30,287,9,5.577763,1075
48,310,16,17.705891,742
181,166,8,7.336382,912
12,56,14,5.368663,878
40,17,11,10.743552,197
30,88,13,2.267226,900
276,40,14,17.276517,1064
198,9,13,12.012205,449
30,423,16,3.773939,903
402,134,18,16.745212,769
320,114,11,3.526362,748
397,140,19,5.326341,765
236,33,7,13.859520,471
298,198,6,9.480161,817
145,292,18,4.072032,104
9,191,13,13.093760,1152
115,440,15,18.941506,553
401,154,18,3.951603,866
185,428,19,2.583407,889
83,263,14,1.265151,633
423,271,7,8.532438,693
209,287,19,0.882075,554
121,263,13,7.193359,659
133,279,14,11.894532,266
199,76,19,14.795096,1173
126,251,12,11.316899,546
93,232,7,7.743308,1034
345,48,11,20.441261,693
137,305,15,7.486632,228
5,268,20,3.463631,868
396,203,12,11.952944,503
208,162,11,4.104644,620
340,131,8,5.419969,348
304,88,18,18.541243,1055
15,354,8,19.192228,292
194,150,12,9.297562,1054
119,447,18,8.661099,208
81,190,19,15.258562,1172
222,24,12,13.176603,889
101,146,19,11.072288,549
56,346,8,18.069109,625
177,42,9,19.881425,664
135,351,20,2.494330,1185
51,237,17,8.093728,524
407,426,8,10.734067,196
195,65,15,16.446829,394
30,169,6,14.260998,854
428,388,14,14.374336,1105
144,412,12,18.663556,337
20,328,20,4.916706,1131
68,200,15,16.246394,1197
94,23,17,1.304445,799
430,37,15,5.936186,212
251,196,12,16.440732,332
120,39,10,0.832324,1092
311,315,11,9.558175,468
271,342,15,4.532256,125
172,294,7,17.035974,507
359,210,5,4.013560,665
243,332,20,11.205470,767
327,67,20,9.905635,323
402,48,5,19.129617,786
84,416,15,17.490875,783
60,86,15,9.517497,500
144,60,9,2.114234,855
6,149,13,4.529788,975
407,72,12,17.247531,805
284,250,7,2.474749,612
368,50,13,4.741104,856
61,363,17,15.893703,239
114,200,7,19.728646,382
413,438,20,7.901379,944
409,61,11,12.840129,1059
403,73,5,0.339871,226
200,336,10,13.199308,230
116,341,15,6.828270,105
424,235,20,20.461932,499
73,181,7,17.870351,1024
381,328,5,13.934947,997
248,341,14,5.227136,1100
194,290,10,17.099831,1027
68,381,19,7.358325,785
287,49,8,16.482309,726
340,13,7,7.477020,819
53,56,15,18.805975,626
211,53,6,1.237258,277
234,42,18,5.120127,587
187,418,5,18.419644,465
287,254,5,8.936984,495
122,24,20,12.973140,1125
165,29,13,17.952497,423
179,421,13,7.699417,137
65,286,6,18.262526,1005
357,39,17,8.694677,441
171,43,6,10.274913,494
121,44,12,14.021251,878
104,252,5,2.904646,845
131,108,20,19.786031,1162
92,246,20,13.546331,445
89,150,7,15.209138,886
234,360,13,14.073529,404
236,11,20,1.337353,902
306,387,6,0.446958,313
42,69,11,2.601517,529
427,220,9,12.026830,324
163,320,11,10.367430,287
10,373,5,11.551525,119
354,108,11,13.232128,787
18,413,15,11.061688,1131
401,306,7,11.330828,723
435,422,11,2.482955,136
246,271,5,3.236834,434
385,169,19,5.491816,322
181,206,9,12.040858,1102
392,377,10,10.827123,564
373,29,12,2.787863,613
256,26,8,0.607922,631
271,26,18,15.077296,1163
399,150,14,4.556789,364
226,98,12,3.908622,178
47,266,16,11.748677,347
394,146,17,7.489211,456
248,168,5,5.609874,287
409,347,14,16.628948,211
2,433,19,20.033962,538
175,238,14,17.469866,426
151,16,17,11.102660,472
267,167,16,9.621114,984
246,250,14,4.385544,376
389,196,14,15.128390,326
174,305,19,9.258150,671
30,342,20,4.066341,449
60,42,8,12.427153,917
222,368,19,18.273959,188
312,4,8,6.668895,690
46,236,14,15.000885,671
329,290,17,16.641504,118
46,444,20,5.013450,697
366,349,18,3.715890,1088
77,102,12,19.717743,106
122,98,10,11.516054,473
167,122,19,10.976901,781
90,280,8,13.757013,856
92,131,7,14.191587,883
395,170,9,2.777435,824
206,110,18,16.947995,1199
267,180,15,5.391444,208
77,330,20,8.615120,499
257,93,17,1.189684,687
68,385,7,0.269852,1012
191,211,8,4.534904,491
134,150,15,16.188275,716
57,19,5,11.519321,968
217,248,14,2.553109,281
91,114,16,0.119301,694
92,353,11,15.697598,668
291,224,14,4.130221,173
136,140,9,11.464535,617
300,277,13,14.768468,842
377,256,20,19.993894,700
245,272,6,12.554078,859
13,132,10,2.165003,948
277,5,14,18.893835,1049
66,394,11,6.911208,345
203,3,14,19.142807,463
217,250,18,5.200868,401
419,173,20,16.365838,358
226,67,18,6.486012,433
434,77,5,17.859555,780
5,269,18,4.769818,807
39,88,12,7.081242,769
364,106,10,10.700540,232
418,247,10,10.290139,769
117,357,18,11.245075,1156
337,348,13,6.945212,1031
61,347,5,12.483690,836
75,373,5,14.039650,836
117,227,8,12.925004,1101
155,44,20,10.211390,669
243,325,20,13.123526,973
32,235,20,19.739447,969
139,393,13,16.217010,356
82,77,15,18.074915,1031
281,427,19,15.748707,720
109,388,8,15.891403,668
112,183,17,13.330553,163
435,23,20,11.564873,1019
313,333,9,17.008716,1125
215,243,17,14.965162,174
415,152,9,1.452527,332
440,405,11,14.483035,485
314,421,7,3.563662,1109
134,159,14,11.994371,750
11,106,16,8.264725,344
254,277,9,1.581339,366
66,145,5,16.521751,1197
365,304,19,8.366291,720
251,201,9,7.495429,1162
362,120,6,12.954925,498
67,438,11,4.848784,634
254,387,5,0.133757,135
245,444,5,18.102228,375
384,9,12,9.018128,929
348,442,10,3.835578,755
381,379,16,12.182202,651
236,263,9,0.356760,1137
270,81,16,1.162330,290
266,22,12,4.690899,898
361,187,5,3.656577,960
270,353,16,0.050713,755
190,153,11,3.127267,878
237,324,14,12.278114,860
186,422,13,7.793622,312
233,252,18,19.088885,1186
130,232,13,7.507741,1163
347,115,11,13.170875,566
92,166,12,14.116513,1115
362,88,6,0.605911,977
233,285,10,0.781131,528
27,189,16,14.029318,233
334,15,18,10.151079,1060
441,327,16,20.358157,706
359,226,17,12.200258,1104
145,16,11,0.455456,596
88,34,6,7.342782,212
194,208,14,3.093416,516
430,147,6,12.233852,765
152,433,11,5.037634,1176
12,34,15,7.475011,781
294,267,12,4.205351,689
372,91,6,1.470822,355
92,391,8,17.938987,318
319,279,9,0.684459,462
61,310,10,10.316538,450
148,27,16,1.146750,812
359,336,14,1.504221,684
220,182,9,16.053095,247
248,345,19,1.953493,477
357,220,17,18.438560,873
232,331,10,10.243289,1027
289,218,16,1.700392,622
319,4,5,16.979124,320
233,405,12,14.549725,317
276,279,7,12.499748,139
176,34,9,14.673239,327
288,140,5,18.393447,807
61,352,6,5.630977,1099
212,411,10,9.713215,251
80,146,13,8.867703,925
387,14,5,7.222281,1039
96,88,17,11.373863,963
216,4,12,6.703325,650
275,110,20,1.394825,1107
16,273,7,8.004154,625
216,385,6,0.866244,765
254,443,8,3.857105,1159
56,266,8,0.704201,504
242,62,5,16.642059,899
42,33,15,7.053879,465
285,319,12,8.766014,914
363,63,5,3.683481,126
446,221,11,17.380199,1061
146,294,20,3.736706,447
111,365,6,20.115833,956
172,228,5,8.890871,182
428,445,17,7.996937,215
149,17,18,18.894620,535
33,140,18,7.465729,458
41,325,8,18.208184,746
200,363,11,19.012510,873
420,442,17,11.735367,302
390,306,20,19.128443,1049
29,16,7,4.257978,939
289,442,6,1.943316,1074
401,323,5,18.712966,876
104,103,19,5.312137,244
196,161,12,1.734743,110
425,238,20,1.900737,123
137,298,12,3.424469,114
25,241,5,19.828233,735
22,209,12,2.482924,1101
25,15,5,5.424054,934
132,415,9,5.328916,835
409,2,8,5.328227,740
284,190,19,1.480124,949
391,15,7,1.087758,236
316,347,5,18.096502,1137
103,196,17,9.351749,1130
231,377,20,9.700032,185
192,374,10,14.382397,630
152,281,10,5.454569,130
116,30,13,11.486599,609
278,31,16,8.646811,411
98,184,7,18.085666,356
189,219,7,17.077361,709
133,17,17,9.385892,620
394,274,7,16.743279,1139
437,36,15,10.683008,141
35,236,11,14.229714,1139
388,373,18,12.830421,429
268,262,5,7.749685,1108
350,339,7,15.256670,973
181,361,15,2.585018,920
415,245,12,0.417834,1095
279,426,8,16.169541,1154
190,105,19,20.362791,250
145,222,18,11.339879,136
240,179,15,8.687144,110
150,338,16,1.162334,639
199,202,17,2.281032,789
46,317,19,15.532225,961
22,434,15,10.623006,137
209,205,7,16.838805,136
192,33,6,9.807173,336
357,122,12,14.727859,785
89,266,10,20.480914,761
59,319,10,4.788679,715
53,413,10,13.988611,221
4,202,16,17.761400,481
244,133,16,10.057380,793
325,216,12,10.372141,699
337,272,9,18.323105,277
330,449,16,16.929321,463
58,12,9,6.795171,482
229,83,6,3.148593,870
439,20,12,6.204480,299
35,194,18,16.551647,919
310,208,14,7.130159,535
261,268,13,6.599823,168
11,366,17,11.421692,1096
269,288,20,13.582041,1136
30,318,19,18.011481,863
449,365,8,6.445664,911
154,115,12,4.058037,649
177,116,13,15.912547,1145
167,253,8,19.551458,399
344,373,10,18.150983,1188
333,243,10,5.333916,618
177,199,11,2.434558,1061
12,414,8,8.587522,1179
308,52,18,12.071850,247
226,83,19,18.799153,1164
33,79,8,10.631899,132
0,357,13,7.633987,967
127,211,18,10.369571,818
341,358,8,12.589141,1067
62,235,17,13.064582,788
72,114,7,9.867751,816
311,224,10,12.735364,879
355,110,5,13.691063,653
106,114,9,6.440841,919
352,326,9,9.548690,319
24,297,12,3.369902,276
46,71,5,4.327621,489
149,229,15,5.683226,689
400,430,16,12.618507,845
440,119,5,0.081814,1167
416,126,15,11.517207,251
31,374,16,7.845206,1023
189,41,18,12.753501,848
368,317,13,0.631589,171
46,26,11,20.373553,1015
50,227,15,16.429877,370
393,158,19,20.195618,1196
443,140,13,6.982368,813
445,361,17,14.612426,764
85,156,7,11.297314,814
313,402,14,10.600902,842
278,144,17,12.840432,1026
218,52,18,9.935196,274
327,7,19,6.175454,1031
192,117,9,7.059623,1150
304,326,8,6.435092,853
106,50,18,9.941882,514
171,366,17,13.028287,845
260,360,8,5.092754,702
42,76,5,7.484632,988
144,64,10,5.106827,864
282,89,12,2.497737,332
237,176,7,2.557248,650
81,379,17,18.666865,296
58,167,20,2.816608,599
204,100,15,10.562234,997
10,107,10,5.033350,886
160,364,7,9.803501,166
257,284,10,8.761875,936
17,320,9,11.089571,1200
196,82,15,6.210699,558
431,289,16,3.422660,1061
391,4,13,20.319621,781
35,125,8,3.245381,1030
79,197,18,18.380848,526
287,438,5,1.114353,475
200,263,16,7.403880,1105
380,441,8,2.910410,978
108,437,20,4.155328,736
114,54,15,5.276621,1141
66,130,18,5.154279,155
417,80,13,14.353319,625
241,223,14,4.668357,135
255,247,15,1.140286,1130
189,110,10,12.467755,1118
135,340,7,2.285235,171
286,314,14,5.482930,1054
52,0,8,12.589357,530
22,153,17,4.949197,622
14,331,18,16.869912,1088
132,72,8,15.545679,232
48,279,16,20.482847,194
127,29,19,10.444095,573
155,89,9,14.822822,153
115,64,20,14.990406,832
83,68,5,13.623315,274
47,33,8,5.795933,963
194,102,8,1.729962,269
267,56,9,15.114109,1021
350,425,17,0.087003,166
410,247,19,20.362686,926
90,315,19,7.350803,1148
300,86,11,19.498763,390
276,357,5,4.545757,1101
31,84,18,5.487921,1172
119,288,18,5.179393,972
192,412,10,19.661199,270
210,373,11,1.315236,185
354,20,14,15.102703,640
169,333,16,5.851087,1122
416,319,7,2.091319,195
217,213,8,9.049779,670
213,305,11,8.349030,759
284,417,13,13.001420,133
297,57,14,10.138244,924
441,17,16,2.498824,1089
245,283,19,14.629266,417
291,104,8,14.615983,1005
80,98,5,16.209427,650
426,114,6,7.558736,828
409,392,17,8.090360,1135
2,323,13,17.010296,1164
374,298,8,1.766656,502
259,167,7,7.794213,337
151,117,7,12.586903,530
271,173,16,6.615212,651
307,224,19,4.155688,852
58,89,11,13.925750,657
406,179,16,6.350583,144
21,423,18,2.060997,537
370,220,8,5.040011,1145
163,169,16,1.595545,607
100,414,7,15.968182,800
77,185,9,15.755097,1200
36,378,20,2.108192,475
8,131,10,14.311097,290
393,357,7,1.553310,537
85,236,18,2.521201,821
32,319,9,12.566637,687
153,13,7,1.456849,1156
120,158,11,5.864092,254
285,7,8,3.366037,1114
130,47,12,10.012744,190
24,378,14,5.535020,1079
236,53,9,15.604770,715
150,310,17,5.974382,1102
28,448,15,13.174652,848
140,58,13,12.570027,306
220,245,10,7.003367,992
6,45,14,9.846157,1048
235,413,9,7.445935,626
300,309,13,16.163819,1052
410,14,9,4.075865,345
41,177,7,19.306773,360
333,443,18,11.117452,598
251,391,14,9.702311,678
197,151,10,20.022431,718
105,246,20,8.004986,213
369,111,14,13.024114,688
361,92,9,14.267736,455
127,376,18,7.063646,1129
294,348,8,10.938570,417
326,387,18,3.105696,362
100,443,19,14.569960,930
159,411,11,14.579118,1068
427,102,10,6.626808,567
89,27,14,18.799247,685
97,345,13,7.169532,1048
150,102,5,8.499045,546
408,250,18,1.911282,148
12,36,17,1.102869,488
358,324,15,13.418487,667
350,153,14,11.080330,613
367,320,7,0.173392,409
114,325,20,11.270560,1095
317,94,11,6.570472,1175
279,327,9,8.742566,144
118,359,8,3.705122,197
85,347,5,1.339432,381
64,199,12,10.026495,1159
213,110,6,19.076361,1101
143,14,10,4.628605,533
321,251,17,15.557645,1120
48,378,5,2.810497,764
432,170,16,10.656452,1156
220,409,12,16.710182,105
145,424,7,16.951432,208
9,415,12,3.706732,667
270,29,20,16.287685,908
143,140,11,18.686371,559
403,401,10,9.847347,891
59,312,9,11.040764,435
306,23,13,4.642298,467
427,243,20,5.677605,247
44,103,6,7.129243,840
366,234,8,6.376811,995
419,264,6,9.384506,627
449,120,18,15.877705,399
8,217,20,1.529018,202
330,71,7,10.353426,597
26,59,9,14.689314,1160
71,342,17,14.637313,793
63,352,7,16.968913,1170
363,424,5,18.900657,590
89,229,5,3.482073,1050
108,77,11,16.715871,1054
124,238,15,3.783556,727
212,335,14,4.782717,411
43,223,8,5.709120,867
219,321,20,1.544053,295
84,143,16,15.555474,551
81,403,17,16.893206,1089
446,153,20,11.971197,395
112,47,15,0.261881,1110
307,406,5,7.317064,371
221,116,11,19.115381,719
373,6,5,14.541030,947
114,159,9,17.992092,1186
371,20,19,2.615940,610
164,341,16,11.183960,732
293,167,17,9.689108,528
242,367,13,13.349755,352
93,250,5,0.316783,316
298,400,5,3.844668,306
334,179,12,15.773240,981
104,372,16,3.579002,1091
177,31,10,14.974221,1114
241,338,7,6.896137,1170
196,43,10,19.464803,812
295,381,15,8.971712,1045
164,107,16,1.011129,234
53,407,17,14.809501,564
346,268,7,0.359940,705
113,162,20,19.324091,1190
8,415,9,2.029809,481
422,404,20,0.916576,593
84,380,8,20.373593,504
33,85,13,8.257195,158
127,202,12,9.959249,225
287,308,7,4.980635,1170
157,140,17,19.332105,825
442,253,18,11.868490,267
101,37,14,3.282153,689
69,176,20,5.339263,960
389,145,20,13.105062,897
243,44,10,20.137905,236
121,372,14,9.343281,279
254,308,8,11.531870,174
42,14,17,15.942609,669
241,270,8,9.710054,1010
243,251,9,19.492102,385
345,292,6,11.756944,1095
60,443,6,12.936528,1013
202,203,18,1.612400,620
388,321,7,3.694037,762
92,77,12,15.062071,730
274,393,13,3.748717,829
306,156,10,10.716495,481
37,136,18,9.291063,797
331,178,12,12.917068,1161
70,100,17,9.516878,357
408,205,19,18.836208,568
214,293,17,7.267912,268
173,22,11,19.951312,712
389,187,5,15.491321,114
18,283,12,7.374712,1153
130,305,7,7.829154,111
257,104,14,7.441100,910
209,336,9,11.098828,719
244,367,19,17.319252,305
104,379,19,20.305459,338
380,208,16,9.404543,1038
102,162,11,1.698936,280
30,205,11,11.458028,168
36,91,14,19.671561,594
47,198,15,16.269143,653
440,291,8,13.474319,296
63,376,18,18.088747,423
356,386,14,8.612056,727
241,415,20,3.548214,266
375,201,11,19.768981,157
246,252,18,4.285642,366
399,172,5,3.330605,213
434,145,13,10.511962,649
11,388,10,8.463455,150
342,24,15,1.977517,762
50,292,17,16.039110,773
281,357,17,5.546209,678
367,339,19,5.865419,150
429,403,15,17.257906,1153
104,131,20,17.507242,1126
382,17,19,15.573239,442
316,330,7,17.247778,725
391,410,8,11.609900,336
386,305,15,12.249997,213
277,449,9,2.880517,580
14,151,14,1.783478,405
341,112,18,15.343786,994
0,215,10,14.479668,1115
58,272,11,20.073703,968
301,117,17,17.508737,914
406,177,20,5.034113,537
333,343,14,18.469990,894
92,262,16,11.647129,674
266,354,20,6.883615,735
238,430,9,17.988954,396
11,100,13,19.431176,487
268,409,20,10.765122,335
149,56,14,4.920580,480
214,447,11,15.242568,418
163,137,8,20.195256,921
308,68,11,7.620438,595
339,98,7,7.403928,229
72,222,20,12.185642,221
209,138,12,2.867106,361
352,172,19,0.447897,802
256,279,6,19.869580,548
304,394,7,5.552194,578
108,149,13,5.075252,928
15,184,5,16.188325,1008
46,378,19,4.638141,768
28,172,17,7.079866,1075
327,287,10,12.167860,831
216,334,20,19.980502,936
315,190,5,10.927704,228
264,33,15,8.121929,579
39,2,16,10.234567,951
314,210,14,15.415662,726
246,425,6,19.738526,982
422,288,19,0.758535,1200
261,27,11,1.120581,1048
327,125,16,11.251961,761
252,13,10,1.090314,1119
382,238,5,18.816748,101
421,79,11,13.760135,891
408,266,15,8.812129,559
142,15,12,6.188740,513
369,194,10,0.936207,1064
259,316,17,13.902884,584
312,240,17,17.692838,767
192,65,5,0.098210,832
61,351,12,6.638340,1162
68,181,14,7.725189,745
249,222,19,7.259338,198
314,192,13,3.792751,546
191,105,8,12.170335,655
116,212,13,13.001817,263
182,353,9,6.208899,147
76,334,5,10.840552,296
290,315,11,5.512114,758
41,216,6,2.078520,552
110,146,12,17.812258,1136
87,378,14,7.688945,1129
366,212,18,8.495916,522
22,378,13,4.194054,695
0,349,10,4.107982,581
89,38,12,18.953511,854
65,194,9,14.387833,1070
253,396,5,0.443347,103
25,35,19,12.396390,736
250,158,19,11.442370,678
333,342,20,11.524827,662
111,20,19,9.416854,768
196,194,11,5.759493,705
352,423,10,5.798221,863
125,401,13,19.773767,930
242,431,18,18.400203,659
301,347,18,11.393637,783
152,72,17,5.070918,1070
270,325,18,6.700306,909
7,161,18,1.270081,598
123,275,15,20.424112,749
247,25,17,19.752499,278
255,69,17,13.867451,194
314,336,6,16.116364,633
229,38,19,14.964158,392
245,109,18,13.670096,436
33,365,16,5.714056,395
171,315,7,8.462650,449
33,392,16,12.618865,922
50,249,9,11.740907,276
140,123,15,10.246355,385
229,387,16,6.019769,1043
382,289,13,12.614245,330
273,80,6,19.180883,675
190,24,16,7.828192,350
260,214,17,2.112670,150
10,336,19,8.132027,532
68,351,19,17.129325,1199
23,292,5,18.524288,1006
284,322,12,1.373372,545
212,354,20,13.609575,778
390,351,11,11.857536,489
396,284,15,5.523390,545
442,409,18,15.498744,1155
177,122,9,2.035038,815
260,118,8,0.321587,887
42,79,18,8.598769,562
0,265,12,11.659700,1176
90,65,9,18.074315,372
296,158,14,16.561891,693
377,375,15,17.281987,780
196,415,8,16.196346,674
313,44,9,6.154902,660
323,436,18,19.614759,987
90,418,17,11.421664,766
29,397,8,1.663762,506
332,88,12,5.075961,794
183,68,6,6.020724,574
257,79,18,4.564399,589
186,193,20,1.867344,280
358,105,7,0.285537,436
91,181,15,0.984525,1000
160,46,11,9.743235,395
395,70,13,15.259164,1072
24,75,18,4.687046,382
79,210,9,9.092956,1198
176,220,19,9.999082,335
300,396,9,19.027745,1136
28,138,6,1.785092,362
363,282,14,14.851639,195
177,410,6,13.881871,932
330,181,18,2.123856,594
328,442,15,16.073630,299
76,403,11,5.261509,1108
293,441,10,9.241105,488
179,73,15,16.181305,296
326,28,14,17.474539,759
233,68,13,0.811149,1193
182,57,14,0.237576,1074
325,375,11,3.841505,202
359,79,13,15.147788,715
242,415,18,7.488985,1103
161,386,6,9.819423,295
117,377,11,15.671220,836
183,175,19,6.992711,292
34,200,17,13.604588,809
200,173,10,7.206345,702
410,18,17,2.066336,954
449,109,14,15.297660,352
184,297,7,7.570730,457
313,427,15,12.509223,861
149,433,15,15.192867,266
260,283,9,9.614874,485
291,142,12,1.967281,663
120,169,19,4.012062,376
9,35,15,8.204408,664
177,154,18,18.438197,704
184,238,9,12.162195,1160
435,210,9,10.153857,803
156,435,9,10.229212,949
385,404,6,6.960804,1072
442,143,18,4.442069,367
441,145,7,0.385492,520
33,239,12,15.569355,1018
392,85,16,2.196126,576
285,392,11,19.634450,290
347,339,19,15.984271,198
343,440,18,7.621639,458
432,280,14,8.466006,295
201,359,20,11.648018,1184
205,435,10,13.827298,120
174,200,15,20.429581,1148
88,353,16,8.428064,1062
316,309,20,0.976983,374
17,321,6,17.701298,747
283,67,6,14.324264,775
277,181,18,12.220944,1179
198,52,6,1.166770,338
36,386,10,17.025095,234
332,48,9,7.287197,1006
257,0,17,16.546295,979
140,9,7,1.631350,461
28,335,17,17.805663,652
275,418,14,18.570354,226
268,240,8,14.380516,852
214,74,18,15.581211,745
58,201,13,2.574962,1056
369,367,7,2.121099,809
282,110,18,10.376406,466
441,230,14,19.367168,958
184,360,11,18.423015,385
318,16,15,11.995092,103
242,14,11,10.205412,222
273,322,11,8.878236,268
400,67,9,18.127217,547
98,254,18,2.742470,317
124,228,15,10.147069,130
260,29,17,4.090837,541
100,237,19,19.472462,400
90,186,9,11.768602,1075
203,435,19,14.392293,477
97,331,5,4.248815,339
448,15,19,8.433875,856
46,351,12,3.220279,678
304,28,15,10.466081,522
147,315,5,11.056912,706
310,13,14,11.063719,771
331,74,18,19.750522,1035
199,68,11,10.540304,271
108,360,16,17.469782,846
323,333,12,3.687579,693
291,99,8,15.733416,458
268,397,5,15.621413,1193
391,182,8,18.853974,164
360,180,19,19.873885,676
118,449,12,9.348300,513
6,268,12,17.274835,1084
383,426,14,9.305048,1005
252,61,11,16.374522,691
169,380,6,6.140611,460
120,21,15,2.788304,1099
48,239,11,10.404325,1033
139,437,17,14.702140,117
360,94,11,15.267089,1065
185,51,20,9.848167,385
55,281,15,3.522763,390
9,156,16,4.003394,603
106,46,20,15.341349,315
194,53,12,12.961440,327
116,33,11,19.095401,321
200,183,7,7.095479,616
193,348,8,20.462555,888
130,440,11,17.112986,1159
214,94,19,2.379556,1184
163,113,13,8.848411,646
227,238,20,8.764771,1186
3,305,6,11.941305,428
231,22,12,7.920816,1047
252,431,11,0.387791,636
83,278,13,5.231308,442
322,97,16,18.901265,603
377,102,9,1.726620,1045
177,60,20,2.947105,380
108,177,14,3.651197,272
73,62,13,19.860349,880
405,36,17,4.855094,426
218,320,19,15.212535,271
49,61,18,10.870805,1060
350,96,13,8.294090,467
382,47,17,4.998438,840
423,129,10,2.546209,636
444,211,8,15.570006,927
132,325,15,12.645714,1138
337,25,17,15.614322,732
283,116,14,15.202696,370
399,443,13,9.777585,218
69,190,20,19.615405,1036
260,229,18,1.891919,1107
120,307,10,9.353719,479
79,414,15,0.486784,1146
77,317,13,19.199633,466
23,40,20,11.458764,1162
258,243,18,6.253849,304
445,405,9,2.784246,606
377,441,12,19.891798,170
343,438,5,17.462212,837
119,170,6,10.363006,385
359,44,13,4.611109,361
55,329,7,6.078550,176
301,332,18,12.838537,1123
180,211,14,4.538809,654
47,302,13,3.593185,455
341,125,10,4.552012,285
44,59,7,1.843908,1051
97,271,20,15.047225,654
20,83,8,11.827014,511
39,302,20,10.305278,1160
372,294,15,17.908483,674
301,304,6,5.363004,252
209,258,19,6.397989,135
424,366,18,16.805168,1022
249,324,14,16.707938,962
136,122,17,5.907117,339
105,350,13,13.792045,150
76,90,11,18.881285,509
46,96,20,0.617850,442
256,373,5,5.054458,171
292,50,20,15.217290,558
307,253,13,20.272156,782
429,186,11,4.035604,652
417,360,19,12.363390,1053
168,144,11,16.450804,314
351,338,13,11.679935,976
247,98,14,2.592661,891
58,125,14,16.999827,563
20,116,8,4.572592,544
14,9,11,12.001945,230
408,279,5,2.810819,1064
186,355,14,17.255946,933
109,230,14,9.556900,839
224,331,15,11.511526,786
397,56,11,8.405052,445
241,357,18,14.189967,508
292,111,16,12.981667,919
384,375,7,6.366365,674
68,165,15,15.498470,450
428,187,19,0.436959,1075
264,49,12,14.993035,284
374,271,12,4.896034,653
119,153,6,7.671773,738
47,129,20,9.561558,160
389,237,5,11.742245,1182
277,400,5,1.451624,389
6,331,12,2.838247,1166
303,94,7,5.624946,1131
418,69,19,17.087679,209
175,208,19,7.647620,300
16,211,12,16.609727,838
30,202,10,13.450818,637
347,351,17,13.329414,667
285,19,18,4.569808,725
196,387,9,19.598071,1034
142,120,8,10.582530,1078
301,138,17,13.818950,313
373,187,15,16.825583,316
279,325,11,14.652814,894
83,142,9,5.479094,954
192,358,15,2.924708,987
57,178,19,19.400416,232
209,140,11,13.524738,362
152,158,13,6.241149,477
99,243,15,16.371489,888
100,248,20,19.517045,558
17,106,6,12.374687,117
218,338,14,8.823258,1049
190,331,10,1.600088,400
394,179,6,2.896776,765
105,26,15,3.192564,179
122,16,19,7.680465,907
72,432,17,11.103613,880
409,213,7,2.047036,765
366,426,11,16.222062,575
53,381,14,3.293776,383
234,142,18,3.137213,827
158,349,8,0.150739,912
83,5,17,3.547962,804
310,264,12,10.385340,635
188,97,8,5.885047,316
334,27,18,6.064143,515
123,122,11,11.320488,547
337,237,12,14.262605,309
341,403,20,12.873800,1045
439,162,8,10.125896,474
70,150,10,3.053918,173
65,37,15,6.121927,498
235,18,8,10.988046,721
49,357,10,13.333793,164
48,386,13,6.513436,426
320,1,13,5.884689,394
445,289,17,7.628114,888
135,52,13,15.237555,200
384,121,12,16.898256,851
358,214,6,14.669755,1064
216,423,7,8.180588,283
175,62,20,4.663564,564
234,46,13,17.085917,684
331,123,17,5.412725,913
1,163,8,5.492987,1027
67,421,14,13.432364,1172
322,47,13,5.949926,786
288,315,13,11.272595,271
233,35,19,18.925066,162
35,37,8,2.275681,628
91,294,20,12.172947,390
217,323,12,13.884108,883
390,186,9,20.364140,111
119,330,6,4.949670,924
385,247,5,17.298791,800
288,132,12,5.510088,387
40,127,8,12.836999,768
443,12,13,12.766778,111
420,380,19,5.916538,188
209,43,20,7.647662,1024
397,189,18,5.569332,371
437,334,20,0.464987,873
166,309,7,12.856667,895
211,155,12,15.392931,752
436,422,5,10.354320,225
414,93,18,10.808747,293
119,283,13,13.962342,979
41,35,13,0.373437,694
98,24,6,17.175297,351
275,325,10,5.691518,254
374,370,20,1.333041,485
94,4,5,10.143524,1115
335,385,14,18.379479,569
250,63,10,19.041276,311
425,304,10,15.172281,150
156,162,5,2.374266,756
123,61,9,9.275258,973
50,199,8,8.886569,853
12,438,9,5.271457,239
16,10,8,0.320043,1005
79,59,16,8.883038,747
371,2,6,13.432506,274
399,183,20,5.331627,614
197,212,14,19.093272,371
54,408,11,18.191371,963
32,270,7,0.637217,1126
442,197,7,15.891209,929
93,429,19,10.174529,655
422,433,5,5.853837,355
222,20,6,16.827501,614
37,231,11,17.203597,112
258,147,13,13.209788,308
130,62,15,2.835928,613
241,267,12,18.047328,184
21,220,13,2.398226,550
128,151,10,5.210861,1183
190,317,9,7.341214,1083
398,29,20,2.131230,922
393,162,5,11.556185,170
301,165,6,17.840191,713
244,19,12,15.410770,387
411,152,15,14.158163,585
426,436,20,3.063246,1033
117,131,7,4.066837,1184
338,23,9,5.542855,864
286,254,17,15.178497,1175
396,146,5,1.041714,1017
390,210,17,4.123705,506
441,363,18,17.383939,1148
108,305,5,3.311466,815
239,346,16,7.518539,286
58,53,17,7.169623,1059
141,155,17,8.177577,268
48,88,13,6.683216,1190
208,89,9,7.905227,253
351,266,17,8.839293,1110
37,312,11,15.183540,1181
37,10,8,10.284406,858
233,228,11,7.719912,787
208,52,11,0.322544,1064
155,394,6,11.332161,1077
98,280,11,9.449343,321
160,384,14,1.684286,297
200,239,12,12.254469,1007
384,85,18,5.296195,532
361,441,9,10.567691,1150
444,321,18,5.614379,131
438,158,12,0.422017,1111
339,22,12,8.630986,457
145,27,11,16.073482,399
210,212,10,10.117657,450
362,377,7,9.561297,694
359,100,14,17.636092,370
274,53,6,19.537847,965
91,70,13,17.587785,925
176,183,8,19.667309,487
311,408,11,18.402659,258
264,399,20,10.572470,1076
302,433,12,8.227688,840
309,109,10,20.360445,112
15,37,17,19.424615,1166
348,122,19,10.964444,782
257,50,12,9.028167,1037
11,436,9,11.115190,1127
130,246,16,17.698029,697
430,264,10,16.049405,776
194,35,5,3.766655,875
216,352,6,15.372444,986
361,436,12,14.573310,797
85,75,10,11.739273,275
36,339,14,8.076036,828
78,248,14,9.855204,1193
52,278,10,1.251655,1024
98,40,8,1.296996,1156
442,310,15,13.421059,347
268,17,7,18.539778,392
75,84,19,15.366722,268
214,414,11,5.073990,940
382,44,15,6.879301,841
328,306,19,8.295719,386
107,422,6,15.154960,1136
263,369,19,17.796403,718
372,63,20,12.667768,1042
390,365,20,13.252158,211
276,229,7,8.879478,635
151,213,8,15.061193,457
225,102,9,13.409769,391
309,114,8,10.486301,307
400,241,11,15.601665,374
110,3,16,0.292255,570
435,14,8,19.652843,973
202,216,17,4.119557,771
264,35,17,18.466725,299
195,18,5,13.012396,819
165,317,8,1.468021,1085
8,247,11,7.056370,396
81,151,15,7.918734,1021
434,437,20,4.239601,1074
308,86,7,11.519446,1010
4,345,11,12.754689,160
194,389,20,11.194694,736
113,160,8,9.853323,1061
83,253,20,19.852258,957
376,359,19,0.560117,866
37,238,11,12.992408,849
407,237,6,9.355015,734
333,201,13,19.227136,1084
359,115,17,15.951847,1009
65,91,12,0.307776,350
84,273,9,4.759564,1159
205,326,20,20.173334,1088
155,128,16,4.705229,441
228,408,6,5.748071,1177
389,294,8,0.409305,1117
103,261,17,3.295232,131
17,104,6,4.883002,957
296,395,9,7.576880,696
89,249,17,20.370460,1172
447,277,18,18.464500,747
179,140,13,16.944323,530
335,373,18,13.160072,493
210,342,17,1.884722,694
366,333,14,7.186753,282
192,233,12,4.659711,466
84,277,13,9.205654,983
242,263,8,10.371108,825
195,159,14,0.696680,533
26,395,20,2.600850,230
399,8,5,0.185428,1047
70,25,11,12.063637,213
28,76,18,8.317355,236
77,160,15,9.709051,100
276,164,7,0.213803,572
302,314,5,20.299194,886
330,411,18,18.006499,326
272,36,8,0.856085,730
407,408,12,3.911790,436
423,403,13,2.736880,736
129,330,14,8.978776,376
140,202,8,1.587428,584
179,349,12,2.004812,807
332,45,13,10.317176,231
157,146,7,14.090646,289
72,261,6,18.516062,720
326,16,14,19.189732,294
105,65,17,4.763808,1008
427,86,20,17.119411,907
18,69,5,15.040343,1088
432,425,12,15.373012,175
101,61,17,17.135791,702
143,80,12,11.919266,763
389,315,11,10.109247,252
235,280,14,5.994818,1169
22,442,7,8.407282,1145
341,169,19,8.943949,315
411,171,5,10.129821,1072
224,433,14,0.370129,337
434,134,8,17.830088,135
226,213,20,12.540518,776
46,422,16,8.009655,995
278,146,20,16.231218,653
347,18,19,3.365552,369
265,8,15,17.366541,712
352,162,11,14.041816,1020
410,48,12,3.231585,1172
298,380,20,9.687287,323
302,213,19,6.977231,1023
387,336,7,11.234889,1129
228,417,12,14.673121,367
51,35,20,8.846244,657
251,65,9,7.624629,1008
322,292,20,14.975367,1073
320,159,6,12.761342,1008
124,302,7,19.753535,426
159,267,11,17.655751,399
21,322,19,4.450675,785
346,50,14,3.929064,1059
102,42,10,8.159755,414
361,185,19,11.860536,1089
329,114,15,12.406767,839
157,271,6,14.958669,544
103,17,18,15.264328,237
204,415,17,9.804811,1099
252,212,6,10.662899,352
213,248,13,10.036628,950
211,159,15,15.284063,307
390,60,6,1.732421,910
423,105,6,4.725764,184
218,133,5,4.953644,840
56,114,10,4.649851,1048
310,133,12,14.060890,1188
411,13,6,7.957430,1178
108,202,8,9.499874,593
177,285,7,8.868607,741
85,199,14,3.458847,200
26,448,15,14.926674,219
399,213,13,17.902111,911
254,368,15,4.316073,418
206,173,6,7.093531,778
337,178,14,4.281228,1186
345,325,18,13.271343,750
319,76,12,9.846293,776
292,376,17,0.637202,510
113,262,17,19.700900,163
333,186,7,11.397310,1148
161,137,15,10.252790,753
351,123,15,2.414952,176
149,57,9,6.468905,1178
410,134,5,1.848373,285
145,117,17,14.772165,1032
102,158,5,0.814389,573
230,272,18,7.954417,476
191,324,11,3.973047,1158
185,422,18,3.656526,1125
206,111,7,1.441528,1013
211,345,18,0.754208,644
116,429,20,11.736132,838
433,104,5,15.311515,957
407,154,20,0.864474,821
343,38,8,12.638822,1093
428,429,13,11.603127,971
228,213,6,9.695556,661
392,211,7,2.523419,1114
422,102,6,13.478331,167
37,208,18,9.030691,817
284,194,15,7.194817,639
158,85,14,16.374545,1109
351,427,6,6.650646,769
175,308,17,9.534656,689
345,123,19,3.477258,336
181,290,15,7.459766,541
80,89,6,0.769736,597
11,279,9,0.848279,700
142,165,18,10.574213,167
5,441,15,12.189072,748
236,284,12,15.642506,454
111,192,20,4.528819,339
159,294,16,2.756397,956
150,228,14,15.285117,1083
5,74,16,3.384265,869
56,278,13,14.654190,337
414,78,10,3.082764,751
15,295,6,14.172955,404
390,97,16,2.528173,665
295,407,6,8.025064,1089
113,133,16,3.720684,318
109,167,15,18.155329,915
334,61,10,20.260420,867
56,321,13,7.345270,643
189,74,12,4.507329,1131
265,330,20,6.968470,127
102,37,14,3.679188,1052
306,378,20,6.960098,1124
328,398,18,11.242727,798
276,253,14,18.984530,1071
402,289,5,16.526868,1180
404,134,15,4.616755,673
41,213,18,7.980633,981
412,364,14,18.669656,121
250,320,17,2.817309,850
96,310,9,10.233353,529
170,400,17,2.867516,950
326,319,10,15.475192,257
43,4,17,9.221847,540
86,359,13,13.524650,946
39,424,9,20.119596,101
65,329,17,9.227705,133
23,83,20,5.177747,731
361,426,8,10.580493,221
163,85,13,10.452114,934
84,262,6,10.967428,794
272,74,6,0.073428,362
437,192,15,12.406859,972
366,341,19,19.509524,768
287,264,9,11.741416,856
444,395,20,15.068981,1026
113,194,5,20.496975,687
190,51,13,1.071864,1155
250,409,7,1.127365,631
44,258,20,0.763644,277
291,323,10,5.849704,468
175,285,5,17.655507,220
2,342,13,11.759129,491
414,253,9,3.280808,1086
284,44,8,15.198017,785
427,30,12,10.216342,358
90,282,5,8.607614,339
129,400,16,8.170260,495
284,120,17,13.241059,579
139,7,9,3.579101,427
44,192,7,4.051250,502
415,11,9,6.121736,925
329,226,11,14.058469,622
109,213,12,16.216004,292
50,299,13,7.762341,836
288,29,13,2.552904,430
201,266,11,13.719874,248
225,154,19,2.703567,170
237,426,13,7.216921,783
213,98,19,5.681245,956
298,443,13,9.567331,784
191,404,5,3.655635,101
364,382,11,3.743306,351
138,29,6,0.088497,1076
247,217,18,17.459322,1164
297,265,5,13.276361,608
206,314,6,1.354606,492
410,432,8,15.307018,464
398,41,6,0.921735,560
80,396,16,5.934202,1086
422,28,9,4.786684,695
183,4,16,9.041245,687
167,234,16,16.611648,333
267,10,5,11.226149,686
192,191,18,4.852856,713
181,140,16,3.313498,144
108,345,13,14.136673,529
232,146,8,17.389881,926
27,126,6,2.134881,856
59,237,16,5.288516,311
29,99,12,16.782837,536
151,176,20,9.611540,1002
51,155,8,18.654107,483
405,411,5,10.157002,442
292,343,12,4.447077,968
340,294,6,11.913537,911
142,39,11,14.973630,1106
35,398,11,1.966710,127
356,67,9,10.510448,739
142,289,5,15.274672,442
89,130,11,10.422344,761
201,108,5,14.891714,993
192,13,18,8.141630,596
366,335,18,16.105302,1187
211,4,16,7.659323,738
412,73,16,2.203911,468
382,415,10,16.521469,1130
233,45,15,3.975568,679
248,301,6,7.767131,465
81,389,8,4.227176,237
299,33,9,18.493758,224
52,299,18,15.920769,823
328,209,16,2.368918,126
314,171,8,7.078998,372
387,44,15,11.144190,542
60,286,13,11.943886,838
202,385,15,13.175046,727
281,110,16,0.128596,319
432,366,17,20.154196,877
158,335,14,12.911898,1014
114,336,11,5.947729,420
447,257,5,6.258742,659
83,73,6,11.719778,446
271,85,8,5.526461,825
259,190,7,13.953774,145
83,377,8,8.267299,918
262,230,14,18.387773,1049
178,180,20,17.410188,439
92,270,19,13.407005,666
181,112,20,2.238723,248
158,413,6,2.944937,469
317,304,7,8.954529,988
376,123,19,13.301836,827
309,349,8,3.391765,230
141,189,16,19.432751,647
94,294,14,5.535378,169
445,51,20,9.635209,434
203,428,6,0.444398,573
335,332,8,9.186002,377
92,431,9,4.103039,1123
120,405,14,18.862174,539
433,200,6,4.712322,174
397,224,16,4.051342,315
237,110,8,11.933129,135
415,117,6,2.463242,770
428,407,12,6.000866,222
180,274,18,18.056336,175
346,317,19,13.052307,175
186,78,11,9.926751,772
428,366,5,4.965429,466
344,30,15,1.940596,156
75,146,9,19.469749,963
69,182,10,15.818926,1191
440,277,6,11.352017,353
30,73,11,11.612500,1106
326,322,13,19.690081,824
54,34,20,1.612317,1176
119,111,20,19.481924,602
25,80,11,15.487407,1137
428,189,14,6.046802,859
316,287,18,7.479273,606
329,83,8,18.493803,1020
356,272,11,16.315056,586
335,358,5,16.969558,1049
200,252,15,9.222703,923
324,110,14,19.801279,756
314,356,16,3.185200,688
41,441,20,17.929727,841
288,407,9,7.651205,500
389,350,7,10.297897,545
33,7,17,12.854141,701
65,299,10,3.339462,982
402,181,10,18.142939,1187
442,203,13,14.788823,707
270,426,17,6.728960,438
425,15,7,4.238322,820
169,183,6,19.692121,774
406,216,6,6.732325,132
152,148,16,18.782010,462
396,301,11,10.244239,838
10,137,12,9.770479,646
321,114,14,9.365750,1180
94,100,11,3.737854,1044
379,402,18,13.855898,234
162,318,5,17.336848,109
429,128,17,8.028399,165
361,283,13,19.248280,1168
274,58,20,9.642539,598
319,233,11,9.017305,999
193,425,7,8.645504,688
313,362,16,12.465347,1165
30,321,12,19.113901,326
168,26,7,10.371240,967
251,61,20,5.329666,667
16,385,8,5.484185,971
171,173,17,3.990933,975
151,250,19,11.161286,529
278,272,16,9.074501,706
290,114,12,12.682457,177
364,357,20,5.584674,781
312,217,18,10.510738,721
408,447,12,10.704534,1068
362,33,11,15.042321,224
168,116,7,2.976260,1034
190,14,7,16.090784,244
400,94,19,9.272460,205
178,70,5,9.886041,393
55,195,12,15.410523,758
448,435,10,5.164078,399
349,274,7,10.329371,241
69,24,5,13.056937,124
201,288,12,13.268585,215
378,208,5,8.191746,579
183,274,5,15.395153,512
120,427,16,19.159584,340
62,375,13,11.796360,790
286,59,10,13.344688,183
306,196,13,8.283457,840
187,384,13,18.452586,294
160,190,9,6.742839,820
105,47,20,11.856999,999
245,322,19,13.588102,275
433,97,10,17.870004,893
153,103,6,19.021179,1107
4,215,8,15.461896,1148
369,435,10,0.885137,713
122,342,11,5.105177,1105
277,119,18,6.828645,284
184,176,12,16.778122,633
341,272,16,10.978296,767
128,253,6,15.612217,473
51,360,8,2.061886,698
196,367,17,19.485014,292
396,401,12,17.293652,538
288,433,13,3.280236,433
400,310,15,7.991312,947
65,436,8,17.438533,701
203,29,7,10.102877,918
3,375,19,8.777363,714
266,177,7,9.098252,1018
187,94,18,17.021630,224
228,31,9,3.650506,528
0,158,12,7.169100,563
227,254,19,15.557432,520
348,425,16,18.879691,288
249,395,14,6.474478,548
87,53,11,2.517073,432
167,54,7,1.459485,822
350,195,12,17.681414,820
403,321,14,9.767753,502
167,410,15,7.183796,585
286,167,12,10.288471,181
203,254,18,2.910140,105
262,322,13,16.447819,645
168,374,6,15.851935,1102
56,360,16,12.392590,119
411,80,16,11.586237,1104
118,227,14,7.298395,204
381,8,16,0.617758,782
373,271,18,15.348265,755
334,93,10,18.366716,1116
47,211,13,1.755947,1124
403,422,10,6.674798,1194
2,26,5,3.765230,228
210,256,8,5.410420,1154
39,65,11,17.704012,225
102,22,16,19.153275,1185
440,264,7,2.762266,126
358,35,7,19.720727,477
389,445,18,7.060560,672
15,336,6,14.502051,232
20,443,12,20.352107,361
202,168,20,18.992664,1083
367,219,10,9.837747,407
405,288,9,18.393557,722
116,418,15,5.299899,625
76,278,17,15.465647,1187
399,60,7,17.937921,211
277,138,9,13.496236,532
407,302,11,0.647506,925
263,67,10,6.205665,1156
309,424,19,8.990608,705
192,343,20,8.759761,554
351,270,6,19.105747,612
58,336,11,0.551286,262
163,67,6,16.829751,159
244,96,12,18.963035,136
213,275,8,10.164528,200
386,259,10,15.414719,138
360,46,7,8.678898,766
203,442,5,13.144839,377
414,227,18,3.602572,776
446,374,9,3.372935,710
88,437,7,3.812219,862
315,229,10,0.908107,944
353,172,5,16.580613,1091
93,152,15,15.002244,746
192,41,15,10.682085,1138
12,331,16,1.634345,201
427,355,16,1.807732,842
180,34,16,2.372655,900
84,259,11,2.686301,1112
359,431,11,13.334190,941
184,54,10,10.562985,368
359,280,15,7.432072,1165
380,435,12,2.644250,446
190,428,19,4.835183,1040
92,312,11,15.343068,123
406,111,8,17.132308,927
23,199,8,10.213968,258
251,162,13,6.651687,609
295,362,17,5.704600,498
264,217,12,14.944808,292
207,180,16,14.491459,217
344,41,14,13.430173,1179
408,237,15,5.412842,730
317,432,9,4.767736,732
177,372,19,10.920726,1017
288,223,18,0.488873,609
268,233,16,17.629587,884
38,418,5,19.995720,991
189,334,19,9.948226,230
214,17,18,3.628863,208
330,238,7,2.517052,669
274,73,15,17.056189,212
379,185,20,16.614141,971
356,190,9,20.077349,845
182,449,11,13.913130,184
305,96,16,4.352781,316
427,100,16,4.490139,860
438,160,7,9.969538,245
345,84,15,10.886629,752
411,412,6,10.895190,337
324,250,5,0.420885,139
419,407,7,3.172072,1172
65,321,13,17.060888,575
259,291,17,16.964467,803
37,129,10,10.563628,1180
269,121,5,2.771288,332
66,54,10,10.630975,675
65,396,20,8.052660,424
339,295,18,7.244278,656
25,96,13,3.354891,906
410,321,11,5.531293,468
83,342,18,13.060210,440
319,129,15,9.854761,503
229,379,20,12.916945,229
418,434,17,18.177973,277
82,343,19,8.115146,370
65,72,7,14.140960,306
125,200,10,4.000589,407
152,302,8,15.615599,1078
380,294,7,1.062603,355
4,232,5,13.098912,284
271,224,7,11.252837,241
380,281,15,12.242746,543
423,250,9,16.472432,1061
304,206,9,14.128980,182
314,226,14,13.292411,810
386,399,12,10.327320,426
63,227,14,13.396569,496
269,151,11,3.166180,853
441,260,11,7.377005,787
271,145,13,6.164136,640
274,123,14,7.442980,238
308,270,8,14.508046,320
285,169,18,17.437097,1187
224,25,12,3.726548,198
234,401,10,4.320853,880
293,8,8,4.447899,343
197,350,14,6.012455,1159
107,49,18,19.226726,435
218,359,14,13.850003,674
55,375,5,19.358236,771
373,308,8,15.426678,1063
118,4,11,19.330090,1020
318,398,20,19.614647,1039
436,190,19,13.353750,233
54,416,8,11.520332,334
309,406,10,17.565989,105
322,104,18,2.302632,1048
1,26,11,20.036936,828
127,57,9,0.424588,1008
439,308,20,12.507864,502
334,193,5,17.127797,982
132,364,9,3.820062,679
384,96,8,14.733877,1155
33,284,6,15.730112,1105
287,241,17,7.140584,1106
60,240,17,3.772023,485
53,197,17,2.771535,1165
205,227,16,0.535713,805
200,353,20,4.228360,174
206,253,19,5.353468,575
152,146,19,9.811621,563
364,186,19,4.998828,459
221,58,5,8.511289,259
381,213,5,0.597356,1014
62,443,6,16.765291,877
171,291,17,19.444243,668
222,152,18,11.920438,778
210,416,9,4.415771,1109
176,131,12,4.822823,534
209,245,10,8.477120,645
113,363,11,11.667889,1066
312,73,20,8.738107,965
15,55,20,7.524958,324
144,82,7,14.262166,242
405,229,7,17.144013,1181
238,22,19,5.399280,748
247,60,8,6.406239,408
327,320,5,9.221098,739
7,245,19,11.593967,655
96,238,16,17.639532,613
186,348,6,2.841926,841
383,400,16,17.544208,853
34,323,14,6.932807,157
88,286,15,4.010416,907
214,147,11,16.258921,1096
368,304,17,1.168091,1123
357,52,9,1.556101,195
408,180,17,10.817259,954
56,428,14,9.009389,932
332,105,19,13.594358,446
89,338,18,16.650200,282
434,399,12,10.143366,725
120,291,13,16.556144,501
351,134,9,12.926028,267
303,140,17,5.328746,304
348,437,19,14.875099,1004
215,104,11,20.010022,456
373,86,16,12.612080,842
91,380,17,7.847862,709
299,181,20,14.959839,684
25,290,9,0.370088,544
198,161,13,2.179201,1067
356,25,13,16.777688,1027
279,223,7,5.695952,150
23,338,13,5.062232,570
246,18,5,17.640338,720
326,395,20,13.282229,274
229,375,20,14.858193,473
161,271,11,15.079481,403
263,40,6,10.561363,833
74,440,6,14.620715,692
201,294,17,17.341607,315
312,250,11,7.738077,693
230,181,6,0.814497,471
14,161,10,14.143154,1170
424,93,15,8.312878,334
242,270,16,17.805502,426
101,271,8,12.403092,399
348,58,8,15.067408,442
270,220,7,5.333171,1099
40,195,18,18.557954,566
210,175,9,18.177773,242
109,249,20,17.237678,321
227,83,17,19.424192,169
17,37,8,6.361033,831
363,408,8,14.670132,661
48,68,9,7.908887,909
398,275,6,13.127392,532
39,221,19,7.106677,640
174,342,18,18.723525,477
55,123,12,19.036101,1157
52,243,16,7.452527,1117
391,66,10,4.038878,1140
78,375,14,14.732520,202
7,277,13,16.623284,445
365,110,8,13.541976,839
381,304,20,12.821982,550
295,425,6,14.925727,497
223,379,5,16.122345,1196
423,127,13,18.506797,1024
4,441,10,0.833423,914
148,307,14,20.182439,222
31,93,16,11.809870,206
416,262,12,16.035165,707
223,68,10,13.243426,382
127,136,17,17.676744,300
385,339,6,16.422543,1048
385,23,20,9.358242,1113
196,269,6,6.465907,358
189,147,18,11.865020,755
236,306,19,4.768113,1070
63,17,17,19.282425,789
352,62,5,1.957621,155
383,77,18,9.658999,1117
70,272,19,8.330525,1009
412,359,19,8.341528,742
41,195,7,12.797014,1197
0,308,20,3.809920,299
47,155,16,18.253425,461
283,326,12,2.793973,851
241,323,15,2.529100,774
413,38,14,12.219582,850
91,177,11,12.981029,1190
323,336,7,4.854135,152
101,361,14,17.585371,1116
167,52,14,19.416332,182
23,159,14,17.378320,739
41,351,5,9.679714,907
234,211,16,1.009206,922
286,294,6,13.021972,1105
277,272,6,2.565606,1188
179,327,20,13.476803,1002
444,358,17,7.488842,962
245,352,8,17.827108,958
274,35,7,16.059056,886
403,282,9,10.232264,1149
201,413,6,9.365523,266
277,191,16,6.036681,1171
62,129,8,9.536763,141
307,255,15,2.825393,800
190,7,20,18.303597,276
82,101,15,5.180649,199
172,442,11,15.019456,731
107,400,16,18.999448,1054
401,257,17,15.677159,881
360,382,20,12.140016,410
134,37,18,1.539038,561
399,152,5,0.664934,1175
9,58,19,12.712296,905
179,4,10,10.350958,361
350,105,14,17.233026,502
293,246,10,10.516707,805
77,216,9,9.027497,950
16,40,13,6.361241,266
342,77,18,15.268150,232
320,227,18,3.078168,210
149,58,16,5.146014,1154
399,112,18,1.584536,858
27,143,17,13.311774,289
313,88,18,19.949786,795
243,37,5,2.537787,613
63,217,11,1.266839,1169
17,376,14,6.814169,992
93,327,8,14.310038,1036
207,283,12,14.970957,885
72,342,8,1.074153,850
322,20,11,2.097870,135
157,339,10,6.976666,1095
299,441,11,0.574638,994
322,335,15,3.044836,170
324,209,5,19.209188,1006
261,449,6,2.530766,803
28,15,10,7.366922,437
18,261,20,7.421368,274
425,233,15,12.794888,401
367,301,10,20.457246,506
72,115,20,16.304728,798
162,380,16,2.189822,206
81,33,7,19.201380,225
11,227,7,10.652884,449
148,331,8,11.284436,526
279,2,9,1.412692,332
283,323,6,5.072256,1019
333,214,17,11.056251,539
142,81,19,2.492702,851
246,241,17,11.518356,861
40,353,9,6.162570,690
352,236,19,16.355825,280
182,27,16,15.136374,592
122,40,7,3.175240,405
421,287,10,11.571289,305
86,9,19,2.236102,1167
295,41,7,1.741368,691
293,269,5,16.001917,888
85,251,19,1.419295,889
203,306,20,15.459344,1128
383,18,17,5.169467,970
229,262,6,9.469667,889
402,438,15,15.632288,1041
396,29,11,0.091594,106
338,43,10,12.202470,316
32,315,13,3.141965,812
14,367,9,5.270134,1061
80,113,15,7.060277,597
325,299,6,6.131110,535
367,3,16,18.591358,984
335,85,8,0.914398,811
136,322,9,12.402446,757
212,239,17,17.524147,419
331,433,6,14.679792,931
128,341,15,11.932344,318
163,209,19,4.342446,258
171,290,7,7.032547,313
257,9,9,4.878858,716
439,70,14,8.193162,163
264,115,10,12.489787,891
307,69,6,13.531781,829
42,374,18,14.693812,807
21,46,7,10.740030,697
100,363,7,0.923100,396
108,51,17,11.745954,606
41,80,9,5.724926,747
364,49,10,19.127355,979
274,331,8,20.046955,206
328,321,5,7.030340,387
14,354,10,19.544754,598
334,197,19,19.961126,115
372,199,16,9.237811,1003
174,302,18,16.152201,1034
221,236,6,17.213915,479
149,5,13,17.942349,1165
403,386,5,13.850099,1124
52,444,17,19.948123,1174
312,387,19,5.201598,708
348,224,18,5.343481,349
246,217,20,4.273604,121
243,116,5,3.436691,946
156,56,16,3.476819,593
269,175,13,14.242292,163
318,11,14,8.998364,1045
151,294,8,9.937999,989
296,177,19,14.089255,834
268,432,7,16.108688,254
114,57,10,14.765999,818
11,177,9,3.259068,768
119,405,17,1.884686,225
308,360,19,4.386321,1184
244,220,19,6.290908,185
155,71,10,16.576174,872
125,398,9,4.639946,1195
193,154,8,18.593917,1093
108,221,6,3.869964,1135
77,80,19,19.058303,424
53,399,18,10.779709,133
438,235,13,3.538294,1103
104,86,17,2.046922,363
107,323,15,3.879667,435
45,62,10,10.447106,503
315,111,8,7.158140,803
400,321,18,1.079609,228
110,361,8,4.519151,961
391,122,14,3.737517,627
290,301,13,8.089224,487
56,261,9,19.030705,863
431,353,5,9.897434,380
51,253,18,18.109633,1104
360,412,8,10.500571,161
50,97,5,4.177240,739
354,178,9,9.104205,571
98,232,9,9.828514,186
168,297,18,2.469812,357
232,282,7,16.558827,1015
119,433,6,10.179817,467
302,347,14,19.320822,260
171,320,14,6.107541,343
364,97,12,13.791387,648
403,178,20,18.035747,619
39,269,6,2.518614,723
305,306,15,18.944303,734
92,175,14,14.932004,1147
99,367,14,6.728459,295
21,378,5,0.436439,475
145,368,12,12.600029,254
327,222,5,9.487202,1084
114,197,13,2.854336,135
66,128,7,12.997422,718
48,26,20,16.997579,570
325,204,7,18.052459,790
317,334,20,16.049940,465
362,75,17,10.751911,425
405,307,6,19.270660,751
206,49,13,4.415837,632
36,51,14,2.902132,954
24,415,5,13.949861,284
409,408,12,16.804538,207
27,168,15,19.263967,206
247,17,19,0.049930,142
183,332,12,8.999427,1114
259,272,10,5.598809,831
74,66,14,14.323461,306
301,336,17,3.915648,471
3,9,17,16.395709,887
365,84,5,17.606214,874
298,342,5,1.590083,829
92,33,20,10.249359,1168
407,432,19,13.182977,344
23,304,14,8.825211,420
226,262,9,16.391072,1120
393,266,17,5.365377,179
330,356,14,1.817913,339
105,322,10,2.230830,737
57,295,8,10.484808,389
379,216,12,9.101907,1011
207,167,16,13.655840,333
192,211,19,10.889712,525
80,287,12,4.431984,168
204,128,5,19.107091,768
260,441,14,10.551267,424
30,282,5,8.159673,509
378,117,20,4.385223,443
126,350,13,4.010539,154
442,67,17,0.893218,504
222,45,19,8.823724,855
297,2,10,16.341843,960
165,72,15,13.664104,660
189,235,17,13.444635,699
324,135,5,16.941226,517
282,263,5,11.314145,561
84,247,15,3.042122,1144
321,173,16,1.720989,415
148,29,18,7.193449,1145
137,348,18,13.047062,710
263,168,17,13.906097,215
60,334,15,4.480425,509
119,301,15,9.797125,1200
395,59,6,0.801829,814
54,396,8,6.792206,284
264,401,5,0.318714,499
33,289,7,0.933336,1112
63,307,14,8.849961,456
286,388,11,1.182644,857
74,99,6,6.569233,1094
199,335,18,19.150858,1058
376,154,7,3.901341,1106
112,46,19,3.035751,794
287,212,17,18.692815,657
264,349,20,14.688879,152
358,285,10,9.001636,300
2,395,15,17.940973,1098
434,255,20,5.807255,391
232,106,14,10.576957,1011
394,432,9,10.159420,870
348,91,11,4.229455,108
302,92,19,9.617154,1125
201,400,13,8.411756,214
316,103,7,13.490197,360
127,323,19,9.141124,196
22,297,20,11.690639,439
7,379,7,4.666213,778
425,400,18,15.832843,244
433,169,18,4.869012,1063
445,9,10,3.132003,705
317,265,11,12.522445,667
31,378,20,14.593634,540
405,13,6,9.697898,1113
435,168,19,13.786765,174
36,18,18,14.868878,260
410,99,16,4.734629,763
417,356,5,16.401254,238
411,109,6,12.811079,925
141,125,9,13.060906,660
277,331,14,7.701472,803
168,405,17,6.662636,1056
323,103,9,3.120747,581
48,428,7,6.579649,873
251,396,8,16.431768,993
18,415,13,8.829648,912
438,49,20,9.129426,211
400,264,14,4.005599,786
107,135,17,12.125544,900
210,226,7,9.855460,440
384,148,9,7.121748,493
361,408,13,7.760182,326
5,289,5,17.804849,1010
212,403,5,14.719477,756
137,389,18,8.856014,575
296,39,15,15.338313,868
250,306,6,6.834488,1068
372,224,17,12.074224,843
86,91,19,1.960784,370
92,133,14,7.472310,1158
368,114,8,0.187596,1188
383,97,16,18.383394,693
66,170,17,5.607964,684
253,111,5,20.173336,699
77,271,12,12.238866,155
394,441,10,15.113259,966
307,317,7,17.145904,979
245,16,17,16.325575,527
282,249,12,7.842999,178
158,403,13,13.245794,327
194,433,20,19.349092,1126
55,233,8,19.793684,497
196,260,18,0.737602,820
264,233,9,17.804274,868
110,11,9,9.989002,1061
257,158,9,12.962131,800
62,387,20,1.261154,790
376,306,7,12.881504,1140
54,363,9,16.072883,397
426,233,8,1.083387,566
268,165,17,8.716021,1189
128,261,5,1.726441,1059
49,44,10,18.556250,554
447,314,7,18.348316,616
314,252,9,11.557666,518
172,150,6,2.719416,280
395,254,17,10.109618,953
67,129,11,19.787098,793
0,249,8,0.990349,670
63,185,10,3.617987,766
285,309,6,11.056379,864
82,441,12,12.316087,141
48,280,14,1.057362,431
368,137,7,1.492151,243
14,261,5,12.580210,625
254,72,11,0.836900,806
201,27,6,6.823355,570
357,184,8,18.421810,423
187,209,14,17.907759,485
250,160,8,2.159398,775
297,202,15,8.771034,1106
127,131,8,3.784666,761
295,429,12,17.516003,449
93,120,13,9.512629,799
364,194,12,9.951433,548
419,381,11,14.779987,1172
142,393,15,12.417293,1127
0,11,13,7.357766,1119
131,318,20,5.706045,532
383,174,6,2.997242,809
338,204,5,19.831352,353
142,10,16,15.023542,685
431,171,13,19.977198,713
332,179,6,3.750576,421
46,167,10,13.254509,319
255,83,16,0.753854,304
323,360,13,6.922396,1003
121,295,10,4.610017,1200
243,3,12,7.102818,767
114,144,9,13.008437,704
173,195,16,2.258303,473
397,385,19,12.917358,916
378,106,7,16.783091,677
442,57,16,4.630631,579
310,90,14,8.321053,1160
338,69,12,0.860561,928
121,283,7,2.904682,552
358,161,8,6.761206,110
216,161,5,5.781462,233
303,149,20,18.894982,457
72,221,19,11.000557,941
235,252,13,11.721673,999
290,254,8,9.981930,384
128,135,19,1.017738,930
376,130,18,2.724972,422
55,13,6,11.775604,563
159,395,8,10.977527,526
291,6,12,12.662090,389
269,359,13,12.940996,868
354,361,6,18.861718,430
449,234,8,13.813679,411
85,200,14,13.633854,134
142,35,10,12.934437,915
190,186,10,9.978634,655
87,31,8,10.869258,496
172,106,16,19.553390,466
249,412,5,7.505272,341
332,415,6,15.353884,885
331,82,10,1.643655,370
202,20,17,1.059853,324
32,8,8,17.415705,414
350,302,20,1.845950,498
17,400,10,19.867130,506
242,51,19,16.040941,712
100,307,7,20.394873,259
203,278,18,1.088634,139
235,286,13,15.373238,667
132,80,20,8.243185,997
46,105,5,3.213591,1056
123,339,6,6.076954,1135
416,70,10,7.061344,796
20,29,6,18.496912,457
406,442,6,13.147802,109
432,269,9,13.826131,877
332,28,17,12.635681,500
135,304,18,0.538381,830
256,194,10,20.252088,153
101,445,17,6.194174,879
42,110,17,7.209043,1194
415,59,13,13.063974,120
314,205,9,14.375240,1033
415,156,16,15.280368,439
178,283,15,2.185584,444
337,102,13,8.582881,483
280,208,8,19.612689,406
19,436,8,3.638299,903
68,434,10,4.748039,467
92,247,7,8.887644,1019
308,61,10,20.305206,229
432,444,7,0.066959,263
34,130,14,19.383455,111
285,353,6,8.709274,424
6,421,18,20.107472,133
429,268,16,2.417792,506
176,58,9,0.378558,244
172,174,11,13.216216,1137
247,170,7,16.388504,602
312,129,6,14.013285,111
368,177,20,8.572551,1020
141,228,5,4.007787,624
78,410,19,5.768255,862
57,120,19,5.780991,201
57,192,9,2.477889,284
275,211,16,15.146451,1055
76,119,5,19.384901,668
50,415,8,5.006016,384
259,132,7,0.828465,631
203,9,10,4.589230,1097
321,52,15,5.626361,699
2,380,10,8.925432,278
247,90,10,2.687817,877
102,202,12,11.937805,851
217,334,20,2.145670,1078
145,362,15,13.921929,509
269,107,9,12.182028,242
298,150,11,8.341774,575
412,182,9,18.233120,659
312,170,15,9.225923,121
183,45,9,11.634945,1133
90,79,18,2.946724,752
40,445,15,14.546314,379
67,163,15,2.255279,268
43,355,14,13.920495,752
398,136,18,5.946318,1007
284,252,6,12.586454,485
169,104,10,12.857700,1091
442,340,16,17.930252,516
297,4,12,8.492270,223
194,45,13,0.838237,278
204,289,20,19.285571,762
178,288,9,0.090005,918
198,28,6,15.182997,228
312,127,13,12.896449,754
200,442,16,0.554865,390
73,274,5,0.106449,427
405,365,10,11.592026,871
42,181,5,16.443627,507
276,414,14,5.041625,874
397,22,14,7.723278,1044
314,177,18,15.848382,689
266,110,17,3.419299,536
195,108,5,15.665922,401
114,99,16,15.123069,204
333,41,6,9.997783,628
105,213,9,4.746214,246
6,85,17,4.121218,343
396,364,20,19.202557,1112
14,294,7,3.702761,375
239,105,20,16.468089,442
188,408,9,4.416768,458
173,99,17,13.262788,824
54,141,7,15.753971,803
63,433,5,7.930974,1107
280,38,5,10.499994,572
83,326,16,18.616707,171
76,125,13,6.216318,782
94,130,12,18.706981,893
172,185,10,18.404846,502
160,110,18,8.629227,725
128,130,7,10.573475,1095
23,410,18,13.685743,1158
181,147,20,2.678844,232
355,326,20,11.515638,182
115,7,18,2.545881,795
219,128,19,8.975504,116
12,165,16,2.994833,111
332,428,19,5.368475,405
131,34,16,18.980812,1002
409,288,12,4.148145,904
138,42,5,9.681864,1157
111,272,9,6.774060,700
84,171,14,14.450928,182
341,146,9,1.711970,916
245,361,9,15.384985,134
232,91,8,12.362969,548
232,397,11,16.793131,132
446,448,17,0.192482,962
82,449,11,12.827695,424
113,406,13,15.553999,265
70,99,15,15.791314,437
55,209,8,9.710500,475
381,384,7,14.544754,408
405,398,5,16.764280,497
56,16,5,15.052349,1118
216,81,6,6.877489,783
229,140,18,17.395112,771
386,241,16,1.388352,627
377,298,5,12.284511,1176
436,228,14,4.347916,806
246,309,6,10.536305,791
301,350,12,11.796910,798
412,65,20,10.132172,994
364,6,17,6.487862,978
78,382,12,19.620197,274
172,391,9,6.362825,323
281,119,16,17.165152,707
308,126,14,2.771047,1161
234,187,10,20.041265,383
39,320,17,2.228051,172
394,129,20,2.118755,767
18,50,11,18.678610,658
26,143,7,8.897866,799
402,442,20,11.267265,140
229,253,19,16.949276,688
104,247,9,8.129675,671
447,274,7,0.388656,585
95,62,11,7.670833,164
249,338,8,11.083798,629
389,352,13,0.487236,384
322,99,15,7.638204,575
432,339,13,13.360392,835
268,442,13,4.396851,1091
81,70,9,16.741842,638
18,13,13,17.339197,962
37,350,11,15.762187,1009
326,273,14,14.505056,317
286,70,13,1.286807,955
14,175,17,15.264168,301
448,331,15,5.512426,627
436,352,11,19.209752,977
199,39,11,13.646408,409
86,82,9,18.824202,460
346,121,14,2.832358,463
413,283,11,14.886439,451
118,11,20,1.525524,284
142,126,10,11.294936,589
249,55,8,11.366956,912
107,72,12,7.457762,1167
446,253,17,4.359190,983
279,0,5,6.477130,487
59,159,6,9.100738,929
212,214,14,18.528648,401
273,218,9,11.813069,593
398,185,13,18.538800,784
445,68,6,13.694179,550
148,213,10,19.409226,695
156,68,12,11.436821,833
341,148,14,4.625242,772
281,168,10,10.839606,230
138,103,8,0.582573,572
342,162,15,7.039873,108
187,410,9,11.094313,727
341,77,16,16.107422,498
326,440,10,0.801851,319
427,246,9,14.411525,344
176,444,9,3.158593,157
198,449,14,11.428294,508
83,236,16,13.234193,672
418,445,11,1.928370,372
176,337,18,18.433029,938
422,45,19,18.755466,279
179,229,20,13.790007,151
339,202,5,13.937946,544
246,83,12,3.018601,230
111,25,17,14.522387,1081
58,265,12,5.363928,1021
93,15,8,9.155059,284
277,54,7,5.705970,543
413,210,14,1.705921,118
424,326,20,7.798477,924
85,48,18,5.975738,153
294,205,20,17.136818,1103
398,60,10,9.689694,1052
211,238,20,11.288145,282
68,154,10,14.771476,342
169,161,11,8.840611,1069
7,444,17,14.776658,1128
324,261,17,19.033305,252
234,50,14,12.917727,357
125,36,14,10.720107,411
157,415,9,12.571581,952
326,275,8,3.479387,879
55,401,17,8.453461,960
229,308,16,10.184830,1123
374,191,15,4.517886,754
179,246,19,14.491547,517
407,444,20,7.903600,341
16,432,9,14.766943,943
286,357,14,6.911374,700
199,368,9,7.529899,425
43,204,5,15.469338,393
250,114,16,14.037451,910
56,12,19,3.258550,610
187,57,7,17.777685,742
335,40,13,20.270103,917
166,282,7,10.046304,536
130,93,6,7.253896,365
209,349,19,4.655900,415
321,341,20,11.196461,578
318,19,10,0.435930,222
411,37,17,17.395659,993
12,271,19,17.663016,792
104,433,6,10.481664,129
301,343,6,4.745637,122
289,155,6,6.471236,801
270,326,12,13.001200,694
219,209,18,14.202131,387
68,402,20,19.267939,783
226,118,15,14.213601,181
251,110,14,14.204892,1151
157,297,20,13.646540,960
354,69,13,17.254986,376
193,19,18,15.439532,965
288,70,20,8.374948,491
409,297,13,4.528067,434
289,247,10,9.048872,188
14,364,19,18.324778,137
109,227,17,10.128658,359
154,435,18,1.505560,1097
39,306,15,8.560355,1138
256,401,14,13.794462,979
169,210,7,17.911521,453
343,166,10,4.700816,342
158,231,17,10.324384,616
448,30,7,10.143105,992
266,66,11,15.383418,983
122,205,15,8.459950,119
426,103,13,15.375822,281
81,421,10,8.500408,319
78,444,13,20.197250,152
335,266,10,17.954320,1174
217,413,18,18.091083,800
263,249,11,10.817001,475
405,246,18,15.456286,188
302,301,12,19.170624,312
37,184,8,2.389710,591
339,3,12,1.462966,1156
106,180,19,3.850061,930
266,112,10,10.544015,661
229,97,15,10.502263,1154
1,65,14,3.721752,197
408,193,9,16.481972,619
268,58,9,7.424992,1108
411,385,17,7.244987,1085
228,299,15,0.508288,809
323,354,20,13.897909,166
101,369,9,18.160561,489
69,89,19,8.580315,161
80,123,6,19.016054,419
84,73,13,8.224529,664
389,86,7,16.408365,691
208,341,20,18.295536,511
436,59,10,20.024031,660
306,373,19,16.628955,896
263,304,18,5.598295,504
16,2,12,19.876852,250
93,20,12,16.014686,729
387,348,10,6.670474,484
112,89,14,4.191662,842
76,291,13,13.387294,131
86,353,16,0.962168,239
355,30,16,10.994879,836
314,216,16,2.175970,1158
187,40,12,3.913560,997
337,253,14,4.387877,998
110,99,5,12.067885,1007
390,200,16,4.164774,1028
135,98,19,7.964866,773
139,85,18,4.607452,1196
211,262,20,11.229387,833
134,177,6,12.081165,1051
391,372,9,1.750186,321
17,64,14,10.061818,838
408,443,6,16.806285,1116
151,405,18,13.054436,452
142,379,5,8.507566,592
256,285,11,11.907444,758
310,9,18,16.895869,1192
213,155,8,12.491301,943
229,428,16,5.127594,263
96,260,6,10.923478,581
40,281,9,12.373356,466
86,11,13,1.051511,813
150,187,5,18.405384,146
402,204,18,3.617706,1006
410,278,9,12.672268,789
352,189,19,16.784888,118
138,101,15,18.217092,928
13,332,15,20.139399,834
263,378,17,15.391870,728
171,109,17,13.316881,430
213,97,13,9.981627,1011
20,413,12,13.248913,435
293,26,6,16.923499,960
33,318,7,11.489014,517
374,9,18,19.364993,183
316,200,9,6.380445,421
320,387,12,10.460264,185
395,277,6,18.663957,797
184,353,8,1.981622,941
45,318,18,2.066260,684
440,282,8,2.677473,784
257,69,13,5.945256,631
118,286,9,17.682010,675
176,289,12,6.001875,954
15,234,20,13.560034,775
435,141,16,10.186714,695
405,448,9,6.461639,1032
250,331,11,4.710064,672
325,43,20,16.461872,1167
221,180,20,7.566994,452
327,338,12,18.046392,316
342,424,8,10.811897,781
266,226,20,18.410124,1113
330,348,19,12.329419,922
263,165,13,10.119187,621
243,361,11,1.427431,343
114,426,11,16.863586,755
272,5,10,15.278816,472
278,122,11,15.948915,673
136,201,19,1.522867,602
366,127,16,12.837293,963
232,302,12,12.366050,501
154,201,20,7.988280,389
410,192,18,19.018740,325
384,103,7,4.952895,803
390,59,14,9.323411,1046
89,442,17,11.439311,411
70,236,6,16.219234,679
172,319,20,18.975372,720
272,254,5,17.598788,152
449,336,6,7.661451,746
434,214,10,15.071745,911
174,96,10,12.960984,1108
307,111,8,6.194366,346
93,400,6,7.544381,342
234,26,6,11.471810,622
124,113,13,5.063563,102
93,66,9,8.300914,180
19,432,11,13.405685,449
55,22,10,12.060253,434
186,169,9,4.329044,630
327,292,10,19.702020,297
131,162,12,10.453395,298
211,287,11,5.447841,325
180,239,8,16.822896,138
334,237,10,16.963114,432
218,21,17,5.264452,603
365,142,7,7.754565,805
183,70,9,15.779537,942
74,88,17,1.456641,907
53,449,17,17.907789,1042
142,154,14,19.004820,660
18,363,18,16.709520,230
54,70,5,9.282827,318
107,274,5,8.833848,673
13,1,19,7.446681,105
227,52,20,14.970354,965
5,304,6,11.201243,842
342,427,6,0.070207,365
112,132,18,12.253729,1057
141,407,19,12.966680,473
235,33,10,5.930467,771
417,153,12,8.624008,1028
260,46,7,1.791000,688
391,174,19,8.558670,215
130,25,7,8.871970,101
136,325,13,7.789246,672
127,184,13,5.937197,1169
269,184,6,3.683139,1018
64,274,8,12.778818,1070
234,183,15,7.138492,1056
1,246,10,5.978438,1042
65,42,10,6.973718,1073
430,38,5,16.635667,1115
26,236,15,18.280081,933
14,397,15,11.558998,722
112,246,14,2.545365,749
87,215,7,10.660721,515
333,272,18,1.322302,818
251,320,9,18.274076,936
449,401,18,2.561798,111
105,365,17,12.279264,1025
34,192,19,0.224180,798
388,117,6,6.499426,1078
290,227,20,8.213970,350
385,198,17,10.912119,1127
0,355,20,18.424101,275
272,114,20,6.338048,200
247,358,10,18.949624,325
23,104,19,20.250854,1109
428,75,19,10.546595,631
161,3,17,10.142696,121
315,102,17,13.081719,785
53,48,17,20.485056,214
265,235,18,2.643248,171
316,23,11,11.261239,728
297,24,9,9.927652,216
291,437,20,3.342476,948
354,130,8,17.350185,662
27,449,10,17.907281,360
436,222,20,6.697946,320
126,196,5,15.813856,262
140,16,9,10.787564,164
428,325,8,9.202306,872
315,100,18,0.898520,1010
233,328,10,6.996753,204
43,219,12,0.847615,322
173,133,14,18.865846,597
107,34,5,14.450804,339
197,357,20,3.855091,362
355,241,20,10.251138,1136
36,84,14,3.097280,797
398,10,9,3.552961,1018
18,90,17,1.138469,1037
213,355,15,18.042720,724
40,181,17,15.539494,120
297,393,17,20.477809,1166
191,91,8,1.293809,742
17,31,6,16.350240,572
318,379,5,20.117779,342
56,11,18,18.692693,204
136,9,18,10.066950,119
410,131,16,20.062712,1030
413,234,17,19.615466,401
346,406,15,11.436810,565
308,63,8,19.996523,1065
24,301,16,19.831490,1181
66,92,5,5.969168,409
407,414,10,13.101262,951
90,438,18,8.394523,278
60,31,12,1.863009,344
63,125,18,3.139749,513
34,208,19,1.046736,576
351,230,19,13.093455,1093
119,17,20,2.449708,344
291,354,7,5.921738,742
433,185,7,8.066850,102
418,233,18,5.650091,193
154,103,17,4.359362,226
340,370,10,10.175135,823
179,125,12,18.871605,607
18,144,18,11.825374,115
348,336,18,6.637892,709
155,164,13,4.264005,409
431,111,5,6.848164,407
51,388,7,9.387973,705
286,230,5,17.470166,707
45,134,7,1.538996,541
333,354,14,11.513218,795
36,279,13,14.253930,308
93,55,15,10.042815,896
204,38,14,6.179946,907
6,380,18,16.061280,312
43,235,8,3.751771,279
24,448,16,9.346880,223
125,326,11,10.388926,137
432,149,5,17.892260,237
167,265,10,17.555852,932
197,251,15,19.507545,815
404,229,10,15.617754,508
203,426,6,11.331814,323
64,353,20,1.568596,708
254,34,15,6.863583,1024
109,381,15,9.711598,774
282,20,17,19.598730,898
378,413,20,7.490382,819
97,354,8,6.463549,1024
229,400,15,9.691306,936
270,295,6,9.919230,258
74,34,14,8.481360,179
18,327,17,10.974707,138
389,181,6,16.245681,573
224,81,10,12.733268,742
391,187,18,18.077614,925
390,289,7,4.480733,103
285,360,10,14.158676,614
355,204,6,1.904347,510
77,200,6,18.111835,699
236,423,10,20.394205,387
384,130,17,13.751965,650
47,285,10,17.067100,923
351,448,10,19.312962,658
161,359,13,9.021533,605
401,38,16,2.714840,628
408,239,9,16.921836,594
219,363,5,3.523418,1077
331,432,9,1.192872,138
164,295,13,4.285215,352
261,413,8,17.324598,618
251,249,17,19.693088,860
368,365,10,4.525603,810
318,68,10,3.386884,629
404,151,11,19.427874,879
285,235,6,15.483488,418
425,282,14,18.670034,990
360,415,6,10.562315,905
236,355,6,19.083051,866
210,340,13,18.566256,935
150,212,5,1.220466,548
125,249,13,6.218551,401
202,381,13,3.590788,644
41,292,7,16.729328,1126
62,362,14,16.530696,487
150,196,13,15.017431,1093
152,267,7,6.872975,943
370,136,8,17.593425,544
110,255,5,14.408891,983
42,60,16,19.745560,971
287,431,6,4.068420,337
256,63,14,8.151037,1188
361,142,11,14.331208,491
134,78,8,20.086554,1009
345,415,6,8.788342,823
308,207,13,15.944359,1047
240,121,5,8.723812,920
108,359,10,14.494179,248
174,389,8,13.346686,236
444,122,15,5.125164,715
415,148,14,14.797181,862
390,131,12,17.004024,190
251,316,17,8.247998,820
111,347,10,18.334643,373
44,413,12,17.086578,877
0,66,11,6.753786,404
33,382,12,18.443244,744
403,259,7,3.682413,578
365,9,15,1.111578,701
313,434,10,16.990568,1191
133,219,6,15.494950,985
394,38,10,17.099574,472
373,376,16,17.852916,391
299,1,7,1.878890,101
172,1,14,16.855825,744
23,291,5,17.078143,1064
374,146,16,19.338614,326
181,79,9,13.682421,531
196,57,15,12.393509,680
334,309,16,17.564342,463
195,36,7,15.936066,1135
64,91,17,14.639776,632
80,249,7,4.630619,715
245,169,15,2.053241,954
157,96,15,20.206146,658
326,145,18,6.940563,260
425,315,16,10.237124,314
334,236,12,7.236092,935
57,20,13,7.191279,820
407,88,15,15.996297,955
84,356,13,14.573808,940
268,115,12,14.852965,164
147,260,17,1.958612,736
374,254,10,5.610585,626
346,349,12,9.569480,530
314,136,15,5.801215,336
397,329,11,9.604175,451
342,327,12,15.044944,612
281,256,6,5.330725,415
52,158,12,5.899832,391
253,171,5,2.313871,387
92,37,14,3.427312,574
59,21,13,8.608176,1161
31,404,8,18.872171,448
149,290,17,20.451994,680
159,357,6,15.223588,866
374,144,7,3.743675,456
97,198,11,10.981656,307
187,103,19,2.810969,931
161,402,18,7.044588,997
430,140,19,11.419739,544
39,125,8,16.968955,373
207,66,10,0.592260,681
86,385,15,16.393634,674
139,101,14,18.881473,1098
368,407,14,17.237570,371
264,249,10,7.010054,928
441,183,18,12.486383,798
240,349,20,16.407456,639
374,154,15,19.675789,491
290,272,18,9.339073,649
144,123,16,1.706187,157
162,53,7,16.199178,828
408,71,10,16.668318,786
177,416,20,4.224086,426
127,166,12,0.163068,580
365,268,17,10.326167,398
118,144,20,13.809476,148
262,410,19,19.534465,217
235,274,10,9.150119,522
195,55,14,6.756524,693
285,118,7,3.674338,357
28,62,6,10.777190,1035
380,381,18,4.965900,902
109,346,13,9.236635,564
138,347,11,19.922007,305
114,353,5,9.110750,1005
313,406,16,18.670226,522
10,347,13,13.447978,743
79,299,12,18.779200,1012
2,49,12,14.129041,639
406,84,20,18.739229,640
249,35,7,18.056757,110
345,323,15,4.842366,307
383,67,15,18.906569,285
109,229,8,1.247313,465
132,328,12,1.778392,564
153,91,19,11.501355,995
375,294,12,15.688792,1069
42,211,20,10.488138,646
291,372,10,7.493667,1129
309,193,16,18.233172,524
239,151,5,10.381209,1101
171,164,14,5.262078,473
345,426,13,5.206145,978
267,230,7,3.922736,771
247,308,13,2.950782,823
157,235,16,10.590728,1120
50,101,14,19.038250,247
402,429,17,14.312091,524
133,389,9,6.268398,656
384,383,9,10.402933,467
416,227,20,16.532148,1109
227,80,17,7.756237,1119
326,201,15,12.295335,1010
300,250,6,15.805557,729
46,154,13,14.653106,1079
3,328,18,0.155404,625
366,296,6,6.088212,464
432,197,15,11.212122,762
96,221,17,1.871337,548
350,269,19,3.149425,1127
250,163,5,1.320537,125
237,337,14,13.179608,732
314,270,15,5.482368,342
261,196,16,15.389488,305
381,405,14,5.153806,576
370,283,6,5.757859,371
164,248,18,20.351381,463
72,169,12,0.217566,1012
8,345,6,13.992393,1121
258,315,10,12.432960,990
391,47,17,2.344294,532
32,386,10,6.965272,210
228,384,18,15.343971,1178
244,21,15,3.191750,975
260,72,7,6.894392,720
429,65,8,2.715032,678
441,314,19,3.395633,272
285,14,6,0.948599,192
37,38,18,1.439764,786
111,280,7,14.232936,648
268,63,19,18.198374,808
218,370,9,1.626746,334
33,90,18,0.160831,268
266,282,8,20.379386,645
228,46,5,6.949568,423
283,414,17,20.027482,1191
289,126,15,17.205578,489
237,312,6,9.393729,754
210,263,5,8.527205,1078
402,140,13,9.778967,804
164,357,18,6.726299,1177
98,400,11,2.084842,928
260,248,20,12.736214,412
74,109,7,6.398555,224
64,187,20,13.045291,600
250,404,15,19.741935,247
430,43,7,12.148848,365
312,137,12,16.270407,715
359,15,16,17.934434,682
14,224,14,19.792132,799
75,1,19,0.908011,348
309,368,14,13.761641,150
190,400,6,8.182714,1021
97,337,12,5.557127,827
55,212,15,5.053095,410
245,305,15,16.839593,281
313,219,18,12.745521,713
283,366,7,19.490040,429
249,65,12,3.188109,862
400,341,20,17.012219,912
274,338,5,12.469474,146
322,180,9,15.169703,619
105,328,8,6.611013,380
142,368,9,18.432915,796
339,170,16,4.452890,1105
282,308,18,4.348586,523
443,376,5,14.081350,537
96,38,6,7.330833,732
351,328,5,5.512066,370
250,321,6,8.174321,125
197,229,13,4.841450,812
201,30,19,12.461624,518
100,272,10,19.123767,399
248,421,11,18.196500,530
12,411,18,1.708799,374
101,393,12,2.248029,1012
356,429,20,16.757050,754
176,376,13,3.595107,382
16,54,11,14.829145,413
389,179,10,20.182647,739
252,3,20,8.764784,263
17,186,18,17.498970,200
152,356,12,13.568222,850
403,231,6,13.439193,694
157,136,18,1.940794,800
206,125,7,9.013251,1141
448,63,8,8.593138,482
345,336,20,0.138175,751
346,169,5,8.571863,964
43,136,9,1.686309,1119
216,149,11,12.623725,726
233,429,9,12.697798,247
2,291,13,8.284403,1128
64,16,19,2.452203,155
299,36,10,13.772519,494
431,449,14,10.407115,1183
373,48,20,14.951505,703
376,418,20,19.809413,1074
427,227,5,7.350565,483
272,128,16,18.696790,707
430,260,14,8.922257,501
338,385,10,7.389622,282
12,73,15,5.815133,738
208,426,11,0.205591,221
431,108,16,19.417862,272
352,288,11,16.143581,858
337,236,10,15.483308,684
61,2,20,7.910155,310
444,64,7,15.406159,1165
73,136,8,17.959522,229
385,59,9,0.714034,747
301,302,8,5.148886,123
67,261,6,0.598823,268
207,223,7,16.301041,440
432,292,19,10.667885,862
275,380,8,19.089262,1101
233,153,14,7.815731,504
37,376,7,18.972922,153
377,228,8,2.954554,478
415,147,17,5.345834,1170
40,364,6,9.204468,1077
142,320,18,6.637479,718
370,43,14,11.947537,1085
30,89,7,5.616560,389
261,338,5,2.975568,741
0,59,8,10.748952,430
381,378,19,3.803238,1073
61,219,15,4.562672,867
148,269,6,3.273028,234
371,41,15,12.584758,947
310,96,18,11.392009,619
292,175,19,2.356817,472
70,326,12,9.424074,378
262,8,5,8.221213,105
363,82,15,6.166182,757
173,182,7,14.059992,1071
116,246,15,7.872257,666
184,382,7,1.319619,1177
63,410,13,13.049843,1003
435,126,7,4.801453,1020
33,37,15,16.519534,155
265,282,14,10.407917,288
233,30,9,4.493252,716
433,322,10,6.983441,141
262,219,7,8.150214,599
102,326,11,2.254447,383
30,243,16,13.690374,483
114,286,8,9.440404,307
232,30,17,1.933306,1118
251,434,19,9.852062,464
399,127,8,6.700076,701
174,19,5,6.644061,714
143,249,8,19.272614,1175
404,201,16,5.194419,834
307,322,13,11.404474,719
328,380,7,13.984729,627
122,263,12,7.802283,456
390,9,9,17.179475,1144
78,342,10,8.833389,171
317,422,8,9.054572,1128
327,2,10,17.675653,555
84,308,13,19.921340,533
343,192,6,17.079592,527
246,9,8,7.012566,700
63,354,19,15.312072,1196
368,241,18,2.234786,508
379,382,5,10.273631,526
388,384,19,0.830351,693
281,245,12,15.448913,617
440,249,5,8.998084,701
448,3,15,8.671024,865
75,354,19,1.543532,254
31,174,9,5.757494,943
388,226,15,2.309391,505
337,264,8,15.517735,516
127,53,8,16.807142,426
32,16,8,17.316538,1093
291,316,12,18.843893,118
413,212,19,1.120359,315
114,203,17,3.843545,1173
292,430,9,11.410268,319
225,2,8,0.209292,1176
193,403,8,1.123079,826
342,280,10,10.155230,122
83,345,14,4.997223,129
140,277,11,6.713898,717
258,107,8,4.431511,182
281,230,5,0.446521,1036
15,40,5,3.179014,938
157,335,20,5.795528,169
184,138,9,17.817893,707
264,310,11,0.751595,1192
291,62,20,7.969744,1003
394,309,16,0.648243,731
26,199,5,10.572179,601
156,375,9,8.316466,875
265,160,10,2.214739,487
429,232,11,18.407176,233
241,382,10,4.294015,339
142,7,7,15.466851,195
277,40,7,6.155139,317
100,394,13,1.359016,561
180,16,16,1.448127,311
148,251,14,6.542110,351
232,179,19,10.143413,674
16,380,5,1.336059,438
197,201,13,7.765568,632
230,96,18,0.953708,796
141,375,5,8.700994,908
448,10,16,3.018088,109
302,16,5,9.424828,258
397,199,12,17.716906,1085
275,175,6,8.306234,1114
270,305,13,8.969436,1022
306,115,13,8.128831,324
286,241,9,4.002117,1096
152,25,8,5.328827,1081
190,150,6,17.474816,560
230,211,12,5.084408,378
29,218,20,0.743917,790
220,437,5,9.435824,909
296,14,17,7.889536,916
123,348,6,19.665108,559
235,112,15,12.302907,690
52,221,6,12.021567,697
182,379,8,12.307516,659
49,81,17,7.874187,555
16,140,13,12.719679,372
354,349,20,18.631630,477
57,243,17,7.927766,256
292,86,17,1.394239,1187
243,221,14,4.407095,479
348,411,7,5.931082,261
93,208,5,9.725078,815
16,234,10,9.203716,913
56,396,15,14.950041,777
428,293,17,0.857789,1005
298,38,6,0.436303,139
389,377,8,16.883009,343
434,61,14,5.126248,882
434,415,19,3.408988,156
219,395,17,1.770627,556
61,316,16,14.680125,537
22,263,16,15.288060,1181
315,27,8,17.989664,103
118,447,11,2.845619,216
436,111,9,8.042225,846
433,193,6,0.945834,668
372,418,6,13.801214,506
183,209,13,16.193379,818
176,198,11,5.315208,794
5,210,20,0.696668,229
139,0,11,10.151670,1116
352,312,18,4.700862,764
12,339,8,7.251042,911
186,79,13,1.460098,578
152,328,10,14.870609,831
414,393,6,7.125000,893
398,401,15,19.143825,327
98,13,11,18.245961,316
261,441,17,19.010599,829
206,171,20,15.821707,1045
379,144,6,15.751408,160
103,409,19,14.073410,945
1,55,8,1.643222,1047
62,84,18,10.957240,145
169,94,11,11.604770,614
23,307,11,12.207544,371
358,62,8,18.413131,809
315,275,12,3.412866,705
44,389,8,0.870113,741
428,332,17,2.622657,528
48,27,18,20.411700,467
48,83,11,17.610533,611
2,17,13,1.210841,463
98,169,10,7.651697,563
381,117,9,0.193741,1033
35,369,20,7.148854,205
18,335,13,5.178210,650
75,220,9,2.338267,190
96,197,17,7.059133,391
71,448,8,8.726899,201
51,156,9,19.458607,760
118,387,9,2.900583,1011
320,142,13,10.018873,510
404,36,15,1.853735,739
149,211,18,1.382658,529
57,223,14,6.908995,671
114,22,18,9.391053,703
394,81,11,15.401561,1135
224,417,18,16.258478,116
120,111,15,2.419341,265
14,257,18,9.989690,1082
277,65,7,8.826889,1093
46,421,8,18.663429,207
223,403,18,10.515436,798
221,408,14,16.997809,1104
33,4,13,2.892549,826
99,129,6,19.929644,1156
344,315,19,6.898552,836
419,380,12,15.044566,954
257,351,15,19.072755,540
430,391,8,3.235563,400
121,257,12,8.402246,709
330,176,13,14.807424,416
213,216,14,9.196863,408
211,279,10,0.530635,469
39,298,10,4.407790,589
22,9,13,2.154239,799
156,367,11,19.857739,791
377,100,18,17.320914,1114
316,206,6,9.116844,557
205,49,16,18.049982,388
145,59,13,13.102210,117
435,150,9,18.974031,581
104,425,14,18.244834,532
63,114,14,2.155716,675
77,103,11,3.708781,1034
25,449,10,11.479503,664
250,233,14,5.775885,278
129,19,11,4.703856,1108
419,44,17,17.539363,703
31,256,7,16.729457,1051
191,339,16,2.852336,640
221,295,19,4.103276,1015
399,141,18,18.678461,565
392,442,16,3.790606,895
301,195,6,5.326197,370
191,28,14,8.370519,519
172,253,6,14.201654,224
363,29,14,11.340005,1065
401,383,13,18.181795,964
104,291,17,13.774252,218
5,169,17,14.735272,857
183,131,20,16.950988,690
166,89,8,2.582143,959
104,173,8,13.491062,600
98,149,9,13.613399,912
81,429,20,16.933531,814
312,90,7,1.148010,313
101,398,12,10.114494,600
6,148,19,0.668944,177
361,53,8,19.878801,871
423,61,5,7.621697,326
189,304,6,6.931311,1034
111,6,5,16.024089,771
99,78,7,13.653464,787
271,10,11,9.279425,1004
6,31,9,4.296046,1146
106,264,5,17.206633,986
47,75,14,8.770440,181
259,328,15,20.495665,843
404,436,16,19.142693,133
134,172,18,7.357153,725
204,5,6,7.611812,672
446,403,10,14.197695,958
97,232,17,15.579764,682
135,62,18,12.610529,485
255,256,20,6.778455,721
158,52,19,5.768076,670
55,433,8,15.474071,938
363,383,8,1.518524,744
209,327,17,14.663214,398
220,357,6,19.218402,1089
381,369,13,12.842203,232
227,171,8,2.135714,290
157,269,9,3.591791,461
410,138,20,0.291163,486
26,78,13,8.050707,742
155,127,7,13.239216,792
437,185,9,5.909740,932
134,74,5,12.109109,463
186,440,9,17.404809,441
3,65,9,20.360792,1167
172,107,7,8.663929,822
331,73,17,13.301059,1014
255,82,7,15.668094,287
375,11,9,0.334785,368
376,69,8,8.106776,232
209,381,19,14.995010,1011
388,215,18,17.689029,476
185,59,17,8.106136,718
26,241,17,17.053576,1027
280,428,17,4.935518,706
446,168,20,2.559169,1199
112,182,6,13.334982,291
445,155,8,19.347384,739
122,190,19,9.176033,1032
134,385,8,6.547185,1176
10,282,5,2.376077,898
266,70,17,16.386284,1001
0,398,11,4.830023,120
331,133,15,10.371053,1013
276,335,13,0.032692,853
27,329,7,16.006403,514
55,435,10,14.381932,139
176,237,20,2.473437,378
27,375,7,1.444637,732
386,380,8,1.434023,827
313,415,14,0.565425,1153
103,91,17,12.136480,626
22,219,6,0.054034,351
155,112,5,8.126915,966
340,85,15,0.715850,426
420,35,8,17.108113,715
68,195,17,7.793695,1095
72,25,6,15.524354,979
137,206,9,19.127967,426
304,13,15,6.079678,466
131,262,7,6.075606,1192
187,133,7,10.998485,214
64,385,12,4.618917,1014
138,318,17,18.909349,300
252,33,9,6.047572,157
63,164,5,16.634994,576
356,432,12,11.728690,439
364,339,7,12.186554,1073
442,347,8,11.541053,554
179,414,17,1.955237,249
0,16,13,16.998670,315
196,304,5,17.295397,138
398,396,13,1.669753,963
43,172,18,4.909235,238
370,66,10,20.381897,1084
8,126,20,15.975724,621
159,79,16,9.004354,393
42,142,10,0.732413,1143
330,152,11,3.212613,368
36,149,17,1.052602,1083
327,21,10,14.189727,495
427,233,20,10.317925,1086
296,181,7,20.101033,601
110,55,9,15.585630,728
121,274,15,3.178586,213
440,241,6,0.323805,905
4,294,16,8.081602,756
295,286,16,16.990150,255
119,377,10,20.160920,882
136,149,5,15.329321,259
334,89,15,11.094019,1087
313,17,16,6.705574,198
119,360,14,10.464219,818
99,123,12,4.683997,467
268,194,18,4.721594,371
339,12,20,8.960951,636
278,238,11,12.289554,683
326,424,11,6.107811,409
293,38,5,0.861054,701
145,412,15,16.475820,262
415,70,11,7.904727,749
59,282,14,19.244959,993
0,28,5,1.553174,1098
338,369,17,14.440255,911
31,138,6,8.270655,1144
75,341,16,7.000603,318
38,128,19,12.342416,508
96,100,11,11.557272,1189
139,131,20,17.825126,250
106,201,7,9.589412,700
310,81,19,19.417254,257
206,310,5,5.233409,900
361,333,7,10.336403,1184
207,274,6,6.082589,739
74,346,7,12.180229,390
216,80,18,4.062823,613
320,261,13,9.404291,410
354,400,20,4.744295,400
400,373,7,17.009339,551
147,171,20,1.416188,203
38,362,12,6.943754,698
168,147,6,11.098660,687
302,443,9,13.554022,922
372,424,17,17.116239,391
2,91,20,0.817357,406
343,408,6,0.418559,276
269,287,6,18.902268,589
94,142,8,9.823503,857
70,322,10,10.971856,1180
23,240,6,3.489989,988
290,351,8,3.894975,580
426,394,7,7.714053,515
216,230,14,20.443972,1009
310,238,19,17.472364,261
392,363,20,4.771815,1167
176,61,17,10.039727,188
216,337,13,1.434307,215
373,384,20,17.955401,754
56,421,12,8.445716,966
165,224,9,18.903709,1025
98,28,10,2.839183,886
201,432,6,1.059309,1124
38,223,13,16.996754,796
167,340,7,20.216705,1044
164,197,16,0.256152,134
347,426,16,15.986719,801
44,248,13,9.379698,606
289,398,13,2.777192,1053
61,294,16,15.278400,570
376,46,6,14.286535,888
88,146,9,0.291027,454
144,246,5,10.619340,923
282,204,11,15.160314,906
447,278,18,6.504693,451
377,448,7,17.004220,344
159,1,5,17.258034,626
79,128,5,7.040056,927
312,290,6,18.302991,817
343,135,12,19.437175,948
74,398,16,5.053874,377
239,328,16,0.432096,195
442,283,9,17.326915,431
318,202,9,4.202097,347
305,29,10,9.152463,771
311,208,5,4.654628,771
408,35,15,1.793527,468
250,288,6,1.379258,732
49,307,9,8.753982,932
255,22,14,10.450623,125
105,299,18,20.124025,907
308,9,9,6.735337,654
195,287,6,2.207131,352
121,258,11,13.726042,832
235,257,13,19.114989,800
324,412,14,17.660252,540
269,156,17,12.736044,278
202,18,10,4.264466,646
389,206,11,16.587718,467
380,282,19,7.587820,927
325,175,6,14.769384,340
391,69,7,19.457158,121
400,206,13,1.707257,1068
128,428,9,18.880820,145
72,362,20,9.810256,351
309,285,17,17.733238,535
25,78,7,8.795138,312
302,172,13,15.136569,639
18,9,15,9.394198,358
166,202,6,2.560935,694
358,43,8,4.742082,820
112,392,16,14.982068,475
292,416,8,19.424027,846
10,379,6,18.586848,638
323,77,16,0.615042,896
296,425,18,9.161015,457
397,122,9,2.495393,401
20,441,20,0.512363,103
336,131,18,9.403140,1031
46,15,9,11.518253,153
398,149,5,8.285503,474
81,232,7,9.351120,805
342,78,14,13.691976,855
151,214,5,9.841525,411
341,259,6,9.719589,536
93,150,15,10.178672,744
150,18,7,2.339330,1190
279,437,10,19.563091,1029
102,358,15,19.203356,522
120,373,16,3.000081,560
26,77,6,14.642650,857
408,93,7,19.083634,627
390,340,17,17.208584,543
393,444,5,14.574289,627
395,236,5,17.984602,180
232,228,19,12.744274,571
143,137,19,0.472971,865
106,289,14,6.772861,424
255,85,6,9.177606,368
221,134,13,13.379381,621
310,362,12,8.785421,1166
282,394,20,11.151263,264
1,175,15,16.320793,615
292,277,12,7.091516,529
82,42,9,18.234707,972
53,333,8,3.795556,930
239,92,15,18.638436,654
416,415,14,3.940844,173
398,427,10,14.649406,992
161,430,9,16.978510,1037
0,7,20,2.307015,700
347,96,14,4.627878,1121
431,22,7,13.032117,991
141,309,20,16.895092,414
43,53,15,6.628261,195
317,165,11,0.284266,267
349,170,17,11.191815,1150
140,164,10,7.402966,1025
176,170,16,4.051877,373
303,386,5,0.477671,1027
143,447,11,16.508128,337
427,40,19,1.849616,421
67,357,20,18.699303,389
340,347,16,5.231247,229
338,391,15,9.990061,183
25,223,11,14.173306,311
242,348,15,10.352228,134
396,229,7,10.111195,708
213,33,14,5.909544,411
349,409,17,12.330080,901
324,93,12,16.576691,667
33,31,16,2.312043,582
91,410,18,4.652984,927
201,444,8,19.425997,173
127,414,6,13.765946,156
234,230,12,0.709166,620
253,430,19,3.573519,440
300,375,13,0.602194,894
291,308,17,19.064904,138
291,171,18,17.156599,1050
343,387,7,20.408916,900
180,160,12,12.415179,964
109,233,11,0.155349,1063
209,47,20,20.237099,677
302,44,12,13.728250,1132
89,352,6,1.866245,624
289,354,8,20.372194,1145
303,196,20,15.944417,631
348,16,15,1.602943,118
149,373,11,2.911606,548
314,338,11,9.156467,156
232,272,12,11.709184,772
19,290,9,17.121384,256
160,278,9,6.130493,1097
98,345,8,14.185155,884
128,152,14,15.592974,193
294,227,13,2.439896,455
141,443,12,8.787453,473
288,148,17,6.056699,609
398,56,11,14.177599,1048
113,335,6,16.036592,785
153,89,17,16.390412,288
195,345,17,17.944163,281
374,23,13,10.314140,392
442,175,18,11.586264,381
415,12,11,5.246132,310
174,421,15,16.207200,333
75,197,20,9.556511,827
315,116,7,6.679578,131
31,394,14,16.499827,568
332,52,13,4.999587,238
275,378,20,15.101406,783
226,219,15,7.576805,126
313,435,15,20.216781,1148
42,138,8,6.874169,523
389,416,19,5.585448,929
218,415,11,9.900199,187
255,165,12,7.665618,145
345,62,6,15.747212,802
176,385,6,0.167794,649
241,321,17,7.773946,232
110,5,8,1.335998,854
7,258,19,15.959322,188
89,223,16,12.461557,1032
253,119,16,18.170990,1169
92,319,15,16.577079,1200
388,288,5,8.568471,567
238,359,6,1.794974,388
94,14,8,15.868118,1015
423,230,16,14.892995,155
401,324,13,11.075979,662
50,229,16,19.153827,564
161,297,20,10.882431,226
252,445,9,12.618082,1012
432,31,13,8.655581,419
235,64,7,15.707702,716
341,218,19,17.729407,1102
422,264,8,3.105016,812
121,15,7,14.606566,386
259,58,12,12.864547,415
157,217,12,13.354849,725
10,418,14,15.654609,934
137,404,7,3.679279,382
114,274,9,8.471623,257
293,409,17,11.660889,1090
76,159,7,6.544949,116
442,182,5,9.857712,1183
16,191,7,12.954717,249
105,68,10,10.589366,1010
121,147,20,14.802397,996
155,417,17,1.750097,982
304,169,7,1.287577,985
293,79,5,2.880444,226
317,136,6,5.266082,579
362,297,13,14.829388,967
379,253,14,15.634286,196
409,115,16,15.643593,184
239,425,6,8.237437,789
416,27,5,6.739708,694
414,425,15,3.565336,739
111,368,19,13.116567,934
436,387,5,7.382144,287
96,172,7,15.405672,1064
389,401,19,8.246666,837
228,5,18,1.801863,1138
341,273,7,0.609504,199
182,98,6,15.248056,1184
190,409,19,4.050480,544
175,182,8,17.583495,290
257,111,18,10.616674,107
91,372,12,2.820599,589
449,409,8,17.936801,881
110,195,8,1.753904,752
225,178,20,6.649672,336
152,166,14,17.615591,1196
408,368,5,20.389615,250
366,262,14,9.463800,789
320,370,11,10.541540,1185
244,310,12,1.267623,558
139,60,13,14.607389,911
223,445,9,19.657221,1154
270,192,12,3.769007,998
160,369,10,4.058780,1012
119,270,11,20.156134,734
271,182,16,6.660107,638
203,269,8,14.380614,588
201,373,6,5.699991,229
299,180,20,15.750676,245
315,222,12,3.488596,1180
35,358,12,12.712447,578
37,222,7,1.380899,826
437,394,17,7.149132,241
115,423,11,5.687282,550
332,110,16,0.319679,401
173,41,15,14.627345,344
394,285,12,16.574230,588
93,142,13,3.530452,869
230,400,10,2.949626,1069
346,105,7,20.360660,749
291,232,8,8.779844,815
255,376,18,18.759906,739
368,7,12,9.929823,378
403,92,14,2.959540,272
196,354,10,5.779685,507
161,330,20,5.614394,1008
112,0,8,10.847795,869
83,281,18,4.486740,899
355,316,10,15.972487,359
121,96,6,15.895684,846
64,357,17,1.872211,581
76,52,7,8.511986,1016
332,364,12,14.781938,158
128,171,18,17.232304,379
114,142,9,4.462858,918
30,150,10,1.743146,671
223,240,16,16.766697,189
353,20,6,6.108790,340
74,369,18,7.413330,664
98,176,9,2.142494,796
427,174,6,5.183702,1182
321,98,8,4.648799,344
156,232,13,20.415662,1075
98,431,20,15.495881,832
349,168,16,11.241976,136
357,255,16,16.426970,679
49,293,14,1.278523,1030
19,68,7,2.951694,1047
353,409,12,8.949519,1135
158,2,14,2.187366,134
437,400,8,11.299301,1010
67,424,10,11.040045,1190
159,189,12,15.360037,348
79,231,9,6.233413,1107
392,321,8,13.152302,843
168,126,10,6.780821,763
187,367,5,3.762156,718
117,217,12,11.910879,265
150,437,20,17.737910,1119
29,279,12,4.401467,169
408,404,7,14.870715,587
395,440,14,6.934141,421
117,89,9,12.121021,721
225,398,5,4.832297,716
250,64,17,16.517427,624
413,97,14,3.872450,835
360,293,11,18.993162,984
341,189,20,15.229381,143
33,213,8,18.788025,1187
92,140,5,18.509130,199
24,172,10,16.375386,652
152,218,9,14.061517,892
312,144,12,18.974026,1062
404,206,8,11.335953,800
16,312,13,5.703636,337
366,183,8,10.136348,717
422,425,14,6.211807,707
394,64,6,2.685512,458
446,287,20,6.291028,1155
366,11,16,10.679116,913
403,407,17,15.541457,568
219,388,9,4.470977,1005
98,76,14,18.311925,738
176,401,10,5.713080,799
118,215,5,4.164698,644
223,97,10,4.412143,581
23,155,8,14.422393,268
183,85,15,20.096381,234
397,404,5,14.890620,487
178,126,8,18.376735,1010
19,240,6,11.865758,523
358,46,8,17.697756,990
239,54,17,8.275448,650
120,315,16,13.396574,659
158,257,20,7.260271,118
122,369,9,18.875168,856
445,41,18,6.748204,463
295,354,18,5.185951,470
162,78,10,3.154151,797
338,274,9,19.321128,892
238,184,17,12.037562,283
273,125,5,13.629229,1041
157,211,14,10.496100,628
322,210,19,10.618599,396
207,442,6,18.430120,542
235,334,15,6.002778,594
78,423,14,9.700924,1183
4,305,15,15.983948,1146
202,353,14,4.170250,397
164,155,10,17.660652,693
289,143,17,5.491719,450
320,10,5,6.295844,813
368,360,14,12.718970,477
339,56,13,3.436128,1073
381,224,16,8.685979,410
448,325,7,9.296832,490
448,366,19,11.740654,1105
348,34,5,6.407202,116
154,274,5,3.933943,373
342,112,18,5.365453,374
319,275,17,8.161885,824
349,53,20,1.872111,633
43,415,18,9.890069,105
442,165,17,12.500575,891
350,136,11,2.410577,493
145,401,19,5.311288,686
166,426,15,8.116021,772
404,70,7,11.065312,315
419,136,5,18.616145,999
99,221,8,6.432862,458
0,340,13,7.484917,646
194,336,18,11.535844,1049
268,227,9,12.245129,966
7,34,9,19.364296,164
117,241,11,4.413975,423
434,223,14,0.894943,651
326,239,5,10.021922,838
299,214,5,15.940189,1000
126,241,18,11.689330,623
40,325,5,10.046803,177
317,64,7,3.060728,887
438,304,15,20.059978,316
384,13,7,2.249305,663
294,153,10,2.559214,1122
436,243,16,16.050399,611
235,168,15,6.745054,794
334,372,15,0.302566,832
16,253,12,12.830309,734
352,249,12,15.936747,739
449,290,17,6.659674,945
434,97,18,4.694876,346
277,402,12,9.857612,473
410,442,17,8.160565,448
317,88,17,18.458092,176
264,366,19,2.728398,556
359,48,10,9.115461,1148
139,43,14,0.379043,142
329,182,17,5.826297,431
212,62,16,17.016619,875
103,198,11,6.931569,375
300,269,18,11.052563,440
385,28,7,14.305460,1036
35,329,6,12.080062,830
88,12,13,10.283280,182
393,416,11,19.744204,200
318,326,19,13.528457,471
313,269,8,10.456435,519
351,394,17,19.382461,359
332,353,20,3.080693,854
444,16,13,17.202943,1110
402,216,8,15.035932,510
331,447,13,11.183201,119
143,263,6,2.962966,709
103,338,5,11.952251,536
398,132,13,0.070010,1143
409,67,19,6.410337,117
357,70,9,14.188880,442
58,43,18,2.722653,1153
372,99,15,1.839176,753
342,403,9,15.557155,112
230,61,11,4.867953,486
50,205,7,16.217003,652
94,336,20,10.616267,1199
297,226,16,2.979338,988
85,16,12,8.376198,271
69,129,16,13.022716,457
307,349,14,8.372998,448
179,138,13,16.049875,529
127,270,8,7.879203,1146
167,223,7,19.674850,853
173,306,15,8.168906,623
424,401,12,6.955621,266
301,120,9,19.614788,1111
360,53,17,16.531457,966
418,322,15,7.498209,773
56,6,19,3.895573,861
207,83,7,18.434277,192
52,297,6,11.935117,1120
409,304,16,1.161713,395
56,25,17,0.021150,169
125,70,14,1.752541,235
127,168,14,0.392782,657
238,208,11,2.940142,373
155,113,6,15.187235,1195
271,93,7,7.179236,354
430,259,16,8.829975,624
345,412,16,16.792531,556
437,176,14,12.032471,1167
135,70,13,6.656177,721
147,104,16,10.335970,610
44,29,12,6.307852,1136
402,88,5,12.275052,245
168,61,8,11.424876,467
272,159,9,9.697053,1085
274,197,20,15.059618,1081
0,48,13,3.530910,874
212,312,19,0.853904,139
382,51,14,20.022561,291
170,277,6,13.678789,259
431,133,6,16.086729,695
221,314,17,8.838164,417
180,138,14,13.740889,159
22,26,16,13.065197,215
389,103,11,9.222545,909
67,400,20,20.352778,1030
408,307,14,3.903829,464
35,405,9,10.662435,980
340,193,9,8.196412,535
199,191,8,2.611687,897
380,179,11,14.318474,497
438,109,11,10.523413,117
167,382,5,8.729413,122
93,336,8,2.689154,140
93,234,14,9.453985,933
225,6,15,7.580365,1083
374,269,19,13.479982,836
37,162,18,7.150549,338
391,156,13,12.161578,301
401,191,8,13.562489,223
424,27,12,17.216072,1154
168,48,13,5.876752,824
442,167,7,10.829548,134
276,216,12,11.407590,508
228,296,16,17.972663,306
394,395,15,6.609496,828
411,238,7,17.490593,498
397,103,5,8.285296,1038
161,6,9,17.791737,734
75,218,20,7.573247,1082
121,386,12,1.714870,668
13,61,12,12.203168,1147
415,137,11,5.574203,377
388,447,18,19.218836,865
141,223,5,4.572921,433
50,41,19,17.320606,326
339,4,7,1.168795,169
85,448,5,9.408000,581
395,162,9,7.897447,933
311,418,9,20.145124,584
63,91,5,13.637649,919
315,80,19,12.662637,470
167,252,8,13.511442,276
163,34,16,4.904212,704
419,14,17,16.129404,675
125,441,10,11.736367,958
186,386,10,8.224993,725
136,99,11,19.861102,592
240,441,14,3.887179,734
71,27,18,3.963913,1141
389,394,11,15.082087,725
292,229,15,7.098130,812
312,50,7,7.703247,567
84,187,17,2.617204,173
25,182,7,16.003662,519
113,412,17,4.562417,134
202,262,16,7.411837,943
418,82,8,0.512818,970
232,327,15,6.816512,871
427,118,9,5.912112,819
387,27,14,11.583617,1006
257,360,16,13.169367,789
111,144,7,13.283429,452
2,90,19,4.658159,595
16,424,13,7.153101,382
114,357,7,11.219821,276
403,370,20,4.253422,161
14,78,17,18.610208,1045
438,216,18,19.625622,1008
212,8,18,3.496550,847
252,317,13,5.721420,447
241,141,12,14.992510,431
332,277,19,14.764385,614
210,288,12,10.894511,131
15,86,5,20.237327,961
300,387,7,9.230218,428
72,406,9,1.259289,118
137,155,12,3.871763,315
278,339,19,16.431627,434
306,213,19,15.726537,473
439,150,12,10.925310,1105
58,335,15,5.433646,1070
80,352,14,6.775546,463
177,100,13,14.632274,416
226,135,6,6.882552,181
312,176,17,0.694176,1107
186,307,14,2.349550,240
94,61,13,19.094262,1158
183,162,11,16.434180,925
151,144,5,14.104751,997
141,434,8,4.532038,778
439,279,20,2.532923,1124
335,260,12,19.466432,112
258,130,18,17.667000,232
51,257,19,9.612889,287
298,70,6,19.662407,1186
206,85,7,18.863446,1181
14,109,12,10.449303,763
267,110,14,18.331115,873
115,57,16,7.096157,673
433,145,20,6.534042,901
309,175,12,18.237352,893
112,1,18,6.790146,281
324,54,14,10.048993,231
191,336,9,6.511919,1174
352,305,20,3.495575,1124
169,310,7,17.644617,554
169,221,9,6.753160,211
137,24,7,10.795663,129
331,327,13,1.761898,771
245,130,8,16.782410,134
421,234,16,19.659276,674
260,105,5,11.946949,246
190,166,14,5.872510,442
105,5,6,9.624332,162
443,292,17,14.478423,978
438,128,10,19.377264,273
249,356,14,19.372987,323
87,413,8,12.786016,897
61,326,20,9.021886,409
28,370,8,16.982578,668
347,336,9,3.633151,384
427,267,8,20.059645,1024
428,193,9,9.845809,930
248,356,6,16.757733,631
216,329,16,6.765789,1007
318,328,18,9.558230,1064
316,361,7,14.325004,321
321,63,14,14.952157,1137
251,423,18,16.447631,710
277,395,9,0.604245,706
240,347,14,12.383234,876
92,362,6,4.401490,101
212,133,13,17.284829,1094
65,12,17,8.398205,357
68,327,14,19.677705,160
141,58,19,10.503981,1098
236,223,19,15.525320,1002
125,353,14,0.721668,1032
414,201,16,14.292384,1162
339,113,13,10.977038,899
134,391,15,17.483159,1154
88,25,20,10.654169,758
28,409,12,18.401892,536
61,361,11,7.269751,966
48,116,10,16.479843,773
94,373,20,2.373139,983
81,148,7,12.895133,669
88,302,19,5.336288,994
92,214,19,13.443064,387
11,172,7,0.318691,509
124,98,10,19.910164,590
34,17,11,14.432940,124
71,213,9,4.573285,416
81,10,8,10.913587,1069
248,33,13,7.172852,422
124,205,15,4.802788,270
167,96,8,10.953009,1196
406,360,15,13.843240,575
85,342,11,0.586350,1032
195,84,12,5.714523,615
282,77,12,11.577353,1008
349,335,17,18.611353,1092
379,426,17,17.615624,980
174,367,13,18.685687,613
334,147,12,5.200394,1034
131,213,14,9.393836,946
308,77,20,8.943072,456
123,72,6,6.263697,1002
214,449,20,15.072373,182
146,102,18,9.257445,373
168,320,15,4.547162,341
101,28,16,13.161698,308
409,10,20,11.561178,1030
134,180,11,5.162893,1109
62,3,17,8.178687,692
277,173,19,12.019712,608
97,339,7,15.302935,996
147,166,9,2.899668,198
437,360,5,9.230183,922
179,341,19,6.520352,1001
91,235,14,18.073250,892
434,281,10,2.885752,1166
43,3,5,9.038346,762
31,23,8,10.983392,107
323,290,20,0.057465,923
51,240,20,0.946395,909
37,243,14,7.029051,1185
351,154,11,19.926437,440
122,120,18,3.925401,901
287,268,20,8.363839,1067
244,138,15,1.714335,156
55,72,9,1.266434,270
235,198,15,0.890373,917
195,88,17,7.377290,514
250,280,16,15.306530,435
58,340,6,12.926733,914
107,415,11,0.473195,1049
138,423,8,3.447096,1157
291,265,6,4.457836,942
306,27,6,14.981112,1109
132,34,9,18.965231,187
354,142,9,1.529033,1092
444,207,13,1.551076,476
412,34,11,8.202530,614
128,377,9,11.913652,383
162,264,19,13.588684,362
32,295,16,17.814070,247
335,36,8,15.520191,667
430,368,10,1.051241,430
235,119,18,11.117187,498
216,358,10,13.417724,602
319,432,6,7.067854,103
274,277,16,14.752682,1046
330,3,5,12.571032,562
375,379,19,2.367589,1157
433,147,16,10.950213,829
293,51,16,16.780660,1017
114,89,14,16.532128,962
11,84,16,17.620466,350
435,112,13,10.403278,1026
156,366,7,10.189153,433
42,63,15,6.384560,514
300,70,6,15.960892,1033
74,83,7,15.030896,1050
14,29,15,14.098390,490
209,301,13,16.637007,309
126,353,9,9.572296,981
400,277,19,19.827129,687
220,239,9,8.745254,396
163,210,10,8.589025,495
330,127,9,4.324047,1028
395,83,6,5.931903,1038
272,426,8,4.245934,784
182,114,16,10.488984,461
437,163,20,15.193665,653
417,234,15,4.542988,894
268,289,6,18.252210,686
272,269,18,16.063326,648
13,305,6,12.496323,680
99,109,15,0.307707,502
190,443,15,5.901613,951
144,255,5,6.541097,893
416,36,13,1.612793,403
84,353,11,3.202743,1161
440,247,16,2.836798,469
2,22,6,16.251060,304
419,168,5,15.233016,985
260,382,7,6.468056,232
87,91,13,14.242600,172
34,217,10,9.822350,206
337,156,15,13.782004,981
240,71,13,4.487472,157
70,379,5,20.413708,396
173,138,14,3.965600,307
321,295,20,5.785485,586
173,262,6,5.675642,917
373,167,8,11.889570,348
159,338,5,0.913933,701
117,193,14,7.825893,345
215,343,11,7.627268,414
263,411,8,19.693965,822
425,422,5,5.528744,205
3,338,7,4.751130,584
263,200,9,9.003325,253
371,108,6,7.643833,260
312,17,16,15.162051,827
28,343,17,15.164714,1023
306,370,10,14.466843,985
183,223,10,14.341559,884
152,429,10,18.053222,1081
339,129,7,11.571434,217
10,23,12,13.356173,1007
246,152,10,18.898599,355
439,144,7,9.199290,786
94,226,17,1.742945,850
404,65,9,14.728915,1025
92,422,17,6.173792,1105
74,186,14,0.620643,1102
439,270,20,10.040496,910
325,27,12,11.230070,503
281,206,12,10.406954,490
425,292,10,3.170726,324
58,17,18,3.061562,547
405,277,10,0.493196,833
339,342,13,18.963793,819
5,370,13,7.715271,1092
261,126,15,9.800189,902
291,307,10,19.794615,835
334,370,10,0.341056,405
399,285,9,11.491425,684
5,274,10,7.392370,573
215,448,10,18.542808,588
74,357,6,7.223700,525
65,246,5,6.790482,758
71,265,9,5.545427,431
387,128,6,7.358517,874
273,348,14,11.195078,1010
402,25,6,10.103822,511
127,94,5,5.408331,664
193,158,14,19.508182,378
175,355,18,2.041568,1142
186,14,16,2.556980,786
206,126,16,11.497758,1054
264,246,8,10.088200,131
5,84,9,2.487215,311
347,213,14,0.224185,125
41,434,6,11.159078,121
388,355,20,10.361415,135
169,378,17,1.447312,413
232,33,6,3.472223,1174
347,343,13,1.192943,1111
12,120,10,1.436929,747
257,220,16,12.856804,598
86,54,10,4.865528,974
109,312,5,14.826096,1036
242,169,12,9.035794,1189
366,251,16,10.481147,203
365,348,15,20.226590,563
304,255,15,14.004448,937
299,305,14,6.641139,300
207,137,7,17.722245,989
154,362,12,17.709056,472
94,119,17,13.985040,1109
137,197,6,8.281789,1118
397,115,19,11.953136,1034
298,135,16,6.714863,518
280,250,15,16.601507,516
40,374,20,13.358133,775
364,249,17,1.841836,342
420,375,7,17.452237,1008
446,18,12,8.867722,1033
116,239,8,15.611740,653
195,114,6,7.699763,278
173,85,8,2.543320,1025
215,86,17,3.315300,595
370,352,9,16.685362,798
247,447,14,13.919328,533
408,113,19,11.923557,184
428,299,12,2.044111,578
86,148,9,12.418492,917
234,301,16,19.225886,1075
206,93,16,8.861478,842
243,29,18,18.234725,409
144,357,19,4.729254,157
158,50,16,20.370856,626
436,170,11,0.185974,1070
159,436,11,8.383264,534
267,156,6,12.198652,747
157,426,16,3.904893,1173
373,62,18,7.398531,720
113,189,15,12.318416,1062
139,219,15,9.210639,484
402,245,8,13.202447,1082
412,141,9,6.105707,952
398,270,11,7.579009,433
332,177,13,0.776669,671
240,53,5,16.051034,909
169,126,13,20.200585,969
278,178,20,6.322007,292
394,42,8,13.654248,612
138,39,18,13.918442,735
9,228,11,5.428508,924
282,104,17,3.435450,1037
202,387,11,14.798045,1107
139,440,19,6.451586,500
316,409,5,2.284203,173
94,85,19,13.700405,1091
374,447,5,18.199565,654
300,81,5,18.665503,328
320,269,12,2.253376,476
181,220,8,12.615890,129
194,199,11,18.723341,451
185,86,17,9.979224,596
93,163,13,8.699143,671
37,395,12,4.146547,544
199,336,16,0.547033,1112
153,392,7,8.017077,933
8,361,14,3.712721,640
436,149,20,9.488821,959
76,339,5,13.795825,657
294,360,6,3.960577,984
242,404,6,3.462546,956
125,382,7,8.569174,1084
62,119,7,1.940238,347
424,440,9,16.364222,479
438,237,9,9.314894,359
186,159,6,9.930747,122
289,405,8,9.887387,825
205,110,5,16.780472,1110
65,58,16,16.684328,980
110,279,9,16.745557,670
411,26,19,13.143666,213
221,424,18,10.559995,719
304,45,10,15.007492,946
345,97,15,17.330507,528
211,127,8,16.031876,140
155,279,16,12.800582,538
99,178,16,11.357255,575
20,74,19,19.755730,351
43,132,9,2.887866,1088
84,327,5,7.312810,636
64,97,6,13.967398,121
68,13,5,2.232684,1110
443,233,8,16.701958,1175
43,321,7,6.275928,1031
285,321,17,12.204302,1024
276,388,17,4.277916,199
212,156,12,13.355996,1009
423,415,19,1.766979,803
399,336,13,5.719576,986
47,210,5,14.101135,331
426,41,9,7.771280,1148
437,47,7,1.411571,730
83,10,18,19.132446,672
397,59,17,1.644056,581
239,333,20,19.921029,512
63,360,19,17.851770,414
168,82,8,16.360155,803
95,121,20,18.818738,776
388,235,9,13.387192,381
122,364,11,15.779876,850
318,210,8,4.346138,549
185,0,5,12.381170,479
296,265,17,16.235727,330
158,141,6,18.608789,390
260,100,18,9.807774,108
280,213,7,12.788364,609
333,316,14,4.874240,832
351,268,16,3.465112,1180
23,385,15,9.797225,162
145,131,6,6.743150,750
169,123,15,3.434799,190
261,260,15,15.803818,713
73,282,11,3.396959,467
333,328,17,16.169383,342
193,328,10,15.312517,1168
432,412,16,5.168202,1189
350,431,18,18.213184,160
412,314,20,0.157360,908
14,440,19,4.962070,271
223,306,11,15.609263,808
0,264,9,4.123191,1069
263,206,6,13.644942,1078
253,296,18,3.303907,886
96,355,12,5.949353,681
146,304,10,0.296257,1190
64,373,17,1.585283,502
327,394,20,0.461716,1089
71,277,12,0.599054,487
347,107,15,2.459999,289
55,166,20,14.272486,419
271,367,7,7.863381,505
390,449,7,2.999103,198
277,361,18,15.435107,585
314,396,16,3.132324,987
436,304,13,14.063852,572
177,104,15,15.646363,413
101,30,8,8.225685,1023
374,121,17,14.411760,227
317,381,6,6.389814,1070
340,75,20,20.371113,149
56,226,17,7.969343,444
317,212,18,4.728137,535
364,10,20,17.895920,975
255,81,11,15.763310,244
293,380,6,12.273876,750
94,379,20,19.416085,306
149,16,15,15.740788,1039
158,140,13,5.712006,816
437,425,19,0.943460,1189
105,442,13,8.042422,1133
217,179,19,6.815314,1182
90,257,9,2.211684,1049
352,414,5,14.768423,764
203,131,14,7.987203,759
230,164,11,18.649893,129
113,257,8,17.025640,185
140,178,19,19.689000,425
16,282,7,15.852422,841
177,373,7,4.288970,344
149,44,8,9.394244,846
402,202,11,2.302502,929
377,94,11,11.951501,780
215,90,17,1.357239,603
232,190,11,9.403277,756
138,52,19,4.755270,949
57,377,5,6.108012,345
329,112,11,12.264746,991
267,15,9,2.799581,406
249,441,20,7.123977,528
357,97,19,18.205415,193
272,284,5,16.998847,425
356,398,5,13.176955,1087
202,293,9,12.471354,833
315,138,11,20.153983,928
275,171,14,18.309328,240
154,387,13,1.578887,337
328,180,15,17.164111,808
39,307,14,10.021271,1146
298,83,13,14.357145,393
128,306,20,8.138290,376
249,143,20,6.640781,315
204,77,8,5.663746,441
394,275,14,4.235563,223
112,84,5,15.701398,705
243,288,13,9.868809,312
2,140,15,15.406757,466
86,77,11,3.252995,313
104,363,19,3.923530,797
200,270,9,4.918505,488
91,364,8,4.098122,267
148,163,7,12.397227,705
293,198,20,15.318213,566
98,210,9,18.095100,110
51,200,16,5.224698,352
412,328,13,2.785819,575
329,35,5,5.470317,625
291,351,11,10.514171,131
37,310,18,5.056449,221
178,389,8,4.218649,599
95,145,11,19.445806,880
320,277,10,5.661729,216
105,383,12,14.190458,338
201,28,19,16.739939,975
222,73,12,2.891380,711
25,415,9,7.851479,898
376,153,16,5.403950,887
238,194,19,18.424874,575
123,74,16,12.980564,732
76,256,7,10.312700,948
440,170,18,11.337382,940
21,0,6,1.836892,755
270,417,6,4.849579,324
363,115,6,8.748828,520
320,356,6,4.956267,568
294,200,7,12.273867,710
221,285,20,16.310075,1070
383,355,11,17.198841,157
105,229,16,2.132461,230
175,174,8,10.764290,1083
420,301,9,20.290433,265
375,281,19,2.373082,236
221,307,7,6.616038,564
405,315,5,5.760820,1082
28,400,20,17.464791,559
296,387,18,2.581524,315
422,83,9,6.934082,437
70,338,10,12.712337,501
364,111,10,3.982094,1078
374,64,17,14.819181,1046
13,405,20,10.591172,859
211,233,11,10.806475,233
51,128,8,2.137778,519
100,396,13,14.494521,715
284,394,9,16.994846,350
10,80,9,5.532491,751
362,91,14,3.430901,767
23,266,19,5.286218,802
21,47,8,9.641975,552
75,210,6,0.346784,714
55,271,15,12.873760,917
11,96,10,11.283298,213
55,265,9,7.155956,980
284,237,10,14.405787,642
130,436,19,20.097668,260
73,317,17,7.516895,630
102,312,20,10.849076,326
133,1,20,16.764305,272
222,56,5,11.292817,1118
7,239,19,6.905973,412
322,382,16,3.301735,538
418,31,15,12.723967,440
276,73,16,10.265318,360
33,2,8,3.039506,1137
19,39,17,7.696541,599
62,66,12,19.537256,1146
24,205,6,1.728362,523
344,214,17,0.721440,232
417,180,16,13.598830,254
14,216,13,4.429115,756
3,284,18,16.941603,999
342,425,7,7.090254,1061
76,227,12,12.819152,988
292,70,9,10.311659,1157
300,37,9,9.803737,395
7,22,6,19.182631,224
436,338,10,10.467594,682
438,282,14,1.132878,1073
144,352,12,1.061946,151
30,297,12,0.816837,1184
330,192,7,5.928527,313
247,438,15,15.189978,130
288,383,16,5.027728,132
446,238,15,19.999671,653
61,29,11,16.172584,463
423,134,17,15.854745,881
269,69,16,16.977463,428
231,274,12,18.282500,141
282,315,20,11.479124,840
153,81,6,6.721265,850
326,38,8,18.798783,393
230,370,13,10.293697,865
83,219,5,10.374655,661
127,75,14,13.436888,856
91,92,11,4.527537,611
292,444,19,13.451856,391
197,234,12,16.662254,1073
267,115,10,17.390392,1051
306,412,8,9.887062,820
184,78,11,0.671872,1102
46,153,17,1.010448,479
127,116,13,11.505930,326
108,219,13,3.976833,830
344,375,12,2.920704,792
225,83,19,7.500684,1134
332,115,20,19.475873,284
62,335,11,8.303449,262
53,35,11,15.578491,804
372,359,5,11.831440,532
223,200,19,18.980056,1012
13,39,17,11.242388,1186
58,365,7,7.153616,193
20,434,5,5.116011,1090
249,328,8,1.979504,416
25,62,15,4.713192,114
190,363,15,6.270114,414
267,229,13,16.409551,188
175,348,13,15.098026,1139
78,234,9,2.616733,780
128,365,15,4.603965,1124
352,296,9,6.920511,170
318,308,16,15.773654,627
10,410,6,0.357563,886
297,299,8,0.355646,483
303,203,13,14.340898,1184
59,417,7,3.598522,784
42,384,8,0.936641,315
367,235,12,18.228704,265
126,384,13,4.397909,1074
90,179,6,10.365103,340
75,273,17,18.491127,1065
306,345,14,9.063792,365
437,288,6,20.386087,128
269,96,15,1.703495,1007
424,434,9,14.882109,1029
191,102,10,8.481636,109
121,114,16,15.673273,1189
127,234,13,12.917779,767
443,35,8,11.097260,880
430,170,9,2.364365,256
434,133,6,19.925454,384
108,318,8,2.648908,839
382,34,20,9.785687,806
79,176,15,0.736804,418
197,96,13,5.345927,1040
4,415,13,4.238217,1078
31,444,20,13.594805,177
28,49,7,12.497801,428
87,432,14,4.735023,175
355,34,13,12.203590,374
102,256,14,9.124194,1200
415,180,14,10.945946,634
173,64,7,15.850387,428
211,63,8,11.607682,767
398,287,19,11.986521,141
264,219,17,11.066418,339
305,115,7,5.154424,100
389,62,7,8.152706,465
148,343,10,14.249544,287
168,196,11,12.435075,1191
229,106,9,16.648201,540
64,337,8,6.627682,287
17,114,19,14.608411,174
300,444,8,10.209728,863
175,443,16,12.249833,1108
270,7,8,6.226439,481
280,104,15,8.705111,1001
7,385,15,7.565049,858
157,441,18,18.440958,519
282,132,14,3.772391,1071
214,48,11,12.866564,1063
245,158,5,17.992567,1040
174,64,15,4.126401,232
387,443,20,14.832059,569
191,438,9,15.905427,734
217,214,17,2.366694,1109
330,179,10,3.731251,849
27,346,18,16.544948,196
300,386,16,15.403590,997
264,36,10,0.035645,528
437,133,15,10.143176,203
305,353,20,14.005801,956
329,346,18,8.697691,529
326,167,5,2.502700,976
105,399,16,18.622067,575
289,195,5,20.479646,535
128,296,5,11.863348,1026
329,268,7,5.519862,144
225,430,16,9.374224,255
335,167,13,15.544967,226
432,53,10,19.702797,191
76,240,20,6.555851,937
424,173,13,5.640317,794
383,78,17,19.733691,159
156,193,18,11.564570,523
262,406,17,1.282429,220
332,53,13,8.173928,296
106,172,16,12.050713,520
272,126,12,1.033614,347
327,397,11,3.996943,743
373,181,14,16.997168,592
124,26,17,4.729366,900
211,183,17,18.383709,1009
17,12,6,3.714824,527
149,172,19,20.271248,988
441,434,12,1.114186,895
345,202,15,6.327164,691
30,360,10,7.279359,1199
440,349,13,15.467647,475
341,382,7,8.054353,400
420,186,7,0.966650,440
243,19,5,20.192568,843
161,70,14,17.645414,1060
26,52,9,4.958604,488
255,147,9,7.005941,869
178,101,20,11.949572,328
19,171,12,12.633940,559
385,436,15,12.230893,582
380,379,15,15.684333,456
314,0,20,0.328063,369
280,92,9,19.179140,657
162,180,12,10.083440,987
209,144,14,2.034000,1074
162,246,20,8.369592,793
10,436,17,10.385424,270
367,238,14,13.989809,287
75,281,20,3.411823,261
247,31,12,14.273694,333
247,39,10,7.264993,806
124,259,9,17.636355,1101
153,259,18,9.807578,822
229,118,7,2.742442,1077
87,249,8,19.386596,127
295,434,12,20.345500,607
430,85,17,1.995340,859
405,240,10,8.281584,1096
133,270,9,9.359858,1006
54,425,5,4.880310,866
52,147,9,14.028989,660
166,82,15,10.425039,251
18,135,10,3.147633,796
448,23,18,11.209381,719
120,54,15,5.997374,752
47,280,9,19.243690,975
373,166,15,10.530271,855
444,312,15,12.457566,878
79,442,11,14.161353,1143
252,266,15,6.852727,577
302,330,14,8.982169,965
296,432,6,18.957369,1004
42,206,6,5.747388,1188
117,307,20,12.622492,1036
449,283,9,10.572205,106
185,319,19,10.352629,179
76,328,5,14.437610,852
275,382,6,5.404910,568
379,291,10,20.221312,830
105,224,12,5.372063,292
11,71,19,11.328500,1037
189,249,16,18.634763,858
116,402,9,17.413633,197
94,26,8,15.190013,149
349,64,20,17.527769,141
323,63,18,12.368100,563
233,380,19,17.173686,935
27,365,16,9.666888,143
237,317,6,18.863411,662
326,269,9,18.370749,459
254,153,19,14.674408,941
279,249,9,20.333560,1037
104,1,11,18.998519,606
100,308,9,9.732517,550
341,229,19,6.813106,278
346,172,19,16.236622,705
141,24,10,17.904120,310
373,442,14,18.335056,186
6,172,12,8.239712,638
448,361,19,15.669198,926
90,448,7,19.075579,1016
401,60,20,3.828364,861
76,449,13,6.692821,783
381,40,16,12.336450,1125
429,134,16,6.415079,1106
119,55,12,6.432972,903
196,232,16,8.332414,906
419,66,12,5.278856,941
90,312,9,4.323301,327
258,367,6,6.101384,671
88,375,9,6.920069,456
129,258,13,8.592004,686
354,38,12,11.084886,1105
357,103,16,19.208425,546
238,49,10,16.764035,982
154,195,13,4.000064,1165
134,31,13,13.696783,755
233,436,5,16.079609,549
40,349,5,17.957474,1093
41,426,6,16.915692,190
432,236,20,3.695518,273
26,288,12,8.107033,593
295,221,6,2.043239,383
337,281,10,8.667149,526
14,323,19,16.003941,390
363,312,10,0.529471,803
410,302,14,5.283177,709
374,134,20,16.636171,923
341,129,17,8.880093,684
420,282,15,8.897403,136
333,209,18,1.791987,322
350,293,7,16.055019,1040
447,219,11,15.622996,299
276,60,8,15.652141,1099
409,346,11,4.758998,544
127,205,6,8.535909,217
430,401,6,9.747675,1010
203,448,16,4.529557,186
1,98,19,1.793765,216
86,220,11,1.743661,1136
420,175,16,15.332892,786
205,78,6,16.599352,908
61,132,5,2.446001,551
38,324,9,16.319822,200
171,54,18,2.857899,190
274,299,9,5.892554,278
353,345,7,4.429425,257
308,414,5,3.334875,533
172,70,15,12.838133,209
437,350,17,4.647663,158
27,43,15,16.051583,681
196,234,15,19.047463,577
357,137,19,10.789240,163
259,144,15,13.815554,203
433,272,12,3.511712,683
153,433,11,19.352895,582
176,425,7,11.026288,415
71,129,13,14.609263,1091
277,201,15,5.124595,343
299,415,11,7.047670,508
238,102,8,4.099130,1070
307,15,19,11.172469,413
358,177,17,1.643340,728
125,210,20,14.908928,476
53,165,19,12.790295,914
120,438,9,19.982015,940
166,382,15,15.309622,862
21,81,11,19.858388,354
447,329,14,13.288980,450
262,131,9,5.626827,388
84,331,17,11.695159,1096
445,153,16,15.073414,819
413,307,10,14.308506,735
335,104,12,20.351444,415
353,219,10,6.058701,992
348,272,11,9.155983,649
155,307,17,2.439180,385
370,51,6,4.027286,929
356,150,9,0.891182,106
155,151,6,13.360478,794
233,148,16,15.302677,928
126,37,14,20.220927,1180
229,96,11,16.465989,161
424,402,17,13.001821,344
399,12,9,8.717177,558
107,221,16,13.737499,992
422,147,10,6.283691,895
125,415,8,7.287422,987
256,99,19,10.690560,170
174,234,20,18.517024,1097
308,147,15,11.527445,1110
260,388,9,6.154634,585
66,118,8,9.907480,917
58,38,7,13.270233,955
349,230,19,14.094875,298
396,41,18,3.492380,817
198,357,12,17.162155,544
70,142,6,0.200508,773
133,129,19,9.703124,398
281,291,20,15.298759,1140
293,93,9,6.179665,340
167,59,17,11.380566,1012
109,425,19,6.876453,576
440,48,10,16.793378,431
153,422,19,15.067584,362
29,307,10,10.282496,201
274,430,10,5.170050,842
261,324,17,14.925295,689
360,238,17,12.673694,814
56,187,5,16.051852,984
308,287,11,5.971873,803
57,279,18,7.876219,873
443,39,18,15.419658,144
422,202,19,5.623314,425
9,130,12,17.599119,587
366,404,9,13.458062,678
230,304,6,12.526249,380
366,274,19,19.202389,657
154,340,9,7.629160,411
387,240,5,17.011245,742
276,183,11,2.032525,392
126,369,13,7.995959,621
364,120,5,13.886911,207
345,117,12,15.350192,422
367,256,18,7.727021,1031
326,15,16,17.900989,889
265,364,11,9.347014,261
409,102,7,18.519734,887
220,144,11,0.178175,216
33,18,7,4.415132,334
309,414,16,20.315082,341
128,14,19,16.822529,720
188,391,10,17.853758,966
366,257,19,16.455238,1099
119,269,19,16.096748,195
349,396,6,15.494350,716
280,338,19,8.655412,1111
50,135,19,10.012316,1020
161,282,19,11.886000,373
7,152,8,5.625147,365
26,358,5,8.827472,934
152,202,13,5.983329,586
113,315,17,11.155815,1073
84,175,11,18.323768,713
205,171,10,7.059703,753
43,29,9,17.133167,939
406,19,15,2.457535,968
395,402,8,11.694727,1179
441,445,20,6.005555,279
189,329,5,8.441192,985
391,147,10,7.050789,551
307,132,18,5.450974,174
10,435,17,15.612085,107
258,123,20,3.241666,365
432,268,19,1.694612,549
209,302,12,2.118297,650
386,413,5,16.037650,1131
71,372,15,10.396808,968
71,147,7,4.135217,846
431,383,20,3.103947,522
358,64,18,9.164433,990
358,191,5,15.448667,1028
154,196,7,7.145799,319
380,412,7,19.918709,618
382,322,9,1.704912,394
433,379,17,11.081975,427
174,100,6,16.019608,166
160,292,20,14.992656,636
286,280,15,8.124367,294
223,378,15,2.965379,646
49,301,18,13.195391,574
406,332,10,18.447429,580
432,116,6,12.523313,975
9,153,8,6.175265,841
219,435,17,14.818573,495
333,63,9,4.341032,860
216,222,6,20.013406,328
342,426,16,14.587151,629
126,184,13,0.047795,563
373,218,11,18.264451,973
344,310,10,20.412131,298
339,162,13,15.447346,549
267,305,5,11.877211,157
389,146,20,14.178689,375
409,78,16,1.556933,443
419,256,8,20.388931,388
156,140,14,6.418943,225
299,355,5,14.574185,951
30,100,10,4.116570,1191
217,388,10,14.832727,1042
275,117,5,18.411054,544
109,399,20,17.647384,1070
253,340,9,3.470785,1018
134,270,19,7.712528,1139
306,425,14,4.005769,446
155,131,19,4.283851,638
252,192,11,6.499532,284
184,7,17,12.951638,542
353,246,12,9.499259,671
421,162,16,3.002712,1109
313,177,12,14.946804,1144
385,326,14,12.919785,1165
297,257,19,17.149561,716
413,25,20,0.909424,847
169,448,9,17.638544,858
314,355,17,3.376011,1139
199,185,8,3.359473,686
335,8,6,8.326856,740
364,131,10,0.143292,792
199,295,10,19.704760,349
329,134,18,0.705307,105
414,189,15,18.631905,134
117,112,9,8.147135,270
298,53,14,6.712502,423
370,279,12,2.418750,1008
106,116,6,10.821040,585
83,359,15,2.955763,135
65,226,9,1.735155,948
181,272,7,13.597135,124
42,399,16,6.136369,501
139,137,20,15.754152,457
362,435,8,18.214412,808
65,267,13,5.418803,283
373,193,6,15.993270,999
435,75,15,10.611340,114
197,64,6,16.975104,647
285,152,6,11.099358,256
217,147,8,10.695222,762
378,131,7,0.114502,394
197,336,12,3.476793,897
33,404,13,5.379181,378
417,374,18,20.253232,216
111,399,12,14.107024,1197
3,275,17,16.464034,404
216,130,15,7.740593,766
152,360,18,9.691579,288
71,274,14,18.856409,784
133,414,15,18.352028,166
190,416,15,8.361287,206
220,105,6,14.191360,515
47,253,13,6.627476,532
56,249,8,13.580059,1144
266,408,19,17.444148,832
348,148,7,6.636159,239
342,184,5,19.222431,998
427,27,6,18.369188,576
70,441,8,2.998723,250
206,136,17,1.017662,512
138,27,11,13.348624,257
210,389,6,17.241877,598
4,375,18,15.313854,259
276,10,7,6.746201,740
96,440,12,8.364220,916
135,110,5,13.037917,753
115,103,19,18.017412,115
41,169,16,12.942636,939
274,384,17,10.943608,239
95,448,9,18.428850,609
80,61,14,15.155078,356
308,260,9,16.109219,967
81,198,6,15.890655,733
345,283,18,14.043804,1191
182,39,15,14.890160,510
382,161,17,2.479851,179
437,305,8,1.455182,171
431,85,8,16.982499,1104
77,422,14,0.599410,735
346,333,10,11.352480,908
333,301,5,13.428914,1104
228,153,8,12.559930,998
180,310,7,5.570394,1190
4,428,12,18.924162,176
377,357,18,5.941021,865
418,245,8,12.388616,266
17,243,15,10.037148,472
122,78,20,18.549264,912
406,88,7,17.090437,730
51,294,18,18.093585,346
227,101,14,7.245691,1111
216,156,9,7.557852,246
394,270,17,9.756947,1174
86,137,18,19.764484,481
380,152,14,4.145155,293
284,195,9,17.666999,164
294,264,12,4.151730,1186
314,312,16,5.889057,1038
3,75,8,4.064130,845
12,222,12,11.693664,592
273,403,6,19.712891,684
170,224,13,5.818420,581
271,399,14,16.061632,1188
366,381,9,11.039061,105
437,135,8,9.415070,395
162,192,15,15.347768,474
262,352,17,12.138602,536
353,448,5,6.734702,1055
247,127,10,6.115904,1185
9,326,7,12.618107,204
361,31,8,6.117539,222
23,447,12,15.810140,216
108,125,15,4.080460,551
165,33,8,6.812908,168
32,11,17,15.589917,430
256,257,15,16.312570,139
177,409,18,17.244907,350
301,107,13,13.102815,716
386,233,10,2.970939,386
413,1,10,11.632045,353
30,261,8,7.066192,612
411,180,8,15.577820,873
327,45,12,3.621565,169
278,295,12,17.128924,129
261,346,17,7.937484,913
439,120,16,8.341574,1112
231,361,17,13.365296,163
310,381,10,18.230098,1142
284,218,15,12.611609,254
434,42,12,4.494304,917
39,190,20,1.561031,660
99,181,18,7.460199,630
422,345,7,4.135865,670
108,55,19,18.030743,1098
199,207,19,4.203520,988
17,198,10,6.696814,345
91,13,10,3.826723,586
39,361,16,8.742993,845
84,279,20,8.627015,616
190,288,17,19.688522,319
7,235,14,15.463865,601
162,119,6,1.981352,115
52,219,19,12.608486,812
281,177,5,17.457217,881
325,14,17,4.524875,224
182,283,17,9.300734,1057
384,340,10,4.725023,717
226,23,12,8.460010,1154
175,215,6,10.448051,476
52,367,7,5.506288,360
384,173,6,16.121823,401
187,27,6,0.616471,418
433,422,19,16.709537,797
428,65,12,12.031097,1109
405,196,13,0.525756,330
277,319,14,10.569304,505
273,266,7,16.568431,729
432,230,8,6.727013,1161
358,362,10,16.646389,238
333,351,11,1.329788,589
426,337,7,14.168597,870
414,257,18,6.242877,594
171,189,7,10.267678,240
89,343,5,4.181435,633
406,162,6,3.281135,1143
168,375,15,17.072286,630
14,335,19,9.149881,934
165,60,14,18.814609,993
262,253,19,16.428641,972
352,448,19,12.370864,179
219,171,12,19.211363,917
177,213,12,7.854691,685
307,284,7,15.197631,144
51,380,16,19.451396,1026
226,166,11,7.289445,877
238,411,10,2.188589,703
78,167,15,16.902441,258
95,339,15,9.637342,991
308,224,16,10.706211,771
258,48,19,7.212760,828
233,24,12,2.729432,810
374,260,10,18.209499,1147
59,56,14,6.228463,1094
228,113,9,5.505847,489
183,330,13,18.004419,1040
19,301,5,1.189003,531
306,327,12,19.359908,622
372,254,13,3.348928,371
233,143,10,3.065269,772
295,433,15,13.508997,237
286,403,13,12.983915,1020
222,63,20,6.483935,778
86,120,10,4.462241,752
118,289,18,1.931892,1078
445,389,13,19.876841,228
385,209,8,20.258336,382
323,65,9,13.197351,931
120,277,20,19.992131,596
89,397,20,13.236857,1189
15,4,17,18.128674,1054
18,384,9,1.957579,658
114,47,7,13.879727,1071
399,329,7,17.293323,1197
218,429,17,10.077374,827
211,376,10,1.999526,988
126,130,7,14.845653,1144
315,333,15,17.032735,720
446,156,6,11.885257,693
211,30,10,7.756444,927
193,205,20,6.797633,583
205,270,19,1.402710,662
332,146,13,4.447537,453
264,20,19,7.863012,1083
440,428,7,19.001401,875
242,308,16,10.262188,1119
211,158,5,12.829759,308
366,31,10,7.593931,855
158,221,17,13.528049,704
64,294,17,8.115143,229
152,232,6,8.444641,264
63,19,8,17.885137,863
251,8,5,12.227014,151
400,266,8,6.255043,553
262,11,13,11.103509,236
33,215,18,7.612178,637
426,362,6,10.578445,1193
321,9,15,13.601659,1056
146,162,15,6.785129,1193
235,323,14,16.097689,433
361,76,6,20.281489,468
210,397,16,18.196265,982
133,425,6,0.484108,400
376,86,11,11.735922,249
406,82,16,5.229280,869
243,379,9,0.969429,1132
291,278,20,0.361376,400
110,152,12,11.744848,568
82,128,16,2.124811,164
170,43,8,5.672939,373
441,379,7,6.941809,774
346,73,9,13.246592,449
209,293,13,3.875676,484
349,249,14,5.817555,188
81,123,18,17.023437,296
253,166,19,20.143703,271
200,424,14,15.907213,1102
19,360,5,20.289551,584
44,282,17,4.465330,420
439,91,9,10.352219,1075
306,35,17,17.277657,1005
80,247,5,12.559915,974
370,175,9,16.163478,725
390,417,17,7.348428,444
219,398,7,20.316846,378
20,110,15,18.850500,907
206,38,5,13.582855,1200
193,432,8,12.471774,277
97,322,8,14.576757,352
169,339,7,3.165743,839
441,319,13,1.798163,322
177,274,15,5.741782,990
167,200,19,8.448395,183
199,362,10,12.168586,1198
214,385,19,3.480629,1060
237,291,8,4.700832,885
417,387,18,12.214176,269
277,330,13,1.111073,707
48,416,17,6.735440,394
54,112,5,13.063900,985
177,211,10,18.774792,369
93,350,9,0.849217,143
62,327,10,1.382445,457
236,0,5,10.503166,1166
375,161,7,11.966793,229
347,134,6,13.271025,710
189,85,19,6.279359,227
16,333,15,12.723102,452
348,50,20,3.915568,368
139,123,5,18.032258,1023
208,234,6,18.827690,466
363,373,8,1.687241,937
182,134,17,1.238321,207
212,67,7,3.132195,330
171,82,5,12.989422,1166
449,41,14,9.903780,1169
238,42,8,3.896868,770
265,12,13,5.478715,726
71,251,16,19.207689,522
449,248,7,8.312395,262
117,86,10,3.459957,651
82,126,19,13.237646,1110
282,305,9,4.394489,1072
126,351,17,8.725409,250
264,229,19,9.044933,1153
234,89,15,10.874876,530
360,175,7,1.292809,102
105,149,8,6.772682,320
140,78,13,2.217319,1022
7,250,12,18.640878,610
57,164,12,10.066802,607
282,405,6,3.307631,1027
105,42,17,13.135752,346
215,280,10,11.726634,213
1,101,10,19.273132,602
232,109,7,10.637987,209
126,56,19,3.510862,960
223,82,16,14.045268,945
235,205,14,15.848782,394
112,80,9,10.136560,924
66,331,9,10.886816,360
429,24,20,1.574769,405
31,173,16,11.383720,762
160,376,5,1.458059,1138
361,211,19,17.216291,869
261,443,18,3.963424,382
430,138,15,15.125204,850
110,123,10,15.298209,1143
244,400,14,0.580279,972
274,211,16,14.956675,113
185,322,16,13.890154,605
3,280,6,19.160325,632
431,412,12,16.758626,794
143,448,11,3.144166,381
193,216,11,11.920975,755
44,417,14,20.222810,432
263,2,11,16.593975,749
383,376,12,17.005924,105
290,7,6,9.184876,433
85,223,15,9.035870,605
226,310,11,18.238841,897
339,6,14,12.629561,487
258,405,17,11.134954,620
315,179,5,14.504864,100
297,156,6,3.787523,1142
208,19,13,11.306215,556
101,253,16,10.116095,848
391,176,8,19.532419,193
213,161,14,15.938668,1105
126,393,10,4.276876,990
283,289,14,4.537393,146
144,67,9,13.509945,841
40,309,9,0.440130,855
23,366,20,19.903351,874
92,384,11,7.598322,177
102,165,14,17.018150,405
78,24,19,12.540193,1133
173,108,14,5.243999,1169
104,283,19,18.296806,718
242,240,19,10.531027,663
4,9,7,20.398320,773
19,213,11,9.492422,140
82,410,14,2.376625,342
168,279,20,15.019756,1152
338,427,5,7.436181,771
357,138,12,17.749095,428
312,253,6,9.280384,211
354,265,13,16.650900,697
45,269,9,0.254248,854
41,150,9,9.297381,274
292,226,6,10.010376,553
169,385,15,12.626937,193
393,192,16,7.794091,1050
412,418,15,14.633031,628
220,269,16,0.367525,1073
260,200,10,9.813826,922
39,36,7,4.138636,415
251,374,19,13.662798,526
431,143,14,1.108091,873
149,437,9,0.683710,1178
186,116,7,15.142328,743
385,375,15,7.655477,618
192,288,12,5.870003,712
277,224,15,12.798074,634
383,406,8,12.347506,468
405,360,18,2.206418,996
183,48,16,7.390789,227
299,308,13,10.805017,162
395,370,7,4.941584,101
311,247,11,19.593445,854
302,410,12,15.857027,573
117,85,6,19.225796,618
19,54,17,2.352846,265
268,137,13,17.510081,339
58,260,8,7.038680,932
357,241,14,1.038469,441
403,50,18,10.941823,267
398,301,11,9.412823,524
23,293,5,17.538435,947
183,243,5,15.362952,674
174,37,12,0.466824,371
278,103,5,14.028222,214
279,107,5,10.176196,716
376,71,6,18.132943,989
162,38,16,6.344646,1074
212,306,7,10.028921,925
109,372,20,3.938096,645
344,340,18,0.182308,357
396,118,13,16.537033,831
227,153,19,18.822143,502
323,251,15,13.303173,1124
106,281,8,9.868771,1035
111,128,15,18.387320,588
31,57,19,10.918697,907
289,105,11,8.740869,371
243,223,8,7.624154,383
336,83,12,15.395878,1085
174,68,18,7.338072,255
98,96,14,11.114575,451
180,245,10,6.820447,233
186,103,17,2.416584,697
171,289,15,5.779880,431
303,209,18,10.358673,380
11,190,8,8.772281,949
364,192,20,18.538872,462
143,176,7,3.499884,906
75,340,17,16.614832,164
57,129,15,6.059851,807
48,141,17,3.902249,715
350,372,15,10.789012,682
22,147,5,11.149465,675
329,11,13,18.320158,745
315,396,5,10.536566,933
44,369,11,9.299133,169
345,7,20,14.814218,664
166,310,5,19.311505,1009
427,345,5,4.640809,973
264,174,17,3.236774,738
415,193,13,9.566364,556
250,118,14,9.885556,886
162,20,20,19.623140,963
238,65,17,8.742708,206
302,321,5,1.022210,439
195,231,18,12.968712,1063
182,217,13,1.646530,938
69,178,14,2.728194,733
105,120,19,13.828289,894
408,70,15,13.314627,1017
405,227,13,13.573404,804
37,425,17,18.279536,945
82,112,17,8.347505,182
235,324,6,12.445139,1101
101,143,13,18.420288,732
295,217,12,3.179772,304
254,321,17,8.584628,789
145,349,19,8.117033,384
290,277,18,0.310633,106
276,361,6,6.757229,411
415,355,18,2.734738,570
409,128,8,4.805845,557
330,253,6,0.634856,1093
339,102,14,6.581305,976
382,224,18,2.930136,461
114,68,15,5.879503,1129
57,183,10,0.867229,558
403,421,17,13.811650,209
294,319,15,19.208455,948
206,283,7,7.905877,603
288,205,10,19.467063,642
103,166,12,4.547797,752
184,408,5,16.094318,879
432,223,10,10.638119,549
189,14,8,6.029440,641
275,170,9,16.511965,147
406,421,18,15.911391,124
45,82,15,7.369070,750
85,445,16,4.928402,1073
228,10,9,18.282084,1148
402,261,9,11.581257,1196
387,74,7,7.649634,368
124,449,8,19.007128,858
395,76,5,7.033659,234
403,304,14,8.084983,421
383,0,6,17.285803,504
432,42,13,0.723826,757
39,144,6,17.497391,613
69,6,16,14.442167,1179
406,9,14,12.777558,224
143,43,13,11.254925,1026
335,97,7,20.451880,288
298,159,9,17.525747,690
88,35,17,14.451975,310
441,217,8,12.529982,335
342,312,14,5.043265,1014
250,205,5,0.262517,405
242,295,5,6.859124,386
123,202,14,7.033615,443
307,77,17,19.172975,259
126,222,10,13.870465,202
360,338,11,18.591688,635
112,272,15,7.833805,788
443,104,13,0.975971,954
304,38,13,0.766441,677
397,63,8,8.900917,797
66,30,10,16.909307,1139
164,23,13,19.124182,1084
59,174,16,12.168023,221
383,136,14,4.735854,354
291,71,14,9.575206,509
294,308,14,5.558576,255
334,52,13,19.971968,903
113,180,18,5.100403,354
351,74,20,3.655258,1031
80,66,18,7.194692,416
168,440,15,11.402283,988
439,2,20,11.741155,797
260,375,8,13.530647,836
70,73,12,0.640900,185
132,314,9,16.172707,728
219,432,9,18.900984,816
241,427,20,18.909825,1047
99,203,5,20.160430,250
164,428,13,17.106044,884
43,341,14,5.611629,760
314,295,13,11.922167,442
242,50,20,9.137626,1026
103,248,14,18.505377,855
274,57,15,9.089618,1022
18,386,5,15.718397,889
97,260,6,13.946377,1157
249,310,6,2.772278,1046
211,252,8,19.489093,833
207,331,13,12.050147,516
224,57,8,4.309028,915
422,47,6,16.222492,687
349,191,16,18.404160,454
265,262,20,11.800681,649
314,12,11,4.216648,1116
20,243,14,11.710383,842
160,162,17,7.532953,857
48,144,10,11.228043,462
141,7,18,10.976284,593
30,113,10,20.161331,1087
385,110,12,12.099154,739
208,391,16,7.163308,124
318,101,15,9.178743,1129
211,192,9,0.816662,797
321,184,14,12.018717,1049
238,91,6,12.472572,450
91,59,16,1.466638,181
435,173,10,4.868414,355
406,318,7,8.141107,506
265,434,12,15.016776,909
58,295,10,9.206452,793
443,131,14,19.975587,274
396,202,19,17.767605,1007
255,131,20,14.229544,412
78,150,8,6.542160,634
209,196,11,17.600676,573
429,211,7,17.735639,1138
184,133,6,1.669138,828
396,88,14,7.922134,1177
334,137,18,11.931987,974
331,169,20,17.710792,588
93,280,5,7.491211,856
5,402,11,11.205511,132
221,18,9,1.364905,1173
349,424,18,6.841571,1124
226,248,13,11.927040,906
246,170,18,6.632989,356
153,140,12,17.178949,682
354,348,17,4.875274,1105
413,238,20,3.260222,470
295,281,19,8.778363,725
46,38,15,17.157883,709
72,448,11,5.975839,848
269,1,5,6.516852,480
311,59,6,4.619958,165
429,235,5,15.553490,417
342,299,15,8.205394,349
448,441,6,16.083634,107
352,152,20,0.081304,1052
335,158,7,16.191753,209
66,314,19,17.482250,1008
279,217,16,10.757373,841
214,100,14,19.266565,623
296,191,13,3.807660,181
363,77,12,16.010728,218
342,200,11,19.377145,796
265,41,20,14.935321,1164
378,412,19,5.553679,822
415,57,7,6.828146,633
191,449,19,1.872349,1057
22,204,15,0.925737,1165
321,318,13,10.333767,684
48,401,13,3.917317,469
445,281,15,10.073923,704
417,187,14,0.343729,784
227,382,18,1.027409,636
284,46,7,19.138579,522
136,257,20,10.173616,785
347,150,18,4.620716,565
186,338,12,14.789248,758
219,131,18,19.046519,709
254,347,13,1.751895,593
404,45,13,3.662858,1088
408,372,8,18.800263,874
130,334,16,11.220875,896
225,202,20,4.096717,681
303,96,16,11.713221,1048
338,194,14,0.574876,895
446,392,20,6.289989,106
12,316,10,8.054548,1135
400,137,16,6.482363,627
81,144,9,12.897373,739
290,77,16,12.101598,950
356,425,14,0.808339,677
224,16,11,15.697319,1174
185,78,15,4.931907,306
382,232,5,9.465316,769
27,256,16,16.010599,119
338,184,13,9.561845,713
225,173,6,19.022412,1067
262,70,14,15.524245,215
143,53,8,11.716236,387
194,175,11,6.370984,250
36,297,16,5.162543,1023
389,264,8,13.317450,305
112,25,16,9.378545,1097
380,387,17,9.441077,731
208,171,6,12.028065,474
177,15,20,6.330209,1190
397,402,18,13.494212,977
17,209,6,13.889635,127
359,291,12,4.952289,1055
235,328,8,16.096291,593
378,332,8,11.395509,183
269,80,9,13.932426,1187
183,113,5,4.226278,877
359,422,13,7.128714,641
91,30,10,12.911736,645
160,44,17,1.982590,873
408,379,10,15.541482,818
430,314,12,15.963096,836
138,397,6,1.776811,1071
58,126,6,10.273782,177
84,25,11,15.561794,1058
17,204,16,13.442460,412
378,128,16,5.209146,910
20,428,15,2.829940,562
92,208,8,8.135706,457
408,100,15,1.980117,349
439,272,5,15.405480,437
314,34,16,1.764685,611
91,308,8,19.783064,748
160,283,5,3.737583,179
237,362,20,12.611581,735
3,8,8,18.661328,229
213,237,9,13.648409,480
220,161,17,19.025673,881
448,175,16,18.977757,1195
271,183,11,18.132210,815
22,18,15,6.634088,1009
208,284,18,6.758701,1033
291,147,16,15.907892,845
338,171,9,11.700323,506
270,201,19,17.182073,1137
161,427,20,16.951802,383
319,194,13,19.091225,1081
29,235,5,18.455323,385
449,184,18,20.075896,383
91,398,12,12.765015,1006
235,91,16,1.789841,188
226,360,5,7.505078,528
34,252,16,4.291730,336
437,75,10,12.415212,995
324,75,12,16.510771,1043
181,201,19,11.318864,155
233,393,5,14.457242,677
196,402,5,6.512784,1078
310,137,5,8.961421,804
406,116,15,15.508729,454
447,360,18,10.636543,235
326,24,10,7.103036,398
415,122,5,19.949768,477
127,165,6,17.132824,362
1,216,16,6.923240,343
73,257,15,4.114686,881
186,126,10,12.857999,168
344,257,13,13.350794,900
373,30,5,15.104036,757
62,209,15,8.925824,386
288,200,10,5.427907,293
145,442,5,5.499180,400
158,372,9,5.667227,228
412,222,13,9.334746,543
22,375,10,11.597756,567
196,332,8,17.655584,372
252,283,20,15.916923,136
425,274,5,4.194778,1041
398,227,10,6.671882,1092
63,295,13,7.051085,1031
176,79,12,4.895672,235
444,172,7,0.531578,435
178,353,20,14.268620,124
13,416,16,11.818039,540
381,223,17,11.227106,798
2,114,17,17.499334,455
337,379,20,13.393809,1178
392,215,18,10.857988,1011
152,387,8,0.144848,428
344,56,14,6.221786,1023
12,350,9,10.244398,132
310,177,13,13.362843,466
408,226,18,11.738149,886
288,72,9,14.989045,943
208,202,19,15.377997,839
173,5,12,12.362206,517
138,76,6,0.607772,169
169,336,10,1.091251,767
231,30,12,11.762480,1087
191,388,7,0.279183,193
316,67,5,12.231912,946
423,385,19,5.180406,164
362,201,6,19.303165,631
138,279,18,16.094285,192
154,174,12,2.511178,689
10,214,8,5.553425,735
140,79,10,9.981739,1150
224,44,14,18.265576,248
384,404,20,9.459240,307
95,412,6,11.290077,508
420,17,14,19.354839,243
214,348,19,7.227753,484
236,265,16,17.089222,1005
223,295,12,9.168474,1127
195,118,13,9.893718,819
283,41,5,15.031364,735
262,381,16,8.408844,157
442,202,6,3.115805,406
399,370,7,16.324221,953
79,396,20,14.427642,1137
63,287,8,9.879672,836
136,13,6,5.594171,106
314,94,6,16.904869,407
156,128,17,6.315246,798
413,31,10,0.705252,741
351,103,15,15.619159,289
143,88,10,12.792458,837
318,138,16,11.817288,448
342,207,17,15.684398,763
270,359,8,1.869026,1163
11,448,20,18.463404,569
281,115,9,19.865310,159
427,358,8,11.921360,610
130,69,13,19.939435,907
250,227,17,10.327145,422
221,99,18,4.555277,176
89,411,14,9.251504,626
382,449,8,14.682962,735
439,217,5,10.589265,202
301,15,5,3.336110,555
178,327,20,19.212388,445
8,357,15,15.155584,439
130,356,11,1.965634,281
23,147,15,16.617348,1159
257,88,10,16.139089,1196
124,310,11,16.728847,444
105,219,13,14.381130,1007
152,176,14,14.198010,270
175,210,20,15.740774,1021
75,289,15,17.388434,179
356,293,6,4.769048,903
156,406,15,17.148775,116
198,341,8,18.041086,136
181,2,18,10.800452,551
404,203,10,16.123251,271
349,295,17,3.550492,871
282,107,11,5.592565,788
350,267,16,13.551137,393
366,346,14,9.765306,301
140,418,7,0.667111,290
387,68,9,19.846602,293
69,436,14,15.455885,301
248,252,10,19.567249,1087
370,39,19,5.541157,784
288,381,5,7.396595,1190
116,226,6,12.839513,953
66,181,9,2.416804,427
444,81,15,13.781526,483
392,308,5,3.400313,545
13,355,9,17.647201,386
231,228,5,6.258448,128
202,185,18,0.265970,1007
88,78,9,10.753946,849
444,106,13,12.264923,684
392,297,19,1.776135,702
273,90,17,16.218866,209
324,339,11,9.954977,461
101,98,14,7.029667,898
43,38,6,18.797740,223
248,11,12,20.248324,563
383,192,14,12.201628,1134
416,202,12,15.483465,278
170,80,12,0.128190,1133
166,181,12,17.208724,650
253,362,13,12.503693,748
98,277,11,17.336098,648
299,292,11,14.674839,817
278,360,5,12.294252,651
390,185,16,3.946820,184
6,216,19,4.087985,1146
282,336,7,18.375482,944
265,94,14,10.876097,700
345,403,8,10.456386,935
318,197,14,14.106507,443
138,238,16,5.414652,728
369,294,5,4.135938,171
418,138,11,15.662683,814
278,164,19,17.556745,689
299,395,6,10.878071,692
138,252,9,8.602573,969
337,39,5,9.463435,786
68,9,19,1.195530,804
106,112,7,3.639715,696
205,44,15,5.032015,201
415,345,12,11.314379,215
278,440,17,13.249372,542
334,116,13,8.938574,198
409,182,5,20.187808,971
423,175,12,4.255120,389
303,238,8,5.714138,743
225,191,19,18.381889,370
326,120,18,9.995227,281
211,355,11,9.917757,446
384,407,5,6.852992,435
187,223,14,9.518996,416
64,448,5,3.905733,946
89,129,9,5.786590,557
411,418,13,7.297778,738
348,3,20,5.366410,605
72,258,15,20.413606,112
416,207,17,19.660204,797
311,164,5,15.030839,1061
239,332,14,1.811626,1040
429,256,13,2.547979,228
158,363,12,1.593184,370
256,431,19,14.951928,337
32,409,9,12.021219,701
259,367,11,8.552458,1001
177,120,19,9.294709,543
232,21,11,17.627043,1124
207,88,16,6.786155,729
273,318,14,6.064628,254
153,370,18,3.446866,519
52,331,18,18.633377,203
150,136,10,12.037324,760
131,109,10,4.446500,1178
328,102,19,1.125889,687
47,428,10,3.935992,151
165,383,15,7.818277,320
397,160,10,14.013021,883
267,46,17,4.791635,460
391,254,13,12.186314,231
176,47,10,16.206039,1112
41,348,15,20.229742,273
293,281,10,6.358568,446
239,437,17,11.314353,351
287,186,19,17.543642,813
422,223,13,9.740514,542
372,336,20,19.496763,745
125,283,11,16.490834,791
42,134,11,13.259376,529
84,29,16,7.452139,256
366,435,18,5.605700,684
85,379,18,16.242925,1133
6,44,8,12.941677,340
53,12,5,16.472738,118
120,287,11,12.033448,305
78,21,9,18.407815,306
194,399,7,0.930156,1134
284,399,13,11.572120,101
195,359,18,8.004488,279
275,65,18,18.900704,832
74,92,15,0.989826,589
408,306,19,8.814437,858
311,63,5,3.853622,545
398,140,18,11.994671,856
163,204,9,7.031116,317
345,237,18,5.581438,438
351,310,5,11.394759,262
150,274,5,20.356583,576
19,214,16,18.701566,1018
317,207,11,7.671241,853
192,78,5,17.569230,633
273,434,9,15.938502,816
139,339,15,16.920756,547
408,423,14,18.575336,849
15,203,20,18.825337,719
296,353,18,5.757497,627
297,396,15,8.522399,383
411,348,8,12.275640,539
103,170,14,13.483155,407
270,174,11,3.106252,315
72,411,16,1.160735,243
325,209,11,16.072395,992
250,145,7,4.671597,320
209,99,11,17.491353,1044
372,123,14,0.789521,513
114,285,9,11.026767,228
103,28,6,17.189238,741
311,241,16,18.200270,971
74,10,7,14.836121,1165
29,90,10,19.093284,1179
232,233,11,0.698779,665
368,212,19,14.154223,1168
237,255,12,3.867778,1004
233,256,16,12.132936,1062
149,156,5,9.221882,210
271,178,18,2.355685,978
38,336,8,0.467133,805
226,427,19,11.726785,842
376,406,18,8.340411,543
142,123,6,11.936326,162
402,295,17,0.098550,614
102,213,7,11.557794,608
393,116,20,15.881597,1015
295,181,16,19.335845,266
188,396,12,18.074634,978
77,35,11,9.805658,679
25,159,15,3.273870,847
201,417,8,18.673818,1116
223,206,18,6.107488,491
360,346,20,18.823004,885
360,220,10,12.298143,585
374,14,18,13.778805,939
342,335,5,8.799858,766
432,22,19,9.894411,764
58,144,11,9.702775,451
390,51,15,9.887443,565
241,4,18,13.839935,741
392,12,14,11.164037,645
309,273,12,2.134785,398
239,338,11,6.302962,529
115,43,10,13.656267,940
446,410,18,9.922083,234
230,192,12,1.285369,313
115,150,19,2.541628,1192
272,96,9,15.774584,870
324,449,8,16.148169,634
353,39,14,2.779052,232
9,295,10,8.144716,959
321,375,11,1.016586,271
334,243,9,14.630121,634
374,84,5,11.944436,1153
35,122,16,4.372031,333
315,421,16,16.297584,295
371,285,20,6.610154,442
235,391,10,14.813097,407
13,364,5,0.567839,1109
116,91,16,17.545355,743
301,323,15,5.811444,1115
108,118,15,4.467721,207
40,213,13,8.237777,592
271,63,8,1.414823,394
33,110,20,10.043910,807
344,339,14,4.496042,368
314,195,6,8.531118,447
334,354,17,3.349993,620
246,218,6,11.936445,324
402,373,14,13.983531,787
212,376,10,5.560258,295
185,280,16,2.928164,278
229,373,9,18.910444,904
89,378,11,1.211806,686
246,85,17,6.718608,482
395,229,11,16.108677,1162
278,299,12,1.679271,856
397,99,16,9.334764,136
389,406,8,2.411973,1158
191,413,20,15.215915,128
136,375,7,18.352279,575
177,182,17,9.579963,104
280,52,12,5.363823,275
46,205,19,5.043051,938
156,379,8,8.504567,104
157,82,20,12.703275,848
347,143,6,16.559090,556
121,340,9,19.104355,487
357,268,5,18.855589,1099
105,407,8,6.325990,246
172,386,8,13.699179,821
431,59,17,1.045970,784
278,389,18,6.111203,1009
241,256,15,9.349879,567
381,200,13,18.042999,616
188,297,12,1.187204,1101
323,97,19,3.433268,585
392,326,20,20.127517,653
362,121,12,8.605762,1113
295,409,20,6.075615,167
95,449,18,5.008930,380
369,171,11,15.732560,959
149,436,19,8.387185,1118
250,310,13,10.697970,1156
125,58,13,6.057562,1149
398,319,7,2.437047,142
232,99,14,8.336553,730
423,375,14,17.241384,676
299,265,16,12.598609,663
186,158,9,15.634711,1077
162,174,10,16.876133,423
85,218,17,6.187703,1027
41,435,9,15.163677,892
285,234,5,18.894717,1028
212,2,9,18.354144,871
266,223,10,3.339008,441
396,23,9,18.842750,604
423,179,7,10.959720,508
433,328,14,6.977619,1085
57,354,10,3.461301,1108
267,338,15,7.429821,1167
147,8,14,12.395465,932
28,216,17,18.045996,313
166,288,20,0.094179,1107
74,278,10,8.685483,623
251,335,5,3.164157,1037
362,317,6,1.364489,228
126,208,9,0.011274,146
226,384,13,15.806259,175
444,100,19,8.199280,561
197,327,18,17.303955,766
137,47,6,15.111847,570
57,381,14,2.843426,334
240,437,18,12.723376,725
126,64,14,14.510361,224
113,96,20,17.609974,612
354,397,7,11.157284,726
29,131,5,6.385414,1118
203,407,7,6.993910,893
449,358,15,1.750346,400
75,362,7,4.805851,940
262,98,7,3.669651,582
23,248,11,15.085204,903
227,338,5,13.853343,855
296,272,15,2.999789,226
375,288,5,20.322149,931
0,347,17,18.000350,1004
303,145,14,8.916113,586
386,113,19,0.858564,1176
326,228,5,14.286386,199
38,113,10,10.632345,514
417,107,20,19.487468,566
15,65,20,19.450066,758
173,150,5,1.087353,614
360,162,20,5.268485,393
68,239,8,20.071154,354
117,261,9,2.315271,1193
130,5,18,1.634980,858
322,158,12,9.484474,987
330,441,8,0.041280,964
440,79,13,15.159022,1054
110,13,15,7.912364,1161
141,15,13,1.265624,644
366,315,18,15.522859,574
373,137,18,12.705078,1011
205,325,11,2.768129,1029
271,298,20,6.985306,918
389,115,12,6.884348,654
94,39,14,7.369999,192
93,278,18,10.722874,784
70,80,8,1.088556,554
212,369,8,2.397643,641
113,27,8,4.988796,642
121,435,8,10.208307,1050
262,295,10,19.597761,349
208,29,10,5.131709,344
182,165,6,17.375425,311
96,330,11,1.871002,373
70,55,5,1.421110,1158
5,266,15,1.566772,978
175,229,16,16.168002,862
121,239,11,1.931790,240
197,10,17,19.070857,457
127,292,15,10.614407,1161
169,233,19,11.716849,294
440,398,13,3.236102,1074
432,381,8,11.580427,993
5,137,11,18.792408,284
407,210,8,18.590620,901
36,202,17,15.934352,959
329,281,10,12.136381,677
37,378,15,4.166581,700
158,148,10,0.920231,986
178,428,7,10.939394,720
162,328,16,17.731235,538
275,15,11,17.900780,1048
361,443,18,1.972152,1110
202,421,5,9.430128,825
448,210,13,13.408681,144
394,83,5,10.270053,1085
289,202,14,10.264086,625
106,183,5,15.856695,181
115,392,12,7.588252,1040
321,31,8,13.595721,211
31,320,10,13.751736,1200
424,50,11,19.911247,146
198,165,14,20.082679,614
87,101,11,8.846434,1071
189,174,17,11.119938,930
237,152,13,18.163019,761
336,120,7,15.774457,177
266,275,6,16.256652,606
28,24,13,2.163628,489
301,191,13,8.765775,1056
282,60,5,19.756466,1190
53,349,14,2.015808,120
97,205,7,0.337761,345
398,407,19,9.378414,449
280,150,7,15.464579,1015
430,204,5,0.105286,388
427,268,17,14.346217,1171
180,395,10,10.194956,106
283,16,5,1.458289,1121
296,175,6,10.339546,486
100,223,13,11.933817,886
191,21,20,3.528405,324
365,332,13,7.824542,320
185,224,6,6.894008,621
403,125,5,16.084888,1078
225,54,15,20.212549,362
327,69,14,10.527903,806
124,28,7,20.479816,327
421,252,14,9.429363,598
447,83,20,10.521974,721
192,347,5,2.601959,902
111,275,20,13.648163,115
284,67,20,19.196337,1181
318,216,8,17.556982,403
41,329,15,16.030524,1025
86,123,16,9.120896,897
183,287,15,11.597153,474
319,433,18,11.531280,311
429,440,13,1.116013,151
379,250,16,4.710636,376
212,98,6,5.906943,897
365,75,9,7.368985,446
283,337,9,18.374544,197
109,280,7,9.710030,275
197,392,20,12.482339,1034
291,299,10,19.724600,375
311,52,18,5.144849,134
282,137,7,8.478913,1083
30,366,20,16.195495,1168
353,437,11,8.625246,1115
342,53,20,1.191792,209
333,56,6,17.071113,1061
26,260,5,10.117635,860
368,348,15,1.722859,801
87,190,20,14.894121,566
20,433,20,15.531856,420
364,397,12,5.574026,785
112,265,19,13.061977,609
85,248,19,20.065568,836
294,279,13,20.071962,442
20,314,16,19.673793,1192
287,105,13,12.780394,492
414,193,11,9.284232,464
62,165,6,17.881939,117
412,363,7,9.140413,493
437,68,8,12.750737,1035
209,13,12,2.356961,861
301,319,15,17.122156,277
237,150,20,13.161022,642
95,358,9,0.705151,244
141,360,8,18.865868,191
107,194,5,5.200807,329
345,193,15,12.104016,149
357,336,19,9.882172,184
423,106,6,1.154891,857
102,171,16,8.818476,587
143,136,15,1.780390,813
32,169,10,4.895868,1036
201,171,13,18.339484,798
224,343,12,20.337199,565
201,195,19,18.593473,1012
117,427,19,6.462469,218
362,166,16,14.560133,263
247,373,9,9.037199,368
92,285,11,0.366987,428
153,136,9,11.665766,639
308,424,17,16.548454,567
441,305,12,19.967641,824
83,47,11,10.930423,631
43,18,6,14.188597,355
294,73,6,9.284694,857
379,393,8,16.463138,988
31,44,5,7.268138,339
298,224,13,3.152540,1017
81,201,12,9.440240,487
415,204,7,8.352699,197
448,2,18,15.354751,466
430,318,16,4.596994,869
301,289,15,19.983041,641
266,238,7,3.851323,229
133,195,5,12.508091,948
383,221,5,5.957209,924
81,393,18,15.887792,571
192,448,20,17.159543,810
258,252,7,11.234067,273
249,40,12,20.324515,1173
440,315,8,10.557663,688
106,259,9,16.245304,1021
157,320,19,17.196298,306
109,289,12,10.839652,803
344,113,5,4.904181,247
40,205,13,16.507901,443
287,37,19,5.738027,840
273,370,9,17.638504,489
18,40,7,6.436096,896
304,333,20,14.142905,890
426,80,10,2.199065,388
376,96,9,3.561188,676
16,96,13,12.589799,726
370,278,18,6.356886,365
51,321,13,16.966433,240
427,119,17,10.831307,396
400,183,8,7.989109,460
166,296,14,9.071831,268
366,379,16,10.535494,1070
274,121,9,15.548571,176
397,373,19,11.278790,1190
305,6,15,6.243146,838
222,374,14,9.145525,1059
385,21,11,15.537444,238
442,235,19,1.000912,444
185,386,18,2.346797,253
92,56,10,1.315064,247
155,320,17,15.495030,861
352,428,7,14.022363,188
121,271,6,11.962178,1026
315,76,14,6.392030,221
161,84,15,2.358496,550
313,106,19,3.444612,142
90,336,6,6.880864,1189
409,299,18,16.593815,213
187,135,20,3.412837,1071
325,108,10,11.485736,1069
14,265,11,7.821386,875
148,302,7,12.615769,529
446,447,20,5.555015,796
209,426,13,7.729540,1178
150,88,11,10.643400,544
49,103,14,17.683033,287
437,226,10,8.637676,643
376,180,12,10.207774,476
422,226,10,2.047926,1068
1,241,10,9.084260,597
132,201,6,14.252280,1030
405,386,11,9.014666,934
192,217,8,13.134077,1154
9,80,11,0.685312,413
320,245,18,1.844127,571
433,257,10,16.884309,1098
66,349,20,15.971400,957
435,81,17,20.284348,864
84,17,14,11.075169,371
447,136,8,19.826954,1093
181,331,17,17.893011,710
106,217,9,18.321521,821
395,373,14,3.722169,1006
182,35,20,18.026849,961
387,243,18,2.929731,350
295,89,8,13.182615,696
228,88,6,11.604763,283
290,181,7,11.685606,470
75,436,12,16.182463,1152
221,360,12,3.986853,637
8,360,11,11.727619,278
84,65,11,9.273681,533
160,127,5,6.684936,117
223,154,13,12.194966,201
96,293,11,5.737150,238
353,367,16,8.225826,1139
59,141,9,17.812774,124
314,128,10,19.560339,360
424,412,6,0.404688,156
106,310,13,9.655245,811
415,64,7,16.547842,833
192,384,6,4.956560,269
448,69,8,0.235745,947
3,20,8,14.769582,194
20,119,16,18.613136,845
328,245,12,2.809680,131
351,186,13,16.288864,919
160,438,12,3.985924,1039
9,5,12,9.123712,565
88,404,14,6.880512,123
54,316,19,6.926502,1058
230,29,9,14.168506,778
146,13,15,4.370804,658
416,138,7,13.816217,939
257,162,18,17.452574,1136
25,179,20,8.446400,562
0,138,13,9.163250,561
294,239,19,19.144260,1181
180,196,11,14.396993,969
364,135,5,6.530584,780
297,185,6,10.927990,141
142,373,8,5.272089,282
426,418,15,18.752403,683
77,112,16,15.789364,266
224,170,8,7.163245,505
291,428,18,14.591137,317
20,171,11,19.088787,856
429,399,14,0.440070,951
61,320,12,6.286844,831
326,179,7,13.313943,236
150,280,13,11.627934,751
20,43,17,8.038657,269
41,316,8,4.390976,1128
55,376,6,8.396623,221
110,85,6,6.748622,634
133,391,16,5.300191,1172
284,175,15,1.135301,248
341,387,5,2.317332,1029
151,205,6,7.000631,158
346,234,18,7.183616,984
335,46,9,15.686570,1199
364,373,12,14.005773,409
46,16,15,8.171797,595
321,109,14,3.770179,161
294,241,7,13.752965,584
194,334,12,6.854421,503
339,340,18,6.401907,541
144,132,8,1.054987,414
132,277,14,14.413302,661
53,304,11,0.415404,476
0,437,6,16.165358,793
407,224,12,20.251692,220
434,359,17,2.696903,826
223,62,20,6.497758,198
125,86,8,2.994046,166
152,361,7,17.236831,886
413,120,7,18.822684,918
115,435,18,0.067273,458
122,346,18,1.722133,1127
188,416,13,6.113985,1117
111,397,8,16.874746,399
136,315,14,20.141032,457
448,38,8,2.966000,422
267,411,17,12.468911,246
174,167,11,19.500852,1185
109,152,8,0.000749,512
199,382,13,16.138577,279
49,143,15,6.213098,461
207,5,9,13.192132,262
305,239,14,2.883548,959
36,239,14,5.810685,221
244,211,8,17.801415,638
195,331,9,8.077201,163
330,78,6,11.757759,331
89,265,11,9.513040,550
35,184,17,6.472167,1001
93,333,17,2.188338,604
57,160,20,3.740081,1151
295,19,19,9.124501,883
192,429,6,7.030336,928
434,222,18,11.692787,1135
225,286,10,10.986648,222
243,440,10,12.043127,1064
435,110,16,0.604274,208
187,241,19,4.360118,689
151,326,11,4.864700,768
300,428,6,10.596242,464
426,189,6,3.242130,1097
369,207,17,9.544742,584
110,408,12,7.105414,233
219,246,16,13.035692,876
285,146,11,4.417531,126
0,424,15,18.515048,1186
178,418,16,12.882943,745
178,359,14,20.124253,199
178,166,18,5.228303,1195
98,103,15,7.255635,500
353,16,7,16.730802,390
446,412,8,11.135179,506
88,38,7,13.976236,832
107,358,11,18.290870,817
218,180,15,14.093154,726
377,183,20,3.269343,406
419,7,18,8.410090,1138
286,339,6,16.431299,707
177,255,7,4.873454,997
201,61,13,16.781643,934
128,278,18,6.164788,680
160,89,7,17.432256,371
236,403,5,20.039031,139
322,46,6,6.856383,989
139,6,8,10.056069,661
64,304,13,4.959848,1150
392,191,18,10.932551,741
57,89,11,5.382585,250
173,38,13,6.368439,460
403,182,15,14.265179,826
211,21,15,20.337845,199
191,321,11,7.247795,115
400,436,8,11.386182,1017
27,96,13,20.221342,741
391,116,13,4.394510,1101
398,304,17,17.846355,1093
265,365,11,7.494707,141
56,377,9,14.357103,763
18,278,20,5.219234,1112
153,301,16,6.563292,1087
35,123,6,2.547504,1168
345,219,15,7.800350,192
315,25,20,14.166572,1008
353,160,16,16.496277,591
264,368,14,17.635330,454
307,427,9,18.137030,668
38,119,20,15.383565,1065
216,381,6,6.051640,1011
10,228,6,14.366397,487
285,416,5,14.574907,372
323,285,19,4.038135,189
303,340,17,1.877269,286
337,416,16,9.166951,102
19,131,14,1.757659,663
78,301,16,1.237434,444
195,347,12,11.011177,102
321,49,5,18.783553,442
266,59,18,3.988008,950
370,170,19,11.876881,446
443,3,20,5.026859,601
276,83,6,15.743067,856
28,100,6,0.549006,291
364,280,10,6.649522,921
359,160,20,15.875758,1163
406,34,15,2.729951,939
437,204,18,4.050538,571
75,320,10,16.491316,1038
304,398,5,19.037305,310
383,436,13,14.993059,294
377,13,15,7.437219,1050
127,445,11,7.988943,522
215,149,14,9.879029,358
86,173,6,1.851093,105
249,33,14,2.945089,347
440,257,20,12.582002,841
304,379,16,1.322975,597
111,362,8,17.556605,305
284,6,7,12.127216,168
110,140,11,11.044395,651
345,163,7,8.513404,118
75,78,16,11.561775,791
94,348,18,10.623420,454
72,107,11,7.766874,1091
32,336,6,15.479727,767
215,351,7,13.440190,472
62,195,8,2.345060,249
141,324,8,6.885951,684
394,254,7,13.614427,297
300,408,10,15.042278,668
163,346,11,8.763898,570
68,186,5,6.629706,406
182,186,14,12.296485,1099
431,286,12,14.868561,123
78,230,10,3.147909,833
350,97,16,17.453098,1182
260,221,18,14.533263,992
92,269,7,16.806587,784
225,156,16,3.837734,801
398,321,15,6.357996,136
280,386,13,1.439150,833
74,81,17,7.784293,455
95,335,8,4.728160,399
405,90,5,2.024226,237
167,317,15,12.524698,976
142,326,10,15.586182,1110
310,88,9,12.188714,175
21,76,17,17.359941,740
73,338,18,15.381580,480
302,22,7,0.092780,857
155,91,8,7.917875,1143
289,263,14,9.842178,399
195,77,15,6.990277,131
306,406,8,18.600377,1062
357,295,18,8.080520,1042
404,414,12,5.205997,484
53,51,18,4.259079,905
261,265,15,0.839583,445
392,348,6,3.851402,707
329,238,20,19.836566,585
413,291,8,5.943469,1169
259,121,11,12.987937,307
361,163,10,2.546329,209
293,289,11,8.478458,1111
77,272,15,19.128792,295
152,295,15,16.756785,944
21,243,10,17.412413,399
399,405,13,4.592589,397
310,110,14,10.304103,338
417,345,13,11.944551,665
288,195,20,19.656624,711
381,93,5,16.191780,466
306,272,10,10.915479,898
91,306,6,18.896307,833
256,382,16,0.092556,962
239,96,14,18.089630,248
407,411,18,5.317689,834
190,175,14,13.463477,625
157,58,10,9.855629,622
211,352,11,8.051164,108
163,70,18,1.876725,954
129,67,13,9.739719,963
48,277,11,2.804132,574
22,1,12,1.384323,251
16,98,13,0.588280,166
427,323,14,12.319570,866
159,194,16,17.178407,882
228,369,11,18.222863,975
273,263,19,16.790396,810
80,192,15,5.513585,597
419,58,11,4.764516,799
76,210,15,9.331706,846
160,284,9,19.713675,1092
122,119,20,13.548651,157
108,145,14,15.092053,748
350,434,7,9.422570,488
262,305,16,18.312493,1188
247,74,20,5.145034,317
399,339,9,3.699243,776
177,49,19,15.370197,268
113,178,18,4.091498,347
381,79,5,6.583394,602
397,39,17,7.404500,218
139,334,8,12.770397,930
265,193,7,2.455897,988
353,381,20,18.901042,723
275,309,7,19.169209,344
123,281,7,2.091486,763
261,358,8,11.619014,158
115,231,11,5.298387,445
328,6,10,3.560835,882
364,309,17,7.419526,601
238,316,9,8.732027,954
16,447,16,8.672479,565
213,380,6,18.704017,197
397,171,10,14.551956,226
434,23,19,12.908538,1175
93,145,13,1.360291,650
37,130,18,11.178167,1012
265,45,8,14.816754,678
183,129,14,15.400359,299
94,284,19,19.684370,710
429,120,14,6.371956,736
420,61,18,6.750148,463
436,148,8,19.492928,390
436,134,16,3.051466,1145
174,27,7,5.889978,162
365,373,19,15.849229,117
337,425,19,17.801869,685
187,422,8,17.315578,500
383,82,5,9.114516,901
323,207,5,2.818319,1191
43,116,12,2.562969,1013
356,288,13,4.651341,970
382,60,7,20.246317,703
300,442,15,18.858655,793
307,199,13,4.289346,1069
74,199,20,18.712899,914
263,418,8,14.470978,729
217,22,6,2.608412,133
5,212,8,15.104699,347
407,49,18,5.195728,223
132,203,10,10.406480,1096
199,129,12,17.606274,893
161,295,7,15.481098,515
436,261,20,19.361926,506
289,277,19,5.930901,789
158,346,19,7.625334,747
40,250,20,5.319577,378
251,93,7,9.562050,248
255,330,10,10.212614,1159
46,171,14,17.793016,732
377,46,20,10.593780,212
239,181,8,10.173717,406
102,73,5,1.985889,360
115,260,20,5.149734,779
174,375,7,3.938727,1003
337,449,13,6.224566,1077
388,400,8,11.695888,245
52,433,8,19.164619,372
357,106,5,18.412489,242
150,255,18,10.013675,221
271,91,5,12.766164,644
102,211,6,12.645388,871
406,310,5,13.438540,404
171,337,12,18.028867,301
101,431,12,13.997894,660
259,433,11,2.151125,1003
77,191,13,2.827591,1155
4,123,11,3.262401,182
326,48,8,1.837431,608
100,120,17,12.630028,924
120,365,12,18.987888,713
339,93,18,13.897666,1075
0,369,15,2.920867,582
197,246,6,10.676442,725
96,170,5,17.017124,1018
171,12,19,11.899702,232
0,58,14,9.228483,706
345,205,18,14.742249,640
107,52,14,2.577809,956
28,177,9,16.063919,1052
287,194,12,2.330629,1142
33,20,7,14.652600,503
346,197,19,0.586341,347
81,186,6,17.160330,258
216,2,19,12.704560,361
369,250,18,6.549449,248
402,232,8,10.377711,352
125,185,15,8.550431,1045
19,438,12,3.565446,398
20,164,10,9.994216,1035
29,88,7,12.481335,593
297,90,19,9.138293,904
34,92,8,0.400889,410
289,64,20,12.895980,1021
443,156,19,3.431026,276
275,354,15,10.348691,207
417,70,10,13.649770,123
162,76,20,13.452138,923
414,70,18,17.179849,790
327,352,7,20.100125,1007
299,229,16,19.845896,900
295,43,18,14.662736,376
56,151,18,7.002450,1185
152,30,18,2.925907,480
179,372,12,3.579674,896
176,116,7,12.360873,648
361,318,17,4.788640,821
244,53,16,7.685526,996
355,430,17,3.266849,1093
146,261,18,17.082550,551
231,272,13,2.301977,789
50,166,16,18.720611,1193
13,68,8,6.172438,122
155,351,12,17.234779,1090
76,25,7,19.836743,830
35,319,6,14.367056,193
309,396,13,11.489823,815
57,206,6,8.740913,1155
77,30,6,3.665676,252
108,141,9,3.644505,820
268,365,17,16.811428,315
110,323,16,3.745800,801
19,423,11,19.540613,941
215,274,16,18.355325,662
366,418,19,15.323664,724
303,113,17,0.347378,178
374,60,12,3.513236,473
254,238,5,17.928975,878
398,278,7,8.097215,266
87,172,8,18.984350,758
106,434,12,17.549134,822
100,347,8,11.893028,591
127,115,10,8.662986,906
439,100,19,11.535806,741
431,394,8,13.045931,1031
191,208,9,11.231245,1186
413,218,17,19.377800,704
420,123,9,19.658792,649
324,138,11,15.144377,380
288,142,7,18.725097,569
350,198,7,6.441021,1127
369,61,12,5.172466,744
293,29,14,8.049929,565
227,44,12,16.944240,708
5,330,11,3.828124,548
252,281,14,5.314785,354
89,250,16,11.081871,542
60,74,16,15.228402,1081
407,136,6,6.766680,959
241,378,16,7.159431,926
271,195,19,17.046248,1146
243,430,13,15.466320,871
200,140,6,1.990521,420
221,207,17,0.208444,725
111,121,7,16.228071,801
326,271,11,6.369372,609
38,228,17,14.864694,630
355,212,10,10.072131,484
65,375,9,18.099724,183
179,213,8,11.428194,636
115,128,20,2.414199,884
432,63,10,11.476457,1130
356,149,16,4.060864,710
55,269,12,2.507681,1073
414,321,16,4.297716,1034
114,253,11,0.302673,432
232,10,13,9.510356,132
351,363,13,3.461848,1116
0,245,14,17.564978,761
165,133,20,8.585558,1152
118,162,17,10.819126,100
162,23,14,17.372038,343
269,25,16,1.800969,510
133,395,18,18.870116,485
422,112,8,6.345082,272
236,52,7,1.228987,732
426,104,10,14.270202,109
366,149,8,15.540847,625
64,161,20,11.535154,843
121,33,14,16.393172,1018
132,111,18,10.302943,677
35,413,20,12.736691,478
429,64,12,14.538588,1091
411,131,10,2.348955,523
231,213,17,19.532234,929
357,442,16,7.897099,1173
149,186,12,13.014027,283
107,161,12,18.961716,276
22,172,13,15.630202,1198
372,183,12,11.877979,600
24,310,6,13.118195,596
364,396,9,15.662920,871
132,191,16,3.590555,816
85,59,20,6.254450,574
226,111,19,17.811349,472
101,258,5,18.964232,688
56,84,14,10.194107,367
421,149,10,6.772658,796
357,92,9,12.976061,137
314,56,17,1.716057,1093
164,320,9,14.852897,906
36,132,8,1.641695,657
74,331,15,10.219469,603
24,324,11,12.348536,327
254,246,20,12.578520,711
49,433,9,1.824895,929
357,402,16,12.974604,355
316,431,13,0.509123,377
175,195,10,2.229353,387
326,372,20,8.363050,674
158,285,17,13.224996,1136
448,248,12,15.448536,329
446,297,17,6.709207,431
440,98,13,19.876301,933
393,76,19,6.999679,1169
83,391,5,3.676134,1149
258,145,11,1.229672,232
165,442,13,6.328716,273
246,88,13,18.160496,1003
185,433,14,13.390089,604
422,46,13,2.971726,776
58,41,15,10.205189,116
81,316,7,19.223522,601
23,2,11,7.249884,262
133,292,17,13.051570,348
357,121,6,10.590051,911
13,257,6,14.852306,295
70,264,17,18.618838,352
392,374,19,1.434460,392
410,94,17,10.769840,990
14,210,15,3.548046,1147
151,178,8,2.809430,1131
26,8,7,17.732564,742
317,49,13,1.481723,1082
340,116,13,8.567905,501
434,193,7,10.746749,465
380,253,12,18.195928,362
101,203,7,10.177779,413
107,262,19,10.261546,676
359,102,19,2.911530,1019
74,362,9,7.952598,364
261,421,17,17.499363,654
6,12,15,12.979539,176
116,294,15,0.368158,965
294,191,10,3.691727,665
368,52,13,13.184240,479
411,365,8,15.826382,789
232,374,20,15.238974,1134
51,141,16,9.698880,863
131,383,6,14.288333,164
340,318,7,2.107367,181
9,62,14,4.760965,743
442,233,15,19.363691,331
33,389,19,16.772008,1185
384,152,19,0.393739,213
109,19,18,18.055631,865
138,64,18,15.832232,1139
360,449,7,6.604555,474
346,387,5,17.113725,832
177,350,8,6.739414,1090
109,54,15,10.574792,530
157,141,8,6.134765,263
56,215,20,18.768994,1043
152,437,17,17.783271,649
31,434,8,3.673430,550
290,0,12,8.257118,1028
357,72,11,4.248483,951
160,324,19,20.331419,567
262,123,8,12.265180,171
386,326,7,16.930049,1100
352,169,17,9.457703,854
12,424,10,13.211471,551
60,213,14,11.859835,848
369,299,14,16.430731,1053
233,427,11,11.648955,775
192,77,16,5.026807,1188
283,208,18,1.672215,1023
242,257,18,16.894691,309
141,21,13,7.565045,507
112,271,7,11.339365,868
168,429,9,12.994898,783
145,202,13,11.527569,646
448,356,6,0.594429,171
314,275,9,15.948958,494
268,423,14,0.427720,1125
291,412,5,9.204765,1069
404,444,19,17.263025,511
50,59,5,1.755249,535
1,290,15,18.081033,636
99,23,15,16.385084,918
303,407,10,6.331611,116
340,267,11,13.493980,1167
152,96,14,7.785060,991
239,341,8,16.953878,631
198,151,10,1.013256,274
264,414,10,14.707090,729
163,77,20,9.692267,458
445,193,14,19.658492,255
142,201,7,5.585529,1056
225,369,20,9.081018,851
378,66,19,11.658247,711
228,26,20,16.177294,187
126,216,6,1.486123,833
169,229,5,0.252089,833
81,168,5,1.772125,664
403,258,8,11.342383,678
259,330,20,14.529253,353
85,133,6,8.232758,1160
6,368,8,5.104677,174
391,394,17,4.981546,283
352,248,18,11.218727,757
49,431,12,6.624793,240
116,141,5,11.773003,288
112,22,15,9.935201,917
225,5,16,6.541848,670
192,12,12,0.903525,188
37,94,11,13.037922,824
203,266,10,5.997978,1085
225,46,14,5.992652,339
375,392,7,9.557871,298
6,168,10,9.021444,294
249,333,6,4.480229,687
332,133,19,4.141391,1050
322,167,8,17.781873,263
78,436,5,8.203221,978
419,223,8,8.866562,763
328,246,14,2.823831,126
376,218,11,2.934780,536
256,118,19,6.516372,767
132,177,20,19.198500,947
22,133,9,19.425034,192
109,259,12,15.958071,1176
357,417,16,4.601121,849
48,174,19,11.833854,420
280,122,10,10.099398,309
446,299,14,19.038492,629
127,218,10,9.488744,291
397,294,15,15.882104,117
289,431,11,8.757035,1105
186,8,14,11.047562,492
198,319,20,5.832086,525
382,26,10,10.485824,718
196,328,9,14.874174,378
186,62,10,19.676678,646
160,51,13,19.369473,845
88,384,20,15.029948,1174
260,49,13,5.191376,129
184,331,17,18.883290,976
34,104,15,5.683296,265
439,81,10,4.951036,283
199,266,5,3.977429,105
93,86,18,1.424251,601
379,37,10,5.352728,289
330,333,18,5.386519,653
131,349,10,20.082444,836
36,379,16,16.888888,730
167,115,19,19.721684,548
145,332,19,14.057370,999
226,329,19,16.712810,633
421,78,12,14.337923,149
339,291,5,0.735802,891
122,6,15,6.227990,197
355,443,18,20.112442,259
227,34,15,14.853339,979
348,308,12,17.118202,649
340,227,10,11.274094,706
186,81,9,10.604814,1057
169,268,14,19.112946,208
6,285,9,14.943088,370
156,145,19,4.245280,750
200,402,13,6.978137,174
427,144,14,6.788310,539
382,159,13,10.412423,1074
120,149,5,0.711514,1043
267,226,7,7.226952,180
209,96,6,4.794171,532
327,278,19,0.310340,987
340,118,20,17.360511,391
291,379,16,15.289484,801
132,224,5,14.938314,1160
193,30,19,16.141609,340
368,228,6,2.490133,475
64,196,14,20.303846,1030
105,204,11,20.159279,347
302,150,5,20.456634,243
442,28,18,6.733335,484
161,40,12,15.008078,886
138,254,18,12.895565,321
96,430,13,6.788491,895
110,81,16,1.759869,550
337,65,10,11.835810,710
389,40,19,10.218652,1183
99,366,19,18.491473,109
130,176,17,8.046993,237
392,40,15,16.390290,673
235,120,15,18.280499,863
82,25,11,3.234562,1016
22,289,20,19.584154,652
136,159,17,10.985602,181
30,364,17,18.453187,329
383,340,12,11.718190,160
180,354,10,9.409288,101
249,237,10,0.210937,135
331,8,16,6.843176,576
124,23,20,7.808471,512
16,217,16,4.683081,975
60,219,8,16.557886,390
332,187,8,1.917593,648
279,278,18,13.898689,218
36,227,16,7.208423,840
68,430,14,6.520104,1029
173,115,17,17.250582,286
17,342,12,12.197575,1049
215,39,16,11.290776,819
191,182,19,19.504559,839
27,381,6,10.406425,913
443,213,10,11.591165,664
38,271,19,13.923863,807
135,43,17,15.755606,276
304,413,7,12.575386,188
444,126,5,19.681181,1178
92,151,15,10.888818,387
295,245,13,13.237671,579
273,315,13,2.430902,1046
72,384,6,16.130201,545
135,180,10,4.932740,550
398,440,20,18.654295,752
290,294,18,1.511317,271
69,192,7,18.778533,871
79,198,6,7.789698,168
23,363,10,1.925776,867
449,279,9,3.486019,194
33,309,16,0.615011,586
23,448,6,19.135004,565
120,203,11,2.056916,340
335,398,16,13.142497,1004
109,50,11,17.613388,530
293,264,14,7.184260,556
93,147,20,9.403321,957
176,288,18,11.621484,992
303,249,19,1.176184,545
420,334,20,18.141143,567
83,11,5,16.678172,1048
189,144,16,20.295218,946
47,30,8,9.978797,699
117,57,11,15.595827,891
447,316,19,5.442369,1121
217,94,5,6.795101,330
174,348,16,17.714775,576
412,258,14,1.579600,877
3,30,13,8.755828,917
268,36,16,6.288087,176
113,105,17,2.815073,192
81,49,14,1.008661,592
200,180,7,1.511438,537
187,270,8,10.477382,490
278,44,6,8.272051,577
28,30,6,2.024919,1108
134,368,15,13.045635,106
226,352,8,0.651175,1037
285,214,5,1.173126,674
23,352,7,16.742051,940
283,0,8,19.366313,948
222,127,6,19.675947,663
49,120,8,19.660797,928
30,121,20,8.606276,762
103,57,20,7.914023,353
308,186,13,12.705366,185
64,293,15,15.133102,476
324,63,8,12.128395,1117
406,14,6,18.847347,908
227,141,10,13.589595,1106
330,432,14,14.321967,850
299,396,5,12.207987,558
184,36,6,6.988301,834
418,273,7,17.538487,290
363,44,16,0.678283,155
11,424,5,8.645856,110
217,329,11,15.873432,185
300,212,6,13.594154,483
180,366,10,17.598964,461
283,165,5,12.195286,1041
399,56,7,13.876502,1040
18,233,9,5.319047,1054
20,323,20,8.931215,428
193,274,6,16.064193,880
382,347,20,13.134993,1068
400,284,17,7.496290,930
117,243,8,11.762866,598
88,391,12,3.410101,1180
387,83,11,11.083703,232
152,350,9,9.012572,408
190,46,19,18.984918,809
68,92,14,8.030954,1115
226,239,17,18.963228,626
367,251,12,15.359248,765
281,380,20,7.653022,912
222,119,6,17.564104,345
283,265,8,9.314615,433
94,65,5,8.066876,1055
336,195,20,14.217133,961
345,231,12,17.903333,103
26,422,8,7.520812,131
172,321,12,0.126469,706
75,403,18,9.602060,108
246,106,8,1.065016,161
138,363,20,9.872401,418
434,187,9,6.872390,226
89,173,20,14.879848,470
253,387,7,3.640011,501
43,210,13,14.301895,639
113,187,17,20.379808,800
360,125,19,8.326051,751
117,291,9,2.067503,601
353,96,10,16.826936,1160
393,281,12,0.455505,639
217,138,20,6.842585,388
269,406,10,10.710628,109
62,406,20,13.798466,1027
423,191,7,1.097455,186
45,354,18,13.212921,821
1,433,10,14.259622,506
17,233,10,17.444898,1050
359,305,12,0.133373,921
161,189,20,18.449005,292
80,449,9,8.171870,223
187,65,18,16.894810,872
110,88,20,4.697324,199
126,168,16,15.293734,741
250,284,16,16.315146,344
407,43,6,2.593047,152
43,28,7,3.994650,376
388,8,18,20.195337,935
312,400,15,8.130095,506
5,64,19,3.747426,511
57,257,12,12.808724,1000
251,255,16,13.829992,159
204,229,20,16.460186,453
276,191,20,6.796955,795
94,123,11,0.396146,456
333,182,13,1.902066,154
31,280,6,12.559303,965
5,149,12,20.465116,754
344,233,12,0.161627,150
118,24,18,18.603549,862
419,343,6,5.937426,361
173,349,7,9.979572,1126
318,115,5,19.137309,596
42,50,11,10.929911,437
163,168,12,14.761284,106
231,107,16,15.222300,644
400,359,7,15.535394,418
36,106,14,17.124498,430
274,54,14,10.011745,401
176,243,20,12.555951,228
279,299,12,19.343779,187
272,345,11,7.024086,850
61,210,14,2.175370,369
148,103,14,13.048102,206
1,180,19,3.070275,258
374,273,8,18.362317,266
185,251,14,9.126828,887
262,224,6,11.476608,118
213,45,14,1.326080,491
258,399,9,8.768452,290
62,203,6,13.576985,471
92,46,8,9.705303,622
412,97,18,4.371570,1183
1,57,19,13.687848,452
406,176,9,1.007838,833
90,254,11,17.006579,312
290,216,15,12.948783,117
208,280,16,1.850667,830
8,252,16,16.570446,210
81,256,15,17.339201,1106
396,243,13,6.144971,388
368,41,14,12.498071,1098
84,346,15,2.604653,707
85,363,6,5.052259,181
181,428,12,14.967602,133
157,384,14,2.173519,687
176,363,9,1.249172,521
143,36,16,5.210807,1016
199,205,6,12.664684,1043
273,42,20,19.620639,1095
204,15,15,15.804812,655
257,3,9,14.915605,997
384,156,12,15.391478,1008
426,296,7,8.745829,145
214,83,11,9.727517,593
17,356,14,6.006455,408
271,316,6,14.489571,1079
282,319,19,2.530754,721
146,176,10,1.797468,528
261,220,14,11.634495,223
195,379,12,10.887308,299
344,170,19,19.372314,232
297,71,5,16.788946,836
215,266,9,14.944381,967
66,186,11,17.885179,1166
354,335,20,8.377570,1082
189,215,14,8.788124,293
175,264,5,11.479930,442
198,108,7,5.038354,1166
67,326,17,9.829125,1029
166,229,15,8.883031,1138
15,378,13,18.209262,171
358,94,14,8.645764,1035
162,107,19,19.538799,895
397,169,12,17.528060,191
237,134,13,4.164610,113
429,194,11,20.200760,483
154,238,15,7.483979,1091
343,29,19,7.607989,389
34,35,8,3.251572,945
286,298,14,6.230557,1080
101,214,19,2.248017,226
88,142,13,8.958655,811
172,191,6,16.327814,257
310,30,9,10.315023,174
224,76,6,17.517508,1077
244,153,13,15.301645,200
33,160,19,19.342697,281
226,270,7,18.891107,758
174,97,9,14.568475,249
314,353,15,0.641778,826
71,114,8,14.662936,306
356,218,5,9.541012,1123
378,58,7,6.381836,1146
170,61,5,3.452643,566
403,71,14,12.028558,165
259,427,10,5.723489,1124
219,167,14,9.016373,709
87,409,12,16.522117,971
85,97,13,5.481006,339
7,343,15,9.023041,914
324,425,13,2.255347,930
382,102,16,1.820186,1178
114,399,18,11.796307,1032
297,55,7,5.807717,122
410,76,13,17.748027,1090
104,137,5,15.946582,119
13,378,11,5.174491,313
264,353,14,19.047870,185
397,40,13,7.651474,422
142,299,11,19.470755,669
278,209,13,15.584046,1040
232,44,8,10.171985,344
41,413,11,0.430490,738
89,328,8,10.950853,805
388,426,6,12.070296,986
355,397,9,5.291099,552
226,376,5,10.178904,964
310,14,11,12.644115,842
89,369,10,19.434684,872
106,268,10,15.385946,917
281,186,10,2.373743,755
445,179,13,14.882054,1048
69,44,19,9.164951,879
179,177,15,11.970221,336
427,44,6,8.161678,922
78,70,15,6.632015,453
378,408,14,17.358123,1103
52,131,20,14.348593,294
331,341,13,7.476798,1108
329,272,5,9.890785,511
35,209,17,19.737720,562
434,396,6,10.866533,345
53,291,9,14.924532,848
347,364,12,15.548396,988
121,85,6,3.617944,636
176,59,9,19.504697,531
82,433,14,2.764960,248
437,411,18,3.181501,745
383,135,16,9.672250,602
48,357,7,7.706031,889
126,281,9,17.286056,1133
86,208,19,7.416338,191
265,133,7,18.896542,637
275,273,18,8.100302,785
188,149,9,5.513245,1090
443,193,12,6.666397,1174
393,97,12,9.145770,635
321,156,5,15.883972,154
182,369,5,3.185756,993
401,90,19,11.830170,358
290,73,17,10.068823,182
129,357,7,18.072991,401
249,108,9,12.179033,795
315,126,18,20.202612,801
2,290,10,12.119963,266
54,11,5,1.427771,942
111,289,15,3.393710,837
37,17,17,5.509738,364
202,192,8,4.305350,1088
44,230,13,5.783945,1197
145,187,6,8.310647,654
382,212,18,10.065108,1044
137,11,15,17.470858,741
334,103,8,20.496864,301
396,30,13,1.441720,1037
369,388,5,2.876729,339
403,53,14,14.147635,548
317,96,18,9.932047,253
31,239,18,16.746290,423
219,97,16,11.669657,194
364,449,14,11.843510,250
200,68,10,3.188710,521
379,350,18,11.990250,652
197,367,6,5.593741,718
1,367,6,4.000425,853
103,391,13,3.992867,645
6,379,13,8.383330,789
69,388,17,2.515482,887
23,361,10,7.601339,893
20,122,15,2.268513,1173
125,201,16,11.658501,525
280,72,19,8.973820,275
191,434,14,16.108207,307
431,148,17,1.793215,561
174,236,8,6.363388,654
178,144,18,9.691906,596
395,385,8,17.097461,538
83,340,16,3.614982,555
410,366,8,8.037335,269
256,245,12,16.953472,158
81,234,13,13.581866,1060
159,369,9,1.367289,677
42,398,6,18.524945,306
254,337,18,0.262022,152
231,240,5,8.677242,250
352,263,15,17.059462,1200
164,246,18,15.678957,1190
5,121,8,13.752416,869
442,200,5,10.465460,1057
266,422,16,7.319277,1045
283,79,12,8.765195,739
272,194,20,20.345700,311
56,448,6,19.723205,1170
115,416,17,7.981499,1118
392,123,19,13.830017,652
398,245,8,8.816907,478
172,354,7,17.269600,1054
379,399,6,10.334603,1005
63,84,5,4.886385,177
242,374,8,2.740319,788
94,194,9,18.062996,763
276,440,18,6.058643,977
121,78,19,9.418585,951
278,293,19,10.438320,114
54,447,19,11.819250,730
266,330,13,12.136973,645
143,269,16,17.571385,305
412,352,19,9.771874,172
83,117,13,0.269954,1050
110,28,11,3.450313,417
369,246,16,12.083868,902
149,213,10,6.330426,322
4,170,11,5.012930,325
176,136,13,18.314806,794
422,356,10,7.592861,531
49,224,10,19.845429,934
368,338,8,8.695520,259
275,386,11,4.871828,1034
444,326,20,13.761034,629
340,230,14,9.387517,661
52,222,18,14.158060,814
231,118,12,8.863770,1045
228,430,20,0.785616,1082
109,406,12,11.860991,558
37,79,11,15.816362,482
41,259,14,9.704231,1012
218,388,11,7.684853,1154
227,364,9,8.917134,1096
326,12,20,13.796459,919
71,405,10,2.635521,1005
33,84,5,11.636213,1007
122,363,17,18.512293,248
202,12,10,3.031987,400
150,118,16,6.887339,788
42,182,15,16.133205,736
369,10,8,7.996680,260
281,362,17,6.435087,1167
260,294,15,10.526676,149
431,389,13,3.723372,405
448,98,6,2.136800,125
205,103,5,4.916770,763
400,74,18,9.842632,420
233,177,9,9.148879,707
92,81,18,0.730325,1065
156,194,19,16.422624,787
199,166,20,19.897031,287
74,425,8,4.420003,921
225,56,13,13.845054,219
401,175,13,13.105231,281
341,88,5,14.637340,570
365,123,11,2.104874,910
311,180,16,5.646898,237
76,101,5,15.774711,1020
290,295,13,2.526039,1145
404,198,14,14.941579,310
294,304,19,19.243114,153
281,170,9,4.429116,721
209,235,6,11.268440,397
233,25,12,2.455384,961
409,167,19,12.507048,864
46,123,20,6.357438,970
179,271,12,14.725175,528
372,374,18,3.179009,966
253,257,15,4.693412,196
194,382,19,9.168495,142
418,137,9,13.491743,501
319,171,8,8.720686,412
227,6,10,8.526775,781
295,92,17,5.871120,1076
147,176,17,19.113206,630
81,31,16,19.824876,568
380,29,19,15.370895,1185
367,299,8,9.368827,903
9,126,12,9.668256,569
303,2,13,8.829612,905
62,435,11,3.493584,389
156,336,20,0.946120,478
447,167,20,0.183393,107
358,18,6,0.972861,271
177,301,10,4.749144,1032
241,97,12,16.654410,716
293,240,15,15.765500,960
385,428,16,4.424339,1020
232,234,7,15.801198,297
404,153,19,13.990767,709
217,50,15,8.321817,219
376,431,9,17.068915,724
34,68,15,9.336594,913
288,15,9,2.276830,566
318,260,15,13.219244,906
354,301,18,3.037388,652
169,166,10,8.841346,392
72,12,15,5.798334,588
309,30,16,0.789350,463
232,340,16,19.003336,657
303,350,7,9.266543,1198
79,327,14,4.179815,725
346,146,10,8.738677,1022
233,51,9,13.559767,902
366,192,5,3.527622,845
424,206,13,16.834789,910
410,84,10,4.528961,669
56,48,19,7.222297,1042
409,192,6,1.913828,622
138,263,16,3.398198,647
419,424,13,16.101481,376
331,281,10,0.184008,546
401,403,11,14.631194,399
123,277,16,16.632250,288
257,230,8,18.858605,638
187,37,7,11.984321,558
8,342,11,20.402636,614
113,279,14,1.359047,383
132,416,11,10.973973,1110
366,25,10,17.040051,736
3,407,12,4.619984,382
247,126,8,1.871685,1106
190,286,19,10.465674,733
235,62,13,20.274204,114
158,260,14,11.392285,550
210,155,16,4.963829,270
327,318,10,17.269890,1050
348,119,13,5.966487,404
9,66,12,1.521000,180
37,66,9,2.783376,702
108,119,14,3.150688,712
190,301,5,5.520126,333
74,39,15,0.354612,261
120,364,5,15.644991,436
275,46,9,12.651754,1021
420,331,10,4.447931,564
165,117,14,3.509724,155
301,353,10,13.497198,337
400,314,14,6.564422,1155
391,319,12,0.520731,217
44,121,17,5.357018,875
407,6,15,13.033549,844
198,120,14,8.128282,312
150,240,20,14.140712,375
47,101,13,8.256224,1143
293,321,6,14.398167,977
94,36,16,8.556007,1013
263,409,15,1.751877,478
365,133,12,8.811532,746
376,232,19,17.494414,916
49,58,9,19.195319,444
441,34,5,2.360314,461
220,167,11,3.681038,215
85,418,8,10.538373,329
425,324,8,17.143644,782
306,3,10,18.700352,427
38,262,10,18.318313,1110
63,325,8,0.928285,743
35,441,13,4.237255,776
285,447,18,9.000711,646
28,134,7,17.529936,217
276,283,8,1.724754,221
34,96,6,4.762919,1180
285,209,19,3.903196,532
309,84,7,17.773560,245
398,402,12,2.507623,889
283,340,5,4.276867,251
169,103,20,14.970191,248
60,91,18,4.070250,253
109,45,5,9.025338,860
305,5,20,3.960068,952
307,233,13,15.603069,368
356,143,16,9.556465,461
16,180,15,17.520359,1008
67,187,14,20.112669,455
40,105,13,15.002206,1186
439,223,16,2.875260,904
54,428,17,6.535031,530
313,183,16,5.331722,763
282,273,14,16.189705,748
207,105,19,3.497014,1011
243,148,10,11.181465,239
208,43,10,5.333596,1175
302,238,8,19.684273,195
236,239,16,8.181557,242
240,54,17,12.350043,1001
107,206,19,5.744287,370
359,1,19,9.175255,640
396,415,13,15.407832,873
32,297,19,4.563658,625
198,383,5,3.302320,370
38,350,18,13.386098,499
427,31,14,4.100883,837
46,114,6,7.737657,711
353,432,11,5.923005,1089
449,17,20,12.635771,481
196,217,6,10.481545,370
174,108,10,18.239698,358
160,399,15,5.319186,603
105,232,6,16.402614,897
17,285,10,15.661425,534
252,170,17,17.817811,1195
246,202,7,4.749052,689
112,325,17,1.054305,158
185,81,12,20.089491,276
369,85,12,11.805665,291
384,336,8,15.885412,154
289,222,16,8.021436,541
421,189,19,1.393065,635
247,37,18,14.947903,1186
397,297,5,1.146093,379
353,266,6,16.714704,141
143,281,18,20.033148,137
82,80,8,0.253175,718
420,198,15,6.959448,189
440,375,8,18.122435,810
156,219,9,14.458590,576
215,42,13,18.616198,694
283,435,18,11.249089,900
112,148,15,15.710086,139
17,136,13,9.185264,457
49,167,16,18.575208,777
389,317,13,11.149114,143
77,324,11,4.158247,423
117,362,18,14.097058,903
414,81,10,20.037870,500
186,202,17,14.654227,306
3,96,12,17.654456,600
357,113,8,12.309396,860
410,263,18,17.132366,382
444,255,18,5.008588,693
403,179,16,18.494193,260
8,273,6,0.347504,183
272,336,17,4.117570,273
237,437,16,18.555461,1182
315,305,5,19.295067,261
349,128,9,4.144800,1150
361,279,14,8.213576,907
410,340,5,12.369262,792
262,435,10,8.085187,203
190,121,18,7.180020,1006
54,77,20,7.014543,769
65,382,7,17.906423,740
112,150,9,7.895414,620
447,71,11,4.220300,403
350,282,5,4.955110,611
260,215,14,4.489965,931
353,243,20,9.727305,715
82,215,16,9.530921,948
384,441,16,0.900063,296
33,161,5,8.575005,219
443,125,5,10.882280,956
187,234,15,18.865348,977
175,284,7,8.523925,1181
198,268,19,9.806075,572
190,343,11,17.099252,1060
203,388,15,15.902328,1053
369,69,5,14.415220,259
331,97,11,13.158602,702
195,310,9,10.387971,193
129,312,8,16.746148,237
34,51,15,2.237778,925
390,221,11,13.630198,848
131,241,15,13.223427,470
301,412,13,13.202887,922
253,211,20,16.119858,922
193,315,19,3.980902,485
386,264,6,15.296548,810
88,77,13,11.870750,978
50,180,5,10.439502,1173
400,116,15,10.533928,451
41,179,14,3.964600,361
424,70,19,19.799850,826
448,100,16,15.828158,817
339,123,11,18.467882,228
210,318,20,18.667099,222
130,35,9,18.561881,932
239,392,8,16.081621,335
220,314,17,18.727411,426
351,82,9,14.223388,836
267,282,13,13.884788,999
248,98,6,11.899014,335
27,321,17,18.153691,1035
321,385,6,8.633303,1176
205,61,11,15.228594,296
375,413,8,0.878655,602
28,309,19,8.561607,1043
433,120,10,2.529891,290
404,189,8,8.431957,311
242,140,15,5.750116,518
242,325,12,2.783882,1014
222,272,17,6.917651,265
384,66,12,10.513640,687
212,358,16,1.326693,244
127,370,17,11.170672,346
33,258,5,10.522923,618
402,174,18,13.150644,880
119,395,14,13.233827,725
150,270,15,11.713778,299
44,238,15,12.757443,799
230,43,11,2.685925,375
259,393,7,0.425539,952
413,152,18,20.349186,1014
299,289,18,14.496902,958
211,255,11,14.933504,360
426,13,12,11.594810,103
276,384,14,1.626671,196
179,8,14,0.115190,661
71,174,12,12.024799,886
342,309,16,16.416494,1192
150,2,9,9.170984,266
115,410,9,3.476997,1184
400,197,10,0.787704,871
311,78,13,13.698186,636
264,67,6,9.655739,950
267,388,10,5.865253,559
41,376,15,11.541653,547
103,389,20,7.498218,332
65,378,6,12.973146,627
287,266,9,18.926299,263
335,301,15,15.946217,893
437,105,19,9.233307,652
92,239,11,19.917748,729
327,53,17,6.223527,227
115,356,13,10.220747,1087
293,186,8,19.098745,140
48,281,14,13.556295,905
233,54,11,20.174815,666
328,27,11,3.070657,1126
275,396,20,15.688197,918
56,260,18,1.799029,861
448,322,13,8.126460,227
21,195,11,7.025075,857
184,414,19,5.598379,264
374,445,14,4.792006,716
194,364,9,19.547482,418
232,416,15,5.460224,659
299,254,19,20.281482,905
282,5,6,11.821290,803
448,327,6,0.040239,628
214,288,20,10.878198,1164
52,343,12,5.710171,208
303,38,20,3.131318,381
157,336,9,5.253372,289
277,122,18,8.713225,1071
368,428,17,4.690619,929
218,142,16,10.830620,1099
47,71,12,15.327212,277
92,258,20,12.987071,352
287,324,17,15.303880,306
175,403,18,18.461450,1088
381,149,13,13.291666,1058
205,438,19,0.634099,1158
111,374,20,11.604308,237
439,21,9,10.813249,948
156,334,6,2.814802,818
63,351,9,0.425639,333
154,71,20,8.095243,662
79,415,10,13.840864,402
114,301,14,1.612236,326
102,447,5,2.301100,380
113,349,10,5.078603,325
301,144,11,2.012508,855
415,343,20,19.869008,1033
368,70,10,12.405929,513
138,387,16,1.262476,585
436,203,12,7.843171,155
21,284,16,16.438906,366
354,175,13,14.046015,1060
220,28,14,19.792714,130
340,81,19,4.768515,504
382,374,14,2.260255,1190
331,144,14,0.617623,236
152,22,8,6.531175,864
60,134,9,15.465977,430
57,14,7,15.298593,560
41,82,13,0.457821,841
429,416,9,2.119657,409
138,265,20,13.202139,197
345,409,6,5.637246,1189
44,386,8,6.820294,290
41,167,8,12.975157,232
121,162,13,0.562217,890
192,164,19,10.396271,1008
12,118,10,4.515048,772
55,272,10,16.775364,513
336,114,10,4.327073,305
257,106,20,3.082846,764
94,179,14,20.006326,161
321,191,10,9.150668,572
4,150,7,20.266114,252
444,154,13,4.809729,934
409,117,20,15.008878,717
334,333,12,7.855085,266
236,194,6,1.856660,568
125,16,17,10.464260,648
351,75,18,2.369164,702
373,96,12,7.635528,128
105,346,15,9.646943,775
118,426,16,7.762675,533
130,428,18,2.236011,391
382,368,7,17.233290,901
204,238,5,18.034853,851
66,38,10,1.216731,101
160,142,6,10.738917,512
88,90,15,15.932419,865
203,78,18,18.175116,732
226,125,6,6.015243,500
82,151,17,4.150805,1102
240,226,9,9.070167,839
174,28,14,8.935703,472
75,77,6,6.177683,566
229,381,17,5.365016,709
412,283,19,1.208783,849
402,23,17,12.734656,666
359,386,8,8.714229,190
310,190,20,8.890262,140
91,402,10,18.436547,630
295,68,18,1.557461,202
9,198,19,20.148944,926
118,50,18,1.425684,177
300,41,20,1.017303,987
38,186,15,8.167072,1126
166,66,19,5.856850,657
190,305,5,12.386592,673
250,102,12,19.115585,445
68,117,7,17.059886,367
20,379,7,3.903234,941
233,28,16,19.797602,405
376,156,18,9.349174,978
66,280,9,10.262015,769
219,10,19,1.491551,533
239,48,16,9.376429,1106
292,127,10,3.477166,229
413,52,11,12.133137,1018
351,39,13,7.395946,155
9,309,13,0.309630,471
337,199,15,16.393940,209
14,358,10,0.684572,804
206,154,7,0.963547,211
444,62,14,5.069967,1014
64,62,10,18.245419,695
303,385,11,1.718133,896
93,161,13,18.781421,817
426,113,19,16.109068,981
66,321,15,11.764101,883
319,154,8,2.149197,1041
16,271,17,9.715837,1009
433,118,17,13.633787,1021
137,55,17,8.326821,408
49,0,7,20.032041,1043
192,396,5,1.141250,112
349,175,18,13.991053,374
145,312,14,6.588234,341
292,237,15,4.601749,1047
116,363,19,7.008843,358
323,231,16,8.004665,451
438,62,5,19.074993,976
300,383,19,5.419760,845
410,290,18,5.418399,304
14,417,16,4.274809,776
236,182,19,1.187814,130
436,401,14,5.077061,230
69,349,11,16.274985,380
101,325,15,3.981440,269
356,421,13,1.516406,1022
300,135,18,13.626233,338
206,143,19,3.504412,439
226,369,14,7.823752,893
223,176,5,16.856675,983
1,4,19,11.441303,869
33,327,18,7.127206,600
217,264,5,0.101461,1151
133,209,12,6.433990,902
202,218,10,3.750423,505
43,134,18,6.854842,149
316,53,12,11.342463,743
313,431,6,2.263085,505
290,162,10,0.605903,815
79,151,9,11.737652,606
28,130,8,13.371266,1086
101,368,14,5.366960,684
366,395,13,0.467044,710
161,280,17,4.770843,437
252,262,8,8.243785,1072
278,230,20,17.952410,896
343,398,20,11.933576,278
162,341,10,14.504774,899
191,409,5,4.733247,511
150,339,18,10.371591,1026
172,373,5,1.528656,159
64,120,10,0.414787,930
69,263,18,8.642547,843
305,50,20,14.312384,461
110,171,5,11.893922,620
382,365,11,18.607531,788
398,417,14,1.568397,1112
132,374,16,0.429472,338
13,354,9,16.047712,1164
437,190,7,10.790633,1050
378,375,5,3.865985,1179
302,355,9,0.984974,139
442,93,18,13.275450,973
289,53,7,8.038651,981
108,260,16,0.579567,1046
242,290,10,18.824095,842
382,270,19,1.102693,541
164,22,15,11.451496,675
274,421,12,17.409469,519
403,3,17,3.274898,1082
40,65,9,4.535975,533
283,254,16,15.500162,492
419,162,8,12.078024,370
420,360,9,0.287987,109
438,364,17,14.768432,680
373,148,9,0.665943,383
60,55,5,5.101769,1022
306,134,17,18.699547,366
337,392,6,4.932174,146
164,144,19,19.353029,970
109,66,12,0.730130,1054
35,241,15,2.899736,932
293,110,8,19.905261,587
317,444,9,19.793658,730
287,81,16,1.616914,490
390,27,15,6.391770,304
52,285,7,5.398249,1056
225,165,9,19.437884,637
207,321,6,19.935175,322
93,89,17,10.015968,477
115,421,8,15.737510,835
138,111,9,4.831784,977
167,377,7,13.779209,889
242,256,8,18.757077,837
287,248,15,18.254200,857
301,205,18,18.571125,543
36,301,18,2.829483,783
222,133,15,19.292697,688
127,230,16,17.123882,1019
224,43,6,12.033070,867
408,148,8,9.954566,293
90,104,17,17.063053,1158
383,412,18,14.056994,749
222,186,19,14.772337,450
79,283,11,12.684359,424
382,23,10,14.010898,521
187,154,6,5.371967,917
364,98,10,2.826349,721
295,273,12,14.776268,949
247,229,11,14.324629,323
444,169,8,19.248556,521
151,43,19,0.435426,144
416,412,15,20.401802,1194
223,339,20,0.918704,744
348,252,18,18.269379,1082
185,392,17,2.968755,1063
54,138,12,7.613753,1124
376,136,9,0.485143,523
29,35,10,17.952163,706
313,73,15,8.399184,761
67,91,9,6.161768,395
311,288,11,15.725008,1090
45,443,12,14.694882,888
46,262,11,3.063044,514
27,238,10,8.941574,939
352,18,19,13.097377,289
102,275,13,11.415354,815
132,403,8,2.224632,710
434,64,20,6.018266,234
381,441,16,12.102921,901
324,168,16,15.159619,1040
17,30,20,2.350737,1044
154,275,10,11.480362,398
365,108,7,10.583216,1063
372,325,7,18.423794,1137
190,418,15,1.051114,772
230,229,6,7.153232,878
111,91,9,10.786140,397
422,297,13,17.489723,208
231,94,14,5.887646,180
292,91,5,11.157251,973
103,398,8,6.459525,1033
187,218,6,20.202894,1174
285,282,6,15.101352,1180
325,154,5,3.673224,1165
316,208,10,12.944687,660
40,30,10,20.398272,589
296,100,14,7.688240,409
344,68,20,16.615125,366
400,257,9,14.202553,1003
152,75,11,4.634376,319
285,172,11,17.962098,274
302,284,9,20.057173,1191
27,163,12,0.619033,505
15,260,19,0.996510,352
376,131,5,11.868917,251
360,13,15,5.619172,607
349,392,20,1.256577,894
419,447,19,17.944397,792
41,223,6,8.274211,616
121,79,10,2.351793,499
106,221,10,20.434307,340
270,136,18,8.871109,142
215,341,5,10.361371,521
100,109,18,4.648298,477
32,363,15,13.008353,213
405,43,9,20.369595,783
84,345,5,13.577821,550
160,90,16,20.355981,759
221,336,7,0.675419,211
408,133,8,16.464148,1052
71,348,13,10.273968,862
62,4,15,7.959125,1008
186,317,10,5.720433,588
321,248,10,19.974730,395
261,33,19,6.358872,694
290,172,20,17.591959,1002
245,206,13,13.669130,464
127,275,6,2.553540,452
225,13,20,14.216379,437
26,331,18,3.782425,573
443,120,8,19.953852,344
50,230,12,11.186121,1168
233,213,8,6.653675,762
224,370,8,2.711428,689
124,370,17,8.263999,1087
73,304,20,14.600250,824
107,430,11,3.468918,834
95,342,11,19.766224,307
182,11,9,19.551873,233
249,117,12,20.212014,822
137,392,6,8.907695,792
0,399,12,12.982353,691
198,349,19,15.125017,339
370,29,8,10.262895,1070
29,416,8,5.881053,395
390,147,20,3.290385,776
51,425,15,5.508479,1081
294,146,19,5.379011,222
36,0,11,10.701866,1140
198,179,14,13.085423,1093
96,45,9,14.849570,527
148,426,8,5.135220,693
185,136,14,3.204277,918
116,3,13,10.405759,665
237,327,13,13.121847,444
442,406,7,6.624997,237
110,335,17,15.152510,151
156,433,7,10.211712,1011
429,9,15,10.685005,132
212,28,11,18.198647,686
323,264,18,1.799877,1170
369,201,11,16.324679,779
2,354,8,11.737486,536
287,231,19,18.063169,552
42,304,5,0.085790,1172
326,382,17,13.727501,591
136,98,17,8.709789,1060
202,391,13,13.205508,267
126,405,5,10.579298,715
110,422,7,11.383723,987
428,234,18,15.271122,229
364,201,16,15.700326,829
118,150,13,12.965498,964
381,73,15,9.805755,715
114,51,19,7.402673,191
387,51,12,4.080393,628
274,72,15,2.139568,1115
434,253,14,10.257758,364
329,61,5,9.070532,356
354,183,11,17.656168,375
281,37,16,6.152318,239
338,359,7,16.092801,255
295,201,20,14.882803,333
423,148,6,4.923843,1149
59,258,5,5.135387,988
330,222,10,15.901641,971
424,151,5,7.980514,776
397,213,15,7.434017,779
440,80,8,17.880650,968
391,97,10,17.534712,107
14,236,17,6.843154,946
396,48,15,8.213689,607
75,298,6,16.616604,601
405,278,12,1.459000,987
68,232,7,13.906658,1194
208,12,8,5.471769,1078
281,316,8,18.446932,1177
115,197,12,8.237548,891
129,223,6,7.482326,544
250,435,10,6.824383,490
268,245,16,13.300701,1026
176,409,9,18.791232,343
231,333,17,5.352552,315
60,198,13,16.822929,483
267,373,6,0.281363,727
35,305,19,10.991645,509
142,167,13,3.161939,194
150,422,5,3.682947,1027
312,322,20,7.249223,407
220,40,17,13.550934,251
409,361,7,10.026134,413
359,200,13,11.690201,1199
329,381,15,14.946293,748
65,287,20,0.866759,115
421,192,5,18.603841,1122
282,29,20,8.956985,454
50,341,10,18.622970,374
432,330,10,20.441862,622
424,269,15,14.666173,825
77,401,8,8.636726,273
307,175,12,20.077534,196
377,130,10,11.270044,597
448,410,8,11.409719,302
331,45,9,15.241244,425
123,332,6,3.212989,948
287,265,19,4.977550,126
199,64,12,3.267654,1130
308,0,12,6.468896,483
105,388,17,9.914838,761
350,409,11,10.939080,628
85,2,13,18.590801,184
5,70,9,13.999422,855
250,200,7,6.279229,285
241,162,15,4.376035,664
315,19,20,4.305757,1161
353,15,20,9.978269,1078
286,227,12,1.535200,689
386,204,6,7.863791,852
67,411,14,14.798975,957
181,318,13,0.621115,959
164,68,8,15.944806,1037
385,413,19,1.603399,943
44,281,16,3.647444,786
199,179,8,19.932528,785
315,370,19,7.086562,946
433,380,6,12.323674,136
126,137,13,7.624966,811
170,70,13,17.530658,196
47,14,9,1.894044,336
368,291,5,14.317232,561
285,155,6,3.427405,301
134,192,12,6.987753,1088
271,425,14,12.560408,628
236,118,14,0.956763,1144
380,442,17,13.823340,488
221,296,5,6.915845,260
351,67,7,17.772465,733
316,427,16,13.506052,210
236,105,6,13.083719,393
436,296,16,16.522959,960
102,143,19,12.965842,186
338,198,20,13.467770,836
31,67,8,14.015692,165
60,445,19,5.536143,872
383,425,8,14.058274,413
313,289,20,12.020528,771
359,166,10,6.133643,295
394,295,14,7.893462,603
270,20,6,5.432035,240
85,407,20,17.042892,315
153,34,9,7.155276,1156
159,31,12,2.150628,106
73,272,19,4.919585,229
385,342,14,2.965483,791
441,383,13,1.689368,1059
265,406,9,11.282356,531
208,427,19,15.716311,443
255,169,11,1.065198,696
273,251,14,15.181717,898
336,361,18,3.554539,753
286,76,10,19.899842,164
427,286,7,3.036827,777
246,167,15,10.652073,440
32,281,19,8.751037,600
370,106,11,1.752397,195
361,89,14,2.818126,1113
334,405,11,7.214659,714
231,260,13,11.103048,402
380,93,13,15.641258,290
15,373,11,5.927138,607
198,43,14,7.223081,361
309,105,13,13.998141,628
6,207,6,18.487130,722
24,295,12,16.797789,838
343,357,10,17.179753,1182
297,204,11,14.532987,238
349,66,16,4.939885,916
376,142,18,0.229965,421
2,96,19,3.383897,373
128,243,14,3.966148,404
331,186,5,4.755498,1014
361,149,19,10.771405,872
199,357,7,1.177727,751
176,424,7,14.163294,534
390,316,20,15.307001,197
186,109,13,10.275174,867
120,27,14,17.432096,437
289,49,5,6.775935,268
211,223,12,15.451577,291
35,198,10,17.180267,313
184,165,7,18.126258,517
447,228,15,10.475863,474
297,285,7,5.508326,1001
154,135,20,0.582576,1112
245,214,16,17.354160,1017
314,202,9,17.192576,493
284,10,10,1.084666,1104
273,238,11,17.353971,302
380,328,19,15.973923,797
130,56,10,9.060491,462
134,176,12,9.220494,324
220,268,19,8.627420,722
276,323,13,6.503279,648
33,106,5,5.444204,805
308,399,19,19.526042,462
228,379,7,10.531170,103
238,24,5,2.459198,943
210,332,11,1.984145,277
427,75,13,12.831959,894
371,152,12,6.396670,434
394,6,14,20.109411,931
248,150,13,13.766902,268
10,349,11,13.426471,237
355,396,20,8.953007,257
333,429,15,15.063142,984
138,329,6,15.246925,986
412,14,14,13.229893,358
19,60,13,18.514251,338
86,70,10,19.506362,524
96,51,19,9.329814,572
361,134,20,18.825915,773
247,290,20,19.982195,970
174,396,20,7.738881,330
332,265,5,10.396690,985
242,271,12,18.570404,331
413,287,8,3.315753,423
176,449,20,0.323686,619
292,118,11,14.994480,433
210,248,5,7.348080,540
118,17,18,5.353391,637
287,437,7,16.969369,248
146,209,6,17.305254,752
38,220,20,12.472645,1020
394,362,16,8.148819,634
206,384,6,11.971672,532
334,241,6,9.615452,846
183,76,14,16.481511,926
45,417,19,12.604314,454
110,406,15,4.128690,1004
42,274,16,15.633953,418
244,173,18,3.083844,248
439,1,6,10.840069,626
246,291,16,6.473770,1167
159,69,15,20.239634,727
335,406,19,10.766149,199
207,304,19,10.501478,761
17,268,12,7.016564,1091
177,37,8,5.231389,178
129,126,14,9.144485,826
186,268,18,11.701899,181
115,136,14,16.503825,627
291,53,5,2.176590,968
395,37,16,13.083124,307
313,351,11,11.616245,139
43,247,16,17.551965,541
397,15,19,7.166487,916
319,160,18,16.425719,119
347,283,6,16.890323,240
65,364,6,11.982015,471
211,305,16,5.052330,1065
8,263,14,12.671681,1062
142,60,20,5.111053,789
358,132,19,6.077812,964
401,181,10,12.351619,1075
333,127,17,2.086148,594
7,162,15,11.002869,885
132,365,20,9.970587,322
87,278,19,13.782043,413
431,325,12,4.424754,337
100,133,15,7.167256,505
81,331,17,15.957920,168
353,215,15,1.584239,659
204,55,15,15.330670,316
409,250,5,6.111604,942
376,219,14,13.041696,187
225,105,16,14.912501,293
68,236,9,1.528466,335
363,160,9,16.632807,1097
85,243,7,7.965711,277
283,216,7,18.092478,461
187,334,10,18.927815,185
141,271,14,8.795395,182
299,401,9,1.440214,633
380,403,13,0.133892,241
85,238,10,7.245942,648
280,293,18,1.299526,727
12,322,14,18.395525,366
377,142,12,9.710347,1110
142,57,8,6.664496,704
60,156,5,16.895432,815
415,218,16,6.590323,306
293,109,17,3.720095,1008
393,41,14,17.153778,480
126,367,20,11.185792,884
247,236,7,4.703437,921
15,430,20,13.530625,320
18,414,11,5.976823,363
193,293,19,7.276790,915
30,317,19,12.783000,555
168,382,8,14.193895,164
38,279,13,4.081625,619
308,206,13,1.964036,338
85,31,10,1.394470,619
357,359,11,5.012828,1052
400,18,19,3.103141,374
231,307,11,19.160346,135
135,432,16,17.903199,819
101,436,16,7.891793,470
314,50,6,5.689331,720
366,401,16,13.643110,340
205,376,5,3.014754,1050
386,309,11,17.489989,751
303,427,8,6.766612,229
15,287,14,2.389066,434
126,349,20,7.324869,997
265,355,15,18.287781,616
340,259,20,2.288250,238
114,105,11,14.217325,224
361,129,18,4.123735,1183
24,432,5,8.471505,442
268,167,7,2.818814,929
243,131,8,5.834754,523
347,122,5,2.133375,637
164,160,7,13.428630,601
225,60,8,1.455181,887
429,200,14,9.375442,450
360,24,10,12.382226,107
183,149,12,17.457529,578
409,226,7,3.913539,380
371,330,16,2.378105,1109
125,165,18,18.049427,547
282,428,7,19.471138,456
265,137,6,16.606985,313
22,19,5,8.232651,974
148,396,15,3.509607,849
40,64,8,14.201393,1030
271,203,6,16.363289,723
169,214,16,6.129041,696
192,81,16,11.316352,616
312,66,9,8.515916,1005
70,75,19,19.718887,1107
67,333,14,3.980463,920
22,274,17,12.045537,1188
281,430,19,8.010367,447
114,184,16,7.246007,1200
106,24,19,11.491707,1152
346,191,5,2.631500,770
254,253,19,19.490504,356
115,219,14,1.308132,407
15,118,17,13.193214,150
418,29,12,16.325106,1118
263,331,11,7.691671,823
278,77,12,5.881406,1136
355,382,10,3.810340,214
85,177,14,0.047553,858
64,151,8,18.194220,386
21,328,14,19.949984,856
217,414,15,2.619906,534
173,14,13,1.825259,362
120,411,17,8.799696,1163
240,148,9,4.047878,421
160,30,14,14.655321,486
417,384,10,13.283287,192
56,318,16,18.973760,863
48,291,11,9.105121,892
448,290,16,12.782951,666
445,38,8,3.830680,228
217,236,7,17.992746,189
196,76,8,18.407135,917
7,238,13,14.166414,522
303,262,12,19.306025,990
29,21,16,6.078754,489
379,427,11,10.257640,1125
61,435,16,17.615900,104
155,123,8,10.451424,804
305,62,13,16.660553,493
325,110,13,17.654040,1034
373,118,20,13.738615,612
5,287,10,12.309113,271
144,106,15,18.774801,438
3,214,6,3.260684,807
97,291,13,5.525208,910
399,295,9,0.421313,1155
384,281,17,9.161205,911
337,412,12,19.385425,559
309,335,12,14.793641,1041
199,405,6,9.157161,990
362,440,12,17.376569,316
387,50,15,12.584926,784
438,135,12,1.209303,256
372,115,6,13.709655,425
79,180,11,2.427751,928
71,289,15,18.216479,1102
431,34,19,4.612224,202
402,108,17,11.860377,244
350,262,14,1.988997,480
445,20,11,12.651473,544
446,231,10,13.893180,342
264,58,16,5.067733,543
385,50,5,11.701125,865
285,212,5,13.988418,986
365,444,5,11.611429,151
372,117,19,17.184858,208
278,12,13,9.130531,175
73,16,17,10.489226,449
288,151,18,7.360659,408
328,184,11,7.927028,991
155,125,17,8.475434,1171
306,173,18,17.344879,1096
231,64,12,7.540566,909
142,115,11,10.951812,642
76,259,14,11.176063,924
193,112,19,10.637806,458
205,48,8,20.052548,206
3,289,15,10.078778,276
324,126,5,2.849571,140
115,126,15,13.163736,389
122,233,8,7.372913,492
427,397,16,19.911213,901
211,340,18,3.170850,816
326,217,6,3.490312,1159
24,50,8,3.148596,155
271,136,13,8.843081,215
407,186,8,8.756278,332
269,160,5,6.771907,1173
411,207,18,12.380191,1111
146,407,13,8.330204,129
89,60,6,11.608932,1057
51,374,15,4.263038,1141
343,403,17,10.052168,1064
420,18,10,7.478658,510
355,176,20,8.153565,405
153,142,7,6.111160,455
281,259,15,1.077235,366
169,158,16,3.648403,818
16,172,11,11.121917,1107
418,335,14,10.464595,611
148,405,19,3.383166,542
441,120,9,1.161933,294
315,307,7,13.076999,832
229,264,18,17.083865,1172
192,268,7,20.177483,1164
155,438,6,15.497456,811
439,257,12,17.897680,760
1,102,17,19.540861,990
75,137,13,18.417188,424
201,17,12,8.175997,583
323,312,18,8.000282,1180
170,171,17,8.691087,597
391,84,11,2.245262,959
78,399,6,12.578370,1027
398,143,15,4.002423,562
98,250,16,18.064078,916
227,119,10,10.520016,100
392,338,9,4.867310,269
63,6,5,9.745071,408
138,361,16,3.790930,1038
285,160,9,19.041350,995
185,245,7,18.803725,357
319,338,9,9.853388,1025
237,394,5,18.135240,525
403,209,10,3.621315,382
43,169,7,3.222228,582
170,260,7,3.521851,278
266,2,12,4.838725,947
377,212,7,4.280340,1076
22,292,12,1.102815,278
89,4,18,0.250916,916
318,368,16,8.631938,207
7,35,14,1.760622,1192
32,116,11,4.036377,766
350,28,10,16.210945,805
436,125,16,8.833150,389
145,232,8,11.959383,729
331,402,9,1.999030,1164
40,143,12,11.491379,389
9,189,12,12.650245,802
352,330,5,16.907874,451
108,429,6,14.125743,770
288,96,16,1.163622,412
301,174,12,10.496294,171
216,91,9,13.701635,858
91,136,8,6.044832,724
357,14,5,0.027960,1151
249,72,12,0.819153,517
43,111,6,10.794365,430
150,121,9,7.527157,192
341,287,6,14.547287,704
248,331,7,5.399733,862
293,290,11,15.148644,916
198,133,9,5.967897,1168
95,123,16,6.075948,342
313,163,17,9.834717,1190
98,326,6,11.294747,790
115,209,12,20.056074,139
329,294,16,13.297859,344
448,24,11,9.765715,130
266,285,8,18.494141,649
267,214,16,9.612770,821
444,410,14,9.528716,790
209,104,9,20.270350,453
128,249,17,0.466900,148
251,278,13,12.958594,622
186,273,17,9.695348,961
86,27,10,4.888317,226
232,126,19,19.357282,811
262,440,16,11.660195,1038
305,375,18,17.183644,1136
405,4,10,17.249784,501
75,56,16,0.622626,143
160,275,5,10.716726,1158
23,281,19,3.336481,955
123,233,7,19.712264,1038
197,126,18,16.021029,895
258,271,20,14.955664,938
43,347,13,18.390645,446
326,122,12,9.162316,660
284,301,11,1.517406,669
123,44,6,14.571372,1149
401,122,5,10.263144,992
301,307,17,14.809125,515
201,385,6,9.756021,1033
354,217,19,6.052391,304
364,273,6,10.980457,754
416,396,16,11.198597,726
436,434,16,8.392320,1088
25,319,15,12.921952,247
98,399,6,11.565540,759
250,92,15,4.581461,896
188,55,8,5.116853,803
362,167,16,7.458643,130
365,445,11,12.273064,337
110,96,6,8.270298,525
91,363,14,5.763911,372
189,180,18,10.247999,1055
137,48,11,14.225521,686
366,113,10,10.058794,1083
406,295,16,11.236307,1163
331,41,13,18.593588,602
126,128,11,1.687472,140
404,359,5,8.724204,229
305,79,9,1.814724,124
35,374,10,9.008852,676
69,329,17,7.848795,928
95,329,5,17.035646,108
180,400,14,8.276088,163
219,366,5,13.630536,103
247,337,5,5.917385,759
162,154,16,19.251959,927
191,52,8,16.132934,667
410,17,8,18.489065,1154
415,240,19,12.664239,884
333,423,17,8.683183,229
169,254,9,5.509403,770
235,250,18,15.671074,1188
235,298,16,18.866005,714
108,76,10,18.165143,1084
320,209,17,18.956640,911
146,286,20,2.895775,845
253,164,12,8.525725,883
399,40,19,4.155025,921
48,283,10,8.892322,733
187,274,15,8.567212,376
75,353,7,14.505797,530
147,401,11,9.475743,929
154,43,13,15.027381,299
190,250,17,5.366010,959
270,318,18,18.071311,441
40,13,17,3.336210,863
163,69,19,14.596989,815
88,425,11,7.193472,328
267,385,19,8.896185,838
59,292,11,17.667323,1035
232,168,5,3.520540,284
350,256,10,8.014112,564
420,67,10,15.996830,267
418,12,13,7.866097,493
435,162,8,5.829765,1187
364,343,11,20.329740,489
365,21,9,9.081781,682
382,131,11,14.877351,874
235,24,15,18.951739,682
130,255,20,18.489251,865
222,296,10,5.056074,222
295,27,7,2.870371,394
235,88,7,16.943949,1032
153,101,16,6.468682,1129
143,130,16,9.347910,589
11,175,11,17.123640,799
296,384,8,1.831115,660
191,249,8,9.047928,941
69,277,18,0.088226,1200
52,392,13,5.398647,312
112,26,18,9.884730,157
261,114,11,8.769226,1171
243,122,8,13.691236,343
62,115,14,11.884819,564
171,194,5,1.691123,1151
289,341,13,5.598938,113
311,340,7,12.825184,533
157,407,18,16.320512,449
346,33,13,18.652847,212
186,117,15,11.307375,241
32,298,8,4.272096,836
371,362,19,12.380283,1136
24,406,7,15.624554,836
17,130,13,19.236185,194
34,25,16,5.525303,322
170,10,10,10.491271,953
291,11,12,1.698873,623
357,192,6,16.699944,1035
126,192,18,0.565215,136
314,272,10,15.154630,910
176,17,20,11.847048,1100
364,90,10,15.204516,169
137,204,15,12.777595,262
290,72,5,1.252372,273
93,194,6,0.998383,1018
218,398,20,10.018963,101
177,174,9,10.876278,1002
407,433,8,19.550872,192
340,236,8,1.118009,479
420,400,7,19.382797,950
165,81,20,5.953757,196
179,423,12,14.625316,870
83,394,12,10.203437,543
284,24,11,13.807884,1125
70,269,13,0.848397,1141
440,102,9,9.348930,560
293,27,12,14.612613,668
298,34,10,12.984422,441
393,130,18,19.879788,146
112,28,7,15.231352,350
21,339,9,4.368970,1165
13,435,6,7.545911,1081
396,297,10,7.425543,527
308,309,16,9.446653,224
90,33,13,10.692547,708
319,294,7,16.455235,814
30,83,9,13.029300,138
321,338,17,13.453023,379
114,162,13,14.802185,494
110,113,18,5.481219,370
2,370,7,1.743023,390
396,444,8,11.307350,918
17,226,14,7.631359,149
43,260,20,17.017823,706
91,335,14,16.282826,1059
189,385,7,13.953673,709
437,179,8,7.811766,1113
183,298,6,13.760713,738
39,399,18,8.905694,149
7,4,16,6.386660,540
261,224,9,6.947221,1049
74,178,15,5.585549,659
391,432,14,4.761542,515
338,375,9,18.107016,313
234,156,5,19.355425,948
320,335,6,9.972559,530
74,216,7,12.786707,1048
33,319,5,12.829395,1091
360,189,20,2.580564,462
199,399,16,12.196471,883
369,138,11,5.619390,774
257,191,10,9.297324,963
245,116,15,3.074906,857
412,61,11,7.805368,281
353,149,18,0.231775,1009
350,35,13,9.818373,381
319,377,10,9.390190,676
105,162,13,12.184628,296
262,57,19,18.364111,315
393,239,9,6.418580,714
291,256,6,8.006029,1044
421,231,18,1.288902,882
402,363,12,14.556797,1074
346,260,13,2.241954,1056
212,401,8,19.943000,210
276,176,7,17.109022,1164
118,153,14,19.422906,323
196,318,7,3.599005,1165
199,418,13,6.917639,763
36,248,5,9.845445,166
272,60,15,15.426339,365
111,22,5,19.033421,1011
69,180,18,15.295368,936
406,94,7,1.891212,911
348,267,11,7.659886,108
75,279,17,0.147882,612
28,50,10,10.300288,135
235,51,14,3.093143,155
17,169,19,14.357342,1053
55,408,6,19.522958,405
294,212,5,3.757248,953
146,396,8,5.681440,1170
350,41,15,13.294361,475
415,9,12,6.105803,826
356,391,8,18.875706,356
336,445,5,14.027310,765
118,382,12,11.915434,991
313,441,19,14.905391,155
180,57,10,3.792431,779
219,374,14,11.227446,1060
60,49,11,8.375201,730
441,27,15,1.376113,224
353,71,12,15.702496,974
290,113,6,7.083657,868
79,259,12,10.482186,681
10,101,12,13.711760,623
280,429,13,14.873315,1054
154,391,12,10.191750,281
65,437,19,20.196475,719
248,29,13,5.616239,1062
305,104,16,20.309198,340
320,155,15,9.756132,532
341,380,5,16.990500,1195
86,321,6,1.342338,1148
310,2,18,8.760603,819
253,418,9,15.645818,431
53,58,9,11.764349,129
174,131,8,1.817974,1035
10,58,12,7.196994,113
336,109,13,10.585272,405
398,441,16,6.862109,632
100,75,18,3.515337,120
52,369,9,17.249415,409
300,162,18,13.939829,172
346,264,15,10.887342,249
12,148,17,13.623431,1171
309,305,8,4.089992,337
106,75,8,19.121237,1002
249,278,11,14.641926,827
10,59,12,9.381272,995
148,327,15,18.714646,1129
220,168,12,3.492003,1069
409,125,17,9.518212,273
418,252,12,14.057566,101
376,216,8,16.111312,1043
248,368,18,9.516464,330
401,0,10,10.197077,326
436,82,11,19.197655,836
398,266,10,11.693530,1108
232,409,19,17.541459,719
404,443,19,0.721127,1089
149,434,20,14.904115,698
399,401,14,1.271626,591
196,389,13,18.822410,410
54,119,12,11.865259,732
305,314,14,12.448490,462
406,43,13,13.286866,1121
54,290,10,12.273958,986
132,248,18,0.061117,640
104,193,18,12.914799,397
396,163,13,9.809013,891
274,322,15,12.207749,850
135,403,12,17.478401,269
68,269,15,2.174440,611
87,200,13,8.120796,947
256,15,14,13.761264,1050
148,296,5,11.283787,233
135,40,12,18.914157,1061
279,29,8,8.741644,526
177,365,9,19.577533,903
108,243,19,2.716295,371
421,361,17,14.807796,809
416,251,12,0.640778,394
127,110,6,11.182485,1140
282,408,5,2.311766,321
179,129,16,9.728350,997
392,207,20,0.418756,704
0,171,14,13.937928,606
368,357,7,13.684668,318
140,256,18,17.246127,770
254,270,14,14.125144,235
206,233,13,6.595329,1012
266,444,19,12.084745,128
16,209,15,8.472753,741
444,228,5,8.803281,641
123,370,6,7.171458,168
272,88,10,13.328134,390
133,35,5,2.304374,130
55,78,17,18.080649,295
350,63,6,18.229338,958
50,20,13,3.351880,779
329,40,14,4.112821,822
311,364,14,17.826769,224
135,61,7,12.821381,902
322,229,16,4.511266,211
264,250,20,5.555751,127
134,13,5,14.036059,501
398,228,12,7.600258,541
411,331,9,19.565420,1146
268,9,8,15.038860,185
328,433,19,20.438300,453
361,268,16,6.912401,286
367,127,19,4.536097,1060
3,66,19,5.888174,369
253,100,10,11.385114,1009
255,291,17,19.068669,986
51,109,15,11.175936,1016
301,427,10,0.760144,129
282,154,19,6.894584,737
302,126,7,0.436330,440
89,68,19,6.402424,1132
217,183,7,20.439631,1004
177,193,7,20.044323,987
426,246,10,0.027736,954
213,181,14,6.090522,994
140,232,16,2.373046,984
420,137,17,9.732727,149
152,332,9,6.361002,312
234,265,7,6.903275,422
159,321,17,11.534165,552
300,345,9,16.515522,454
291,2,11,18.935006,558
140,216,15,17.060905,554
442,154,16,17.590284,951
224,176,8,2.114653,537
305,101,5,3.947848,426
116,2,7,3.291365,131
206,158,16,19.551080,922
443,123,5,16.810624,554
79,366,8,15.347334,623
140,417,9,12.139614,1033
131,224,15,17.024859,370
176,374,16,13.710648,943
202,315,9,12.060860,255
140,383,8,1.104616,1074
92,370,20,6.172311,227
145,71,19,9.714212,880
115,6,13,9.524044,523
272,118,5,10.460515,437
325,45,8,6.293214,115
285,137,12,11.682827,374
416,257,9,2.677300,501
285,114,7,5.979371,415
365,120,15,14.496403,818
281,373,8,14.850435,373
20,75,19,12.756716,924
78,47,5,11.093660,654
59,315,16,9.647464,745
280,204,9,16.597644,671
433,160,13,0.748953,733
6,36,17,10.037665,483
402,282,9,3.245785,1058
337,202,17,8.030105,362
46,435,9,1.757073,855
291,408,12,15.037304,880
324,365,14,9.551339,797
230,247,14,10.008850,363
254,146,14,5.403281,540
174,361,10,5.195075,295
270,118,9,3.001883,1087
107,284,8,8.647834,1145
253,407,12,14.901979,332
365,386,10,13.504743,1064
385,103,5,20.313456,1075
270,324,16,19.367934,663
280,400,20,8.894115,872
408,405,17,7.583822,282
439,423,9,20.072673,1026
202,104,12,6.802827,874
101,131,18,15.997398,889
284,146,16,12.230066,281
135,283,6,3.859188,360
362,175,14,13.029422,876
446,163,9,5.575862,489
139,41,9,0.842746,1134
336,397,14,7.548395,238
296,160,6,1.584239,370
68,231,19,12.030497,533
360,194,14,16.495594,322
215,31,13,6.340989,683
304,395,13,19.898125,909
119,277,17,15.029183,909
427,294,5,0.284458,441
401,84,18,16.745004,685
45,264,19,2.408570,299
240,338,6,7.337896,137
217,162,6,4.729104,513
128,231,6,9.092483,233
396,12,15,7.600338,356
166,74,6,2.655703,410
296,136,19,13.366591,278
178,388,10,5.150477,452
260,181,8,10.157947,833
36,43,14,0.583763,1133
293,247,5,12.894827,1009
374,148,14,15.261601,802
424,248,16,4.850436,1045
68,365,6,20.330121,190
125,104,9,4.889718,1128
416,122,13,4.650191,472
5,325,19,13.091129,114
64,262,13,15.909039,261
248,190,8,14.824230,234
259,105,17,15.185358,490
151,41,19,19.756383,394
66,269,11,7.578726,745
401,291,15,19.896422,285
35,127,10,9.957115,164
261,0,17,11.451878,445
344,396,14,8.053753,762
368,44,16,6.873550,1089
364,287,5,15.311498,1149
142,413,12,8.331453,701
104,204,16,7.874909,944
187,362,15,0.886930,1198
398,64,13,18.464138,681
261,84,20,10.270088,167
11,180,12,13.795538,618
192,118,18,10.483028,177
187,321,16,6.052510,1074
22,70,16,7.496727,1076
329,214,19,8.950582,194
72,132,16,6.534894,195
186,377,13,18.747475,985
229,395,15,3.601429,1115
294,38,9,13.948406,725
95,198,10,19.493170,740
161,100,10,18.088977,1109
24,391,8,8.136554,1076
217,101,17,0.527241,1072
363,222,15,6.210206,1056
146,41,19,13.072484,147
293,279,14,7.190213,768
92,376,9,5.755984,838
391,295,9,0.476022,759
383,337,18,8.064660,514
258,30,18,10.164870,300
395,147,17,7.931142,1182
325,112,15,17.487826,997
26,212,13,4.014632,286
177,202,9,6.775164,484
441,62,19,16.117488,451
399,198,19,18.325930,1101
19,401,5,20.462224,748
433,302,8,11.962557,987
271,267,19,17.529620,304
291,430,19,18.286776,528
258,274,9,17.834275,684
106,235,5,3.704710,647
308,97,7,15.576659,1090
208,206,20,0.444496,972
184,363,10,15.361661,1069
364,197,14,15.092841,368
293,284,5,2.507162,609
380,37,16,2.082339,336
236,170,17,15.768122,968
386,403,20,9.090073,950
190,334,13,11.872755,381
188,34,11,17.496878,914
240,314,14,9.413678,191
374,199,19,18.145247,716
143,22,13,8.951805,806
422,317,18,17.820484,598
70,166,12,13.018918,954
23,258,13,14.160933,1005
413,16,11,12.610363,518
15,7,8,5.205171,567
331,168,5,16.761212,298
265,378,5,7.760862,112
419,76,11,1.028185,602
413,322,12,7.174290,290
234,251,16,0.492762,1189
60,126,16,12.026387,1079
278,28,18,19.133060,992
359,257,8,9.437421,750
107,57,17,11.220178,507
46,235,18,3.803239,1114
333,118,20,14.451320,516
140,262,6,15.435445,180
374,25,10,9.027132,179
343,364,18,3.874958,769
144,46,6,8.641318,675
35,78,18,2.671545,225
167,117,12,13.754875,728
61,101,18,2.638825,595
110,374,12,16.935366,814
173,400,10,12.199700,168
374,55,8,17.196690,390
239,219,7,10.712927,664
426,391,13,18.068728,468
372,206,19,16.125347,467
351,278,20,16.851883,136
79,156,16,13.871318,290
164,432,13,18.001160,951
429,272,5,0.237130,758
77,180,18,15.563613,1043
222,219,9,15.094237,861
110,234,12,14.448132,923
197,370,12,1.124843,723
139,89,7,19.585654,757
191,405,13,17.432734,586
336,270,6,9.534489,1155
263,329,20,9.592989,1152
203,432,13,15.222092,305
207,427,19,5.062725,301
289,61,9,9.457099,955
171,429,18,0.825523,596
154,35,13,19.784573,934
345,70,6,17.395779,824
402,84,7,15.721527,920
309,255,20,0.582292,548
266,92,19,7.977505,723
225,275,18,14.528577,428
198,118,10,6.116721,717
410,220,19,11.663389,1094
370,381,11,9.660899,948
424,185,10,3.479298,607
269,355,12,8.345264,971
135,288,8,13.016139,837
51,205,19,8.480740,1063
362,393,18,10.802616,1177
368,437,6,10.671561,290
88,198,10,0.438919,238
287,165,7,10.015137,518
398,247,14,4.293957,410
187,148,16,16.629733,865
176,249,10,15.951477,863
243,396,20,7.418029,875
157,332,8,1.559757,998
386,86,14,0.462070,960
149,196,14,2.360701,997
59,325,19,6.159916,143
226,308,19,6.401976,1155
95,385,9,13.665340,345
442,236,20,7.934107,790
0,397,12,17.748779,251
236,165,16,13.303207,713
33,41,7,13.663616,971
55,238,18,7.683312,695
136,268,6,14.566957,537
239,358,19,5.951527,349
35,151,12,19.956350,469
167,33,7,7.241373,1107
335,394,11,1.209002,689
355,18,18,18.483928,1121
345,203,5,11.492154,458
120,321,14,0.312710,115
0,211,9,4.001176,622
68,319,10,10.732161,786
19,298,6,10.768914,1158
130,288,15,5.134270,1172
73,259,12,16.816018,484
273,148,16,14.692571,1027
164,60,9,13.787426,1126
97,219,17,20.467871,345
198,309,9,18.169539,1012
104,122,19,19.859273,667
109,422,14,10.583394,186
325,130,9,19.309434,198
412,297,14,3.657629,1094
364,118,19,1.422659,883
214,173,17,4.598075,368
92,61,14,8.039865,406
21,257,7,1.013224,217
403,299,10,15.085380,380
374,220,19,17.554692,111
205,328,12,13.313420,506
212,191,8,20.322485,147
315,351,11,10.754567,219
94,211,7,0.102052,843
292,441,13,12.810199,490
172,298,19,1.486819,970
127,308,6,0.688954,320
281,35,19,7.852178,366
222,220,12,7.393420,625
337,309,12,12.939056,1176
120,274,17,11.626356,509
108,67,12,17.593805,562
47,82,7,8.308816,1140
26,277,20,10.588659,807
61,197,8,17.912554,803
17,337,18,19.350850,841
150,314,20,14.293659,482
187,284,15,19.899739,729
406,301,14,0.288808,134
59,281,14,5.581382,570
29,202,18,19.911495,774
401,159,14,10.286520,1156
336,2,18,14.904869,720
308,298,10,12.413970,358
149,341,7,3.786287,279
121,202,5,3.974589,744
260,213,17,18.761685,326
8,337,10,18.883162,208
129,369,11,12.034968,514
15,12,17,1.247204,832
310,357,10,6.047997,821
22,43,7,9.798184,1103
434,160,19,9.104689,574
343,374,14,6.596394,507
199,168,14,0.755054,717
69,147,14,0.516955,832
171,397,16,6.897284,1065
90,243,16,0.373432,158
45,435,6,3.858580,992
416,318,14,14.564726,930
100,130,8,11.441397,1052
38,367,14,7.240753,234
351,245,16,1.647365,1151
445,23,14,7.342531,847
310,194,13,12.675325,1161
186,233,9,8.842964,1064
262,241,8,20.254169,571
240,180,11,9.367042,1125
106,18,18,13.159686,737
228,192,20,14.996064,258
396,5,7,1.433854,218
167,161,7,12.159467,584
394,48,18,19.772196,264
444,208,16,16.816300,249
104,325,16,1.163339,643
271,42,20,5.971112,124
267,30,9,10.519872,868
167,338,19,15.632609,750
176,51,10,18.320423,1069
401,67,19,12.253378,107
366,21,17,12.776194,588
157,413,20,10.619704,1159
42,93,6,11.880915,962
261,226,20,11.767062,674
408,105,16,5.021354,1042
427,163,19,7.655268,1049
291,183,7,7.877832,1092
274,243,20,1.525566,127
85,64,15,3.264021,1014
37,174,8,14.957650,315
383,323,5,5.668774,1079
25,309,5,0.807970,906
91,330,8,16.703620,714
164,140,5,4.606950,376
296,3,19,9.282812,572
173,350,6,5.452847,1094
325,166,13,0.194760,651
278,35,12,6.223763,624
222,342,12,11.805626,428
284,168,19,19.670063,494
253,415,18,2.040164,1029
144,406,20,5.812294,845
354,107,14,3.933193,927
284,444,16,15.276919,261
32,75,18,14.898285,755
282,221,14,11.542814,985
342,45,7,16.954304,270
6,394,9,14.915072,858
228,240,12,5.823668,729
370,169,8,2.849468,895
390,283,7,0.394591,761
0,135,13,9.728564,706
296,123,15,11.814694,210
131,102,16,17.492915,855
296,24,20,19.251618,581
292,295,5,12.996288,367
206,5,8,7.852306,833
427,299,7,8.768502,784
378,50,20,6.066822,1043
110,389,15,14.802083,799
128,50,19,12.590635,396
227,372,6,9.349401,505
386,349,17,3.916818,575
305,162,8,16.542633,391
101,385,7,8.156581,359
37,5,14,12.362771,666
232,38,14,16.349299,595
240,106,6,8.461272,155
277,428,12,5.522372,1062
31,365,18,16.098420,938
167,190,15,5.847314,213
300,270,13,14.232849,709
7,79,19,0.349355,550
329,90,11,20.082850,301
344,271,18,18.642042,894
375,231,20,5.731115,238
196,424,10,9.694360,265
212,130,17,11.955364,259
82,295,15,18.468694,814
18,273,20,12.450845,171
243,67,10,9.722664,329
257,387,16,11.094135,547
252,376,15,11.493786,589
79,323,11,19.686624,1078
158,384,14,6.489553,1177
386,127,19,2.684559,804
414,352,9,18.619125,1033
424,82,15,17.140788,565
169,275,13,12.116258,813
54,177,15,8.563000,830
143,193,12,1.184335,1110
371,74,7,3.010077,369
318,177,13,15.060826,128
247,137,11,1.699941,1025
14,50,18,6.020524,894
400,141,9,15.585507,960
397,1,8,7.831026,1036
290,269,5,19.091575,765
411,210,6,14.785106,429
99,341,14,8.700360,463
446,247,15,16.277510,948
7,108,15,6.655894,206
254,423,16,9.951005,1135
157,147,17,8.549507,147
386,26,9,9.375762,637
88,334,12,8.248013,938
43,162,20,2.910282,814
357,91,20,14.188974,862
326,310,18,20.470089,1161
21,190,9,2.170812,649
299,306,10,1.283908,723
294,52,11,10.119494,688
243,104,20,15.211888,876
320,71,19,5.913829,713
309,259,6,10.727493,696
285,278,10,0.331159,115
256,388,20,19.286928,629
342,132,7,0.931741,1161
36,79,16,4.118638,1192
438,14,16,1.699049,951
135,289,16,15.058023,325
358,252,5,19.734218,505
311,427,20,1.667790,626
23,169,15,15.027435,684
262,19,13,2.671540,691
247,18,10,14.732967,834
344,1,13,11.774029,106
203,47,19,16.117075,100
86,56,20,19.011447,331
202,369,20,15.838147,528
285,292,14,2.083193,573
379,147,17,2.405567,1066
150,143,7,8.917870,190
14,403,13,16.220332,865
67,154,5,1.816623,1163
446,167,13,12.083706,187
204,339,9,15.123309,303
336,52,11,7.184588,377
313,132,8,3.302088,819
92,253,8,7.102162,1051
427,387,6,6.706280,213
380,129,11,4.342205,948
95,345,7,1.666053,1088
434,338,15,16.351585,1115
376,425,16,10.887924,272
372,422,13,17.979184,674
125,11,5,20.086004,465
161,200,5,12.660561,204
97,433,11,18.870232,772
124,391,17,6.766624,1132
140,17,5,2.549177,181
33,323,9,14.239983,788
210,189,9,2.301490,1181
35,356,15,20.259195,255
306,14,19,10.332871,1186
13,271,11,17.821213,644
414,412,6,2.512530,108
25,178,9,19.507505,571
404,135,5,2.581458,166
444,94,11,19.935101,880
20,41,10,3.939283,1032
268,205,8,8.011276,723
112,41,19,10.937763,799
157,330,10,15.079918,1142
41,294,20,13.381048,972
193,325,14,19.774952,392
329,363,7,7.435135,866
203,159,16,18.261989,601
25,175,17,16.216045,214
127,35,6,6.169725,249
420,176,10,9.541163,111
381,46,16,10.605324,870
93,268,5,0.294181,990
276,161,14,13.010736,1173
340,391,15,1.439307,411
282,232,20,9.623297,1067
56,199,12,18.577367,499
230,227,20,17.114251,322
213,404,9,18.608576,1122
242,341,13,14.903571,888
338,271,15,8.845215,693
202,164,14,16.512919,349
196,253,6,8.214549,979
361,111,9,15.320128,1178
306,432,8,0.603752,603
383,330,15,12.552497,1138
274,281,5,14.651988,500
4,352,18,4.016246,267
65,128,18,18.960668,669
272,193,11,0.567292,554
115,228,12,12.674269,915
278,205,6,6.924286,608
24,103,17,8.664387,235
323,350,10,19.437545,818
364,286,14,10.804244,979
87,375,6,5.240952,825
254,120,20,17.164589,938
150,162,10,0.628321,707
381,161,13,14.835984,958
334,434,12,11.892575,343
38,295,5,14.949824,429
301,268,9,5.932884,386
278,279,14,16.574028,316
226,78,6,18.743097,777
13,347,19,16.483780,605
184,3,9,12.434960,178
209,142,19,12.802661,818
354,219,13,1.114833,1192
401,396,10,2.450469,1052
125,346,8,9.971419,631
430,312,12,0.699499,1031
30,430,19,12.257662,604
279,269,9,15.491196,1050
32,215,14,3.478260,296
229,11,16,12.202767,128
352,359,20,0.475784,1022
321,54,16,20.350334,270
122,38,10,13.884545,813
166,132,18,4.454274,745
397,286,16,14.174867,639
8,275,7,10.222309,274
32,143,20,9.442656,759
44,339,14,12.004324,115
32,110,5,11.728945,457
221,448,7,1.848730,152
175,11,12,20.452028,812
257,269,15,8.798064,379
153,255,16,3.559028,744
371,210,6,7.575612,394
330,40,18,1.746767,817
417,184,16,11.781265,561
19,123,17,10.681372,763
334,400,14,8.653452,423
231,93,15,3.402332,280
58,215,12,7.846214,877
348,217,8,10.508565,1088
63,9,11,17.856735,468
301,104,11,4.649321,230
81,249,20,6.270507,370
72,199,9,8.862314,332
86,357,6,15.360707,262
208,382,18,2.626730,693
241,340,9,19.870238,745
273,388,7,3.248506,889
404,442,16,3.108948,128
97,10,9,10.805531,410
277,381,11,1.681470,301
259,443,9,19.559993,334
343,399,9,15.508859,325
46,424,20,18.889622,227
44,79,9,18.620755,320
346,147,9,16.617632,611
9,46,19,12.681656,1007
319,395,14,18.888930,142
275,115,12,16.449139,433
149,336,10,17.083571,752
158,332,5,15.531956,906
391,256,14,2.465619,458
15,349,9,4.170814,1154
88,226,8,10.509095,1012
288,89,20,7.870349,446
353,298,10,12.673624,1185
24,77,10,18.290023,501
371,66,20,4.685999,237
239,51,17,17.543622,427
89,44,6,3.439412,1137
318,312,14,16.649618,504
180,434,12,6.956625,721
22,104,9,6.002023,195
259,155,20,19.654667,1056
174,278,16,15.014254,1135
91,369,19,11.582555,394
165,19,15,17.069365,918
150,34,10,11.913351,377
349,220,7,7.299050,970
78,243,11,14.854038,797
128,370,13,18.375868,813
387,388,9,13.806768,741
256,317,5,16.144796,716
278,341,9,1.049733,944
424,24,7,2.973216,679
198,208,11,6.716954,147
262,135,13,2.242439,992
119,391,18,2.967166,996
357,329,19,1.658287,218
91,275,13,0.784521,673
227,59,7,3.171442,920
303,98,7,2.747055,317
238,19,12,17.705857,584
158,397,9,16.044056,332
76,132,17,6.572748,450
288,274,6,0.114703,448
331,182,6,19.595151,730
279,333,15,15.770514,659
87,121,15,19.431090,328
160,417,5,11.173206,325
199,364,18,6.413425,1133
420,127,12,19.059693,238
279,226,12,10.752947,435
17,167,11,14.370691,426
130,198,12,16.375512,256
226,232,10,18.633209,1095
200,123,7,10.515318,884
192,270,16,11.002063,147
70,72,11,17.079876,492
167,310,10,10.910077,579
62,217,17,14.473158,393
188,16,17,9.496007,944
155,182,12,6.720125,679
103,156,15,1.033831,554
387,140,13,12.191927,705
231,8,7,1.938668,776
95,59,13,0.937129,702
357,50,17,14.764920,517
106,91,12,16.540452,435
110,73,20,10.340163,886
143,160,20,2.279689,650
59,443,14,13.316423,1046
203,64,11,6.641344,119
262,421,6,2.972775,741
47,406,13,8.854374,164
184,189,8,0.207945,855
191,90,6,3.514730,873
297,152,20,13.371061,1134
195,79,17,0.450262,351
369,40,13,10.493845,607
162,47,17,15.495257,343
238,215,9,8.583436,802
449,240,18,7.148234,834
174,83,11,15.911088,1183
211,219,8,7.885511,481
131,312,14,11.954570,650
309,111,14,4.326453,819
12,238,19,18.059711,1156
144,301,19,16.517303,566
443,58,14,4.470884,884
253,444,8,13.444311,1150
237,21,8,7.968467,220
53,104,18,2.179079,334
164,62,11,5.807464,722
253,370,9,2.557269,772
230,116,7,0.015388,835
277,415,8,8.452694,162
446,272,20,16.490366,979
154,168,11,14.767379,336
132,429,14,3.525093,633
424,36,15,18.584836,480
123,290,10,5.353718,838
138,231,15,8.674582,570
393,312,10,11.004534,532
413,367,12,17.491097,1019
318,133,19,15.938472,459
245,63,12,8.202097,293
118,358,16,13.374375,280
364,320,9,8.008583,832
300,349,7,7.796393,273
420,377,15,12.232913,693
143,152,9,2.269680,674
78,418,10,4.247358,428
371,153,12,8.738077,1154
39,368,12,10.584755,997
294,230,16,19.849449,282
232,296,20,16.666163,688
149,340,6,14.406220,900
348,261,17,0.367026,654
51,320,8,13.168333,981
420,62,19,11.927001,368
334,362,9,12.716630,513
213,78,6,14.515345,602
87,43,15,5.529109,383
430,192,17,11.425328,175
333,1,6,9.963413,430
92,204,13,0.516260,232
61,277,6,10.048125,310
191,68,15,17.640335,1136
157,20,12,7.184689,433
373,297,11,5.344052,202
19,368,8,8.457388,757
72,81,19,9.811971,703
432,88,8,15.958642,303
325,64,20,19.522069,346
155,357,5,10.687294,601
273,290,17,1.218902,1192
173,10,7,11.179257,424
368,199,18,1.959522,132
164,324,12,4.894486,537
14,167,19,14.319317,792
210,307,18,3.460924,192
142,143,16,15.575566,546
320,60,9,3.757787,747
168,151,16,11.134679,1027
164,346,20,5.765171,1174
369,332,19,3.638757,1082
99,22,16,12.903121,483
18,424,20,1.001636,581
437,320,17,0.163443,695
29,299,19,10.683353,646
73,46,19,13.065255,894
212,104,13,0.083300,307
420,38,7,5.315890,215
423,307,6,17.088163,1042
392,90,5,15.070641,477
95,315,16,4.602256,398
87,421,10,6.353866,147
250,309,6,7.890472,138
214,33,16,19.398758,933
365,407,17,8.486797,1021
101,108,9,12.425491,1120
168,321,13,1.397407,981
316,148,12,8.532825,113
358,323,11,11.841577,483
243,123,17,12.946067,725
75,319,20,17.274681,1074
273,213,18,16.421843,578
411,106,9,7.709875,705
199,334,16,1.568544,837
361,90,19,15.475093,538
274,4,8,7.458260,607
133,194,15,6.565474,457
93,308,19,12.366059,602
428,142,20,4.195372,723
106,62,9,13.154362,152
371,25,13,11.502411,802
374,1,5,8.976022,919
310,117,17,3.192323,832
267,260,11,18.027331,818
103,151,15,18.445014,272
380,21,18,18.752692,596
192,224,6,8.364114,591
138,186,9,1.436443,832
266,40,14,13.245881,886
401,256,15,2.057890,565
141,352,10,14.550015,376
438,72,12,6.042618,449
248,73,6,8.706651,1125
191,237,14,14.070358,1138
327,275,10,5.377046,667
289,102,18,14.285837,1120
348,107,20,17.296937,173
201,333,12,11.091058,908
141,122,19,18.225630,484
147,60,13,8.689042,507
262,389,14,16.365146,436
106,329,18,15.742820,686
309,330,11,4.264688,553
359,427,7,15.537409,968
396,213,17,15.572944,971
85,440,8,9.784596,756
387,325,19,14.360102,642
272,294,10,4.752267,1001
312,422,17,1.842469,423
318,193,17,5.719524,701
173,292,17,6.311012,706
189,443,16,15.489401,158
395,289,11,11.270019,728
120,256,8,3.776017,842
430,398,12,6.696728,1020
22,432,15,18.983969,1012
375,304,6,4.687650,245
13,369,9,1.081246,368
411,173,10,4.754087,809
272,90,9,15.064007,615
173,437,13,13.862282,930
117,215,12,10.677757,1151
94,381,14,10.019268,186
74,224,17,15.233402,262
82,106,14,17.825200,289
139,417,11,5.066222,779
10,183,13,15.438946,105
322,135,14,12.467138,1160
117,91,17,5.694475,1161
389,100,20,18.047610,434
160,40,20,6.269700,587
334,155,5,4.636831,1200
446,332,18,7.933788,946
212,274,16,14.164904,363
192,4,14,16.825023,204
151,396,16,17.431061,998
247,202,19,0.037810,344
58,153,19,11.394623,1200
19,21,5,12.956267,630
95,378,9,15.960881,1168
151,447,5,8.365575,569
178,195,12,13.628870,205
383,39,20,10.205056,760
88,233,15,12.133726,838
46,407,9,6.337340,1145
153,24,19,12.430482,471
307,306,6,13.537017,479
449,182,13,17.126336,810
266,328,15,6.595506,770
357,269,18,10.884224,740
89,15,14,18.820380,538
281,134,6,19.212792,183
151,430,8,13.010652,732
236,43,8,18.907676,492
318,416,19,19.977917,532
97,109,12,17.766631,1137
64,299,5,10.628147,425
447,50,15,6.815851,350
158,191,7,16.567289,790
48,436,18,5.867362,567
421,119,19,2.506785,597
203,17,19,4.536400,904
244,6,7,17.922956,1018
334,182,12,12.514145,1157
401,47,7,13.776074,832
367,249,20,7.815302,871
103,435,19,15.709695,158
325,0,13,17.490057,641
156,7,6,11.787796,333
292,126,16,11.501454,250
258,266,18,18.387552,609
262,409,18,4.506201,209
385,353,15,16.649112,671
286,23,14,2.813158,1124
258,427,15,15.645127,1170
309,21,6,2.737494,375
39,383,15,4.580820,282
314,169,18,16.477652,1064
443,346,19,1.016991,671
407,294,17,10.457758,1103
104,338,16,10.105887,595
81,388,10,5.760136,180
124,266,18,17.479072,101
249,147,20,6.844027,638
374,287,5,19.160961,927
393,249,10,0.581254,1150
250,161,13,7.312291,714
431,442,7,0.516953,480
370,15,10,18.773206,1178
183,400,14,5.269123,248
313,140,7,14.804972,417
298,116,20,9.547829,1189
205,91,7,6.400212,226
289,355,15,18.764951,1154
187,12,12,19.365209,1180
343,24,18,13.997427,555
110,373,9,5.627912,1134
182,406,19,18.896048,100
228,397,14,14.165227,841
214,222,8,3.846996,133
431,175,6,6.427753,294
61,408,11,10.177872,144
145,237,9,17.124640,148
242,376,12,2.149463,1108
252,152,10,4.175006,307
277,92,16,13.768622,320
63,4,5,1.773997,477
162,291,11,16.328258,1071
146,255,8,13.538810,420
349,350,10,8.731568,349
371,359,12,19.021166,320
197,82,15,14.597536,684
217,149,12,0.447533,882
108,3,11,19.608243,937
307,310,13,9.419682,479
214,168,12,18.994635,629
230,195,7,12.164610,836
2,273,17,20.259330,765
216,102,12,15.802655,938
145,9,17,7.847745,750
210,130,7,8.589861,885
217,234,9,10.213420,231
264,168,12,4.400962,840
366,83,19,13.124334,852
190,306,8,16.834906,663
283,184,11,12.001045,623
305,21,19,18.193958,340
353,447,14,5.325097,226
360,410,11,2.985327,221
173,318,13,15.748181,517
53,383,15,1.198204,639
380,349,16,2.214999,1166
198,50,9,12.817797,668
2,212,9,7.736904,303
219,356,15,11.805017,205
222,207,10,16.932252,213
330,219,6,8.580594,824
139,88,12,1.412802,1122
0,327,13,13.055464,918
196,333,11,2.814026,488
33,369,20,0.615232,460
322,234,19,1.404457,990
291,34,7,17.985457,687
184,324,16,15.456821,1059
435,340,11,2.578391,589
89,0,16,16.650020,538
261,76,11,18.763986,110
182,29,18,1.937422,480
142,93,15,14.618724,977
185,26,7,5.510950,1041
86,361,8,6.129713,644
11,37,10,11.559614,319
52,256,15,12.498734,769
109,334,12,18.606202,505
351,436,16,1.480938,392
174,233,20,15.635637,520
355,190,19,14.884040,816
447,358,5,7.702970,1067
261,319,18,2.857025,194
413,353,16,8.680059,1155
85,408,20,3.873716,684
311,156,13,11.929995,907
37,269,5,16.163718,137
156,9,7,15.419683,381
228,75,8,9.901167,605
306,65,16,16.627274,579
423,145,15,16.918091,404
302,315,5,4.974423,834
303,22,18,4.740580,344
231,445,9,5.358661,801
248,239,10,20.231632,874
298,202,12,18.698589,277
183,69,18,1.162115,533
82,58,16,10.090530,518
425,73,19,4.717691,624
286,145,7,3.963188,645
14,275,12,2.533252,762
201,302,10,12.715534,429
84,166,15,19.294153,884
445,294,16,14.009592,174
438,391,8,10.974383,203
26,408,15,19.859374,222
58,180,8,8.884829,103
340,447,6,18.811309,301
87,306,10,5.431211,1127
20,60,11,0.496398,1169
377,246,6,5.756012,1074
442,418,5,11.183525,566
128,191,8,3.174767,429
380,330,6,15.168934,142
226,398,13,0.843817,406
251,377,9,13.807244,1200
148,28,7,2.203357,1088
294,307,7,19.166930,656
32,5,7,9.781286,233
88,412,9,8.013785,490
98,275,8,3.950173,734
69,389,18,12.653109,884
6,2,19,16.943749,235
210,140,12,10.088681,323
260,27,13,19.729299,707
245,333,11,12.901789,1123
81,295,11,4.835252,326
139,382,15,11.140498,474
207,288,20,12.240445,378
338,136,8,11.292830,241
225,227,9,12.039678,219
40,80,7,3.332344,956
23,296,7,17.430669,251
379,246,11,12.645977,471
76,386,14,14.798534,994
251,42,18,18.944778,802
147,67,14,17.718708,964
133,327,16,6.602891,427
160,245,15,15.684787,498
386,36,18,14.002719,1114
242,435,16,16.150285,625
319,352,10,10.338925,798
322,1,19,8.077561,961
262,169,16,17.724185,527
367,255,19,16.856946,903
195,183,7,10.476540,961
442,238,17,14.194889,534
85,161,14,9.549149,386
60,195,8,10.680044,974
61,85,14,12.494204,162
145,79,20,9.713163,181
112,163,8,3.697274,520
434,164,16,7.057075,321
280,224,11,13.932742,221
423,400,5,18.520364,1018
361,48,16,19.875952,495
122,110,15,9.160208,625
59,190,7,6.382865,186
350,183,18,2.720709,205
425,175,16,19.887337,590
16,291,8,5.130552,436
246,11,11,0.301233,475
347,13,7,3.852733,1115
427,409,16,5.786235,340
354,117,9,9.691098,1013
239,36,18,0.338890,808
369,373,8,8.007043,703
57,149,5,16.234194,307
80,141,8,6.947065,1090
322,289,8,12.659011,387
400,69,16,1.510346,318
276,203,17,0.968190,312
380,5,5,2.375176,274
294,434,11,17.442256,287
174,41,11,8.473492,852
347,68,7,13.124859,1091
192,272,8,15.388888,277
119,408,14,6.523420,319
94,156,8,6.685960,278
60,338,16,6.094273,789
437,273,17,4.861186,1159
232,115,13,10.149405,934
445,254,11,1.798117,266
14,85,19,18.462050,1199
116,235,19,16.970152,469
238,29,20,14.594352,420
377,414,19,9.589718,1183
419,445,11,8.670692,843
109,277,6,14.147587,1019
213,37,7,9.745923,1041
148,10,20,15.768640,1072
88,305,13,3.990714,927
379,260,17,8.787558,1117
244,364,8,3.799659,821
350,103,20,4.513774,600
352,401,10,15.091404,784
362,30,15,0.753940,1026
82,66,5,11.255433,545
224,416,17,4.181874,920
385,378,16,18.172355,712
367,190,5,14.781290,208
81,402,16,11.234849,891
139,325,14,3.171341,360
424,12,6,19.471158,623
315,241,16,0.026681,732
366,317,6,11.642833,126
123,239,11,7.564832,413
60,5,12,20.092480,253
89,219,12,5.461207,278
421,68,12,10.961894,819
131,443,9,4.380836,478
251,89,6,12.279614,369
129,334,7,5.980957,1105
327,22,19,7.258635,122
395,106,7,6.329685,677
328,348,16,13.529659,1023
173,410,19,12.386927,1051
41,31,12,20.320975,433
406,206,15,12.599855,563
357,168,14,12.831255,225
65,351,9,8.787929,678
423,346,5,17.665674,318
88,214,6,7.988898,291
412,107,7,10.446809,478
141,415,12,14.647468,936
443,357,20,8.492770,729
104,262,7,0.122353,440
195,262,5,18.642800,1135
406,178,7,17.161276,173
406,445,8,9.098103,936
135,240,12,12.636141,891
11,431,19,18.644021,269
141,386,6,11.867426,629
240,232,8,17.893780,294
56,404,5,18.979259,454
102,247,8,17.092455,199
411,261,8,7.978215,775
105,130,8,1.365933,602
86,60,6,17.000088,996
378,320,18,4.069612,1112
407,193,13,14.224874,423
205,64,15,11.538649,1183
186,400,6,17.825456,668
199,388,12,18.719878,468
192,159,11,14.048208,728
67,159,5,19.991520,320
258,8,17,8.723110,1009
355,96,11,4.798518,790
221,72,8,1.403747,367
193,177,7,9.607069,761
69,158,5,10.470541,879
192,298,9,19.636199,222
97,66,20,4.725081,471
24,315,10,3.722607,1095
3,57,18,18.588155,1103
242,201,10,7.993881,492
162,226,18,20.126185,720
411,200,10,18.175316,435
190,76,11,7.433440,172
158,410,11,9.926578,1171
132,120,17,11.032535,1063
331,364,6,18.900904,1127
281,185,19,11.097299,774
34,0,18,19.501988,291
277,301,9,11.889390,1090
37,337,12,15.508641,451
262,192,11,3.450341,1050
151,292,14,3.008713,970
114,394,15,12.245511,653
367,123,13,17.965458,813
390,44,20,0.560078,262
433,437,18,15.866765,124
198,102,20,16.452208,757
95,379,15,18.333384,795
65,69,20,15.457108,1002
257,141,15,5.684255,102
57,362,18,0.281824,532
59,369,20,20.348337,368
357,401,13,18.593333,215
232,402,10,7.991468,1142
223,365,19,16.354963,132
209,55,11,14.578207,911
57,148,15,18.176558,874
177,436,11,0.532369,489
378,24,9,5.766224,576
43,264,11,17.392101,391
112,159,7,1.020706,358
111,376,7,0.058219,262
151,12,11,16.948213,665
387,236,6,19.327612,702
332,275,5,10.039797,941
230,273,14,10.191935,352
297,268,16,9.996283,719
368,323,7,12.846255,249
432,133,6,16.771593,557
127,61,17,1.101311,859
53,146,5,9.314396,846
278,418,6,10.646641,692
291,153,18,14.990477,487
41,209,14,2.152513,794
125,107,5,9.814151,162
435,153,16,11.233786,998
257,25,17,15.441755,181
265,247,20,14.949089,975
391,83,6,5.128087,1092
379,308,15,11.703662,515
8,171,18,15.373401,770
341,109,13,6.785255,1076
3,434,13,19.165830,1046
353,28,11,6.586236,282
409,22,5,5.622051,319
231,90,8,17.097149,784
390,295,14,11.404198,162
158,277,11,4.412305,282
288,293,17,18.827698,930
136,308,18,3.519690,1149
201,438,20,10.078393,141
437,301,16,7.238340,690
60,421,20,13.094985,386
366,409,7,7.822493,980
347,38,15,8.557260,949
198,111,11,6.651391,192
228,206,8,19.587303,708
229,166,7,2.798832,623
444,283,15,0.037488,541
13,402,9,5.588769,798
441,231,7,2.043370,767
267,48,17,10.966297,709
18,27,12,17.111838,929
448,422,10,19.798331,512
153,427,12,18.506042,752
309,441,8,11.489453,401
431,310,20,1.348545,510
97,398,8,4.183459,1200
295,290,15,2.378887,302
437,254,14,12.091603,967
77,66,5,4.016495,378
385,183,17,11.654503,614
211,389,11,0.251693,570
78,67,19,8.123904,892
123,132,18,6.412445,748
408,82,9,5.438609,357
39,90,17,0.816526,139
248,166,14,12.348398,348
208,110,19,17.548353,428
311,324,15,2.281755,372
229,121,5,17.842938,1013
312,448,12,3.703142,813
334,110,10,9.397049,999
67,71,10,1.065284,664
106,432,17,11.342723,383
108,216,19,5.261700,774
166,117,9,3.891430,939
28,346,16,11.745783,271
133,201,10,6.664184,849
146,138,11,14.358899,434
275,448,8,19.151881,194
220,253,18,0.488737,880
4,115,5,3.664323,389
408,285,7,14.051787,872
273,415,9,7.950569,716
340,66,5,4.300762,829
247,116,19,16.931537,528
446,411,9,5.740942,590
162,211,20,7.051865,707
52,48,19,12.439250,1136
222,361,17,19.047444,255
352,116,12,14.144829,458
1,199,9,5.873752,1075
399,79,18,2.950033,999
324,414,6,5.184598,482
437,283,11,10.912447,920
409,359,20,11.584688,991
306,167,15,20.346578,243
259,395,15,6.041487,1155
160,400,19,17.050154,1156
231,319,18,10.737083,1163
184,68,13,10.360312,422
352,400,9,17.751751,812
223,408,17,11.600052,948
349,14,8,12.347134,564
166,444,15,14.277465,489
221,378,5,15.265446,493
215,325,6,4.979948,647
316,173,6,13.918925,1037
151,449,6,19.567925,632
292,48,19,19.419828,1105
89,205,13,18.226773,880
156,79,16,19.416661,205
142,329,13,7.937603,1187
11,402,8,0.662103,663
404,366,10,5.738569,1132
291,80,20,13.435526,1050
295,31,12,19.578118,910
13,17,14,6.532227,1162
395,158,16,14.532349,576
109,241,5,19.285144,124
3,148,18,18.728474,349
322,130,15,8.157085,1101
353,86,9,17.913999,1049
174,250,13,3.656780,182
269,227,19,3.541137,1031
184,31,10,10.223418,1088
115,359,17,17.994089,220
21,201,18,14.288855,530
225,375,20,7.251623,1134
4,75,12,0.568804,643
348,112,5,0.168162,986
65,15,6,18.281078,931
13,314,9,8.003527,261
176,5,8,20.082457,529
121,285,5,11.129769,546
182,221,7,2.238621,591
222,288,15,17.688098,385
335,90,20,14.677626,642
332,121,9,9.894838,205
88,155,5,0.147448,813
170,227,13,12.938812,402
340,99,11,0.121983,1194
338,337,19,18.300777,1194
280,361,15,9.776332,1078
319,184,14,14.164150,870
176,262,7,11.985012,555
67,218,17,0.274971,1060
87,283,15,12.120542,367
49,223,6,15.409271,773
130,164,8,13.767741,1115
306,250,19,1.193175,412
388,105,9,1.994820,502
108,435,13,0.044966,265
242,231,14,1.240039,214
128,283,7,15.176076,294
219,324,6,3.856003,720
389,141,15,7.000463,448
325,287,13,5.135461,651
307,405,7,9.569506,410
449,83,9,19.576333,1080
153,409,9,17.955881,622
87,329,12,3.814861,1044
330,354,15,10.266636,1161
253,292,9,7.122515,152
26,338,7,6.016052,867
312,202,19,11.274670,935
390,335,16,6.580110,987
99,15,9,10.170401,954
203,301,15,20.461364,640
227,39,10,0.494821,380
282,119,13,18.617961,615
26,48,8,0.287944,864
138,164,10,6.469839,635
171,353,19,16.436905,216
80,176,5,4.604222,393
204,350,9,5.078406,270
227,449,8,5.722478,678
94,428,14,11.704262,208
55,41,16,20.469113,522
167,235,17,11.767154,576
24,309,12,0.557966,634
337,99,6,15.055450,903
214,12,9,11.683795,127
202,319,20,19.492348,852
133,156,8,8.195268,1028
445,13,6,0.433604,1124
222,201,9,12.640812,1183
208,319,18,16.120837,1172
72,339,20,10.381486,881
242,268,15,18.633524,1084
200,315,16,6.835832,380
385,429,13,15.227064,1132
26,325,17,10.920186,758
311,239,19,5.428825,131
248,185,7,14.146276,1116
216,275,17,8.971536,906
72,47,12,11.617594,556
416,57,7,5.197304,858
442,290,8,6.848445,889
440,432,5,8.224999,1115
293,76,15,0.935529,1079
171,414,12,9.748070,622
325,25,8,9.821692,749
193,123,15,5.443825,821
95,164,9,20.199003,1135
354,204,14,2.706881,157
101,63,11,19.637690,1136
187,134,7,14.314818,524
346,421,15,4.934072,789
307,319,5,1.856409,733
188,7,17,11.827333,267
11,116,12,12.796708,287
268,288,9,15.996656,204
259,221,5,2.632971,699
439,45,10,11.420646,1130
63,421,19,18.057517,589
50,369,19,17.444714,622
161,135,9,12.287444,1082
278,381,10,12.968585,488
338,164,8,0.165285,1013
34,211,17,16.314666,946
16,6,14,4.196396,200
249,309,16,3.165266,564
328,338,14,20.169798,1002
407,156,16,11.430914,525
116,283,15,2.217681,1171
224,271,5,15.220892,868
192,372,5,2.713399,635
253,34,14,17.187756,1086
258,291,12,2.483446,798
188,223,16,12.506098,873
335,21,7,12.511999,436
139,103,14,1.450330,587
331,190,11,17.780270,735
331,98,20,10.992460,162
18,80,7,11.341008,1032
27,184,7,5.558507,355
6,83,17,13.589946,495
310,294,20,8.238796,416
57,133,6,0.897972,1126
85,427,18,16.328198,722
48,375,12,6.244372,637
237,443,11,8.592497,333
345,359,18,2.951317,1031
382,221,5,18.796057,515
354,321,13,2.905527,1115
395,381,5,15.075522,659
143,321,9,17.242764,1093
437,174,15,11.531204,284
229,169,10,7.039700,996
326,340,7,0.121909,617
367,5,11,12.337169,896
260,350,5,16.907337,111
288,78,16,7.566394,709
292,133,13,6.517997,1187
389,268,17,14.308896,936
449,100,8,4.176063,1059
283,368,16,14.578166,746
275,232,20,19.345497,242
286,197,18,17.911799,580
221,325,11,19.734924,1010
368,347,9,0.274330,1079
362,53,11,13.151513,660
77,346,11,8.832228,1123
183,423,10,16.225416,929
327,109,17,7.676426,201
197,0,7,3.343290,1195
359,213,13,3.481083,1077
273,29,16,19.419544,216
145,393,14,4.472134,1099
112,44,17,0.318014,389
372,126,12,18.176962,498
52,170,15,4.428336,681
416,195,19,8.095738,333
43,441,9,9.001267,793
71,55,13,16.995154,188
301,386,14,7.378361,514
428,227,15,0.900809,318
425,263,13,19.859007,993
168,427,14,7.113077,704
58,28,13,13.370006,1131
239,89,20,3.278735,1012
89,440,17,12.937940,601
172,128,15,16.471006,950
82,140,18,11.787193,1195
382,312,10,3.712036,141
263,172,19,4.951063,523
259,198,6,17.859306,594
108,369,18,1.311164,131
115,269,20,18.223072,653
180,421,8,14.987142,183
160,209,14,12.897910,510
147,408,19,13.616552,697
8,378,19,3.186516,1007
102,323,16,12.246185,635
312,385,20,0.830813,867
318,253,8,6.040399,862
193,428,20,7.546412,983
164,177,14,3.743090,307
448,365,14,2.267620,979
252,222,13,11.483936,751
424,337,8,15.769897,605
378,301,11,18.027371,1130
360,50,16,12.566526,336
276,17,13,1.107961,613
141,60,7,10.754265,985
311,201,10,8.219156,1188
384,323,12,1.440177,955
52,241,14,14.333091,746
199,178,5,1.512400,694
199,406,13,13.197366,913
225,321,15,9.588381,676
198,251,14,12.227269,138
323,433,15,17.430463,592
378,442,9,2.030218,1123
211,373,7,16.239580,487
429,0,19,1.087553,716
102,192,11,8.871410,1115
306,449,10,2.100595,832
394,253,11,18.204329,223
32,155,8,14.779683,237
174,345,11,7.425410,690
13,286,13,14.829226,981
163,274,5,13.603763,387
415,203,6,11.632800,471
259,39,13,2.411567,282
234,350,12,8.128205,672
179,325,10,18.556899,329
173,198,9,7.798478,1036
41,140,20,5.344012,349
338,339,9,11.233045,589
336,57,7,15.943895,254
198,4,13,2.477677,629
27,360,12,14.479455,1063
419,259,7,9.351741,1158
312,166,12,12.927563,1120
340,252,8,3.547058,593
88,317,19,9.845376,1042
13,254,5,7.803724,1154
39,107,16,20.415889,1088
444,441,18,6.099997,1102
235,25,17,19.744372,189
133,422,10,15.016575,1039
262,66,16,17.627364,1021
230,182,18,1.829375,366
171,86,17,13.123273,1137
139,211,19,7.946121,304
340,321,6,14.362065,574
28,187,11,12.108819,662
176,41,8,0.059269,911
82,407,11,4.464564,651
96,75,8,16.520030,195
97,197,8,18.570824,1123
445,156,10,19.819382,942
49,193,11,10.484959,328
0,280,7,8.456023,1161
1,417,11,10.566573,1075
319,168,15,4.144037,116
26,332,5,6.021594,254
59,364,9,2.381248,686
295,268,20,17.646663,678
255,46,17,8.897148,221
37,140,14,2.478835,558
377,278,17,1.604006,567
79,97,10,10.728271,1050
307,71,6,16.618580,931
170,129,15,19.622822,330
80,232,18,9.338397,1099
260,445,7,13.004868,669
90,304,7,14.035558,281
132,146,6,19.310011,399
286,200,18,2.469936,380
14,1,18,17.649142,277
108,29,20,11.264442,527
103,184,9,19.942426,998
135,219,19,0.608624,958
82,55,5,18.251424,284
219,205,10,16.497025,350
33,358,17,6.180085,800
198,44,14,14.819415,1037
198,384,11,19.127524,424
44,133,6,6.783236,282
397,359,7,2.270739,393
312,357,5,13.141631,160
22,438,16,8.105781,139
183,292,10,19.116493,893
51,154,19,18.648287,657
39,210,11,19.573716,853
325,51,10,2.004664,281
192,425,19,17.320056,472
137,250,9,16.911555,473
250,38,6,2.307407,1115
393,404,9,4.733395,446
346,213,8,10.760621,689
76,229,7,4.353407,661
47,408,15,13.927997,306
129,329,10,13.947713,281
161,101,15,8.622819,970
418,60,12,18.465086,1140
93,237,14,3.983834,104
90,202,12,17.727889,546
202,115,12,4.697919,441
229,22,5,16.803182,169
429,81,12,16.113336,961
397,174,12,13.207155,614
296,198,16,19.890509,821
388,421,6,4.055458,1071
422,258,11,0.537643,429
265,432,20,13.443875,419
101,363,17,13.025994,388
413,199,12,14.579756,1020
35,316,17,2.568197,364
285,6,12,6.857166,508
202,200,17,20.290700,943
319,148,18,19.018228,574
326,148,7,18.842117,183
165,13,14,8.863946,422
133,125,9,0.019944,461
310,26,13,17.395808,683
305,426,6,15.957425,261
334,128,9,2.491006,1074
121,236,16,2.219431,842
131,216,8,5.402670,930
101,88,9,16.882715,441
268,261,12,2.708306,1194
253,343,9,3.803893,868
209,57,15,16.685463,704
61,267,10,1.733135,1022
138,184,18,17.922638,436
410,106,15,12.646066,110
74,354,14,5.777897,953
168,258,18,18.149178,529
252,56,12,6.599944,190
312,53,12,20.111983,1052
236,424,8,0.929390,106
259,208,8,10.376942,747
157,257,16,3.328319,125
17,49,19,2.514567,779
362,133,8,6.463806,509
358,76,19,17.987185,502
210,269,15,6.813909,836
46,443,16,6.430375,887
251,138,15,6.549879,623
110,309,19,7.358345,593
358,126,11,6.641991,908
435,360,7,19.810558,973
426,163,13,1.295462,471
282,121,15,19.584475,164
266,295,11,0.263786,1105
166,64,9,13.705428,1114
388,60,7,11.108881,217
269,349,20,20.178937,981
262,296,20,10.662571,499
296,142,19,2.933089,301
414,20,5,10.668005,711
388,97,6,3.876897,325
16,215,7,2.207743,513
350,361,17,14.810541,864
261,296,17,4.045995,179
8,10,7,8.153745,613
39,142,7,11.302727,162
422,130,8,3.013470,1037
24,355,10,13.731615,189
339,431,17,9.372643,689
206,404,18,17.401561,303
116,392,12,1.332060,937
130,407,10,9.436227,899
388,425,20,8.988990,518
57,214,8,12.313953,449
88,287,9,16.610402,234
243,176,20,15.724267,220
304,148,11,1.616035,1164
62,392,12,7.007711,898
410,445,8,8.968784,898
250,72,15,9.696333,410
108,28,8,8.361890,413
166,275,12,6.692995,314
6,55,20,8.996987,1023
18,183,17,13.403508,582
419,81,7,19.937765,183
386,125,13,6.692627,491
405,200,19,19.134564,817
14,272,14,0.123814,381
140,325,7,14.022185,721
372,400,15,6.046892,928
225,401,5,7.315152,981
151,248,15,10.873622,218
349,245,12,7.893958,560
0,272,7,10.034377,1185
189,130,7,15.859247,255
298,287,12,8.645297,768
20,370,6,14.733835,202
182,391,11,4.023381,584
238,438,13,1.100121,1020
110,391,13,20.110546,1069
235,348,17,16.548548,590
85,147,20,9.132247,444
96,251,8,3.345198,1161
217,16,19,6.379055,1107
202,131,18,18.353937,528
150,15,18,6.978271,430
433,101,16,11.689276,488
57,35,14,11.968536,539
426,427,17,14.734310,518
263,412,8,17.920094,563
33,328,9,12.131604,1157
416,80,9,2.702016,1046
93,172,5,14.801686,908
262,16,10,6.337091,414
271,146,16,16.915617,152
246,165,11,20.124813,926
417,49,16,17.386179,901
130,92,19,4.912496,876
225,246,5,3.115938,931
78,126,10,11.245926,1011
41,443,9,13.193225,1062
399,382,9,4.397258,1083
422,395,14,5.744234,545
383,130,7,5.369434,178
190,205,14,12.251246,944
246,215,17,4.491199,1161
81,254,8,16.844520,186
126,441,11,0.199014,771
109,122,12,16.565815,656
55,203,20,0.960368,859
399,254,12,6.119100,215
241,116,11,7.968007,874
292,325,5,19.567109,898
334,284,19,10.018633,655
65,110,5,16.774249,843
7,178,8,0.148729,789
217,187,5,3.826837,368
35,310,8,15.374432,1171
34,193,14,15.856988,406
138,230,18,18.622295,1000
341,55,7,5.556015,752
358,301,9,7.004666,235
58,83,6,6.933323,666
104,138,10,11.899328,592
240,122,9,7.090963,1020
14,131,13,10.528422,193
446,93,18,16.693465,1110
427,247,20,14.630860,149
29,15,17,12.909547,503
388,195,12,10.288525,1159
298,290,10,20.064125,971
368,396,10,2.417573,922
5,181,16,16.903841,476
4,204,10,1.269395,1175
192,71,13,6.505602,368
28,367,19,17.380941,921
358,321,9,0.868789,754
294,184,11,9.792538,171
192,435,7,20.461849,1037
431,318,13,10.686825,456
416,449,8,3.333561,164
54,25,12,11.167719,603
133,351,15,19.288745,1122
330,305,10,4.161598,229
54,262,15,5.866707,240
435,132,11,13.683597,786
238,172,6,11.691355,100
173,247,16,0.557641,758
209,394,17,9.636853,344
41,109,13,7.662960,1055
354,123,6,18.245104,389
401,187,13,1.731365,934
342,181,16,1.496024,231
173,415,14,6.653681,142
318,335,16,18.740497,141
246,146,20,0.076634,172
167,104,10,12.660591,291
269,230,20,2.004535,431
227,240,6,13.687407,1198
249,140,12,7.435816,471
56,133,19,2.347405,306
437,205,12,8.249763,365
59,58,19,4.141307,877
401,5,18,1.712935,1149
112,186,18,9.511158,607
226,162,13,10.373303,225
49,278,7,1.303485,876
145,218,14,9.571569,271
368,404,15,6.084258,243
276,425,7,3.420436,699
432,110,9,4.111832,1018
132,271,20,5.198563,1080
407,132,9,17.554782,949
218,449,18,2.127441,812
331,63,8,19.006001,765
338,410,12,16.564359,915
342,161,14,9.816760,708
168,409,20,6.305467,753
269,182,10,5.126149,1116
19,38,8,18.238978,832
333,122,16,6.081817,1134
109,291,19,19.952100,155
31,321,16,11.805055,473
215,66,7,11.801816,158
270,266,10,9.605100,698
78,330,12,20.229198,725
382,292,9,16.506204,1088
307,115,9,15.651429,428
377,79,7,8.764679,527
76,201,18,6.477878,1116
138,50,8,18.743112,969
221,23,14,18.833216,1151
153,338,19,11.454220,546
435,421,14,14.293235,998
254,310,15,12.767181,848
198,160,6,3.405817,653
269,81,15,9.333421,386
372,75,7,12.578923,733
228,142,9,3.442848,417
301,396,17,11.533082,936
116,241,5,5.549367,222
51,308,19,12.236465,565
336,272,15,13.806515,718
187,354,12,0.546034,254
158,320,14,1.459797,758
167,76,15,5.891639,1187
69,268,17,9.883945,990
409,422,17,10.394804,686
446,36,16,1.485493,641
212,402,11,4.279003,220
91,388,5,7.851119,701
182,52,7,1.838729,988
139,31,9,4.724269,647
90,350,17,18.928223,1070
120,50,13,11.380297,331
143,127,10,1.553505,1031
217,226,16,1.023403,384
91,184,20,7.802505,130
367,131,19,2.359805,934
135,16,18,19.915756,259
235,98,12,19.915111,384
52,335,11,0.373858,998
277,337,12,0.711243,664
94,432,5,5.001487,659
199,19,10,10.864576,328
298,91,19,17.131692,743
7,3,7,0.019973,161
120,318,17,11.030859,762
48,190,13,1.398560,159
287,184,12,9.013624,228
6,316,19,18.039815,716
354,429,5,6.635814,197
117,172,13,7.885207,351
377,437,10,12.239884,350
347,53,8,12.249853,987
120,268,15,0.813622,412
321,199,8,17.571961,1107
430,137,16,0.519412,302
378,37,16,1.287615,159
223,423,6,9.778563,1053
277,429,5,18.197975,227
128,44,8,18.844779,1067
319,424,15,12.189384,1069
149,295,19,17.553344,1063
75,105,17,9.438855,935
76,379,14,4.593623,993
432,81,15,16.742543,689
76,129,17,6.714449,692
37,277,5,3.357240,657
388,28,9,6.326331,1114
323,57,16,8.461598,112
224,445,16,20.189708,147
333,427,12,18.320902,1043
31,258,8,4.672884,311
100,3,9,17.724727,838
247,445,8,3.618705,420
122,345,14,12.524552,469
41,350,16,10.804788,291
420,60,16,19.512934,276
47,258,8,6.508202,218
229,163,10,1.307262,555
158,361,11,1.709249,1040
112,432,8,16.666572,852
203,170,11,5.055042,994
63,159,9,3.348514,145
415,264,13,1.760482,396
422,11,19,7.658596,529
192,79,10,4.323038,593
380,428,8,7.158722,810
218,145,18,0.245960,823
156,282,6,3.874921,660
345,235,9,16.110868,1138
149,374,11,8.968685,870
178,154,9,5.318752,1105
175,168,15,5.311125,1047
77,366,9,7.830266,671
236,138,18,2.103435,953
7,204,10,9.026353,680
379,328,9,15.303330,419
380,350,17,3.259243,680
2,226,10,4.612683,578
65,432,10,7.456002,595
185,56,14,10.732113,1094
95,83,13,6.327672,705
265,93,12,16.668658,895
252,257,11,19.656312,642
168,51,5,10.371240,726
231,91,15,13.913089,1091
130,24,16,19.913353,324
247,129,6,18.052455,247
162,362,17,5.979004,373
166,62,11,12.040224,1161
218,190,15,5.712603,801
381,163,9,2.535534,696
99,438,18,7.804146,1008
279,350,9,15.725084,920
217,146,10,0.955435,766
42,92,12,14.354105,1112
174,9,10,10.572885,511
291,191,13,3.852998,1103
307,114,15,18.577415,1175
376,314,8,16.977029,523
416,355,15,9.553738,914
321,154,13,7.740883,512
243,208,7,18.782809,537
312,393,17,1.665172,1009
187,399,5,8.298285,940
446,205,19,15.759726,654
235,425,15,15.571101,378
27,352,8,20.290736,431
291,381,20,17.788282,876
16,185,17,1.356476,1071
421,308,10,4.945216,689
283,410,9,4.877716,432
446,375,6,10.333950,650
425,133,5,14.095202,635
94,66,8,12.414863,984
158,201,7,7.380099,1037
308,2,19,6.543246,477
71,39,7,20.463003,575
57,274,6,8.756408,858
234,409,11,17.607041,796
235,397,20,16.625983,883
210,89,16,14.259508,403
96,58,18,0.301255,363
265,385,8,17.961005,472
263,0,5,18.612480,941
100,236,11,6.261596,1156
208,93,14,16.961768,640
298,230,11,2.416188,710
241,203,14,8.772851,593
223,432,14,10.565766,431
429,230,10,13.937704,203
235,107,15,11.236498,139
67,448,18,2.736916,704
35,36,16,0.489522,370
225,114,14,18.395347,236
59,204,8,9.990422,132
271,302,17,2.634819,325
365,349,18,2.541654,386
327,434,17,8.387409,997
393,228,8,18.286210,669
444,293,20,1.907132,1131
45,237,8,7.777796,566
430,388,14,20.434092,155
394,324,5,12.049795,604
426,195,12,18.933885,1065
248,123,20,10.300171,789
217,365,7,5.968771,822
145,333,13,7.166319,1048
303,112,7,16.830642,774
113,360,20,1.158378,354
308,196,11,9.665578,883
195,402,9,17.581233,269
215,167,19,19.668685,144
280,257,10,7.834851,661
282,347,17,14.781255,1085
92,322,20,7.140806,485
150,348,15,18.184103,635
218,375,17,19.867755,851
338,45,12,13.410560,388
363,320,15,12.593282,651
172,222,15,13.194409,919
148,353,7,15.396955,362
149,299,19,18.892652,513
373,426,14,0.537167,167
317,80,16,16.479728,748
306,280,6,9.767735,757
188,400,11,1.481852,660
250,60,5,13.865506,750
130,240,13,6.703468,116
255,207,7,3.919067,960
142,324,13,5.505311,1105
245,312,13,2.515441,268
229,427,5,20.474813,216
448,333,7,12.943926,1135
287,356,8,9.743499,103
225,357,14,3.347020,1127
0,26,20,7.725787,612
199,14,13,3.245391,510
12,208,19,9.947401,1140
42,312,18,12.198887,292
188,122,19,10.861101,246
290,278,6,4.264014,876
398,237,15,14.490247,719
12,367,15,13.660100,1167
92,58,12,1.731850,226
337,278,16,3.463136,755
130,220,7,9.711937,1200
251,195,10,13.144973,322
300,69,17,6.054541,423
158,437,9,16.442059,264
106,202,17,5.186240,932
445,129,8,15.755862,144
69,83,20,5.401683,232
82,259,15,15.802780,1092
145,240,17,3.905178,547
301,229,6,4.552169,762
51,179,18,3.188472,789
105,395,5,14.631585,817
393,161,18,4.114148,962
23,392,10,6.077716,318
176,399,8,2.034942,943
80,375,19,4.856284,123
397,85,5,16.459315,1118
309,298,12,12.914064,561
113,107,9,10.456643,413
139,56,11,20.211019,623
386,377,10,15.978495,861
206,301,12,4.719132,1193
370,307,12,3.083024,898
223,120,9,7.014325,180
263,290,11,2.900676,1108
102,316,15,16.045718,1159
424,307,15,16.578395,530
306,54,6,7.115123,617
198,381,8,14.098746,821
440,41,15,10.784247,1103
446,79,9,7.836645,745
107,312,9,16.994219,169
30,268,12,18.024335,549
270,222,15,8.085657,711
79,351,6,8.590281,236
330,64,8,1.935997,865
363,293,7,12.698925,742
379,202,11,0.205477,1177
145,112,5,13.873678,883
39,104,17,6.301896,673
409,362,7,19.107380,1195
235,29,15,0.362723,1160
342,377,7,16.933678,278
148,349,16,6.030862,281
329,418,6,1.162723,181
432,8,9,18.172594,616
401,204,14,3.171649,476
129,290,12,17.535194,274
416,29,18,6.636056,398
423,52,16,18.651861,606
316,339,16,14.121585,178
23,128,6,2.775182,1059
252,442,15,5.534585,1173
172,35,18,18.140676,867
4,427,9,2.439054,1005
211,44,12,16.813705,1168
161,425,16,1.059859,404
140,3,13,15.214116,980
151,165,19,13.159273,545
96,265,14,4.848684,900
333,148,18,6.136251,1129
353,106,14,4.561173,215
249,273,10,10.054848,965
200,360,19,13.720466,535
377,284,20,11.807952,446
40,434,13,1.218700,145
37,396,14,11.551120,802
355,44,18,12.686633,380
204,397,12,8.152639,1055
65,423,5,1.006812,762
297,151,16,10.166869,303
94,291,6,1.948539,372
32,70,11,9.985294,784
236,185,6,10.112475,1035
196,81,10,6.310372,1192
301,77,20,18.929637,967
100,290,5,1.335341,831
144,150,17,4.104993,987
322,443,9,0.917226,907
269,291,20,17.332108,1164
105,133,18,16.039771,773
344,76,14,20.168624,197
443,278,17,6.519974,407
373,291,8,7.786147,154
299,330,20,19.705822,116
382,243,11,6.257265,1198
119,61,15,17.925081,1111
163,143,12,5.129490,1144
304,282,8,15.493784,660
78,170,18,11.221702,421
163,399,16,1.823912,672
260,26,17,14.321240,150
129,144,10,5.418470,885
440,321,16,1.581483,405
364,285,9,12.080049,999
442,357,11,2.455519,1047
208,20,5,3.056378,341
439,350,16,9.223294,1117
298,252,10,2.447192,164
350,70,10,5.757682,306
201,24,19,2.461822,973
279,216,15,16.881262,739
314,433,6,12.010434,859
96,154,13,9.661531,838
310,292,13,19.440733,832
226,237,14,0.142811,257
290,422,13,0.398611,794
316,106,9,14.120914,512
102,92,8,5.184732,668
335,64,18,5.095851,1140
166,172,16,11.877589,1172
154,349,13,5.166568,404
397,38,10,13.678591,523
421,16,8,14.469010,505
302,84,14,16.851639,1175
10,123,19,4.754899,324
295,226,17,7.180558,1074
121,150,13,17.438711,660
124,447,8,2.262646,464
305,153,16,9.398172,1149
85,84,9,2.119090,563
136,46,5,10.454332,1162
355,120,16,3.982255,561
413,252,20,19.722678,319
323,291,20,4.078496,891
299,258,11,9.571086,627
15,305,16,4.770859,408
176,435,20,2.194932,250
114,222,12,3.912495,942
373,20,11,19.694902,1045
255,326,18,7.309318,219
412,306,14,14.900916,694
117,361,19,11.918378,594
336,90,7,0.648699,356
429,72,13,7.230543,530
109,114,14,7.055053,1026
123,223,20,4.562519,985
91,153,14,2.208657,389
312,187,19,10.334521,1011
403,336,16,14.899705,209
115,187,12,19.783305,410
308,334,7,5.645815,1151
176,72,14,7.713043,682
59,93,7,15.345996,595
434,249,18,7.454918,354
323,239,7,16.947505,1087
147,59,8,14.283364,1114
420,234,12,17.619994,1021
151,156,20,7.807133,988
94,113,20,8.331546,575
12,213,7,19.661775,927
422,88,17,2.023992,116
393,315,5,19.777821,1191
96,350,19,13.124823,352
12,70,9,16.990884,730
392,449,18,2.440504,484
104,127,8,15.372361,547
268,153,18,11.974152,559
102,66,14,11.193909,646
339,148,12,0.180921,542
150,46,11,5.991459,923
111,408,13,0.249998,114
90,433,9,0.372956,750
341,283,7,9.631810,424
243,209,19,17.401260,570
98,445,5,7.747426,343
262,329,16,4.322813,376
184,326,13,13.413328,993
224,281,16,3.343824,996
264,417,10,8.492137,807
67,240,14,16.738656,868
106,67,8,17.173536,782
88,400,6,8.578453,623
191,374,11,20.477816,802
122,270,11,15.311441,151
449,275,13,2.030887,655
414,74,6,19.665043,734
351,191,6,7.962433,434
221,96,19,9.101219,982
345,133,17,1.410421,750
364,72,11,3.387422,335
449,19,20,1.672051,346
2,223,16,5.584441,629
31,81,20,14.245775,996
66,402,8,8.094755,1029
6,82,20,6.949322,949
31,177,10,0.707118,509
348,312,20,2.620992,1065
98,187,7,0.218194,1045
231,147,8,19.210958,111
185,424,17,11.286004,847
234,266,13,0.140899,158
39,412,13,7.367811,586
165,326,17,13.124679,690
387,114,10,12.310107,1196
154,240,15,17.259902,459
110,21,14,18.888308,1048
406,93,6,13.301379,663
394,204,17,1.234350,719
131,37,12,1.529501,488
214,120,6,13.925339,1162
19,177,8,0.030919,441
336,392,15,13.477748,234
267,140,15,15.506219,951
368,418,16,12.487012,120
61,152,13,9.014411,163
343,83,12,7.886686,149
147,412,6,9.785709,541
436,294,7,13.904106,718
204,292,8,8.546598,402
259,364,7,13.850477,530
161,119,11,8.231182,780
370,0,7,4.636344,994
360,173,20,18.295925,1163
366,436,9,9.717923,236
204,187,20,3.522952,378
262,307,8,2.247502,287
332,199,18,19.839192,549
111,232,20,12.769601,1103
444,306,20,10.241963,867
299,366,8,0.284732,955
218,274,15,10.814964,1157
168,174,20,10.151951,243
270,416,11,3.066306,355
210,44,19,1.163862,1001
126,211,20,2.330322,1176
173,211,9,8.258435,139
290,374,16,12.428070,917
295,237,8,11.974720,315
189,434,16,4.386909,563
407,249,11,3.105544,902
349,277,12,12.441894,381
238,23,10,11.754002,204
8,174,11,12.119324,120
34,360,9,17.877482,958
373,369,13,17.238465,116
306,112,9,9.806953,288
60,77,16,11.174750,552
365,398,18,15.523097,608
416,234,15,3.656009,957
37,183,9,14.440790,611
366,267,15,6.013025,906
405,138,10,8.027919,228
26,221,7,9.177760,634
344,25,5,2.140480,627
30,96,7,14.245931,1032
420,243,17,4.250509,773
50,86,6,12.102035,1097
181,11,16,7.573092,987
435,429,6,11.909920,583
65,431,14,9.656062,346
422,150,8,16.499089,1158
307,78,14,2.279319,813
331,395,8,5.302412,236
111,72,14,19.832837,623
28,16,18,0.787889,1119
160,186,13,9.670753,664
414,3,15,14.534568,1157
362,234,15,12.924579,755
231,172,6,9.310703,731
226,44,11,0.447257,171
201,213,8,14.616313,1041
337,370,18,13.911452,443
180,25,6,18.792861,377
266,14,5,3.178136,128
239,268,19,2.355617,1140
278,9,14,3.830652,550
282,43,12,8.563532,1139
359,14,15,11.939511,675
158,325,5,0.519574,1190
316,228,13,0.456301,709
198,320,20,3.018480,1182
176,256,17,18.655328,1004
21,144,19,14.712381,865
88,265,8,17.761018,456
284,135,13,8.028092,394
439,436,8,5.247120,221
367,391,6,18.817236,171
12,422,8,9.195650,1093
170,393,9,13.377497,618
436,62,18,5.743266,1011
304,434,8,13.071588,332
282,196,12,5.362390,605
390,368,5,19.365483,335
437,45,15,6.157153,197
197,415,12,10.595364,379
289,89,13,19.959749,780
316,181,14,7.403949,459
269,245,9,18.735424,323
417,96,19,14.786188,126
327,335,13,0.048182,643
305,31,6,11.245732,502
328,189,5,14.437930,515
245,69,20,19.246644,311
390,445,16,2.464085,963
426,129,19,2.395664,487
392,364,16,0.350550,832
158,350,10,9.493944,1111
25,292,20,9.047889,327
121,339,18,7.320612,1088
268,13,7,2.444612,335
82,351,8,2.415384,545
65,61,8,11.970841,1170
403,8,11,4.572403,1046
374,421,14,9.555657,283
347,422,12,15.797286,217
359,241,14,13.129925,122
144,398,16,7.733960,570
16,382,8,12.695435,608
348,365,11,5.295073,832
378,153,8,10.506327,130
229,359,7,15.492123,679
66,42,9,10.788179,1045
286,212,16,8.175233,460
406,217,8,17.849384,636
211,130,7,7.760643,827
243,292,11,18.965129,1101
363,378,8,11.358984,1136
128,318,19,18.856311,704
295,398,17,19.878660,550
294,119,7,16.489374,458
425,44,12,20.037717,764
185,49,11,18.944571,430
232,288,9,18.778261,1057
166,196,16,9.719767,487
305,430,9,18.767996,774
143,299,17,0.837205,684
167,408,11,16.903696,483
331,117,7,18.373941,415
280,395,20,2.214704,221
238,129,8,5.712744,307
143,285,16,14.970886,1064
291,421,10,12.190482,889
152,343,13,1.181315,858
373,429,7,12.894033,953
41,121,20,9.727059,100
71,117,20,6.944517,1125
324,78,11,17.147115,848
228,35,6,11.714180,764
397,255,5,14.133981,1090
59,28,16,11.183340,378
435,379,10,11.359866,431
310,31,19,10.307313,621
56,383,18,18.984755,1146
300,197,16,10.006286,780
30,394,16,10.334586,1121
122,103,17,9.003387,583
394,408,5,10.579939,116
352,232,7,16.368524,325
369,163,7,19.413555,297
335,168,7,16.167990,1103
282,118,6,2.411489,493
226,253,15,0.107954,775
155,221,17,15.429272,845
321,23,14,19.218152,821
27,64,5,11.447841,932
251,376,16,13.581287,1062
369,324,20,1.132363,395
268,271,10,16.249653,917
1,88,14,13.203317,357
387,183,8,1.896851,881
427,64,6,20.038756,988
327,368,5,4.696946,555
344,379,12,16.659492,277
206,246,15,2.835922,993
279,202,12,19.725208,563
375,432,10,13.864092,982
107,158,5,19.050396,896
16,431,14,1.622273,852
435,27,10,6.498836,206
168,27,14,16.387685,804
127,226,7,5.038064,1180
132,409,11,1.041774,378
111,80,15,10.928409,318
375,395,14,6.639068,374
218,141,20,13.287650,192
50,406,8,12.622807,211
295,140,12,8.133041,293
232,161,18,17.199213,480
87,349,5,17.289632,391
25,218,15,12.704076,736
204,108,10,9.408101,292
147,80,19,17.666202,927
2,372,20,15.639914,760
204,318,7,3.633495,553
416,366,5,7.669259,840
239,397,13,14.912202,369
206,109,13,18.675394,833
82,251,6,4.603402,649
157,104,11,4.462083,1175
216,431,11,19.626423,642
372,129,18,16.684242,413
268,209,20,0.396272,691
95,31,8,2.611516,937
226,53,10,4.115919,220
268,97,15,6.976397,1042
307,174,13,5.961766,202
211,293,10,9.015037,257
361,403,5,20.127305,165
344,343,6,8.923808,317
4,68,20,5.831395,636
288,60,13,3.705383,851
207,60,5,2.063852,1177
322,57,17,16.016892,861
165,229,11,9.536576,492
8,282,16,5.373901,894
192,423,17,19.345758,209
90,54,17,16.486115,504
369,148,5,8.835846,1028
359,312,15,11.198638,1109
445,394,5,4.332057,121
199,431,12,5.635076,329
326,115,5,7.550720,198
90,128,5,17.334981,503
401,83,13,6.397878,523
340,5,20,10.145475,477
232,435,8,5.767178,1048
347,74,18,5.795075,1187
199,128,11,18.107902,665
180,6,8,18.460139,1148
441,274,7,4.567578,613
26,113,16,19.495454,442
304,109,14,15.538311,599
363,5,8,14.057231,651
311,61,17,13.315801,758
204,380,20,19.332991,542
300,5,10,7.377206,705
367,153,17,14.333350,1104
3,118,5,9.747596,587
55,426,18,7.305870,1034
229,410,11,16.320788,709
261,292,15,12.529532,161
199,112,19,9.318862,316
400,40,11,7.043791,368
381,447,5,8.345685,1091
184,440,15,2.660300,118
327,38,18,19.218915,610
157,393,6,2.098256,703
118,214,7,19.725690,808
162,352,13,11.584751,812
408,253,6,12.934501,754
149,412,20,6.365052,645
261,10,16,14.768289,910
271,334,11,5.482490,294
346,205,5,19.651996,618
216,89,18,0.255781,930
330,317,16,14.150959,162
441,69,7,15.398993,396
237,98,13,3.751420,109
248,352,15,0.555881,739
250,415,17,11.932866,1199
92,387,18,3.919752,983
422,174,20,12.803524,600
283,193,12,6.222854,1112
61,129,11,7.767372,709
2,79,13,11.195516,1083
407,449,6,5.207782,466
268,369,19,0.972532,259
277,22,9,8.734556,190
336,380,16,11.502172,279
97,134,10,5.643356,228
175,143,15,3.858003,294
92,218,17,3.349832,411
88,126,8,12.171369,332
363,219,9,10.983918,800
146,392,19,3.378036,542
147,88,18,15.075847,615
271,110,8,5.417355,730
239,158,6,6.128153,477
146,436,16,2.118086,504
75,49,9,6.634818,165
109,433,16,0.303003,785
230,278,11,19.404536,1183
167,321,10,11.852991,428
324,379,19,13.790981,587
339,159,6,16.783848,1192
192,356,18,5.633718,345
161,378,5,7.258615,467
430,437,5,15.451178,928
263,237,9,20.247354,533
1,48,15,12.848434,1027
127,161,17,17.432364,1024
229,8,15,1.115908,514
393,259,17,3.377943,478
403,130,17,3.893361,839
96,357,9,0.883671,745
417,243,17,4.639850,1123
357,386,18,15.090661,787
67,394,14,8.120351,859
443,267,11,9.477525,1109
117,23,7,14.587047,583
432,282,6,3.166957,473
340,18,12,11.819477,1164
70,389,16,6.423194,798
231,66,5,2.574613,1180
15,332,13,12.026111,975
361,351,16,17.428960,563
29,72,14,10.067267,630
269,235,12,12.872758,1163
57,322,18,4.426123,224
330,249,14,13.260601,1186
95,346,16,10.131294,1171
351,332,8,8.364762,271
284,75,15,13.155047,326
70,377,6,16.088979,257
25,394,10,15.849134,816
106,107,11,2.231501,124
165,120,10,15.743883,1087
177,222,17,13.997684,966
207,108,14,3.174445,821
7,61,14,7.363738,213
212,175,16,9.353252,680
384,309,15,17.153349,300
264,393,13,11.942728,349
115,298,19,11.446334,1085
178,387,5,3.946518,486
60,56,12,3.780658,1146
64,249,10,1.000152,826
112,75,16,10.870520,855
359,158,11,5.944175,1024
349,270,18,8.742487,500
207,2,6,12.706507,1008
144,380,7,5.160977,772
231,396,7,2.644779,680
426,220,15,0.619652,1166
373,288,18,4.657598,755
139,75,5,13.035101,707
25,413,18,17.861525,674
409,381,9,3.914813,341
30,59,13,8.459033,346
217,38,9,12.807436,863
393,84,7,8.571734,220
370,289,6,10.249435,594
90,3,15,14.025222,1078
0,393,18,17.370335,385
140,386,7,8.085736,236
193,365,10,2.547836,924
316,400,7,9.379190,809
141,71,16,18.170349,676
213,220,5,14.997197,1057
92,272,14,15.037742,965
348,281,14,14.816250,934
35,195,13,15.087211,666
406,110,19,11.398850,446
90,345,13,9.157264,381
397,449,20,9.110468,1075
258,231,19,18.452601,691
368,203,19,5.882576,472
353,236,8,5.743024,569
433,186,14,5.224895,1156
99,128,19,12.483194,478
399,43,8,6.095134,124
196,91,10,8.925024,486
301,151,17,17.994804,941
165,24,10,12.636311,854
312,273,19,9.266397,1103
387,118,12,0.513654,495
233,272,17,4.190242,198
176,169,11,13.385329,1010
428,154,18,2.555576,650
89,246,10,2.470868,898
305,301,12,6.610415,130
396,68,5,16.543216,1107
241,14,17,10.321101,846
223,353,20,13.482432,1090
222,306,6,6.915958,1174
97,119,9,2.489861,734
385,287,8,5.195539,1140
333,57,8,5.735794,394
153,401,17,16.245123,775
115,41,12,17.225110,343
344,361,16,4.045870,301
407,103,7,18.356072,227
424,324,10,8.631503,239
102,57,19,2.260311,1129
10,234,7,11.030621,223
298,240,6,10.416778,326
98,383,9,3.057934,340
163,332,10,15.825300,447
442,218,14,5.354732,358
216,75,15,13.456047,118
428,197,14,19.112482,805
66,33,17,15.575478,104
383,24,5,3.087472,302
95,305,18,10.918934,725
424,264,8,17.420389,1049
53,77,10,11.069891,568
423,448,9,16.746791,541
410,363,18,17.384376,613
125,4,8,6.545756,773
304,250,17,7.480351,551
70,135,9,9.177683,100
358,349,14,7.760629,789
99,198,16,5.595061,1194
428,102,19,1.706859,1110
194,431,8,8.558935,183
172,239,12,2.213421,1000
323,105,15,2.640162,1036
361,73,7,1.066031,182
0,299,6,11.196542,618
352,418,6,16.896552,670
143,354,7,19.463885,876
167,180,7,5.644043,148
362,272,10,16.348698,783
215,250,11,18.433601,1078
2,85,10,6.014427,136
196,279,20,14.902241,484
424,247,12,18.012904,300
339,436,5,10.626697,447
182,342,14,12.858470,837
240,215,15,9.534882,295
415,69,11,12.475972,758
179,238,15,3.096577,827
60,339,20,0.280307,1040
210,393,10,11.921889,256
377,51,9,14.470170,100
376,50,12,16.285272,483
79,223,10,10.870964,575
286,265,16,18.803157,467
136,183,6,16.455538,354
429,150,17,14.040674,1024
271,257,12,11.730565,471
220,35,10,12.340921,568
72,267,17,14.424825,769
121,423,8,7.025290,1073
181,391,9,17.189445,155
407,115,6,15.458773,1140
2,319,18,12.846236,120
41,408,18,5.526042,569
72,59,12,12.241615,1074
146,370,9,1.345176,283
358,415,14,15.787011,123
322,398,15,9.759117,897
420,353,7,16.448183,884
224,285,12,6.343744,918
268,196,17,10.274967,225
382,119,15,7.106561,562
338,231,11,14.618538,610
414,351,11,14.366231,1016
124,174,10,8.722442,1040
99,207,8,1.643734,1141
270,59,17,3.353451,1144
43,435,5,8.685712,448
296,79,20,8.707439,331
398,25,20,20.065168,363
50,262,8,6.878034,531
345,444,11,16.676208,763
410,66,12,15.837049,373
380,305,10,17.944130,527
365,253,19,20.257366,602
135,263,19,3.333448,221
21,105,8,6.388164,953
417,166,20,5.858427,785
154,159,5,8.738910,629
265,230,14,5.857639,258
440,217,12,10.172533,852
16,43,11,18.841408,614
12,314,10,15.569616,177
44,141,12,4.286492,902
251,288,10,15.305242,132
341,76,16,14.136141,818
350,324,7,0.227759,1172
134,349,20,18.026101,325
437,408,16,14.292511,165
319,31,11,10.256531,372
60,403,6,16.619533,1135
0,36,15,18.163566,835
51,249,5,14.273907,1002
269,385,14,7.511132,913
363,62,14,19.163065,144
417,132,18,17.530533,1166
330,347,8,6.037526,955
209,213,17,19.165538,934
419,412,10,7.702202,638
138,219,7,4.807010,620
229,361,10,14.319417,766
396,380,11,1.727063,656
203,100,15,3.927336,392
410,136,15,6.407233,859
404,280,18,0.312920,1058
188,377,14,4.971913,1111
382,107,16,6.044519,1155
286,433,7,8.467780,519
299,165,8,16.226309,127
430,91,6,12.439107,524
338,140,6,1.271535,440
264,176,19,18.493760,334
341,295,10,10.109184,925
45,405,8,3.776666,340
39,223,8,11.874467,1027
307,76,8,18.378902,240
67,339,16,17.897376,615
195,185,19,11.292185,534
32,203,6,20.155727,690
114,131,17,6.497275,1164
279,445,7,12.562925,1173
99,429,11,17.867861,844
119,104,17,7.897423,537
205,150,7,9.525702,557
317,320,5,18.460612,371
203,83,17,10.671380,1158
329,92,17,7.015575,775
112,193,13,0.199455,122
432,173,10,12.700134,903
372,306,7,18.284543,558
206,402,19,1.919498,939
298,162,16,17.118821,1150
138,123,15,2.739809,511
358,352,15,1.966399,1119
87,326,15,19.631564,808
288,166,17,0.553575,1065
114,369,17,3.190856,968
345,204,17,7.734938,1144
201,409,5,6.360221,109
379,59,8,18.014410,1097
302,329,17,12.469851,369
255,162,10,0.838556,635
213,321,15,16.316981,762
173,369,6,3.928843,563
144,322,18,16.344287,507
190,80,12,11.065103,897
86,267,20,5.270946,711
229,199,15,16.473573,734
302,403,7,16.938630,414
45,415,11,8.099124,423
423,229,6,16.702796,952
422,199,7,7.426138,748
403,183,10,16.778364,174
225,15,5,7.116113,867
128,398,18,17.789238,289
322,218,17,8.385622,1134
393,212,18,9.292632,473
392,393,15,10.691616,963
297,281,5,5.892601,1154
370,365,14,6.187035,1106
401,171,10,15.153774,586
133,269,7,17.182423,659
204,314,19,1.798969,387
131,98,12,16.382020,778
229,444,13,13.099889,790
239,401,5,18.343997,164
167,241,19,11.381356,1108
134,243,19,9.517981,355
379,381,11,11.088938,236
94,376,16,4.311601,1105
237,156,12,1.144289,422
128,213,10,4.426407,581
112,169,5,16.094961,1091
247,333,15,6.597694,864
47,199,10,2.713375,583
417,250,8,7.925158,302
223,407,20,9.114197,1169
212,218,14,8.354714,307
220,27,11,13.604136,881
386,102,13,1.656221,878
242,107,16,0.965452,752
366,350,20,14.254135,1088
333,346,16,18.581127,387
224,230,12,18.295326,1078
208,174,12,1.158527,527
40,418,13,14.992384,843
249,360,17,11.263676,291
312,279,16,18.161056,950
29,261,12,6.961669,508
196,98,12,5.273104,1016
402,224,8,10.590663,775
4,37,11,2.523995,1092
413,309,7,7.022175,721
283,356,13,2.308537,190
98,366,7,14.817996,745
173,122,5,16.249324,1182
9,400,15,7.812718,930
269,114,20,2.094238,273
205,405,6,4.070043,767
68,148,13,19.407270,490
94,83,6,10.158862,1019
146,423,6,7.718896,453
342,203,17,12.047337,228
369,103,12,4.693720,964
342,56,8,15.392114,625
27,15,10,14.631793,1166
17,128,15,11.332849,858
317,234,20,14.199550,768
81,204,12,12.247924,400
444,45,17,16.099347,628
256,416,17,11.043403,541
244,175,11,2.883688,348
130,63,7,0.909743,288
94,308,8,18.313207,674
169,434,14,8.070644,753
222,165,5,5.350636,841
249,178,5,9.669417,366
296,228,8,15.397598,997
143,79,12,12.108033,1050
151,321,9,3.393536,320
5,352,9,15.091435,1172
96,449,7,13.886824,1079
311,287,18,5.635383,510
20,235,7,19.908317,553
173,172,19,1.860811,957
276,138,15,20.037230,1194
248,357,8,10.220002,496
420,114,7,7.707222,258
350,274,11,14.496871,127
115,411,7,4.918541,267
332,185,13,5.245548,1024
18,322,19,19.314113,463
252,72,12,19.649344,1134
428,354,5,2.778049,726
380,111,12,1.418307,855
279,166,16,18.550898,765
242,269,11,6.321921,183
326,388,20,7.433357,512
297,412,9,7.775839,867
190,181,18,18.672114,590
169,289,9,2.656465,318
164,239,19,6.930856,1092
403,212,14,20.393737,311
311,112,17,12.202196,1139
31,261,11,2.304019,205
312,84,5,13.233218,405
104,41,20,11.551745,850
40,237,12,0.049580,324
137,85,12,9.257930,324
292,351,20,7.894640,1180
208,78,7,12.570013,1183
387,331,16,8.982045,194
83,17,12,8.439649,1109
82,12,17,6.165322,247
10,19,6,8.715316,450
276,68,19,9.848333,114
420,199,19,12.178344,242
30,94,9,18.635412,1046
259,100,16,10.884044,110
175,106,19,13.443964,288
416,316,9,15.594712,983
361,6,12,10.736809,333
54,299,19,14.041021,493
23,186,8,0.050266,534
90,273,7,5.072806,1109
230,381,18,7.176816,350
29,76,10,12.725459,492
345,15,10,1.813453,1115
309,101,16,7.150935,1148
96,413,17,19.197094,136
376,349,18,11.176650,855
432,368,14,3.232366,398
412,342,14,18.758688,295
129,41,11,10.788915,1160
82,166,16,7.940532,568
21,182,14,19.799034,884
110,54,14,8.260391,233
162,89,14,16.139458,456
365,189,6,1.492200,1092
442,173,15,0.758347,572
297,368,7,2.334595,629
47,415,16,17.105340,480
311,143,12,8.807649,799
216,367,12,16.531525,211
263,322,6,19.663039,486
393,70,17,2.384748,280
97,185,18,8.484716,678
398,89,15,15.980500,486
23,395,7,20.273569,355
434,301,17,7.225646,884
18,306,5,16.300153,345
152,41,11,14.308587,564
331,424,5,8.050427,104
373,302,6,7.225574,798
277,299,5,5.045719,495
71,212,14,11.287448,1068
3,38,17,7.203541,118
417,414,17,13.859236,132
80,73,15,13.494318,458
172,333,15,17.775709,403
282,224,15,12.054506,329
31,343,8,13.716593,953
103,282,10,7.800644,755
148,131,20,9.781381,1134
282,266,12,9.824902,175
179,29,17,10.930827,1170
261,28,17,19.002605,505
267,423,11,11.135219,633
73,213,20,4.393462,1001
269,29,20,8.241011,445
314,410,16,15.226462,161
123,88,5,11.289172,812
99,348,6,1.219093,360
191,196,20,12.985149,262
103,211,10,1.112185,793
187,314,16,0.056664,961
109,56,20,2.302491,662
114,170,9,13.111525,1184
49,78,17,18.696124,1044
174,22,18,17.228855,309
52,309,13,10.440765,1117
417,240,15,18.232287,206
207,291,16,18.161950,661
386,442,8,3.382134,900
403,317,20,11.030281,1189
396,184,11,4.719088,959
274,28,19,16.524722,337
14,374,15,10.121853,1143
277,355,13,16.015204,273
307,110,18,4.839045,287
111,86,8,10.119250,224
229,2,10,6.594935,1072
201,366,13,16.495397,1150
126,214,20,12.614705,313
167,153,15,4.887148,988
441,335,19,1.449144,693
298,280,7,10.384103,810
98,373,13,17.316151,1123
220,443,12,17.721336,396
64,328,20,10.632494,963
72,175,14,5.398005,750
121,447,17,20.218002,324
423,353,16,11.192103,1194
253,120,8,16.484734,393
443,143,13,12.775232,499
397,358,17,9.055390,646
409,407,12,0.986352,790
317,44,6,15.126442,1014
28,354,12,11.905298,973
40,98,5,5.504126,507
259,397,11,19.114995,447
367,176,20,16.678985,557
267,402,19,9.229339,803
124,398,14,2.580103,917
144,414,16,18.949206,1120
362,292,17,5.355750,1028
250,283,11,14.388088,1122
68,285,5,16.531047,288
383,394,16,16.608695,592
260,297,6,1.837251,834
295,415,11,2.966823,325
299,411,15,6.894176,837
261,213,6,8.123446,279
188,155,6,6.814053,522
92,305,8,8.404441,921
344,330,10,18.803215,1048
382,152,13,10.409582,209
193,90,7,3.569888,1149
286,396,15,4.782027,1005
343,7,16,14.691918,454
277,305,12,14.753429,900
254,256,20,16.917850,628
347,378,17,19.990519,1090
35,314,19,13.497984,654
7,434,15,11.300107,561
369,352,13,9.731722,1013
43,22,18,17.359390,648
21,438,9,8.371615,404
418,135,15,1.344689,729
214,269,11,19.046752,634
108,292,14,17.589937,283
287,202,16,7.741156,609
443,100,19,7.089758,1028
381,167,10,6.916399,949
305,378,14,0.875343,886
257,438,11,6.192325,387
10,362,13,10.866980,720
142,333,17,15.909524,135
282,440,20,10.370469,674
250,203,12,13.287044,742
123,408,6,5.605758,122
109,360,19,4.583617,919
253,115,7,15.080596,329
113,365,6,5.306777,1028
134,222,11,20.342268,408
441,190,8,20.489777,940
366,431,19,3.351728,739
329,233,11,2.220767,150
128,412,5,15.140210,1042
162,402,15,7.683332,989
446,222,5,5.057613,293
243,377,20,13.191821,236
11,360,19,6.111643,195
43,170,17,4.878743,958
359,236,20,18.489830,243
162,18,19,12.678281,820
53,73,10,5.515162,380
441,352,13,0.142591,481
243,189,13,12.490932,1095
19,332,20,14.153499,835
130,168,11,8.637378,840
317,243,13,18.804710,1019
217,291,13,16.634082,1132
256,362,10,20.030822,691
91,352,16,1.793148,279
184,1,9,1.637687,1190
204,80,19,0.830459,1057
369,151,19,3.267905,610
123,113,12,15.564083,448
56,354,8,6.123368,1057
207,267,18,1.476442,698
406,365,14,6.968474,888
248,25,6,18.726390,349
276,287,16,1.367426,806
180,326,9,0.039673,347
407,131,13,11.182045,497
281,143,20,9.299861,1195
239,302,5,5.317580,1121
172,388,19,2.095138,567
146,29,12,11.353179,248
69,315,13,2.919122,561
185,278,5,3.124940,557
99,340,18,19.011110,997
364,229,20,7.422134,834
253,410,5,12.044659,1142
245,163,18,0.480733,232
372,318,13,11.728005,1019
253,135,19,18.042580,104
47,41,11,7.237118,857
75,296,11,9.087667,710
149,117,9,11.738487,955
180,346,20,11.606934,499
425,293,6,14.120824,278
180,301,8,9.816927,210
253,98,13,17.104238,820
43,167,15,9.934370,643
189,181,13,0.556596,266
245,359,15,9.065603,1179
250,21,9,0.008414,1140
187,36,8,7.789481,1101
109,194,16,2.179268,321
218,152,6,7.640011,265
165,144,11,5.288759,1177
409,292,11,6.214439,480
198,305,12,16.518611,477
167,46,10,20.359185,145
184,254,18,20.492913,1024
355,438,10,7.393861,785
356,0,10,19.523673,1104
85,393,16,2.951067,1167
228,220,8,19.516117,1118
317,150,14,10.304543,484
24,271,16,9.881248,180
130,186,6,18.010675,356
176,438,6,17.638886,851
113,11,10,5.982140,234
339,222,12,0.023547,1156
353,374,20,13.465316,932
303,289,15,10.729664,674
255,304,9,13.136720,1032
415,150,12,8.979437,847
56,41,13,3.426835,1137
280,41,20,1.877629,849
413,341,10,5.993846,361
332,236,12,6.844696,1081
289,54,18,9.785032,1095
211,156,13,3.199697,821
233,370,18,6.398485,814
109,373,13,10.973183,1198
257,396,15,13.862378,112
138,113,7,15.515546,295
202,342,6,17.038838,556
343,226,5,2.008959,1016
113,186,5,2.850671,163
144,50,8,13.569138,770
206,399,12,2.146999,1086
24,231,13,12.859059,450
419,3,15,16.983321,632
35,392,8,4.307753,360
180,248,10,18.437307,604
358,197,18,13.547438,246
306,394,10,15.147394,871
130,422,8,19.829194,469
18,432,6,8.005402,374
272,414,19,9.426911,1057
215,83,14,10.674976,845
420,201,20,8.062015,375
420,197,9,13.195578,381
137,396,9,0.592991,513
243,50,8,12.876039,647
158,146,14,1.766818,1141
42,198,9,10.735362,663
291,197,14,4.497735,356
378,352,14,11.669758,679
37,115,16,9.917920,563
436,114,14,15.926835,536
388,297,11,20.454863,344
395,164,14,0.748077,818
176,160,16,9.400116,508
236,326,6,11.647217,457
51,319,7,16.961018,634
120,146,6,19.827115,102
406,328,13,9.375474,1083
279,246,7,6.391720,839
67,415,7,16.450975,269
241,268,5,8.764816,170
51,72,20,5.842668,554
32,370,5,1.068372,262
292,309,9,15.383263,1081
389,285,12,16.300139,155
48,399,20,18.338865,1128
52,29,6,5.947718,719
354,118,13,18.753699,1055
329,171,18,18.581700,145
226,6,6,0.889432,690
402,296,11,6.653445,300
142,213,20,4.868108,489
93,41,5,0.323378,284
311,384,18,8.514187,299
99,81,18,9.046826,375
132,269,11,4.658448,1069
394,132,16,4.006657,244
199,97,14,16.132666,889
181,325,12,9.911503,828
432,227,7,9.167312,812
281,51,14,1.496481,797
356,184,7,3.376519,489
65,114,7,10.486298,257
340,441,17,16.186063,507
357,71,17,9.984253,1101
136,373,20,17.470766,857
209,360,15,18.709563,1179
19,266,10,0.386161,264
0,9,11,4.722235,698
334,248,5,17.771459,916
352,321,8,9.910618,500
226,393,11,11.619595,1164
351,144,6,1.427778,322
157,213,5,19.968058,813
34,384,17,0.050535,1020
345,307,12,18.296134,857
193,165,5,3.282262,795
337,206,7,12.049750,709
260,126,15,16.582008,1000
22,256,16,4.514442,631
36,76,13,19.066790,125
46,11,13,12.517324,119
427,350,5,3.730455,899
247,263,20,5.976188,726
97,356,6,12.437224,780
370,401,12,0.647852,238
141,203,19,6.587131,373
144,354,17,10.210944,962
114,168,17,19.867569,338
313,257,19,12.317996,846
297,222,8,15.053503,702
127,294,5,17.272643,466
235,155,12,13.064842,1104
8,267,7,3.759225,716
408,120,15,18.978860,1144
46,326,17,17.940692,908
86,426,10,1.945733,370
202,197,15,0.368418,267
145,335,7,16.067719,882
328,12,15,19.139141,609
321,234,6,9.300130,640
296,394,6,12.304681,927
378,246,19,7.755918,155
276,448,7,10.018006,606
303,260,15,7.153840,893
234,343,18,2.549482,803
337,116,9,8.614670,319
63,383,20,20.188661,748
67,90,12,16.183971,630
114,442,9,5.568491,781
106,328,9,18.311311,1011
437,3,14,10.538545,843
441,185,18,5.661519,634
382,97,17,14.320772,971
2,339,18,20.176124,1022
291,217,14,17.578011,345
418,443,11,5.984282,478
141,194,8,1.771473,1042
317,198,15,0.388551,571
252,289,12,12.796277,671
288,170,7,13.916527,935
362,323,20,12.635763,399
55,184,16,7.511847,181
23,6,8,11.743697,720
407,336,5,14.207513,1092
14,93,20,16.005516,857
445,125,10,8.607874,837
323,327,15,10.287392,505
114,178,5,3.173131,1178
203,48,9,6.630233,603
192,263,18,16.665738,1113
83,333,6,13.328356,481
57,171,16,1.514495,600
129,145,20,17.432991,1048
186,179,15,16.890951,599
442,151,14,13.786070,898
255,54,8,19.957141,1043
248,351,14,7.844996,590
418,100,11,0.386066,536
156,33,6,13.706400,266
318,24,10,4.364534,998
148,417,13,13.787103,275
276,264,8,14.654880,902
357,321,16,1.977077,608
206,228,6,10.526898,1197
82,135,16,12.911311,389
437,137,20,9.541215,639
148,147,5,8.707323,553
154,26,13,18.832732,174
180,251,10,9.112125,510
307,22,7,2.202237,1168
45,272,7,20.337041,819
388,414,5,19.270544,390
201,22,16,3.799035,930
386,145,18,13.436885,682
80,216,18,13.148761,546
12,177,16,14.925354,838
368,61,11,12.037006,192
61,83,20,8.598290,413
448,306,17,5.496787,353
0,358,10,15.566129,346
153,369,11,19.189254,124
303,424,20,17.632319,105
144,230,11,9.748049,970
95,203,5,16.455871,329
128,202,13,15.131398,351
250,437,17,8.553799,1197
25,318,15,5.390061,1183
341,100,6,19.421829,1155
68,395,16,18.660979,1078
26,100,6,3.773414,151
208,128,15,17.784874,342
74,104,12,12.112624,817
404,265,10,16.502432,956
447,21,11,3.115909,293
391,9,17,7.997985,733
4,369,10,2.249465,532
317,11,19,14.908248,630
310,440,18,8.423451,983
241,211,20,1.646599,1121
375,224,18,2.927733,503
341,435,14,2.547625,786
251,215,9,3.551068,167
415,403,11,7.254872,1056
60,259,13,4.736295,640
286,198,10,15.826516,1107
246,41,5,13.340640,202
259,6,10,13.421164,157
387,345,18,14.856183,297
261,251,17,1.750994,166
23,150,13,14.607921,210
98,285,6,5.862014,134
87,383,16,3.451445,370
205,331,14,6.224715,362
86,372,6,12.396614,958
210,165,10,19.792246,617
2,115,15,8.262993,290
449,232,17,4.575030,281
85,296,5,17.225547,778
433,41,10,0.146409,428
394,4,9,7.569929,131
380,299,15,15.732579,943
201,72,12,19.110763,1054
375,366,10,1.033053,321
3,73,18,17.999351,867
141,312,18,1.691752,708
337,186,11,16.926941,512
47,91,5,14.480934,539
341,110,7,2.201956,451
155,195,15,16.123574,1183
238,33,18,9.957556,839
425,27,7,7.015578,684
9,202,11,17.506734,166
245,241,13,10.748586,861
421,29,11,10.071626,1104
383,247,15,15.541756,644
337,96,19,5.698522,769
205,2,8,6.805322,536
57,249,13,2.761987,1090
189,357,19,13.816270,1114
87,346,19,8.766948,624
265,215,12,15.627068,757
237,99,13,9.615338,702
317,438,10,5.268979,641
396,250,20,16.731314,627
116,328,8,0.347353,961
369,182,19,19.451366,775
431,228,19,18.061062,856
371,329,10,17.715768,923
97,194,6,9.076229,670
441,238,9,13.662633,164
331,302,19,5.307246,1142
20,283,5,4.909973,353
345,37,18,20.058882,981
318,99,10,0.577553,546
287,58,19,5.683744,731
415,298,20,12.437450,356
136,106,13,10.765772,665
288,408,11,10.269525,263
199,187,13,4.763204,1079
138,407,7,7.748580,655
220,267,19,2.767205,1100
60,413,15,5.834821,518
250,110,7,10.303267,991
383,343,7,19.381932,1190
280,176,13,9.903086,949
381,330,20,8.760542,545
47,97,8,2.465439,698
343,409,13,9.278065,825
22,440,18,17.537422,653
339,270,14,4.347994,1118
223,315,9,14.818590,440
395,171,5,2.931334,629
281,131,10,10.126947,153
385,323,18,20.257105,788
395,27,11,18.792975,989
298,177,13,1.807993,202
8,38,6,19.466975,112
419,100,15,10.823144,441
293,350,20,1.152071,1156
410,111,17,15.644983,742
296,74,14,3.242196,993
328,155,13,15.186629,136
51,302,7,15.074363,800
348,416,10,4.871536,1194
391,374,11,10.673500,944
14,289,20,2.695804,702
401,245,8,1.868582,557
123,389,11,6.795052,757
22,325,15,2.693679,1155
320,161,15,19.259243,1142
401,423,17,0.660538,525
303,44,15,10.860205,545
271,217,16,13.738910,471
168,250,10,13.991975,871
223,52,11,11.997746,439
296,284,15,2.170365,199
147,133,16,14.127946,202
372,353,17,11.503472,1074
134,205,7,10.118826,1065
107,249,7,7.979254,788
243,317,16,2.023610,769
232,156,7,7.974185,699
79,137,13,18.855630,669
183,285,7,7.517649,101
30,27,14,17.042688,765
85,319,8,14.408270,171
126,333,11,9.323680,685
140,254,15,7.292241,946
248,57,8,7.342014,135
259,354,16,14.272486,620
24,151,17,13.719493,1085
375,61,13,9.629082,1056
421,278,20,3.680607,544
318,194,7,19.642538,570
247,59,20,15.275712,391
286,378,18,17.009442,1055
306,12,19,3.895580,138
215,223,8,9.109825,206
181,410,11,16.695946,612
252,114,16,12.654276,285
289,312,14,3.483778,1036
188,428,16,18.007085,633
109,257,12,12.178911,634
129,373,15,10.693974,392
284,241,13,4.607403,569
402,238,10,6.490111,498
5,316,14,15.354011,189
20,81,18,16.776084,1003
128,167,11,9.265130,353
410,383,11,10.990093,1101
343,126,9,4.216990,1177
173,33,9,19.840200,376
306,192,12,10.219368,653
75,254,18,12.862344,122
364,348,15,13.102026,952
281,257,10,16.172279,499
407,415,12,0.449149,760
277,358,8,19.276643,345
378,166,20,4.675323,817
90,100,10,0.770071,1191
40,52,8,10.689490,1039
49,182,13,9.900027,591
30,326,19,16.044899,668
266,49,9,9.517177,1169
225,383,20,13.224661,638
445,69,16,12.661828,663
381,363,8,9.440279,1178
134,173,19,17.738051,296
261,239,9,3.998584,121
258,18,20,6.666152,439
163,223,19,6.160587,837
5,241,5,3.483116,799
154,98,20,13.231230,576
29,396,10,18.221896,954
411,43,6,1.138560,297
224,67,14,19.832180,1136
226,195,16,7.867205,315
117,372,17,0.286573,933
74,58,8,1.914815,961
237,163,20,16.383314,1191
351,407,16,3.876877,964
186,366,18,18.452852,626
26,425,16,13.134567,250
57,254,10,12.841639,704
403,40,9,10.699117,1012
332,280,9,9.961642,750
176,30,18,9.068184,606
231,215,10,2.580613,124
13,308,19,14.343173,600
370,122,20,18.084446,683
407,28,18,17.759269,913
159,55,6,10.792128,1126
164,167,13,14.613072,514
312,8,19,16.269388,337
345,170,9,5.065243,906
117,207,6,4.610580,180
341,271,9,8.087201,885
353,67,18,1.598551,364
317,74,18,15.905417,430
60,48,5,2.216383,887
250,360,20,19.286618,1072
182,18,9,12.962301,1143
152,149,15,10.390655,236
167,239,8,13.706332,690
328,347,20,17.333486,367
238,118,9,11.814333,834
160,308,9,3.572553,933
25,271,12,2.204563,1060
14,228,5,1.641616,463
424,246,8,2.647587,278
84,31,17,0.618830,975
418,130,7,13.927772,528
18,257,14,3.411359,610
205,423,16,7.360763,881
129,5,7,0.487713,144
208,24,17,7.644879,1183
172,400,11,3.033149,622
26,240,20,4.342873,1152
383,117,9,15.120449,1014
403,78,19,1.479433,829
274,128,14,10.782376,168
208,117,18,1.831055,624
402,38,9,15.761592,1075
293,130,17,12.118914,967
70,173,6,13.841184,806
312,228,18,2.513035,713
396,327,17,19.828542,921
87,174,13,6.740291,344
335,377,20,17.982684,970
99,418,12,10.001316,711
56,149,12,5.256701,772
74,171,13,14.465506,1060
98,173,20,2.120051,649
341,237,5,4.199212,733
156,97,20,10.419859,1105
412,127,20,12.447257,1138
290,4,7,20.363550,357
118,292,14,14.900888,521
447,134,19,3.286548,884
397,73,9,13.766676,678
133,388,14,18.443925,279
420,267,18,18.902554,1086
126,2,10,11.290743,784
138,94,19,19.831439,461
320,91,18,15.730133,127
297,366,10,3.611290,562
247,189,15,17.356055,168
329,357,18,16.190757,134
355,411,8,9.488358,699
250,126,17,5.388618,1192
378,26,14,2.526918,1047
299,432,14,16.552448,796
192,40,5,18.219346,605
381,27,16,10.741943,1176
116,273,14,15.784550,493
59,354,19,6.766851,495
236,402,12,14.515343,770
271,321,12,20.404313,200
60,258,6,8.643890,746
130,261,20,8.517487,689
209,147,5,15.022578,1093
123,118,15,12.521568,784
33,448,8,6.975015,414
272,384,18,16.783884,242
280,385,8,1.952555,793
448,317,14,14.431064,149
350,166,17,0.459010,835
334,433,8,9.718573,622
181,69,12,6.311426,906
207,72,18,17.434804,671
333,137,13,8.767344,1187
104,340,7,8.961584,863
61,388,20,0.500738,163
340,428,9,10.111377,590
265,21,18,18.474239,808
34,105,20,13.748282,652
284,148,19,18.758681,556
440,111,5,14.485375,327
283,328,8,7.980861,366
292,336,12,18.238512,899
146,204,5,13.279222,578
132,241,11,6.172446,469
190,83,7,6.465608,584
182,224,7,10.102170,745
44,319,5,13.238831,233
319,269,16,12.380020,425
142,277,9,16.223013,209
359,250,16,3.874721,438
128,337,7,8.379683,1194
363,255,10,12.787608,434
62,399,9,11.260397,1024
5,404,6,14.801822,486
16,238,20,18.932841,941
399,349,19,9.535020,1123
183,28,16,1.483761,594
281,415,12,2.530033,1198
123,397,7,12.774813,1051
147,135,8,14.627995,601
381,274,7,11.403032,562
10,162,20,8.305678,605
432,144,13,17.940794,486
91,34,15,13.494338,741
32,9,13,19.851055,936
32,43,18,10.803976,754
209,30,6,12.260858,1116
311,77,5,9.894581,1141
160,428,18,5.443728,836
49,330,11,5.854894,763
86,72,5,3.672088,963
129,99,12,19.497537,1053
412,196,14,6.609694,1120
374,66,6,13.809872,307
58,169,9,5.284607,992
433,255,7,14.870922,959
1,131,7,13.178846,801
64,149,8,20.309842,835
72,19,6,3.540600,1183
11,278,11,15.734795,125
220,52,16,20.238118,480
272,351,16,18.497655,451
325,292,17,4.997426,1113
59,275,19,17.870650,212
176,369,11,9.694029,872
100,374,14,14.694569,503
311,202,11,11.782626,347
202,447,5,7.091578,1034
346,429,19,10.927225,1128
219,175,6,13.464050,458
78,340,15,12.190105,693
363,389,17,9.511472,933
422,22,6,1.077643,791
156,292,6,13.543603,378
250,96,17,9.776665,443
33,102,8,7.824038,982
407,211,19,12.304016,902
259,66,8,9.184865,1077
188,266,9,7.813655,596
423,257,20,17.563260,1070
223,137,12,4.250787,403
426,350,19,3.663092,805
48,154,20,2.161049,1174
340,203,20,3.546491,1153
221,75,12,19.328681,631
418,228,20,9.929266,1029
26,15,20,10.059014,797
67,284,16,3.580944,606
307,195,13,16.174977,1102
368,39,6,14.770375,987
246,283,19,20.061061,148
22,233,11,12.753407,617
210,17,18,11.745780,980
68,118,19,3.701401,265
0,318,6,9.351020,925
384,58,20,10.549521,511
147,290,18,7.236138,961
149,47,13,13.863802,573
369,150,20,5.069119,180
447,36,6,20.120150,1199
207,348,11,14.138079,564
357,364,14,20.206041,510
285,327,20,2.550190,441
50,348,10,4.533819,1120
261,88,13,5.931200,1145
386,221,7,8.842917,882
68,82,19,19.477785,492
449,70,10,18.785173,213
226,93,20,4.484576,404
66,67,20,7.834621,683
262,197,8,19.344919,441
67,346,7,8.562531,570
55,402,12,5.145446,839
345,363,19,19.665576,869
210,182,10,14.413930,474
65,410,16,5.423000,476
218,306,20,19.548687,701
1,58,9,14.797162,1171
71,115,13,11.784475,681
222,35,16,15.339570,544
57,256,7,2.175188,1030
305,367,12,4.694822,682
340,79,15,2.474030,1123
261,367,15,9.164134,112
295,96,10,11.339896,159
237,2,9,5.075621,467
0,39,7,14.582860,462
373,389,15,15.170780,102
362,163,18,19.638722,950
163,238,17,5.764107,592
303,368,8,9.990899,493
110,26,7,13.338826,213
102,43,14,8.635870,844
345,134,19,4.544166,174
419,357,13,5.162311,1076
18,65,7,10.929790,1157
213,63,8,4.604569,1117
26,92,15,14.240016,261
290,132,10,9.036556,792
6,374,12,17.660706,419
115,5,20,3.614588,569
138,441,19,16.667216,589
143,92,20,20.063591,675
81,174,19,13.041472,222
235,243,8,1.177442,1144
13,361,16,3.360679,924
66,94,5,15.806386,324
147,273,12,15.132137,324
245,200,18,18.177486,165
425,402,9,18.164162,821
406,222,8,18.417451,822
3,180,7,14.495541,868
254,91,17,1.871198,947
290,347,11,1.244688,854
340,397,10,18.093938,519
98,369,15,1.785129,621
266,33,16,6.266143,748
215,349,20,3.963809,599
111,56,10,18.904171,326
379,299,13,8.441735,469
214,342,16,16.032252,130
433,365,16,10.840608,992
416,380,6,15.280555,982
321,365,19,8.933881,429
425,216,14,18.062422,999
0,241,6,14.067816,785
333,289,8,20.395517,1125
169,3,5,5.483382,503
187,143,10,8.637705,400
285,143,8,9.859566,433
55,178,18,10.603461,460
24,408,11,11.195803,367
399,372,9,1.081818,358
365,105,12,16.307267,432
309,34,14,0.896427,704
191,135,20,19.743658,868
245,429,5,12.741414,970
125,172,9,16.325459,268
264,241,10,7.218490,1046
145,418,6,17.165935,941
259,86,13,16.163515,167
141,206,9,7.238207,686
333,363,7,3.305578,600
263,94,17,6.955272,141
191,433,11,5.892369,961
433,375,9,5.947943,813
70,202,11,2.026833,1013
402,436,19,8.593190,1168
100,359,8,12.904060,813
347,180,17,14.803124,106
323,68,16,11.009805,652
278,304,8,2.404488,152
368,126,18,4.152882,1140
16,152,7,9.065586,212
111,3,17,14.350799,754
34,143,14,10.205823,990
273,216,7,15.153376,693
168,312,16,0.078676,500
370,385,14,15.180205,954
199,314,11,16.593990,215
435,72,11,3.458253,722
348,184,11,10.789399,1039
306,22,16,16.885003,1071
392,328,12,19.722119,357
151,152,8,9.979459,349
198,130,10,11.187806,943
13,331,5,16.675653,501
34,169,14,11.448922,491
182,5,15,16.381463,672
313,250,8,13.243163,463
138,370,14,13.882678,297
66,182,20,2.170564,943
97,0,11,11.029051,145
129,194,19,14.736462,290
296,245,16,17.988132,674
92,424,7,0.854467,1159
323,212,7,8.797843,341
116,81,18,16.238003,478
29,232,15,6.816203,910
303,123,8,4.121046,173
145,30,14,18.543306,629
157,273,7,13.693915,221
168,387,19,14.590151,604
35,217,10,2.964055,320
369,22,10,13.141481,726
19,83,13,9.270037,325
159,179,15,11.237628,719
14,100,19,4.627665,385
15,319,10,7.559148,661
374,37,8,10.782739,688
409,429,15,6.438162,735
48,1,9,8.859255,216
163,437,14,10.365560,936
221,73,11,4.442118,570
443,416,7,5.807475,636
56,341,9,0.391397,423
361,325,16,18.689887,597
272,340,6,6.461424,416
122,141,17,20.437851,570
411,211,12,4.688049,114
216,322,13,0.364125,814
377,206,11,5.876728,1046
333,235,6,1.443813,493
171,261,8,9.459784,550
229,389,10,5.653005,909
211,270,16,0.882401,352
198,360,10,0.521621,259
289,345,14,4.729695,803
75,427,5,14.900313,342
86,265,15,0.010081,407
447,407,13,16.131119,233
40,252,16,7.654258,435
363,241,8,10.968237,620
276,98,18,16.213060,738
37,445,7,15.012105,1192
381,270,11,16.284993,210
365,79,12,20.296392,834
223,416,11,13.654277,930
145,94,12,18.823346,925
230,84,20,17.197287,401
314,131,20,5.989940,486
358,153,5,11.401330,1112
178,347,10,15.498874,333
78,45,15,18.148915,430
432,392,9,17.667748,484
283,345,7,10.951921,311
161,158,14,5.094121,109
188,447,19,16.613635,575
269,437,15,14.371114,790
257,2,18,4.527097,940
385,393,17,5.703895,500
138,435,17,15.669205,955
141,133,13,17.645900,114
343,227,19,15.190860,730
95,299,6,16.897771,924
358,428,12,9.408965,1105
192,241,14,13.862224,826
368,121,14,16.311110,719
181,127,10,9.736122,566
105,411,15,6.142835,1118
136,365,15,4.205964,601
378,262,15,18.741530,277
111,407,5,15.914645,595
240,282,14,1.824786,903
235,13,17,4.567024,729
91,319,14,0.385450,905
220,84,5,18.156656,1097
128,378,6,2.340633,805
149,399,6,2.416697,878
193,331,7,6.889889,456
46,423,20,13.165418,873
178,89,9,16.403896,377
287,104,13,10.060453,1138
108,148,15,0.376893,644
219,298,14,14.467371,1060
324,119,19,4.949148,877
297,172,10,11.769464,281
182,218,11,18.839769,963
173,342,12,13.984056,1120
36,109,19,18.355758,855
260,403,8,13.215861,929
86,10,19,16.562752,737
338,273,11,0.441311,849
2,275,6,5.169268,787
252,405,13,17.025710,403
29,413,8,20.128486,400
430,285,7,13.639141,727
220,396,7,13.228688,491
229,34,10,1.761654,357
222,238,20,1.785262,820
256,273,12,1.895096,496
292,288,5,12.407013,868
116,444,6,19.149506,711
267,53,17,6.945125,941
114,331,9,6.782227,337
311,121,12,2.265971,1009
90,259,9,19.181486,1146
51,70,13,13.728674,863
316,123,7,11.978105,383
78,356,19,4.452766,311
219,106,11,18.377846,237
87,332,7,0.330211,226
307,143,13,12.162093,764
139,197,18,12.559121,1013
122,55,12,8.940486,219
247,361,8,11.206277,836
35,79,8,19.893079,1042
318,112,16,15.023441,793
192,57,10,19.056614,331
221,39,13,16.604063,1183
338,424,17,19.776733,251
152,27,16,3.786668,423
326,328,20,11.365741,346
256,340,8,15.940391,1138
161,334,8,4.295358,430
190,434,20,4.059071,1166
323,222,11,17.696544,813
436,254,18,9.328395,341
449,204,6,2.619578,378
174,213,9,11.486360,955
319,320,14,12.632486,491
108,445,9,4.780420,407
416,218,7,17.308746,961
330,57,16,12.804844,396
247,143,17,10.202235,611
53,288,13,10.316416,652
141,329,17,2.850416,362
164,273,19,10.276335,830
165,196,10,3.497799,885
311,5,10,10.737575,335
97,418,19,16.798834,699
386,45,12,5.792380,717
17,50,17,3.349606,626
210,144,7,7.192618,414
268,255,12,5.720684,152
273,121,16,1.038904,533
103,54,19,12.046274,829
85,148,20,10.608033,1077
73,361,5,16.712740,921
145,137,18,7.124110,318
373,433,20,17.264928,470
270,195,8,3.179710,534
169,237,5,4.997322,981
137,14,10,11.852271,670
131,103,15,17.892995,1200
414,259,8,18.532054,904
164,174,11,19.728142,598
352,154,8,15.774419,297
104,140,5,4.544380,314
308,434,8,17.589507,581
306,229,20,18.231220,642
188,421,18,16.498055,981
36,280,8,5.787979,874
273,169,8,9.525473,820
390,152,5,2.070535,1180
0,104,16,4.360610,359
444,15,18,16.354900,1103
55,294,5,1.742465,1074
365,196,7,4.489195,627
352,115,15,8.693917,1019
328,222,13,4.260659,956
142,207,12,6.653671,924
328,208,15,16.694772,833
395,86,17,5.817212,310
249,163,6,8.582469,401
12,8,11,18.979844,146
346,38,16,4.402324,124
141,421,6,20.278271,620
224,411,6,19.378810,298
112,370,20,17.124535,536
178,30,18,17.702550,920
314,251,19,11.369325,734
326,158,16,9.358299,1075
247,35,7,11.273924,809
87,173,7,19.656873,1073
343,165,16,11.245160,629
243,309,15,1.993528,618
408,296,13,2.118272,601
337,144,8,4.071499,808
77,350,20,16.534905,773
291,148,9,4.187924,425
14,17,19,14.131791,606
249,28,19,12.648756,914
308,202,12,6.859575,1169
157,239,11,17.064359,616
249,437,10,17.278718,755
20,222,7,9.034156,185
1,20,5,4.243417,441
350,268,14,1.676064,633
311,189,7,4.803835,412
426,214,10,11.130625,590
218,56,19,4.273067,642
222,299,8,8.659190,577
186,449,17,3.279780,349
114,58,7,13.861539,584
56,97,9,12.244311,501
275,329,19,3.346444,117
31,275,17,0.440753,814
118,329,18,7.523604,740
300,301,11,19.318605,762
363,205,10,16.221133,713
402,126,18,7.919188,779
220,45,13,10.536682,982
337,150,16,20.019442,286
241,206,6,5.536154,211
214,233,5,20.241290,707
220,431,8,17.093120,916
172,17,14,17.494013,691
145,151,7,17.879660,540
184,174,20,18.884402,1098
39,140,19,16.281506,502
399,264,5,13.977863,1169
163,359,5,8.714923,1012
384,112,13,11.856608,471
26,81,11,7.520199,624
226,227,11,11.456482,485
60,437,10,11.092590,621
85,71,11,7.425458,194
306,227,18,7.149658,128
412,301,20,7.554948,967
153,59,9,15.132668,540
84,46,6,15.764500,827
197,240,11,3.084069,971
384,290,18,13.274160,967
257,138,12,18.882105,606
427,9,19,4.398349,318
148,376,19,1.180982,116
229,161,20,13.029730,556
242,378,14,2.659412,1015
231,268,6,17.418573,537
390,24,8,5.160479,146
299,270,12,5.444010,1011
151,182,18,15.281611,915
298,94,19,12.282437,737
101,384,9,0.678511,799
53,364,13,9.030104,696
354,423,8,19.795966,902
198,126,7,9.916790,498
129,48,5,17.977131,1154
334,224,16,4.238234,290
61,48,9,8.257001,457
18,423,16,1.619338,831
140,438,17,5.333508,975
98,21,8,5.691717,910
3,368,17,3.678909,429
162,84,6,13.561485,220
336,102,10,12.085234,904
119,263,15,7.081762,292
278,155,11,19.661224,194
90,249,7,4.841780,164
111,394,20,19.493310,574
306,248,5,0.356371,980
41,358,17,15.286899,712
71,76,5,2.049042,1066
241,114,20,3.145322,984
293,73,7,5.207438,494
195,158,5,12.277407,551
231,72,12,0.889698,329
370,115,10,9.941853,448
425,6,15,0.708021,337
423,119,12,0.151054,154
417,342,10,16.117778,444
43,393,14,11.194069,534
241,129,19,11.695343,887
152,209,10,16.003924,290
249,203,16,0.759577,321
16,354,14,2.516578,812
251,48,15,10.152322,142
306,440,8,8.364373,307
209,330,6,13.727410,316
74,55,14,20.470550,559
350,363,7,13.002984,744
74,316,7,2.697052,363
391,304,9,14.388105,819
82,36,14,5.407153,628
48,356,16,5.005516,846
421,302,17,1.459930,912
203,122,18,12.378707,1047
68,46,19,14.338792,1008
296,352,5,19.670276,277
201,69,9,2.887709,658
49,91,17,6.632942,459
140,445,5,17.084748,1185
255,413,8,13.381642,732
440,261,7,3.638989,263
376,350,13,13.470104,827
296,176,16,19.316904,475
413,189,16,11.106624,791
237,333,11,14.486222,482
50,200,5,12.587098,966
170,212,17,12.127792,499
299,285,16,17.924124,239
400,406,15,6.024165,795
38,191,8,18.607998,176
412,39,11,6.665153,166
323,361,15,10.341940,445
242,291,16,14.981995,601
33,60,11,17.751014,1076
439,376,13,13.964322,383
331,329,18,2.303683,277
40,278,16,16.099625,1074
434,185,6,1.536483,210
44,222,20,3.717361,804
268,327,12,1.841883,628
175,402,10,10.351241,616
404,16,16,6.858889,415
353,66,20,10.990704,433
161,387,10,15.921029,683
135,362,8,19.685683,703
85,391,13,3.571601,170
8,364,9,14.109202,1082
317,306,11,17.085400,1007
202,412,17,7.556731,720
108,14,7,14.250922,1112
400,346,11,7.953501,206
261,163,17,1.702257,247
384,236,10,17.501413,470
110,69,7,4.220731,326
80,293,7,8.163581,172
129,348,12,15.292052,204
245,430,19,7.771683,343
37,448,14,17.020331,195
51,289,9,3.207246,457
279,79,7,5.767489,316
310,161,18,19.049718,990
395,44,11,18.257907,793
297,111,6,4.191296,674
443,116,9,7.453666,1098
179,20,19,17.923550,906
268,210,16,18.447830,1037
156,92,9,9.320266,346
140,382,8,17.249365,659
439,384,13,3.198525,1038
195,255,6,6.203688,174
261,339,12,4.173426,137
218,366,12,15.564014,649
209,339,9,0.639983,1051
352,241,15,0.122208,526
396,82,18,15.274541,879
133,309,16,18.610330,428
20,113,15,7.067388,679
242,7,18,10.302462,1159
133,142,5,17.770393,300
326,187,6,2.996550,142
76,169,19,17.199537,1115
336,140,14,10.656367,1075
26,438,7,15.680216,436
105,108,5,8.640662,483
235,269,6,5.372427,841
85,101,20,1.803838,209
16,241,6,10.424733,307
329,374,5,13.754674,923
201,392,13,2.011454,147
418,289,14,1.712616,929
323,307,16,11.066493,336
230,36,10,18.353245,336
182,247,16,18.478525,494
440,437,13,11.792388,519
159,238,18,18.351917,212
360,51,7,17.425746,764
233,83,15,17.587875,992
375,200,7,7.184082,915
273,401,20,6.320662,638
132,27,15,17.911304,762
425,334,9,3.963415,785
155,400,13,7.975681,920
156,444,8,14.620588,1166
197,377,13,20.464294,437
194,233,18,5.994271,1000
52,252,16,12.908194,912
132,15,18,3.033052,875
433,304,20,3.741857,921
4,408,10,3.033814,145
264,413,14,10.415073,909
380,351,20,19.283386,213
7,342,5,3.463132,408
440,39,8,14.527958,1134
348,413,15,2.659449,850
83,69,6,7.093360,693
210,159,16,5.730205,396
265,42,14,17.824159,1011
351,20,9,13.531483,840
360,348,9,4.078864,1018
61,114,12,18.359479,666
274,114,20,18.497865,233
398,251,8,2.838034,240
413,254,6,3.241380,1055
137,128,13,4.895385,1076
268,6,18,17.443409,1072
138,65,11,10.284380,729
300,194,16,11.543423,784
14,0,5,19.654062,926
174,226,11,10.868119,187
86,167,5,11.331347,1071
15,100,6,12.314518,246
408,167,15,19.407914,341
395,28,8,10.270563,823
102,2,19,10.677483,840
412,305,18,12.170661,868
162,442,9,9.988603,165
419,281,16,11.159406,248
10,152,15,1.172455,638
197,382,5,6.869776,1077
281,279,10,1.481657,907
394,50,16,0.513897,190
317,383,6,3.150487,635
206,418,20,8.258044,254
388,102,6,1.123073,116
272,127,20,6.057026,798
69,359,14,5.122212,1021
192,380,14,7.529777,1071
351,138,10,16.172895,1003
326,74,5,8.233973,898
308,102,9,8.167989,775
216,14,9,15.841321,474
90,270,10,11.202391,169
246,286,11,6.224539,658
60,347,9,8.043835,708
38,363,5,12.133942,945
352,173,20,10.789066,119
105,290,19,17.143876,1044
53,254,11,2.766874,750
17,120,19,9.389313,851
291,329,17,18.574368,363
293,179,20,17.388600,598
206,294,16,2.360996,435
124,146,14,11.569583,1165
41,59,12,19.409686,591
131,195,11,9.545184,1087
221,172,18,9.118640,662
277,42,11,16.900563,758
114,329,13,5.259064,655
311,227,20,14.666523,465
264,237,8,14.482433,103
148,195,20,0.107711,870
418,316,7,11.929837,696
141,436,10,6.852022,222
349,271,18,9.755885,997
25,351,19,20.099828,351
269,19,16,6.012593,347
97,29,12,16.718365,917
52,402,6,1.585997,637
215,384,9,20.364688,324
439,33,19,12.139455,1170
137,75,18,15.272799,856
71,430,9,7.403119,1006
399,305,6,13.538801,128
151,108,19,7.296396,772
304,221,20,14.299964,343
87,381,14,11.672756,771
276,249,17,14.348534,1085
139,26,13,3.470434,578
30,215,9,12.876575,836
262,328,16,4.848532,955
163,434,17,2.582066,158
292,274,18,1.316484,425
328,373,8,9.239810,957
196,201,16,16.119797,407
204,213,16,10.537646,604
321,14,18,20.270857,112
404,235,17,16.298532,244
299,117,15,8.011625,1037
411,194,9,1.473479,750
137,25,9,9.204052,354
340,186,8,17.499852,879
225,27,20,9.656900,612
305,232,8,2.715260,1033
324,169,17,20.196735,667
419,353,13,16.169663,832
292,383,18,17.760602,361
384,331,17,9.722043,719
339,199,15,6.618878,209
189,273,10,14.695551,273
431,199,10,6.564910,865
13,445,10,3.799875,556
200,131,6,10.956273,165
3,256,5,20.207675,652
127,334,12,12.632980,406
348,176,18,14.690280,396
345,347,5,1.320731,1132
146,251,5,12.931215,287
105,264,7,13.908010,343
385,261,6,9.314403,1026
19,403,17,4.240889,1045
6,425,20,16.636194,416
248,257,20,3.818231,344
253,447,5,0.471804,842
143,50,19,14.375800,696
42,58,9,17.626981,285
27,167,10,7.563530,607
362,190,5,15.410005,909
15,437,20,14.562369,1177
39,308,7,14.086088,998
221,171,12,19.134837,1190
435,36,19,4.316372,523
248,256,19,5.925245,712
126,408,5,20.414474,692
261,82,12,18.019395,1163
293,115,18,15.290929,402
353,297,14,16.151383,664
378,175,11,0.378329,506
241,159,7,2.515643,504
92,403,5,13.151275,150
396,409,5,13.191480,158
106,36,8,8.885889,1047
396,268,14,20.442660,539
206,116,7,12.027977,984
153,417,8,12.461083,684
207,18,15,18.508683,258
434,230,15,11.114707,1159
129,28,10,8.907050,966
43,417,6,0.870051,571
357,209,19,12.069639,810
384,354,8,16.349969,424
221,251,5,4.637988,1118
122,101,11,9.226012,121
430,34,8,18.131658,794
65,75,19,17.415338,717
78,447,6,6.138577,168
377,289,16,11.613283,183
337,430,13,9.202410,200
196,5,5,19.489641,769
60,373,20,18.146413,169
244,185,13,2.774460,1112
278,388,6,13.749735,595
205,15,9,17.453691,1085
435,125,11,5.844016,954
438,156,17,10.994903,701
385,230,12,5.361265,823
444,275,10,2.667593,365
271,391,19,6.741043,237
177,78,10,3.041874,917
266,433,8,11.748607,277
392,263,5,7.507645,840
22,121,10,6.307002,1187
238,321,7,0.574518,1061
88,26,5,20.387817,607
365,67,15,0.914234,420
217,118,5,10.033614,1118
12,230,10,19.689125,453
224,70,17,3.038174,156
390,339,10,18.627452,1044
38,414,6,18.615161,379
162,137,9,20.105876,901
172,392,19,19.522596,924
445,158,13,6.023443,1101
298,329,10,14.145607,369
82,14,7,2.461752,225
38,234,9,0.840657,626
14,72,15,20.477349,714
174,350,12,5.117177,354
169,297,9,3.897823,582
411,315,18,3.942225,892
65,79,11,7.489528,496
210,278,15,4.840627,697
83,89,20,4.938853,604
221,278,10,17.828644,161
241,59,14,5.238327,1121
408,158,16,11.643182,361
21,138,20,9.398892,366
408,402,7,11.040173,931
252,35,6,19.335489,768
101,158,16,2.839307,1148
114,145,12,13.354720,699
4,40,9,12.952539,524
431,336,20,9.735532,524
444,127,12,14.844428,262
288,434,12,1.406291,156
319,110,6,7.497037,986
203,444,15,9.924385,312
229,294,6,14.253667,384
124,409,5,14.902053,914
10,222,19,14.972145,146
78,195,11,12.563771,893
56,164,17,11.105838,1078
208,114,14,19.582655,489
311,330,5,18.363757,281
398,100,16,10.672899,243
119,20,6,3.393713,290
54,1,7,8.107245,324
319,330,12,5.594429,680
148,76,17,3.747331,835
267,293,5,7.758019,783
12,224,20,19.080063,304
377,60,7,5.274871,1191
375,232,18,1.641015,566
438,379,12,0.711326,419
136,271,8,16.476982,249
372,192,20,14.051879,217
358,113,9,10.836765,510
209,415,9,16.601475,385
160,351,10,1.446683,618
222,437,7,4.796088,241
271,77,18,19.731095,487
394,443,14,5.440692,964
422,298,11,6.055081,1018
196,109,13,12.046704,695
233,261,13,20.005616,1124
42,404,19,17.763209,675
290,404,16,19.286586,612
114,189,5,16.410312,968
44,23,18,14.372155,237
118,116,13,7.264708,291
357,258,5,17.969581,988
35,31,14,1.738018,345
95,47,17,16.247811,473
284,447,11,9.622858,130
34,186,9,1.159817,1041
251,302,7,9.969654,523
18,405,14,8.988618,1182
334,167,17,6.642630,963
106,123,17,18.431584,1153
146,257,18,15.215777,552
331,159,19,10.114806,989
249,110,5,6.883185,1066
148,252,7,13.362192,169
15,127,12,16.836306,306
203,146,6,8.499694,777
197,433,7,7.084853,987
269,435,9,2.658380,420
397,134,18,0.305141,663
320,272,11,17.735311,408
118,142,9,12.796314,102
120,381,18,15.475964,252
260,160,15,13.036828,791
378,428,20,18.941825,748
170,84,19,9.801761,379
290,442,6,1.414857,362
156,31,13,4.838057,421
24,62,7,19.265405,110
167,364,11,10.940377,1178
187,136,12,11.555219,185
379,90,14,16.122666,702
250,262,9,19.830217,105
272,377,16,16.734882,275
121,109,12,10.872510,388
425,47,19,0.135916,815
396,169,13,8.168472,1137
237,221,5,1.364071,592
236,58,13,13.986108,700
266,409,5,8.110317,812
275,233,16,6.892563,935
259,134,9,14.513734,650
138,14,9,7.831196,1167
114,302,5,20.403774,792
264,280,8,14.728145,844
351,77,16,19.382859,449
434,59,17,10.459230,227
389,150,19,16.746992,576
370,52,5,10.428485,1146
400,293,9,8.484411,657
237,5,7,17.650005,631
282,330,19,0.407738,695
82,413,10,8.747988,1128
360,237,13,5.809829,508
442,414,20,0.285706,749
423,207,14,14.391495,1069
143,329,12,18.905021,311
22,317,6,14.734546,298
30,33,6,12.285897,1094
156,189,12,2.455408,118
447,339,13,6.035118,330
345,274,15,18.543337,150
368,441,11,11.149817,137
86,158,12,11.224494,1138
82,348,7,20.350577,688
45,20,12,18.620999,760
90,293,19,17.999989,339
192,383,15,16.564628,1112
348,237,5,6.952068,812
78,370,10,7.067461,339
444,152,15,17.671904,674
369,393,10,5.607225,661
351,64,11,7.373162,657
183,62,6,19.497935,891
358,67,14,13.341935,462
300,82,6,5.675846,600
182,413,10,10.026567,922
168,370,19,13.006093,654
106,152,13,10.127744,1178
448,187,12,19.654879,998
141,5,12,0.958981,934
396,355,6,18.273554,967
408,192,19,11.427737,852
156,201,19,6.244793,523
224,292,19,18.595613,1171
202,386,6,14.310847,332
116,305,16,2.248845,725
45,388,10,5.231599,518
207,255,12,18.624091,640
303,154,6,6.497181,955
15,289,16,5.274741,261
88,137,8,3.162806,1152
298,84,8,13.430629,1122
239,130,8,8.740603,554
219,60,20,0.291872,311
74,149,20,19.596801,715
9,238,11,14.481126,871
226,69,11,11.885663,112
18,125,18,5.403417,418
375,4,19,1.967166,833
178,68,5,15.028081,1183
300,324,16,6.868657,594
196,1,12,9.282364,505
39,275,9,17.894118,1113
274,173,15,14.635061,530
330,119,20,8.529843,809
296,150,8,5.517596,767
224,195,7,15.229152,509
147,10,17,9.079944,773
39,324,16,2.860663,1025
386,414,8,4.152805,170
213,167,14,7.066902,259
52,436,11,9.455784,544
286,41,12,6.888067,904
89,297,10,9.113787,688
38,334,18,13.872344,420
278,90,10,6.601101,582
99,219,15,11.824433,326
390,434,20,16.801800,213
231,384,5,4.519261,538
60,391,15,0.132088,1136
125,396,6,17.878999,694
231,46,5,14.448417,154
320,213,13,5.932231,876
36,449,5,18.951478,934
64,226,14,5.723961,669
347,23,6,13.399030,414
182,275,19,12.795297,232
299,325,9,5.541653,745
29,428,16,3.242320,164
92,393,9,14.140097,1084
173,6,8,8.010229,994
284,361,9,2.718697,1140
425,385,8,17.699870,750
385,24,17,1.691972,151
227,400,11,15.339176,964
91,61,16,9.960824,963
291,289,18,18.211688,1107
447,1,13,2.125062,1199
214,5,9,19.175251,1087
7,227,17,12.925482,804
254,189,17,14.118145,613
59,289,13,13.340003,328
259,38,5,13.163665,914
155,381,15,9.658740,526
247,104,10,12.047802,1056
431,31,7,16.502472,308
371,269,12,1.433256,193
288,175,17,14.429418,354
393,181,14,20.430785,451
261,398,9,10.097770,194
80,312,18,3.608526,161
160,31,18,10.465545,728
446,24,9,6.045346,575
250,362,11,5.929496,603
307,324,13,0.655103,985
84,149,10,0.205690,1159
241,205,19,2.572548,337
397,3,14,20.055973,385
300,404,14,20.028015,206
212,434,19,2.185801,353
165,114,7,19.380111,1133
9,291,10,13.084910,559
386,261,7,6.491642,347
21,411,16,16.242089,132
446,170,10,17.587517,1075
246,149,15,17.868420,1076
440,393,20,12.366850,1063
391,401,19,4.373656,642
58,436,10,2.032132,619
71,306,16,9.212341,551
145,159,19,0.857668,740
165,173,8,18.178891,778
424,296,14,7.027810,762
73,314,14,17.705647,1019
318,430,6,6.452548,592
327,128,9,10.806162,1107
158,301,9,2.297800,698
10,118,7,16.424709,574
312,295,18,14.541702,245
243,9,6,4.310306,311
335,178,8,17.840693,724
140,423,17,14.533011,779
230,271,14,5.583236,266
52,264,16,10.623299,1150
425,171,20,7.040135,204
209,56,19,6.029241,1061
335,273,5,7.138620,323
305,12,7,8.863201,551
94,352,12,6.808346,734
237,13,15,12.189696,261
197,354,18,19.902833,1043
378,0,7,20.078726,950
347,341,16,0.549205,894
440,449,16,1.141805,538
389,13,5,7.494924,503
18,104,15,15.250710,929
283,264,18,10.058209,989
315,257,6,7.566418,169
238,180,13,8.039631,288
198,11,16,8.781007,427
218,77,8,20.497147,680
414,76,11,12.793098,583
430,7,13,16.460816,477
343,326,13,6.865076,909
88,270,19,10.400321,559
289,283,7,11.636242,803
291,144,12,7.523876,732
300,424,6,0.578852,372
155,37,8,11.046758,1129
172,359,6,1.246014,140
70,2,20,17.265787,115
267,395,7,13.022161,337
88,297,16,12.410718,232
99,229,16,7.082580,838
102,109,12,1.332024,539
35,352,11,4.147800,784
162,153,9,20.390815,1022
112,173,20,3.008663,487
51,193,8,20.197183,445
136,12,10,19.856861,120
106,290,20,12.471644,1069
144,286,9,4.826823,1069
137,59,6,6.270460,317
285,26,17,7.923089,454
211,209,11,5.515472,654
194,100,16,0.431340,718
201,322,13,6.611612,907
247,309,18,4.648904,933
118,291,16,14.376642,871
151,60,6,4.087821,921
47,179,8,5.773883,1125
11,348,20,11.101038,165
22,163,14,7.959340,818
225,88,17,7.741709,875
107,6,13,7.289856,645
359,435,14,1.712222,236
258,386,15,6.052693,804
285,230,18,9.410015,973
362,164,12,3.796381,926
303,316,19,13.430019,359
361,305,16,8.936279,358
95,392,10,1.851302,1052
6,221,19,3.292511,659
146,177,8,19.042600,164
180,383,15,9.147429,1118
1,322,11,3.113367,1040
267,79,12,14.187079,840
163,329,15,4.323474,1187
439,317,15,19.625548,877
61,381,18,3.641725,804
165,65,20,4.688930,998
183,314,19,0.810684,494
157,410,6,11.440546,1173
301,442,12,8.710371,444
239,120,10,16.184739,717
360,110,10,13.315550,849
242,30,12,7.083767,1024
416,55,16,17.206596,225
423,47,7,8.479770,121
255,302,9,13.094989,1001
397,308,20,11.972038,532
317,114,12,7.603945,557
297,250,17,18.020055,902
55,88,11,8.315281,324
355,135,6,7.666685,1175
440,163,13,19.512219,863
165,109,8,13.788026,1009
397,322,7,2.534279,1011
131,363,8,11.406014,1193
74,100,16,12.496063,121
80,297,7,20.231654,1017
182,7,12,1.582373,443
355,218,12,13.011547,1129
282,284,9,12.685324,720
75,408,20,6.037176,1042
204,324,11,9.909435,303
318,429,7,13.886524,610
371,364,13,15.850790,455
277,82,11,15.324042,369
207,75,19,14.430413,690
289,132,6,3.580984,420
351,404,18,15.839270,949
336,256,5,6.985880,1075
75,136,17,11.883121,679
180,224,16,16.258790,973
125,418,19,8.879637,622
224,40,5,16.885562,215
437,221,16,6.513694,895
346,94,18,12.048812,115
72,281,20,6.920732,571
33,48,8,5.701428,822
31,411,11,15.251529,564
218,252,18,19.167854,578
365,342,15,9.123098,787
269,389,9,12.243009,619
44,19,19,17.436564,475
20,149,14,5.618149,882
309,365,20,11.954459,432
332,141,20,2.446597,806
130,425,5,1.533020,858
171,179,19,9.100418,582
302,20,12,13.521132,1190
321,405,15,0.137510,499
20,85,12,9.470661,175
341,161,10,19.313745,380
150,278,6,11.431895,361
47,340,16,16.471668,1076
219,397,14,13.592175,633
161,67,5,16.170716,695
53,76,14,7.297667,544
66,384,14,19.744487,109
46,169,15,0.637962,875
184,362,8,7.052706,206
10,414,20,16.343135,464
245,90,15,2.087596,997
230,45,13,5.574452,218
256,44,17,5.428016,1127
67,2,19,12.977733,694
47,292,7,17.115749,348
354,291,15,2.362427,225
33,287,15,14.997712,940
233,222,18,6.478922,817
423,182,14,11.554354,441
403,236,14,8.833130,1167
444,170,14,14.841992,1004
71,444,20,0.794477,474
6,258,20,7.607986,781
1,231,6,3.835503,1168
189,137,20,7.877999,1162
83,195,13,16.972753,711
11,173,10,10.934271,1197
186,316,15,12.312390,888
84,376,12,14.966084,240
39,282,9,14.969057,782
345,302,7,12.842585,155
59,94,15,19.594617,1158
26,364,10,7.425803,348
327,114,20,19.857127,866
352,78,19,3.164504,193
191,416,12,20.300810,560
388,211,6,14.551159,827
232,210,20,10.709300,115
64,110,9,13.339530,243
441,395,7,9.519518,798
369,165,19,9.210802,129
268,148,6,8.632523,186
275,421,20,3.276976,492
323,81,14,17.877261,1097
39,72,5,8.511099,481
273,128,17,13.378946,951
84,52,18,10.486987,152
293,46,6,10.846212,904
193,197,9,8.593607,937
141,297,12,10.396610,270
440,340,8,19.625285,505
8,418,7,7.148872,328
157,198,19,14.106317,610
267,29,13,12.040939,817
58,94,9,18.086598,866
129,272,6,3.061430,993
76,346,18,3.563706,179
234,288,6,10.240318,720
324,215,5,15.939687,649
300,145,17,6.391360,755
100,33,12,4.831845,1147
10,72,15,16.825968,643
446,387,5,2.727750,632
36,160,19,6.500382,288
183,296,7,6.940864,668
230,429,14,4.781558,606
319,99,16,16.941631,245
428,338,8,14.828285,486
23,259,9,0.163893,229
153,64,18,19.594575,182
122,232,6,6.761881,403
173,73,18,18.684884,582
352,83,20,8.938583,930
416,154,12,11.938435,461
155,217,19,11.320154,578
0,405,14,9.787324,811
62,279,19,4.097266,393
139,207,13,14.484181,448
54,366,5,11.972491,1083
46,293,20,15.690344,536
397,6,6,11.000245,751
136,147,11,17.639775,515
60,186,9,7.573282,926
166,273,15,3.809063,919
67,427,17,16.611642,957
31,224,11,13.270781,610
280,147,16,9.796564,808
433,99,11,3.991522,191
151,164,16,3.418401,458
108,427,5,5.740208,268
39,297,11,7.808594,177
100,428,12,17.621761,118
412,88,17,1.122788,528
332,127,20,12.059633,691
268,221,10,5.078404,222
404,222,9,6.333757,298
407,216,7,3.165132,702
70,351,11,2.140242,643
137,358,7,8.192979,718
320,49,15,13.972096,149
122,53,10,12.031221,973
449,382,15,6.082770,539
130,357,9,6.503767,1150
143,28,16,9.640970,588
386,243,19,9.776020,714
200,185,14,19.375836,702
282,150,13,10.606845,187
321,362,18,19.804868,953
216,362,16,9.496567,962
137,278,13,18.684132,567
99,150,20,9.527021,351
39,392,20,17.230352,361
11,274,10,13.722478,654
248,359,19,11.723202,580
413,135,6,0.273363,860
51,180,19,3.979742,1134
162,301,20,2.268716,803
332,423,10,10.206343,469
186,218,19,10.661445,925
32,76,8,17.695105,778
40,361,8,14.144400,121
264,307,12,9.380144,965
253,234,18,0.807551,445
346,128,16,10.108638,226
347,239,6,10.562454,722
146,114,12,11.052074,553
437,201,18,14.403327,643
272,65,16,14.292134,883
311,434,15,8.435813,878
346,6,12,18.424511,1193
76,175,10,9.027495,272
255,202,18,18.935626,528
48,384,6,8.912394,347
71,173,12,15.185248,103
345,277,8,12.496440,840
435,434,10,16.721508,1183
407,323,12,13.473391,1135
45,280,9,20.187410,915
280,323,9,19.979413,188
409,119,13,11.610866,102
147,305,19,18.971561,185
70,277,7,11.786398,844
439,363,18,13.446860,403
131,346,13,14.888933,932
435,366,10,17.395034,377
252,1,9,3.300714,724
383,60,11,1.399913,279
261,12,9,15.298221,818
106,190,5,11.956372,149
320,405,12,11.434774,926
217,223,17,6.510566,610
322,329,14,6.520216,760
62,400,11,1.674400,637
141,248,12,19.269941,591
352,404,13,14.306782,1131
239,203,8,5.251304,624
382,93,7,13.827204,783
115,366,8,10.821880,805
387,447,17,6.781781,433
146,214,16,15.051472,177
103,186,14,6.634017,814
43,352,10,15.754583,890
356,445,8,8.594678,629
274,226,16,15.603944,304
89,245,16,7.212616,589
186,395,20,19.927558,721
49,350,15,15.197397,217
329,319,7,15.409182,661
308,294,13,3.557967,489
124,372,14,10.826560,676
165,228,17,15.034916,277
335,374,14,11.872035,1076
202,424,10,12.237791,464
217,357,13,11.046136,1016
149,348,19,6.165966,279
448,234,7,17.296022,594
365,193,16,11.348006,314
45,72,20,7.699031,778
253,235,10,0.598653,151
205,88,17,8.212776,982
153,381,15,12.400727,971
241,302,20,7.890981,535
164,70,12,2.606592,558
9,27,11,10.000115,1188
271,179,5,17.773432,373
387,12,18,15.252939,785
150,405,12,10.142413,165
39,295,11,2.422645,475
349,299,19,1.541746,806
173,284,18,0.399334,724
285,60,9,9.275270,1017
240,178,12,7.659975,934
238,253,19,2.263423,791
27,340,20,14.469055,828
271,230,17,13.795135,1187
177,282,17,12.833621,739
118,355,15,16.218590,1163
367,298,6,2.322748,284
151,25,15,2.838944,1035
355,112,7,10.521806,1107
87,11,8,9.148628,436
122,17,20,20.342593,660
166,279,14,7.493651,899
348,183,5,17.643848,559
296,99,13,17.298336,467
337,159,20,0.173813,600
320,34,8,17.185548,373
71,393,7,1.818473,178
389,49,20,10.107461,1174
71,394,11,0.421360,191
449,338,5,15.601224,1187
210,215,19,19.335924,1094
423,144,13,9.546401,332
304,190,8,3.538234,1199
376,264,7,17.197089,403
109,37,10,12.393678,254
17,241,10,6.357984,822
92,282,14,16.156500,1110
17,248,7,7.590622,910
207,69,8,17.697775,326
410,388,20,13.466279,260
28,364,11,9.081619,1141
338,360,20,10.458834,767
279,180,8,4.482735,373
29,118,16,7.185581,347
190,270,20,6.290877,969
102,333,15,14.566737,123
297,266,16,19.488901,251
56,168,6,7.728601,550
60,142,12,6.305905,850
281,283,14,8.774412,493
244,10,18,6.740524,617
306,289,16,17.121992,833
148,35,5,17.638874,699
92,333,8,18.002866,269
115,138,15,18.616924,958
8,102,10,2.882630,1126
296,418,16,18.157042,436
121,296,16,4.809056,286
426,83,20,13.666534,454
315,75,12,8.312517,976
82,115,8,3.346584,378
366,215,7,2.480803,717
370,254,10,7.484577,745
449,440,10,14.660173,294
339,380,18,16.034132,113
61,334,14,5.773488,1056
422,319,7,12.230717,358
439,355,7,16.084979,500
134,33,20,17.287451,942
358,31,11,8.417162,100
290,120,15,6.863024,458
386,203,8,4.777085,634
154,117,15,4.815218,494
76,173,20,13.323126,548
105,341,7,10.313815,675
60,93,12,9.915172,489
353,179,17,17.905639,851
393,44,16,11.020887,493
205,364,14,3.498976,514
339,383,8,8.905852,1140
412,29,11,19.326015,992
375,123,8,1.220287,437
73,13,16,1.067490,621
56,243,19,12.390892,920
112,363,18,2.427487,867
351,326,10,13.754109,624
124,415,8,16.336172,475
249,301,16,16.951586,861
448,437,13,20.011370,264
147,159,11,0.381399,713
135,118,5,14.038255,192
53,340,19,11.673915,103
19,282,5,12.137813,439
301,355,13,0.653164,1117
5,68,19,1.380140,974
307,133,12,11.645788,843
52,142,17,7.702811,590
280,448,19,0.756200,977
75,290,19,5.099777,524
366,302,7,19.753195,967
326,63,13,12.922183,498
256,427,15,3.972961,228
367,125,5,2.994355,438
305,138,12,6.496925,545
326,183,10,20.079456,792
376,148,12,19.761192,849
179,443,17,14.877619,1123
392,33,8,20.127165,924
301,148,11,14.257543,540
426,318,6,12.180620,1189
260,89,11,5.895724,550
326,412,17,7.449284,320
32,161,17,2.526783,419
169,314,6,2.453207,1058
58,64,15,1.916624,578
207,36,18,3.076041,759
406,220,15,8.390115,1023
437,377,17,7.731559,671
280,172,6,19.904662,1022
342,120,14,17.041176,364
157,100,8,8.868001,332
88,115,8,10.817039,1148
365,159,12,14.733008,726
28,9,14,0.386828,790
334,321,8,18.499679,741
242,227,15,18.304793,233
439,318,8,13.454371,370
447,102,16,8.315391,264
103,119,14,18.781211,794
35,172,15,17.789271,761
418,122,8,18.358666,529
255,267,7,14.248407,308
323,128,18,5.553500,212
248,346,19,3.327965,364
15,385,18,10.902759,956
4,128,8,15.380089,192
344,245,19,4.994380,518
294,302,8,13.910780,707
0,71,11,7.350445,827
269,27,18,2.582057,343
268,102,14,19.324192,667
106,214,8,2.309609,1084
40,8,7,19.052760,606
265,268,15,12.869302,962
54,192,13,14.326148,944
447,5,14,20.241731,967
48,151,9,5.599999,954
27,343,9,9.751273,853
293,36,12,5.451705,512
237,346,15,18.620957,959
276,260,19,13.939821,189
288,335,8,18.262290,796
134,113,16,2.382328,335
123,248,6,9.716565,582
412,140,20,9.060430,293
88,234,18,7.616372,1078
216,389,15,19.461325,253
330,26,18,5.031432,613
203,127,13,18.623125,390
343,196,18,5.784425,445
44,162,7,1.128629,131
187,296,16,0.892214,378
141,278,8,9.448576,391
214,59,9,3.886597,1106
214,153,20,11.580309,169
96,54,13,2.171015,654
200,12,17,16.793652,219
167,375,12,20.129337,1140
219,355,16,20.217099,728
382,441,7,11.165961,522
217,368,18,0.374519,1094
136,10,5,1.269645,642
282,299,19,6.139275,826
195,25,11,14.488598,826
292,114,13,3.832050,690
307,399,16,5.109771,705
75,399,9,19.887359,565
199,341,14,10.651736,1083
344,86,11,3.485185,1039
336,37,8,17.009429,1101
416,13,20,8.852831,884
150,37,20,7.961118,429
221,395,12,0.879922,308
138,91,14,16.543212,770
1,28,18,9.382983,1052
139,243,10,3.333279,743
21,23,14,7.189423,426
387,333,5,11.822596,429
188,247,8,5.291705,448
391,375,7,0.517609,270
72,315,17,17.434834,336
203,84,8,0.065374,648
90,207,18,14.625028,1063
431,342,13,11.584256,117
384,327,20,18.112266,393
333,176,16,13.207108,961
301,435,16,12.114051,124
64,427,15,14.040506,221
284,288,9,15.068922,190
419,441,20,3.995791,1157
21,383,13,1.716891,587
41,431,10,5.875989,572
226,89,7,16.244281,217
168,211,9,0.775894,336
23,351,19,2.218016,629
381,347,16,12.193224,927
404,137,17,17.038342,282
3,172,19,3.799864,473
96,11,18,17.499167,692
343,375,20,0.681228,742
187,164,8,0.029291,1058
427,270,7,16.285821,815
445,28,10,5.258105,664
230,329,5,13.774964,984
172,387,6,4.624840,782
69,235,13,19.358235,376
408,416,20,15.744490,195
193,47,12,8.668178,583
218,253,20,5.921778,857
399,108,14,0.746455,323
187,309,9,15.940071,986
419,93,14,7.776902,878
86,71,17,2.688784,1116
422,36,19,10.412611,809
115,237,18,16.020507,543
378,239,6,17.216526,782
244,196,9,3.760472,640
94,166,20,19.850359,794
442,269,11,18.628711,115
114,437,9,18.224684,459
104,77,18,18.436074,912
216,204,17,19.949603,149
197,152,11,16.642941,771
409,91,13,16.458861,1120
349,158,13,3.010381,855
129,355,11,17.317343,1096
52,301,19,7.453326,261
210,235,12,0.819333,697
204,195,5,17.991382,1164
52,238,8,11.497529,899
343,413,14,3.627359,364
272,15,20,1.546428,498
368,342,19,11.184570,749
182,38,6,19.191827,549
253,118,16,4.827071,1143
315,435,12,2.929804,813
237,271,16,4.938702,752
234,362,20,12.056682,386
303,412,7,19.775363,253
375,399,20,2.638470,933
354,294,11,10.249524,1039
267,235,20,16.486389,192
189,299,20,18.855947,545
425,380,14,4.039126,981
179,393,7,0.759205,304
253,84,10,0.718779,225
387,54,10,14.393028,419
444,272,17,4.000537,470
245,397,14,15.095116,824
252,118,12,10.594525,561
351,341,18,7.419075,637
366,359,17,1.727961,715
380,288,15,7.004837,999
316,256,16,13.855702,455
364,93,13,17.476383,101
167,25,15,7.939151,163
289,209,8,11.601043,1016
171,392,11,8.026364,358
403,18,16,11.391554,245
306,77,14,12.566677,914
32,147,10,4.105546,1161
277,158,5,6.975619,128
371,179,11,4.632008,723
444,191,18,4.205134,619
352,195,17,12.325123,869
403,79,11,8.318633,528
106,376,17,6.492903,486
340,232,10,11.500349,186
193,228,18,10.498449,1146
149,141,9,5.563344,745
218,169,14,15.703020,706
236,71,14,10.854897,852
354,416,14,10.930841,1098
2,430,6,3.252244,225
98,387,17,6.138300,632
365,286,11,9.247964,1095
448,13,20,19.052437,793
333,376,5,15.383967,743
180,256,15,12.561468,917
147,358,15,11.621870,1181
188,380,19,19.859601,289
413,56,12,17.048989,301
332,25,16,1.129414,983
197,375,19,9.087192,762
243,260,13,13.216455,344
51,194,6,14.427623,127
6,68,9,19.407659,1043
341,296,13,16.459221,656
282,227,20,9.384754,523
394,267,12,11.917761,482
231,74,14,2.973248,688
226,265,16,4.625505,609
155,403,17,2.611197,429
414,73,14,7.290761,892
67,431,6,8.258084,1097
12,392,18,14.110115,1167
147,94,18,14.825114,163
368,301,20,11.652387,657
303,304,13,10.202443,576
181,357,10,14.435345,701
345,251,16,8.845285,432
308,267,20,0.547204,892
319,256,20,5.791576,691
239,441,8,1.008093,1162
245,233,17,2.816286,676
392,314,20,11.397908,710
10,440,8,10.945136,236
43,365,10,9.460835,964
70,146,19,11.752679,150
213,62,12,4.476402,753
58,1,11,2.554590,1131
409,426,7,4.868833,804
21,364,18,9.591944,374
290,218,10,14.259165,1073
100,251,20,3.488816,178
18,70,16,7.919974,606
429,97,9,18.405012,792
35,6,16,1.602737,1076
158,283,7,0.454079,1061
128,182,11,3.395382,879
297,239,16,10.985073,329
423,181,14,14.079209,286
146,330,10,5.775336,951
416,230,7,13.299464,778
295,28,13,19.974883,429
73,177,6,15.039696,1116
70,403,6,3.708299,881
26,193,20,20.391459,997
188,359,11,7.366631,873
388,342,15,0.543135,275
321,194,17,20.486103,1000
252,417,19,11.578472,590
416,423,5,5.072274,910
373,318,12,15.443442,329
215,332,20,9.663525,902
438,183,11,2.822860,724
364,165,13,2.690505,158
81,386,19,6.040181,662
407,47,9,11.713409,520
63,377,14,14.820470,1152
336,301,7,5.942328,230
212,180,9,17.952876,1093
243,187,14,8.949570,962
369,402,7,3.563120,1103
176,15,18,2.273520,1063
29,283,20,10.472858,690
399,301,6,4.348217,927
415,61,12,19.602731,166
376,260,17,3.722391,943
53,440,15,17.417485,1118
220,350,14,2.881495,600
244,113,15,16.943571,250
237,289,20,8.596782,227
288,91,17,3.593256,285
249,400,15,5.477046,628
240,50,10,5.085108,303
146,149,13,8.253293,934
174,364,11,1.085263,900
356,408,19,6.800683,487
92,86,14,13.578739,273
342,418,10,9.382202,688
63,417,20,8.181013,540
42,336,19,4.931347,266
395,259,5,16.592436,978
109,138,7,16.587140,1003
32,123,7,0.873621,966
228,328,18,6.060913,855
107,427,5,18.187917,583
333,45,14,13.831963,687
229,206,5,10.538939,289
213,206,8,18.813152,199
191,131,6,0.265107,1018
428,123,18,3.258167,376
267,362,20,16.541272,588
8,71,20,6.979886,555
315,358,9,8.136071,766
386,297,8,4.424281,417
218,310,7,11.336102,1121
167,380,18,8.622179,289
324,143,14,16.811384,190
247,168,5,19.727605,1008
29,340,14,4.287486,129
203,255,16,18.759717,369
325,28,6,7.164089,183
76,182,10,10.026955,354
47,79,9,13.938719,697
12,81,5,19.612200,241
430,132,20,2.111695,972
325,85,8,2.315176,481
98,350,8,8.196694,374
202,295,15,18.113758,981
350,16,18,0.333709,668
14,396,17,15.584479,425
43,84,18,4.121494,281
72,192,12,8.592113,103
94,361,20,3.256180,208
327,116,14,5.183595,1065
164,435,5,11.198500,212
439,240,12,13.106490,610
285,180,18,12.421104,197
84,132,15,0.076220,521
79,373,16,7.128196,807
232,330,13,20.282606,786
119,118,12,5.507018,1199
16,212,15,15.557611,855
93,43,5,9.059335,1140
171,263,16,11.770512,948
160,71,19,2.286306,1026
352,246,9,12.547169,150
285,228,10,9.071154,289
282,30,9,8.190377,998
376,393,17,14.133041,854
201,200,11,1.265148,232
389,134,5,0.889074,689
211,387,15,13.107125,1132
31,284,19,18.539385,779
228,80,16,0.759400,306
31,283,16,1.333328,982
183,58,9,20.145700,518
396,237,7,13.842388,936
183,393,10,17.691381,1150
54,94,15,13.053468,419
330,54,7,14.725841,826
366,66,12,16.325756,748
10,423,20,3.612228,342
20,366,7,5.012701,132
392,448,16,13.504899,975
75,380,18,12.956757,188
357,337,16,6.312078,755
373,227,6,5.355807,629
331,60,20,10.082260,915
182,234,9,8.400065,580
330,290,19,6.999676,403
241,266,5,12.676474,593
312,411,18,4.087935,996
279,209,14,18.606734,765
421,236,5,14.914245,246
294,336,16,9.395597,1012
197,155,5,9.308811,940
226,325,7,11.129950,1192
13,118,18,8.373955,493
434,154,19,6.988384,1058
51,60,5,5.199184,1040
171,150,7,18.453876,583
115,159,16,13.495108,480
344,328,11,15.633171,858
121,30,12,12.066783,731
442,137,6,8.228299,676
29,338,15,5.513883,674
230,388,6,9.595194,622
104,278,7,8.696622,489
307,64,11,8.788169,665
4,189,12,4.926910,1052
385,329,9,8.721328,400
251,141,11,17.464906,301
104,147,18,3.395913,713
316,399,13,0.237030,193
268,54,7,4.524769,948
23,204,19,16.540946,1173
127,144,10,13.904258,354
105,372,14,19.550166,473
400,77,6,11.780165,223
180,90,15,6.416228,287
2,236,19,16.156472,896
418,52,9,12.838062,855
176,271,9,0.720031,719
235,267,18,7.376368,1131
85,47,20,9.186863,804
182,212,5,18.271957,643
180,418,16,1.430784,100
330,28,11,7.677704,506
308,39,14,3.485950,701
443,322,20,4.016081,671
42,29,11,18.101778,555
356,247,8,7.948994,1189
261,211,13,8.005538,294
322,39,17,0.581973,1157
206,88,6,3.790921,230
142,108,19,11.333120,400
109,174,19,4.591962,121
182,295,18,12.040340,166
305,274,17,11.319561,1102
313,74,16,7.453364,981
113,398,6,3.658977,861
379,283,15,17.800209,1049
77,349,15,12.523523,218
330,391,15,4.436957,475
146,412,6,18.126834,502
215,270,10,1.937012,343
147,259,19,3.560781,683
185,111,6,5.433362,529
445,109,9,15.157845,118
292,326,6,8.395525,155
358,123,18,7.365079,995
443,44,5,5.299032,1116
267,426,7,9.232505,878
112,427,5,14.401367,964
230,258,14,2.254681,803
376,160,14,19.961751,355
123,197,11,11.527947,123
354,39,19,9.311386,932
63,335,14,7.033879,907
16,92,14,0.256966,643
31,21,11,10.970136,610
98,441,12,10.861777,569
386,351,16,3.633318,949
141,19,18,18.443993,597
234,118,18,1.143110,1089
240,1,17,13.400758,948
447,182,18,10.612815,430
141,299,17,18.929979,719
278,71,11,15.748836,1164
34,325,11,14.743773,300
444,217,18,15.444559,597
303,310,9,18.687729,347
423,312,16,10.504550,763
17,254,18,11.859208,622
48,435,16,3.478226,1139
228,438,18,2.367787,622
205,262,6,13.459554,1176
104,360,14,16.881434,505
278,106,15,7.653735,1118
246,104,9,9.105858,926
269,334,10,8.897210,104
239,230,14,5.982686,220
204,362,7,13.614684,930
179,160,20,13.460925,1137
55,415,16,7.076339,1095
1,164,10,5.256184,326
245,52,15,13.496883,415
247,151,20,18.684765,372
23,99,18,6.059017,723
177,94,6,9.753009,192
177,447,11,17.560440,1136
353,129,7,14.965188,339
212,278,15,10.436557,580
401,366,20,8.377031,215
273,359,6,10.538561,743
422,364,7,0.360422,831
412,367,12,10.890812,448
289,261,5,2.259839,321
384,31,9,8.662915,741
236,386,7,19.481073,193
438,227,16,14.787446,112
286,5,7,20.030423,234
63,2,7,5.124130,440
148,270,16,2.477556,833
208,172,12,6.751811,458
250,427,9,11.870188,1171
241,193,14,9.404794,186
404,59,12,1.977023,412
403,387,15,19.857592,652
372,366,7,5.368938,765
446,288,6,16.189866,176
292,285,14,11.483894,224
99,334,13,9.708691,977
99,416,11,8.837325,290
155,240,10,18.190407,383
218,238,5,17.297108,755
387,317,14,19.146472,260
234,213,19,4.719502,391
98,406,20,12.933844,1070
370,10,9,17.529626,709
138,60,12,0.918867,730
26,339,12,13.733616,220
203,38,18,2.584012,818
58,60,13,18.443399,143
328,196,16,13.184491,168
375,50,13,10.481638,584
310,46,7,12.722381,999
333,410,10,10.020864,241
99,264,8,6.319379,228
100,291,12,15.557376,383
108,64,9,18.878170,150
30,393,13,13.429530,512
316,443,13,13.835350,652
383,275,9,19.744680,1063
399,132,14,19.918253,426
345,130,15,13.942292,1179
293,270,15,6.666408,119
134,62,7,2.876362,1063
343,53,5,13.184233,290
