Source,Dest,RateLimit,Latency,LeaseCost
85,245,15,2.205763,566
138,29,9,10.684809,1108
28,169,13,19.251364,996
27,259,6,3.283159,1121
398,95,20,1.609799,877
281,166,11,15.531526,733
78,47,6,4.589945,299
207,283,18,2.601798,771
303,27,15,5.150716,526
109,296,15,19.346581,729
343,206,7,12.155052,319
279,56,11,10.901203,139
22,83,18,2.095453,1083
262,228,7,20.178151,120
220,158,20,2.407239,1196
354,383,8,15.699365,352
229,289,12,18.016680,1130
323,345,19,4.474276,555
196,254,12,2.324256,969
293,380,6,18.020680,105
368,105,12,7.882247,388
46,232,11,15.057428,756
219,327,15,14.848248,182
306,231,14,8.066536,1093
172,32,9,19.955070,668
260,231,17,5.067413,389
229,84,16,10.367365,399
30,119,12,7.573494,339
177,216,6,7.490559,880
188,104,8,12.178872,566
354,380,12,17.388613,701
341,337,20,7.452778,192
191,108,14,16.081803,239
90,205,13,0.279572,981
355,57,18,4.132238,1118
154,166,19,6.129195,164
177,311,12,8.705696,606
392,152,6,1.230633,1067
30,15,5,2.437330,226
268,166,12,8.738352,536
288,299,9,20.016204,209
357,159,5,12.535342,1084
397,238,18,13.414257,551
117,54,20,7.777619,788
312,273,9,13.036758,999
372,362,18,0.902602,649
110,281,14,10.518778,1045
282,250,17,13.548277,508
89,386,8,1.658367,174
190,191,18,10.933723,1183
76,394,7,10.990017,123
158,213,5,14.185450,224
14,370,11,4.602575,176
164,270,7,14.044466,483
52,171,7,13.365148,884
299,203,15,6.515985,948
158,308,7,8.087845,470
118,225,10,5.725632,964
296,76,8,1.651129,897
399,159,18,3.105480,667
71,201,18,10.478530,290
93,304,19,12.694290,476
168,377,17,4.573859,566
227,126,13,12.942841,703
95,186,20,17.301374,876
81,353,8,9.763696,787
200,327,17,17.362063,754
197,32,15,10.757134,710
83,320,7,14.864261,620
112,61,5,12.881412,1117
264,351,20,9.789709,1012
245,189,16,12.135350,962
15,315,13,0.701946,361
160,7,9,13.258593,716
263,228,15,4.428609,1108
46,7,17,1.312015,568
328,225,8,1.202224,952
282,274,7,16.647502,539
206,155,8,16.675156,666
62,308,17,8.757851,384
5,161,10,17.726722,1156
73,306,16,12.362499,965
269,263,18,19.468999,1142
313,211,6,18.523905,945
72,68,19,1.690849,799
109,127,9,14.411695,842
43,275,13,15.541620,123
190,379,6,13.863958,971
318,127,14,3.978415,763
327,326,9,7.502194,1071
6,384,8,10.933929,259
250,166,7,16.817335,783
192,392,16,9.577859,618
261,179,7,6.582634,490
129,33,13,8.506794,1017
119,101,12,9.093414,792
358,53,14,0.433672,580
285,355,10,3.013084,990
27,312,20,9.120931,1188
129,299,13,10.287181,511
293,126,7,20.312471,333
376,239,10,14.064636,938
12,64,6,1.730930,707
213,356,19,4.790433,436
77,237,7,14.656715,774
395,235,13,14.046835,220
20,136,15,20.111355,209
105,314,19,20.159300,923
325,367,16,5.083087,1190
59,233,5,4.914761,143
340,312,17,8.848299,145
245,399,9,0.197933,104
213,64,20,11.423565,1054
110,280,5,20.465501,693
312,172,20,5.386689,964
83,193,15,10.484972,660
18,94,12,2.981561,139
24,340,15,13.863128,249
345,204,5,16.536340,863
301,56,16,3.140291,690
164,263,7,12.415248,527
53,323,7,6.325905,531
252,102,11,20.232401,1054
104,332,16,19.148339,165
308,122,18,5.754884,1086
71,191,16,12.576641,595
164,84,10,1.428144,794
240,225,8,7.375455,158
330,146,20,17.614204,1015
96,0,17,5.658117,485
83,106,14,10.333524,904
320,176,7,15.217320,1136
91,368,12,14.278657,694
75,183,15,3.658420,1138
315,168,10,15.271711,693
104,99,15,0.451797,812
180,239,20,15.816008,191
159,238,12,10.033183,983
378,123,8,9.429370,868
220,95,10,5.347071,714
195,320,17,6.106790,834
95,169,14,6.091014,678
398,103,17,11.704962,199
358,32,6,13.670957,181
319,11,11,6.404304,773
191,146,5,19.417385,278
172,97,16,9.842937,312
318,27,15,3.197031,338
109,128,16,3.836834,495
364,369,15,0.289660,922
107,90,17,8.965255,1170
268,205,9,6.157432,1171
220,289,18,2.921420,768
186,69,6,3.972299,377
3,355,13,11.519836,1145
275,300,13,20.025042,361
4,228,13,20.234068,152
204,50,15,4.162157,551
287,265,11,11.719480,716
244,354,8,6.422400,1197
167,172,10,11.356170,301
143,196,17,14.043231,486
301,232,15,20.237094,414
80,381,15,10.673899,401
98,16,17,8.356837,221
196,270,16,5.704321,994
124,191,20,8.464839,921
377,323,11,4.808842,583
282,249,9,10.446980,1199
64,278,18,10.655736,716
390,185,17,1.847535,659
247,272,19,13.090180,360
289,325,12,7.459403,965
344,289,19,2.280035,582
180,187,11,8.005226,421
350,367,15,9.628641,728
195,336,6,12.024808,394
375,78,10,3.218870,501
207,379,10,5.162412,483
163,306,20,8.228589,343
65,294,17,1.357748,547
30,284,8,8.811380,396
331,293,6,10.762172,1141
306,156,16,4.225833,1199
257,170,18,8.582317,128
224,33,11,20.359294,202
283,397,14,3.641609,794
259,63,11,4.066383,522
358,281,15,11.018632,599
232,245,8,14.650982,363
268,286,18,6.391420,892
94,44,15,10.861170,810
257,322,9,20.001526,1096
360,125,18,12.858248,726
175,262,5,8.154943,408
136,333,11,18.727908,404
128,39,18,18.537392,330
371,233,18,6.026112,404
281,89,16,12.635215,1177
75,272,20,7.611565,841
369,302,17,8.094492,559
145,365,11,15.323978,932
196,14,17,8.054689,237
315,72,18,15.946913,440
215,338,20,4.961334,666
297,288,17,12.184880,570
244,24,12,18.882025,442
181,9,7,3.482263,323
0,282,9,20.244039,571
153,122,12,7.009779,443
304,47,12,12.478330,947
113,296,5,12.483247,164
206,120,17,13.621272,471
32,62,16,17.292918,497
380,260,18,15.124909,510
324,57,5,10.152552,302
302,79,20,6.285455,1084
333,346,5,2.474211,126
9,144,9,8.296829,579
35,257,17,16.695939,236
194,303,9,5.885319,315
105,67,5,14.742704,1059
215,164,15,1.490732,787
8,323,14,18.231986,397
82,384,10,14.534425,451
119,302,20,0.674297,704
145,398,17,10.030848,863
384,385,9,2.865730,1041
165,310,10,7.579445,167
135,285,18,6.530069,1063
340,151,18,4.691483,969
110,35,11,5.812716,628
101,67,6,10.969625,770
237,361,13,19.924532,337
169,368,9,17.052789,775
334,290,5,5.697687,669
13,361,7,13.184306,696
199,1,13,5.540045,168
376,399,9,19.533733,710
306,248,12,14.166374,103
47,1,16,6.862852,903
12,136,14,17.806031,799
148,240,17,15.611424,951
375,380,5,16.580814,582
46,128,13,2.252967,257
43,326,8,2.550491,449
110,76,10,14.961359,192
217,71,8,13.051630,744
224,340,14,9.071155,549
361,40,18,17.992775,235
302,295,6,5.199845,102
214,82,5,11.530645,138
97,340,11,3.599031,851
42,383,19,3.541427,753
179,35,15,4.468677,825
22,248,16,10.201638,732
372,138,12,1.111119,1055
114,302,13,8.917693,456
14,203,18,13.916699,162
244,228,7,2.944395,341
305,377,6,15.326544,881
287,318,17,15.649330,388
139,95,17,0.401251,132
153,145,6,11.827607,201
380,328,5,12.423220,423
64,267,5,12.070698,410
131,3,18,3.937607,1066
66,275,16,15.053099,1020
314,323,18,19.161867,515
153,329,14,7.579128,943
398,97,17,14.079860,753
287,181,9,6.456025,139
216,165,12,16.345598,554
11,158,9,7.619175,792
283,336,20,1.244768,988
289,337,15,1.255242,303
272,340,20,12.360858,450
107,358,15,4.318085,1018
357,296,20,4.559881,1036
105,370,15,4.036663,630
238,207,14,1.607077,673
388,187,20,15.422800,471
304,192,5,18.557569,1026
301,303,15,10.518131,528
184,237,8,1.379207,518
102,95,7,20.443153,295
300,61,13,16.917127,660
362,301,8,1.605946,667
307,49,20,1.030526,1087
115,18,20,13.549281,432
285,274,10,15.761104,478
44,175,5,13.142752,801
250,219,13,12.918788,595
265,125,6,14.158846,1167
191,272,16,11.899668,1007
65,295,11,19.766215,692
325,71,19,5.748197,799
138,275,8,6.090471,778
214,91,12,9.215934,115
6,148,6,18.075377,380
8,79,8,1.966644,546
232,45,11,11.504024,371
84,256,6,12.945916,643
194,93,17,7.448289,295
118,261,7,18.533502,1142
369,159,20,7.202829,926
157,260,16,7.964481,1131
138,329,12,1.947490,258
64,99,20,13.057840,201
126,246,10,5.480630,598
146,193,11,5.947328,594
152,164,19,4.603531,474
245,359,13,19.179853,475
0,95,7,4.799209,850
39,6,13,15.492952,674
215,67,12,12.632633,422
383,73,7,16.938357,902
288,42,7,9.877845,370
11,95,16,12.582567,1080
394,304,7,10.787045,204
236,248,15,9.495951,945
229,315,14,15.116252,1011
394,249,10,11.688995,723
128,231,14,5.440930,883
116,180,17,16.764242,675
116,150,12,5.137760,1149
140,143,7,19.787488,394
13,201,11,17.817078,857
17,150,16,1.349751,200
174,360,8,15.184873,1105
116,196,6,7.549701,358
396,73,7,6.995959,1057
332,153,18,17.540310,779
224,6,17,11.277413,851
273,355,10,17.961191,836
107,3,10,0.194329,182
104,14,15,8.331884,851
38,382,19,7.850271,1055
8,287,8,12.723978,122
161,354,20,5.812199,1026
259,387,18,2.529755,215
160,236,11,9.356028,265
197,82,7,11.017737,639
53,310,8,7.072645,981
396,246,12,1.402037,852
320,239,15,0.801619,377
152,308,8,13.972968,191
347,233,9,9.516322,1094
99,278,5,18.305298,209
99,107,7,18.412627,671
266,223,13,14.036900,906
311,65,6,6.562790,1086
104,70,17,9.965422,192
382,289,5,15.003515,852
147,293,16,18.078477,740
211,126,7,5.246597,776
80,40,17,13.778039,1194
321,97,8,5.035554,806
243,257,13,11.685890,824
274,254,5,12.973139,106
123,239,6,13.561875,700
86,324,18,18.266226,441
267,227,13,0.976127,517
29,182,20,18.720887,385
178,8,5,1.716564,709
347,393,15,3.011910,720
243,6,18,15.230927,133
274,0,12,11.697740,1063
37,112,8,18.858808,641
254,59,19,10.596159,260
397,304,9,11.588777,726
129,369,18,4.703285,925
321,350,10,6.868045,143
194,104,19,9.718419,436
344,202,5,3.121058,678
357,164,19,17.895385,1137
186,371,7,14.521818,133
351,336,16,14.353608,983
274,64,6,10.394408,673
231,180,8,9.685535,670
244,51,18,5.624272,127
68,308,12,15.091873,1185
308,57,16,16.548639,346
397,296,15,3.612286,147
215,348,14,11.524093,988
166,204,14,2.240633,344
392,145,18,18.899925,1055
98,268,20,10.353725,394
35,170,8,14.480217,800
368,275,16,15.217930,303
43,222,17,13.239667,275
383,273,10,10.442214,701
199,299,13,18.307951,937
78,106,8,10.463747,778
359,54,9,8.038497,952
154,118,11,7.614100,592
327,141,12,13.512693,454
187,94,14,7.318106,179
239,310,18,13.939382,549
300,334,18,11.523930,568
323,121,6,8.131137,706
19,256,19,18.267128,970
127,289,15,10.243738,1160
242,102,5,2.807914,161
278,189,14,3.211533,552
123,15,10,0.041268,840
85,182,16,20.478197,163
335,282,19,11.044696,647
320,100,19,16.403550,616
291,153,16,2.123862,667
183,93,15,4.840370,178
165,171,6,14.384124,813
123,286,10,10.445779,199
180,320,15,15.425098,394
287,139,20,19.464630,481
169,31,17,3.125486,107
153,224,12,16.539012,358
163,304,5,2.954433,689
247,368,15,15.110010,1150
216,131,20,7.717282,506
266,280,14,17.550916,342
104,259,19,12.064688,569
389,388,14,19.700923,585
180,201,9,20.071307,1033
165,18,7,19.495590,464
69,142,18,2.110850,272
42,290,9,8.063866,135
230,232,8,12.967046,784
223,299,18,2.121985,565
117,25,11,17.257734,983
334,171,11,4.348488,375
349,17,9,12.154669,920
17,282,19,5.647951,297
20,196,13,17.443947,790
139,10,18,12.899907,1086
137,296,7,8.136571,581
204,153,11,20.225828,375
128,185,5,16.745706,1102
378,55,13,9.493381,465
155,386,8,5.731113,334
320,165,19,5.532733,1081
15,146,13,16.376105,273
353,306,5,18.859347,1057
244,94,14,5.520890,529
47,230,16,2.519717,920
348,29,11,19.694413,859
230,381,5,5.591826,890
76,151,9,19.005139,517
283,29,6,11.960169,188
393,334,7,15.699462,321
225,246,8,15.279425,456
355,112,9,15.120976,617
128,384,13,10.666558,643
176,2,14,2.712189,134
234,240,13,7.644547,302
277,163,7,10.066175,964
345,135,17,15.805981,947
275,81,11,9.400506,1177
382,301,15,17.452575,202
74,250,9,17.038935,639
370,101,9,8.726643,590
265,104,8,0.358894,419
351,163,6,3.150638,1069
379,114,7,15.861899,720
252,399,14,17.048867,320
198,334,6,16.105430,894
292,85,6,13.276483,648
332,65,6,7.865017,517
275,303,14,7.305778,309
375,213,5,20.106440,1157
320,29,11,14.144793,218
225,205,6,20.057744,180
211,346,13,1.234525,564
57,98,7,0.970404,199
187,338,6,1.019041,413
126,382,12,6.258601,621
0,341,14,9.481808,316
95,348,9,13.732409,277
156,343,11,3.621537,535
331,308,13,14.890799,465
213,329,5,6.215120,1031
262,106,8,5.977417,1066
248,220,18,15.173535,1109
325,46,11,14.478362,754
319,336,11,12.993457,1072
323,233,16,10.614963,486
387,306,12,20.197021,576
362,351,7,12.051315,427
305,20,12,1.113232,1121
120,339,19,4.824908,1051
378,385,9,5.039155,690
140,243,9,10.416435,575
376,57,8,3.249914,671
62,378,14,17.184252,999
52,9,6,7.515628,700
64,35,16,4.922241,513
142,37,13,7.726989,276
99,147,17,12.934669,396
143,314,20,1.172495,332
234,323,10,4.328326,1057
257,71,13,3.414788,531
335,30,13,16.901850,264
295,342,16,2.520721,1160
84,189,8,0.450126,376
87,239,10,1.703573,1019
157,104,8,13.411824,924
385,171,12,7.661166,256
376,127,7,10.755200,510
0,90,7,0.547917,614
364,102,6,3.669071,596
171,249,5,18.080803,214
334,83,18,14.052175,801
140,315,7,15.865227,1093
224,39,8,13.162874,912
205,214,10,4.817059,510
210,17,13,13.556063,560
239,335,18,18.086657,911
157,139,16,12.459970,713
133,118,6,9.180751,993
26,16,15,5.512024,852
92,336,11,10.315758,620
67,142,11,2.031561,134
94,361,15,4.296757,1186
291,181,20,10.379001,767
43,349,10,8.099624,773
9,12,19,10.674576,548
106,365,18,4.361517,650
95,205,16,3.997273,1034
163,324,14,7.613327,1078
187,241,20,16.991068,823
91,170,17,6.800005,163
343,136,12,8.747386,516
88,332,7,19.989058,840
374,37,8,17.242294,684
275,166,17,20.359211,668
373,303,12,17.761506,906
7,299,16,20.483039,291
259,368,18,12.104012,166
283,225,15,10.700799,909
339,47,11,14.068161,420
387,398,20,0.440094,604
206,304,18,15.657059,778
61,394,7,2.963696,1007
54,2,19,5.217310,861
220,369,8,2.470512,513
165,84,6,14.631770,199
1,275,14,20.353748,1156
264,304,20,4.041210,781
305,67,14,3.953596,1091
319,152,9,3.465355,612
304,239,11,12.672563,240
15,114,13,15.172453,292
371,239,5,3.205686,377
294,164,7,12.814289,687
326,356,8,18.480865,456
17,65,16,7.056208,212
236,135,5,11.095347,654
314,144,18,6.068260,298
9,186,13,4.915136,910
229,393,5,14.297003,689
362,272,18,1.650167,1197
168,185,9,12.813574,290
37,63,6,1.042349,1107
9,270,5,16.765551,963
181,43,11,15.801500,412
194,304,8,3.316546,1008
301,86,13,9.779627,797
147,338,6,7.344896,1086
167,362,20,12.494322,351
175,107,11,19.163645,943
395,82,13,4.042975,313
264,170,16,10.144545,1056
362,334,5,17.608035,527
216,162,8,4.752559,1035
250,58,16,16.468898,292
366,143,6,2.680155,1041
395,155,6,3.063847,1176
202,121,9,6.498485,1137
348,356,19,15.921901,1194
297,362,13,14.734293,166
176,175,8,14.550920,632
390,150,5,17.453190,140
378,171,14,20.189531,284
186,52,19,7.934815,459
210,54,7,17.669833,686
135,280,13,11.394349,305
247,12,8,1.205596,607
143,150,11,9.198622,1084
326,273,6,14.146727,1097
142,72,18,10.237849,525
270,90,20,9.463916,437
79,174,9,18.406979,810
307,72,7,2.844427,1002
381,257,11,9.658120,907
238,329,18,2.134791,385
139,60,9,6.517918,396
259,311,9,0.054755,615
229,352,7,7.059102,776
26,178,5,16.703127,158
337,157,5,16.913437,885
190,49,13,18.161450,926
119,233,6,14.423139,994
10,26,13,19.068171,382
340,144,17,9.283731,290
186,86,11,7.474919,756
21,222,11,12.838193,973
24,139,5,9.845381,241
300,49,13,14.494642,933
30,81,10,6.259124,601
246,257,17,7.855809,1167
176,184,16,7.417119,892
220,231,5,16.852974,472
333,41,18,1.981538,1077
389,281,13,5.274967,107
260,18,18,7.821814,387
232,86,16,20.365352,594
105,326,5,2.323717,577
290,335,11,3.726365,512
303,118,12,6.882563,647
303,333,11,2.839040,1147
254,189,8,7.519497,941
309,91,18,19.518111,739
211,7,14,20.372882,290
145,210,7,12.954917,988
44,324,16,14.945511,507
355,66,5,10.779190,318
142,33,6,10.555233,632
216,186,15,0.877150,459
179,73,17,16.818478,263
300,197,15,1.025480,435
95,31,10,5.814601,173
132,161,14,16.914271,452
369,368,8,0.869648,1122
320,343,9,18.213031,828
66,263,17,14.864800,831
326,145,17,19.357449,377
97,71,17,12.654041,119
258,246,14,2.758186,1081
108,150,18,7.143115,242
120,334,13,1.286231,589
62,131,19,14.706074,225
180,273,14,11.276197,101
362,62,19,18.543069,714
355,39,5,9.841623,696
288,181,13,14.884686,850
383,18,12,15.939305,992
76,285,20,2.065451,664
357,270,8,0.987771,550
370,369,5,12.338348,502
91,146,15,19.455360,1120
205,179,20,12.252734,962
129,286,9,15.773350,353
231,320,19,7.425327,1051
395,56,18,19.875623,206
397,181,15,9.370221,855
118,75,11,5.098724,192
181,105,18,11.497331,665
216,142,14,12.434996,442
154,309,13,16.297773,157
241,290,9,19.620086,855
265,133,18,1.100576,298
350,334,6,6.533540,344
144,382,11,2.887274,117
346,242,8,19.312650,878
134,61,8,9.698266,819
176,10,13,0.222257,880
145,298,13,7.586471,1133
151,229,18,14.362497,744
304,310,16,12.629469,966
52,73,10,16.227968,437
330,99,15,7.679434,788
218,322,10,6.627451,336
60,128,18,3.647104,435
374,118,20,19.634559,967
364,312,13,11.508780,717
197,323,6,4.222316,1040
274,236,9,20.014553,800
209,285,16,15.522446,344
135,72,14,12.278621,694
144,226,9,18.910500,537
261,149,16,3.945131,1190
99,11,5,8.102350,1168
202,384,17,18.997977,990
116,223,10,12.596871,654
60,105,9,4.147356,260
55,86,18,20.265713,915
29,300,14,12.748370,689
314,104,17,13.599217,824
252,210,5,6.555250,518
171,366,13,4.111146,436
236,380,16,17.817359,804
223,263,19,16.766518,395
337,397,17,12.490807,1064
7,108,14,18.520253,1101
143,172,20,6.912358,564
120,9,15,2.456187,1149
366,158,10,5.303987,572
183,213,10,2.118975,755
392,267,9,9.091527,683
191,36,11,5.072063,981
49,392,18,4.774430,864
199,227,15,6.115708,1010
210,35,5,0.632454,796
210,98,9,9.459432,489
326,203,9,5.279361,356
179,89,15,17.502249,172
391,12,17,8.165523,303
274,209,9,5.166359,1067
69,148,7,7.446337,579
2,331,6,12.846128,1016
245,174,13,3.681962,461
362,238,16,0.161221,682
187,397,10,2.531698,1139
65,358,5,4.422625,403
35,309,11,17.431852,906
184,170,20,8.375933,548
67,234,9,10.337544,542
313,163,8,19.721125,617
179,168,9,16.609007,794
66,270,7,19.258822,621
220,163,9,10.706193,809
68,186,18,17.680530,1192
111,260,16,15.748305,490
305,318,9,1.153446,1073
99,287,17,18.434031,617
38,218,13,14.694964,776
329,282,14,13.099682,350
250,243,7,19.513471,452
231,308,14,16.287684,142
158,227,9,19.228303,244
224,303,14,2.089537,1022
288,188,11,11.168281,843
381,208,7,16.640808,606
357,185,7,14.791439,799
1,13,11,12.756744,827
393,102,9,4.592008,1000
370,153,18,4.223236,1091
193,199,18,14.321644,447
320,198,16,11.948397,732
359,242,14,16.484004,393
73,299,20,8.095523,421
268,291,20,9.066369,794
285,191,12,17.730113,198
3,192,6,9.895221,291
340,290,20,14.536133,386
41,115,14,12.390630,651
141,92,12,6.329318,139
15,393,16,0.237727,1063
264,37,11,15.479168,967
8,393,8,20.381392,554
141,22,16,9.849743,686
360,211,14,19.430802,1173
77,176,5,18.472772,281
159,187,12,2.504056,762
309,285,5,7.877964,794
259,339,7,13.878706,980
158,149,8,16.570639,928
103,183,8,16.562042,223
384,152,19,8.541917,864
148,25,5,13.482076,343
50,264,8,1.077483,261
8,343,9,8.586599,1014
288,385,14,3.376184,981
364,213,17,8.428672,133
32,370,7,5.890827,428
21,48,8,7.547048,1021
369,374,16,1.016968,445
40,316,20,15.179151,173
333,278,9,0.171000,965
208,172,8,19.863883,871
184,289,16,3.473278,884
174,303,16,18.739173,276
188,35,16,13.157690,1068
219,26,17,12.792521,174
153,377,8,2.045663,1087
63,271,12,18.857010,787
71,300,11,8.669948,831
257,131,6,13.331084,383
266,222,5,1.120675,141
173,384,6,9.833678,578
276,295,14,1.778483,319
254,240,9,8.619747,339
116,203,6,8.728676,1136
154,338,13,19.936751,976
107,313,13,12.147576,750
281,156,12,16.176264,197
268,296,19,8.913004,276
383,380,15,0.488799,1031
72,168,14,9.322577,694
268,264,20,4.227701,1071
388,31,7,16.019485,689
85,149,10,9.175411,494
345,155,18,18.399628,344
304,243,14,9.628118,301
28,234,16,17.941505,440
327,66,18,15.733066,570
41,205,11,3.276463,780
27,348,19,2.442067,269
354,320,6,13.604309,1189
288,20,12,10.165181,974
351,261,19,13.747000,765
217,96,16,4.558720,749
7,221,11,11.752491,1191
356,176,12,11.951166,466
252,276,12,12.564300,1151
232,168,18,1.218340,339
137,355,11,7.698359,649
25,183,16,19.044946,596
81,87,11,6.829003,698
128,155,17,20.354462,850
372,285,6,12.608372,756
277,253,10,19.017694,379
115,389,8,3.474828,797
177,257,7,6.119938,203
217,139,15,2.453701,1157
260,348,8,8.421506,971
361,394,10,13.854168,795
128,18,17,18.243583,265
41,161,20,19.114725,144
254,334,11,9.276474,771
175,319,20,9.272714,583
373,7,5,16.499366,618
206,54,17,8.280176,781
318,42,11,0.265595,151
168,128,13,18.002766,202
167,394,12,18.196485,827
385,38,17,10.474992,1082
344,272,16,4.994068,470
9,41,16,11.542118,503
379,165,14,6.107184,600
251,46,13,7.343628,187
81,107,7,14.029049,124
376,392,13,7.849519,1188
373,53,9,1.916657,888
311,35,19,13.319318,1043
291,114,17,7.284292,543
87,151,14,14.665641,1074
224,45,11,12.252054,177
26,302,10,15.483072,547
120,294,16,8.000932,164
24,331,19,18.864983,828
250,332,8,13.811986,503
316,150,9,9.825802,1082
259,233,8,16.712642,919
9,292,9,0.516003,785
117,250,10,11.951417,751
29,320,7,11.929133,699
157,142,9,17.090684,463
152,286,11,14.081897,343
170,89,17,19.144843,631
4,41,19,5.707682,454
156,376,20,16.920304,1044
130,152,6,17.618484,1084
26,213,11,16.606604,526
107,127,20,14.702312,251
150,88,11,8.431470,505
321,271,15,16.959317,1045
18,293,17,10.212573,811
256,95,14,8.743595,1003
81,251,19,0.478877,909
43,311,7,8.400372,538
27,299,19,5.844294,893
260,6,13,10.007724,130
76,183,16,13.569527,956
115,338,5,7.940240,360
20,321,7,12.589017,321
314,303,17,2.573345,489
327,50,16,15.190397,1005
377,273,14,13.367641,178
106,398,13,0.883490,302
214,194,16,8.996800,285
47,313,10,12.761782,586
162,138,15,2.457600,1001
334,13,14,3.873522,956
395,367,5,19.737055,797
31,170,16,10.617931,481
287,310,11,17.916073,167
146,25,6,12.038487,592
105,337,12,18.681854,1002
341,255,16,14.674428,1197
372,345,8,4.221624,261
123,72,19,4.370826,230
165,285,16,19.743552,1033
340,222,14,3.082740,663
196,389,18,9.422186,328
53,163,16,20.487004,855
42,183,12,6.068915,679
219,342,8,17.275185,901
150,282,7,19.240628,463
392,142,19,19.439185,276
46,251,14,11.770526,914
281,36,17,12.852675,718
73,345,17,17.656803,835
341,39,14,7.013454,290
277,12,13,1.981354,943
374,376,9,11.483010,642
316,252,19,17.033992,168
314,17,16,11.761878,275
32,73,20,16.594706,670
313,238,14,4.414658,305
258,321,11,9.657318,854
315,108,10,12.892462,551
154,31,7,10.709261,859
273,15,9,18.504628,126
27,335,9,5.695867,577
63,176,9,8.511395,1199
397,89,19,9.821429,225
98,388,19,18.533297,201
46,19,10,5.447978,854
7,210,12,20.044972,268
13,288,6,17.066902,763
314,163,18,10.798571,519
233,20,8,4.986297,468
275,131,17,4.248011,954
217,118,16,2.641643,747
202,376,8,13.693133,866
17,296,6,8.847456,1022
202,294,17,8.349612,131
164,151,7,2.195776,536
188,119,12,14.049991,884
191,138,11,14.138086,706
11,53,7,5.958209,594
99,199,16,3.952102,983
135,392,10,12.216525,802
312,353,17,9.240501,885
383,352,5,18.010203,849
331,56,15,14.524764,1039
387,40,12,6.164916,447
165,189,14,17.488244,843
136,164,14,4.952503,1170
146,359,14,2.048755,102
168,263,14,0.702232,584
174,230,11,15.537937,421
320,203,15,19.502007,870
40,11,11,17.891668,493
399,151,15,0.517741,420
218,57,20,8.656397,666
26,11,20,16.272319,685
205,0,7,0.577610,786
206,71,10,20.255174,928
21,103,17,15.592707,716
136,350,12,19.220269,539
303,61,18,12.778583,484
309,378,14,3.269012,912
215,57,13,6.361391,675
374,183,10,3.017970,1167
393,206,13,4.525322,498
311,174,7,5.398777,928
251,97,11,1.552555,344
79,126,8,11.539766,130
193,183,16,18.150303,985
281,365,13,3.375565,166
159,273,12,8.077434,966
237,216,9,3.808464,786
350,126,9,5.968508,342
148,304,12,4.059605,877
73,186,17,17.107190,1200
133,57,15,16.688681,442
122,184,20,9.240645,818
65,301,18,17.104467,799
191,336,18,14.655775,248
191,19,19,20.088098,631
391,129,7,12.418068,561
199,126,9,12.311864,823
387,307,11,0.010175,462
228,5,12,10.318309,1146
62,309,8,12.211931,497
271,171,7,9.209166,105
95,317,13,14.554264,660
280,117,10,7.673422,124
209,102,10,20.438687,369
371,80,20,11.629858,520
128,343,20,18.307540,1149
367,68,7,8.031919,335
20,131,7,20.444497,1136
287,97,16,17.685357,832
91,359,11,19.192033,1008
258,320,9,1.011650,247
395,64,6,19.269804,346
264,78,16,13.496654,431
391,379,18,12.327395,482
161,285,20,17.347070,634
258,76,17,19.725853,309
29,128,12,18.753730,270
78,62,10,0.840058,461
101,247,5,7.724379,761
112,398,5,8.211095,1064
380,264,20,11.571621,363
128,357,19,3.127287,1025
89,270,13,11.364894,490
170,239,19,14.125105,854
323,152,11,2.596357,940
360,399,18,3.798301,548
185,0,5,11.802329,1139
384,275,12,3.665746,616
195,356,19,0.138534,611
354,92,12,3.620925,623
139,212,9,9.420230,691
365,267,20,17.481106,781
379,47,9,16.009875,811
66,332,7,15.806293,410
15,9,9,17.046269,265
230,80,17,13.894720,776
142,15,12,8.434983,1189
366,382,6,6.556068,1128
97,143,20,14.672069,305
195,389,8,17.319180,224
314,218,19,9.199500,248
359,45,15,6.078749,654
17,173,5,17.248881,223
360,339,9,3.637289,763
233,45,9,6.936124,885
161,319,10,11.295325,950
261,83,17,2.179296,144
9,198,19,19.049084,814
243,48,13,16.860315,151
69,136,16,4.113791,879
33,93,5,8.616452,344
391,157,16,8.272746,494
272,243,7,0.273396,427
237,135,13,0.752162,154
365,295,7,18.897814,304
93,232,15,14.053784,1068
378,307,9,0.310857,542
254,155,7,4.035907,926
183,358,5,6.055883,1006
120,52,9,14.798345,165
51,169,13,7.348545,405
86,10,20,8.858464,1069
364,237,14,2.041930,1008
369,367,13,9.472433,365
156,147,15,0.031434,1051
284,247,17,7.353060,520
293,14,14,11.437920,222
386,357,19,9.492449,534
49,272,6,8.984244,810
385,283,19,1.153095,894
302,344,5,6.946719,1151
112,273,15,9.761625,1151
343,253,10,7.436373,371
347,329,15,9.547661,502
285,193,15,9.398812,412
72,177,12,11.287634,875
56,327,20,12.916239,899
70,300,11,19.608892,965
189,329,7,12.245103,744
332,79,14,16.428573,821
102,363,14,1.224301,251
307,333,16,7.137841,955
210,169,18,15.415366,635
193,293,15,5.339208,1140
237,395,9,15.560762,488
161,44,19,13.228560,938
182,333,7,15.027183,1184
341,131,13,17.498664,586
173,49,19,3.361883,237
18,328,13,13.917662,947
83,222,14,13.177444,138
364,88,17,6.200431,655
140,136,9,12.214662,468
284,49,8,15.950884,1045
250,47,14,18.890531,1123
146,211,13,8.642241,623
337,57,5,9.994977,412
269,292,13,8.552471,923
326,104,20,12.166449,1175
140,100,10,17.633788,178
37,265,12,1.633977,296
305,3,6,11.526988,1140
108,328,18,17.292610,937
52,335,6,6.931527,483
75,186,7,11.314118,1110
73,231,5,3.432790,618
356,329,8,15.663824,832
107,63,13,6.857073,1138
78,334,16,18.739844,473
28,197,13,7.028829,900
341,185,14,4.548322,348
273,158,17,2.852532,320
238,332,6,5.464644,1138
249,307,8,9.007419,515
47,179,17,14.112733,518
356,118,13,10.247125,1029
27,5,7,0.395618,809
224,244,8,3.978506,860
259,182,19,17.844725,782
280,113,5,3.739756,847
101,50,13,15.488907,612
171,236,5,17.826287,426
378,174,15,3.216465,1005
271,343,14,11.588818,806
297,104,19,16.507668,210
363,146,14,19.078735,535
215,362,13,8.020175,969
241,141,7,14.292838,915
290,66,16,16.927170,349
369,121,16,18.187014,607
186,196,17,19.117291,1053
60,363,12,16.171656,682
42,133,16,14.873893,579
118,262,17,12.104676,614
117,321,5,4.131657,1082
58,337,17,13.464229,438
27,263,12,8.125772,962
235,0,20,18.887282,525
269,252,9,8.342171,1157
273,141,14,10.066457,101
206,272,20,2.349716,382
35,31,20,4.020005,420
142,178,6,9.747746,953
376,68,10,12.765036,426
347,226,14,7.659790,1166
166,21,10,11.734941,656
68,398,8,10.385838,412
153,116,10,8.892736,136
71,94,11,15.890818,240
20,186,15,18.705899,896
293,390,13,9.451354,506
360,297,14,5.423849,1071
337,182,20,14.050162,1197
274,235,12,9.207517,264
180,119,13,2.952777,236
349,113,18,14.144298,424
328,256,12,5.836048,959
87,157,18,5.912681,599
265,154,6,13.043056,1183
325,216,5,1.878589,612
190,327,19,10.317368,253
335,106,10,13.971323,136
113,54,14,3.877087,448
34,116,5,6.198468,134
329,188,16,14.454089,245
296,4,13,14.381962,1056
240,111,15,3.738904,135
162,295,20,1.957949,741
28,141,9,14.712673,962
139,363,15,19.094646,718
293,112,16,4.514953,209
97,48,10,3.153974,1179
48,119,17,16.916652,424
62,146,12,0.807730,1033
5,208,7,2.327633,1159
63,7,13,14.975647,591
86,299,13,11.126255,448
346,211,14,6.335483,1150
146,102,20,14.093816,1077
314,259,16,9.539326,640
351,157,8,5.268357,682
124,153,12,11.387118,335
370,272,13,20.249990,442
198,42,15,14.629245,482
374,174,19,2.060626,1180
398,151,7,5.444812,672
39,27,12,1.844474,290
228,288,14,13.521441,618
16,205,7,0.924532,665
75,26,8,20.078438,625
388,105,7,0.168648,974
86,294,18,11.364806,385
174,123,10,15.394889,477
48,88,12,8.385149,1198
111,282,13,3.461649,441
237,13,16,16.432422,173
33,178,19,2.440297,1050
332,23,16,18.893908,674
76,84,16,12.229808,1085
185,333,10,10.888287,1120
37,149,11,11.722835,737
100,221,15,10.591385,1047
290,296,6,1.466427,552
5,301,9,17.395891,1163
93,355,7,8.740538,522
134,329,11,2.804039,489
88,286,10,3.321779,554
139,172,12,5.824711,1048
72,263,6,11.565754,640
206,255,10,4.210061,743
208,303,15,8.813865,1168
306,38,5,16.238734,1065
53,293,14,11.692816,1096
256,2,13,2.528034,554
20,289,17,11.709715,273
103,278,14,5.224378,839
100,105,8,2.257115,869
187,3,6,1.309179,1014
60,273,18,7.380270,1079
235,363,9,7.984743,744
215,106,19,8.477387,513
375,25,14,3.515611,1194
190,73,14,20.291766,1186
117,247,19,10.888576,833
178,260,16,9.775373,179
114,258,7,6.164939,1112
149,350,19,19.960329,878
357,382,11,19.774059,230
50,220,14,2.101444,564
24,142,20,11.694054,384
3,158,8,5.336513,373
310,306,16,8.023106,968
172,208,18,1.727049,991
277,61,5,4.894444,322
219,358,10,4.431674,1001
83,389,14,7.428060,934
25,201,20,16.849957,919
351,34,17,10.364797,1192
150,397,8,13.573492,324
164,157,18,20.033407,996
319,219,19,10.101359,886
385,319,7,4.092625,497
324,306,9,16.607067,374
329,111,20,4.500930,739
330,284,19,5.245423,1097
128,3,16,3.091257,777
383,103,6,5.209524,892
73,309,16,14.295548,212
318,310,6,20.141952,1053
336,338,15,15.306524,123
136,100,17,11.555077,636
87,331,13,20.171738,958
173,204,9,12.369078,899
36,293,6,18.810783,150
320,393,5,16.637346,738
180,205,5,11.018423,1069
159,270,20,17.805573,1105
269,376,17,17.218304,950
310,168,9,18.661877,981
110,304,14,12.670178,642
378,153,14,0.733817,149
121,180,11,1.229223,1014
125,392,8,5.009649,401
146,100,14,18.594614,1119
113,170,11,0.327430,428
362,151,6,2.167855,385
366,164,20,13.888629,448
249,161,7,19.721843,207
172,312,9,3.147559,228
242,290,6,8.711462,519
181,50,15,6.722210,114
139,284,13,0.448908,243
198,310,13,9.122046,1033
284,358,15,19.607787,205
137,20,18,10.416990,345
152,103,5,10.898624,170
15,233,19,14.044939,837
317,211,8,18.193746,567
246,11,11,20.172807,328
238,326,19,9.184232,762
313,19,14,16.841563,258
91,263,18,14.247577,1090
153,89,7,8.049691,907
218,298,12,7.630309,515
199,123,5,11.332344,749
162,253,14,3.292705,196
226,392,16,18.692070,485
339,163,11,8.915280,611
111,169,7,16.515441,1082
320,327,17,13.955735,994
260,96,6,12.933822,817
12,147,11,13.565214,1013
79,390,13,10.384218,216
11,246,8,0.273092,299
93,313,18,10.765870,292
190,176,19,10.717838,375
235,23,10,5.967914,1062
281,257,10,15.563577,778
267,326,16,14.623968,145
2,126,9,8.404159,415
320,50,20,5.866708,350
98,188,11,19.675303,504
349,145,9,4.084093,749
228,280,6,13.849084,457
61,107,18,20.098246,760
279,51,11,10.795057,643
221,388,6,12.285062,210
385,368,5,18.151606,1108
142,386,14,16.948775,681
328,66,10,3.464638,718
264,115,17,0.154888,107
13,254,5,10.232045,138
170,62,17,9.326871,268
370,10,18,6.945909,624
139,321,15,17.527209,197
78,86,16,0.870600,499
3,87,20,8.735275,756
349,327,5,5.752406,117
313,195,16,9.256744,243
130,70,18,17.916851,587
101,178,13,5.926682,390
348,306,19,7.447634,1154
184,138,6,6.777956,1167
339,189,20,8.981495,737
299,188,19,2.019256,888
307,3,9,4.650890,834
59,39,7,11.905897,1042
215,198,6,5.506551,1139
262,120,5,19.750598,418
326,212,14,18.904022,924
19,109,18,15.144344,448
11,245,9,16.009827,962
54,70,17,7.368021,624
174,263,12,9.616285,460
61,20,20,19.780704,526
212,76,14,15.471586,789
125,327,6,18.697777,361
105,291,9,5.807032,1038
78,276,14,11.609703,977
389,337,6,12.998886,790
302,398,17,16.578204,674
125,249,15,13.693466,562
247,306,13,18.395047,750
359,121,13,13.264577,626
336,23,18,17.735054,768
179,71,20,0.066577,533
115,306,9,2.829815,855
322,340,19,14.062171,804
12,99,9,20.134440,1033
11,382,9,10.105722,875
131,16,10,20.407866,345
67,267,6,0.750205,458
256,21,15,6.163234,1022
165,180,18,16.977208,897
96,378,15,14.338648,410
376,185,12,1.329747,231
355,91,19,17.578124,248
253,246,7,4.276956,881
6,44,9,3.839334,653
245,102,19,16.751992,132
58,221,19,17.257613,937
259,51,15,15.184129,360
388,380,14,16.718450,243
214,349,5,14.248436,389
337,125,8,15.043879,1187
347,177,13,14.866580,1006
31,155,19,16.030043,783
312,324,20,9.423645,165
267,285,18,5.339062,407
110,270,15,9.431078,1190
44,392,11,8.905185,1156
161,143,15,15.675125,811
27,331,10,5.703794,625
372,159,11,1.001053,681
108,90,12,20.060310,634
221,127,20,15.756255,1161
50,169,12,15.070390,244
82,311,8,5.366928,640
5,107,6,17.053327,942
305,132,10,10.928766,734
297,9,6,0.387355,489
62,397,19,1.224514,846
62,139,6,19.238597,490
280,315,9,15.247902,905
286,228,9,14.891721,863
79,157,17,10.632518,148
225,203,12,5.965262,197
281,81,6,0.882277,1170
205,157,14,10.243322,420
67,209,13,11.868015,364
218,201,20,16.567050,1119
301,234,6,16.382387,888
249,1,6,13.399275,446
213,208,17,18.695824,152
176,31,20,20.282836,482
325,340,17,1.311087,713
248,264,12,6.418474,915
361,381,6,18.429622,955
369,22,10,18.787969,137
242,188,13,14.583131,628
339,273,13,4.173511,1042
319,109,8,0.763591,417
246,100,16,4.710961,474
161,154,20,15.490970,657
342,246,14,8.549772,572
107,89,7,0.492043,828
77,157,6,10.907131,718
28,152,20,7.709855,224
163,357,16,11.303098,1015
349,102,13,9.810450,458
106,273,13,4.430428,759
51,365,12,13.197192,588
144,105,9,3.329679,527
39,154,9,15.200402,301
213,382,11,19.668448,1078
17,1,18,19.059849,190
381,96,14,1.341077,657
123,339,15,18.979851,1034
91,1,9,6.153988,316
351,331,20,18.122875,680
23,389,15,12.393954,394
121,227,13,5.631784,935
26,155,5,5.727823,803
64,85,12,8.174274,982
208,174,17,16.189939,730
342,282,19,7.551338,1084
194,53,17,17.031307,393
177,71,12,3.078829,509
178,7,12,12.085353,648
335,69,20,9.590938,850
172,318,15,2.551718,987
2,281,8,4.078233,891
29,177,11,10.085604,721
264,62,14,0.396317,856
40,205,19,17.473493,1009
86,242,6,4.153745,1053
64,84,5,3.915791,722
189,311,6,15.110003,189
307,225,11,7.773787,897
292,198,9,8.179739,702
343,283,20,9.666949,419
284,376,20,19.950357,211
267,296,10,4.817808,602
266,84,9,17.367408,1032
290,134,9,17.694979,570
174,387,15,2.137893,489
269,24,11,0.967021,769
213,387,7,6.595584,987
86,164,15,15.951752,985
220,382,19,1.712225,1127
380,311,15,9.508190,396
331,16,8,8.140449,193
147,27,7,16.187993,877
296,183,8,15.721266,598
212,24,16,19.815107,980
396,170,13,4.833373,114
274,349,17,7.907692,575
155,255,10,8.661243,397
118,136,11,16.987967,364
254,257,17,15.241580,522
309,321,8,18.258350,1184
291,387,18,9.015683,717
196,58,20,20.336022,578
22,229,9,9.216545,914
343,15,16,11.790537,419
361,97,8,16.264890,793
0,122,17,6.240330,326
204,44,10,13.748344,1086
1,129,5,0.460383,367
10,118,5,15.823165,176
189,103,20,11.595224,1161
138,34,20,3.121070,513
370,39,9,5.942222,716
201,285,19,4.135146,1039
220,201,10,13.382136,803
180,82,20,11.388652,1184
8,309,9,8.052565,557
85,88,12,5.080339,859
276,191,9,16.715719,495
11,285,17,9.957679,463
331,148,7,16.025855,622
349,198,14,16.228553,840
24,70,17,9.608260,893
164,350,13,16.018754,746
305,114,7,5.487947,324
36,335,12,4.241123,1107
287,99,5,18.128952,718
50,148,15,5.459220,415
212,114,16,1.728725,660
112,344,11,15.685135,421
103,225,19,3.795644,334
338,300,8,16.779565,339
255,299,9,19.951441,125
357,94,9,12.560118,198
327,81,6,17.353307,1036
261,245,18,1.644745,275
158,354,5,17.964672,143
143,368,12,12.363000,214
24,154,18,13.610966,679
247,159,6,11.457893,142
359,95,17,3.609158,353
55,159,17,5.747466,187
109,333,11,7.243745,193
392,103,12,4.927365,639
378,204,12,9.600874,361
121,111,9,16.823669,1184
238,204,12,13.692837,705
38,223,20,12.963875,923
332,47,5,11.077702,939
232,35,17,18.565381,774
300,88,7,0.963993,147
373,328,7,17.109405,677
322,374,8,5.730146,684
205,45,13,5.183222,672
396,348,13,7.803919,796
257,286,13,16.947973,855
337,285,15,7.491361,360
287,219,16,5.298985,633
372,84,20,5.423850,266
205,26,17,18.114730,558
111,399,5,7.390743,348
62,98,15,20.228544,194
9,272,8,16.247221,334
364,253,20,15.311908,1028
337,255,7,4.482081,352
156,366,18,3.934527,790
180,321,19,14.415543,934
304,108,9,8.054870,877
10,162,8,14.644551,633
159,128,20,14.227624,342
367,162,12,15.120611,691
349,51,10,12.019064,634
190,159,6,8.018582,439
33,11,11,17.790087,1042
357,384,9,0.692514,497
45,168,6,12.602774,741
170,55,8,0.644155,930
313,338,20,13.912263,299
157,285,8,1.793270,669
229,4,10,2.694954,791
318,290,12,8.609258,761
389,314,6,7.245447,262
230,340,10,17.579562,525
216,74,13,16.934760,915
13,240,20,11.661287,1100
14,25,11,2.880597,993
1,307,13,15.884999,484
98,149,19,8.912903,1103
52,275,12,8.941322,1093
22,202,5,4.229832,366
398,346,11,14.503907,1185
279,306,11,1.582894,611
287,206,5,6.295881,426
376,241,5,8.272122,506
186,59,17,8.960352,840
301,116,13,16.060717,706
160,323,20,8.695319,576
7,74,5,12.735422,875
138,263,10,9.620159,1170
76,147,13,0.375002,555
151,385,17,14.279571,743
56,267,11,18.358154,438
128,272,8,10.310851,442
26,55,12,13.953193,1160
76,60,13,7.668232,1198
52,225,15,7.195322,871
67,38,18,9.698364,520
83,188,17,2.221248,215
344,244,19,11.232141,1174
352,56,12,6.171115,175
280,258,11,14.881982,188
163,38,17,5.377549,701
51,192,8,9.458588,553
390,195,10,4.034905,781
370,306,8,12.554217,124
15,34,5,17.302258,129
99,267,9,18.062560,596
34,76,15,11.904955,576
351,30,17,4.204836,330
63,104,11,5.850047,801
348,237,9,13.657913,311
241,166,15,6.456678,366
316,182,5,8.341634,342
293,53,8,18.411844,259
65,219,11,17.458794,126
326,337,13,14.377954,968
135,365,16,0.123213,1021
55,148,14,15.810340,623
201,318,19,9.975015,315
201,361,6,8.078956,630
261,154,5,0.708871,137
190,226,6,5.923040,640
162,20,12,5.057484,438
24,183,10,15.374752,512
203,96,15,12.264005,337
136,68,7,19.912511,765
340,374,9,15.317252,649
301,41,12,2.308793,1022
141,45,15,4.104978,500
398,364,15,3.448437,728
248,79,17,15.194290,626
322,301,18,11.507838,136
218,365,7,17.529467,332
336,371,14,7.957726,1126
65,274,14,18.243324,291
52,395,18,14.755817,1191
195,120,7,3.464373,1090
136,41,9,8.417612,260
263,186,16,3.323397,919
336,349,15,1.165478,617
194,332,20,12.900964,764
170,154,10,14.060600,167
360,120,18,13.474541,951
211,293,11,10.158992,221
28,135,9,6.803273,627
176,382,5,11.530582,323
303,138,15,3.309189,212
234,339,9,11.490757,165
66,211,18,11.397450,1039
251,165,16,15.129272,484
375,345,18,3.693580,276
159,365,16,11.405766,386
282,204,20,11.380047,195
291,57,19,19.246066,931
149,317,17,3.928773,177
243,363,5,15.360928,1050
122,292,10,4.607753,648
103,156,19,2.860023,485
331,253,17,18.200745,499
316,76,7,13.089473,636
40,82,12,3.798850,524
177,171,18,8.971756,586
376,383,10,13.978199,937
166,221,9,3.961862,481
372,115,11,1.029560,487
74,111,14,11.512659,1096
229,186,15,17.524482,747
225,53,11,15.989303,419
201,320,20,18.140673,949
46,386,11,12.842184,1041
289,85,14,7.260451,704
273,165,18,12.841995,232
112,11,14,16.524990,140
172,260,17,16.863289,391
29,130,17,5.908246,506
382,97,6,11.113116,753
121,29,8,13.130812,1163
399,298,19,1.078439,200
249,42,18,7.826950,887
395,189,19,5.033044,578
166,360,13,5.356295,438
270,42,6,11.981956,352
21,175,8,7.336224,218
257,298,16,20.319279,495
71,311,11,10.937953,602
353,253,14,11.082919,285
354,293,18,16.739360,718
316,224,5,12.102041,753
331,191,15,13.483182,409
7,239,20,8.904749,843
102,370,10,14.068146,1159
202,394,16,6.284152,1095
28,14,18,18.759288,1148
31,315,19,13.289264,775
275,128,11,18.949741,285
351,394,17,9.196472,629
43,228,14,9.989878,881
45,256,19,16.875281,986
382,42,17,9.151945,187
31,172,12,0.770877,672
383,376,13,4.518760,784
57,205,20,2.385390,387
114,70,12,0.074115,914
326,186,12,18.686426,1154
76,238,13,8.314205,853
58,320,12,6.750844,1018
86,111,8,5.630008,692
223,291,6,1.154664,1100
264,272,5,16.051824,455
295,398,14,0.414781,1009
234,127,6,11.121829,940
311,270,18,17.547516,188
296,67,13,7.523383,181
143,69,10,6.343860,600
376,145,15,0.526256,1069
387,183,7,12.139869,447
394,72,17,10.956546,933
354,248,14,9.668596,309
21,111,18,1.151624,1053
330,350,8,13.319166,752
373,12,7,14.872085,998
244,33,14,5.676988,640
154,369,20,2.988756,265
289,237,10,15.082316,943
218,206,9,5.225467,239
52,282,8,14.057849,1070
63,190,7,13.323268,766
143,219,16,0.510493,580
184,109,13,13.860088,466
390,123,9,3.242644,952
43,25,14,12.731889,643
15,306,8,15.745797,833
306,73,18,19.282019,594
135,240,11,3.324076,608
85,71,8,12.705447,431
229,122,5,5.502242,779
205,131,11,0.890085,604
253,161,5,1.141749,199
281,0,11,4.432644,385
249,282,16,3.087153,578
24,79,16,15.615422,538
117,10,9,8.697078,1080
147,80,12,4.230985,203
357,298,9,12.165106,316
27,231,20,17.158495,1092
188,180,5,4.665258,366
66,120,9,13.244624,650
36,383,15,12.841552,1196
144,276,5,3.945848,399
366,46,12,7.672060,1108
150,75,9,2.552327,1176
29,234,10,7.834669,1111
64,379,8,3.297034,263
23,33,20,17.149561,274
277,149,15,8.067540,811
363,268,17,3.217605,286
311,338,5,17.135454,463
3,103,20,5.291800,1109
119,125,6,4.849550,282
132,220,9,13.329421,1102
78,297,9,17.283452,688
198,5,7,4.593844,1058
176,196,9,0.719736,579
78,16,15,4.679525,435
211,179,16,13.209285,695
153,258,11,9.363881,724
23,105,5,6.307269,908
120,258,7,16.206709,1102
321,181,19,5.806741,950
125,151,5,1.231237,673
7,22,15,0.707780,1141
6,51,16,17.896656,1111
161,225,15,0.659645,435
96,80,7,3.969285,329
91,20,7,7.876892,477
273,145,12,5.043533,773
61,293,18,19.328791,1070
359,9,6,7.001521,929
234,81,18,0.920496,931
27,95,10,11.449646,545
285,313,13,6.432795,844
271,78,17,4.722518,1086
18,111,14,19.839611,1013
99,359,10,12.489297,174
162,386,12,1.393583,878
251,256,7,10.202784,971
165,397,14,16.999284,773
186,198,16,5.069077,796
399,338,12,11.065977,695
121,101,12,9.348325,612
333,275,14,11.272475,1061
252,52,13,8.204216,805
105,377,14,8.814723,1091
380,392,15,8.896060,545
51,161,11,17.134259,474
319,314,14,2.958369,740
163,268,11,11.625922,678
98,198,7,5.887645,647
360,201,6,6.250856,667
142,162,10,14.464002,404
7,374,14,1.524698,378
164,290,18,1.389728,449
174,327,7,5.940386,798
206,108,12,0.561872,1111
158,148,8,16.248594,871
150,307,18,17.137909,312
187,91,14,5.874003,377
309,46,7,19.489585,499
326,385,20,13.676067,862
225,390,19,0.545192,479
200,338,20,6.687719,898
359,232,15,3.802979,194
280,29,15,7.583204,737
178,287,6,3.491794,314
263,270,16,0.182032,891
173,326,8,19.822813,141
294,100,10,18.033977,534
171,349,13,2.320618,237
105,365,16,16.167922,305
185,351,20,12.138705,132
55,259,13,8.472201,317
115,289,13,3.521844,975
192,55,7,18.365486,142
120,115,16,1.211699,1121
330,6,12,16.975965,333
24,49,20,7.958002,394
209,196,19,1.157283,672
238,6,20,3.456100,584
398,337,9,14.620508,331
299,134,12,1.148120,246
252,137,15,14.894141,864
333,335,11,1.931557,266
44,196,8,9.650229,884
314,257,6,4.636199,523
304,59,16,13.763297,146
81,352,8,1.250612,983
156,360,5,3.557918,779
225,84,14,19.157521,691
258,128,12,13.749527,328
77,334,20,8.904776,1022
394,108,11,14.541898,772
18,128,19,5.740424,523
37,2,14,6.594194,746
308,327,11,12.798450,253
392,390,5,6.613059,241
382,365,11,11.304769,658
187,331,18,18.225717,239
251,25,10,18.803256,486
167,288,7,0.895263,552
118,186,20,11.827662,1040
340,351,17,13.629126,843
216,160,20,4.238689,739
36,10,10,19.716728,1191
92,163,12,8.646028,478
60,298,12,4.278362,899
324,71,15,14.123042,102
152,218,18,5.131845,1173
310,104,20,17.136095,753
127,303,7,13.176481,1172
114,341,6,9.092756,710
311,16,11,14.314990,1042
228,377,16,9.770607,409
320,241,5,13.347356,166
233,145,12,16.588718,780
312,214,12,0.260917,462
248,335,16,1.553988,300
356,249,19,12.711519,1007
273,43,9,9.476944,897
268,223,7,5.363236,808
6,226,20,0.664398,1129
245,290,10,20.385404,405
82,394,6,16.445868,275
231,256,16,13.916374,691
325,287,9,3.854268,467
252,300,17,16.563757,838
143,256,6,0.348336,785
55,85,12,12.052863,330
297,348,12,15.708834,387
154,211,11,3.008540,623
165,154,18,4.396908,785
83,75,17,19.384679,503
367,308,6,17.229423,670
280,323,15,16.798046,505
171,2,17,7.313742,452
165,390,6,16.017676,773
100,191,5,19.404049,550
90,126,16,17.348320,712
131,166,20,2.832406,1095
69,117,16,12.690523,733
141,210,8,5.547422,829
43,95,8,8.361251,795
285,312,14,13.559198,439
7,289,18,9.187183,536
387,355,20,1.041844,470
387,95,20,18.056684,1119
68,121,19,3.676572,940
262,111,7,16.727404,908
46,220,10,11.502790,179
87,123,17,11.479760,294
217,346,16,15.599166,977
255,69,19,20.102896,635
218,235,12,7.288649,589
249,255,14,20.346951,413
121,261,5,12.919262,851
224,34,10,7.673960,207
154,84,9,9.025173,850
396,81,7,17.877430,877
82,84,6,17.018713,1046
277,252,13,7.932104,1010
201,271,18,5.677312,204
151,112,11,14.489917,578
19,195,13,6.791196,1179
276,142,19,18.913928,502
169,104,19,2.027129,451
324,76,15,8.369440,716
71,157,19,1.947784,1113
297,327,15,18.187027,1064
312,131,19,11.359101,1083
280,176,7,20.308029,889
25,374,8,1.693936,1022
65,24,8,4.398025,175
207,360,12,0.450696,491
333,245,5,11.615973,478
243,244,17,6.630415,515
353,314,10,3.277028,387
111,367,5,10.363735,195
283,363,15,8.287477,288
165,212,13,12.788728,308
356,45,10,9.300239,881
160,19,15,7.073691,1054
396,2,7,12.544210,186
181,51,19,10.506446,622
311,139,15,18.279280,146
88,78,16,4.284991,423
332,210,12,7.353570,834
303,113,14,11.779486,190
114,87,11,9.742702,798
341,230,17,3.624946,737
326,210,14,11.372022,650
309,291,15,19.302129,1136
137,9,5,12.617760,191
17,374,19,16.717910,880
347,181,18,16.882505,584
67,314,19,10.546288,952
150,197,5,19.583403,128
315,150,17,3.984798,966
377,68,5,4.374342,984
343,274,5,10.824600,949
345,132,10,8.774487,795
256,363,15,9.977934,664
125,94,16,0.064980,586
237,41,12,19.554089,642
185,120,13,18.147265,553
378,264,5,14.337045,435
382,54,14,5.767992,857
257,19,16,3.922404,873
64,59,19,1.669364,950
387,56,16,17.849362,408
167,213,10,13.109726,690
87,15,17,1.965980,111
389,204,16,9.192601,158
325,245,17,3.249054,363
227,304,16,6.274569,492
240,226,8,6.087088,191
37,387,6,4.678814,282
7,339,6,19.828448,422
108,313,5,13.570525,492
347,5,7,12.730488,650
154,7,17,2.747607,174
262,207,14,9.878714,858
121,292,7,7.134529,1173
141,213,19,7.602331,355
199,60,13,6.633219,754
289,252,15,4.275858,561
21,112,12,15.931792,1154
384,321,17,2.073695,365
308,383,10,9.075345,203
66,371,18,16.182536,474
147,168,17,2.120294,1160
262,29,11,9.613388,607
327,79,13,16.359615,371
246,250,5,2.153110,277
264,190,12,8.483228,862
270,328,9,7.319841,128
135,108,16,14.249052,750
232,191,12,16.254905,942
72,8,8,16.496943,244
90,96,11,18.972745,871
215,316,15,13.213420,743
217,381,9,13.493807,235
287,228,18,11.390481,459
8,166,16,8.233302,310
17,237,8,6.027058,367
210,101,11,4.110442,236
171,74,11,6.815379,414
284,251,14,13.141852,747
369,386,20,6.851003,632
255,125,8,14.479878,615
105,97,9,3.362791,333
298,322,12,7.905251,1048
154,95,19,2.980072,590
79,171,12,1.485116,246
4,159,8,18.788532,559
173,289,12,14.042607,241
211,353,6,4.885423,302
383,388,17,0.115458,1100
281,335,12,13.343146,1007
255,154,20,12.186997,1057
113,206,20,7.196043,204
6,104,7,4.512554,1013
158,18,5,13.126739,177
287,123,17,14.905693,801
268,126,12,4.429125,899
334,247,8,14.843650,1072
158,29,6,14.455862,679
98,108,5,18.922721,783
48,387,6,18.111186,993
221,241,9,9.718033,161
318,307,11,15.692472,1011
162,189,13,8.541440,908
389,180,10,18.293701,379
277,301,6,1.923986,418
35,184,13,8.382377,761
46,222,15,10.695864,1067
263,232,18,10.865915,364
142,90,17,0.790667,630
168,221,8,19.825382,546
174,301,6,11.830402,589
14,29,5,12.018602,1086
140,198,16,1.258710,141
390,5,5,2.751514,755
385,34,15,6.768542,1057
325,247,14,12.787059,1010
21,83,20,1.234458,763
375,283,17,19.604513,661
258,323,6,20.161103,937
364,198,20,15.140373,583
214,4,13,8.589318,644
142,240,10,16.761025,611
78,239,5,12.623319,351
51,103,5,10.298098,251
229,225,14,10.399272,112
285,19,19,8.850086,391
218,152,13,8.898380,973
152,342,18,13.034126,121
5,100,13,5.490452,287
356,331,20,6.455063,891
305,312,18,16.727765,371
230,154,13,18.464603,305
94,18,10,19.823536,1076
280,344,5,9.885237,760
24,378,8,9.976430,1042
57,49,5,8.747120,713
386,185,13,15.194047,208
281,99,8,5.737150,1171
84,109,9,14.095904,1047
93,2,9,5.468231,947
382,335,7,13.113768,956
298,29,6,7.195551,571
104,377,13,1.816709,807
122,265,8,15.675762,755
207,288,6,5.562141,230
14,155,11,17.403559,713
235,351,16,9.589283,571
384,133,6,13.990480,321
399,68,14,2.345014,977
21,40,15,1.133186,788
51,258,5,13.841466,646
210,248,13,9.447220,236
37,207,9,3.350577,1142
325,171,7,15.909705,1070
150,270,5,5.373035,760
188,114,20,14.745966,283
146,351,20,2.006271,146
209,260,19,14.407240,1043
151,384,5,1.438914,238
129,209,8,8.151207,1092
309,61,20,11.885026,951
98,7,12,14.394823,352
206,249,10,4.385056,1109
282,219,12,17.263147,719
32,316,8,14.632818,796
4,218,9,2.356755,317
79,97,13,10.248358,894
103,12,10,19.698758,153
131,299,12,12.240028,326
347,141,8,0.424056,171
104,128,17,6.178672,1170
384,55,11,12.756868,101
143,295,6,14.221971,745
37,350,19,11.627724,217
287,316,14,19.358040,936
140,195,10,15.894512,470
67,287,17,5.556410,528
219,88,20,17.194539,749
208,1,12,4.385248,956
228,379,7,10.181674,1116
241,176,10,8.163398,178
100,283,17,12.057435,1189
234,48,18,18.036182,1157
358,7,17,19.130414,175
396,65,14,13.719077,539
136,173,15,13.657937,966
307,350,9,20.169490,1041
188,84,20,5.041979,353
253,255,6,2.927878,1175
280,120,5,14.191749,1033
49,153,19,15.067055,415
187,268,12,17.505067,962
81,224,19,3.166217,300
361,229,6,14.526227,440
315,3,14,10.471469,214
214,274,9,19.749649,109
345,72,13,14.390973,524
302,393,6,9.544059,575
292,199,19,0.410066,725
72,261,9,4.878673,674
52,288,9,14.741176,1192
341,218,6,0.830311,482
56,169,9,7.417772,817
255,182,11,14.332136,803
294,343,17,1.150553,646
387,317,5,17.155443,507
141,346,12,10.258928,374
247,80,18,5.489920,352
201,225,19,18.012059,802
295,285,12,0.695702,293
129,160,10,20.017448,726
199,172,6,17.252225,846
186,55,15,18.819167,1095
138,66,17,19.193465,609
376,284,14,4.956672,935
171,340,14,10.729325,1189
339,274,12,11.782393,1028
83,379,20,6.373173,282
46,62,19,12.038807,806
146,119,12,19.971013,648
342,353,20,10.121835,715
38,93,14,4.066847,854
118,389,7,12.301396,398
313,51,8,12.226902,526
84,225,12,15.085705,903
49,173,14,9.595418,393
338,331,12,16.247820,628
222,94,14,3.355049,953
9,268,7,1.944015,920
247,102,13,15.068618,661
167,101,7,17.325449,788
290,152,15,15.855625,396
270,79,6,0.202797,1149
192,146,9,17.782467,924
357,112,19,16.597509,1107
178,69,6,2.439623,311
235,162,18,14.295838,197
110,263,6,17.060529,790
291,49,5,12.155195,208
29,58,6,2.380645,595
339,85,11,4.029094,363
224,141,13,3.431820,498
128,261,6,17.112324,952
116,210,8,11.837448,1069
278,301,14,0.748238,797
31,268,20,1.010780,474
271,315,12,13.388073,290
132,222,15,17.368674,477
146,111,18,6.182858,603
64,223,17,2.888421,118
87,315,10,19.793093,969
371,164,6,6.661009,157
169,146,9,11.358225,246
100,146,5,2.732528,299
190,270,17,6.842247,701
185,199,18,2.666707,202
73,274,14,18.981851,632
179,60,12,8.106033,632
123,34,8,11.472755,282
328,352,10,15.317436,230
286,319,10,7.205655,378
314,148,16,16.460003,379
201,257,12,16.460233,449
144,89,12,1.164808,909
78,3,8,6.303922,555
208,37,14,4.603879,490
124,126,16,8.311244,391
127,2,20,10.828669,1112
218,125,9,7.556257,256
397,159,9,11.492744,505
381,206,17,0.144019,688
210,12,9,11.277800,929
292,156,18,0.644090,280
393,210,6,1.358146,554
58,321,6,13.995933,207
359,270,20,0.010538,1012
248,327,10,19.496986,1098
191,304,6,7.475097,622
17,388,19,3.296828,446
256,221,10,11.129289,342
247,255,5,1.311978,301
49,15,14,5.430300,764
16,1,17,18.024468,969
181,27,10,8.189669,1109
311,194,6,16.246500,471
9,196,7,12.480589,992
239,79,8,1.260418,590
7,202,10,12.283061,1166
277,147,7,7.302251,180
117,36,14,7.031941,1043
140,290,12,18.063289,694
189,308,18,5.433627,161
130,310,5,7.324564,343
190,180,13,7.913783,120
222,301,20,2.164630,184
256,287,16,8.903027,253
195,311,10,12.726068,268
289,394,11,10.049100,1048
192,187,7,19.320625,848
332,46,11,12.572044,274
51,132,13,20.038214,779
379,134,17,12.211338,116
283,152,15,5.578270,387
332,102,10,4.379261,896
27,142,13,0.261117,181
127,106,15,10.577491,358
87,303,15,5.492981,587
292,390,20,11.450876,950
79,96,20,15.211235,896
125,35,11,16.424265,194
399,208,20,15.435482,1162
200,49,18,6.305894,889
184,159,19,5.096315,735
392,75,14,12.609905,1126
279,235,6,2.376496,784
231,294,16,17.050093,782
314,316,10,16.215367,518
148,32,20,0.498637,330
34,270,11,11.573431,1093
392,281,11,7.671824,940
368,268,11,6.245313,138
170,129,5,18.336483,196
82,360,7,6.292196,1074
379,196,10,10.693431,500
242,297,18,14.688510,1152
157,135,9,11.699451,280
382,122,14,0.645902,156
298,348,13,3.154908,300
168,49,15,12.891254,616
387,380,13,16.979939,110
150,138,14,6.114081,561
57,42,6,4.993379,555
249,75,10,5.060016,783
324,147,11,10.635211,1039
182,54,19,15.895329,782
132,260,13,15.366010,568
125,146,13,11.466725,735
337,276,12,13.349482,332
283,13,17,2.429592,768
50,144,8,14.948720,807
282,31,12,13.952913,594
140,270,17,6.736408,1142
324,120,16,10.829853,653
252,382,20,4.757680,532
131,208,10,11.896924,1117
131,246,5,15.466355,938
343,329,18,18.999303,406
361,67,13,2.629730,832
381,278,20,19.503763,893
126,185,8,2.419929,906
169,81,8,6.261453,695
249,323,14,1.820243,142
354,193,6,8.197271,247
159,5,20,16.557643,818
165,197,13,18.632120,445
184,366,5,13.095036,1171
270,244,12,15.989162,585
375,342,18,10.384543,960
241,164,11,2.208381,492
338,88,15,11.385168,243
57,310,20,4.463786,893
314,242,14,20.172685,187
126,114,7,0.015744,308
104,114,5,13.269288,463
93,108,9,11.158268,181
384,90,9,12.040117,213
320,64,13,18.471293,680
92,57,17,8.763653,345
229,253,9,16.911157,292
275,199,20,3.852507,589
51,123,11,7.326223,809
5,377,15,8.847529,642
108,178,7,14.539961,259
349,149,19,11.942814,844
131,67,10,5.021802,628
161,366,20,12.480992,519
352,183,6,11.837723,649
57,316,5,9.264265,1103
348,189,20,7.176873,323
231,357,14,18.478916,862
133,343,13,3.062179,272
382,50,14,6.672534,937
284,195,16,16.960788,949
65,314,17,7.675407,951
178,23,13,4.923154,770
219,5,7,19.188104,529
274,228,19,6.304409,808
73,211,18,15.331067,177
28,156,13,3.806776,310
99,125,11,13.165477,1076
38,24,18,6.604906,445
252,151,20,1.379308,802
241,320,20,12.557332,1077
92,273,20,16.236880,438
194,171,11,18.158844,1083
11,94,14,15.460666,262
153,83,19,11.203554,905
398,162,17,11.596787,682
261,219,13,11.182780,432
375,224,11,7.494492,1186
374,311,12,6.833313,1130
1,24,18,18.390334,1077
354,166,8,13.780890,352
289,201,8,6.449669,743
230,101,6,18.985661,1152
311,181,12,14.529167,1185
102,101,17,15.577519,767
67,147,11,12.588036,858
208,385,19,7.024480,953
299,297,16,1.215247,346
367,5,12,19.090154,1161
77,37,18,4.976705,975
368,5,8,17.397415,456
276,21,6,4.765216,456
15,185,20,12.549976,985
284,93,6,11.426108,196
353,283,7,12.374552,347
351,86,12,17.624380,283
328,235,5,16.961234,288
181,45,14,11.084179,618
188,15,5,17.513640,1178
368,247,17,5.878716,908
185,296,9,10.456262,918
0,342,10,8.521348,470
140,324,14,13.686295,481
36,194,14,5.013326,779
176,348,8,8.971793,776
96,362,14,17.139262,707
82,218,6,14.756799,673
72,66,8,17.869236,824
84,145,7,2.638632,1187
41,332,8,1.646104,1075
390,31,13,8.323000,373
383,251,16,12.968547,359
82,94,20,15.089805,916
86,91,10,6.528061,976
77,312,15,2.759527,1135
208,62,15,4.202172,1183
171,130,14,17.661401,298
136,317,8,11.784406,408
299,270,7,10.181018,372
127,10,6,15.652766,493
92,238,19,5.811620,1020
279,1,12,1.180980,1111
76,357,13,18.455257,903
210,152,11,1.659941,178
374,171,14,1.809493,1194
204,196,11,19.748329,537
220,336,11,18.027698,816
182,68,8,13.505556,264
171,75,9,4.717324,221
168,238,11,10.857113,435
362,134,9,1.059441,508
399,50,12,14.931964,123
237,194,17,4.333159,572
64,344,12,7.285893,419
132,309,13,19.521226,1169
218,162,12,8.578528,1200
126,249,13,5.377132,123
341,262,13,15.523088,478
317,349,20,7.505057,486
3,168,9,18.044404,272
168,203,20,6.846016,193
152,56,8,13.092876,295
260,302,5,3.217755,473
30,352,11,11.813427,182
368,163,5,14.235592,141
75,229,6,18.218831,738
180,100,9,10.239764,697
110,65,12,7.680159,182
46,323,14,10.915790,515
208,32,17,19.533613,930
327,243,11,19.307612,194
166,61,15,2.060749,421
98,384,16,6.552763,244
90,318,16,4.693258,768
138,237,12,1.665804,329
212,0,16,16.533463,763
202,56,10,19.017292,1140
118,50,12,2.678641,746
245,193,19,8.477456,391
135,337,16,1.270682,589
353,328,20,9.848138,1032
347,145,10,19.184366,479
40,7,5,0.246675,119
175,250,16,10.832629,1025
89,196,5,1.017594,1170
213,111,14,3.076729,228
43,370,9,19.098486,888
382,282,8,2.787796,679
24,211,9,18.373060,1171
202,78,15,1.816267,168
184,350,16,19.752399,166
176,306,13,12.277978,476
96,202,15,2.248809,728
158,389,19,15.040378,182
365,262,15,15.286136,917
338,211,8,7.019070,1050
378,87,11,12.308726,577
191,303,5,16.704185,781
11,70,5,6.059714,349
256,47,9,10.277292,1146
74,4,19,8.966167,334
343,186,8,1.073016,1185
190,29,5,10.625975,1047
146,13,17,8.263917,1125
48,390,20,17.004382,344
183,125,6,2.508714,157
350,237,10,17.135230,650
218,8,13,19.788589,285
108,263,18,0.783227,623
115,14,20,8.166112,1044
239,227,19,10.867028,237
326,304,13,19.345670,839
325,34,19,18.697518,1145
134,360,5,1.763536,883
233,64,15,14.639130,353
213,204,6,0.170810,243
63,45,6,17.264757,111
300,30,16,10.865906,845
289,159,6,9.790619,1172
89,35,19,19.761409,1081
30,254,14,3.914505,663
51,19,7,1.450315,475
322,89,18,0.013932,504
306,289,6,7.433921,251
182,24,17,16.146318,807
302,149,20,4.819680,748
148,166,19,0.325867,1091
160,201,13,13.521573,732
236,24,9,4.016861,765
96,291,6,20.386695,924
30,145,19,18.201064,344
281,169,6,14.600178,545
343,154,7,0.850343,913
187,271,8,9.813965,109
394,170,8,7.684178,621
396,131,11,3.068578,446
67,236,15,18.707455,358
275,236,12,1.045812,846
338,154,16,9.103418,816
366,2,8,17.207959,755
13,218,15,0.509890,884
326,289,8,0.087315,123
55,163,8,2.374030,711
69,70,11,12.690718,928
57,283,8,8.438126,1188
369,237,14,14.815013,150
15,298,17,9.107618,1040
254,356,5,19.760834,919
80,241,8,3.949628,942
397,76,5,4.700625,481
151,280,20,6.874253,334
206,354,15,13.970129,644
292,58,20,8.879989,581
58,66,12,12.044437,1150
38,0,13,0.436321,583
213,352,8,19.145339,1108
364,97,20,14.150530,421
210,177,18,11.717515,970
59,275,15,18.320656,309
197,202,12,14.158072,685
369,57,12,4.842030,190
103,8,14,8.359153,833
0,354,9,14.089752,808
106,103,19,4.883591,937
383,80,7,17.034035,179
180,106,10,16.618325,1087
386,157,15,7.502781,766
352,214,14,7.314465,111
398,385,6,15.887078,875
279,84,11,12.472329,1012
47,374,8,11.624461,424
98,142,17,17.223731,870
137,317,19,7.519639,1146
367,375,19,0.944436,937
124,41,18,17.155967,959
66,93,20,10.711129,434
335,265,19,4.191084,774
116,7,11,19.181999,735
226,23,19,1.357179,738
394,51,19,3.306266,132
112,208,14,17.090914,1028
237,262,11,9.121849,408
230,49,6,4.719537,648
281,100,17,16.289549,685
6,340,9,5.540691,1091
192,123,19,10.443523,210
293,316,13,19.947420,1162
253,224,7,6.496659,419
304,253,15,16.252252,923
250,53,8,11.602370,1102
178,26,9,13.642549,1063
126,399,15,15.611336,389
272,314,10,13.505755,374
307,228,19,13.181065,624
93,224,5,10.751473,478
217,268,6,12.684083,1108
97,98,8,16.392465,647
44,282,9,0.115530,648
215,293,10,10.824509,1077
398,270,14,10.823974,189
171,230,10,13.304234,596
79,166,18,11.076921,383
201,64,16,18.577654,212
189,226,20,18.067436,759
217,7,7,4.016047,907
364,185,18,20.302916,328
122,11,16,13.838789,543
85,331,10,0.414787,1072
179,67,8,6.880368,1028
144,220,20,9.469340,696
210,111,15,0.097225,131
165,359,19,8.526526,813
301,63,12,4.182021,283
227,179,19,3.079761,850
185,382,14,11.302813,459
36,378,5,18.548124,327
95,16,8,0.052847,1067
48,78,9,17.114625,364
337,227,11,15.838002,506
126,133,11,8.720052,814
360,1,17,16.154882,1155
64,261,9,0.268895,341
200,173,18,18.514601,1045
344,389,12,17.405330,360
168,307,16,3.938566,936
26,363,19,9.302218,228
150,367,7,1.886690,232
209,272,5,10.357386,776
308,262,11,19.856509,1073
183,381,9,13.551635,928
292,29,8,6.482519,894
341,100,14,19.804127,482
333,250,18,10.184714,214
267,66,14,5.776185,744
336,341,12,5.899691,711
53,76,19,3.894298,859
337,231,11,13.472280,864
216,158,18,14.811920,623
345,275,12,9.286015,956
348,256,8,3.657176,900
319,81,16,11.732281,452
304,190,5,13.862351,878
259,232,6,3.574783,471
218,260,13,2.899403,630
378,150,13,13.820059,236
19,327,14,20.389685,572
50,87,20,5.667265,1193
141,111,13,19.819197,221
90,343,10,8.390708,744
118,9,13,16.572553,973
324,85,15,12.315449,741
229,169,8,1.006331,654
12,69,20,18.465317,326
165,258,20,19.220720,280
327,44,17,13.816902,822
155,126,16,15.270499,409
198,358,13,6.591072,1199
49,2,8,7.470557,324
26,30,13,6.445090,321
379,182,9,0.285658,526
317,384,5,2.488458,415
337,70,17,10.190232,845
385,12,7,16.648595,898
303,11,9,4.559823,757
89,50,8,4.041218,515
256,313,19,11.545263,1156
217,186,6,4.877994,909
6,59,17,11.888832,1082
313,244,12,5.839702,940
331,12,7,0.479827,795
295,340,11,13.991928,629
336,256,6,8.380036,1127
250,227,20,14.802395,1198
345,176,5,7.784399,489
105,1,20,1.574313,349
346,31,12,0.277059,428
16,260,14,2.642660,708
33,181,16,18.318457,106
283,247,11,12.258025,576
380,275,20,18.633781,995
67,146,18,18.632468,1184
185,271,5,2.388157,578
355,335,15,6.419224,877
158,186,14,15.093367,285
373,376,9,14.006282,226
202,182,20,15.148281,823
335,18,13,14.064035,662
241,41,5,6.974042,421
223,323,10,12.292871,257
349,201,13,6.599745,871
190,35,12,4.848952,237
147,70,11,17.172690,939
397,315,6,18.214816,680
59,298,13,2.698771,1068
42,340,14,20.461076,600
158,27,11,12.872426,1017
151,350,14,20.357388,721
367,58,11,6.347808,924
199,318,15,16.676025,613
33,267,5,8.246616,1135
14,99,7,3.491120,892
47,199,13,8.065308,279
111,366,14,8.344568,497
298,254,14,14.745743,668
25,41,12,16.245062,787
377,346,14,11.182445,982
322,58,9,5.208199,911
333,94,9,12.892372,1088
64,199,20,14.506125,176
352,300,6,10.355596,982
312,399,14,15.532850,513
396,181,7,8.518184,312
388,237,9,5.733928,753
53,103,7,1.593802,283
90,3,19,8.684222,1125
195,315,9,2.706042,777
317,222,5,13.050341,1102
229,136,7,20.251274,857
316,63,7,1.519794,1080
91,300,9,5.168385,215
50,27,12,3.168775,709
298,64,8,13.930154,593
384,177,11,0.918571,335
48,368,7,11.596082,974
121,289,19,16.403406,297
355,135,19,7.007153,262
216,91,6,2.240079,832
323,276,19,3.257154,643
283,333,12,9.268834,1183
41,289,11,8.461084,714
367,1,10,10.142862,698
186,109,15,8.535787,606
62,272,7,7.735112,350
150,244,6,0.651638,593
343,149,17,7.239052,1158
329,143,15,0.216131,967
203,188,16,3.702515,317
208,56,11,12.878420,258
16,50,10,20.412618,889
200,205,20,18.909166,943
61,201,17,13.218207,539
93,58,17,0.698255,261
288,315,12,9.722450,609
187,119,13,0.146145,816
23,306,6,17.819405,128
9,50,17,11.844637,1016
366,239,20,18.847007,414
339,231,14,13.907011,460
391,253,6,3.660787,960
108,390,17,3.348895,249
356,115,19,0.460661,941
177,375,9,17.861027,603
306,116,12,2.982189,831
256,66,9,7.527776,458
56,285,8,7.193023,641
6,76,6,12.513372,957
270,43,20,18.384135,1065
101,275,20,3.425269,1020
72,380,9,4.633561,267
134,253,19,16.410483,518
385,369,19,5.774744,1133
103,353,12,2.142418,769
263,248,13,4.644955,375
310,137,7,19.157833,361
264,222,10,10.391242,299
119,43,10,19.575601,854
171,121,11,3.580264,632
287,11,14,0.727340,486
353,389,6,19.249565,1181
119,345,16,1.907442,1083
281,232,11,14.159841,900
349,267,10,6.681292,562
43,29,17,4.378131,275
230,261,11,7.283056,392
77,244,11,6.909256,638
113,299,16,19.609437,541
199,154,20,5.871933,637
375,127,17,13.957308,218
282,56,14,6.612089,200
255,62,5,6.363885,1103
25,131,12,10.670983,345
335,241,8,15.275960,399
77,106,18,5.543371,1109
354,27,10,15.627104,291
315,181,16,6.358626,152
329,241,10,17.639245,858
16,249,17,20.359238,614
305,356,18,19.124700,760
103,154,5,14.294843,1111
286,196,17,4.527332,849
357,328,19,0.861725,485
359,267,6,2.416774,551
291,189,18,18.610919,1028
317,228,9,17.098018,1103
116,345,18,3.472266,859
353,298,10,11.700422,401
311,151,6,0.913334,538
33,286,20,11.186176,345
371,142,5,7.629722,449
89,231,16,8.964612,785
140,171,13,5.754154,699
113,294,16,15.758840,324
142,261,6,16.498145,497
248,239,19,6.961899,325
59,220,16,10.166352,465
12,88,14,19.876965,1190
222,370,10,10.100196,602
200,98,11,10.562733,451
381,172,7,9.493907,851
214,268,9,1.788576,330
98,293,17,5.672714,392
293,115,19,10.764212,139
272,278,5,1.741735,503
240,312,11,10.347643,122
364,307,13,18.714706,326
325,90,14,14.661744,479
347,280,17,3.373064,857
304,72,14,4.076217,514
30,194,7,7.695812,1168
66,333,13,1.472642,466
155,22,11,17.212280,1120
305,337,5,13.615906,880
12,395,18,4.279086,634
21,20,12,0.373366,1170
268,127,17,10.477721,792
273,134,11,18.303857,607
160,366,14,8.638850,1063
234,384,16,4.338643,1046
326,127,15,15.186998,1073
92,358,14,3.925228,228
389,19,9,2.462703,219
77,83,8,13.018726,1174
62,317,7,16.927261,488
225,255,16,18.912104,813
60,334,5,5.799968,330
279,381,19,6.228949,650
85,378,6,5.478641,534
44,321,6,16.686138,738
131,175,8,17.463956,1060
174,375,16,8.025425,920
71,238,15,1.127313,864
68,166,20,17.697469,264
45,202,19,12.717182,124
182,174,8,8.752534,1182
18,41,12,4.925788,180
60,383,17,18.350502,628
258,113,20,16.196234,273
189,76,9,16.651087,826
204,242,5,20.150830,626
4,355,5,7.396421,500
84,395,7,4.265172,619
387,341,17,19.604096,466
237,185,10,16.334411,892
277,351,7,13.212263,747
292,170,19,20.030163,420
229,181,17,4.623233,511
274,382,16,4.621849,1121
94,300,19,14.111802,220
342,263,17,3.970473,936
231,183,8,10.024471,291
134,206,20,11.834534,624
261,251,17,10.473917,908
135,62,18,9.767619,918
337,236,11,2.215684,1085
2,233,10,9.000721,955
232,96,15,11.335338,748
344,386,18,2.008598,402
149,93,7,18.444513,549
162,3,12,17.936003,1113
386,205,12,13.826303,734
260,365,17,18.688939,176
20,139,10,18.248216,660
349,177,16,7.068675,444
211,361,18,8.329736,989
184,343,18,0.450149,495
119,113,5,3.218244,802
365,389,7,12.551265,733
142,119,7,13.935677,830
68,390,18,1.859177,384
280,273,10,16.950165,769
383,357,18,17.430778,690
242,280,20,16.521152,178
127,20,19,4.533995,267
265,15,6,3.998783,352
354,363,14,2.711010,677
294,73,19,13.882165,131
345,299,20,18.672798,253
261,171,20,5.265896,182
122,289,15,20.024720,1022
350,178,18,2.404781,768
31,75,11,15.352542,354
136,27,9,2.556947,1058
41,134,12,18.441288,421
238,9,16,17.542236,241
46,257,15,6.731184,964
279,90,18,18.793738,144
334,52,20,8.606258,597
80,146,11,3.825494,1153
137,76,5,15.799631,967
4,145,13,1.602598,1184
208,229,14,12.763467,1006
231,12,14,11.397350,329
127,144,19,5.147479,739
127,280,16,13.976920,813
32,363,19,15.644000,1005
62,386,16,15.948411,1052
184,249,19,8.383298,252
294,231,19,13.158350,1175
375,241,18,0.807574,556
394,273,9,6.650059,165
118,364,16,3.153064,640
346,51,17,13.109274,271
248,177,9,5.316683,663
116,33,12,13.448118,797
3,309,9,9.541370,128
111,190,20,16.583694,871
240,138,16,1.177261,947
330,109,9,2.903448,926
143,388,11,10.277653,877
49,150,19,11.647104,589
105,262,18,14.228809,719
301,336,18,1.362346,653
155,308,13,11.837100,609
52,37,12,16.944597,1186
356,119,16,16.570469,981
48,297,5,17.472424,1073
322,0,17,0.116574,520
162,376,5,1.218517,399
325,83,15,4.702847,1075
325,399,19,3.845460,492
194,42,20,0.011850,269
123,237,17,5.216549,377
16,107,12,17.361595,848
197,93,8,15.245456,975
92,183,14,11.398250,1073
125,251,8,16.973568,402
45,164,18,2.053439,515
256,58,15,3.638545,418
137,84,6,12.760471,320
349,343,15,0.685294,496
84,233,14,9.591563,666
240,306,14,5.999930,620
365,129,13,18.321890,882
194,131,20,8.084324,848
211,389,11,12.585221,752
78,129,17,7.510348,391
178,386,6,6.067176,526
39,212,9,3.254084,475
262,362,13,17.638260,1193
169,322,17,12.749471,709
289,395,20,8.339326,850
120,297,6,10.971240,543
344,73,10,17.941779,882
234,178,17,9.719718,119
24,383,7,19.984232,1050
261,64,16,16.595224,372
332,362,15,18.082857,326
36,234,7,11.451633,1144
262,341,14,4.212603,526
222,264,18,18.388028,624
377,120,13,16.145517,178
361,350,16,18.134377,817
72,319,20,10.534508,203
396,234,10,15.842663,185
57,89,13,4.111417,633
248,290,6,16.530831,1107
121,358,7,6.212561,365
5,170,18,13.874598,556
34,352,11,11.739131,213
371,263,20,19.667918,116
355,280,17,14.540362,656
106,364,5,19.501641,613
98,195,14,13.985559,590
200,147,8,18.397888,390
227,176,18,12.966735,647
72,42,6,12.168773,1098
188,293,12,7.841074,924
254,136,12,19.354269,577
18,69,5,2.410912,1193
27,398,8,1.380669,257
248,176,8,3.823786,1023
364,282,7,2.459460,166
313,18,8,1.328076,1005
206,180,11,6.521176,791
41,69,18,4.385211,859
255,293,8,5.556750,988
394,34,19,17.125392,367
18,206,5,12.854380,398
230,260,17,13.968811,886
364,205,8,10.216624,760
387,286,17,16.216969,467
393,388,5,15.178013,1102
356,398,18,20.493325,449
109,32,13,12.589540,138
388,125,17,17.286456,1133
279,0,15,10.361058,846
304,163,9,8.020746,193
274,368,13,6.665362,390
187,68,19,9.821277,976
184,58,11,7.678644,608
121,160,5,16.461928,871
336,62,6,16.404175,1010
74,313,7,8.541280,187
226,234,20,10.424950,1028
89,70,19,4.394366,170
378,208,20,10.326157,962
96,48,17,6.610629,266
122,4,17,19.577883,491
307,249,7,11.417769,784
239,15,17,13.657950,1104
18,114,11,20.392281,276
130,135,9,1.846261,1126
329,136,7,1.226106,1139
322,251,5,15.056491,663
216,45,5,7.434225,638
82,16,15,8.194348,516
200,340,10,7.449000,913
27,13,16,1.937888,721
354,244,5,10.933710,593
233,88,10,12.065208,509
248,260,12,0.972838,759
319,105,13,11.639445,905
246,348,5,10.028190,482
314,158,18,9.980860,740
194,280,13,1.649981,399
139,19,13,0.174154,896
66,70,15,14.777464,535
149,366,7,5.512396,675
238,106,9,3.358412,465
107,295,10,20.183434,794
3,286,19,7.373665,1150
117,261,7,17.073477,1018
387,270,13,13.214334,1081
93,316,6,11.536280,478
115,271,10,15.988012,470
390,339,15,11.550140,921
119,168,19,2.357310,402
74,216,5,18.431654,938
327,286,18,3.079601,191
14,317,7,17.179028,768
315,287,17,17.352564,154
177,105,15,14.017997,159
296,190,12,3.304633,322
80,222,13,19.140063,1187
64,392,14,1.080782,1106
104,103,9,1.327392,1137
387,126,12,18.731365,651
229,80,10,3.262817,859
282,209,10,8.392084,312
207,357,15,19.952633,1200
35,160,15,4.558097,834
218,354,16,11.194314,154
15,43,11,0.959890,215
327,128,15,7.202375,460
397,230,17,1.230205,845
91,327,18,13.628210,1112
66,314,7,1.186067,622
10,154,14,9.534770,103
354,109,7,10.778057,701
232,82,10,20.223359,227
387,294,13,19.866536,342
90,321,16,4.124425,1019
263,392,16,0.518815,491
41,206,20,16.072918,1051
208,375,19,0.466385,343
289,38,19,12.126060,245
34,83,10,10.946009,328
53,385,17,10.579870,992
214,205,15,14.315377,198
269,38,6,7.386068,299
124,334,16,7.114043,656
4,37,16,7.849382,470
32,22,20,10.881763,881
269,18,15,17.833589,1136
179,106,20,1.680031,218
334,3,13,17.143813,1075
150,3,15,9.616855,473
262,399,7,0.065725,1099
178,138,16,6.350563,682
329,122,8,13.606575,897
112,241,8,12.184538,592
194,112,10,9.434714,1053
271,338,18,19.119236,836
99,141,18,11.505292,128
175,342,10,19.162668,190
173,26,12,17.906512,443
20,260,9,0.882393,235
80,377,17,15.010507,854
81,133,12,13.980932,1147
72,230,15,8.549875,904
245,176,6,5.892224,121
124,392,19,8.892530,1122
128,323,17,6.360115,1166
17,57,7,17.371876,719
267,368,14,7.526914,651
356,274,9,4.092995,1047
1,100,19,16.237563,839
346,230,20,9.704008,911
120,247,8,12.096061,731
119,287,5,19.003867,214
278,82,13,3.487646,272
319,275,12,5.262254,400
99,203,11,0.902153,248
277,263,13,3.044051,198
60,115,20,18.346949,421
51,196,6,10.911621,317
326,222,13,18.885619,364
283,349,14,6.743337,868
350,254,15,2.428952,741
106,230,7,2.589740,382
121,59,15,5.853018,1152
37,22,11,6.927052,1078
126,275,13,12.480387,238
61,356,20,8.915352,652
294,212,13,4.317422,594
316,309,13,2.593074,464
371,33,5,15.859226,1063
187,383,5,11.869016,554
266,273,11,4.722845,560
356,273,17,9.953389,582
367,3,15,3.151443,1133
108,385,8,17.384258,755
202,336,19,9.538994,540
374,308,12,0.955206,784
315,43,19,2.382620,580
345,274,20,10.639099,244
80,379,15,9.151327,271
61,65,5,10.952985,1063
130,384,6,14.716408,122
114,360,16,2.736521,261
199,18,10,10.032483,422
196,106,9,5.615982,841
367,214,13,11.725595,785
301,291,8,17.694957,720
396,69,17,0.407642,437
166,65,5,3.359273,201
56,78,14,4.144028,809
90,381,11,5.147932,139
211,16,17,6.427015,534
77,213,18,19.279816,598
27,379,11,0.959722,776
2,275,14,6.055556,1020
202,212,15,2.953073,856
245,324,5,17.932304,443
140,78,9,3.570633,148
180,159,8,12.813164,726
118,369,20,5.294077,415
128,14,5,13.647263,944
95,229,5,4.961483,333
387,354,11,7.059570,740
64,158,15,8.010235,912
170,307,12,19.048133,103
398,288,6,8.622627,332
233,223,12,6.927878,716
48,89,10,17.320170,133
215,246,5,2.122900,118
366,194,8,0.132020,514
65,313,8,0.214814,313
165,152,5,0.314973,562
47,183,10,16.998251,173
219,346,17,9.488728,1056
255,390,13,15.333947,171
387,358,5,6.813242,1110
70,341,20,6.639612,131
331,1,7,16.466494,355
43,68,19,20.126061,342
50,76,16,6.265808,797
257,255,5,17.056659,966
41,151,18,6.270550,746
172,281,13,5.811275,830
336,294,20,3.480249,629
296,333,12,3.510465,514
117,222,8,6.299650,753
269,27,7,5.377593,732
177,55,8,19.704211,331
169,57,10,15.795328,1020
70,234,13,14.076537,586
8,299,6,0.321000,760
104,35,16,8.840629,226
44,59,5,0.406766,558
89,212,14,1.994808,468
129,4,17,1.485214,701
274,258,18,8.797414,807
53,0,12,12.070119,300
276,63,14,8.667279,403
242,13,13,2.384460,575
145,222,18,12.799265,257
394,189,18,1.239486,471
17,3,5,9.925410,327
25,328,11,0.984113,245
248,357,20,2.515190,739
198,9,8,1.337550,490
168,141,10,16.677835,677
191,123,19,18.665672,607
371,18,5,7.264316,649
284,204,5,7.258775,111
227,366,16,14.715250,769
240,329,10,7.258785,221
124,340,13,6.874005,1131
311,99,20,6.869890,718
82,337,15,3.787884,868
3,174,15,16.166737,490
74,152,10,14.509958,986
72,185,18,9.683967,770
287,143,8,6.936965,199
13,393,5,12.198317,1118
345,65,9,18.988806,836
42,243,20,12.182522,860
385,380,19,1.060107,663
157,111,13,19.045069,290
19,224,19,0.659072,853
244,135,14,2.575651,349
356,170,20,17.080589,608
328,165,9,9.207571,791
325,355,7,2.150709,221
122,149,18,4.682713,749
362,370,13,10.641594,1142
389,179,11,19.121341,567
22,156,13,8.368744,332
102,44,15,1.537029,354
279,336,17,0.288978,596
7,311,15,19.484561,1110
126,350,15,2.504620,263
268,262,9,17.529070,859
380,376,16,1.631033,340
284,228,10,6.214312,374
218,306,16,15.486327,270
371,133,12,15.509125,631
93,244,10,3.074127,388
394,379,11,7.079320,828
357,188,16,5.326656,346
274,332,6,2.172574,977
240,252,10,19.914081,1103
103,221,17,2.728041,608
212,139,17,2.477502,509
43,338,16,5.914009,598
75,191,6,13.795887,971
173,263,19,6.525168,118
256,208,15,5.046311,969
321,160,14,15.860880,567
64,173,12,20.355859,512
388,106,8,12.652522,642
113,386,8,7.754764,463
227,222,20,7.082485,1152
182,319,18,4.607564,611
350,387,15,19.257248,1056
254,243,7,14.156524,613
273,249,17,16.643234,693
144,316,11,14.718325,467
27,225,20,7.857390,531
98,328,8,12.042155,981
346,37,15,2.939781,231
19,36,19,7.235273,987
149,68,16,0.642362,729
271,331,18,4.250493,131
378,374,10,5.430050,1047
299,173,6,17.061642,598
125,267,13,0.964108,1107
129,59,15,1.664665,1098
95,155,6,7.182428,174
223,288,9,4.341702,681
371,235,14,8.469254,489
397,102,16,18.157253,517
84,355,16,2.389957,573
381,189,15,5.393068,754
108,190,18,7.224125,584
158,379,16,10.623450,531
393,68,10,9.575476,605
259,164,13,19.594457,665
367,101,16,12.888286,1149
141,126,14,20.200233,136
289,303,20,8.932347,628
95,395,19,12.142064,505
238,364,6,16.052133,770
367,220,10,9.398417,112
12,365,9,13.464269,292
70,326,7,16.113555,826
156,222,13,17.374237,407
389,66,17,17.863977,573
297,20,6,15.934473,1026
286,78,13,11.128041,771
276,306,12,10.449236,916
358,132,17,5.494348,505
234,261,15,0.201274,948
176,22,20,2.345997,573
5,101,9,10.430654,604
245,389,9,7.419999,1124
281,351,18,17.946384,758
192,364,8,13.857160,661
177,241,17,1.302932,192
61,166,7,13.874942,232
183,386,16,8.525156,332
222,254,11,2.330277,909
124,280,7,15.734209,694
384,345,8,6.495767,171
182,145,18,9.087206,343
216,227,13,4.119328,149
75,39,19,14.448067,332
81,369,17,1.937557,260
58,72,14,20.415628,271
86,122,15,1.091022,952
109,273,19,2.529172,630
99,374,8,4.494070,1024
99,273,10,16.073032,528
152,72,20,10.998255,151
180,15,5,9.897219,165
87,387,12,2.653494,1024
250,315,13,1.148943,582
38,329,16,17.809681,393
52,324,14,15.033507,516
276,96,8,13.236695,149
231,260,5,4.116713,912
319,221,19,14.511958,849
195,357,16,5.523092,920
246,298,8,7.000569,354
107,317,19,0.017954,857
368,205,17,15.321615,113
261,118,16,6.277300,511
51,129,19,13.613136,535
33,37,7,1.607103,305
341,294,9,11.405410,968
144,90,8,20.157993,872
197,80,9,17.849940,333
107,65,11,14.218374,708
110,187,9,16.584492,867
142,75,14,14.278752,354
223,257,14,7.587118,167
10,314,11,12.126030,105
186,242,15,20.066613,294
385,309,14,13.407126,583
313,206,11,7.831901,742
292,268,20,12.718441,1059
125,82,19,11.053683,1083
35,12,7,20.128227,204
187,125,19,9.090624,787
88,65,19,17.782803,771
249,309,17,7.035757,987
322,315,5,3.666566,1100
125,315,7,8.632883,978
280,173,11,4.927138,1012
334,298,18,9.313118,516
33,314,10,10.921698,1025
360,42,12,13.344898,441
55,346,14,10.736286,1092
102,308,18,19.874216,293
313,288,8,15.859796,215
219,43,11,19.514050,986
204,274,10,20.360979,992
250,173,15,18.835735,550
355,202,7,6.339155,174
308,218,11,13.797071,694
39,133,17,10.328149,266
43,395,13,13.233515,522
17,224,11,0.165381,198
152,165,6,13.121654,133
44,246,18,9.128994,783
83,66,20,5.562344,236
17,352,5,19.610623,357
3,180,14,7.070785,625
334,301,16,9.674731,895
324,368,14,15.173775,457
184,208,20,10.141915,572
41,121,20,18.711396,789
337,152,20,15.804420,115
225,346,8,17.086709,493
197,176,19,5.338288,536
315,191,18,12.897768,1135
124,251,13,20.055315,767
378,7,10,0.707908,688
187,286,20,0.326016,1140
223,366,9,10.811949,712
305,326,9,4.579037,1090
12,282,8,15.557215,397
61,286,5,3.775347,885
301,72,8,7.500504,812
152,324,19,0.448190,1093
349,387,12,7.043313,1072
42,36,18,16.317884,837
379,328,19,18.289734,868
299,254,14,19.094407,366
279,97,8,6.371546,1082
55,9,8,7.337517,671
272,172,12,10.535934,516
205,120,19,12.314729,851
53,247,7,18.499235,459
16,281,15,2.972432,218
224,94,5,0.819357,440
90,364,13,8.764640,719
22,116,15,4.074003,644
98,375,6,4.396529,930
173,160,8,4.345766,357
304,137,14,3.846366,961
162,225,17,11.465626,187
169,351,5,16.931175,635
186,158,14,5.299863,584
357,385,10,19.311477,1023
317,346,9,8.090329,1037
185,160,12,6.064159,272
328,293,9,11.179710,785
58,303,7,8.679213,751
130,311,11,17.616596,169
167,399,17,9.142572,178
244,379,14,7.744577,259
57,237,16,1.860466,127
242,282,18,3.999604,685
372,107,14,5.759784,1009
169,106,8,7.670401,1102
266,337,10,20.071370,312
230,191,19,14.829703,646
96,335,12,10.632543,697
5,148,5,7.054238,1086
117,359,13,17.164013,448
357,324,10,2.678567,1116
196,323,17,14.146036,439
322,201,6,1.324166,117
254,315,19,0.667654,641
24,201,19,0.332330,112
206,188,10,12.298296,637
47,155,19,17.661291,695
270,108,15,4.935561,580
241,60,14,12.577674,159
321,220,13,9.359823,113
153,339,6,10.974504,1135
115,42,17,1.872084,116
110,294,9,11.228125,479
219,393,6,14.544466,690
177,293,19,16.408090,321
215,119,14,15.304895,940
344,241,12,0.960316,567
129,122,10,12.795122,1029
143,281,9,15.971701,738
79,353,15,4.541108,882
220,395,9,5.115807,536
24,198,14,8.089838,1126
35,218,17,4.116782,320
345,22,19,8.907372,903
396,268,16,5.628195,949
73,187,7,0.797567,156
40,24,14,9.846753,880
280,111,12,18.972674,605
199,31,16,19.293947,285
202,201,13,14.226557,230
294,394,13,11.759175,135
87,336,16,11.252589,510
129,384,9,0.840339,1138
132,213,9,12.463168,801
243,41,7,5.075434,505
144,286,5,17.598957,684
279,68,19,12.639276,279
1,395,10,15.645394,1040
162,87,12,13.445434,1200
107,183,18,11.401801,641
302,125,15,2.047918,452
167,20,10,13.546870,838
166,324,20,0.919873,519
364,346,15,7.043375,443
349,27,12,11.943591,288
369,382,20,4.224795,478
187,12,17,12.245625,408
289,377,6,19.299792,475
110,78,8,13.346514,570
95,319,6,20.115316,779
361,71,14,16.658835,583
93,202,19,11.956376,902
28,385,7,11.098993,486
180,374,13,18.135511,786
126,254,17,7.819944,803
8,23,18,3.690904,975
34,137,17,16.918611,616
391,179,8,18.082473,197
39,126,19,19.618664,873
216,255,16,0.824609,227
91,386,9,8.551233,757
263,207,5,7.247605,313
330,157,15,14.820229,445
19,35,15,19.689159,1060
230,238,5,5.519889,890
389,69,7,9.601386,469
314,103,16,4.986974,750
355,222,13,18.228806,1155
12,168,17,17.294440,268
353,93,17,14.663762,894
324,252,6,0.379697,950
140,181,12,3.668410,934
345,169,12,19.656895,531
381,332,6,4.258824,590
180,91,12,6.858755,334
151,281,15,9.360989,651
233,320,19,14.118516,334
145,361,17,13.849362,256
320,138,17,6.658201,622
341,43,18,15.883897,741
294,198,5,19.656248,1129
371,318,17,18.649142,957
148,107,11,12.691069,1156
290,314,20,4.741002,167
94,352,13,12.052842,800
360,341,10,6.161727,683
398,136,7,11.420339,584
73,364,11,12.871907,130
394,385,5,19.630186,1088
333,210,17,13.794840,353
372,199,16,10.470522,955
112,345,17,19.465445,848
349,233,18,8.540266,970
217,51,11,15.234440,702
352,355,6,6.917957,870
374,250,9,1.653342,256
373,342,11,18.909392,792
145,359,10,8.239007,429
28,243,12,19.725775,520
40,1,18,8.039195,170
183,189,11,19.627124,563
228,128,10,12.225757,1096
385,340,16,15.120102,107
314,247,8,5.928345,1070
202,128,10,1.883266,947
305,248,12,4.702127,434
306,278,19,0.545337,999
364,225,10,9.209530,251
8,192,15,4.561234,840
200,184,12,2.757056,666
17,245,8,14.185809,749
4,38,14,6.967760,887
66,59,8,18.044103,911
227,332,6,6.430997,302
32,295,12,0.899043,854
239,293,9,5.963242,845
313,318,20,18.145112,982
205,44,14,4.502752,432
24,293,13,6.513737,1070
235,329,5,0.503735,807
201,66,19,14.587538,1107
280,7,9,8.994203,529
146,188,6,4.537552,692
78,240,7,18.621095,291
230,165,19,19.089323,563
153,149,5,17.388721,1020
250,221,19,17.220819,1154
383,291,17,16.633259,548
208,132,12,6.554086,1005
8,62,6,13.598357,643
341,96,5,20.383430,588
243,379,15,8.418966,235
352,243,13,3.631655,709
262,45,15,0.859560,625
95,118,7,15.250581,325
40,247,8,3.568218,939
398,291,5,18.026184,1125
290,250,19,5.435470,330
228,324,7,4.034087,750
391,300,8,12.895637,828
368,59,8,12.416089,228
318,142,7,8.736627,732
373,163,17,14.084834,719
186,97,19,17.854991,473
180,123,19,13.625528,525
45,132,14,10.578137,163
317,261,18,0.393739,384
46,166,13,0.825950,578
334,93,19,2.451365,879
18,39,6,3.399877,924
118,112,14,0.521338,154
1,181,7,6.388732,1043
17,105,20,9.772195,479
109,340,14,2.400400,934
41,174,5,9.217921,865
394,128,8,17.892436,321
46,275,20,3.761894,1010
18,153,16,11.583131,1116
99,176,10,19.937177,173
165,350,11,10.624420,1131
306,339,19,8.992661,692
360,187,13,17.965822,412
168,181,8,17.230537,1107
336,83,11,20.175048,330
235,392,14,2.841722,430
117,280,12,4.842275,973
48,83,11,16.100856,769
192,393,10,15.121833,557
322,227,14,8.572125,342
230,145,19,0.689279,783
182,150,8,13.109595,948
257,108,12,10.239257,298
159,252,9,14.757839,779
342,392,18,7.547978,909
72,254,19,4.605067,463
249,35,12,14.321724,583
276,352,17,6.239850,424
124,342,6,18.387875,643
18,399,18,12.148605,605
379,276,13,4.332991,274
297,312,10,7.107965,129
109,216,5,4.010060,107
367,45,17,7.409637,726
35,132,15,20.445872,524
253,147,6,3.054363,644
2,182,12,9.371798,606
333,385,19,14.737897,511
16,90,13,5.682365,1044
238,80,17,11.470475,444
88,276,16,12.635297,748
297,72,14,11.340983,1116
2,214,12,3.328607,1177
118,184,16,9.246576,361
249,186,19,10.389793,533
108,376,7,15.170939,1102
34,283,11,5.662375,1081
179,45,20,13.283464,336
271,185,7,0.686399,307
43,230,19,0.473299,1082
190,136,7,1.193999,846
398,152,7,0.918419,932
361,386,8,19.281521,728
25,60,20,17.471129,225
63,204,15,11.873529,897
130,207,13,9.722468,239
137,170,9,6.345536,1115
156,69,7,10.758735,1016
86,287,10,8.128536,840
394,220,20,9.589514,416
235,348,5,5.552542,1146
92,212,18,15.614653,556
70,377,13,9.894444,731
181,193,6,5.867631,732
166,100,17,9.584936,944
285,395,12,13.575605,823
266,365,6,5.733301,939
237,18,8,1.080649,974
112,30,9,14.307858,493
312,176,9,2.823635,166
36,346,15,9.155795,489
3,225,6,10.581049,104
94,62,7,8.022838,559
369,24,6,11.056463,893
143,386,6,15.358495,567
61,173,7,20.481539,663
224,338,15,3.231373,369
348,2,11,12.828111,788
26,146,11,14.186347,147
158,313,9,8.104380,886
5,218,20,18.329275,199
155,281,6,15.720032,606
161,18,13,13.062249,1168
362,229,7,14.007995,982
381,50,5,13.553907,1029
371,205,15,19.350396,675
52,35,17,14.217091,676
206,74,18,5.945970,1199
224,22,15,3.604341,1069
389,186,17,4.793421,1177
265,243,9,16.584560,416
3,360,13,5.609256,672
41,143,9,11.800781,1067
108,126,8,3.585794,718
144,348,12,4.992494,1193
13,293,9,0.922678,763
68,198,10,20.373250,1110
147,25,9,20.329166,804
206,253,18,14.317837,118
339,335,6,0.067712,1117
0,27,6,7.556831,1194
375,189,11,14.308693,184
221,5,19,13.304803,389
371,291,7,10.167009,644
116,164,20,10.978164,805
393,125,20,14.936973,1181
98,47,20,19.472267,738
394,19,5,18.255673,615
15,264,9,1.422263,910
388,363,14,16.462144,540
196,214,12,18.922046,121
244,239,14,3.872467,755
299,186,5,15.185222,346
157,231,15,12.322558,1047
311,382,19,10.392939,918
308,30,17,2.566313,515
358,18,14,7.166656,996
335,114,12,12.212152,390
295,365,19,14.535660,1013
137,23,10,2.902370,890
245,20,6,13.568497,260
311,356,17,10.457696,712
168,97,17,6.705890,163
314,139,11,0.153057,888
364,331,19,13.890267,318
115,320,8,7.864155,310
270,394,15,5.589655,1156
77,8,7,6.885689,983
185,318,18,16.162948,648
266,3,5,4.379369,299
10,301,5,1.203067,837
10,22,5,3.449339,386
371,383,15,15.080801,576
141,332,14,0.288530,436
63,93,5,4.887088,143
308,232,5,15.668702,964
311,130,9,3.042148,657
339,182,19,9.553565,961
130,353,8,7.878853,499
54,323,14,15.899518,655
338,219,18,14.869167,942
311,262,10,19.813067,176
112,186,11,0.183048,415
133,106,9,10.875297,287
34,325,8,5.648606,1053
162,222,16,17.028185,750
54,292,19,9.121084,240
267,219,5,19.431238,1068
354,154,13,5.389189,632
244,302,12,4.371739,924
17,168,11,11.938520,297
73,289,12,18.820795,217
115,388,9,10.922183,604
156,211,16,20.107299,786
98,34,16,20.332843,146
126,150,6,13.106377,687
341,282,15,14.076517,983
285,24,19,14.058031,266
41,88,8,10.656538,825
134,153,17,15.156588,784
376,288,9,18.085800,545
135,113,13,7.352525,851
393,179,12,5.075383,655
95,316,10,2.279107,335
327,75,15,17.018285,753
11,345,12,20.267126,315
358,47,16,18.565992,1086
131,346,19,19.506515,301
324,13,14,16.956259,820
220,270,13,15.629278,1169
122,336,6,18.111323,1102
250,138,15,15.280457,759
334,388,14,1.377482,411
10,290,13,5.840522,299
373,249,18,11.049988,161
31,19,20,5.648895,1116
210,126,8,6.567448,398
349,161,9,19.401462,618
236,180,12,10.949473,885
334,263,20,9.500807,941
36,3,16,9.613609,260
227,224,16,7.052021,806
331,147,7,13.439978,624
205,283,11,1.345859,101
93,154,5,16.314888,951
149,218,19,16.829902,637
320,312,12,0.815482,553
351,368,8,18.940172,825
283,252,5,1.439023,687
3,319,15,13.452652,246
203,377,9,18.527193,335
17,257,18,10.275788,685
22,255,14,7.241110,715
246,232,19,3.364380,545
64,69,16,13.395918,315
204,114,20,8.614264,1073
59,165,8,16.569150,496
203,31,9,20.282863,846
277,51,13,2.047617,530
40,10,20,3.797770,733
174,325,15,7.574431,1000
208,180,15,11.085890,917
367,261,6,17.709354,242
188,81,14,6.208052,692
396,135,8,4.346761,940
318,24,5,2.955692,613
274,286,12,8.728546,554
101,313,16,17.672494,137
382,59,12,10.572578,1168
388,293,14,16.912762,101
361,130,13,6.904578,712
295,92,10,10.425310,604
46,26,10,16.331556,804
304,116,9,12.839388,1124
35,190,18,5.921572,521
344,331,18,16.647202,269
250,333,9,1.005915,836
170,4,14,5.113545,138
225,47,16,16.660249,288
22,114,20,12.092757,360
118,365,14,7.026509,436
225,338,10,6.258077,709
291,374,17,18.471459,1086
351,25,18,2.912021,291
195,95,15,18.138192,1082
12,181,6,0.792097,549
252,6,7,18.001229,181
166,155,19,3.537386,866
250,307,20,13.952369,1060
214,286,15,3.665872,782
267,386,14,8.588990,1128
224,66,13,18.979281,356
338,203,9,7.437967,662
47,71,13,5.875033,388
134,94,20,6.530754,336
68,102,17,20.489079,854
317,44,16,3.875749,273
40,380,13,6.146365,315
130,357,19,11.908786,867
187,240,5,17.912305,520
215,382,18,15.771337,534
80,125,9,5.896450,438
302,249,15,6.689635,1052
4,302,17,1.990272,812
259,286,10,1.581297,716
216,70,14,4.636848,743
59,202,18,10.781210,1136
130,68,9,16.642724,887
174,234,16,7.287462,702
398,100,12,18.536415,891
370,358,5,4.917629,776
4,353,20,14.349971,310
315,202,10,13.959121,797
366,102,18,10.247553,352
286,264,18,1.032805,263
387,54,15,15.670505,647
59,264,8,2.685332,428
275,92,14,14.377992,354
0,255,13,20.359485,689
6,276,16,16.232379,1179
296,17,9,12.894497,966
357,98,20,0.731118,283
195,170,17,15.694260,1145
255,88,11,16.543307,150
112,63,19,17.929317,614
127,48,15,4.548659,1036
295,249,13,17.149036,385
392,34,7,11.226771,1134
276,334,10,8.870072,620
397,80,13,15.945369,709
20,317,8,9.587985,952
9,30,15,12.184585,497
145,44,20,13.606984,573
205,332,17,2.808949,548
77,342,20,19.488726,1012
22,322,7,18.038329,1182
100,345,18,3.935245,500
351,97,16,17.441283,591
173,278,14,16.281889,193
90,168,16,16.299697,485
182,61,5,15.708534,1128
387,320,17,5.801359,1005
59,357,10,5.886441,591
127,151,5,17.965334,196
94,106,14,15.375752,211
135,367,11,17.934523,832
288,123,20,10.572128,121
257,198,8,3.735844,655
276,236,16,3.342621,351
159,325,15,11.501905,256
320,85,16,8.676478,857
152,157,10,12.987130,699
319,291,6,17.028196,848
47,172,13,7.436618,558
211,292,19,2.140175,997
191,369,12,3.648392,700
392,9,17,13.906427,1199
125,226,17,16.999364,1075
188,368,10,12.965764,768
46,183,12,8.376529,1150
201,272,13,4.495605,266
24,107,15,13.343536,265
122,156,19,10.528027,319
323,274,12,15.681054,369
249,206,20,5.861190,907
20,258,7,17.952120,734
213,168,8,13.035217,317
382,63,15,17.028686,411
233,341,9,11.799246,446
187,80,19,2.587643,543
65,125,7,15.100453,941
84,257,19,14.525386,212
204,370,20,17.790247,260
42,121,19,18.856518,884
171,231,11,5.442772,615
102,251,8,11.690591,704
202,117,12,0.621428,602
250,377,5,4.735150,843
241,349,12,7.323678,176
337,294,17,4.083215,1056
34,294,11,5.747513,745
46,152,7,9.168848,1023
371,108,10,13.354153,752
196,7,5,18.136981,947
37,397,13,17.705684,807
5,224,15,7.964687,708
139,357,20,6.038622,266
293,323,7,2.552600,902
48,80,5,4.474536,827
7,363,17,19.097119,193
241,287,14,12.796865,614
194,202,11,3.008540,560
293,222,15,19.149584,128
214,258,12,2.262161,1064
241,22,5,18.836869,269
298,10,13,16.801676,856
179,318,5,14.741855,262
325,246,14,19.348711,1027
320,181,18,20.012538,523
54,241,7,11.270727,257
221,211,20,9.841929,438
115,188,16,15.644897,765
51,64,18,17.851208,665
379,191,16,13.734721,989
48,90,14,2.948691,269
350,36,7,1.509795,232
315,320,11,18.832718,915
260,52,5,8.650506,1027
276,357,16,5.506545,1195
119,224,14,14.423664,1072
329,336,20,5.837350,1182
178,319,5,6.428706,390
23,293,14,11.555797,315
184,308,17,15.767003,328
157,345,12,19.935820,567
49,182,9,7.690706,866
184,82,5,1.753366,284
20,234,16,9.716111,955
358,377,7,7.118614,970
284,292,5,6.462953,693
252,196,5,0.105297,304
353,183,8,16.215022,731
194,205,11,10.178407,505
36,214,13,4.707945,362
124,328,13,12.576981,842
131,209,19,8.306970,833
169,170,6,15.423133,770
52,155,5,8.273443,1146
310,226,18,19.406863,624
182,336,9,5.455363,230
91,184,17,11.367128,890
110,75,15,9.541053,145
241,223,18,3.796655,235
133,346,19,0.429903,154
298,126,10,17.526536,435
224,267,8,12.379313,524
265,49,13,19.151410,941
218,90,20,16.545370,511
24,138,6,9.441385,575
271,394,10,6.623218,509
69,156,6,1.623113,514
184,62,18,6.866745,361
395,36,14,4.505110,881
296,45,17,7.554729,1080
333,320,15,17.356478,1151
242,229,14,13.193233,496
228,371,10,0.931444,443
4,395,18,17.859485,922
121,13,8,0.920232,1075
34,120,12,0.935044,464
30,31,5,4.312857,428
11,317,7,19.819294,1111
356,292,13,18.963064,354
216,133,13,13.767423,862
167,353,8,11.957424,112
20,265,14,12.556111,786
185,180,5,1.520413,251
216,320,5,17.401351,159
95,210,5,0.760198,600
179,356,19,4.969413,1057
40,264,10,18.178609,625
342,381,6,4.298659,1000
75,251,20,12.041469,689
245,339,10,15.818489,248
34,132,13,4.448519,572
260,315,17,17.747730,1136
277,175,12,16.302890,384
128,103,5,15.346340,679
274,280,5,12.257725,1025
322,17,8,3.655808,937
293,34,7,7.681451,276
384,61,11,5.478665,1192
250,92,20,12.026846,262
220,68,5,9.944523,465
379,297,15,10.755306,221
97,289,8,1.184782,733
209,7,8,11.125509,365
186,235,8,3.152964,239
265,356,19,15.744939,935
157,247,16,13.778175,250
329,383,6,4.658463,199
118,229,6,19.196446,1171
241,334,10,12.804455,1075
45,181,19,8.353838,936
111,383,11,18.548601,699
258,169,16,1.573673,383
64,194,19,1.445999,869
199,332,19,3.625650,493
364,147,14,18.375207,992
37,211,7,4.334431,473
350,106,9,17.567935,1162
160,226,5,18.555177,596
61,222,7,8.914826,336
199,281,8,1.523910,1036
313,68,10,9.010420,949
255,194,10,14.582637,938
92,16,15,8.208497,724
200,192,6,12.254965,1055
32,84,5,10.086703,917
158,10,7,3.485788,1043
257,104,9,5.392546,993
229,117,8,6.057126,291
297,100,9,0.711438,570
98,253,14,12.855366,586
351,352,18,11.843720,481
367,182,8,4.771161,166
229,235,16,14.053416,589
240,209,6,12.951604,405
6,316,6,17.704468,379
7,379,18,13.495974,424
389,57,20,18.642142,315
273,197,8,7.418877,959
115,377,10,1.740471,940
336,39,6,10.090446,194
333,221,8,7.917849,1137
148,395,20,1.021721,820
36,156,16,11.884072,497
11,103,14,7.296162,448
241,259,18,19.401106,451
341,187,11,11.710362,664
257,90,14,6.770417,908
323,128,19,17.787163,723
328,111,15,6.891633,171
132,228,19,1.189924,881
248,230,9,5.058644,1165
276,398,19,9.842131,1008
20,146,20,1.128765,179
255,116,19,0.016081,510
340,123,13,4.039487,1019
290,301,17,7.831804,586
106,168,13,16.265867,1113
145,214,8,20.144166,988
141,205,6,13.612143,107
255,365,6,9.312265,177
218,386,15,1.464747,163
399,7,11,18.895495,413
110,166,14,3.127356,780
287,20,19,10.738361,122
206,47,12,1.577367,274
306,386,7,0.642627,1096
173,17,12,6.653231,829
114,365,18,5.961144,863
387,81,11,14.289939,1147
161,210,5,20.231662,238
125,92,15,13.697810,741
145,234,18,13.470348,242
137,173,7,0.022741,1076
38,310,18,4.467026,128
275,87,12,3.323866,1120
16,278,10,13.094424,693
161,82,15,10.291359,459
217,309,16,4.713007,1037
306,47,14,15.985743,1056
146,162,20,12.448269,1046
186,282,16,12.033148,958
72,10,20,5.521545,963
90,76,12,8.044754,681
104,204,7,12.700347,759
185,254,5,9.299121,182
86,386,18,1.302298,1032
323,87,13,6.035845,884
360,228,11,20.059620,1159
55,191,12,0.794153,1070
215,235,5,0.075712,733
181,258,9,19.709979,328
5,349,19,6.895679,770
116,244,9,5.447769,933
70,225,19,8.678218,755
240,20,8,15.773578,936
74,353,11,10.093512,484
84,353,12,18.687754,312
240,231,16,2.471566,318
143,339,16,13.391616,755
57,131,9,19.008492,288
126,303,17,8.863193,1175
284,297,19,13.645546,734
393,120,14,19.198239,928
360,48,20,8.160302,1128
293,221,20,8.068807,648
47,383,20,16.793232,1114
294,299,20,5.725809,189
31,247,7,2.698892,240
368,46,7,5.780115,753
278,276,9,4.168970,313
109,393,5,11.079222,1023
322,284,12,1.185485,1132
246,312,18,18.213841,1160
144,179,8,19.980543,282
204,276,19,8.940424,1092
280,360,17,2.622027,990
129,351,15,0.739599,511
138,130,14,15.580409,458
360,144,5,19.869148,125
112,155,9,11.198471,927
228,75,14,3.776653,733
114,246,5,4.581275,544
210,291,5,0.757253,824
11,67,20,15.650939,454
356,271,18,14.665253,182
341,335,10,9.444468,1049
81,237,13,16.100521,154
96,91,7,0.648134,292
299,65,8,12.505485,749
183,212,14,7.953787,1054
86,159,17,6.447687,742
222,81,20,2.172671,1116
56,96,9,13.062513,142
12,148,14,19.777784,409
207,37,16,0.440492,1086
231,26,19,8.246117,431
376,117,12,5.930299,893
217,367,11,0.862314,261
127,360,15,5.679557,819
204,87,6,4.011540,655
366,44,10,9.711262,1178
366,320,7,7.818915,487
70,275,20,15.562156,201
88,133,12,17.247752,263
12,390,20,14.063744,981
156,299,8,4.307790,426
195,398,6,1.015218,805
55,273,7,4.240462,889
4,165,14,1.581121,1129
374,284,7,8.414894,1032
163,91,9,18.689562,1010
193,153,15,15.720372,164
190,258,13,16.604625,240
367,137,14,1.271829,353
325,159,5,19.562487,719
36,118,6,10.508414,608
135,195,9,4.908426,1147
22,303,9,13.327240,162
299,293,12,14.795975,171
234,33,9,16.248522,1002
47,398,5,13.762687,225
288,4,7,13.979384,527
58,153,19,11.854420,521
16,134,11,19.561409,936
115,61,17,15.379984,475
277,23,7,5.020465,231
247,189,7,16.055833,444
150,117,12,15.353797,276
324,245,6,19.546714,921
267,126,9,17.553409,199
33,43,5,18.998500,995
75,135,10,19.377385,594
229,272,14,13.860643,926
236,78,6,14.897270,1076
115,117,12,12.643342,105
350,42,12,13.932526,1140
259,338,16,7.784011,712
5,149,15,0.522344,1182
290,275,6,3.702276,209
266,314,8,2.510425,635
137,298,6,15.337686,1180
25,161,12,18.868035,539
220,176,11,18.133319,1066
357,256,10,0.757848,1130
323,285,5,13.126619,196
239,0,13,13.127242,1021
232,201,16,12.444245,639
76,129,12,16.089173,983
282,358,8,17.301738,293
34,30,7,11.985483,798
33,294,16,0.936554,561
370,175,17,8.488912,504
365,61,7,10.595500,568
75,155,7,20.074956,416
87,111,20,19.123507,862
143,78,6,15.800073,727
172,276,13,19.058387,775
202,199,19,18.784804,470
109,218,19,15.030268,1000
384,141,12,19.779610,1167
88,374,11,2.924143,523
337,297,16,10.915429,645
342,309,8,2.182295,1163
224,58,15,15.549980,1108
16,222,7,12.959292,304
288,314,16,7.612757,897
228,384,5,14.224502,1060
70,350,7,9.119282,107
239,204,10,10.667923,667
92,198,12,15.235442,471
94,304,9,5.868972,985
323,69,19,19.990168,146
315,273,18,13.400476,159
384,301,6,13.932025,820
347,341,9,3.530698,1119
148,99,8,5.481734,336
388,383,11,10.245772,309
77,56,10,11.160082,479
209,327,7,3.289524,550
350,88,19,10.322935,671
397,338,16,12.426990,484
327,252,6,5.852649,1154
41,252,9,15.800010,1057
309,216,18,19.958249,788
268,193,10,16.098385,304
78,21,9,11.487250,658
2,25,6,11.667536,237
69,34,7,13.075489,200
27,74,20,3.308377,361
125,263,18,10.648669,421
354,198,16,20.078863,207
153,357,9,19.670919,220
155,13,5,14.700085,203
223,275,6,13.633875,498
306,25,9,12.546925,144
150,44,11,0.725440,1043
96,8,12,1.552491,974
377,353,9,5.207367,1187
21,310,14,0.639851,773
348,6,16,19.102510,340
156,337,10,4.016507,318
363,265,14,12.541926,328
319,296,8,12.523503,462
194,175,19,0.664858,865
211,59,10,13.249155,675
346,46,17,0.724803,100
338,375,8,15.724151,590
145,39,20,12.562925,510
145,194,12,13.812542,348
137,239,15,6.556123,534
316,250,7,10.519677,683
314,325,8,7.894966,653
200,224,13,15.643560,449
183,95,14,7.473364,731
136,260,8,16.929792,612
376,264,17,5.164941,1066
105,285,13,8.694418,220
160,112,18,20.167796,118
214,17,5,12.964263,414
266,121,14,10.806042,1070
224,319,7,13.099698,455
37,83,19,2.883170,621
314,100,10,12.525304,805
84,73,19,20.432560,698
323,359,8,3.601183,1062
53,252,17,15.162370,1134
150,168,7,9.593281,195
356,105,9,12.892835,664
248,8,6,16.243946,838
393,86,6,16.609117,239
214,109,19,6.217675,567
168,112,8,17.179014,291
374,67,7,12.138009,222
41,190,20,2.856032,342
348,113,17,9.886957,769
279,36,11,14.521371,345
80,163,7,5.083362,313
346,389,15,7.232561,1165
339,345,9,6.777807,765
51,260,15,4.435089,259
196,365,13,5.566508,954
14,168,17,1.601188,206
361,334,12,20.222150,403
81,25,15,6.069298,441
1,292,9,16.399670,907
282,295,13,16.364237,1196
387,129,8,13.635373,679
15,5,9,15.993648,331
31,121,15,4.197446,280
82,76,14,4.835190,746
166,332,5,14.825897,345
192,52,14,1.625645,253
218,182,19,4.911568,699
379,71,14,1.705366,481
144,393,10,13.612479,973
342,97,18,10.029040,1131
261,392,9,8.194479,622
186,331,5,0.543874,479
226,126,15,19.966840,627
170,116,14,20.005159,556
90,149,11,18.677389,171
316,104,15,8.769816,1181
368,387,15,6.870952,1177
19,268,7,8.609069,828
241,97,8,11.195629,1164
16,383,14,4.324536,1145
139,29,18,13.891654,338
282,181,10,4.386688,845
350,209,15,18.511279,233
314,236,17,19.904983,1195
310,247,12,4.936132,834
381,18,10,12.040156,1057
252,27,19,1.983959,950
49,181,11,17.329643,818
138,285,14,11.448653,119
18,131,7,19.353838,357
140,199,5,9.425609,656
236,355,7,3.536006,608
17,386,17,1.313290,237
245,118,19,5.893862,586
178,99,14,12.233076,547
128,306,6,18.125281,771
187,312,13,19.216721,539
204,208,16,4.547273,1010
145,338,7,16.056084,360
160,204,12,10.398630,1197
206,282,9,4.298381,365
134,395,7,17.676243,795
163,188,6,16.506533,600
308,56,17,1.459026,1179
50,126,18,13.502660,121
125,112,7,3.084105,573
163,1,17,17.353600,1160
287,34,7,8.861541,725
57,375,12,13.298025,603
153,392,15,12.229261,1046
81,34,9,14.962676,221
381,136,20,16.983307,954
133,80,16,2.233721,307
395,103,8,16.646339,1037
356,216,15,17.180281,766
144,169,6,13.512933,675
18,78,6,1.812030,450
133,262,10,3.891889,1189
333,100,18,2.653592,918
156,378,15,10.137656,512
343,44,20,2.788387,357
346,54,7,15.960573,827
167,207,20,6.415125,872
330,119,16,11.689089,933
78,244,19,2.080798,964
128,229,16,6.848844,662
25,120,7,11.879293,467
262,202,14,10.923046,885
76,348,8,19.226130,733
270,52,17,3.225259,816
396,321,7,10.833446,564
230,40,8,9.900042,784
337,65,6,1.380592,802
204,192,19,16.164951,551
48,262,14,19.641305,612
222,300,5,10.707320,740
153,105,16,18.980918,506
23,174,19,10.787090,180
280,99,13,5.277519,220
373,293,11,0.647141,359
371,381,12,7.054774,739
244,253,5,18.825961,454
110,298,6,17.277066,323
327,137,9,17.807123,1141
317,259,19,6.192520,414
121,369,9,0.178208,289
226,48,10,3.820670,246
161,175,16,5.556418,1118
361,351,5,20.017379,268
388,357,16,7.751262,1007
378,210,18,1.645956,1043
124,365,18,3.460650,907
352,208,6,16.110873,980
69,76,6,17.315309,987
60,30,12,8.605907,1071
168,375,5,6.571982,329
205,278,10,9.940988,527
62,80,9,8.886046,584
375,51,13,10.034903,648
252,96,20,15.701159,1056
71,133,10,8.424573,416
325,176,20,2.690030,1110
232,101,11,17.027444,926
36,203,7,20.275755,1013
214,12,8,16.534467,302
155,210,6,12.912898,460
283,141,14,12.109328,264
327,1,19,11.663183,726
222,216,8,8.965076,214
47,193,14,1.138197,1054
10,300,11,0.619544,112
315,299,20,5.985222,218
3,199,17,8.822607,657
356,291,14,18.156940,1003
143,131,20,7.526096,100
131,57,8,0.404442,1063
64,14,12,19.728648,404
190,193,13,2.161206,337
348,51,20,9.647713,747
124,194,16,19.807755,723
388,22,17,19.884630,1032
158,241,20,10.146839,471
109,249,20,20.363687,122
351,385,15,3.569310,127
57,67,10,2.830966,888
233,98,17,17.253568,174
212,332,17,16.445114,565
211,161,5,8.896337,551
145,94,7,4.315876,665
307,268,8,1.220836,728
191,337,6,1.557520,427
144,239,18,16.416778,986
181,346,12,16.083917,649
50,218,12,20.031436,304
152,299,9,18.844266,680
263,268,18,8.829349,501
44,225,16,20.420451,356
81,40,20,16.218972,609
392,22,20,6.772588,335
53,39,16,3.055766,1019
236,20,10,16.226805,428
358,65,9,19.530053,138
2,62,18,0.864061,862
195,394,17,9.499467,700
115,151,14,4.881827,620
77,87,13,16.581787,472
394,122,11,15.643739,606
227,218,8,16.644654,974
265,359,10,18.484027,1085
206,339,11,6.400899,345
307,108,15,9.587468,585
194,117,6,9.581807,1041
3,127,9,15.819345,137
275,170,17,11.645741,317
212,105,18,19.226672,954
299,53,16,4.209887,635
322,10,7,14.907689,1175
372,86,19,8.591326,824
300,153,16,5.078400,911
248,375,17,17.091006,1037
53,208,13,17.107401,826
367,4,20,8.412824,369
162,239,6,18.360617,660
374,232,14,10.481581,295
90,8,19,13.333929,664
247,322,19,0.885410,576
99,30,19,13.802044,1086
54,224,18,19.185889,1046
138,228,13,6.032619,184
395,356,19,1.223792,259
47,46,8,8.999899,505
355,62,16,3.057532,570
314,4,16,13.826391,778
354,356,15,1.920982,506
78,12,12,13.788423,425
132,3,20,6.354362,247
6,225,20,16.246280,779
286,145,18,9.023286,600
312,42,17,3.599753,1120
274,86,11,16.845401,1132
252,109,17,14.417284,669
64,36,7,18.396903,964
91,205,8,8.396418,753
202,144,20,15.949584,547
244,303,10,12.336853,1121
342,334,10,17.780099,468
302,55,6,18.622629,958
85,386,17,9.594241,600
38,82,14,15.646698,390
390,302,6,9.226119,769
329,308,6,20.332788,1044
138,283,14,6.844521,313
90,211,5,3.195248,1033
146,355,13,5.224689,859
71,227,5,11.086416,117
153,361,9,18.303170,894
113,154,9,6.814615,844
394,382,20,6.146406,901
204,253,6,13.192711,942
158,24,6,1.843690,611
209,314,6,18.700738,821
260,185,18,10.579117,871
278,231,12,4.219145,284
347,293,13,2.466589,134
294,133,11,4.022619,385
173,188,8,2.940859,514
67,17,19,3.874151,983
237,282,14,16.027027,423
349,74,9,13.707421,532
219,283,10,7.995072,709
187,194,15,8.118352,861
26,76,17,18.391131,500
20,188,16,19.195568,142
248,362,20,11.408146,581
363,74,18,17.941110,1144
107,55,7,16.779802,234
73,127,20,8.577544,287
17,183,7,10.835386,520
59,236,9,6.757622,919
217,26,17,11.280346,1144
322,394,5,4.984648,425
56,108,17,12.600335,347
281,260,11,11.736309,305
81,361,7,16.853220,377
61,195,9,2.984044,861
394,370,12,13.815789,1176
393,214,9,13.794805,877
7,352,13,2.435453,1182
235,151,14,14.475124,1133
97,319,13,18.767134,410
343,371,17,16.896738,248
177,344,9,14.908567,1105
388,245,5,14.095296,227
33,344,17,14.951282,986
141,6,16,3.111139,1132
243,296,7,2.139431,1110
183,23,7,17.740624,1138
228,196,14,11.215748,245
363,1,8,4.329165,896
351,131,11,17.409718,748
67,366,9,6.542126,166
283,73,19,16.123582,437
282,383,19,14.384579,528
367,316,20,9.817394,1168
43,282,13,12.247610,1010
197,289,12,14.148154,765
242,270,13,7.966194,1147
239,369,16,18.803813,185
255,1,15,12.185496,341
50,205,12,14.497307,418
342,101,15,19.264961,245
78,254,12,9.177401,1057
4,11,7,4.781427,335
318,0,14,11.972874,917
191,127,7,9.339846,551
124,198,7,10.277534,1124
47,105,20,17.894508,1120
135,375,12,9.834507,978
395,65,15,1.586483,528
380,357,12,18.122397,943
151,345,13,1.897621,1172
124,380,9,2.978862,1187
50,243,15,9.369140,1164
191,133,9,19.068955,218
256,43,12,10.170545,811
393,224,9,0.756373,259
80,329,7,19.653497,554
38,113,19,2.911048,1024
337,334,13,7.754541,672
195,71,6,14.635861,529
103,36,12,4.797735,1188
231,342,7,5.621450,1017
207,80,16,4.469519,1159
226,178,18,6.318954,445
143,243,5,18.201198,272
215,247,19,0.389712,557
223,109,13,14.696705,502
301,153,10,4.469842,828
375,36,19,0.720388,262
64,89,12,19.609365,831
237,297,5,12.360425,1127
195,82,10,20.179377,194
160,208,18,8.621266,1169
85,56,12,8.169508,520
393,300,18,12.588856,162
318,141,8,12.497765,1058
262,307,15,18.072037,352
63,196,12,8.664151,806
330,270,19,0.201723,1016
132,235,14,13.450777,854
296,201,9,10.466414,1197
310,287,5,17.829564,249
18,288,19,12.539214,904
19,368,13,6.120776,822
104,244,14,9.035484,323
181,362,17,0.902023,255
299,275,12,13.201307,1137
368,319,14,14.861638,745
228,144,11,3.225096,1174
63,315,13,12.283788,433
325,62,16,7.375909,966
114,212,19,14.171057,525
113,1,6,12.186046,269
342,84,16,1.221348,232
325,128,11,19.897428,488
21,207,15,12.280123,477
375,154,10,5.793252,758
29,384,16,12.511029,182
180,331,7,12.221088,217
87,173,9,1.121260,629
204,54,9,6.407694,203
24,0,8,4.895270,336
94,267,9,11.780863,1130
276,169,20,18.405956,191
256,375,17,15.603136,186
243,45,16,8.729459,243
98,65,17,12.414411,1087
221,392,9,16.046880,788
151,268,17,14.882796,308
88,185,14,9.555705,408
253,205,16,14.992081,151
304,329,14,1.473195,807
266,366,8,18.532702,700
48,99,19,12.103996,279
250,276,8,6.103532,349
390,38,19,1.655341,763
275,252,9,11.081370,169
150,309,13,18.418618,579
163,280,16,16.118394,884
51,236,15,9.391557,268
281,75,14,12.157304,618
24,364,13,5.330763,1033
70,57,19,7.677135,420
123,385,15,19.993223,1090
249,204,14,19.517685,720
283,245,6,2.479778,584
193,394,13,6.922497,729
180,263,15,2.047110,691
358,337,17,8.697888,943
177,131,20,4.419129,605
144,385,9,12.287315,599
383,382,14,19.809140,820
178,222,20,17.816454,209
295,361,16,4.143785,181
59,99,5,17.141528,880
357,154,13,3.810945,1182
40,93,8,1.935021,157
307,193,19,8.887797,966
300,225,12,12.969873,944
186,318,16,1.204748,1024
245,316,18,17.559245,182
268,82,14,11.503359,754
144,234,18,13.748299,318
286,260,10,0.799333,302
299,310,20,3.173858,927
4,329,6,16.798217,568
38,99,8,17.596711,528
199,49,16,17.261166,834
232,293,16,1.910678,222
280,274,8,2.475865,435
162,357,9,6.794064,302
393,176,7,5.604788,1017
62,27,16,19.449848,387
275,185,6,1.381202,199
341,343,9,10.435487,870
386,70,8,6.068883,1000
164,66,6,19.277123,800
296,282,8,13.364610,698
267,36,5,9.023683,222
317,387,18,2.559198,352
139,62,12,6.513141,795
89,130,6,5.995631,724
37,370,20,5.480143,1057
95,268,8,8.829095,417
371,15,18,12.731477,1050
231,71,6,9.212684,463
300,229,9,19.431996,532
59,184,14,9.203253,244
310,336,19,9.231761,701
214,255,11,15.052562,455
152,149,5,6.746467,1120
380,186,10,13.610509,121
150,294,12,8.969367,322
299,18,8,0.645616,103
313,250,7,4.623999,487
341,317,16,10.643815,1039
86,184,8,10.769079,971
209,70,18,19.228038,946
190,205,16,6.220580,969
367,82,7,18.621896,254
266,343,15,19.235801,337
358,198,8,4.244152,948
205,315,10,20.066026,761
293,11,11,18.531934,666
394,272,6,6.292466,812
303,148,20,0.634561,763
48,295,10,10.048646,938
132,352,19,17.221968,205
375,227,13,13.130089,433
343,10,20,15.786040,575
203,109,10,19.751013,1124
235,49,17,12.791767,288
176,223,15,16.192587,840
251,353,13,1.828494,254
174,64,11,7.741557,1040
167,113,13,7.784037,1068
139,316,13,0.681334,349
272,298,18,3.158510,951
366,219,15,1.274834,1037
342,239,15,15.013138,772
263,128,8,6.203499,1082
92,138,14,9.583274,132
296,353,7,1.274813,807
385,147,12,15.613864,629
21,267,13,11.154321,444
34,36,9,14.004259,1048
330,311,8,3.203211,190
184,40,11,2.753615,842
342,256,5,13.627430,997
205,252,12,19.031613,524
96,351,13,9.477481,592
22,235,15,15.572911,726
136,274,6,6.450357,422
285,93,11,6.581198,271
188,185,15,10.542001,308
235,221,11,9.519466,913
5,352,8,8.021490,690
398,307,7,16.605135,489
277,352,17,0.554687,499
250,35,5,10.719162,470
199,55,20,13.215048,742
124,115,8,15.025846,748
247,67,20,15.642249,282
190,202,19,18.486449,622
238,199,11,0.351656,732
331,238,9,10.371695,933
165,202,6,14.902325,292
334,376,17,4.859387,223
161,190,13,5.387501,547
281,113,10,11.000113,906
375,344,8,17.995032,726
14,129,12,3.173579,323
10,321,16,18.373138,919
143,218,14,18.474875,840
357,259,20,9.226189,253
11,37,15,17.476934,951
176,259,15,1.995845,1071
108,184,11,19.945210,225
153,48,10,18.351117,885
292,397,20,2.371779,961
317,380,19,4.032488,222
184,349,15,14.723656,927
13,105,5,12.127744,223
133,259,18,4.362445,693
188,288,6,3.617333,773
245,291,5,5.060774,315
60,348,11,6.689773,899
391,211,19,13.040249,1163
280,367,7,8.336007,400
344,385,16,7.200573,423
48,278,8,18.102890,589
213,311,15,14.446723,810
136,255,11,8.607315,132
145,204,6,11.896135,462
76,155,15,5.301457,313
77,293,5,10.136390,489
380,62,20,17.104737,940
174,297,15,5.872698,329
39,239,10,16.776840,623
276,78,11,5.344746,818
349,377,8,0.983056,319
174,363,9,0.676361,414
397,384,16,15.403482,950
172,43,12,4.658302,834
90,322,11,2.836020,824
121,11,11,3.283992,1190
360,104,8,18.906375,924
367,285,18,12.548483,925
27,85,8,8.270307,488
45,286,16,16.558470,956
325,85,7,11.101733,1058
44,204,17,2.968501,544
152,258,17,17.195492,554
66,369,19,14.913238,169
384,51,12,13.662031,422
62,300,19,18.732995,834
33,207,14,8.061487,704
118,233,10,8.912384,1016
42,246,12,3.911626,298
62,289,7,15.269424,630
129,43,15,0.201623,251
99,288,11,6.805463,400
76,100,9,5.542093,1166
168,240,14,7.453967,876
387,173,6,13.983634,975
257,287,6,17.188753,455
81,158,5,0.447868,413
119,111,11,1.673253,1173
53,222,10,2.110321,667
202,189,12,3.341159,700
27,313,20,0.961899,289
260,371,8,14.644213,650
79,209,7,17.431458,1058
330,137,5,3.571195,383
220,116,13,15.694015,423
321,237,14,15.279391,216
69,187,11,10.856489,367
116,138,11,2.441329,142
26,390,9,10.109868,417
363,180,16,5.520181,255
58,104,11,16.668181,247
249,292,20,5.836766,320
136,114,11,11.240542,938
120,340,17,20.373170,450
183,285,8,4.404144,503
343,244,20,18.241844,415
384,121,7,7.360905,572
245,181,14,16.092508,1149
227,105,17,5.662265,155
121,209,17,4.705591,110
293,211,15,1.916152,578
284,235,19,10.079778,1049
65,129,12,18.276962,1189
327,385,6,4.912377,615
343,78,5,10.498917,1063
105,56,20,9.562737,425
274,118,15,14.457656,779
46,219,18,3.867368,837
358,180,10,15.637573,1082
362,213,9,17.796615,242
364,68,16,2.490821,446
242,238,20,9.062327,852
218,342,14,3.686894,479
188,86,14,11.962532,555
249,329,10,7.868654,276
373,50,18,18.356460,1198
304,53,18,4.213985,993
362,22,14,6.853371,872
95,8,11,20.185647,418
200,160,17,8.814009,765
3,351,14,13.941600,1193
356,168,8,9.766792,594
308,156,9,9.115828,824
366,113,18,1.806896,262
91,360,12,8.772843,178
266,338,18,0.627454,107
76,23,5,17.196795,1065
304,46,20,3.397896,621
274,191,7,18.795318,1026
349,338,10,5.926473,1137
356,139,11,5.395752,751
177,58,10,1.921012,891
109,243,15,14.252706,492
212,119,10,16.309051,157
347,96,13,12.524852,102
389,251,20,6.399533,472
187,377,7,19.367843,221
14,239,11,17.899408,575
131,328,9,6.175223,398
112,54,15,1.053788,627
392,210,8,13.538089,1013
391,378,5,5.956777,455
317,16,17,4.890453,739
352,70,8,8.275447,889
154,80,17,3.954370,723
268,68,7,1.125909,329
245,202,5,16.409505,612
349,250,5,4.111046,1048
314,128,7,2.215580,927
4,213,10,12.979896,742
91,135,12,8.002560,469
60,15,17,15.522332,526
227,195,13,1.193662,157
168,262,10,15.619623,454
302,289,7,14.596412,884
130,238,9,5.189991,562
212,286,5,8.232738,791
58,240,13,11.851946,450
220,255,10,1.787379,567
165,315,7,1.207460,373
135,161,6,14.890396,802
334,209,5,3.363297,786
360,18,19,6.103628,798
301,146,15,6.609092,783
331,213,15,5.326662,1035
379,236,12,8.820286,370
56,101,5,18.549640,531
326,225,9,3.356190,673
291,327,9,9.240500,364
275,79,11,6.016270,1154
399,26,13,16.216536,681
204,68,18,4.081274,212
267,366,10,5.014547,453
285,149,20,18.688602,611
99,123,13,17.404186,862
263,321,16,10.441232,774
66,216,11,5.991834,559
251,127,14,8.772314,668
135,26,19,5.835835,205
339,265,20,6.666444,648
41,203,16,3.496521,139
356,96,9,3.751002,851
45,350,10,16.385020,668
14,90,18,6.266264,1117
52,360,9,7.870968,502
364,251,6,6.145376,1163
255,253,17,14.191575,1128
273,251,7,18.424605,230
74,67,16,18.008858,687
43,334,20,16.631342,382
107,297,18,6.369276,455
201,34,19,3.787591,495
317,333,20,16.179800,457
103,195,13,12.630547,473
335,257,13,19.430347,351
209,282,17,5.540771,700
75,342,18,11.776186,104
393,273,9,12.358008,1108
56,358,8,3.810208,1174
65,5,6,11.835998,976
377,232,19,0.951208,710
63,83,16,16.314221,659
201,379,20,13.283808,320
9,105,20,17.271146,131
65,325,17,8.943881,871
1,323,8,8.321979,381
117,389,20,2.643452,785
83,368,19,6.212487,278
133,164,12,12.927984,791
49,352,11,16.110407,579
162,193,7,13.766148,897
150,263,6,9.841679,1047
13,227,16,15.838270,713
144,17,14,4.469841,1186
62,389,13,16.693792,661
156,20,8,6.346782,482
285,211,19,10.100551,621
326,0,12,15.536096,479
38,228,7,12.566190,137
36,255,14,6.450220,600
163,46,16,13.112033,538
96,264,14,15.482449,1049
71,195,6,2.507735,721
180,268,11,15.530926,156
192,136,16,11.826408,933
124,325,16,9.548300,244
189,228,8,9.461498,1063
67,171,6,7.124087,907
372,191,7,7.444687,341
135,315,10,11.985595,270
398,143,9,3.889735,435
299,73,18,14.389056,192
159,240,5,11.125381,870
79,173,5,16.572238,636
175,231,6,10.770429,1197
220,174,11,7.318973,210
119,39,6,0.919886,405
228,312,10,7.318994,306
54,30,8,11.806523,1016
98,295,17,5.744555,1180
40,70,18,0.173282,1051
73,374,20,5.790869,407
397,82,6,9.480763,1084
150,329,16,0.315715,147
381,219,6,0.092546,397
37,220,20,11.479640,407
89,297,14,4.343222,144
297,374,16,16.985600,145
65,38,6,11.828520,260
339,188,12,9.965709,443
78,249,7,1.451130,314
229,21,7,0.224964,201
155,204,5,14.664097,287
298,302,10,19.451453,302
170,314,15,4.047834,444
243,9,14,16.863620,449
233,318,15,5.858381,137
245,313,11,8.857819,920
107,238,6,14.164020,1092
395,348,12,1.443365,152
31,219,14,9.960093,1108
243,57,17,15.460566,971
70,188,6,0.881714,1184
311,282,18,9.098291,989
1,355,9,10.571597,822
98,316,12,1.424131,222
183,274,8,4.321179,466
183,310,18,19.243187,398
372,257,16,9.340325,1136
134,345,10,20.198007,938
360,101,5,0.765722,1131
289,46,19,19.922488,707
2,50,14,16.162553,401
339,387,15,11.927621,185
187,154,7,8.307208,151
169,93,20,14.207432,136
327,374,7,10.380632,905
338,188,20,16.148125,751
399,256,5,10.671659,410
315,193,18,1.406461,892
370,374,16,4.187765,410
337,138,5,14.627735,382
256,195,10,19.602989,379
209,114,6,16.994799,799
23,158,15,12.117486,833
345,386,17,14.265832,518
156,287,11,0.362985,925
206,281,6,18.458616,1169
246,79,10,1.061278,585
149,51,17,10.534763,241
107,233,19,14.379042,634
171,168,12,6.740903,1064
82,166,11,0.019218,1172
72,158,12,5.804118,1042
333,219,17,3.424893,234
177,88,7,3.435873,540
156,250,12,13.853600,777
1,30,7,6.043747,1191
189,44,11,2.954645,1099
228,67,19,7.225930,526
339,284,13,4.040021,954
298,183,18,18.944116,438
210,399,8,11.672692,1065
210,273,8,17.308723,623
228,303,12,16.140420,437
325,184,17,13.476438,221
351,91,16,1.700488,765
78,321,16,14.765965,145
181,207,19,6.218652,738
268,280,13,0.538953,423
6,36,7,17.434341,273
27,338,7,4.427054,360
327,56,15,6.093540,467
113,228,11,16.844017,817
112,7,16,11.595151,131
291,71,7,12.588260,483
90,357,14,14.682770,1045
12,9,10,1.455684,956
235,32,18,11.354983,988
187,327,6,9.189312,584
159,39,10,15.042483,1108
100,252,12,13.745697,558
37,214,18,3.402003,187
288,69,13,9.963497,557
204,323,5,7.841190,375
201,283,16,19.436833,147
41,81,10,5.509208,931
293,327,12,0.605464,565
229,250,7,4.158236,1108
224,358,20,13.580489,393
172,53,17,5.808581,246
208,322,16,10.344136,873
149,185,14,19.447540,700
182,343,9,7.412986,956
327,343,20,9.526739,807
82,287,15,19.047061,193
339,35,12,12.635866,774
140,361,12,12.099913,827
32,388,16,17.471343,1055
327,92,8,18.751541,1081
166,211,10,17.063376,590
31,131,19,6.641061,261
208,38,10,1.521067,621
165,331,10,4.288757,624
109,68,13,17.870032,496
49,319,14,9.634939,297
280,261,7,19.558137,135
110,385,16,1.424066,605
261,317,5,15.649052,270
396,53,19,11.169380,268
348,108,16,0.683679,1016
352,292,12,17.362332,787
228,301,8,2.374448,717
270,193,11,17.283581,931
329,295,14,9.636833,864
191,202,14,9.804820,449
336,63,19,5.833953,614
211,270,15,12.916706,745
326,377,19,4.567475,143
300,278,12,3.330501,541
132,384,7,10.331270,1033
179,244,12,10.720909,1195
382,46,6,9.766318,529
198,294,12,9.026729,1172
111,197,9,19.900932,379
59,171,15,17.312345,738
120,17,14,12.241348,650
129,15,9,7.613669,1073
208,9,20,8.244275,429
40,275,17,4.556912,976
52,235,18,6.797168,797
281,364,14,7.377527,774
162,258,15,4.175480,514
15,267,16,17.401253,520
304,377,19,20.127792,319
339,379,19,18.702858,1075
311,302,17,16.536320,1065
1,321,15,11.591659,1148
383,244,19,11.182368,859
162,56,18,4.698048,1004
324,46,5,3.454624,289
118,127,10,16.236175,1107
284,220,11,12.629887,1188
262,312,14,12.214879,335
217,17,16,0.638741,884
245,300,19,2.439955,129
70,270,13,10.803450,1014
19,297,15,7.979813,303
219,264,18,14.628447,394
382,171,17,12.288506,1067
307,135,15,0.296371,1047
149,229,20,10.411786,940
134,16,13,9.317120,329
393,369,19,12.918151,177
271,293,6,0.873974,1098
299,388,11,13.563274,269
334,12,13,19.473217,930
392,181,13,20.240824,972
144,12,13,4.400285,1018
304,346,10,7.416891,150
44,5,7,15.344466,742
307,272,16,15.324745,751
20,207,6,18.363251,464
311,109,6,18.063262,593
224,312,20,3.618252,963
58,164,9,0.609547,1191
275,57,17,5.166609,419
198,109,16,15.537928,390
134,76,16,14.961863,300
173,315,16,4.772866,751
18,360,14,18.315908,379
129,121,7,12.966562,862
29,256,17,16.790646,888
389,194,13,0.171998,433
165,57,11,13.965037,309
274,383,20,16.462003,932
95,38,17,3.814796,397
131,102,17,16.676805,375
60,161,13,4.475410,735
348,44,10,11.707182,984
397,166,18,14.380696,389
312,142,19,17.906826,1105
333,115,11,1.939292,131
241,101,13,1.489198,768
287,361,20,11.982475,860
86,352,17,17.043414,474
379,254,14,3.567659,475
93,102,9,13.386512,492
375,382,19,1.209342,1066
281,70,15,4.245546,174
118,394,7,3.859395,731
272,367,11,9.226885,838
192,218,13,10.992611,408
342,227,16,0.917753,646
182,120,20,11.172009,449
380,116,13,2.830210,959
236,280,10,9.851352,806
174,107,9,19.178480,602
397,8,16,0.764239,946
69,177,18,14.858598,293
397,259,17,1.142922,159
140,33,12,15.561012,643
185,118,14,16.309486,185
306,83,5,11.872618,450
273,257,10,6.049067,1097
271,176,14,18.482875,248
310,97,18,5.775229,829
124,47,13,12.486937,1029
59,191,12,14.735193,638
155,128,17,2.210900,642
95,21,6,9.964429,451
292,116,5,7.904669,736
20,380,14,8.317123,251
254,107,13,6.352304,790
3,221,6,19.167515,349
77,131,10,12.394743,1133
49,270,11,4.757141,562
367,37,15,1.208772,746
137,253,12,19.646794,996
112,276,20,19.765555,589
177,172,10,9.946781,264
49,69,16,4.814275,292
384,143,10,19.830668,993
286,155,6,17.550560,592
70,256,8,6.405704,1040
352,259,19,19.117891,716
205,130,13,14.163752,252
115,92,11,6.312517,686
83,45,5,20.003887,244
35,236,12,10.879924,293
248,107,20,9.346504,688
163,203,6,10.685640,790
176,20,12,7.289873,423
176,81,15,18.117539,264
39,274,10,5.601046,186
93,43,18,20.004364,209
232,49,18,15.685974,124
37,0,12,7.694118,908
299,48,16,15.270686,152
115,59,12,5.630759,1136
102,20,11,5.366337,621
348,303,11,13.974085,923
373,186,8,13.701541,391
226,15,15,18.048537,1014
33,63,14,13.431446,575
88,314,20,2.163377,1120
56,345,12,18.529814,158
40,137,19,13.646193,143
328,147,14,8.643330,1022
85,355,7,15.449282,180
43,184,8,2.506956,695
285,239,11,0.822747,135
290,173,7,18.950496,290
342,216,17,17.124885,816
117,355,7,18.147749,860
351,158,18,11.016857,872
104,148,6,1.864381,859
220,282,19,14.745268,161
95,207,13,0.344200,264
73,98,13,10.216813,191
6,194,19,11.600105,370
14,306,17,7.860065,352
266,274,7,14.910663,650
196,244,12,14.116850,247
80,65,18,12.254026,634
34,302,7,15.309757,834
371,65,17,8.891073,881
72,371,14,12.388556,1078
4,337,7,2.689883,786
32,281,18,3.350511,1020
57,274,16,19.777055,1025
194,341,7,5.037630,757
134,89,14,10.669831,651
271,253,7,19.923458,952
304,209,9,16.254516,802
265,384,11,3.930570,500
299,169,13,7.574819,218
319,211,6,15.892851,325
133,337,18,6.898468,817
132,43,9,19.712510,129
45,362,11,1.630651,915
202,299,19,0.069768,676
25,103,13,16.288363,969
237,109,15,7.322157,252
200,12,20,5.846200,907
115,60,9,16.114681,1007
285,27,12,8.396774,611
139,70,7,5.158990,900
313,144,6,7.225490,162
328,42,6,6.803303,790
399,260,16,7.193091,606
33,308,7,12.761988,761
174,179,20,14.998194,687
347,136,8,5.692184,101
185,164,7,5.592499,310
352,177,10,8.736732,497
387,70,6,13.410010,220
79,191,12,14.831140,121
126,364,19,1.725614,479
130,359,5,6.315741,443
96,282,13,19.473291,1142
344,61,10,6.258284,122
314,248,8,0.766836,967
7,325,20,4.404019,609
271,3,7,13.927634,875
111,298,11,11.059205,119
363,50,9,6.472532,302
103,281,6,2.707994,447
29,9,15,11.737161,750
67,324,14,20.037176,847
7,182,19,3.548187,1175
240,362,13,18.244220,544
162,121,5,2.891217,738
290,67,19,12.174117,759
201,170,6,5.366226,330
194,260,9,12.878105,369
100,120,13,14.114553,734
391,336,16,3.592868,333
246,142,15,11.951516,361
390,343,7,9.617892,1158
310,79,7,8.090764,135
364,188,5,19.176459,1049
373,136,14,16.871998,910
182,173,6,5.387039,637
116,264,14,4.339641,899
193,311,11,16.085773,441
338,310,11,19.847361,835
207,399,13,17.252699,760
372,339,16,1.063492,278
398,395,11,5.854966,962
399,2,15,12.869913,722
171,86,15,1.915657,857
97,286,15,2.385360,799
57,191,14,15.120509,220
339,288,6,2.248849,1036
249,96,19,3.277946,767
380,70,6,7.642229,436
77,375,14,2.930732,457
373,118,14,16.704411,700
373,29,14,9.463632,486
43,340,11,11.306267,131
329,71,6,9.126251,458
195,244,6,9.383324,819
5,14,18,3.055811,112
14,134,10,14.431495,666
309,63,11,8.962013,405
48,234,13,2.116540,778
152,131,17,14.229434,866
332,250,11,18.916401,783
377,26,14,15.787457,659
247,357,15,7.590574,1183
357,69,16,14.431128,159
25,383,20,3.217791,142
231,245,10,20.196462,1085
24,316,7,5.638618,406
380,281,8,12.879000,624
92,82,7,19.840179,733
174,245,7,13.227639,686
322,177,19,2.383111,1011
383,123,16,6.445554,137
380,375,10,17.752371,455
349,72,13,7.051221,252
178,268,5,5.209056,538
139,390,12,1.578961,923
135,275,9,12.471859,994
377,235,15,15.785809,476
270,235,13,4.589565,848
40,95,5,8.382388,1186
310,159,14,5.878378,760
94,242,8,5.955535,297
46,324,16,17.082191,980
150,205,10,0.232333,925
156,171,8,16.974002,206
104,272,8,14.299806,160
96,281,6,15.132955,1193
290,160,19,10.846211,876
149,275,12,16.193666,578
48,103,17,14.452467,202
301,237,18,3.626074,1059
309,2,12,0.305422,932
4,289,11,5.680312,570
378,355,15,14.162396,1018
42,81,6,2.169555,269
156,21,13,14.690437,601
281,52,9,9.750518,116
144,261,19,9.635129,622
7,27,17,2.321088,815
361,253,9,5.608243,1128
90,27,19,7.969738,439
0,134,13,20.400074,420
138,170,17,4.377607,200
47,280,5,4.911070,352
393,155,7,0.369202,502
378,331,6,4.510508,816
321,29,15,10.483692,161
175,197,6,16.376062,587
247,181,13,1.511437,601
154,22,9,13.679943,450
51,120,10,7.592269,538
292,88,6,15.959938,611
30,211,10,13.310809,904
268,203,8,12.805137,1147
146,65,8,2.176059,142
255,67,14,19.755197,623
4,376,7,13.791623,318
50,15,18,11.040911,355
190,113,14,0.492685,475
213,256,20,7.062571,920
206,343,6,8.003511,870
162,377,20,9.400119,749
168,226,8,13.964711,264
233,361,11,16.409685,1078
35,65,7,16.905204,180
79,380,11,7.273549,474
103,93,18,11.862100,1027
219,49,18,8.756189,226
84,11,7,18.419431,934
370,365,6,2.492467,431
383,321,17,9.610800,1055
328,229,11,13.595644,472
247,154,6,18.549921,236
351,346,12,15.177433,358
143,346,11,11.065528,388
11,231,15,10.682697,1091
399,19,6,1.078362,754
264,13,17,11.060058,792
308,149,8,1.744329,1092
253,169,8,17.030521,268
153,388,8,13.901767,231
343,326,9,14.846716,877
251,328,15,18.099154,720
263,374,14,9.162979,424
125,310,5,3.750389,137
344,120,14,20.225440,233
383,265,16,4.108805,773
253,35,11,8.544436,243
293,216,5,14.669269,914
91,80,12,16.099782,897
372,2,10,14.212491,983
134,164,7,10.669629,1079
259,177,7,13.217490,447
13,258,8,15.180638,1066
29,163,9,5.995855,153
272,174,12,18.431531,130
368,251,14,0.223131,430
17,160,12,2.522401,851
316,312,6,18.732748,452
329,337,16,19.353547,305
65,382,15,14.192708,869
249,4,12,5.624341,1138
46,233,16,10.054956,141
257,365,12,1.253624,922
269,278,10,7.934747,658
376,260,12,3.396610,708
101,360,9,17.770403,362
277,273,10,12.280802,848
369,42,15,0.578635,126
216,188,20,12.135053,615
321,78,9,6.629824,446
58,380,9,4.226145,167
238,362,13,10.660974,786
322,213,10,3.032769,920
39,378,12,9.253555,850
182,86,5,19.871777,680
39,304,15,12.640486,328
265,309,19,12.266347,1152
248,281,11,7.251026,876
138,220,6,1.625493,1154
253,33,7,19.792629,795
205,272,7,13.033425,392
152,312,12,9.254031,283
394,97,15,0.651911,1041
24,12,6,8.903193,352
53,5,8,20.435060,701
374,136,15,17.909084,1197
239,332,6,6.311961,1192
186,230,16,19.356820,871
57,368,10,15.492026,960
331,131,12,17.520200,423
385,72,7,20.241293,976
185,45,15,2.907456,400
329,48,12,2.411266,978
149,196,10,8.082894,598
395,185,8,17.993131,631
182,142,7,10.770893,1167
366,261,15,3.206167,726
309,174,15,2.798159,405
179,142,19,17.869529,660
284,151,12,11.296666,727
186,48,15,18.348246,1179
220,122,6,4.387783,1132
191,300,9,5.043164,885
319,17,16,1.213499,1061
337,58,12,5.179363,530
285,74,10,12.334649,550
265,173,7,0.549343,577
214,257,14,19.283311,187
105,116,13,12.648081,526
55,50,15,18.825827,1009
100,261,19,5.363995,211
2,45,7,2.057353,664
360,254,13,10.694216,1173
390,78,17,7.825043,257
311,381,19,10.232135,606
85,283,7,7.526960,498
286,232,11,14.915246,810
333,155,12,3.509109,626
395,255,8,17.962142,414
103,243,12,5.214691,170
212,244,10,17.080183,530
339,16,6,0.589045,700
123,85,19,17.060552,1078
24,339,19,2.320282,255
136,368,18,5.337397,752
390,160,7,17.996262,528
321,109,11,3.645787,408
18,259,13,12.020619,1131
86,319,8,2.171889,635
242,57,8,2.419847,878
254,144,16,10.250051,994
191,116,10,6.066873,616
46,87,19,0.813897,1001
176,69,5,13.461984,770
370,246,7,12.097199,571
146,126,18,7.514899,958
4,174,13,8.156950,308
44,376,8,10.233279,297
45,303,8,3.171823,1182
15,287,12,0.687862,339
60,329,12,7.648515,1200
381,192,7,17.168492,983
327,47,15,2.627862,1192
126,220,15,10.730958,657
211,306,12,14.251856,215
365,397,9,17.964972,462
31,303,10,13.358832,991
100,153,15,6.055773,887
300,394,19,12.817181,950
140,300,17,14.917991,173
349,304,20,18.612818,984
183,281,10,5.327358,279
32,102,9,12.696140,158
257,318,6,14.169098,1153
323,286,15,0.943717,164
18,314,17,6.733799,513
346,41,13,8.042246,375
330,94,6,7.759608,879
249,241,7,20.141913,833
249,123,15,15.282272,464
142,24,11,12.067251,1068
287,282,18,2.449975,364
355,246,11,16.896369,466
299,190,10,6.913996,179
183,68,19,3.356667,449
80,340,11,8.196335,652
43,185,6,14.061231,787
62,100,10,5.861382,766
386,163,17,7.133296,1089
163,136,7,16.562160,151
233,41,13,14.806794,147
305,236,20,10.450091,518
115,11,13,4.353127,912
52,46,18,2.077752,881
146,92,8,9.728972,1161
110,343,18,15.784847,265
249,297,12,2.287148,653
195,100,19,20.305341,455
158,206,20,0.419300,299
96,248,16,11.886360,667
266,378,12,12.242402,206
269,274,17,5.157553,768
281,117,7,5.743034,189
58,282,6,16.524350,1039
92,317,15,19.490934,388
143,86,17,7.087099,1179
224,29,19,18.906244,111
15,147,6,14.721463,904
117,368,10,14.498006,280
50,68,8,14.534323,1072
235,115,12,18.192885,432
126,282,16,16.247868,918
325,377,15,4.062090,968
41,117,9,9.624065,471
91,190,6,18.903474,597
15,127,5,10.035108,619
337,79,12,14.839930,804
90,92,12,12.735074,529
198,30,10,1.755515,475
188,17,13,12.335188,1082
16,166,19,19.020699,445
199,21,12,16.550534,740
342,364,17,2.908680,153
99,333,20,12.611638,980
198,96,17,20.193917,349
245,325,12,13.754795,357
196,114,11,12.244481,478
194,170,11,20.139073,802
397,223,12,8.736105,443
300,326,13,10.904336,1185
276,251,14,4.914325,242
282,211,12,15.189351,909
288,236,18,18.855491,533
17,285,8,12.094108,430
40,31,15,13.306783,237
151,90,17,20.153992,745
347,119,15,14.535282,946
277,224,19,6.648021,287
190,151,18,13.740045,1103
194,354,9,0.220884,798
194,378,5,8.094343,519
314,15,18,1.143545,551
114,339,14,13.770813,495
396,186,18,14.120641,486
52,172,18,15.309124,471
360,11,8,13.355331,907
328,25,7,5.277970,783
227,341,19,4.616605,875
97,273,11,9.859142,607
212,325,7,8.461423,451
251,340,18,3.573687,972
281,95,9,13.799364,387
57,2,16,15.675393,607
29,296,14,15.112079,695
321,274,16,8.039818,456
69,164,11,6.167216,937
87,343,6,17.788721,597
225,4,17,12.391056,713
272,6,7,4.229677,1140
175,211,19,6.959729,942
257,249,16,1.401990,264
0,207,17,11.071481,591
375,46,7,4.058649,726
313,260,20,2.275837,255
226,192,11,15.749779,525
73,294,12,10.987220,446
167,185,14,17.527211,108
59,97,7,0.899054,632
357,260,13,12.195360,1168
121,272,16,14.423449,1107
373,43,9,1.719349,1058
298,267,14,19.553130,668
194,88,13,5.570087,213
190,38,15,1.872021,1144
59,198,6,16.216737,286
385,393,14,5.518548,855
21,170,6,8.910506,970
300,336,14,19.739174,187
354,254,7,16.766802,518
14,11,15,15.599462,1163
167,196,20,11.189391,335
251,99,19,19.020830,637
162,40,16,12.164083,1086
107,393,16,10.335390,222
191,319,5,9.128815,926
157,248,14,19.097196,827
374,272,16,8.154499,646
39,344,8,9.550680,372
194,250,20,15.768913,1096
398,245,13,13.596555,1058
284,99,9,5.189339,1151
58,133,11,9.267712,246
147,86,5,0.102720,838
370,128,8,19.894437,1107
146,268,6,13.300620,652
383,172,8,17.725306,551
56,214,10,17.311027,526
24,166,7,3.153520,325
224,208,14,19.201689,356
390,336,16,18.626448,1024
256,318,5,6.715114,315
24,78,16,9.528550,428
96,165,10,17.726041,776
226,225,13,9.490450,170
139,228,16,8.533619,1134
7,236,15,14.777897,550
107,15,6,3.518598,563
203,85,13,5.209425,174
68,346,18,20.206538,366
272,98,8,12.706505,1103
137,198,20,7.223229,372
15,39,6,14.692469,548
172,382,19,18.457579,1150
307,91,7,8.470203,528
315,148,8,0.944972,548
386,351,7,17.451199,1176
257,182,6,13.250706,774
35,202,18,10.148923,860
31,191,10,14.871735,1039
175,69,5,0.568776,874
229,182,10,9.799306,549
70,208,13,18.213161,330
170,249,13,15.550287,929
368,309,14,1.525224,1172
271,201,5,15.489589,931
362,35,19,3.726037,274
112,83,9,9.954123,258
69,73,18,13.017771,687
42,328,8,7.424857,399
18,198,14,10.814352,1117
373,57,12,9.542675,727
178,183,5,3.110481,416
219,3,20,14.549513,299
313,6,17,20.483724,319
255,106,13,14.707332,251
15,260,14,17.951532,499
324,259,8,11.830605,489
296,11,5,11.352635,299
219,178,14,2.625671,439
17,261,9,11.706714,1005
365,132,18,5.779866,697
182,237,13,11.819374,305
338,133,5,17.082511,376
171,61,12,6.749602,101
68,293,17,19.322131,906
316,67,18,15.409478,102
380,174,12,7.317138,512
75,339,10,6.549015,818
9,38,19,5.889375,321
95,224,19,2.131674,200
261,133,8,16.283496,168
25,134,11,19.924284,196
181,371,6,1.670383,821
154,294,19,9.629775,608
159,298,7,2.402070,468
386,320,20,11.761774,260
123,262,15,19.137700,1161
167,90,11,1.470116,1030
80,302,10,10.182414,150
327,351,8,1.766353,1090
7,218,7,8.409297,312
90,265,10,0.878569,807
220,227,13,14.409156,248
243,149,9,13.259228,725
6,388,20,18.693974,138
119,352,8,13.687131,421
63,211,14,3.361146,1038
81,265,20,16.967335,1091
302,242,10,20.387975,1086
4,17,13,0.150233,332
82,273,11,3.622800,408
211,308,17,15.380889,438
123,32,15,11.447992,444
114,150,20,16.284640,1087
115,325,14,16.351572,724
334,192,15,20.253684,593
299,55,19,6.918466,753
42,74,11,20.167260,1037
264,338,12,14.291176,561
207,82,9,4.262974,904
135,203,10,19.038884,263
245,18,7,6.297430,750
394,278,8,14.392293,1135
269,348,13,6.815837,1106
119,24,8,14.410848,822
221,300,18,3.774985,904
29,111,8,7.728965,460
28,331,20,5.170224,1176
98,40,11,10.062868,1153
145,233,13,10.371980,311
358,89,15,16.897518,634
49,301,10,12.258686,1195
18,320,11,0.887959,336
315,248,5,5.913003,121
95,100,5,10.947382,422
56,121,19,0.225850,455
28,235,16,9.791827,848
150,304,20,18.323048,165
276,380,12,8.739966,232
135,259,12,10.058281,992
349,151,11,16.871372,768
222,253,11,17.951319,909
150,238,19,11.273312,616
202,324,12,4.448693,147
110,81,12,18.286225,619
52,307,20,20.062308,356
13,216,17,11.085984,947
394,10,10,3.793489,154
151,130,17,14.292658,240
284,60,19,19.133027,383
298,332,12,2.980289,831
98,284,18,16.313094,1143
86,230,15,1.039591,817
263,398,13,17.490638,550
357,242,8,17.014251,275
54,208,10,4.943160,106
148,81,11,4.251911,352
44,212,12,9.222918,677
324,51,5,17.002600,786
123,345,18,9.733960,1016
289,301,9,7.994750,609
98,60,16,7.092631,167
18,156,5,3.655421,216
256,103,5,18.395394,133
230,163,9,0.058789,150
310,107,9,8.618642,126
90,353,16,2.963709,793
384,107,7,4.864548,651
375,48,16,12.544750,1017
266,262,8,12.646884,1111
300,82,15,1.021472,564
162,397,18,7.438654,726
160,213,7,3.996554,652
335,234,16,5.231604,729
326,235,15,16.710598,519
282,304,8,0.856399,1065
197,73,7,9.975400,1169
141,138,5,14.321525,859
142,268,13,0.107267,612
135,341,20,11.915843,335
19,311,14,8.068114,935
368,267,7,9.327396,799
165,163,20,1.558444,1139
291,149,17,12.254834,603
333,86,16,16.950082,120
399,222,12,2.055738,402
115,247,7,3.632374,105
353,377,14,11.412852,612
371,114,18,9.258251,1027
77,180,6,13.220243,809
260,191,8,19.872253,890
60,147,10,6.962413,122
155,113,12,9.266171,347
183,37,7,6.208575,109
62,196,13,6.632166,320
259,137,12,18.029987,819
382,190,13,15.029281,659
218,303,9,5.939583,399
93,308,12,19.833381,322
355,15,10,12.705083,402
98,52,6,4.184425,700
67,58,17,11.549369,922
240,76,20,14.861173,257
238,47,18,19.875610,582
298,117,16,2.182327,1057
370,87,20,11.082688,448
158,318,7,0.460065,861
343,1,20,13.888652,1170
151,348,6,17.759074,293
228,286,12,17.067202,160
57,88,7,14.457058,951
215,32,11,18.524042,889
316,247,8,4.580375,511
390,395,16,8.482430,403
286,59,17,1.177238,873
4,246,8,4.883166,731
263,389,18,4.531072,639
386,148,7,13.445514,581
232,6,11,12.230115,887
387,39,10,3.026521,443
306,350,17,2.970791,841
35,296,20,17.691721,997
165,253,13,7.870635,754
38,219,17,20.251501,109
267,263,15,9.798726,951
13,126,11,13.010271,449
301,59,12,0.073417,550
292,369,14,18.847618,388
287,317,7,12.316642,257
184,23,10,10.032532,178
160,214,8,8.140029,1082
105,301,6,4.774624,1184
288,173,17,1.870178,564
200,143,15,18.714057,1066
140,152,13,16.376066,988
308,168,5,13.175764,267
266,233,15,9.124477,961
2,267,8,11.294856,541
299,161,7,16.876721,396
114,295,19,16.005683,496
180,261,14,6.925908,162
374,349,15,14.287267,1092
303,52,16,0.673527,330
335,231,19,13.833237,114
375,326,15,0.991366,847
22,61,13,18.140019,267
282,18,13,12.543683,816
391,230,14,20.492318,1028
319,311,9,8.537929,1081
205,174,8,11.693855,855
279,139,20,16.231428,1155
219,19,11,15.304968,566
343,194,18,20.358773,384
0,211,8,8.647574,651
31,100,9,14.981453,1045
212,278,17,15.234210,545
380,341,12,4.672204,580
154,225,15,17.676303,740
261,117,20,17.311510,358
156,375,18,17.146883,531
314,288,8,14.271012,345
267,191,9,20.058456,1157
321,94,9,18.731622,729
275,220,9,9.286358,371
337,3,6,5.236136,553
373,220,13,7.956210,535
389,21,8,13.951799,858
210,60,5,5.886621,886
387,370,13,3.032510,906
398,325,10,0.370619,1078
154,153,12,8.880601,902
147,291,13,5.357339,715
60,246,18,16.045424,468
360,340,5,2.782563,679
190,326,19,15.227966,576
314,86,10,6.032197,409
164,262,5,14.702904,279
36,211,5,18.926526,983
229,13,18,17.364713,498
43,243,13,4.717721,123
55,325,13,12.305973,688
347,191,10,3.831547,591
293,45,17,14.173328,167
212,177,9,5.167150,194
287,202,10,9.333900,201
265,246,7,10.283470,808
13,251,11,17.852613,344
2,386,12,14.346754,136
324,319,18,4.092550,118
72,250,15,16.172297,285
262,151,19,18.699340,941
91,283,5,16.188402,675
175,83,17,19.037422,1099
61,288,10,4.382943,612
334,399,13,16.858156,169
238,206,5,11.088774,1001
23,79,17,13.484817,510
69,95,15,10.338585,1030
244,249,15,19.797998,1121
143,193,13,13.871331,244
319,49,18,2.407953,130
17,23,18,9.807287,277
86,390,12,17.914494,476
11,175,14,15.107698,638
120,239,18,13.803188,626
339,25,16,1.116493,643
138,205,10,7.658732,777
13,259,20,19.944135,426
25,46,15,5.159467,1071
140,53,12,1.027906,174
235,365,20,14.966237,1072
14,166,17,1.931881,142
253,350,20,15.664201,211
308,233,17,18.518405,789
232,31,8,16.248190,390
82,174,13,17.458747,513
223,150,15,6.755360,213
313,155,17,3.275941,254
58,220,9,3.360989,1198
84,18,6,13.363733,398
258,132,18,4.651770,995
29,59,8,4.018286,872
5,52,5,1.850655,538
296,300,8,0.765075,372
28,398,5,11.304999,649
231,143,15,19.483348,1015
129,374,14,9.784509,322
210,83,11,5.010708,1177
69,102,10,9.444774,488
197,270,11,19.742210,566
356,260,7,19.370396,765
384,87,10,4.856969,537
176,247,14,14.425442,110
389,300,13,0.075515,603
161,84,18,14.117150,1200
19,335,16,19.658918,706
283,360,20,16.626460,570
189,275,7,18.999570,1140
32,89,5,19.335762,319
168,225,16,15.737008,646
39,158,14,8.775621,459
126,1,7,19.809154,786
113,213,14,0.718014,284
371,308,12,15.928296,888
138,341,10,18.459176,484
99,361,9,12.028370,1155
70,22,7,0.615959,152
37,235,16,0.496784,873
230,198,19,5.594497,1041
360,358,7,16.991660,165
150,209,9,7.000317,979
394,292,14,2.771355,707
356,321,6,9.962771,1005
257,275,19,14.711232,305
136,362,11,11.185938,1014
127,306,12,5.205212,1022
272,70,9,19.328769,786
203,88,5,7.876795,559
1,176,10,3.433972,1044
380,359,8,5.030314,287
235,270,17,19.628865,403
136,132,19,1.783021,508
162,331,12,20.475258,293
108,300,20,15.229912,699
13,322,13,6.922572,580
243,295,9,7.997721,413
388,243,17,20.312700,563
216,7,15,10.950588,576
283,135,12,6.527463,928
331,251,10,16.310485,362
366,342,15,1.911932,261
22,274,19,13.403665,993
170,18,9,18.720500,113
54,389,8,14.451292,914
11,252,5,3.148136,577
68,395,20,16.105818,520
125,179,15,12.735624,408
252,68,15,3.353439,280
16,345,18,13.253163,1122
175,244,14,5.890647,371
277,118,12,8.190099,605
230,147,18,2.092718,1190
283,282,10,18.997541,117
284,248,15,9.996747,1102
145,316,9,20.243035,871
143,102,9,14.556094,811
279,39,7,2.415174,1070
55,228,6,5.286945,859
88,361,7,0.905088,818
247,111,8,10.643107,786
48,5,6,13.557512,691
251,344,5,3.237962,995
323,356,8,15.566896,839
363,119,14,15.651012,459
387,102,19,3.032442,406
271,81,10,0.085795,300
208,178,13,5.658942,474
361,383,8,16.443589,469
134,327,17,9.215626,402
370,355,10,8.591386,574
142,227,8,15.857824,513
213,386,10,10.751487,389
219,64,13,13.249011,866
205,331,19,3.465042,156
161,74,14,3.045605,1115
222,281,6,17.429579,1118
35,366,14,8.151670,871
71,204,14,7.710549,740
36,348,10,16.192842,1154
166,336,7,7.170008,431
360,227,5,5.288123,970
294,21,15,15.770890,578
13,122,6,9.670537,1182
7,334,5,16.179289,210
200,1,20,13.643829,392
221,85,6,15.576138,182
117,360,5,12.333865,566
199,156,10,20.008739,1010
108,375,14,2.612890,937
2,129,16,6.916954,1032
56,135,13,14.777745,1146
328,222,11,9.094908,1105
177,73,17,12.385358,336
180,210,8,4.071360,987
98,356,15,15.938333,727
48,270,15,12.929793,598
283,148,20,1.499191,144
218,360,19,18.705188,795
82,265,20,19.190104,1083
368,377,16,4.638908,590
46,345,8,19.654999,1016
302,106,11,1.463954,395
236,296,18,8.502260,778
396,260,7,7.160604,711
337,163,14,19.491582,841
27,147,10,11.313907,260
162,175,14,16.712087,676
294,26,8,5.297066,471
137,66,9,20.339722,380
307,152,9,4.928844,133
208,202,12,17.082049,839
380,98,13,4.912539,869
297,358,10,12.802989,217
337,78,11,2.318211,398
373,3,6,15.002360,659
87,134,19,19.713927,646
352,12,10,0.212248,885
29,335,19,10.018686,899
350,61,16,12.074168,195
76,74,20,2.893488,1108
322,208,20,18.483071,889
185,311,16,13.427235,791
242,257,5,20.470105,241
295,246,6,4.556517,557
222,363,6,20.033270,285
378,365,18,2.605532,1106
9,387,14,19.121913,1086
222,220,12,9.170053,1156
104,322,17,18.988644,1094
34,146,6,2.497540,406
137,322,7,5.100876,728
334,276,12,15.468751,700
318,294,9,4.570954,617
35,36,8,10.561389,486
167,102,14,20.400437,360
294,323,5,9.154057,354
97,205,6,8.032082,227
96,273,17,8.036280,1081
322,232,13,18.302141,454
292,359,16,16.088908,1116
235,132,20,15.418971,357
391,242,18,6.721649,1170
390,368,18,2.953144,1045
195,263,20,14.566074,639
309,12,19,4.945243,103
146,67,8,17.090305,746
64,321,13,18.651827,437
364,239,6,7.104416,701
395,22,8,17.365122,131
308,260,12,5.151434,1156
337,219,17,5.964686,1173
335,31,10,17.465404,437
59,168,19,3.603601,779
134,186,13,15.162632,917
272,237,5,20.074912,789
161,16,10,2.946754,382
267,211,7,0.410169,235
265,378,7,3.041557,814
200,92,17,4.818181,283
266,349,9,7.394827,1007
42,71,16,3.596299,109
272,93,19,14.615729,841
62,67,6,2.101678,550
327,222,5,9.225725,774
214,358,19,2.284377,1028
19,164,18,13.170702,521
125,10,9,19.488011,316
311,242,15,13.255475,536
143,341,9,4.628882,113
334,99,9,20.216509,529
202,127,9,17.386703,1155
180,298,13,6.235186,412
75,40,18,13.749068,532
290,81,8,3.911790,183
98,345,15,18.585825,1096
142,321,20,2.522310,1115
357,218,6,1.391257,1001
337,387,6,14.515970,952
55,226,5,12.021954,638
320,271,14,0.798701,1087
49,271,18,1.054479,795
108,289,16,10.525273,658
115,96,14,0.024220,712
245,114,16,4.081395,502
237,383,6,19.568645,565
77,129,20,14.351205,861
143,223,9,14.742254,404
22,233,12,19.650586,191
101,143,15,1.537854,928
338,360,18,5.460685,173
18,369,6,14.156639,206
105,49,10,8.976912,664
286,389,15,18.950143,893
275,205,15,2.310787,842
46,5,19,2.388146,994
162,35,13,16.238105,699
47,43,11,2.908174,674
146,253,20,11.041828,617
343,61,14,9.015369,999
233,93,16,7.403346,736
385,367,20,16.119002,354
33,258,18,7.728940,531
217,69,7,6.797125,159
244,119,7,11.367425,261
45,236,11,11.789706,1001
83,218,5,1.955449,851
395,282,12,18.704335,481
188,195,9,14.032818,160
123,109,10,5.888657,105
193,24,9,3.571467,1157
343,299,17,2.451167,853
361,24,15,0.530852,1027
371,98,13,0.312011,227
336,12,13,4.086586,254
131,312,19,6.719755,1055
64,18,15,6.497755,239
45,207,16,1.238498,702
18,255,10,15.097913,198
144,50,19,12.739276,1063
105,368,10,10.933665,505
222,134,18,3.711256,564
29,302,8,0.665225,114
378,86,7,9.919753,520
101,172,12,6.254668,930
102,377,16,15.844493,810
379,345,19,5.174948,1159
146,87,11,16.179762,225
15,312,14,13.028349,608
41,180,6,3.739203,979
160,312,12,11.334046,877
385,11,13,17.524119,1124
90,147,17,11.272632,364
293,318,9,19.658882,420
383,364,14,13.324109,423
39,320,18,6.051036,614
299,218,5,7.346602,117
335,92,12,8.739970,542
300,4,16,6.704314,803
236,176,15,11.197085,723
356,10,17,8.798179,443
81,321,14,0.295570,258
128,320,5,20.481911,1129
326,390,13,4.009557,965
108,392,6,6.494133,547
144,257,16,5.991522,391
175,142,11,11.299412,421
200,341,18,3.435883,978
9,328,20,2.879989,978
124,311,18,9.856617,304
213,166,9,9.609918,1181
200,134,15,6.800702,153
239,198,8,15.863980,369
170,35,19,16.817423,1172
52,72,17,8.241061,571
279,378,12,0.633617,621
50,380,5,19.132670,859
322,359,11,7.810562,197
384,214,6,8.041083,341
227,82,5,17.201197,745
244,202,17,7.305976,328
325,111,19,11.639485,922
262,103,16,12.161452,597
238,390,14,13.369855,293
173,27,20,20.182256,211
13,314,13,9.811513,496
98,94,18,13.340654,151
110,159,13,3.741709,137
316,148,8,18.186440,1061
383,126,6,2.411759,160
59,164,8,11.963804,1158
280,275,18,6.131775,573
168,39,16,18.873206,706
197,7,12,3.417534,209
111,157,19,0.756672,105
248,360,8,6.807389,263
203,399,7,1.826493,1085
394,231,10,2.913851,343
135,252,5,16.928167,781
162,246,14,4.160495,188
342,249,13,8.200674,175
178,261,8,20.132168,1113
150,2,20,7.782232,1023
130,315,16,2.506155,1054
153,156,7,10.442738,988
141,296,19,5.049835,1173
161,45,8,14.950572,305
351,204,17,5.053631,324
253,252,6,6.218410,1003
63,296,18,8.781604,320
376,156,5,9.550119,165
214,375,20,11.729212,544
270,9,20,17.464086,774
214,362,18,7.322170,1167
246,95,14,13.845293,861
285,296,13,1.216417,561
164,363,15,3.423418,551
65,388,10,4.629250,831
116,220,15,2.034085,432
205,377,13,3.839928,1123
370,350,13,13.403591,494
313,276,5,19.184167,538
19,130,10,3.013401,319
148,226,17,5.591831,464
203,375,6,15.466641,1012
381,57,6,6.816903,358
33,229,15,5.398444,752
123,184,20,11.786706,204
153,39,16,11.492141,1109
45,237,18,8.294294,265
48,192,5,13.543698,384
209,79,17,12.419965,866
199,182,7,19.990906,226
236,107,17,10.459486,845
238,225,5,10.846195,156
241,242,17,16.936890,566
385,155,15,15.827770,932
319,2,16,3.077168,723
58,352,16,15.481176,138
131,141,8,0.942168,298
280,66,19,12.447413,1182
395,234,12,17.949021,367
108,371,10,18.061780,395
159,385,20,4.744238,202
170,75,12,11.165444,859
69,119,12,7.076087,515
353,394,16,11.530607,414
29,55,14,15.089421,834
53,343,18,5.954188,682
352,316,8,14.189739,543
71,307,18,16.669866,1035
382,319,8,8.806188,246
218,52,11,0.414477,764
48,264,16,19.750322,466
178,394,17,1.294336,644
221,314,13,19.362048,700
293,113,6,4.981767,597
248,78,18,1.550835,754
352,233,14,17.905980,131
81,144,14,16.699076,884
14,22,10,7.437201,365
218,92,6,3.806813,1131
370,188,17,10.183522,497
358,157,18,13.499041,997
140,40,19,15.569667,802
95,150,10,10.306872,1117
306,70,10,17.555553,376
374,256,19,12.431277,700
93,3,13,4.651822,1123
25,52,12,18.023421,506
161,357,13,15.371249,176
224,259,14,3.408542,1197
31,176,14,5.523111,1154
226,185,7,10.348129,282
286,46,13,13.899392,918
14,361,17,2.824741,334
103,287,11,5.068169,155
84,186,17,16.577464,820
156,247,13,11.388802,347
209,311,11,17.513770,237
85,398,9,14.976755,471
395,93,20,18.298130,353
311,43,18,10.233457,837
234,209,12,4.318821,355
357,201,16,18.733457,232
191,151,14,13.892404,143
74,169,13,9.363518,158
106,92,12,11.265775,712
351,111,17,5.390697,360
216,54,11,8.306557,131
12,178,16,4.088862,663
178,276,5,8.853878,427
40,8,11,0.935796,887
289,197,9,11.187895,816
38,282,16,18.483054,545
93,226,7,17.550253,1020
398,228,10,7.391177,778
146,265,17,13.860369,1165
240,208,17,16.266178,100
313,160,12,8.562419,1052
396,104,9,10.604978,153
61,57,7,12.261367,199
312,262,20,8.639271,309
186,46,11,10.693730,1123
392,309,16,6.241881,749
171,224,16,8.595363,410
182,241,18,10.703756,875
32,349,5,13.629006,207
372,302,15,9.352358,316
356,357,11,0.428960,960
123,220,15,17.919852,1189
203,268,7,15.739146,385
193,273,16,1.177333,404
27,94,16,6.989735,758
186,130,5,17.378505,779
113,4,12,16.738343,1049
286,81,5,10.273377,671
109,50,20,0.866259,144
22,351,20,11.126171,320
248,39,20,11.453423,320
336,289,7,6.660883,975
146,203,17,9.024568,366
107,257,14,18.261680,911
35,8,10,2.649602,859
353,203,12,18.744205,757
318,30,9,9.045043,1060
159,229,8,8.578845,1174
326,118,6,14.945760,775
50,156,10,15.163337,519
284,166,13,16.645865,1160
193,192,14,17.875995,945
176,12,5,3.055071,323
359,125,15,3.096593,1131
17,344,10,1.717912,828
337,11,13,15.571282,1002
107,92,10,2.823589,453
75,67,14,6.580340,426
258,88,17,1.219266,765
326,70,9,2.826963,1197
361,319,9,3.100889,349
229,275,6,9.326538,1055
338,209,19,14.740029,949
224,191,15,20.340036,763
356,355,13,8.540743,602
129,151,14,15.060548,385
332,361,17,14.716653,846
28,101,5,9.094759,802
125,201,16,4.394514,1098
387,377,10,3.679673,406
95,332,6,0.995108,658
313,198,15,6.696694,143
261,341,16,12.847742,337
170,195,20,3.580965,514
317,368,11,17.281952,1039
17,48,8,18.858204,659
317,365,16,5.425928,267
119,244,10,17.551777,1011
382,324,12,16.242977,786
362,190,20,15.170961,743
396,287,10,3.203205,934
363,251,17,9.124729,692
187,352,16,2.154695,443
108,53,10,0.534668,957
10,223,9,0.955979,677
322,33,7,18.284228,819
396,106,15,6.013801,516
47,344,9,11.250926,756
268,191,14,19.595366,114
24,118,20,9.123530,307
285,203,14,2.130861,124
399,43,10,15.837631,599
133,87,15,20.357683,794
302,300,19,1.550730,997
83,160,7,12.651178,980
177,37,6,2.978099,492
369,175,13,7.499608,575
391,332,13,11.514781,495
264,4,9,8.611029,119
376,19,17,14.704769,571
307,178,18,16.225302,848
322,71,6,5.965605,159
77,377,19,4.825653,893
221,331,10,2.848909,1139
383,48,9,15.594684,314
169,387,14,1.119761,185
152,12,17,13.931201,442
237,25,6,10.862596,123
395,301,9,11.218329,780
91,268,12,8.106484,508
305,37,13,18.830591,452
65,76,14,5.654032,1066
99,377,13,4.779822,694
107,340,13,7.011195,574
112,182,7,1.371269,222
98,302,14,13.428275,931
186,123,18,10.990876,184
324,331,13,16.411439,1195
38,97,19,12.720034,1155
391,69,20,15.175840,1164
327,339,20,4.825858,925
59,370,20,9.943108,612
241,299,5,0.479244,627
246,318,7,16.258917,287
222,23,17,8.568991,870
387,107,7,17.948029,417
148,100,15,10.820774,980
322,100,12,4.973394,130
298,103,12,18.897963,475
229,36,17,8.466664,597
105,288,9,13.786681,664
53,109,5,1.907451,113
351,2,6,18.229434,1056
16,34,19,0.239426,571
133,241,10,0.728833,844
197,255,5,1.924480,376
72,119,14,11.714884,764
398,123,6,12.853664,603
139,256,7,0.851962,112
182,257,8,15.729467,992
295,169,19,12.719774,471
292,180,10,11.610663,678
383,205,19,16.472049,461
54,199,18,18.456178,761
172,5,12,16.360923,831
283,385,5,13.697181,313
258,252,13,10.526919,282
138,116,8,5.980913,244
101,89,7,14.455630,316
74,311,12,9.737597,894
385,386,13,3.412841,1143
240,271,6,8.049016,174
9,246,18,12.439306,380
131,306,15,3.735280,862
332,160,6,2.606871,157
365,283,8,1.193421,875
367,132,5,6.670427,1149
289,399,7,18.785847,999
159,236,12,13.782054,503
228,343,11,0.709962,1196
208,316,5,4.012428,703
93,31,18,13.697550,1077
50,147,10,1.248787,1145
330,312,15,17.972401,872
399,255,9,5.227671,1057
341,211,12,12.325089,432
58,109,7,0.145477,716
54,205,9,6.324357,749
94,157,12,16.410531,506
36,320,14,16.828474,268
264,311,19,14.516885,629
120,351,15,5.208553,129
133,122,18,11.841612,702
251,271,11,13.546641,1044
123,185,15,17.035553,972
20,159,6,14.976803,691
34,70,20,11.896966,502
269,375,19,19.404221,420
206,202,19,1.925694,393
233,204,5,14.713011,1096
11,272,5,14.110988,684
194,188,12,0.246654,511
136,85,11,7.727854,477
168,115,6,0.108337,618
357,353,13,20.357553,487
267,26,19,4.193817,1114
213,74,6,13.418778,1098
61,381,15,9.938729,594
105,155,19,12.000154,1197
148,89,8,4.012576,297
332,351,14,18.099266,1094
40,331,9,17.016090,512
135,109,20,6.144324,914
32,42,16,19.829503,184
161,61,19,4.723267,684
31,63,13,3.347884,379
252,225,17,4.507474,322
344,84,12,19.247941,779
37,264,9,18.469274,221
187,164,17,15.644026,1044
94,60,10,2.374528,1008
197,243,7,16.939424,911
371,320,6,10.741748,495
12,47,8,7.258430,605
313,30,13,19.050998,500
8,253,12,10.537929,128
54,294,14,11.230108,614
111,278,13,12.601148,1033
151,154,18,16.709397,776
114,134,8,11.939132,1104
393,280,15,3.041357,1170
95,232,13,7.053876,315
214,160,19,14.889803,324
61,92,19,6.729618,522
78,125,19,19.152343,223
110,376,18,13.531434,1087
107,143,9,14.971009,172
262,150,14,3.980424,622
150,45,16,4.821850,865
50,323,18,19.866013,833
95,368,5,20.080340,949
237,189,17,5.318908,692
278,375,5,20.442200,1123
175,6,13,6.921221,243
386,184,19,13.889213,1094
132,90,20,15.861100,663
305,97,16,15.221388,749
220,137,12,3.721677,182
54,197,7,13.458770,603
207,111,9,13.174344,774
44,210,19,19.617157,609
52,65,6,19.953786,584
24,323,15,18.454467,1188
16,218,17,14.879842,781
115,168,18,8.982228,234
278,125,13,14.174715,203
390,199,7,8.528753,896
219,164,18,11.493785,382
228,148,14,3.579532,722
144,95,11,15.762525,181
301,245,20,12.117419,765
105,123,9,9.339097,858
238,342,17,7.259302,655
146,209,13,12.473026,1019
256,109,9,16.000229,432
156,138,20,7.931753,507
157,143,18,3.167640,1192
247,352,7,7.001862,922
170,51,7,4.901340,630
67,260,18,4.484468,744
274,144,5,18.371032,300
358,222,19,0.876356,555
225,133,10,8.479550,1158
120,67,15,15.044959,653
264,66,9,1.039463,540
96,297,8,15.728363,1063
117,265,20,19.866305,736
125,378,8,11.540504,900
258,85,11,1.365311,801
252,70,20,5.376184,961
276,307,10,1.063713,591
280,382,20,11.679210,199
213,86,7,1.807601,714
337,234,18,1.844469,1133
179,278,7,1.710747,1012
330,7,9,15.046476,714
237,376,20,9.401537,560
103,206,19,16.070513,545
252,379,11,3.663652,656
271,24,8,0.819559,755
154,126,18,20.440181,1192
362,297,20,4.165400,261
244,47,11,15.820967,798
149,8,10,15.572288,1007
180,107,13,4.112218,826
216,59,14,3.849855,1200
297,222,18,20.437185,217
104,58,7,2.922195,1056
386,21,13,3.492316,1094
205,326,16,17.322324,1194
242,344,20,19.915133,595
374,337,19,0.867228,705
329,187,6,20.062790,716
89,207,6,8.581762,781
130,202,14,10.031193,520
361,359,15,19.569968,942
214,164,19,8.647695,604
314,190,8,0.917835,368
232,331,12,14.849312,1154
321,166,15,1.484697,1077
361,397,6,12.737831,107
370,259,7,18.250139,693
183,263,9,16.583143,647
269,73,8,11.963116,1059
183,6,19,4.960752,507
13,337,10,2.432904,622
96,190,13,8.834036,315
112,51,17,8.902653,1071
119,270,19,6.025054,392
95,236,7,7.107073,707
332,45,17,17.663644,489
293,329,5,9.182895,267
271,194,11,2.271349,320
224,203,19,11.506063,207
56,222,20,5.691863,1013
298,293,7,2.500889,377
44,55,9,13.299763,148
304,229,11,9.845371,753
232,325,13,0.004697,516
57,281,20,11.675037,158
278,151,16,5.412842,519
296,243,11,16.328826,247
62,348,7,9.860367,509
257,63,18,6.160031,720
42,108,12,13.490614,854
312,169,15,19.495332,293
20,119,6,17.030129,751
76,265,10,9.086983,785
15,320,6,0.979969,325
125,379,8,11.249870,237
183,48,17,8.028323,1017
141,239,13,13.949266,367
182,315,16,0.817192,170
373,380,20,7.201911,619
75,214,15,11.584832,717
85,233,15,8.761423,430
372,229,9,17.476875,813
44,154,9,15.909829,479
53,148,9,19.858553,671
380,14,20,20.293338,875
239,8,5,12.090085,1003
297,43,19,6.037184,387
27,243,11,11.366924,834
183,84,20,14.535196,560
232,74,5,18.674952,834
323,291,14,10.240756,147
38,125,13,11.680528,547
306,212,15,6.134224,412
30,350,12,19.401625,1057
395,363,12,13.023986,655
56,138,8,7.906122,1032
394,106,17,5.542406,568
220,178,16,6.740366,1062
212,60,8,3.473548,161
189,36,9,12.769316,1069
176,201,20,7.237346,882
92,339,7,17.958740,856
126,142,14,5.821362,747
255,248,14,10.096571,566
171,46,20,7.083277,379
215,23,16,0.197158,1016
203,306,16,9.919201,927
102,32,5,7.828875,414
189,21,8,11.366581,416
35,247,9,12.753693,427
119,229,15,3.799300,422
339,332,10,3.296449,966
66,367,11,5.222276,223
246,243,20,1.117141,596
76,237,7,7.211085,262
224,255,13,20.099502,876
218,64,11,13.305380,235
40,201,5,11.697725,857
108,386,14,15.038413,313
347,153,13,10.885798,743
105,43,6,15.918265,447
242,49,16,10.704479,924
104,307,8,19.822426,1076
17,187,11,13.783668,775
194,230,5,5.334577,776
224,120,6,5.870750,938
170,312,13,1.421984,287
117,337,6,15.049409,824
5,152,8,4.244024,148
343,309,5,4.723730,522
57,241,15,10.677970,817
111,150,9,10.811961,144
216,3,12,18.565908,172
311,161,14,20.222588,249
236,196,20,15.955668,589
342,174,17,13.581667,892
330,120,18,0.089241,1081
296,133,15,13.668001,801
381,288,17,17.862671,135
169,212,6,3.777052,935
70,190,7,15.833647,1186
150,229,17,15.598710,578
327,101,14,15.398208,1071
107,287,20,3.569061,396
179,364,18,17.180889,940
368,341,15,1.038697,328
380,286,16,2.927671,1031
19,177,6,1.132616,189
222,312,20,10.207116,342
79,317,5,18.623267,673
131,303,9,18.451924,275
277,76,12,13.367315,1032
53,156,13,6.374026,299
245,75,7,12.536162,404
75,128,5,9.890294,392
6,350,18,20.431567,359
297,370,10,0.320379,157
284,392,17,11.764252,778
210,205,14,14.186358,1001
84,78,9,19.493426,757
379,220,19,2.982678,767
328,130,16,0.368705,609
240,60,11,11.758289,883
304,194,9,15.150834,174
281,290,8,11.545627,307
216,178,17,0.459644,626
370,148,17,14.356952,855
380,118,6,2.184087,198
250,34,9,2.507883,402
296,251,9,15.940391,863
60,187,7,11.932295,758
285,0,18,11.635038,1049
274,333,11,4.560046,821
335,311,12,10.912224,593
325,346,10,19.680775,745
182,360,5,2.452627,422
171,99,20,7.302989,223
188,199,5,19.246152,993
65,182,16,7.007490,843
14,327,12,18.855488,428
54,56,10,17.947575,222
359,361,6,11.555750,1064
359,380,7,2.310978,407
102,213,10,12.352241,1055
88,368,16,1.393733,376
334,33,11,4.220604,853
344,236,6,13.036931,1123
137,306,16,19.498615,370
316,365,18,12.217827,120
33,375,13,14.043735,1182
48,220,19,14.285668,562
47,26,17,20.199613,361
319,54,8,10.655045,1142
123,142,5,6.779051,141
29,298,13,14.100924,895
349,175,6,4.649197,462
149,46,16,3.463981,556
238,271,7,9.381653,897
285,384,8,16.597342,513
286,346,13,4.463700,229
122,2,6,2.317742,331
325,53,10,3.229516,1096
277,56,7,15.722860,716
309,198,10,7.694983,1136
108,47,12,9.267590,1014
274,9,14,0.500578,207
283,1,15,8.730435,640
112,399,6,16.635490,585
159,69,9,5.213037,968
370,342,14,0.169789,329
164,154,16,18.492088,581
52,356,9,14.820322,505
231,39,19,15.220610,629
274,57,15,9.233075,734
356,56,14,2.617918,868
8,7,6,18.536338,312
240,156,18,14.857607,543
255,94,13,15.855637,175
277,326,12,10.709365,435
34,247,9,19.919851,133
369,50,20,12.275997,898
378,121,13,4.687411,881
12,239,15,17.654003,160
324,90,19,13.738379,1011
332,130,13,0.155567,163
326,74,5,17.450607,364
253,323,9,18.150432,228
348,390,16,1.972640,254
43,74,18,11.206875,563
66,231,16,0.964173,1058
23,281,10,17.010209,973
187,139,18,5.368719,558
85,169,17,14.286681,126
321,62,13,11.636682,964
247,161,5,4.832408,837
180,208,8,2.002186,418
154,340,9,2.253631,768
45,55,17,19.594740,176
288,317,19,4.247296,706
204,58,10,14.082706,213
256,243,18,16.430210,870
27,93,5,15.967890,189
237,12,14,15.842478,820
245,348,5,7.315274,822
38,283,15,12.936561,322
39,206,12,10.804698,799
375,392,19,7.062765,181
73,392,11,7.414470,1187
214,385,19,4.931217,438
287,243,11,2.170022,718
103,99,12,13.079836,658
183,264,11,9.032928,251
270,89,8,1.967505,733
241,283,16,4.201563,816
80,68,6,16.931287,255
365,62,7,9.424775,206
348,24,8,18.114681,849
267,331,16,17.051113,450
283,101,9,0.259293,906
105,209,11,2.054893,341
81,306,9,11.139098,254
138,357,8,16.393489,377
148,109,8,1.348759,560
25,343,12,5.914606,998
249,101,20,0.870347,514
312,191,6,10.761333,635
364,283,10,18.487454,589
227,79,7,14.158448,235
274,225,10,17.795251,635
322,320,19,16.579680,485
211,55,13,16.940855,386
236,117,14,9.851444,626
338,201,17,14.168998,278
124,220,9,9.667434,214
304,276,18,11.474095,791
253,37,14,10.319290,724
318,365,19,6.421243,433
42,229,10,20.025317,547
338,376,10,16.393900,899
200,214,14,18.423027,234
238,254,7,19.961603,948
76,173,20,0.123428,477
280,170,9,5.719104,971
377,379,7,10.580097,275
108,10,12,15.860497,566
53,389,10,6.899290,348
372,355,18,1.420674,1168
360,78,14,19.185254,153
81,73,11,11.121030,1138
118,113,18,3.750536,613
291,265,5,18.326639,230
154,377,18,3.373054,536
259,65,13,5.693599,1024
363,100,20,16.929515,1002
199,159,11,11.190540,299
189,161,8,2.093388,614
222,17,9,13.512813,315
337,304,11,20.067884,406
357,313,14,12.177326,1006
113,96,7,15.082720,303
74,5,10,4.861939,673
144,282,14,9.340252,1016
178,227,8,3.983740,244
306,336,6,15.459332,762
325,52,20,14.636560,299
22,389,17,6.134512,735
225,71,14,9.988744,301
292,181,5,15.909787,936
47,389,18,15.459496,1132
160,105,18,10.462627,199
282,63,7,14.847107,1023
315,378,13,10.090768,580
34,176,5,12.946287,679
241,15,14,7.900464,835
310,251,9,7.099432,1138
365,86,11,6.777150,714
102,157,5,7.732765,596
53,246,8,5.688864,786
333,134,5,12.754839,960
35,350,11,3.476838,937
287,274,18,16.811051,872
274,252,6,3.115816,147
114,32,7,8.200978,949
211,146,10,10.856241,909
68,273,9,16.838277,1161
146,212,10,8.600803,762
64,100,7,16.214846,780
220,195,11,2.731678,935
60,310,12,14.485002,573
217,190,15,1.600644,433
201,197,16,11.084313,426
331,64,8,15.253962,796
220,20,20,19.414624,1037
136,382,20,4.032491,224
360,327,17,12.411350,1076
48,219,7,11.094006,526
299,303,9,11.560240,453
270,344,19,17.773450,1088
54,331,8,2.960585,1185
345,97,11,13.895663,1170
277,245,11,9.374477,983
137,232,18,14.403248,362
206,287,9,12.940169,542
376,17,12,4.900302,113
395,278,5,7.059673,145
277,241,20,20.008891,237
326,311,13,10.312606,1041
217,302,7,19.096029,561
380,56,7,0.025521,823
347,387,20,11.248646,447
171,59,19,9.051833,672
236,192,16,9.721514,544
121,126,13,12.551424,185
139,331,14,11.751486,645
310,378,5,19.525115,276
66,208,13,6.576264,268
39,150,10,7.876219,393
108,154,20,2.876986,832
36,96,13,14.153548,218
35,314,6,5.072822,982
127,253,18,2.648848,521
111,343,8,13.370343,773
360,69,8,14.535778,676
59,323,10,19.616148,922
108,314,17,14.864648,719
233,17,15,19.030189,636
88,68,16,7.332537,676
277,361,11,13.093143,825
155,253,13,9.167504,318
43,101,10,9.987278,889
310,194,10,9.647362,923
329,123,5,17.887716,1195
132,35,19,9.858407,723
334,76,16,16.108698,541
181,226,13,9.646441,616
31,287,12,15.443000,837
324,242,6,10.846015,1022
132,315,20,10.541451,447
102,39,16,2.845405,393
394,212,17,3.982371,800
57,117,16,20.279127,567
151,300,14,17.114501,1158
112,270,16,10.045935,507
120,76,7,8.477344,966
373,247,6,10.050256,245
349,288,10,19.194301,947
130,356,13,17.938052,687
368,45,12,10.510108,846
38,340,17,9.621356,1045
12,53,17,3.798916,1108
68,368,13,17.009359,383
266,18,14,9.648172,796
178,12,5,9.582043,893
69,296,19,14.859613,689
383,35,16,18.462497,531
311,231,17,19.078431,333
162,343,16,18.952297,318
145,57,7,12.724577,1094
22,258,5,19.825461,375
239,96,18,6.303395,562
245,30,19,6.116233,571
126,121,12,14.383564,200
52,66,11,12.197308,1080
376,244,8,3.142773,188
53,210,13,16.562061,1187
171,152,5,19.684724,1045
368,198,17,5.345059,773
104,387,15,12.863608,1129
365,219,15,16.009218,231
123,121,19,5.220973,231
394,194,13,7.007998,1105
280,390,11,18.288482,347
200,100,9,11.898656,1172
216,289,19,7.319298,1050
23,99,10,15.024355,488
143,184,15,13.244171,365
83,329,6,3.842746,1187
64,90,18,9.174250,998
107,371,13,2.233105,658
241,91,5,20.090935,291
12,394,9,18.262703,1181
17,117,7,15.251484,1121
333,208,12,8.449762,481
126,44,10,11.796141,636
228,8,19,6.059177,235
39,233,14,7.987648,186
281,30,7,13.317436,682
140,264,9,5.701549,810
396,369,17,10.483949,496
28,209,15,20.374490,229
241,145,6,9.507110,709
339,291,12,8.500022,896
355,341,8,3.259649,357
132,198,18,12.384823,676
16,230,17,0.559021,442
5,168,15,4.840284,555
36,71,9,9.532936,758
242,246,17,11.651336,856
33,59,17,18.153925,758
63,183,14,20.092187,911
7,6,20,10.620722,754
274,172,7,6.186976,397
332,92,18,2.311016,513
342,339,18,9.785864,1000
83,59,6,15.413825,655
220,62,7,4.183721,681
286,123,11,16.439881,1086
323,30,13,11.818400,351
393,367,9,15.636489,679
118,237,11,18.771332,827
221,193,8,5.592031,446
148,37,16,2.562007,908
292,73,7,19.499421,335
293,19,12,4.435412,357
243,256,19,4.816420,277
206,113,13,5.329485,990
72,7,13,13.138725,221
251,3,6,15.703396,705
180,344,17,17.253208,899
130,148,17,6.039818,1059
40,301,16,13.779603,971
180,139,14,20.006108,971
145,325,10,1.030459,857
390,101,5,9.354670,144
282,120,18,0.888842,589
17,231,13,18.808380,240
375,281,14,0.154063,663
280,107,6,2.883288,617
186,233,17,6.082259,422
317,29,6,14.212727,631
291,64,16,19.861371,646
329,189,5,19.842497,645
334,154,8,6.675840,395
137,187,13,4.630098,1093
329,37,6,9.262718,460
297,187,16,7.446766,1073
0,295,17,20.416998,402
71,393,15,11.462748,754
194,96,7,15.862677,473
202,205,10,2.339671,265
233,394,9,5.409161,928
282,369,14,0.895208,730
241,10,15,11.458454,810
389,248,13,16.022441,1093
199,214,7,15.821960,846
129,174,20,3.312139,259
103,388,17,8.119647,429
104,96,5,0.257314,1160
313,248,15,7.019366,370
110,240,7,12.664541,1053
353,316,5,5.468921,821
149,300,18,17.920852,899
349,325,9,5.208043,663
206,380,16,2.905466,303
40,112,16,18.849786,719
55,41,5,8.470568,683
335,375,11,12.767288,425
386,229,6,19.968503,232
359,123,8,9.731578,781
382,246,9,12.958807,723
199,323,14,6.297519,898
188,390,5,16.989382,533
351,366,16,1.649781,327
126,118,13,7.672801,689
173,256,20,17.049318,691
316,210,10,12.154374,700
217,183,8,15.387871,179
155,158,6,9.174731,536
340,163,8,10.567111,186
30,241,10,18.349427,384
228,351,5,19.235753,603
360,178,9,7.242979,559
195,323,8,8.246654,596
45,131,13,5.353278,872
326,136,11,0.757438,190
116,344,9,3.251393,550
10,92,16,1.932774,832
303,102,18,1.362133,1023
338,38,16,1.465847,1008
159,239,14,12.373665,352
9,57,18,13.099063,1032
34,171,6,7.276011,882
123,375,20,14.725878,393
304,307,9,14.850097,127
345,174,20,2.906276,220
235,61,8,1.020074,1024
207,116,10,17.695050,512
192,134,9,17.475737,630
118,250,20,17.320248,368
104,141,12,3.610436,496
22,137,13,5.639595,628
287,319,18,12.878282,766
37,57,10,11.229604,923
114,204,18,1.183895,762
77,254,8,20.385489,140
361,268,14,15.818141,838
198,262,10,1.962002,859
177,47,8,4.962853,869
266,241,15,10.825165,290
395,274,9,11.168669,575
342,15,5,9.187154,391
256,365,12,0.905942,957
343,211,14,7.081946,382
293,136,13,3.764239,759
303,53,20,11.249006,745
314,16,11,12.644545,193
282,23,9,1.915349,872
119,256,12,12.995157,1155
319,197,8,3.473394,453
150,288,17,15.642221,185
221,16,11,4.918583,462
189,136,18,1.108799,480
242,94,10,9.142498,707
215,39,6,0.983673,382
315,79,8,16.300287,379
345,395,15,2.526178,827
352,182,10,14.309221,878
106,253,20,14.366561,1079
175,164,17,2.556113,434
170,206,17,2.003311,883
355,42,10,7.819354,992
130,319,12,17.537934,1149
94,204,5,5.496886,197
351,361,7,13.089895,718
81,59,14,13.698696,363
356,143,9,1.521856,672
145,76,13,19.940507,209
38,274,5,18.854926,256
135,344,8,17.040121,727
13,214,17,15.135687,1037
131,11,5,7.059757,1080
174,214,9,1.050672,1073
256,11,20,18.514270,503
63,210,7,2.740300,693
78,82,5,18.000458,318
140,11,10,3.952904,1031
228,101,10,12.824194,338
243,212,9,12.252050,130
128,188,7,12.368065,159
230,197,10,2.902746,1016
166,181,8,6.676737,596
255,212,7,18.872827,871
372,177,15,9.045302,439
294,339,15,19.248902,318
309,249,7,15.591481,1103
268,370,10,5.435564,304
7,340,15,15.455874,785
381,46,9,20.090086,998
301,68,11,18.963988,480
389,62,12,7.713195,449
98,216,6,9.090117,385
282,258,9,2.067650,725
62,20,9,18.107398,1009
339,17,13,3.187769,481
349,374,16,14.210652,973
277,112,15,8.446249,234
3,138,5,6.860536,1145
95,185,19,9.071013,1162
124,103,5,9.177834,150
106,271,20,9.354003,213
7,83,10,13.489247,471
344,315,8,18.788155,107
31,119,10,15.736512,665
281,270,6,8.956105,660
43,224,5,7.339813,1045
390,319,16,17.741449,936
86,225,9,13.808544,209
169,203,17,14.102644,691
156,198,7,13.987431,394
185,286,9,12.227457,645
247,184,15,2.907266,230
347,184,5,5.364755,688
170,54,7,11.489797,1096
166,318,11,4.432203,421
44,72,16,19.818422,862
346,180,9,18.424421,1004
58,229,15,6.344320,797
247,265,6,4.411343,750
373,95,19,7.327260,531
365,387,18,0.477569,877
103,374,16,2.698007,832
287,209,20,16.787930,540
184,165,12,12.238680,462
300,204,19,6.913547,252
70,16,20,9.759459,366
225,170,19,14.928500,1147
179,122,17,0.712187,1193
72,237,16,5.918613,909
277,360,7,19.002066,223
62,50,8,10.333630,318
339,127,15,14.904867,410
292,72,15,15.013027,222
323,243,8,15.163382,701
363,84,6,6.012228,521
283,19,13,14.682375,286
255,397,11,19.729970,307
389,38,10,17.929508,927
152,32,19,7.228994,381
399,323,5,2.654302,100
243,64,19,15.756989,877
63,361,17,11.692320,1159
344,47,11,18.501640,903
220,123,9,16.129118,1167
386,246,18,10.153488,931
51,264,14,4.149564,524
342,388,8,11.985238,425
137,345,11,8.827613,615
65,327,6,20.487218,347
181,126,10,0.895649,129
66,256,20,4.497794,199
227,90,19,5.492725,415
196,135,7,0.528934,418
360,180,20,4.072797,133
159,91,13,19.425582,552
37,341,17,17.849052,1044
195,185,11,17.427118,880
119,376,20,1.405747,1046
220,325,12,19.514864,484
273,380,18,18.611867,1006
92,114,20,4.021300,296
221,33,14,19.533081,534
309,353,16,18.548559,952
397,207,7,6.848818,406
334,183,14,11.499098,997
193,39,10,20.023012,135
224,104,15,18.737441,674
136,295,19,8.653090,1025
364,32,7,0.229663,1038
99,198,18,1.469112,1041
214,230,19,17.100872,772
212,326,19,17.984114,618
103,67,11,7.291405,908
324,299,8,5.655719,361
328,203,5,17.490798,462
363,37,17,11.466297,298
188,208,19,6.802856,943
78,170,17,13.496058,884
399,93,6,14.237524,849
379,338,10,8.242513,567
368,297,11,3.031366,390
397,303,8,7.534844,137
15,8,17,18.456763,695
82,11,6,0.726367,407
57,198,11,1.740269,754
150,145,19,13.792708,142
99,174,20,4.788090,654
56,252,17,12.059305,733
378,5,13,4.780317,537
310,116,8,2.949391,1152
281,336,11,1.001782,1095
157,3,11,18.212873,256
283,301,8,0.717230,680
157,94,5,4.422194,1036
31,36,5,5.424840,190
313,382,18,10.123060,722
25,158,13,6.265229,1041
79,5,12,14.417961,721
339,74,16,6.097347,809
152,117,6,19.662461,943
310,71,19,9.111999,863
331,323,13,10.104039,492
155,130,20,10.276190,389
113,204,15,6.280160,366
249,302,13,5.889969,572
145,231,6,4.706532,1141
240,29,15,11.203602,851
43,283,8,9.349376,444
382,336,11,10.809228,270
155,219,11,19.514392,995
16,299,10,1.670439,137
278,205,6,16.293057,187
398,73,12,2.251997,499
209,339,13,6.547859,1161
274,131,20,14.859083,1047
288,96,5,2.511077,490
95,267,17,17.205960,769
134,284,13,1.762203,845
64,170,7,4.849416,918
13,193,17,13.873024,675
366,95,7,9.661475,1006
59,51,19,19.617541,908
106,179,15,8.725330,929
396,114,8,3.009231,228
164,83,5,2.591309,1041
95,33,11,19.413034,921
202,341,12,9.263631,1171
255,342,16,5.491079,592
349,220,17,9.931589,773
142,128,19,13.904466,567
272,7,9,9.727794,726
13,85,11,10.938102,1133
105,229,19,2.076329,482
370,27,19,18.929848,521
37,293,6,2.319598,107
268,226,5,16.239345,832
393,263,9,8.337718,848
316,14,11,17.326701,298
20,389,14,15.113673,1169
348,114,6,3.536346,335
265,332,12,15.893064,451
8,358,6,0.085596,998
206,66,5,3.954659,716
28,259,14,19.208297,868
360,318,19,3.557894,634
145,302,10,7.886541,292
108,261,10,0.855075,797
30,208,20,6.782251,881
79,112,8,16.835345,963
22,51,15,7.503543,101
204,280,20,7.759899,1044
26,82,16,8.329303,116
384,45,20,1.321497,569
234,304,18,9.086391,577
242,179,17,14.360686,710
198,74,10,17.718483,537
29,295,8,0.178096,1162
281,54,5,18.747302,223
75,212,5,16.921911,125
212,154,14,4.235927,455
396,107,10,14.759471,263
371,54,11,2.192582,1093
185,112,5,10.170050,686
82,307,20,9.850787,117
245,129,14,19.894962,451
47,309,15,12.053255,621
379,2,19,14.504431,1140
274,145,16,3.935864,442
3,394,20,18.077342,993
178,251,15,12.264880,1123
135,234,17,14.632118,1156
389,324,8,3.567119,335
191,220,5,16.335312,385
83,356,5,19.885642,997
248,323,8,10.822761,387
376,316,6,5.760267,365
128,162,14,13.817830,1088
104,68,9,6.327018,251
372,57,15,1.752322,450
0,39,11,9.973779,146
372,119,13,5.122682,954
160,11,15,16.473152,720
87,38,20,13.675283,816
191,113,20,8.699724,234
197,272,5,4.990661,293
315,229,16,16.668796,471
182,390,10,5.046430,1069
90,316,11,13.162044,374
216,173,7,13.255024,281
28,316,12,0.717031,1189
129,136,9,15.445263,133
370,261,11,17.047452,897
218,109,10,20.088769,1131
149,211,6,12.493061,1128
65,278,13,14.609632,561
180,295,17,15.934470,1167
343,380,17,7.623404,162
170,78,13,3.276158,706
332,339,6,12.472071,658
253,142,18,3.892225,312
199,131,8,14.248663,405
69,229,5,0.409177,1194
7,250,10,0.893913,683
90,278,11,3.181894,879
111,80,5,14.094670,1123
389,235,6,15.428412,836
93,352,11,6.339625,139
30,162,20,19.323237,849
117,46,16,15.883195,1132
267,196,13,18.531628,215
322,355,19,7.718193,1145
316,271,10,7.760266,197
168,108,15,5.980433,563
296,262,12,10.825749,1195
292,18,8,19.831283,740
44,275,16,17.509441,422
341,135,16,13.574629,211
183,102,20,18.443400,212
247,164,16,4.033647,927
56,154,10,13.575206,1123
43,197,14,2.772322,233
156,308,17,12.759978,209
117,93,11,14.403133,482
58,15,17,19.248850,473
229,353,18,16.196924,438
140,138,5,14.403219,371
387,161,12,20.423679,348
152,122,18,4.131104,739
94,19,12,2.366112,952
7,8,9,7.720317,823
353,82,15,3.906284,482
290,270,19,12.027961,243
256,303,11,18.679558,1071
62,93,7,19.471937,785
14,112,16,9.603983,211
381,196,18,16.067878,584
128,65,10,1.212174,794
49,214,8,4.841028,195
71,310,7,20.221046,681
57,395,12,5.226655,771
242,56,16,7.056906,1086
391,327,9,1.076217,1109
134,210,16,5.153868,768
75,399,10,19.180014,400
237,173,12,6.446472,620
386,72,5,18.741916,411
167,67,5,3.824044,647
385,19,7,17.611476,1089
334,230,12,9.853196,921
136,326,20,2.957734,1174
241,90,16,16.959928,386
389,84,18,20.017874,998
87,314,8,7.377512,275
56,46,12,14.530844,960
241,219,10,11.415337,815
379,178,17,0.630588,857
101,211,13,11.133252,626
64,243,16,11.349442,888
296,227,11,0.795067,376
21,55,15,2.171307,1003
254,11,12,16.244104,436
373,66,16,4.943894,421
72,164,15,11.620379,827
355,399,19,18.813499,601
269,99,17,1.040027,912
132,381,19,3.593786,348
100,157,20,16.015194,723
13,359,12,4.635142,228
398,145,19,6.273468,525
62,54,15,6.437920,665
103,296,20,8.877979,395
278,292,16,9.036626,994
371,310,13,9.319723,498
301,174,13,15.777948,102
248,90,20,11.892052,761
83,341,9,17.792719,662
53,225,9,7.633685,371
338,256,5,17.200665,461
337,207,20,12.385041,973
265,294,8,1.296608,556
144,18,14,10.949059,698
110,84,6,9.675587,137
354,243,16,8.034032,255
101,53,14,16.649446,984
208,86,7,2.458889,760
362,109,8,0.567807,758
353,364,14,19.981785,707
101,30,13,19.009938,101
150,243,5,2.061365,287
247,316,17,0.165432,1046
51,21,14,8.783057,893
290,19,14,7.902225,1059
95,354,10,2.378784,260
256,145,11,19.584958,627
260,73,15,7.801927,1091
311,204,17,4.892061,1052
43,301,7,13.882533,440
259,320,15,20.119433,758
312,292,18,2.216661,421
62,153,5,3.566878,402
108,149,14,6.465804,306
268,263,5,2.785667,572
169,377,20,13.998787,997
218,395,16,8.783362,761
293,317,5,16.710132,566
366,117,11,1.046926,505
157,385,16,12.252100,255
227,318,9,6.561728,453
17,147,18,15.574338,968
23,125,6,2.132096,681
231,141,8,4.267541,929
105,114,15,8.472999,861
122,319,16,0.247179,1024
27,314,20,15.883042,803
379,349,13,10.636641,757
109,228,18,9.302610,831
295,59,8,15.244499,828
22,210,13,18.738437,880
9,237,17,4.495954,554
226,380,14,6.305319,902
56,287,16,1.950567,259
35,95,11,19.146744,432
369,236,8,17.637066,693
277,64,6,9.791146,333
206,247,18,6.111066,303
57,399,11,9.402392,620
64,384,12,14.458889,948
161,278,18,14.232213,889
88,395,16,0.569385,410
7,106,15,18.377136,254
352,185,8,2.932345,492
279,135,17,7.929720,545
247,292,6,10.347451,1024
319,9,17,1.773013,680
3,292,11,10.500655,700
42,376,18,6.163799,376
62,335,5,8.891933,499
332,55,12,18.403683,738
134,83,12,6.237994,965
25,6,12,11.970592,670
283,61,16,17.004271,751
9,26,5,12.680602,450
93,283,8,4.397981,1160
278,371,5,13.118728,324
254,363,11,11.579064,935
378,304,12,19.403207,974
209,192,16,1.702043,463
389,113,7,7.487974,276
318,151,10,1.159630,318
54,79,20,14.972044,463
209,82,20,3.768595,942
305,87,18,6.619857,743
134,349,11,5.690720,1138
190,382,20,4.913402,779
302,99,18,17.039655,163
239,253,14,6.105048,1058
119,362,10,7.054969,918
236,173,20,5.046366,934
332,24,7,6.191389,875
289,348,15,14.702013,417
204,244,8,12.549319,1190
166,189,6,17.729354,358
300,23,16,17.084482,427
279,142,18,11.743619,234
223,201,6,19.851922,346
357,149,7,20.194306,898
398,199,18,6.727586,650
280,218,16,15.209571,1085
336,235,12,7.148155,911
101,389,12,11.292073,810
96,172,15,11.702658,332
202,25,9,0.233150,452
232,2,10,0.291932,1138
391,102,11,17.026899,495
258,104,11,13.404591,989
8,196,20,19.494618,519
322,344,13,0.464838,325
395,369,20,16.836160,446
187,380,19,11.544958,1011
166,205,7,2.584067,602
304,99,19,8.951626,810
161,62,15,11.667770,921
8,244,17,20.494903,960
266,331,5,10.790807,1183
182,7,14,16.636372,582
23,25,9,18.896644,1112
263,120,18,6.323942,1103
144,302,18,1.101187,984
73,64,15,5.777198,290
24,108,18,0.196532,1175
112,26,16,10.448277,583
338,288,20,3.396222,198
202,48,6,6.675826,449
327,154,17,0.208201,845
328,260,9,9.906383,390
91,230,15,7.670459,851
296,141,9,6.421400,767
321,70,19,10.672425,613
247,63,16,15.228263,305
151,292,7,11.864256,381
194,261,15,0.187878,171
364,381,11,0.412221,940
327,261,19,19.096345,639
93,62,9,4.434193,326
41,346,16,16.802741,1017
353,164,10,6.396410,471
47,15,11,4.990341,718
201,210,10,12.070454,673
173,102,15,1.179702,667
269,196,7,18.601116,639
347,296,16,19.466073,1029
300,307,14,6.830117,601
33,186,16,18.367609,320
322,302,16,0.923436,246
100,260,12,16.217264,152
10,359,18,1.598206,1156
123,86,18,8.735650,137
110,120,5,8.723803,966
281,23,20,19.155279,539
292,152,12,13.931769,241
331,42,20,16.909161,805
35,55,15,13.069233,257
209,1,9,4.399415,1167
218,355,19,13.229927,586
153,235,11,5.298599,997
339,6,16,11.904662,156
378,209,6,0.675790,1052
213,61,16,4.551932,1088
44,159,20,6.174562,269
63,283,12,8.625604,760
34,0,16,1.713464,558
92,349,13,15.523365,1136
388,107,11,10.884811,223
276,122,8,13.175007,1135
91,310,11,16.885293,1148
12,285,12,9.200797,130
306,134,6,3.599927,285
27,278,11,1.261192,107
247,148,13,10.461084,940
345,350,14,0.741612,843
281,177,18,1.770957,1196
343,224,6,19.692375,794
210,41,17,3.317065,870
90,131,14,3.793791,864
202,153,19,1.119284,959
377,211,18,7.913921,385
89,158,7,1.256755,286
70,223,5,7.141994,763
110,311,10,11.673983,757
117,227,17,15.014091,1100
317,385,17,15.510373,828
377,310,17,17.702328,1190
341,309,13,12.921932,340
17,69,5,9.897372,991
262,352,15,7.980212,1131
198,313,17,12.325135,991
18,309,19,13.473567,1169
38,151,17,19.605711,920
174,248,19,11.766363,886
311,78,10,16.455931,1079
50,399,18,3.276057,842
336,72,10,3.587054,1040
283,250,16,13.952939,165
248,82,15,1.865444,1024
153,227,18,11.499839,264
218,172,17,1.632589,194
211,4,15,17.830054,474
398,224,12,3.415619,603
41,257,11,20.122035,619
216,292,17,8.613915,422
386,268,16,3.199291,514
96,304,6,3.665688,371
309,23,20,6.558051,425
389,229,12,13.642906,332
27,48,13,0.275709,402
242,95,19,0.534476,793
270,118,7,0.210354,672
242,193,5,4.836181,446
199,226,15,8.774538,774
130,29,5,0.910707,220
368,287,6,16.254855,396
184,255,12,3.172461,1130
110,105,8,19.236240,926
194,310,7,8.412969,883
307,285,5,6.023596,155
325,195,7,8.022174,1027
32,97,15,11.073156,1124
378,127,20,8.223924,1159
356,332,12,14.045340,940
302,320,18,18.975718,380
362,374,14,13.758126,964
174,104,9,6.600203,125
386,311,12,5.327743,147
345,177,11,1.419515,211
13,239,5,12.949751,515
88,21,7,14.028172,835
229,45,5,10.999593,144
24,300,7,10.413304,856
256,268,9,12.680365,298
268,130,15,11.099644,442
356,62,13,0.087072,388
161,106,12,20.362441,525
310,348,15,10.065965,714
217,0,14,17.001777,817
192,17,18,6.091071,233
301,108,16,4.923842,292
193,71,5,5.371598,568
342,153,7,1.990269,257
249,203,17,20.049600,684
292,222,8,6.997541,1036
366,281,10,7.594550,1170
221,389,17,13.429784,221
317,289,16,14.798987,230
380,82,14,7.901953,857
333,85,5,16.413278,1177
300,216,13,0.022007,1010
226,112,19,8.177080,816
247,230,20,5.279116,541
261,9,20,6.590173,144
84,311,9,1.456508,678
55,185,20,6.567360,1068
220,150,20,15.276606,275
192,153,16,12.221299,343
32,128,19,5.374722,123
245,303,20,18.131391,591
206,158,5,3.522805,246
149,164,5,14.640067,1028
120,385,20,1.786584,996
174,158,10,1.609812,952
277,321,12,3.263100,576
72,251,6,3.361596,480
40,334,19,15.923060,256
52,21,18,6.724223,174
262,76,20,10.940225,664
76,399,14,0.918216,272
356,362,6,17.425795,326
191,181,9,17.032804,501
390,278,13,9.411792,876
103,307,18,7.309869,1092
263,79,13,6.693394,701
366,151,5,6.543889,139
278,44,17,1.732371,222
16,170,5,10.835621,218
125,198,8,11.472365,216
374,299,18,11.480972,453
147,182,8,18.883412,230
1,365,19,18.151679,842
357,248,14,3.192396,1050
284,318,11,13.835203,837
344,27,6,0.352188,118
151,32,15,11.120938,947
253,11,18,12.926464,333
118,92,5,20.061028,364
390,351,11,8.407502,489
38,201,19,16.282342,193
157,179,10,15.265665,343
391,52,14,6.548924,175
136,223,10,3.496984,716
315,355,18,15.389657,888
105,126,14,9.140430,1140
53,193,17,7.960907,394
390,231,16,16.887435,633
286,197,12,16.739770,405
132,366,18,11.882723,167
187,170,20,18.384561,342
198,54,9,11.951446,312
134,370,12,7.462399,162
232,236,19,17.637363,483
265,132,14,13.761203,222
309,43,14,4.190818,860
58,367,14,9.143217,435
245,145,16,5.162566,951
221,150,15,15.133169,1160
341,397,19,13.193277,893
112,333,18,2.837489,313
252,108,9,17.584401,375
353,133,19,13.400199,1001
83,219,8,18.950986,301
311,4,19,15.766301,102
187,123,8,18.797723,336
203,339,5,1.961529,606
162,75,9,13.965093,1082
368,128,9,3.226909,916
199,251,10,11.070919,313
70,10,7,12.918561,517
114,281,5,3.591019,931
153,68,6,14.696019,223
18,11,11,9.927427,1122
62,301,5,6.388687,985
275,67,6,14.633187,488
110,257,17,15.250811,339
67,68,17,0.022227,971
81,310,18,3.120369,1074
336,382,10,8.949885,894
87,397,15,16.424861,963
202,295,8,14.607438,196
38,328,6,7.256042,1049
4,128,10,7.016812,629
312,203,5,9.033726,636
3,208,18,18.304133,663
90,42,13,12.424389,254
272,388,14,9.006159,1147
284,34,11,12.269638,254
364,7,13,4.044008,954
142,42,14,12.542750,1017
47,126,15,1.321269,1054
144,228,11,18.262153,927
38,129,13,9.780186,1133
204,294,12,19.176468,224
95,386,6,13.791518,235
306,88,19,10.628206,642
368,168,6,12.700395,838
251,220,10,0.562820,837
230,387,13,13.204531,124
383,308,11,15.501192,541
46,64,15,5.765492,740
179,176,13,19.262954,427
215,256,5,3.573120,670
398,316,12,18.263656,872
92,118,7,19.351597,123
231,82,7,11.644997,724
327,315,7,15.300204,300
292,398,6,7.087619,358
215,221,15,16.619621,864
304,173,12,19.240839,432
274,24,7,12.436451,899
32,241,19,2.038797,411
176,250,9,2.168647,212
206,33,6,5.228791,486
3,218,6,3.002807,687
84,398,12,15.733706,378
124,166,10,18.869643,174
7,142,15,16.412988,418
234,156,16,16.582803,1027
119,300,13,12.819385,452
132,180,15,10.328886,972
344,346,5,19.694391,904
154,191,18,18.973941,707
375,19,14,7.225469,962
227,399,8,8.519348,208
32,91,19,18.974088,375
270,119,11,8.628608,683
239,248,9,4.274677,432
111,107,7,3.949241,752
183,385,18,15.648831,713
256,180,12,19.773498,712
69,2,14,8.932883,744
250,66,9,15.258450,261
176,225,9,16.076563,243
383,394,6,17.290127,819
237,302,9,13.125908,391
24,95,10,1.365291,449
276,346,11,4.640011,894
1,71,7,5.953579,1172
379,203,6,6.137633,208
350,388,15,16.240595,1150
304,294,12,5.954429,625
158,175,17,6.887108,1007
14,91,20,1.391470,1130
57,343,15,0.941460,234
298,334,6,6.059834,1008
392,211,8,15.300159,1044
49,209,6,14.039678,235
305,317,16,17.089719,342
257,390,19,3.759738,966
20,192,16,4.281676,914
349,32,18,18.463701,694
54,346,16,11.665946,603
358,49,6,14.502097,389
262,363,8,8.023023,413
152,10,9,4.374532,964
76,286,12,11.907173,740
71,193,9,3.901095,414
196,240,5,12.449118,623
20,194,5,2.039816,609
394,155,20,4.994029,569
266,185,5,16.933197,927
295,181,10,3.469618,1162
387,323,19,13.224482,618
238,155,12,6.204861,1147
139,299,7,2.309056,684
259,144,15,14.077727,143
89,228,20,14.163036,590
171,303,10,2.998176,597
330,155,17,7.739483,294
161,322,9,16.937820,704
98,204,8,8.858999,779
184,364,5,11.458990,309
67,342,19,0.134490,1045
245,85,12,4.089684,712
83,311,10,7.912600,1012
79,263,15,19.094880,133
141,367,15,1.850042,387
198,154,12,20.295547,487
152,107,7,13.944438,575
101,262,14,3.468089,486
109,136,16,14.265140,404
49,172,12,10.905444,755
72,5,7,6.912794,975
190,228,14,6.884058,641
188,43,17,12.982427,994
123,300,11,4.346141,1020
173,194,17,10.051449,249
119,185,17,2.939049,1138
145,381,10,9.870965,119
277,280,15,9.524933,369
94,58,6,14.834020,1157
281,289,12,20.475712,1032
100,286,13,2.697145,696
39,281,14,20.320598,392
225,11,9,20.232573,642
207,346,20,19.525063,854
42,64,9,18.040306,1168
205,369,7,8.776848,908
311,48,11,19.804751,1095
370,236,18,10.506234,559
80,71,12,1.481878,374
90,208,13,15.765118,1036
110,3,20,13.523623,229
260,26,16,16.638019,743
177,379,19,18.215556,1072
34,133,13,12.807945,1019
108,243,5,4.160799,224
245,253,16,16.660769,253
35,113,9,7.832269,754
215,263,8,3.433521,399
342,41,11,10.599222,729
265,29,10,14.852627,424
359,254,12,2.051201,1159
219,364,17,3.379422,1089
217,168,15,14.752310,930
235,189,9,10.597551,589
2,151,12,13.589570,364
31,243,11,1.905544,906
193,257,14,12.531208,226
286,323,5,16.863942,1172
50,151,13,10.143204,598
35,272,20,3.452546,1007
25,273,18,14.175642,1189
69,111,5,15.713640,471
193,75,13,2.120950,372
167,222,15,11.312701,550
354,45,12,19.963011,895
220,9,13,18.304615,420
314,324,15,17.671585,816
218,19,19,19.598570,1058
192,293,17,1.469241,849
248,119,6,5.924396,683
392,14,9,10.750388,630
95,146,7,16.170641,1159
205,86,20,2.332854,589
390,232,12,16.353638,323
225,3,12,2.583598,173
280,222,10,14.884111,1002
394,265,16,9.878178,851
372,88,13,3.289789,836
254,82,20,16.999711,1172
172,368,15,6.469570,813
370,207,9,17.574042,1178
63,199,9,13.566178,782
32,350,20,5.212362,868
73,176,20,1.540556,591
164,302,7,2.950535,1171
285,336,16,16.400169,933
370,4,15,1.027844,376
189,134,16,8.114291,756
381,191,7,8.837767,1017
85,64,10,1.199164,252
324,386,16,3.403223,1103
181,74,16,5.053179,897
6,137,8,18.401974,891
97,376,12,18.195525,888
22,75,6,10.783067,321
22,225,5,14.632338,753
398,226,5,1.608058,1048
87,326,20,18.107007,704
66,214,8,1.784303,1081
187,122,17,16.815154,620
113,111,10,7.145025,820
350,382,18,17.020374,745
36,39,6,11.494231,129
287,349,10,1.776178,684
193,282,12,0.474451,175
172,236,6,15.533591,508
375,169,15,8.733959,328
40,268,12,14.254236,337
165,147,18,3.306935,180
356,348,17,3.080171,440
354,36,11,9.688553,603
261,22,5,12.453832,1172
353,134,5,4.762750,166
356,169,16,6.988251,1151
263,380,5,12.798828,794
299,364,16,2.208316,1126
331,114,6,5.507155,552
153,168,13,10.154155,167
221,163,20,15.493137,811
127,244,7,14.127470,186
366,395,19,0.249893,1150
13,321,11,9.304748,836
147,102,19,14.414088,1057
117,119,9,11.463377,844
209,297,10,11.158669,1127
304,302,7,15.938365,1122
53,282,14,20.377888,306
36,361,16,5.659872,365
226,344,20,10.256730,526
368,301,14,7.350888,530
239,148,13,5.003016,306
145,343,17,17.636437,913
207,55,5,5.527628,392
28,39,13,6.889492,1133
42,350,16,13.633003,253
231,226,11,7.740274,315
264,174,15,16.280454,677
174,355,6,4.000636,951
249,64,10,3.031949,914
122,307,8,12.086666,1022
116,50,15,15.880445,983
213,198,10,6.387341,1089
164,38,8,14.767009,989
12,187,13,9.545766,1180
214,172,8,15.996181,558
335,128,11,17.589757,863
149,122,7,14.178375,301
216,81,5,17.866086,287
302,97,16,0.870876,115
59,276,7,10.143204,986
10,120,5,4.932071,1050
272,198,19,0.570046,110
89,375,11,0.836707,591
7,157,15,5.210550,996
250,306,12,2.464306,366
125,374,12,12.908949,830
196,176,13,19.962715,350
186,8,11,15.094382,906
78,299,5,0.212227,838
197,171,14,15.534011,737
74,172,10,11.121441,594
121,368,9,19.684299,535
273,348,8,16.489854,114
378,126,17,10.165462,465
392,326,19,3.720793,1001
144,354,9,19.923566,171
330,293,13,20.110737,1027
277,314,12,6.906526,818
239,177,10,4.740295,1180
132,364,13,10.240248,326
368,250,7,1.274222,730
147,66,19,2.065463,578
195,76,6,3.953672,1116
383,0,6,7.042364,794
21,286,7,4.935074,727
56,235,14,13.110181,1127
20,7,14,10.561666,794
78,29,20,9.264066,612
12,57,7,3.014379,202
9,201,19,0.804424,419
189,271,12,16.899696,581
1,146,11,9.131746,763
164,72,12,3.916693,624
296,376,12,16.047797,216
153,78,7,11.594827,493
166,235,13,5.126164,1145
226,232,12,8.328355,994
265,143,8,16.578826,561
5,262,13,8.191210,278
54,390,15,14.075190,1010
197,101,20,10.734087,858
349,369,14,5.122421,716
103,151,10,3.245622,940
192,69,13,10.104536,757
100,40,7,4.080900,456
211,235,11,17.172944,665
296,1,12,11.459484,620
382,232,11,19.622933,732
217,201,13,4.983363,698
352,280,7,3.855974,310
260,35,16,7.784836,948
165,254,17,19.708676,510
293,188,15,2.352007,585
166,380,15,2.323896,119
164,169,9,11.667180,281
78,224,12,10.674840,669
54,307,17,19.166737,273
51,241,13,11.791368,818
0,349,16,19.193487,963
397,137,6,5.419337,183
359,76,15,14.332226,551
208,351,17,14.471199,1087
325,58,13,15.751664,189
259,236,14,20.394510,489
50,250,10,5.510216,1092
100,306,11,19.287636,872
22,58,18,5.717952,549
217,106,16,13.311926,333
11,221,6,7.411268,257
117,370,16,8.139770,1072
370,213,14,1.356386,484
109,390,6,0.156998,801
352,49,20,8.211357,176
29,101,17,14.014450,363
96,226,15,17.309468,682
125,133,14,11.750607,279
344,69,17,10.567591,233
64,6,18,2.995937,571
94,201,10,8.159701,952
283,246,5,9.966981,398
118,246,16,12.638535,957
121,297,19,7.022346,211
142,32,5,8.053872,370
356,350,11,15.284222,383
308,0,10,0.858308,987
267,320,11,4.427549,856
382,317,20,7.665423,651
304,339,9,18.694913,572
384,165,18,0.726239,1169
77,148,20,0.924522,416
33,61,16,16.989583,421
52,334,7,1.560262,1109
244,16,17,15.424714,390
231,313,18,0.408543,1116
326,303,9,19.329260,537
202,249,18,10.932228,756
256,185,6,3.543617,1187
235,376,19,0.284706,648
48,186,8,12.665758,768
59,249,6,14.582622,333
335,49,15,1.799229,221
200,355,17,13.109664,969
344,387,17,1.561178,191
341,89,19,12.597467,820
128,187,20,16.807818,898
61,208,6,15.901742,161
88,339,15,13.814383,571
277,327,20,1.068387,565
67,75,12,9.867662,133
81,111,12,6.630539,402
341,50,17,13.899006,980
24,247,16,8.375676,1167
366,114,11,8.160270,853
379,180,5,10.800715,755
346,44,7,15.431467,291
173,399,20,15.615082,808
97,338,10,20.121802,812
105,190,17,18.690345,1134
301,50,17,1.704782,550
166,317,16,10.664582,1078
3,324,20,1.843518,1077
5,328,11,20.011300,1097
298,321,19,3.324187,227
35,294,17,4.538260,206
336,381,15,17.583345,145
333,191,18,15.916603,664
107,250,5,6.960811,747
379,299,10,0.898299,946
169,125,6,3.907686,379
303,235,10,4.811693,878
243,248,15,4.806157,1098
226,244,15,4.265325,432
29,136,14,19.269522,917
241,268,19,6.993840,1190
94,375,17,19.275643,641
379,211,18,17.491478,401
283,367,10,13.023144,969
5,381,10,4.411331,1067
383,25,16,9.963247,818
312,123,7,10.774010,996
226,115,8,1.359657,927
263,397,14,19.119199,792
321,146,6,1.901078,1033
96,292,8,10.395324,948
12,131,11,20.033656,195
125,271,10,6.758801,971
275,129,9,17.641750,869
96,220,5,17.439881,452
209,219,19,10.389912,692
315,343,13,10.374470,306
196,97,14,10.568951,1018
76,103,18,3.780771,670
397,13,6,12.833540,846
65,56,10,1.324519,585
146,98,13,14.011337,282
24,216,20,5.550394,991
317,371,10,0.115061,708
106,73,18,19.334856,980
239,218,15,13.320972,1191
50,236,14,3.357674,1105
350,338,8,3.953793,396
321,1,15,14.933077,343
36,62,18,4.267748,1016
363,368,20,4.236567,324
62,250,18,1.778522,803
259,69,17,15.755304,154
277,363,7,16.072173,856
115,318,5,1.206309,562
336,32,13,12.403719,975
235,39,19,15.456741,1152
395,393,14,0.631765,421
131,274,14,8.348171,979
16,301,13,0.650938,891
298,72,18,16.597141,172
374,319,11,13.534335,855
236,276,7,12.344317,165
264,228,18,17.083640,758
260,366,16,9.028803,836
163,226,19,3.454137,400
242,113,5,18.228110,326
168,47,13,0.450722,1030
178,264,20,6.156520,1128
7,15,14,7.475449,222
160,43,14,10.559424,729
4,272,14,5.197368,1189
135,235,8,4.858718,962
345,286,20,9.937432,651
222,154,20,4.013986,126
89,112,6,2.612037,911
65,318,9,3.703474,1196
378,326,13,11.768328,1120
225,238,12,11.759509,502
255,100,19,11.046172,198
283,351,15,8.002038,796
326,244,10,9.533691,1120
78,324,10,2.775307,1124
96,369,9,6.409385,702
200,186,17,2.079937,434
148,132,9,13.356586,413
95,108,17,0.315539,116
219,128,7,20.424711,667
29,329,11,10.035921,1100
3,69,19,5.016743,1132
257,339,14,13.266099,1153
152,293,19,2.334167,273
362,392,16,0.006608,915
335,55,9,10.772415,626
387,242,20,11.263361,928
317,263,18,0.321988,401
284,39,9,9.818133,1169
33,393,6,17.205939,538
249,228,7,6.037010,111
102,389,19,10.390184,1058
253,62,10,19.218996,287
88,343,9,2.003238,380
243,185,12,0.352491,490
112,118,9,17.299858,796
46,334,9,19.122636,1141
389,288,6,5.051014,182
207,197,16,16.185970,739
243,10,9,14.686070,203
114,366,14,19.878217,712
35,394,19,1.345938,695
279,309,9,3.486067,924
377,297,20,0.409636,484
74,324,18,15.062669,643
172,136,12,17.398660,1152
163,4,8,12.069282,641
82,57,12,18.131267,471
98,244,9,4.810886,801
305,12,19,12.075094,1065
209,94,15,5.138418,1031
66,308,17,10.208797,272
35,293,10,16.998932,460
43,363,19,17.199108,624
228,316,11,3.043141,1165
211,120,13,16.777924,182
236,106,12,1.946456,958
225,299,13,5.566928,800
315,182,11,18.239029,410
8,20,6,16.497363,551
54,267,5,5.705612,1091
192,31,20,4.419853,700
13,10,10,20.094388,188
37,326,20,3.147899,591
21,32,9,13.947050,1187
278,118,10,2.604400,660
288,127,15,12.599674,1015
361,104,15,3.526442,745
364,58,19,20.126849,918
371,210,19,15.133269,267
16,251,18,19.298440,235
116,154,14,12.426762,940
285,295,13,12.757307,542
391,18,19,6.741639,1197
216,318,10,19.477069,261
180,260,6,4.265094,918
383,274,5,3.978243,490
310,265,5,16.044164,630
204,49,9,15.426077,624
323,363,14,18.184667,869
283,132,18,14.387371,413
373,169,15,13.553392,494
343,95,5,17.360343,627
281,64,8,7.993615,262
368,395,10,12.205349,864
345,84,8,10.972116,716
385,249,20,20.144396,851
204,322,9,2.699920,707
375,82,18,18.663537,319
147,318,20,13.942796,196
223,348,8,19.218882,863
43,161,20,5.225271,383
364,382,15,19.531235,916
281,85,13,16.359189,438
299,238,6,12.434849,236
355,367,7,5.287864,1162
241,340,6,17.048845,904
217,280,8,13.313701,707
208,10,16,2.360699,602
344,273,18,19.851354,1179
90,213,16,2.132123,118
143,138,18,12.005399,695
150,245,14,5.125838,910
124,43,15,16.015307,229
242,79,13,2.290561,1189
398,182,19,10.930026,119
22,186,10,4.219965,715
146,336,19,16.787110,351
205,99,12,13.738534,917
47,36,18,18.916349,110
67,256,13,7.497673,589
133,166,5,13.678500,249
101,144,12,16.315316,924
399,9,14,8.431183,624
128,221,20,10.893006,381
175,91,11,2.512696,478
197,120,7,11.141529,811
123,45,13,7.266465,374
311,14,11,15.507927,464
10,159,17,3.933113,425
201,295,9,15.963908,676
220,32,8,10.636128,422
137,186,12,18.278305,190
335,9,15,4.108793,567
247,324,19,17.586482,725
374,207,5,9.639876,610
86,273,17,1.778549,848
83,238,13,15.642298,582
354,141,19,8.947595,842
314,99,6,15.478366,259
95,370,6,6.445136,1089
285,14,10,6.564469,946
348,153,17,6.451463,295
337,52,10,13.669005,1123
250,278,13,5.405341,581
182,317,12,17.858669,187
28,37,18,0.394351,473
305,133,17,15.440431,1157
380,333,8,9.869888,920
296,213,20,10.138793,155
291,276,16,7.610340,1193
83,232,17,10.428695,965
331,394,9,15.765626,574
75,259,12,15.252542,235
125,383,19,2.438676,905
322,21,16,9.427119,600
375,270,17,15.033533,618
292,226,12,14.901183,231
253,254,9,9.063206,589
160,91,17,16.982934,786
165,160,15,1.349027,152
139,378,15,7.469921,679
271,238,18,10.373136,398
23,181,14,1.794347,451
0,53,16,13.840346,694
21,104,18,2.069936,931
325,104,7,16.842999,809
233,86,17,15.869049,245
396,193,6,16.302397,304
130,300,20,2.586202,173
307,112,9,9.511588,695
142,296,15,8.807341,468
319,62,20,3.153141,966
250,68,8,6.700090,636
195,109,10,6.214905,745
7,357,17,5.403170,1095
75,291,11,18.152411,137
377,336,14,10.023038,329
259,333,13,10.694554,1199
262,44,17,14.042044,420
263,53,17,13.520465,318
35,164,18,5.197906,1092
270,363,14,4.691680,917
290,86,17,12.599144,587
217,57,9,16.971740,888
362,79,6,8.380613,472
348,258,17,11.095894,729
254,172,10,0.556665,794
247,252,18,3.909358,476
238,22,14,5.815724,879
64,295,11,10.348226,253
286,326,6,9.179028,505
199,247,10,15.988430,1071
396,85,5,19.116137,783
239,294,9,14.115715,694
78,113,17,12.618938,550
314,222,14,19.456789,1061
84,386,17,4.031591,539
205,337,16,5.516310,938
384,162,20,5.556152,939
294,227,20,1.261015,897
113,222,5,19.179839,824
368,273,18,4.797417,645
137,394,14,0.842215,860
384,7,20,0.736164,350
311,292,6,6.462601,289
81,52,14,3.488460,846
326,398,18,10.474578,294
242,350,7,13.459914,138
255,229,6,4.824034,757
359,336,11,13.846056,536
357,183,19,1.053701,145
207,22,8,12.424821,621
223,375,20,8.189368,105
127,209,9,17.636122,1153
249,260,6,9.939129,971
216,208,16,10.935063,931
280,230,17,2.297019,335
161,321,9,17.549956,350
247,38,12,1.246213,1199
248,273,9,9.227281,1171
11,358,17,4.458792,138
107,146,9,4.401986,572
206,284,20,11.112630,120
130,5,11,14.542084,679
347,339,8,16.919083,767
97,69,16,0.372391,693
253,202,9,1.812975,196
381,312,18,14.872655,933
337,398,18,20.487261,816
125,40,12,11.141057,1112
178,296,10,13.931162,750
245,131,9,6.806920,623
21,164,5,1.479093,364
77,260,20,0.503884,515
114,109,14,14.112643,370
398,289,7,12.204364,505
375,35,19,3.042801,919
78,263,12,10.678267,897
30,198,9,11.330944,811
225,176,16,7.399536,351
311,39,17,11.458053,302
161,273,8,9.050440,145
330,250,6,11.979901,135
88,132,15,11.703327,645
135,334,19,8.764634,361
103,360,16,1.407420,405
31,118,5,6.610895,448
42,168,11,14.561472,118
336,82,18,7.573154,1053
326,247,10,16.384008,491
260,206,15,2.499317,1067
385,158,13,15.098691,836
378,83,13,15.725090,399
182,43,6,4.882440,660
380,106,20,8.489670,479
144,230,9,3.984421,287
175,194,14,19.313739,864
148,225,20,10.048313,304
284,32,20,16.178595,745
251,225,13,4.232530,211
163,131,16,8.142422,905
378,61,10,3.766167,198
92,307,16,19.438341,271
180,50,14,1.431847,382
198,353,11,8.144372,449
264,12,5,8.539184,1086
7,119,9,20.184614,191
268,254,18,8.621697,999
160,367,14,16.607883,964
156,301,20,18.364426,1127
336,75,18,9.508883,1190
97,284,9,8.938479,1092
230,228,9,9.748406,987
396,267,19,1.685497,739
374,83,14,5.505267,171
153,376,20,15.700299,692
355,179,18,2.937147,1079
224,190,17,17.669790,282
164,71,14,18.554381,1009
72,257,20,18.630624,1112
52,164,13,1.006394,1085
90,386,17,6.815700,1150
246,363,7,11.218881,783
330,295,5,16.747393,113
128,170,12,16.209205,545
227,397,12,15.120588,712
177,199,11,17.273517,761
298,46,13,15.275032,444
305,55,9,0.594990,779
213,105,17,19.269237,419
173,310,10,10.101976,206
101,46,11,16.356691,967
28,303,14,13.409637,322
32,207,17,3.020125,454
311,189,16,16.063611,1005
326,275,19,8.451331,1030
199,29,8,1.935148,738
205,52,16,3.564994,482
24,287,10,1.414476,442
283,49,17,1.469408,864
102,133,8,14.028843,722
218,56,15,0.974786,269
391,54,6,0.735197,1149
71,246,6,11.637874,1170
1,79,18,7.032840,1118
160,329,9,15.800871,1007
315,319,11,17.213079,1149
303,296,19,2.773017,288
143,263,7,11.123574,773
266,152,9,8.833550,521
298,44,18,10.902035,635
390,88,18,10.835747,216
264,163,19,5.974648,804
288,49,15,19.652308,154
212,386,6,3.923696,129
236,22,11,0.845475,362
165,246,15,3.627292,614
137,22,11,7.116045,1003
321,89,5,9.283324,1003
230,389,13,17.138385,1037
219,260,18,1.706248,138
103,309,20,20.379709,1044
1,253,12,9.139497,967
42,204,10,5.493770,699
303,177,17,16.975060,769
49,55,11,13.322964,270
72,270,9,0.375485,884
358,206,16,2.528071,444
212,295,10,12.240982,288
357,129,16,14.320467,1166
380,205,10,5.461326,383
373,361,12,11.643519,114
41,239,11,6.480773,483
297,74,8,19.630100,861
192,302,18,9.597387,1107
68,148,18,13.630843,378
370,211,10,5.495181,150
337,63,7,13.506191,477
225,258,17,9.770818,897
298,163,18,18.721030,162
367,278,20,17.573820,836
29,398,20,15.045846,802
115,209,6,0.734622,669
297,321,19,4.240720,1153
288,59,15,2.378393,798
371,104,14,19.685821,592
83,265,9,15.692190,519
261,344,19,15.121047,272
274,164,15,14.291924,595
276,329,17,16.039266,325
30,144,11,0.235031,927
386,328,11,14.332204,397
206,293,8,17.926073,314
318,181,19,17.948335,969
190,126,14,20.330941,484
80,375,14,5.110515,680
256,107,19,11.140836,841
26,309,19,6.807773,879
303,108,17,9.127133,837
343,30,6,4.660364,318
192,106,14,16.612689,1011
388,387,13,1.739196,804
129,123,7,6.832045,1193
384,69,7,19.339802,1170
191,102,16,10.112776,771
371,22,14,8.077023,110
130,205,8,14.436348,1013
162,207,8,11.179977,1029
251,10,8,4.442876,571
184,56,5,4.573449,402
87,10,11,3.082664,241
249,395,13,4.856530,982
35,316,17,10.138135,581
223,345,16,1.258012,304
15,381,12,12.274063,504
254,37,6,12.358671,746
82,70,8,10.734521,175
330,339,16,18.645502,367
105,87,18,4.903489,669
84,93,18,19.664467,1072
51,249,7,1.836928,611
38,29,15,3.430856,126
220,399,7,17.813532,560
87,39,20,16.638295,335
52,33,12,17.632895,692
224,300,15,12.929046,385
52,79,16,7.076895,758
295,84,18,19.022897,203
343,100,14,19.282346,1191
347,100,7,2.946441,528
48,345,7,1.988032,194
89,201,10,0.401794,783
295,91,20,7.314273,1006
176,235,11,4.661011,120
186,329,8,4.517228,114
386,312,6,6.077472,1032
63,16,13,5.567659,803
91,336,17,5.370841,503
299,242,19,4.180266,751
329,300,6,9.232121,170
368,249,5,12.297594,639
125,302,19,2.087056,850
153,322,6,1.183856,281
88,12,10,3.432044,869
399,129,12,8.921198,566
298,159,12,13.801705,769
258,367,8,7.950807,762
179,22,7,0.652916,986
321,21,11,2.838041,894
218,16,19,14.644861,475
299,3,8,3.691259,227
4,370,5,3.029850,265
210,381,16,19.511979,356
200,317,15,9.736138,1162
84,245,18,14.432577,400
158,187,13,13.202969,621
253,175,11,5.129344,676
277,88,5,15.163891,271
197,358,18,20.476552,811
114,154,12,0.891749,935
67,388,20,5.927110,152
7,165,6,15.030205,716
50,97,20,8.890851,290
204,120,19,2.543824,158
164,297,7,15.997751,111
207,7,7,6.462295,674
374,38,8,18.976986,877
106,348,9,1.922075,1164
327,134,8,1.972414,600
268,295,20,19.489795,597
269,307,15,4.617476,584
72,205,11,15.407208,631
102,280,7,12.747462,1059
131,7,6,6.409659,319
302,83,20,10.465408,811
10,43,6,13.111168,148
204,193,15,5.373914,418
282,397,13,0.226761,269
65,147,18,15.858190,1155
167,234,9,6.264673,334
303,315,15,9.616164,823
317,35,17,4.453771,1000
385,18,11,5.748778,1122
342,72,18,1.802946,994
278,365,12,19.319838,815
200,130,19,6.220654,769
68,74,13,3.087421,852
7,81,9,9.526757,833
88,265,8,6.892190,622
40,273,11,5.774137,417
365,87,19,20.176670,651
167,56,18,18.058324,278
323,166,12,16.752899,543
143,177,15,0.130543,278
174,201,5,11.715520,473
128,132,14,12.205419,1031
316,122,9,5.529102,791
67,322,19,7.211716,955
69,276,16,2.216415,239
244,83,9,3.521215,277
357,118,5,20.196338,1120
134,109,6,8.910857,961
38,361,5,10.942901,524
74,341,11,15.992966,504
313,392,18,5.914495,143
371,83,5,12.928698,1189
223,132,13,11.621896,111
373,280,16,4.793063,225
336,158,14,0.914795,834
141,369,18,11.444317,269
39,237,7,11.316251,178
188,154,20,5.154639,778
89,274,12,13.118942,1131
231,168,9,0.130852,276
67,194,17,3.885744,882
53,65,20,4.435186,144
55,92,11,15.935731,976
10,342,13,6.424287,951
52,5,13,20.361907,676
306,170,10,17.868006,107
353,122,13,11.238638,235
396,32,13,2.874296,471
136,105,7,15.080672,707
343,83,13,8.788215,256
62,385,8,15.315558,754
184,314,16,11.180625,868
197,88,13,6.976600,649
62,44,9,4.973919,953
10,175,9,18.768394,604
361,353,19,16.285163,250
222,319,19,18.616048,839
299,252,5,19.338272,342
203,5,15,11.020446,877
220,143,6,3.001574,1056
351,216,20,11.992887,1058
3,302,12,15.093688,909
175,122,5,8.295239,568
99,4,13,3.659351,461
104,327,14,9.900155,818
387,120,11,8.554319,346
302,90,7,9.243903,802
313,45,8,20.272486,251
263,132,13,4.857598,429
226,40,9,5.109492,479
79,333,8,10.409475,817
140,162,19,13.972136,1151
145,272,18,15.713108,730
358,375,11,3.562353,352
173,335,16,16.628617,1119
50,9,10,11.683045,376
173,72,19,12.845523,205
270,385,7,5.620554,165
93,53,18,2.385155,237
53,49,14,9.605958,257
62,205,20,11.873683,952
240,18,5,9.507532,337
359,90,8,0.507983,526
149,278,16,18.471945,788
336,154,11,15.303056,327
274,188,13,10.075042,310
3,312,18,13.224133,1102
316,10,16,18.902889,985
3,178,14,17.654758,171
179,368,15,10.510697,875
379,104,20,16.791563,880
335,295,13,13.344180,619
340,65,6,16.579399,363
283,185,7,4.335773,220
363,304,18,17.496790,430
59,50,12,5.709157,1193
235,173,15,0.722101,973
242,151,10,15.347511,652
313,393,16,7.633958,543
302,17,20,3.066729,1021
145,86,20,9.253156,292
270,49,14,3.335917,849
397,103,9,12.255202,602
366,131,15,12.631453,644
12,33,20,18.301730,827
152,317,20,14.947231,667
223,226,9,9.381041,222
222,115,12,7.850028,194
334,35,9,8.951612,418
34,218,15,14.907677,661
247,119,9,4.189839,749
390,73,10,16.795956,449
254,25,13,5.885325,758
387,238,12,20.268292,149
262,398,9,11.961561,119
305,311,19,8.968927,975
356,104,18,1.761098,484
99,56,13,12.895641,872
344,111,19,3.366445,787
114,192,14,10.374605,1085
284,76,19,12.965550,943
210,242,12,5.987444,124
264,104,10,13.198565,453
80,238,17,17.215174,1043
106,145,17,2.367291,396
330,104,5,7.351848,1041
263,252,19,5.823347,278
103,130,5,5.038590,1178
372,241,20,13.412684,335
382,385,13,20.465147,1028
244,31,17,4.429024,1097
387,329,6,4.387370,1158
26,235,16,2.795996,734
73,53,14,0.429543,896
138,292,15,12.427880,507
38,146,7,18.842983,173
91,185,9,14.717996,232
218,239,5,17.893590,1184
302,184,14,12.549761,797
269,44,19,12.249142,1046
160,290,5,12.875362,964
27,234,14,19.648854,1165
1,214,6,4.333213,477
256,164,8,4.063363,862
361,96,14,9.645236,302
349,30,16,1.440624,831
176,114,18,15.361013,748
238,26,13,17.841966,1149
267,225,17,13.818929,356
225,175,20,3.528109,341
325,293,19,6.891229,894
124,180,11,18.588762,315
114,11,19,2.800611,437
216,324,16,10.764119,108
27,307,18,16.897452,355
295,90,20,9.492989,827
382,263,11,7.486347,561
396,291,12,16.667412,114
52,129,19,8.704144,442
247,173,7,14.510600,602
173,182,7,5.115453,730
335,366,11,11.947193,1059
310,315,9,9.763998,1108
349,24,8,0.400199,471
170,16,14,14.811977,664
252,392,7,8.280730,524
223,0,16,4.974841,734
301,213,12,0.132786,563
350,121,5,14.070391,266
108,326,17,16.988701,1058
69,121,9,10.296131,422
294,207,17,13.029625,670
5,99,16,14.254468,561
103,213,7,16.487962,680
54,71,9,9.780198,697
268,151,19,9.328343,879
58,43,17,10.720566,615
182,351,9,18.781810,965
368,122,12,18.589189,897
268,323,20,12.830031,456
78,126,11,8.607593,782
252,39,17,6.243886,200
317,70,16,10.640146,831
284,315,20,17.129598,911
10,132,11,17.416903,408
296,146,13,16.929885,400
239,207,10,16.108218,851
371,157,12,16.230244,775
285,228,17,2.707049,399
154,278,8,1.368649,871
39,64,13,6.704152,522
311,142,6,18.459507,546
36,235,6,10.299927,1179
234,289,14,18.308738,737
134,317,14,2.219600,983
297,15,8,11.232323,223
172,51,9,8.456463,493
301,168,8,19.185772,482
193,338,6,14.314363,730
212,379,17,13.299559,551
53,244,13,5.099328,1164
164,264,18,7.283331,500
206,62,7,10.221302,138
314,123,9,17.114812,411
347,194,17,1.123455,394
313,85,18,6.008482,1102
395,337,19,14.948640,944
361,190,5,15.762462,494
105,13,19,18.929391,1079
353,129,20,18.677847,646
204,0,18,15.517767,859
348,145,20,8.189299,128
54,270,9,18.601000,1088
55,369,7,18.003531,102
88,17,7,10.449406,520
289,36,14,6.761042,1047
293,334,14,18.466855,324
58,271,6,13.688347,1147
310,92,12,8.625115,412
356,245,13,19.385486,888
89,85,19,4.731365,789
77,315,12,18.594624,1047
398,119,5,17.381100,429
210,290,16,20.079816,575
265,306,9,0.823853,326
116,74,11,8.983960,161
294,197,10,4.320267,1135
284,287,15,16.216452,1028
314,72,8,16.247895,615
252,243,6,13.881348,831
50,349,6,7.178993,820
94,381,17,3.870359,1188
367,368,15,5.219987,196
211,190,7,18.535423,389
241,350,14,15.700101,1128
206,378,13,0.384948,367
231,116,12,4.479448,958
129,146,6,6.850784,1065
183,278,11,13.649161,825
15,78,19,14.868117,1142
92,111,20,20.077296,145
120,352,9,7.750740,554
184,182,14,2.614640,652
252,49,19,1.228885,983
128,302,7,4.787118,581
386,141,18,18.520084,592
13,9,9,20.345054,998
124,216,14,14.324911,1146
262,345,19,4.700599,999
224,48,15,20.230882,548
325,382,14,14.623876,737
200,172,6,5.522971,938
15,60,11,17.280038,1100
337,166,14,0.514438,556
375,62,10,6.706841,703
208,44,16,16.978032,178
397,271,10,5.960055,1078
99,233,12,2.320805,1081
397,222,12,5.071620,652
13,78,12,18.244835,652
230,310,18,11.507565,1054
339,242,13,13.630557,1002
209,378,9,16.599068,518
251,338,8,4.840192,842
373,232,19,1.752718,1082
292,399,15,7.855553,966
372,363,14,16.980138,502
178,10,19,20.017712,1145
322,6,9,19.346406,709
32,348,12,2.674119,862
270,389,11,18.960974,800
194,153,20,16.586005,458
214,345,9,9.311404,686
200,169,8,17.327603,326
370,85,17,7.319539,154
212,186,18,16.000379,101
110,19,11,7.518535,879
138,69,13,15.025487,1142
90,31,10,14.934974,518
233,117,8,10.326217,176
145,65,17,9.363966,800
127,286,16,15.163300,294
236,275,8,7.427467,924
396,263,17,7.237392,362
107,284,11,2.953124,1072
126,332,14,11.340854,470
81,272,7,9.322529,917
195,132,19,10.219758,909
176,88,7,8.830028,366
336,325,6,15.835355,682
167,184,10,20.229232,952
271,50,18,2.674600,665
267,221,16,18.968793,612
190,132,19,15.761385,857
199,345,13,10.350224,201
369,288,5,18.632380,897
262,375,16,5.761916,199
223,390,5,9.605244,178
186,79,17,2.635883,164
154,122,13,9.359787,919
185,68,18,2.610654,1000
26,321,17,2.631954,701
300,312,10,13.674432,737
389,18,12,0.928379,954
152,46,16,16.728796,372
103,207,19,18.633125,216
15,2,6,11.021617,1165
89,111,20,1.538877,502
375,55,12,3.780918,1192
149,37,10,5.319844,884
218,44,18,13.973354,393
107,64,18,11.085353,707
70,299,10,9.060507,491
196,91,11,9.674708,991
295,226,18,5.199938,761
381,25,17,3.833070,459
364,221,11,0.489494,291
52,238,6,14.264701,148
375,393,7,3.150342,356
283,143,15,14.553273,200
248,300,17,10.818302,437
282,174,5,0.573060,898
341,395,17,8.223225,726
358,130,16,8.976768,819
124,193,16,9.827627,442
118,234,8,13.248125,1131
10,59,18,2.782253,704
137,114,17,15.904178,674
263,23,14,17.003700,527
352,151,15,7.029191,301
176,186,10,1.784635,778
263,385,20,11.092006,312
270,71,5,18.913672,694
125,49,19,20.480777,750
198,112,10,10.035681,777
331,348,19,18.003701,233
119,394,13,12.174615,268
309,349,6,2.994192,241
382,362,8,5.100017,1051
50,301,19,11.000502,437
399,126,16,2.325730,1127
365,92,14,7.843860,734
197,65,16,13.173269,790
196,248,6,15.419566,660
71,223,15,9.336568,691
212,281,10,5.568263,295
340,168,11,14.371192,538
127,384,8,18.176830,964
37,333,15,20.229856,208
233,283,16,13.904909,115
344,338,15,16.331283,900
296,303,12,17.113138,1140
312,213,17,14.170282,459
190,36,9,11.957121,740
360,121,20,17.575840,372
258,204,13,8.545124,1075
32,331,18,16.293490,1189
74,234,5,14.180823,809
142,339,13,2.729537,914
89,285,15,19.725523,617
319,203,17,17.319485,741
147,340,12,18.745360,143
6,78,17,3.627198,713
309,300,5,9.259013,174
100,227,17,3.197079,682
374,285,13,3.161425,806
296,150,12,4.056143,116
108,299,18,4.291219,800
325,384,8,10.376016,735
308,52,20,4.622766,667
226,1,9,9.362224,981
105,300,13,16.311146,1013
359,170,6,16.536872,230
319,375,12,13.505672,192
360,368,10,0.401672,965
71,169,5,1.732232,264
356,32,15,9.922157,123
70,337,9,2.971826,185
366,20,15,4.802984,1016
48,376,19,14.548864,1156
150,174,14,13.220091,147
57,369,13,8.768965,1025
255,50,16,15.439506,1037
210,302,14,12.095723,214
398,13,16,9.939895,1120
35,349,13,18.810561,734
349,256,13,8.244362,306
304,368,15,5.485457,909
71,74,14,3.083600,227
345,341,5,13.413100,128
98,38,6,7.481035,297
309,368,11,5.819992,942
380,354,5,12.771321,607
308,307,8,12.815323,495
219,83,20,9.993168,178
150,213,8,3.523264,317
134,348,6,7.396201,134
59,29,11,0.199097,335
10,198,8,10.006117,617
328,248,12,14.205579,139
2,365,9,6.714421,225
197,49,16,19.153215,184
89,299,20,4.364504,512
298,30,15,19.987981,998
173,364,16,17.271780,858
337,67,12,4.031794,1019
205,246,12,19.784882,294
68,251,18,4.290023,615
269,239,7,15.493597,1154
196,5,14,9.546793,475
303,63,17,2.233398,168
125,244,19,15.446075,986
134,63,10,18.125149,222
176,29,17,0.806793,1188
260,54,14,5.666623,529
229,247,19,5.446301,372
342,154,8,3.840465,1038
309,342,16,7.073120,1042
356,81,19,10.578972,589
353,117,20,7.650997,912
187,1,15,1.291453,877
39,399,11,9.571265,442
398,171,10,10.478240,570
169,121,19,6.584794,877
222,38,9,4.548461,362
161,298,8,11.772134,112
204,116,19,2.635452,784
367,284,15,6.586471,988
261,3,7,3.162775,600
203,10,11,11.371569,564
112,15,16,2.700657,598
42,197,8,16.938921,983
238,187,13,13.777229,635
191,287,13,9.108738,582
118,281,17,5.094339,678
91,351,16,11.087029,633
380,184,19,12.024382,996
90,378,13,14.243540,641
179,263,17,13.727706,827
126,32,14,8.188676,573
397,216,6,3.158920,595
272,374,17,16.010308,800
140,259,7,16.480754,1046
251,180,5,13.579455,302
378,113,9,18.666995,166
91,383,9,6.431525,973
273,369,5,12.504612,164
328,59,14,9.524334,316
153,343,7,6.605984,247
32,271,15,7.480673,594
119,221,18,6.365923,1133
383,356,5,3.520855,706
375,243,11,3.088377,372
330,49,6,15.214539,948
54,268,11,5.058202,698
138,238,9,20.260905,974
32,51,19,5.863931,701
270,171,5,0.579147,451
261,123,7,11.050132,1020
20,239,15,6.439211,1043
144,204,15,15.404116,1014
214,178,9,11.066502,129
151,67,19,14.519505,642
55,314,19,0.468725,1023
112,223,18,19.527748,112
72,203,10,0.684198,445
278,304,19,18.663984,541
192,85,17,15.117792,289
87,197,9,3.304026,950
65,181,20,17.946724,151
200,44,10,3.807433,624
35,73,12,10.353308,1018
305,8,5,15.582683,791
285,331,19,14.677629,302
232,120,19,15.595354,1057
287,27,20,20.416223,173
269,224,11,3.787917,714
382,135,15,5.585050,799
395,166,17,0.486134,475
122,389,5,16.165412,657
366,361,5,4.036876,159
260,91,5,19.586625,166
370,380,16,5.300624,319
72,255,11,4.763954,955
227,129,18,19.371287,541
73,204,9,8.440541,380
368,308,8,8.977657,1100
203,220,15,11.520238,1158
372,29,11,19.561521,1188
276,57,20,6.628650,1038
376,178,12,5.731176,884
102,275,11,9.196512,402
108,274,20,12.835535,950
306,388,15,10.130003,260
345,283,19,12.936130,493
208,31,5,14.196193,240
44,125,10,18.963145,463
226,187,17,16.878631,996
372,384,14,6.142819,855
76,296,17,7.756160,807
164,205,11,12.934485,383
92,248,7,9.472566,820
249,187,13,15.807024,779
80,265,9,2.759911,274
388,49,11,13.579861,284
113,98,5,13.009051,131
193,368,16,13.429482,268
261,69,13,10.722545,123
69,78,16,15.646869,693
369,162,5,18.800028,755
312,92,7,4.291741,382
247,32,15,4.995077,337
44,263,17,6.372077,813
242,29,10,15.344981,444
271,231,13,3.931814,438
121,380,14,15.352013,573
227,178,7,5.216662,925
36,258,15,4.586028,1192
69,74,19,11.036949,1036
255,33,12,9.189885,472
12,58,15,11.657821,806
295,173,10,12.012929,412
92,235,8,4.651840,916
212,125,12,18.369374,444
83,165,9,15.540311,1070
130,290,8,16.014155,1049
394,86,11,13.188438,103
307,7,15,1.180733,1182
301,190,12,10.355069,495
225,88,17,2.243116,326
100,369,11,16.513740,770
244,370,9,7.593132,1063
142,159,17,20.176335,1005
262,49,6,1.649023,923
50,134,9,3.007601,921
346,295,15,20.165041,737
151,325,7,4.695078,579
19,23,11,1.584553,190
239,149,11,3.747891,591
59,314,12,1.446835,837
221,379,7,10.951829,1190
244,45,15,8.220731,1160
63,289,9,7.082517,385
381,66,10,19.004893,1159
368,34,15,1.078374,689
294,38,10,15.181722,1176
384,234,19,5.837916,950
183,15,5,8.009561,1079
59,194,11,13.623820,212
319,29,10,0.393360,699
99,326,16,3.325824,340
334,216,12,14.584726,1070
377,31,15,17.767255,387
330,57,16,9.142056,415
12,174,16,2.712132,964
102,382,20,11.128114,195
13,237,17,9.678471,288
312,6,5,10.119067,383
70,24,6,13.153808,1110
82,359,15,6.804698,732
391,93,19,0.288003,384
298,320,8,17.372794,482
34,228,9,6.215993,305
205,394,14,13.229266,935
209,46,8,1.769891,294
190,125,9,14.169775,1122
367,69,16,18.571141,1101
258,241,10,6.105262,671
24,377,8,16.713303,284
151,13,6,18.083513,861
261,222,11,8.664885,1147
168,96,17,15.462085,929
166,160,5,4.405399,757
194,385,17,13.640946,1004
196,68,9,10.760874,515
40,104,14,16.724538,233
164,19,16,10.935697,834
26,240,15,9.629783,574
249,387,18,17.345643,489
159,109,20,16.014942,1081
141,292,17,17.412395,254
309,202,15,11.479298,911
179,102,9,5.214704,201
86,106,11,1.597737,979
119,6,7,2.638970,844
79,310,15,11.366042,653
250,359,15,8.636163,950
198,316,17,4.286394,627
136,273,8,9.967622,493
53,145,13,5.240525,858
86,95,11,18.889228,295
264,157,17,19.481303,227
124,96,11,15.062604,897
369,185,7,1.322182,869
387,170,12,16.457447,1069
176,49,12,20.344171,1188
41,25,15,17.321023,728
177,150,6,1.757193,354
165,54,19,20.230316,1147
249,263,15,6.236188,681
265,46,20,13.700815,639
397,283,15,2.683747,154
2,36,5,8.500781,775
334,251,19,15.302869,1178
158,9,20,3.312550,144
121,49,12,7.110771,617
336,339,17,3.901814,1110
228,311,9,2.893397,675
141,252,18,13.735913,440
353,333,19,3.036235,566
198,301,18,9.345752,374
80,392,6,14.817069,1018
130,321,14,16.261902,1009
256,297,16,0.611679,653
80,181,10,18.051638,1057
11,75,12,17.338345,939
307,311,11,15.614071,873
80,76,5,11.953884,574
327,314,11,14.868167,190
67,107,16,14.435971,528
18,231,14,10.380957,189
173,254,8,4.370177,813
116,175,7,1.357952,926
361,146,9,8.441964,648
377,255,13,1.359886,164
0,83,9,7.476738,386
397,3,9,6.676170,463
208,326,11,14.896536,328
314,272,8,0.669924,1177
78,361,13,0.931484,828
298,301,11,13.413587,1160
319,236,12,13.651437,461
245,40,5,18.952768,924
141,219,8,2.770019,1002
191,31,17,19.354986,186
112,19,17,4.344461,955
339,190,8,17.624541,577
156,281,7,11.870134,139
66,393,12,19.358481,1088
197,226,6,5.533883,153
19,42,16,7.334823,536
161,381,18,4.834612,598
198,338,17,1.868829,650
8,109,9,14.020919,569
51,183,6,20.321425,1058
162,2,15,1.281373,373
240,259,13,19.288601,720
65,79,14,7.995630,372
247,229,6,2.114644,626
4,56,13,1.372410,179
80,338,16,6.706485,489
108,207,10,8.589755,490
246,165,18,14.488333,1134
357,132,15,3.966911,1195
99,332,5,17.520560,371
321,83,5,3.980134,684
349,247,13,20.240309,1144
68,127,14,0.494773,771
115,82,8,11.330190,562
113,275,7,10.179609,281
364,278,5,16.654151,1021
260,24,20,11.696611,570
321,2,20,0.703986,430
213,214,14,14.168952,1138
264,94,8,0.345843,1118
325,103,13,9.772748,423
138,64,7,18.438489,259
1,291,9,18.507717,649
371,81,8,8.780255,1035
187,208,11,7.200871,1121
84,146,14,14.014998,382
69,242,19,3.060809,808
12,111,15,4.014143,1199
317,103,18,19.566644,352
185,95,5,20.012748,852
75,332,12,3.072333,508
241,68,16,1.300426,1114
233,356,9,15.371667,1029
293,83,7,8.150726,334
78,193,16,12.133089,320
199,333,19,9.255775,544
83,337,14,0.224574,433
68,230,11,12.480803,802
164,186,6,5.654001,562
26,58,11,2.699031,1174
268,368,6,19.725505,907
24,123,15,14.023570,689
297,93,9,2.415602,763
239,14,18,10.223348,997
269,286,12,17.571389,307
366,371,20,19.492649,694
321,179,19,2.373612,893
182,239,10,0.319960,850
151,290,12,0.006788,798
237,188,8,20.067476,1022
322,165,6,12.068416,778
3,222,5,1.787893,245
292,31,8,3.666118,872
211,381,7,16.935613,187
326,26,20,17.634006,254
301,99,13,5.030976,174
286,47,16,10.535046,1120
328,261,8,12.000695,733
233,135,5,2.592250,321
133,228,8,11.403961,190
3,367,5,20.001419,523
310,22,10,0.366483,211
292,346,16,13.903064,262
200,51,10,10.390165,473
23,148,7,15.301431,1167
128,84,8,12.392405,430
240,203,8,3.871014,523
345,184,12,12.673533,1005
363,96,15,4.591183,138
138,178,7,6.494765,502
370,9,11,4.876228,127
123,192,18,2.225404,674
78,394,16,18.394148,267
178,168,18,13.902429,1079
55,302,11,15.550008,604
93,369,15,13.050579,403
141,249,11,17.340045,731
302,113,5,8.579202,184
31,325,17,8.854313,993
97,175,16,18.255999,155
43,242,20,10.568669,1182
399,378,7,5.943800,615
205,97,15,15.690796,680
107,379,8,6.076602,639
339,144,15,3.325783,445
294,186,8,18.703749,716
290,345,13,5.023219,731
36,154,10,10.800545,1043
323,24,17,4.201640,265
344,284,12,9.825713,404
245,37,16,5.860113,699
81,284,16,14.838415,185
84,359,19,0.131071,187
60,223,14,10.574976,987
255,368,16,5.658756,523
145,87,15,19.392313,929
345,328,15,2.290310,919
247,151,14,0.251043,583
373,199,20,1.219741,400
45,125,8,16.241192,202
60,70,11,18.313341,377
362,399,12,12.810041,876
357,321,13,3.251367,796
289,40,20,10.035844,987
352,118,9,13.586935,973
334,306,14,17.282052,717
10,20,10,3.638718,881
63,61,7,14.210331,402
328,336,15,7.084548,557
328,9,13,10.535149,169
366,337,16,12.764365,768
50,180,13,9.305415,615
332,220,16,15.489079,701
33,335,12,3.889867,110
164,257,13,15.494213,295
294,291,12,12.951380,998
154,275,16,4.301612,662
337,356,11,4.430633,291
25,139,16,8.888214,974
320,139,5,6.369282,377
175,383,10,2.143179,186
54,395,6,9.533853,841
334,359,16,20.090974,1036
128,74,5,15.239896,258
21,375,14,18.978938,1111
272,309,16,12.403197,294
151,333,5,16.251690,589
214,83,7,10.415486,367
22,72,18,8.188763,802
10,235,19,20.100530,618
173,23,16,4.852354,584
323,96,10,14.213571,852
295,193,10,6.734393,300
264,262,7,16.489522,717
198,129,8,19.030700,361
90,139,20,7.542672,513
377,270,5,18.482983,914
275,398,12,5.434069,1106
245,371,16,7.379372,409
273,359,18,14.543394,829
51,321,11,5.540093,949
158,203,13,7.381950,718
242,316,5,3.920271,945
15,149,12,7.098237,794
118,1,13,16.383660,836
297,111,16,5.059424,719
112,192,9,12.730005,165
389,197,5,13.347609,1008
160,15,7,7.723474,311
310,185,16,15.769438,852
120,185,13,6.269035,271
86,375,14,13.139825,1098
116,131,8,17.912488,188
85,242,8,9.416854,814
103,254,10,17.132241,362
78,44,13,16.733781,503
39,85,15,4.642979,1053
332,158,7,12.034857,595
156,293,12,11.786817,629
26,34,15,14.847031,172
217,1,5,6.887280,925
252,228,13,11.587007,782
296,242,6,13.012767,147
326,267,18,19.947211,581
178,184,14,0.352969,524
141,43,8,18.383873,998
295,132,10,3.727037,1053
292,264,10,3.760263,719
175,17,7,7.336664,378
100,206,14,10.021696,474
217,75,9,12.718909,900
115,382,9,1.873089,611
49,380,8,1.732218,161
131,359,8,9.889608,345
352,219,14,1.062522,523
52,71,15,16.378103,365
307,295,15,0.660417,281
291,245,8,17.268431,143
121,225,15,13.772755,1049
302,226,8,8.703533,138
110,107,5,12.480969,794
205,22,20,2.283116,1002
296,142,15,13.658328,214
96,300,10,8.380412,1168
310,4,15,15.892655,560
45,365,15,4.137542,101
178,362,19,6.117304,660
175,43,15,6.166357,904
227,364,6,2.890639,168
172,118,7,11.549604,221
201,57,16,2.709845,955
30,112,15,12.100672,844
211,209,5,2.423875,327
312,315,18,18.770739,291
224,365,16,1.356517,1113
361,100,14,12.553407,1013
275,31,6,7.436096,986
131,232,13,4.650367,501
382,165,8,0.589478,1035
185,239,20,12.858292,239
98,190,16,10.609839,1104
170,220,13,7.454012,1005
306,153,12,17.556360,695
171,161,13,1.849075,513
115,130,19,3.455423,528
233,157,16,13.647709,161
168,176,14,19.991095,756
182,377,10,17.308106,730
341,14,17,8.473093,169
288,120,12,20.082030,798
362,139,19,3.906975,206
39,111,7,10.995350,380
136,54,14,17.450827,316
251,267,8,4.915112,1038
71,174,5,2.222514,100
155,68,19,6.209246,1129
193,169,10,15.326020,121
139,398,10,16.260500,379
29,197,8,3.768806,997
117,354,14,10.387015,784
368,318,15,15.149666,281
143,326,19,18.253926,488
361,267,20,3.057533,533
266,51,13,16.070027,327
316,239,6,12.880868,893
273,48,17,19.390150,1009
142,232,17,11.811447,128
165,59,11,10.622944,880
43,211,6,0.212225,986
133,267,15,9.788563,809
290,121,8,4.081229,342
97,199,10,14.067811,842
226,153,13,5.557837,777
125,41,20,16.768475,528
331,235,19,16.543519,325
45,3,15,7.717522,669
179,352,20,14.473999,1126
125,136,20,12.863645,301
210,71,15,17.682216,846
200,108,15,19.943027,289
18,329,12,8.254773,875
301,238,11,0.615266,936
249,87,19,0.545552,320
210,318,16,8.142252,310
321,374,19,18.557176,531
320,93,5,18.465886,1090
103,293,17,10.142300,427
308,216,19,15.317737,131
175,138,8,14.955047,911
55,151,6,9.544582,871
310,380,13,14.579912,702
236,95,18,3.609518,134
318,4,20,18.399802,651
94,356,18,17.103097,418
3,343,18,1.644356,677
166,355,12,3.295410,440
35,17,13,2.647178,1124
368,12,14,18.700437,386
298,329,10,12.847699,1094
347,371,16,15.395895,231
354,62,17,11.905885,1086
35,11,9,4.557273,345
1,297,10,11.365520,797
274,247,5,15.582246,233
317,316,15,11.771558,330
153,281,13,0.856664,913
92,290,5,14.519079,992
77,98,20,17.509085,1105
99,193,10,16.765270,603
348,397,17,1.369633,204
384,221,5,14.801871,249
168,298,5,6.025014,1182
236,89,14,1.183470,342
365,371,12,2.564704,1186
310,195,12,9.874272,1179
228,113,19,18.873500,769
173,327,9,6.243433,927
1,367,8,1.216753,786
51,50,18,9.724793,487
113,242,7,4.391473,230
29,229,14,16.178074,655
133,18,8,3.602932,856
258,57,14,5.673533,1191
387,292,5,10.298033,589
315,176,14,3.193005,208
339,34,5,18.224588,340
292,107,8,5.394453,769
270,131,18,0.297933,902
141,189,13,18.663329,786
294,107,17,17.927929,1098
26,63,17,1.663752,854
23,17,14,3.034805,1068
361,12,12,4.062350,605
313,398,16,12.316464,499
355,41,16,18.469945,375
39,363,17,2.328006,596
357,180,20,5.546441,705
147,322,17,20.283539,986
60,109,11,16.813352,136
34,17,13,13.713755,179
221,84,12,6.207400,260
242,210,13,5.893852,272
173,370,11,19.903881,981
199,152,9,7.988700,558
292,211,16,0.899166,946
261,385,16,19.578485,501
269,339,11,14.181028,520
40,117,11,0.834320,589
209,329,18,10.351670,1094
167,225,16,1.642975,406
386,308,5,13.285152,499
153,82,5,13.354300,566
348,204,18,11.061339,437
318,19,10,13.304899,694
113,177,6,10.222954,913
372,94,12,2.560446,194
94,33,19,6.495734,1062
216,115,14,18.870332,705
76,40,7,4.732144,1184
261,31,12,4.939411,1125
131,361,19,18.849880,1058
241,76,20,10.215199,860
355,11,5,17.536704,889
108,88,10,4.611714,302
185,201,10,1.474823,650
318,7,8,2.960527,1078
387,293,9,2.229420,657
125,7,19,20.180956,337
253,383,11,14.164808,668
306,195,18,18.508162,518
140,334,7,9.497458,320
174,66,7,3.006006,453
279,118,9,9.745315,600
280,39,16,6.517144,1079
375,143,11,16.057414,711
380,138,17,16.575083,837
257,219,10,0.049649,480
45,87,11,12.560863,648
319,40,17,17.626838,154
262,235,19,8.387360,1088
162,364,18,1.182627,255
74,317,6,1.336587,1053
31,141,5,2.009596,1018
159,243,8,3.826003,454
278,111,7,7.428078,239
181,259,20,4.053995,547
317,315,9,1.332547,1075
70,274,11,16.497928,680
269,46,11,0.051893,1177
340,321,20,1.708565,157
175,318,19,18.682257,431
56,170,18,16.252982,806
149,397,13,12.700618,766
257,116,14,10.956409,522
234,22,9,1.727718,121
207,374,16,19.622103,565
50,276,8,19.548294,832
18,102,7,18.592521,134
274,317,5,13.733041,588
314,3,16,13.037044,869
121,78,6,6.726538,663
230,344,17,14.566480,835
325,398,10,4.317356,305
42,32,14,10.724127,224
11,142,7,19.522689,811
175,15,20,19.914339,104
321,52,5,1.904463,1119
57,225,20,0.471924,114
172,113,13,12.689260,745
365,148,12,10.465834,315
135,45,11,13.183232,605
296,53,5,4.886200,832
173,78,14,6.207048,1041
320,395,20,14.734222,337
220,131,10,8.436563,316
178,228,15,9.699943,450
339,155,6,12.437223,621
363,351,20,20.410873,541
392,83,9,18.665862,1118
8,99,15,19.593651,975
282,290,18,17.656105,436
244,91,14,13.522623,771
76,390,7,15.609248,106
68,364,20,3.509895,594
193,325,8,10.193187,316
214,161,20,18.116417,228
318,345,16,2.145543,421
270,216,17,9.995640,465
74,15,14,17.225040,426
252,173,9,0.315051,837
234,362,10,14.411432,600
23,130,7,2.823649,996
74,285,5,16.477578,1091
18,379,8,0.008269,903
77,104,6,13.891414,1162
330,144,19,2.523370,174
75,323,8,18.605094,116
271,84,5,3.368460,1141
368,41,20,8.986991,629
310,298,7,10.773247,658
233,155,10,11.924233,366
262,303,5,13.047222,725
232,369,5,11.056927,611
390,33,10,2.516922,1104
221,283,5,13.872267,391
341,263,8,14.132324,883
89,390,16,4.137860,671
327,313,17,5.946602,695
299,295,19,17.077705,697
82,111,8,12.649228,950
319,19,6,6.068350,431
357,139,17,16.266601,713
3,226,6,12.408702,1130
38,92,19,19.415695,752
324,235,9,6.841067,445
46,369,9,19.834492,697
268,272,14,5.537274,794
78,181,13,15.446291,509
389,255,7,4.903168,285
186,289,19,14.604485,402
120,79,5,11.073468,606
10,41,15,13.976974,246
358,153,16,5.381676,697
44,351,13,2.678375,184
220,329,17,0.900586,945
390,335,13,12.075760,1034
361,141,15,6.655442,1055
272,51,20,20.104296,1198
105,213,14,11.466174,1057
30,385,17,9.810811,1020
159,207,12,5.276130,407
40,341,17,15.365212,942
55,137,15,8.458301,795
325,309,16,9.231470,1046
273,17,12,4.669573,372
175,260,9,19.660697,723
222,90,11,6.358456,248
294,195,8,14.473655,361
199,312,18,9.869871,216
396,150,17,9.189608,188
352,63,19,12.848400,985
197,302,6,0.761624,801
221,260,17,15.141079,389
234,98,13,18.868306,770
113,314,11,3.475855,560
29,225,20,6.239794,377
294,14,16,5.319092,854
389,73,20,3.983143,1168
214,158,9,6.084915,335
234,87,19,5.353991,409
328,47,14,15.019046,205
72,284,9,6.827466,397
17,128,17,8.617225,300
291,173,15,4.707571,1041
298,20,11,10.604589,1104
379,332,10,12.834593,142
178,18,14,10.865033,346
313,363,10,3.657211,127
209,174,18,19.231033,460
278,224,13,0.719805,380
164,223,19,18.234698,178
76,148,7,7.361759,563
298,6,14,16.980747,101
121,40,14,14.817245,242
80,128,12,2.911259,986
354,52,18,15.653908,571
50,39,6,4.452630,1049
286,384,10,18.214136,789
89,303,7,4.134788,824
227,220,12,19.321721,976
64,366,15,2.723637,885
183,340,5,12.547652,1146
84,107,13,7.222122,206
73,118,14,9.615161,994
28,294,9,19.476804,1162
364,117,19,8.296728,470
49,122,14,12.925189,581
387,222,16,4.530106,1198
44,273,12,1.422842,1038
363,240,6,18.231344,200
375,309,20,13.426037,360
246,154,20,13.628721,357
115,136,7,18.791238,302
239,236,12,9.096169,654
239,312,6,7.178024,135
311,85,13,11.517741,834
388,212,6,1.598311,788
330,32,17,14.893312,857
142,168,16,18.916346,545
17,143,13,12.999630,283
2,155,18,7.666102,843
106,241,18,17.393137,1093
123,14,7,15.698422,333
113,145,7,13.754844,934
242,355,14,18.002279,573
114,13,16,4.081847,922
219,154,5,15.311342,1066
99,23,17,8.300177,715
169,280,12,5.357994,650
300,241,14,15.788750,423
317,88,13,2.801512,978
181,386,13,19.624280,578
190,321,6,4.229766,768
162,116,9,18.184317,710
87,120,16,15.617249,824
128,275,13,17.307914,844
139,38,5,19.049140,420
105,233,9,8.821263,601
181,44,20,3.239977,872
75,174,19,13.647234,892
276,278,7,14.266026,1082
399,350,10,9.318640,164
261,37,15,3.545124,386
242,22,7,6.674410,529
63,341,8,5.464710,743
386,23,11,0.386047,894
208,144,13,17.648110,696
268,238,7,9.698663,696
304,196,12,3.916276,894
35,289,10,17.782246,853
362,354,13,4.269499,1078
282,115,14,9.732180,249
129,307,10,18.412399,1154
106,331,15,9.235188,904
12,155,6,7.074849,1083
73,52,5,6.897933,137
164,155,12,17.401686,686
372,300,16,6.038241,962
96,231,9,4.106549,319
226,197,8,1.444879,935
56,157,20,18.172534,287
357,290,10,8.825124,623
185,23,8,11.443106,870
31,234,12,12.082987,302
300,231,10,14.057756,1047
371,43,13,0.037057,808
300,131,11,6.431287,820
172,195,13,4.400311,466
261,186,7,0.323746,748
325,135,13,11.684206,312
289,104,5,12.930084,328
59,79,9,15.937420,609
219,221,16,4.369262,686
62,350,18,13.080494,385
135,194,18,0.714084,475
38,135,20,5.819504,206
169,397,20,14.293103,1069
220,323,19,19.956561,835
194,392,18,20.154921,356
269,229,9,18.976151,940
115,40,20,1.277055,997
45,240,17,16.543990,511
119,55,20,16.611683,217
211,234,10,7.243847,524
88,254,6,2.644869,1196
228,96,7,10.843240,435
205,387,16,18.655032,636
330,324,9,0.122386,694
10,49,13,19.600893,586
64,129,18,8.621133,966
139,307,18,1.248233,432
356,164,9,4.951726,151
290,61,16,11.823625,264
184,85,9,17.905504,801
143,226,20,18.058172,603
270,67,6,2.369262,1024
104,254,7,9.360777,1132
248,113,11,12.969487,933
183,153,15,5.603171,208
382,88,15,0.830615,991
203,380,10,9.470370,938
186,182,5,7.707955,337
79,367,14,20.419860,944
274,190,11,11.730067,111
194,31,18,10.270159,523
189,118,15,4.599093,499
266,214,16,10.637452,239
256,353,9,8.526442,831
102,342,10,14.009815,574
272,0,17,16.967646,510
79,214,5,6.708992,818
362,137,19,12.572424,861
150,21,16,4.854628,433
255,59,6,7.074442,1068
325,260,16,5.108732,432
55,247,9,12.806883,1140
191,328,19,16.548157,933
275,10,6,14.679821,1066
283,139,9,12.200258,289
156,273,13,16.657368,750
344,332,11,12.535765,1106
149,131,12,4.323508,1103
22,93,8,8.362921,620
122,25,18,11.902786,161
124,256,11,10.192291,1165
150,61,15,14.624919,1084
195,187,9,16.298281,193
209,125,6,1.110870,729
57,81,8,17.229704,375
145,74,18,1.731474,682
183,190,5,10.745865,587
110,152,6,2.799106,810
109,227,6,1.052699,1014
233,121,19,7.210791,1027
226,21,13,1.498449,712
380,112,8,13.550196,479
113,91,7,9.504597,1158
256,166,7,7.281239,227
10,351,20,1.498480,707
311,306,9,5.610369,930
312,96,6,7.666964,157
127,170,8,19.571695,787
394,248,14,10.503906,498
390,379,10,17.682177,225
303,33,8,6.726364,1156
362,196,13,3.501229,617
94,32,13,7.833528,881
269,331,14,13.229806,553
355,194,18,17.682332,701
258,385,11,7.342777,929
147,367,11,13.953101,436
22,56,17,16.966865,580
167,309,7,17.969917,725
368,186,19,18.922659,961
47,312,16,12.424409,340
253,70,18,19.359718,727
142,384,15,4.675026,426
268,71,18,8.775866,458
32,15,7,20.095340,903
270,194,10,10.879628,965
175,37,14,12.691441,390
25,126,17,5.221402,937
219,388,13,7.940965,302
343,166,19,2.622104,421
357,359,13,14.806272,1175
54,180,7,8.177096,194
399,48,17,17.292982,398
381,112,11,5.167686,1085
361,232,5,9.199967,431
61,282,20,2.700160,1098
126,30,12,6.105967,520
247,117,16,4.278333,361
169,284,18,18.856694,274
42,207,20,15.606868,117
324,342,19,0.579140,724
237,144,19,16.909512,788
397,31,20,10.964129,1005
214,148,20,15.696295,628
392,113,14,2.549629,226
10,133,15,13.455941,1058
71,385,15,1.191243,800
212,104,11,4.530306,862
53,365,17,0.192259,234
18,88,8,0.965580,511
272,285,18,2.366234,940
344,187,17,9.400405,1013
197,20,13,18.616926,982
299,63,19,10.421221,725
280,260,12,13.404146,562
396,171,11,14.941599,892
73,99,19,4.411358,414
361,189,5,4.199494,363
230,89,6,14.980227,137
109,45,5,2.627347,1080
94,130,16,16.982180,918
139,336,17,3.792768,912
69,286,9,16.038489,111
58,343,5,20.056807,623
257,319,18,9.720875,743
23,55,8,8.311350,659
361,47,5,6.196398,811
171,210,17,4.905092,814
223,324,5,18.348914,787
265,369,16,14.061537,206
356,3,20,3.094645,858
104,324,13,17.225398,921
31,258,12,9.445177,864
210,345,19,7.052879,1151
140,311,15,13.792304,570
155,127,20,9.265899,650
359,363,11,3.441012,757
158,84,14,10.163609,838
287,94,9,8.438933,350
102,270,5,7.454917,787
92,27,15,19.731977,1018
102,245,7,10.033030,553
389,298,16,4.332700,1025
113,63,6,16.883711,1040
85,132,13,13.891688,422
57,192,9,0.385185,388
92,220,10,11.969611,762
97,192,9,14.742811,851
326,37,10,17.976100,1058
60,101,7,3.709487,615
9,78,7,15.447818,1050
398,93,9,2.737078,1122
194,176,17,6.843618,548
156,68,14,2.953293,890
288,29,15,16.395129,579
231,126,13,2.296551,755
219,144,8,8.695668,448
12,26,9,17.495567,1108
363,388,19,1.461400,637
161,223,11,10.537589,522
399,22,12,8.456721,240
192,161,7,8.114935,584
342,310,8,14.188043,639
234,153,12,5.094661,275
97,44,11,8.222419,1044
277,311,18,5.458088,113
106,389,20,20.238336,511
68,206,17,11.478287,287
176,302,11,4.618343,291
192,129,13,0.502068,166
354,65,12,10.015392,1194
11,331,9,16.398932,1044
366,104,20,3.880390,737
258,130,20,14.411093,469
59,65,11,7.932067,617
56,289,15,4.072212,578
236,315,17,5.270033,834
363,108,17,3.744267,149
141,8,12,16.901674,512
398,175,13,0.418087,558
334,333,16,8.620659,501
304,33,7,2.824326,1047
158,375,17,1.250321,823
307,221,16,3.455896,1044
138,223,12,8.383596,933
77,265,6,1.724469,1129
266,66,15,10.174131,176
21,196,5,18.074913,165
110,216,6,13.278110,638
337,319,17,10.525599,902
212,218,14,0.610147,445
21,285,6,6.466184,387
163,209,5,5.396299,421
7,172,15,9.964507,993
384,131,12,8.013620,585
3,121,13,5.302630,1033
320,251,18,17.776217,664
75,162,13,7.098636,1087
113,71,7,14.035674,458
396,133,17,17.600456,816
222,191,15,7.018306,325
145,246,11,12.207347,313
208,65,7,9.163196,504
364,23,5,16.080349,289
197,296,12,2.805870,128
75,213,20,13.216616,768
290,398,11,0.462096,300
144,83,17,13.581366,791
90,325,6,19.745879,587
207,114,10,10.375835,652
344,271,19,4.189428,1041
117,172,15,17.337850,142
136,361,12,17.117137,1120
0,185,16,9.521911,876
72,142,14,14.796067,698
292,320,20,1.985761,856
268,145,8,7.037602,278
157,182,8,13.182116,316
313,297,19,3.075965,960
79,326,20,1.169815,890
218,75,12,10.395612,328
378,134,20,16.855810,470
181,228,12,11.718276,1177
202,356,15,10.358691,995
122,130,9,20.439522,665
21,350,8,8.973711,950
333,143,13,3.955853,395
261,74,17,12.115563,791
8,30,19,15.997811,666
59,137,10,6.013230,1055
369,251,15,5.552927,369
106,272,19,18.906817,694
310,143,5,13.298520,168
217,148,13,16.940263,830
160,229,13,13.772402,888
33,219,5,2.591111,1192
254,375,18,17.958960,458
163,194,16,20.048799,189
365,131,14,10.739902,553
174,142,12,13.228941,672
48,128,8,14.073328,999
244,125,5,14.983592,1031
384,17,8,7.639150,961
197,213,12,0.115113,425
311,289,19,19.248559,921
131,334,20,17.591036,122
172,79,10,2.678468,390
199,112,13,4.359933,105
391,166,18,16.624732,974
290,153,15,2.170435,449
322,238,19,5.474254,843
18,105,9,3.266918,1174
88,6,9,11.513873,1146
72,135,9,15.485641,531
6,143,13,12.350785,331
388,81,19,2.135180,1031
366,260,14,8.231835,407
145,364,20,19.561894,679
117,204,9,17.297496,897
250,38,17,7.044414,221
280,109,16,16.632152,543
239,203,15,14.340206,949
394,54,13,11.841715,665
58,250,13,14.888654,192
241,339,10,2.495819,659
143,18,5,17.813013,653
255,377,13,7.510946,329
242,184,11,16.840073,532
242,289,19,6.903108,231
270,255,18,12.638807,841
116,363,11,16.584961,318
351,172,16,16.163096,151
282,371,7,0.767469,319
159,138,12,8.790673,1156
140,229,13,8.899248,1001
218,54,18,3.550587,249
247,29,5,1.955798,922
267,153,12,18.332769,918
143,367,6,12.462661,134
123,10,14,6.547138,463
6,256,17,14.595535,560
273,317,15,17.356362,284
341,41,20,20.101758,1151
83,195,20,2.401982,650
13,69,13,19.299665,1000
162,206,6,6.471222,577
320,92,14,10.687149,424
288,208,5,1.962555,1189
357,107,14,11.475495,990
344,6,17,3.308182,193
394,222,13,2.020484,412
260,252,15,14.046585,1195
175,94,13,11.648395,455
192,88,5,7.257221,618
192,307,18,17.774173,1044
251,306,20,6.059603,425
373,166,18,12.454146,322
94,194,20,11.896930,698
332,386,16,9.634543,823
12,355,13,15.094157,805
209,53,19,11.230944,811
288,370,6,14.156658,285
270,285,14,0.076729,256
297,119,8,7.752102,706
45,70,18,12.678294,923
365,227,15,17.479320,723
228,260,20,3.901322,789
38,271,19,8.563128,880
342,172,12,19.345067,1171
78,171,8,5.573029,1122
342,204,13,12.549335,400
278,106,10,1.227305,1161
60,137,8,2.799465,215
208,146,12,9.136195,558
151,81,13,7.383831,951
83,159,11,16.831740,762
82,253,11,16.338679,367
278,212,7,3.561372,422
320,356,12,13.013308,831
56,48,16,14.469343,1099
323,227,12,10.311233,297
56,229,20,12.468530,115
364,245,17,11.175316,455
297,151,12,15.310244,351
76,1,12,11.331930,458
297,78,20,9.371278,1164
258,203,15,15.231381,865
65,119,13,0.643241,226
145,207,17,7.524412,512
280,292,16,19.265843,783
9,131,17,16.537682,392
389,61,14,12.312074,818
318,353,19,0.706926,894
266,147,9,13.433805,455
297,134,5,2.904658,942
191,119,18,1.708603,604
305,386,16,19.410981,478
38,207,7,11.270210,585
148,199,8,9.497724,933
316,96,10,14.896360,920
205,144,15,6.172950,697
388,117,15,8.146821,808
77,363,19,1.510089,1019
334,184,9,13.410210,290
238,298,16,8.421574,527
224,265,13,9.316813,971
237,156,11,14.285695,255
167,326,6,6.864224,415
261,358,11,18.637598,449
390,8,5,14.333033,904
62,292,14,3.552322,282
271,365,9,10.109551,942
306,98,5,0.328886,258
154,70,20,12.200040,243
75,397,15,5.402272,242
370,68,6,20.212948,570
9,175,10,13.254582,1157
224,188,11,4.371862,1044
359,328,18,6.788378,986
373,165,5,15.213915,951
68,34,9,12.273756,1055
326,9,9,13.565026,284
50,254,11,19.726603,188
78,261,5,9.847565,488
228,179,9,18.719843,303
238,374,18,13.275581,1135
265,381,20,18.325444,453
53,160,5,10.721883,124
341,313,6,5.726467,917
364,81,19,0.665907,720
240,374,16,15.069002,634
381,122,17,19.867468,743
11,344,8,4.996156,225
297,283,9,2.558659,670
184,115,5,1.029568,976
115,195,9,18.880685,234
392,367,12,2.809662,1060
188,335,11,15.336133,105
186,195,16,8.164509,1103
52,34,9,13.471732,157
80,390,5,15.857209,213
363,221,5,15.882048,763
341,16,20,12.422498,693
71,85,11,8.103798,693
202,85,17,18.226601,967
264,69,7,6.908728,821
253,55,7,5.658386,588
239,341,17,19.565181,765
184,299,19,7.457065,184
16,246,9,0.686565,246
351,298,20,8.586423,730
151,18,5,13.433922,1186
1,343,19,16.359394,516
112,72,16,8.021209,1030
163,312,15,19.395597,406
325,146,11,15.859921,991
336,224,18,5.992264,537
374,324,6,12.142959,451
318,241,18,9.349047,725
363,191,16,15.256483,732
382,233,14,12.889683,786
369,5,7,16.486263,1039
218,159,11,2.831325,467
57,66,17,16.168785,288
28,308,19,7.389597,775
220,291,17,16.438900,245
150,180,16,16.243661,675
116,93,9,17.815990,330
352,155,12,12.012214,388
253,237,15,18.473303,385
283,2,8,15.202347,595
97,255,12,3.074746,801
60,203,13,8.771014,770
168,204,17,18.487714,651
163,12,17,6.918874,236
393,52,11,10.577465,1084
364,244,12,14.890472,101
155,216,8,4.597125,570
235,125,9,12.323481,212
5,283,8,10.024596,944
314,189,12,11.826291,392
277,16,12,6.011091,254
303,26,11,10.368530,640
378,29,20,9.976080,665
110,176,20,10.987662,641
134,399,17,18.981069,120
304,297,19,6.228349,236
17,343,6,16.502228,1052
210,287,19,14.228703,1083
17,232,5,18.606642,435
117,246,19,5.028688,1013
379,322,9,14.598659,1152
310,358,13,13.929511,386
153,18,15,9.331513,668
389,315,5,3.877387,545
56,116,19,15.314570,217
215,108,7,1.113187,596
3,339,14,2.927454,195
277,106,13,12.783066,514
343,306,16,5.095781,813
228,309,17,13.057587,890
122,6,7,1.630668,439
1,11,13,7.944744,160
238,109,12,0.193120,230
317,334,20,0.511033,1013
280,158,7,19.958872,407
314,202,14,15.522860,937
105,144,18,5.394696,255
392,270,13,9.180666,490
360,270,12,18.553389,1118
207,88,16,2.131182,208
150,177,18,20.000623,820
9,354,10,7.038953,494
0,65,13,12.620249,1146
322,108,6,17.157133,1029
305,152,20,11.403056,375
275,207,15,16.760712,1111
78,280,18,12.524832,486
318,264,12,2.655043,1171
185,259,5,11.161561,764
375,44,9,18.607040,692
353,313,11,14.992549,559
38,239,16,9.964538,722
286,170,19,3.126492,658
205,104,9,8.649706,610
122,228,16,18.770153,487
66,291,16,13.727070,824
235,397,17,6.491229,529
368,259,15,17.689173,1181
155,53,18,20.428903,568
373,331,13,15.331895,366
95,211,13,4.252537,837
97,375,9,3.162457,695
176,45,12,19.120744,229
270,390,16,18.718664,391
206,377,8,16.076042,778
359,98,18,13.467077,168
184,297,20,7.503461,981
256,60,9,15.365372,713
309,284,19,15.201302,449
62,179,12,13.798764,1145
372,161,10,15.289988,543
394,191,12,16.020093,855
255,290,18,5.172975,912
77,253,17,17.647924,1183
376,218,13,20.310514,1000
153,228,15,9.497325,609
335,184,6,3.615092,445
366,173,11,4.589003,772
241,109,10,4.703333,253
243,101,15,2.118680,438
269,98,5,18.815336,618
160,22,14,14.014237,571
302,62,17,14.292469,357
40,229,13,5.886608,1084
346,324,8,9.457965,331
356,392,18,19.389147,782
63,175,9,19.166811,705
164,389,14,7.823004,212
277,181,8,1.649606,990
365,392,13,8.342650,956
199,225,10,10.850322,834
243,316,6,6.086904,380
89,26,9,10.924678,1145
343,33,9,3.658882,807
33,389,16,10.680893,501
9,142,16,7.276578,279
264,221,12,9.284382,964
181,219,15,16.487209,603
303,32,5,2.370315,622
113,398,18,8.818721,188
258,314,6,19.681814,394
7,23,7,2.493434,864
47,49,14,11.882731,418
176,294,20,13.503807,518
49,178,14,1.789591,190
311,341,20,3.570306,974
348,198,18,14.055728,736
337,43,17,10.508543,940
90,173,9,11.499655,1187
35,7,8,0.551832,1122
353,327,18,3.365505,260
142,247,12,13.866329,927
252,135,16,7.264454,166
377,142,9,3.227042,539
0,23,19,7.683552,152
103,109,10,5.125768,1127
272,136,13,19.043646,522
355,183,17,13.386935,192
102,337,7,5.788135,1169
97,128,11,6.613048,540
50,265,12,16.742668,136
87,327,8,17.476192,1096
44,227,19,11.783980,897
260,341,14,16.266739,197
178,37,20,1.980169,545
22,12,6,5.724202,833
260,15,9,5.556188,909
322,336,5,12.113080,255
291,243,7,20.091385,1102
83,161,15,6.543015,177
288,301,6,9.991016,700
361,185,8,20.385614,1093
43,111,15,2.690742,651
50,103,19,13.947916,452
275,291,9,0.953168,634
398,259,15,17.739424,583
10,394,5,0.823603,985
21,253,9,17.317144,944
136,388,5,16.991301,166
273,51,9,8.513691,826
71,220,10,1.820478,1104
52,197,7,9.140951,689
177,395,7,2.699303,755
357,189,9,0.742664,1007
13,319,5,11.826069,779
140,357,10,6.251803,450
224,133,9,12.232122,977
74,351,6,10.819135,845
83,294,14,20.416002,184
383,219,14,6.638611,991
237,344,20,14.479086,120
81,195,18,16.724155,963
222,31,11,17.442232,967
70,285,14,11.438089,204
339,177,16,5.658151,1132
259,350,11,0.552755,764
357,17,9,6.621916,323
155,164,20,12.130824,510
263,42,14,1.354637,982
117,286,20,18.701725,176
186,161,15,9.251226,164
184,363,10,16.932375,1045
53,267,8,12.617532,537
121,90,8,12.170960,1188
342,76,9,5.468776,348
309,296,14,14.871322,349
394,59,6,2.609793,318
7,319,15,20.310837,660
72,22,6,18.878869,1019
395,267,10,13.960197,337
267,11,20,9.014777,173
241,120,12,3.804122,100
371,67,17,6.613599,790
333,223,7,10.096635,422
234,195,13,4.111441,180
33,148,7,1.733712,231
200,246,20,17.281564,241
163,191,5,4.370340,783
240,4,10,0.683776,334
330,48,5,12.162942,734
248,50,6,18.636512,385
66,69,18,15.915492,291
226,161,9,14.606737,879
178,115,19,11.931467,770
267,55,6,8.433784,560
335,301,12,9.820003,555
248,343,14,10.454360,1018
156,131,15,4.240329,151
223,283,13,0.449629,519
314,341,14,18.065210,829
238,379,17,18.605701,277
164,95,7,18.711087,1098
174,169,10,19.735010,708
210,68,18,16.667758,410
137,176,16,6.652612,318
323,125,9,8.314823,454
265,379,16,17.174353,532
84,135,11,7.761794,1097
290,327,10,11.504704,391
352,88,6,4.412139,1021
371,319,6,16.140599,1158
253,268,9,5.595565,914
361,158,14,13.590704,774
236,46,15,12.872547,818
341,280,16,10.161371,1069
263,296,13,15.978621,440
108,180,12,11.250282,1042
81,53,8,18.637931,841
175,155,13,15.283832,1081
118,203,18,0.675362,161
291,261,17,12.685065,1108
394,145,11,3.023795,892
314,180,17,11.271509,346
98,12,15,16.063943,948
123,169,20,19.710667,824
288,238,20,4.534618,642
122,331,9,11.882826,1078
17,88,19,16.832005,833
73,57,20,16.118851,490
90,20,6,12.851154,797
40,225,12,17.149247,998
243,87,5,0.690696,1179
372,9,19,11.402807,484
22,111,19,4.358899,579
298,398,18,14.548592,1109
351,132,11,3.961308,829
243,14,10,16.189247,1167
150,371,6,5.781779,1138
343,122,6,16.413341,600
267,65,17,3.583455,675
169,304,12,18.601918,684
71,22,7,4.822976,865
386,65,11,11.306070,932
221,194,20,5.767632,238
245,175,16,0.017500,367
84,196,16,7.999188,1185
397,142,14,4.392300,941
276,267,7,15.930489,1013
218,389,14,6.864112,554
47,211,20,8.172990,412
306,300,19,3.521603,683
218,225,9,18.270350,117
137,291,7,4.793675,245
251,148,5,19.572875,317
27,294,10,18.054817,857
172,41,17,11.780002,1093
114,184,15,11.883394,365
366,108,20,4.504715,889
107,196,7,4.554553,592
257,120,6,6.611053,363
329,307,10,16.035100,967
386,276,16,13.188208,499
366,299,17,10.944873,1093
7,393,5,17.295583,1140
92,46,15,20.280999,280
177,275,10,1.935317,952
251,134,12,6.395638,1097
240,9,5,15.011718,183
382,157,15,10.869716,1051
358,251,11,16.823670,351
173,131,8,9.580226,322
297,393,9,9.458180,133
274,213,9,11.569694,1090
63,335,13,11.763011,263
197,237,11,11.717771,950
258,196,11,11.723681,1029
43,293,6,7.674549,555
361,204,15,5.180518,1045
26,182,11,4.601699,854
399,359,19,10.011127,285
0,73,17,15.507903,736
188,294,13,3.264013,870
169,270,18,6.652588,1028
126,55,19,13.291684,649
353,336,7,20.392807,1168
256,345,6,0.997591,283
333,114,5,7.815472,423
374,233,7,14.519640,766
168,353,15,9.635813,413
188,166,19,10.096871,702
183,311,12,19.138790,1166
202,355,12,19.832766,613
246,248,15,8.497628,709
95,262,19,0.869639,1056
175,52,20,11.172179,964
94,137,5,13.656683,735
346,90,18,0.818806,1119
40,320,8,5.628495,362
32,183,20,15.854610,672
334,94,17,17.052188,700
286,341,11,16.410587,678
280,331,5,8.898965,594
90,177,16,14.378358,321
398,41,15,20.456271,1081
53,128,14,9.555589,473
349,365,5,9.300165,1056
186,122,6,13.967800,909
77,366,9,11.082129,1006
376,150,18,15.137040,561
317,109,5,16.741070,549
236,143,17,14.523603,445
245,96,6,7.004602,1200
396,370,12,3.123177,908
239,284,16,7.547134,738
120,136,13,11.408463,699
246,52,20,4.431045,1061
250,126,15,9.957168,708
337,288,13,2.878647,684
39,209,11,11.994694,736
216,302,19,8.740268,602
155,272,5,9.940475,546
203,189,14,8.240314,776
153,130,19,4.478708,717
56,332,11,6.747512,226
148,46,18,8.033036,439
154,75,5,8.107923,692
156,24,17,15.812478,411
12,329,6,5.956755,512
321,61,5,14.702348,114
254,70,16,20.444546,359
63,276,6,10.966211,1001
179,193,9,8.186957,528
54,320,16,12.925873,842
353,6,6,7.741209,637
114,40,14,5.394827,522
396,327,9,9.966635,143
335,132,15,14.527820,975
26,83,17,14.195486,1015
78,98,15,7.980831,645
209,30,7,19.942996,859
232,264,17,13.896737,753
339,26,11,19.613332,810
249,356,6,0.355807,140
176,195,17,15.304132,508
382,358,10,6.894708,809
244,268,19,0.309370,719
22,268,7,2.288668,1031
263,170,19,18.738662,453
306,214,7,11.315631,630
339,112,7,15.933601,1124
10,141,17,0.056394,816
212,345,19,1.835231,513
40,322,17,14.637961,1123
275,161,16,14.942185,278
359,19,20,18.991441,931
220,211,17,4.629017,376
81,78,6,14.705684,609
101,36,18,3.543841,233
127,176,17,0.881830,252
321,191,19,11.788804,104
260,364,14,13.918570,108
337,381,15,8.712160,1112
288,88,18,6.579759,770
101,228,12,0.170112,960
4,284,12,6.714786,884
226,208,7,12.180311,1167
390,382,8,17.904543,299
233,282,16,6.981125,796
196,307,19,4.319102,561
356,102,5,3.273494,998
236,388,17,1.757796,416
9,16,16,9.843270,620
177,337,19,6.329105,450
203,262,14,4.421489,707
269,280,15,2.383420,681
254,126,12,11.336926,242
327,387,9,10.112208,359
204,18,15,2.651221,1182
346,319,10,16.763002,1126
44,168,12,5.688871,340
38,183,12,9.159762,806
311,226,18,2.964612,528
154,48,14,15.389742,354
47,174,16,14.499133,784
278,249,6,11.126578,123
22,147,10,6.003522,1041
44,385,12,1.090037,130
390,7,15,17.442780,336
23,259,19,11.053407,429
392,84,9,15.096435,409
282,93,7,15.364347,1034
105,366,8,10.231763,459
179,327,5,0.072989,954
245,154,20,10.505569,831
208,363,5,13.466236,716
225,293,19,2.216808,1061
193,335,20,6.488401,829
239,288,17,8.992141,1117
254,162,11,3.207891,525
244,150,5,7.043603,904
72,220,10,5.859990,1002
380,308,10,10.992730,454
150,95,8,0.789756,553
361,299,13,16.093602,302
330,21,14,2.096142,369
275,308,5,13.822285,252
162,249,6,3.258684,450
268,44,8,19.088161,1121
104,336,6,0.779357,814
212,162,12,20.345301,546
47,117,6,0.828554,148
125,155,8,1.062160,719
315,119,8,20.455499,905
50,198,20,14.319257,1009
7,138,14,16.052400,104
56,100,18,19.369011,927
288,158,6,12.200339,1096
202,238,17,14.188636,946
42,99,8,10.479503,642
373,30,8,6.052366,1170
106,76,18,14.704922,407
87,116,15,17.067177,440
244,301,17,10.991180,1059
315,348,14,9.896121,950
144,390,20,3.499074,643
358,128,16,18.193604,118
318,191,14,17.295840,1159
343,237,17,4.483923,870
373,189,13,13.975394,957
115,222,6,12.281645,1192
22,108,18,15.637693,429
225,290,16,5.614086,1029
57,127,17,14.628718,1179
159,323,20,11.227408,897
348,294,15,13.033793,1177
195,66,16,10.178754,667
311,145,19,15.543239,1154
305,62,17,2.515579,430
169,85,19,4.825018,1006
344,147,20,15.978297,539
82,370,5,5.266718,426
86,208,6,6.538999,1199
385,97,18,2.503043,413
36,248,15,13.858317,1140
203,240,11,5.855296,522
42,149,16,16.768992,316
156,216,10,2.240482,457
104,61,11,3.304558,627
257,26,15,9.648562,514
322,395,5,13.020809,456
5,13,13,9.272034,621
55,21,7,2.829404,138
399,274,12,10.663955,950
295,288,9,18.439544,1122
213,339,13,14.192457,242
205,135,7,10.324577,907
171,202,10,5.399202,694
89,100,9,15.623787,942
294,359,9,1.936684,116
395,67,15,8.748844,1178
364,255,16,5.201044,429
143,345,20,1.833385,1023
374,208,7,18.638484,273
87,180,19,4.891941,272
272,49,11,10.947059,560
209,331,14,14.862080,1049
258,278,6,5.633470,952
398,198,18,4.883726,881
201,255,9,4.803748,440
201,35,13,14.461712,494
9,234,9,17.886450,256
96,14,14,15.633474,514
196,263,9,3.850635,656
84,320,20,10.698369,399
225,233,14,7.247342,758
372,58,17,8.828169,676
175,162,10,5.308734,371
380,314,8,4.638760,1012
46,209,14,16.179344,876
367,207,7,2.921318,737
171,8,6,6.869501,874
383,361,13,11.744621,1177
359,142,14,14.126782,413
398,150,8,4.433565,199
359,231,17,12.508397,246
169,289,15,0.604485,115
169,348,8,5.056296,688
8,24,13,4.867569,552
11,250,15,17.067275,1030
208,80,5,18.736363,1093
218,348,13,18.459614,431
357,307,6,8.749877,779
233,316,9,16.111161,561
86,280,16,10.473840,564
214,199,16,14.883015,1200
372,218,10,8.211573,288
113,209,17,10.272650,619
149,195,19,6.528405,523
203,222,11,3.676943,296
329,358,19,6.805900,261
52,365,8,3.533988,635
215,318,15,7.158432,948
165,128,14,0.193026,559
81,370,8,15.627191,160
133,389,11,8.252857,291
2,366,13,4.622433,566
389,369,20,15.872507,756
218,31,16,19.521340,1135
322,161,11,15.243970,884
167,109,17,15.871865,648
317,197,16,0.817895,1120
105,246,15,5.902342,396
222,356,18,8.086015,270
250,168,15,16.188344,337
70,381,10,20.167395,512
317,364,15,10.040940,760
89,193,10,8.324310,803
168,102,13,2.093570,948
83,196,16,4.173142,509
298,80,17,9.997009,241
217,213,11,7.953254,889
211,282,18,14.198822,796
24,336,14,20.036675,205
84,173,19,8.300810,327
104,255,18,6.234081,690
161,251,17,16.405072,859
373,141,7,5.818600,201
196,278,7,8.791269,1036
328,146,15,20.109816,918
285,165,7,0.780315,984
347,193,14,15.798336,506
340,111,12,11.773038,113
392,25,6,17.305484,187
348,222,5,17.009692,637
55,294,11,12.755748,276
72,219,17,7.960908,1062
327,345,19,16.788558,732
338,121,10,6.231404,347
79,15,5,19.793811,300
93,114,7,5.048198,1070
187,280,15,5.276408,374
115,106,12,5.723688,1193
383,117,18,1.886285,171
83,354,7,13.794137,842
175,374,20,20.035834,691
361,31,20,12.663189,171
388,109,18,12.839154,1199
8,101,5,3.705564,239
65,190,18,11.869638,1032
169,198,13,10.943759,809
180,63,5,1.866013,866
194,350,14,15.855980,961
305,180,14,5.686107,818
40,397,10,11.090754,406
9,177,13,17.826677,269
348,368,7,4.340100,484
304,35,10,20.355621,606
368,214,15,1.792260,1117
369,144,16,8.900982,365
212,209,10,17.593406,762
231,73,5,0.453985,201
354,150,16,8.822778,420
162,276,13,11.885449,790
302,284,18,15.796645,941
46,218,20,19.567273,1160
262,166,18,18.072052,1120
322,36,11,4.430665,809
389,158,8,3.060489,541
75,381,20,16.409606,625
125,39,7,19.981304,181
13,242,20,5.913239,113
27,224,9,16.749473,795
205,351,6,2.897596,869
309,247,15,13.178825,585
374,8,11,14.677991,482
90,210,15,2.996838,613
338,214,18,12.876377,1069
307,24,6,7.053376,647
70,142,7,2.435392,743
177,210,6,0.239942,982
96,185,5,13.605489,324
52,13,8,1.801765,1141
202,382,17,15.370101,975
136,244,13,7.009849,794
373,346,14,8.577349,473
79,381,20,13.112309,883
29,214,20,17.060479,502
83,142,18,7.146919,1188
127,345,16,3.902524,767
296,0,15,15.413714,996
386,64,10,13.852931,620
219,205,15,7.094690,1067
376,121,16,3.075149,615
64,397,10,14.974097,985
201,342,8,3.609588,938
272,19,17,14.230274,261
376,257,12,8.858925,1187
298,109,15,11.034478,1154
102,298,15,12.580069,410
253,204,13,7.338044,648
143,328,8,3.212135,648
71,214,6,20.174439,591
131,222,15,1.998846,1074
178,179,19,10.566440,232
368,199,14,17.286272,579
330,325,20,9.262199,266
373,370,7,5.972540,1132
207,125,13,19.126637,588
158,349,13,1.445424,565
235,245,11,1.106925,1135
33,143,8,15.615491,326
2,290,11,12.948159,790
364,153,11,15.215277,161
170,8,13,11.319583,166
359,334,17,14.561862,1138
21,343,10,16.470792,555
73,235,9,18.976486,173
365,361,5,1.869508,529
127,352,19,4.210765,253
27,285,18,19.089304,952
248,358,16,5.082738,958
236,191,5,9.016665,840
182,384,11,7.520371,1104
8,245,13,18.738836,1115
336,364,7,14.748591,330
265,261,14,3.045881,983
69,178,17,12.060946,392
1,325,13,7.384455,208
271,102,12,13.582062,441
34,392,14,11.466622,599
93,265,16,9.665099,830
356,69,20,3.949663,482
140,1,11,11.851945,1092
348,32,12,12.452830,852
291,151,13,1.052779,328
322,325,20,9.885653,434
154,283,18,0.100470,560
167,79,7,5.650991,1088
64,399,14,3.106369,501
84,290,19,8.421075,457
211,165,15,2.837610,506
331,186,15,9.949871,498
343,325,7,19.144006,1012
356,300,8,6.418955,1004
243,376,7,17.976710,621
30,37,18,0.023645,756
121,316,11,19.629334,721
188,148,8,9.819110,638
190,118,9,15.106816,1061
324,162,19,4.257548,373
302,43,6,4.494507,554
72,356,10,6.495881,760
226,24,17,13.560834,422
84,50,12,12.241728,681
308,223,17,2.614736,904
155,251,17,4.588636,346
84,61,18,10.271063,578
44,163,9,1.191692,174
323,197,9,13.807349,757
254,149,19,11.186781,813
316,35,16,7.652729,594
3,107,14,3.610329,218
395,223,13,5.633104,429
13,81,12,3.385821,807
98,100,13,9.060159,292
299,151,20,2.055379,634
392,143,12,4.835135,1010
358,384,12,3.169800,503
264,224,14,3.345501,596
199,95,8,1.342627,1006
99,163,17,11.249349,685
367,104,18,13.636438,196
86,120,13,6.386834,797
113,384,18,18.822024,900
319,346,20,8.394829,424
139,387,16,8.668575,449
226,326,18,4.788473,574
9,280,17,4.376901,1108
281,278,19,12.151939,527
95,349,20,19.643005,1190
95,56,20,11.296800,917
351,363,13,0.820310,805
310,256,16,14.771176,756
293,202,18,5.599627,549
326,293,17,6.889983,860
182,265,11,4.539745,968
231,188,17,6.939117,648
232,244,5,2.059018,856
227,78,7,3.619688,815
361,349,10,4.862688,635
61,252,6,6.998180,315
125,235,10,1.841571,212
310,313,16,3.599979,845
116,293,10,14.528012,245
247,97,7,1.203986,753
103,253,11,8.938294,618
188,295,6,4.964440,1049
163,99,13,14.695774,635
229,54,7,10.453792,865
361,236,8,16.890951,414
338,351,14,13.852416,549
263,354,11,5.109116,416
242,111,18,3.166169,358
34,322,8,0.050625,860
351,353,14,0.677379,817
342,226,18,19.063022,508
369,69,13,19.475058,856
173,37,8,6.027972,230
195,90,9,0.789196,211
293,353,8,10.873475,826
159,350,11,10.085398,393
194,29,7,19.419908,563
23,272,20,1.880189,322
377,181,6,20.142408,1165
30,223,15,13.651140,714
268,337,11,2.639065,926
161,233,15,6.040454,617
9,284,15,6.191408,751
333,280,17,9.223518,646
348,95,20,9.714195,141
368,65,10,12.667108,1158
357,122,12,0.003727,769
16,233,9,4.025063,315
320,164,15,18.963570,507
42,152,14,13.408796,477
357,395,20,12.786584,722
202,112,18,10.276075,191
9,176,8,3.739065,895
30,130,10,3.934540,551
269,171,14,6.305078,329
13,388,11,16.853874,645
356,222,9,8.685873,538
380,54,7,19.680903,885
345,239,12,12.077414,453
273,222,19,4.857072,947
65,289,15,3.449092,1122
98,301,17,20.245582,1052
130,33,6,5.994021,806
1,165,7,20.018138,770
167,0,12,3.246049,107
184,243,5,19.595894,430
281,14,9,12.376451,1132
88,97,12,15.354020,461
94,216,10,17.001377,319
152,322,8,20.224664,194
247,191,9,19.618701,1008
391,328,10,16.477502,547
303,70,9,1.373515,490
73,218,19,14.945999,618
101,226,9,20.215463,491
178,274,8,2.051844,307
392,320,5,10.187385,668
41,399,8,8.141589,186
315,82,16,2.488302,1088
364,273,6,7.853457,914
333,256,10,0.299928,841
171,112,18,5.942425,1004
306,259,14,13.635363,556
356,177,11,18.140690,803
218,136,10,14.902067,336
66,348,15,1.471427,801
349,191,7,19.269784,253
249,155,11,11.479760,298
365,385,8,1.263726,113
331,281,7,17.969736,693
197,119,6,2.174582,1131
255,280,8,4.544720,1194
214,284,8,11.143098,1055
125,86,17,3.854884,952
17,250,18,17.442392,781
378,21,12,19.447401,1150
341,389,19,19.442308,387
38,108,15,1.918959,999
92,332,6,13.271635,266
337,45,11,18.534941,155
8,98,5,5.200234,671
153,96,8,13.181901,1164
237,129,19,11.679168,1087
344,142,20,12.714333,164
285,196,13,9.321784,613
275,235,13,18.199864,305
393,64,19,5.344153,379
376,136,9,18.685773,702
111,79,19,9.565000,529
213,4,14,11.023322,380
391,265,5,8.908594,1078
171,15,10,18.165491,641
326,116,17,18.185766,623
240,160,6,12.858719,782
380,152,15,7.730333,706
97,245,15,2.067530,821
149,176,11,2.871193,874
261,208,9,15.421291,932
114,388,15,4.622070,558
70,123,17,5.962868,113
59,93,12,16.568382,847
47,286,19,5.849751,252
112,350,5,15.319788,431
233,143,11,3.592857,865
91,160,20,8.082584,645
120,40,12,3.747674,354
269,251,12,0.220864,140
379,120,13,15.916642,102
294,261,20,19.501836,190
75,252,11,3.844320,1081
107,274,17,15.421742,723
288,34,12,6.014024,445
104,367,11,17.655125,134
229,26,13,14.862644,784
107,308,5,12.380891,699
197,137,20,4.584885,973
204,238,15,17.482798,1128
91,316,6,13.898073,134
231,288,15,13.365326,1133
365,223,13,1.849655,795
152,127,10,13.187985,662
104,366,15,6.732906,1003
370,353,6,0.504991,485
375,245,5,17.271915,486
388,310,6,12.715098,1007
261,93,15,19.008185,629
269,120,11,8.526469,1154
255,58,15,11.788771,1099
347,198,10,14.899319,1118
222,271,9,18.916160,758
164,182,15,18.046950,850
196,139,17,13.878876,1166
64,148,12,8.885294,1163
320,79,16,11.632860,929
93,10,13,15.616530,179
275,23,20,10.767980,308
310,98,19,9.285200,798
41,186,17,16.747007,941
348,218,11,0.531164,157
333,84,8,1.597159,851
335,105,18,18.996057,650
180,179,18,19.706380,856
86,214,8,9.230290,232
127,156,14,12.305241,1027
31,338,18,11.959440,503
307,179,12,5.430243,1139
318,238,10,15.981704,164
159,303,8,16.220133,1106
201,138,9,20.298373,1191
72,136,12,16.956686,1010
274,162,12,0.169044,825
291,339,18,15.574180,397
40,120,14,14.809240,834
51,297,8,19.936256,822
267,31,18,10.823331,302
203,357,15,0.250070,1037
319,0,10,8.295465,689
384,259,10,16.814390,460
111,19,13,10.316045,797
264,129,8,13.579017,890
102,331,9,7.150066,1141
263,49,14,6.898094,1041
326,276,12,13.279439,175
68,160,7,2.611538,747
156,72,15,4.877195,969
156,104,16,11.916386,923
118,73,7,0.617713,614
158,344,8,8.624258,320
93,170,8,14.664088,395
247,328,13,3.197331,816
228,206,11,4.010584,988
212,376,8,3.101534,1080
94,328,11,19.533159,869
25,109,11,2.780526,954
286,390,5,15.734191,521
272,184,16,11.511927,224
276,128,15,9.979475,384
217,113,18,17.136963,1190
27,375,8,4.988540,1116
137,18,17,17.773097,427
286,368,6,12.226399,493
80,15,12,13.036053,208
363,54,6,10.424777,557
117,219,20,4.002760,1061
116,13,17,5.448585,133
288,221,11,18.882001,916
48,304,10,14.204356,409
1,59,10,5.940175,404
369,142,18,1.689372,648
22,382,18,11.064745,1049
383,379,9,11.556767,1028
61,242,6,1.435243,197
385,331,6,8.287300,1171
5,232,15,15.537245,175
349,70,12,14.517144,316
331,31,11,8.540681,868
265,11,10,4.933919,220
258,139,18,13.115486,119
368,61,6,16.021294,1056
191,150,8,15.953971,189
101,311,6,5.669033,1084
382,130,6,5.551944,563
22,107,11,16.272227,250
377,301,15,17.668209,431
184,19,17,16.609113,392
259,184,11,3.110749,792
293,159,15,18.066307,341
361,344,20,4.146749,1038
25,334,12,15.833875,786
149,274,6,17.679619,509
227,31,11,18.225720,424
393,264,10,6.928475,380
91,295,7,6.528834,1188
87,82,9,16.625346,1105
207,268,7,4.139334,874
231,300,12,17.353290,301
51,318,7,15.351823,710
322,361,19,9.647323,839
142,337,9,0.156687,1016
274,154,6,18.802784,883
135,180,14,10.286487,508
208,251,20,11.629339,884
247,59,14,9.165832,288
23,34,13,1.762462,516
61,56,7,10.579313,930
261,144,11,4.732113,702
124,278,5,2.864247,296
26,86,9,14.138953,1003
283,162,6,12.219406,816
19,104,5,5.080533,119
395,329,11,11.781441,1180
318,94,16,5.858731,890
275,227,8,20.463560,899
202,255,9,20.307222,304
146,117,6,19.358519,116
81,289,5,14.425288,701
235,387,18,10.410520,1080
29,376,20,16.777211,964
127,364,5,2.419738,244
279,119,9,10.671644,108
344,301,18,10.165221,108
214,67,8,12.857824,620
82,39,12,0.092838,1031
96,319,5,12.937845,1177
224,339,18,13.696375,367
142,21,19,13.672274,335
20,47,19,7.416595,332
257,21,15,8.806165,457
62,171,12,14.497208,139
112,39,17,4.682674,177
90,385,15,15.937358,227
164,216,10,14.666561,865
67,349,10,11.911664,400
191,159,9,15.540644,151
88,380,8,19.414654,900
375,247,12,16.654408,904
187,221,18,0.747571,660
392,189,15,7.856563,294
25,245,12,6.634858,348
61,309,14,11.389965,965
102,5,11,8.374541,1096
336,260,8,1.567299,458
104,80,16,20.207145,455
185,148,5,3.158579,874
392,193,15,18.577193,843
99,379,19,8.239145,123
76,203,18,20.185494,1077
271,354,12,0.105016,278
24,315,14,0.702861,624
17,46,16,1.421326,328
7,104,8,1.933701,567
43,139,13,9.912176,792
134,339,7,17.129562,561
191,322,16,8.535940,696
145,89,18,19.732874,268
72,189,20,15.814538,498
17,20,18,17.023866,586
144,196,8,9.258004,132
103,370,15,1.766710,623
169,118,9,12.456401,949
24,148,18,0.037069,372
85,275,16,0.851890,1080
326,310,16,14.257054,322
14,80,12,7.475616,1133
250,198,16,6.775770,1044
302,53,9,16.536533,121
0,125,7,2.934925,875
280,108,17,13.539470,219
323,161,8,17.420529,593
267,284,8,11.101219,948
157,31,6,6.050674,982
5,171,18,10.073620,687
194,290,8,20.212968,465
66,10,6,8.753631,1127
303,331,16,8.566015,114
19,321,17,17.584116,631
123,0,10,7.283178,890
80,50,13,4.098498,802
151,192,5,19.439836,1180
254,45,13,13.465979,931
50,67,7,6.851526,1090
185,250,9,16.904106,997
275,93,17,8.404507,361
343,327,14,20.355605,934
7,57,18,14.395460,821
33,44,19,15.771022,293
327,250,19,8.560644,1114
313,156,17,17.182064,292
90,313,11,17.027383,338
399,3,16,9.885326,861
104,31,11,14.647798,693
21,44,10,11.663224,679
340,216,11,14.095545,260
161,133,20,0.081245,1058
273,14,20,3.043052,506
112,285,20,12.245481,625
265,211,15,6.179796,698
235,395,19,8.770802,611
223,374,16,15.490354,227
320,171,11,1.345913,567
182,332,19,5.075383,418
70,151,9,4.978654,582
275,296,17,2.294896,316
249,88,19,11.073336,162
383,398,19,0.359096,815
399,273,15,17.150891,785
50,343,7,7.887603,549
354,350,9,5.716997,453
183,136,15,8.965653,1049
362,288,14,13.627556,451
371,56,13,0.040592,578
93,33,15,12.555398,896
165,249,6,5.967350,1176
181,381,11,2.520271,264
126,270,20,17.372672,481
357,76,19,8.000087,1038
317,157,18,1.501293,924
343,228,17,13.892231,302
286,138,8,20.014435,603
210,139,10,7.573733,882
250,9,11,1.627233,224
269,78,9,18.382658,210
270,51,16,11.537025,509
138,276,11,18.217506,946
115,246,8,2.315172,344
376,321,20,9.448830,288
9,116,19,3.918882,839
324,382,9,8.861654,1116
120,208,10,16.543200,282
358,343,7,2.661885,1006
296,44,5,15.907208,595
39,326,7,11.939871,371
27,11,17,7.044929,508
143,203,11,8.017095,648
261,299,7,1.632573,806
35,329,15,16.615759,883
224,246,18,17.582757,584
336,188,20,13.027479,520
227,189,8,12.978285,413
174,220,17,15.207028,687
308,60,7,13.203160,239
219,25,5,11.707762,341
264,24,20,4.136716,1019
254,353,17,9.551978,862
398,88,9,8.766165,1028
18,159,17,13.185248,313
308,118,8,2.621202,850
340,40,18,0.071048,732
52,187,11,3.645070,1068
22,326,13,20.218234,373
49,298,14,19.783762,494
224,270,11,10.253548,944
229,114,11,18.564999,872
45,157,10,13.852275,356
284,130,11,0.477426,186
314,280,20,12.232843,965
252,362,16,9.831392,274
206,172,19,18.584721,379
232,241,18,16.918504,565
387,359,9,18.953415,684
41,350,10,14.752019,768
163,261,10,8.711457,1186
388,93,15,12.959596,505
251,186,19,2.806157,939
58,160,8,5.652720,142
360,363,11,18.325792,621
313,236,16,8.038268,975
160,203,6,9.096342,502
262,97,20,19.131233,862
360,88,17,3.797788,363
159,120,20,1.438886,523
163,92,14,0.481866,594
295,399,6,0.915089,996
302,201,6,15.941083,976
178,188,10,4.881171,263
95,256,19,15.344646,540
335,57,14,15.318797,135
83,207,8,3.979626,292
147,265,9,15.758211,933
228,367,6,16.637227,1078
257,271,6,3.207582,144
244,248,9,10.290417,485
4,148,9,15.208286,579
331,344,6,16.935864,597
199,100,12,11.446947,309
299,64,18,2.004426,526
79,160,12,12.989492,870
189,83,18,17.880473,681
136,261,7,10.331827,311
14,39,6,4.125820,399
344,113,12,9.646541,172
368,236,13,8.062834,322
333,353,18,18.549151,957
187,242,20,10.355322,924
365,236,12,4.368224,995
150,113,20,3.137750,632
189,367,5,12.893847,534
319,141,16,3.171983,702
252,356,10,4.308637,725
248,146,6,12.975306,295
136,39,11,8.760825,329
188,105,10,20.404742,1135
155,150,10,2.135278,830
149,322,16,3.077315,160
29,39,15,8.003986,831
49,44,9,18.183142,511
332,108,11,20.034438,222
244,260,13,8.210095,950
290,36,6,16.976388,1112
21,264,16,9.064221,638
4,162,13,13.902312,1154
200,308,17,11.134412,1109
250,101,6,19.686380,1133
244,97,8,5.048450,126
5,197,8,2.118689,564
99,84,10,18.558635,1093
15,245,11,9.091203,855
204,398,6,0.619994,1037
385,228,19,0.429750,632
258,270,17,15.797104,341
256,325,8,10.441300,1198
105,207,13,6.818822,889
34,310,18,9.892541,1075
143,224,20,8.009020,660
396,164,17,14.320115,1081
89,87,19,1.495504,540
374,177,15,6.521262,857
160,149,18,18.090379,769
98,342,10,17.298713,656
311,366,10,10.756730,1000
281,223,16,6.684326,588
288,287,5,20.376627,139
323,114,15,7.461272,937
352,35,14,10.482677,809
211,390,5,0.413673,225
168,212,7,0.608817,907
133,234,12,10.130862,312
234,108,18,12.362235,746
205,23,19,10.292296,642
375,17,15,1.442353,100
26,338,12,12.763762,230
358,27,17,9.893150,720
292,81,16,3.742172,756
198,164,11,12.450317,964
152,161,18,9.611755,533
351,194,6,4.659874,661
47,390,19,15.176981,112
208,134,5,19.030634,994
191,234,19,5.228923,1138
123,265,15,2.254619,683
177,143,18,10.487706,823
28,54,19,14.311203,628
256,139,13,16.117880,532
95,17,11,13.202224,713
105,220,6,14.622480,745
272,202,8,0.464328,1042
356,327,8,19.531193,441
40,346,13,1.174663,411
274,129,16,2.760812,501
348,172,7,20.071530,944
35,351,20,17.546829,743
67,254,20,9.154025,751
115,339,5,15.817191,342
343,346,14,3.340664,565
172,177,9,1.329311,775
144,36,6,18.399244,933
17,118,17,13.999051,185
328,238,12,4.308838,590
92,318,19,14.749521,874
395,182,14,15.425742,463
362,50,20,19.876523,617
121,344,6,0.205264,299
29,0,14,13.848467,578
16,63,13,1.427720,784
325,350,16,12.328900,719
329,316,11,16.668912,796
203,292,19,10.369509,579
37,389,17,16.859201,471
203,170,15,1.452038,191
288,76,15,3.784722,375
248,227,19,5.088372,1134
43,128,10,18.321368,776
331,316,16,17.463566,1083
293,248,18,12.628894,954
228,318,8,4.861545,1007
83,358,14,20.361952,502
282,229,11,2.644330,782
30,367,15,11.496873,345
371,161,11,7.645280,1076
61,118,14,18.743783,861
188,399,19,11.470048,882
216,164,5,4.463289,849
322,82,14,18.920558,897
312,374,7,6.644549,273
233,322,5,0.453288,261
124,234,10,4.600618,871
101,132,19,9.240081,929
298,90,19,4.264588,379
151,19,7,0.485510,484
117,92,14,0.155009,237
307,336,19,2.873016,391
188,162,16,14.207085,602
394,366,17,10.783563,1105
66,96,17,13.247672,764
117,5,6,20.061343,865
81,342,19,13.556053,287
113,142,10,9.900467,1031
157,268,16,9.883039,626
55,361,15,11.290688,781
155,5,19,20.371333,1113
204,363,12,2.701811,441
159,81,9,15.442225,221
63,367,7,5.390705,1166
234,326,16,10.662038,401
294,364,14,0.002667,497
136,94,20,12.349568,915
336,340,15,4.621710,1053
85,170,17,10.761172,202
12,274,11,12.442074,567
72,102,20,8.498421,600
11,354,12,19.216088,1049
61,388,13,16.992296,731
262,169,12,2.190217,786
385,91,16,1.914855,447
375,315,5,16.101644,711
116,15,17,17.947084,260
377,66,18,3.068388,347
225,240,14,18.716035,462
37,380,19,8.068616,342
358,350,8,11.069856,554
112,283,5,11.577580,378
61,249,9,13.175145,271
34,162,11,4.402017,995
53,165,20,2.834656,939
27,181,8,13.626924,220
152,40,10,5.858196,492
95,157,9,15.341307,887
325,360,5,1.643171,943
101,146,20,17.142151,477
260,23,19,5.797234,762
195,169,20,18.112554,757
19,206,8,17.243927,385
107,9,20,4.869287,1003
124,235,14,5.586070,738
49,359,19,18.481890,902
229,236,6,17.650831,129
274,394,12,14.363664,1158
319,257,16,18.110826,230
339,343,9,7.899313,838
370,382,13,2.345718,120
251,198,10,8.629228,836
279,20,18,5.952499,901
88,32,19,10.249073,269
167,211,8,0.205535,863
19,5,15,4.981833,995
227,40,6,13.954515,655
309,94,13,14.092829,1150
87,12,8,18.435288,812
38,338,15,11.027675,692
293,122,15,2.500244,408
353,304,9,8.388990,139
11,226,17,8.841627,1152
229,356,16,19.859951,1000
31,25,13,10.290117,1087
258,259,14,11.595963,703
189,89,9,0.322179,895
305,31,13,3.481817,504
89,240,9,13.097104,531
242,149,9,15.323462,521
171,390,11,3.680445,1090
283,171,16,14.506537,902
346,264,13,16.234561,1117
99,152,8,15.727683,961
161,120,14,15.655353,508
113,273,17,16.002628,608
336,216,12,0.928507,532
387,37,8,1.059415,598
72,90,13,4.533239,1054
44,350,9,18.546907,250
340,24,19,2.712886,637
359,42,17,10.653584,452
252,18,20,12.341625,1138
110,386,5,6.775999,1183
115,399,14,12.561097,253
293,245,17,20.395788,993
339,114,20,13.032035,519
7,295,8,16.994366,1074
150,89,14,10.348163,988
298,384,17,0.794268,1101
136,311,18,17.056391,889
301,323,10,11.920420,1025
371,264,16,17.181279,172
208,197,13,8.371357,1103
141,174,11,12.514491,313
19,51,13,11.680054,322
64,71,5,11.485799,830
169,10,16,4.112968,407
54,189,16,14.682299,950
250,96,15,2.144343,370
320,398,17,10.113817,1175
138,11,10,12.474573,716
135,143,5,14.649812,744
41,272,13,19.639234,1079
16,390,10,18.498853,887
316,350,8,9.462028,484
262,374,16,20.247323,196
223,33,7,9.764392,882
241,18,14,8.304628,108
362,251,17,2.273330,248
73,89,19,10.393591,1161
177,41,9,12.546264,612
57,297,18,20.349896,945
198,147,10,10.486757,643
175,72,11,8.103671,202
213,376,6,0.523751,433
372,333,19,20.225484,1126
20,362,19,7.566348,1127
0,201,15,13.933915,407
198,361,17,9.459953,841
77,298,15,6.041294,923
225,229,11,6.014612,345
73,67,6,14.000608,385
205,85,19,2.924091,597
157,98,8,3.305652,952
241,216,18,18.591789,999
194,337,15,17.170069,572
272,383,17,1.711830,489
356,226,11,5.022703,1150
46,185,5,11.522536,211
279,219,6,17.239022,1006
371,87,19,19.474223,794
365,318,10,19.113318,172
25,356,7,15.021732,248
297,112,8,17.210357,438
128,295,8,10.199005,1192
157,321,10,20.241928,864
291,59,13,8.966704,532
294,298,18,7.203827,483
382,71,6,3.130866,573
63,121,14,0.086666,598
389,290,6,2.874445,644
347,297,13,11.459810,892
398,101,10,4.550667,308
107,179,19,8.234114,743
157,357,6,10.471230,625
266,136,13,8.472075,491
50,203,6,3.710329,1113
15,290,8,12.773099,439
327,223,9,16.276933,892
276,171,5,12.857328,503
198,92,10,20.013599,968
33,161,6,1.827745,186
59,57,8,19.726832,495
46,177,16,17.172484,1004
338,53,13,10.741901,631
292,158,11,10.732444,555
294,153,8,9.578234,251
264,114,6,15.200210,182
124,397,8,4.151826,802
9,111,19,1.209884,809
345,5,5,2.385560,702
205,366,18,19.779458,408
157,195,14,13.062924,885
61,11,11,18.658728,1090
265,320,9,15.208780,740
24,361,14,3.966674,320
182,294,20,13.118394,193
123,7,11,3.234234,288
350,71,9,15.627295,678
197,180,11,1.948328,205
163,220,5,4.281800,460
183,262,6,4.672334,350
283,317,15,17.307497,671
259,205,6,16.153075,904
218,241,7,15.536254,187
30,172,5,13.561008,834
100,340,16,10.501807,1185
236,50,12,10.125894,239
178,366,20,17.361277,1073
131,137,18,15.032656,620
142,66,13,19.674178,864
125,170,11,13.241537,783
279,164,18,5.450640,939
139,57,11,3.277116,1110
51,225,18,17.109996,377
274,182,11,16.895988,1146
308,119,7,1.598233,742
15,394,20,6.209857,828
325,18,15,7.763705,810
326,300,14,9.920257,905
247,123,13,7.710091,1062
386,202,16,17.255088,774
204,118,16,4.818866,645
81,210,20,15.305918,338
73,337,13,0.555927,992
192,172,8,6.541395,636
40,286,20,5.464505,1031
322,12,11,12.006598,1057
183,257,8,14.867818,842
207,195,9,4.380749,983
103,241,5,18.230731,783
201,338,8,14.128619,309
239,170,17,9.401206,842
214,263,9,5.082366,1095
165,204,8,3.975678,721
274,189,8,0.937417,221
282,70,10,9.642247,268
212,141,15,15.000533,542
363,143,15,20.364790,518
144,379,15,12.085060,498
240,176,13,0.183514,1102
225,398,20,9.221099,564
74,163,14,0.961648,251
319,376,13,0.149924,740
152,153,18,8.074015,1078
174,296,12,12.305754,330
117,260,9,19.176497,842
216,241,18,0.342338,1190
118,35,5,16.756023,767
244,325,15,6.738378,1042
186,213,15,17.685071,865
170,317,11,19.837617,923
35,265,11,13.073363,639
159,130,10,3.899965,788
255,345,18,11.809963,261
277,150,11,20.313010,516
186,4,8,13.986937,148
345,246,16,1.253215,1061
162,231,14,13.652079,590
204,67,18,11.479402,969
152,362,14,18.844073,520
233,211,8,12.267180,127
85,329,11,18.553228,908
96,349,17,7.967163,550
189,148,13,9.978418,556
46,135,13,6.650488,225
268,256,9,4.493999,152
308,142,8,10.747912,237
332,13,17,6.205983,1008
113,155,6,4.433014,451
389,31,5,11.479454,469
362,212,6,18.492033,1152
359,281,13,16.070206,516
12,170,12,18.467235,212
93,207,7,17.219500,359
164,348,5,9.453992,317
375,54,6,0.370635,897
219,71,10,9.960681,193
39,174,19,8.760081,748
175,325,5,1.769733,930
164,357,6,8.162686,421
107,30,16,7.793057,865
118,370,11,0.447828,105
322,331,20,6.469288,665
337,27,12,14.771032,172
137,244,8,15.784437,1106
295,78,12,7.056667,983
2,303,9,10.591697,599
122,197,17,14.782813,297
129,18,10,11.396005,425
214,351,12,12.999147,510
21,355,19,19.772757,1038
267,27,13,9.610845,703
194,197,13,13.286887,182
399,379,20,15.263601,519
315,316,12,4.512276,493
13,283,7,8.627114,607
214,159,7,9.273233,524
201,130,6,5.246697,616
397,156,19,14.404866,136
313,380,17,0.190313,314
116,126,11,9.622157,905
76,306,6,12.245000,768
384,281,15,1.537489,1192
277,192,16,8.793310,142
91,121,9,16.842271,528
171,7,19,20.480473,556
249,39,18,8.105538,194
208,117,19,4.981181,276
194,344,10,2.115451,360
137,312,16,12.704314,971
70,49,8,5.154019,803
123,104,14,18.825780,555
183,355,20,6.703815,144
112,316,20,2.919767,333
192,197,13,4.453814,735
127,52,16,12.891774,316
367,164,10,16.376179,452
79,224,5,14.861203,550
200,208,13,15.134883,288
43,216,7,3.531654,302
395,121,16,14.673706,432
28,180,15,16.344638,736
13,248,6,12.603997,704
75,244,18,12.932188,937
342,56,5,13.735824,539
210,275,20,18.725333,572
304,361,9,16.015553,1107
187,150,7,8.573904,1129
130,113,18,18.521022,569
363,323,14,8.164683,1070
122,100,16,4.480081,438
54,392,8,8.603681,1006
237,138,16,2.325104,699
195,265,16,17.596691,841
232,56,8,8.226005,358
313,386,12,8.529423,515
17,264,7,9.969578,999
293,356,13,8.650942,1098
217,295,12,14.015032,700
191,175,6,16.855257,106
183,201,5,10.626292,671
253,231,18,11.609409,1069
157,131,8,18.320274,1170
272,91,5,15.100898,652
247,76,6,11.705313,786
219,187,6,11.434472,827
54,225,8,6.283205,327
162,192,17,0.770865,606
75,274,12,0.804011,704
307,379,5,10.941479,986
62,34,10,10.852915,1175
271,166,7,13.545780,558
182,185,17,7.226722,1030
61,121,13,7.090421,774
29,23,18,3.653989,892
197,382,11,16.552198,1152
55,170,11,13.304823,540
178,15,9,18.437393,442
93,328,19,16.700306,273
109,371,11,5.792622,597
19,143,10,12.243256,769
259,270,8,8.557962,528
140,8,12,0.778226,733
87,249,18,15.316077,111
211,192,13,13.962473,454
322,109,12,11.991500,868
327,133,17,14.614717,318
38,44,11,11.210145,253
260,213,5,13.404624,676
117,310,6,10.077420,1156
67,3,9,18.189320,431
225,117,10,1.845062,194
266,353,10,11.234227,230
310,188,12,8.399333,295
308,58,7,12.597250,779
85,4,13,9.850271,954
57,388,16,15.106276,438
246,63,8,17.660467,443
148,137,11,6.102374,588
154,359,10,19.624537,516
50,35,8,9.016538,1105
55,104,9,9.241110,434
331,199,17,18.133684,728
134,34,11,9.312060,765
365,359,5,16.265951,108
37,66,17,5.719311,1152
125,12,18,16.679242,197
290,57,14,4.658014,355
51,201,20,8.033280,998
386,398,12,9.586944,433
18,66,15,4.311178,972
21,301,14,13.288400,1092
189,262,20,3.995865,767
267,168,20,8.954284,858
280,326,9,4.125131,726
275,173,18,13.537824,287
300,363,9,2.430686,909
161,300,17,13.150041,554
191,69,16,18.517150,950
294,282,14,13.278791,815
285,238,6,2.846168,273
18,96,12,2.123811,533
180,83,5,18.516340,374
111,166,11,16.514523,226
7,297,12,16.700096,1030
212,354,19,4.084447,188
306,234,6,0.975154,845
198,296,8,13.314695,784
280,192,7,19.742820,454
47,227,15,12.473781,728
265,351,8,1.901269,163
13,308,15,9.832194,1151
251,260,20,18.896991,978
145,70,15,11.456644,499
388,50,17,14.985521,772
135,106,20,16.702406,814
237,81,15,2.444534,1035
308,286,13,12.117036,319
302,202,6,12.467542,759
376,306,18,9.518370,816
132,120,16,6.803579,168
238,62,15,0.006524,140
365,155,11,0.632090,1093
148,321,20,5.661616,589
71,19,7,10.776953,793
359,157,18,2.875836,434
207,395,5,4.533805,140
386,306,15,10.358172,915
124,201,9,13.179954,658
4,392,19,0.545907,998
254,339,15,0.946701,173
142,382,12,10.519277,620
215,25,15,11.980209,1032
183,230,20,14.739209,676
322,333,17,1.075290,1159
257,80,11,11.723826,431
122,14,14,4.148990,825
389,177,19,2.264258,371
76,189,20,8.381087,928
6,325,6,17.732738,847
94,212,14,5.060195,257
281,331,19,17.257568,825
78,273,5,10.293060,385
56,32,19,16.559059,899
265,4,6,15.610351,951
215,287,20,4.921760,743
369,32,18,6.519865,668
91,229,15,13.294440,141
128,75,15,3.451239,1109
254,194,16,15.624531,564
207,223,8,8.923261,1196
375,385,19,6.764070,566
109,31,5,12.079105,693
310,357,14,1.775850,431
263,359,14,13.495861,662
219,384,20,7.698293,1095
251,246,17,5.377860,766
40,285,11,2.593316,650
36,181,5,9.481716,319
135,27,17,5.327705,609
392,288,16,12.446398,406
363,145,16,19.230531,262
160,175,14,2.527820,986
270,186,11,9.186015,885
279,65,13,9.468694,968
85,173,16,1.023547,979
70,235,8,18.604832,473
141,144,17,12.873876,279
294,310,7,4.098620,264
143,190,15,6.488078,1004
275,41,14,17.346931,215
127,371,14,17.972548,599
367,250,8,0.804307,593
126,41,20,14.595440,240
6,161,14,12.523965,373
64,353,16,19.617206,482
7,306,10,16.816376,115
371,135,14,11.690954,385
119,115,16,3.277740,184
351,74,12,7.469938,694
93,322,6,8.874403,376
88,340,18,17.197123,149
219,368,11,9.838936,684
191,281,17,4.238732,856
247,109,11,16.051410,734
332,211,19,3.531847,248
319,276,5,4.136147,1063
248,368,13,18.318098,889
255,10,8,9.321198,1035
121,345,11,19.091118,1014
168,282,7,11.699249,1131
162,259,17,6.623138,673
335,247,19,17.524156,193
254,36,17,17.950110,429
195,36,9,15.663877,680
155,162,10,10.201273,111
171,13,18,15.220961,1073
247,162,19,8.119094,152
176,278,19,14.392582,175
46,144,19,8.793919,858
47,209,12,8.116847,396
371,197,18,19.736865,224
278,34,5,10.159023,807
250,0,19,5.249985,969
123,301,13,6.049056,986
264,2,10,5.246928,131
298,35,20,9.487664,262
243,249,6,18.750716,282
185,321,19,2.155591,598
208,93,12,17.878573,677
211,68,5,14.143951,919
177,120,8,1.116852,793
270,34,20,2.522851,351
40,350,5,12.841460,1148
128,321,8,1.648216,644
300,38,6,12.094931,858
103,100,5,1.007168,445
349,318,7,14.455040,652
137,130,8,7.670327,736
271,370,8,3.970761,765
322,53,5,1.161795,604
221,288,5,0.427054,1033
313,336,11,7.719516,1164
152,346,16,9.294356,668
28,273,8,3.473145,638
261,49,11,16.862817,1087
234,149,6,5.854305,616
208,239,18,20.382969,816
374,317,17,1.724603,617
281,17,10,6.061504,465
210,95,5,8.521511,344
58,316,10,10.255811,898
109,89,18,0.276262,332
243,22,5,16.035056,683
230,249,19,2.300669,945
354,83,18,2.164721,131
302,257,8,4.320741,637
233,219,5,14.036545,1051
90,361,15,10.481656,872
211,129,9,5.322068,102
31,143,20,13.654025,282
30,308,12,19.939658,837
374,397,20,6.944905,229
128,358,14,11.040624,262
265,149,9,14.372778,382
120,261,9,6.162878,765
29,162,6,11.572979,1133
119,367,13,11.239483,779
53,258,17,13.503415,892
314,258,10,10.571632,1010
43,255,7,15.640424,651
22,314,19,12.005367,510
235,26,20,12.477485,202
349,180,16,9.818178,490
245,328,13,0.319328,1125
194,108,13,6.059248,713
244,231,9,17.711290,534
323,351,11,0.808941,1062
396,60,16,12.434053,457
229,222,9,18.506599,516
4,134,19,14.291261,390
41,368,8,9.182818,308
273,56,7,15.533898,1098
369,12,18,17.494851,225
145,79,11,16.663291,648
194,14,5,10.313152,762
200,118,17,13.928668,593
238,141,13,16.344266,505
206,361,8,19.340522,804
108,379,12,12.396077,710
171,356,20,6.785557,1095
259,111,12,12.245974,714
274,243,12,16.745188,653
327,151,20,11.924762,241
163,210,6,11.620164,232
189,135,14,6.005433,628
30,183,9,8.743861,469
288,321,11,9.887661,1031
163,111,18,4.018005,674
95,265,6,4.346478,326
334,1,13,7.580309,237
346,33,6,15.555989,1161
142,116,18,13.795720,515
276,245,18,8.438814,410
215,29,15,7.401523,992
81,271,6,14.645279,1190
265,258,19,1.379977,837
200,85,9,11.541392,824
79,260,16,8.261133,680
335,84,15,10.524906,708
333,313,15,18.695550,191
295,270,9,15.400214,1199
346,24,15,17.067894,1162
302,206,17,0.609135,1031
201,363,18,10.445462,376
132,241,13,3.795637,255
265,168,8,2.610330,548
135,218,19,3.945093,1168
374,322,8,3.105313,297
221,48,20,19.894987,1013
357,40,5,12.251180,227
66,346,11,0.770345,617
372,53,12,19.172427,1139
138,94,15,18.475669,1082
211,23,18,4.305678,539
121,242,6,18.776458,503
30,191,6,16.633580,1102
15,104,14,14.127889,732
219,155,18,19.756770,696
177,175,17,2.271078,663
288,313,12,10.489713,705
121,53,9,16.283452,733
235,285,7,8.185702,337
306,262,9,15.163436,1120
153,65,6,9.870585,741
379,358,8,19.152747,650
174,29,14,15.062137,411
394,253,16,18.901400,558
126,177,6,16.267600,442
207,385,16,4.431721,392
284,387,20,11.573471,635
163,177,6,10.739793,770
117,195,7,10.532296,230
308,183,20,11.703722,148
64,233,14,9.882384,442
229,90,18,7.145440,249
2,306,17,9.763991,289
144,299,11,19.794672,610
353,144,11,18.922802,202
182,284,19,6.404286,1147
279,76,11,13.962347,1070
149,357,20,13.017087,202
298,188,14,8.452146,1118
304,100,16,0.784516,595
275,25,13,19.416920,175
308,151,14,15.782364,1008
178,68,8,16.204267,910
209,399,16,17.686453,572
138,146,12,0.134199,561
283,166,11,3.873377,871
259,383,9,16.124700,1084
342,196,13,14.685569,629
383,300,14,4.018194,942
15,173,19,12.089584,683
334,221,11,8.973245,153
121,393,7,10.899167,217
376,64,12,9.893787,251
274,301,18,11.206210,662
228,354,12,2.543605,107
358,263,17,3.553202,843
61,225,19,14.679887,1065
118,271,17,10.984680,376
33,189,14,3.927339,534
366,251,12,18.319857,302
338,280,6,2.167403,128
15,253,6,0.233178,537
214,15,12,19.806663,963
266,260,16,8.685083,1021
57,199,18,7.103258,1105
64,314,10,10.249362,942
172,209,17,3.173806,1131
262,271,13,16.606378,756
65,214,10,0.263017,337
262,263,8,11.564191,161
72,29,6,10.528140,1098
234,283,17,15.497846,346
218,61,9,15.388811,898
156,358,6,5.198482,1086
140,130,8,16.083732,426
14,132,18,3.787858,426
191,70,18,1.212450,627
33,171,17,13.710076,888
87,64,10,17.055140,201
64,156,11,12.653216,712
280,398,14,3.609699,330
114,141,18,11.514775,226
348,261,6,9.581830,152
81,360,15,15.382989,498
393,322,6,12.574456,645
140,85,19,8.085507,183
379,245,11,9.615628,973
190,168,20,2.930283,1114
152,205,16,17.828667,659
253,2,18,7.669575,262
229,257,19,1.936273,112
242,172,6,0.513626,848
77,44,16,12.236057,360
162,19,15,9.756369,169
340,323,20,15.698420,566
187,370,5,14.213615,227
275,97,16,16.898979,1122
137,295,9,5.641076,247
229,173,19,20.323857,314
257,15,18,0.042696,458
243,318,20,5.343213,264
97,26,10,3.267001,949
77,354,10,16.586029,1080
111,65,11,11.767926,160
243,117,18,20.174355,551
122,164,14,10.414553,1030
27,12,19,13.777454,1102
122,354,16,12.858805,950
56,344,15,16.013559,1046
393,46,20,8.615241,267
17,354,6,6.687582,472
334,329,11,10.830709,448
79,153,7,6.922217,354
357,25,13,0.909844,620
124,164,5,4.126658,1077
35,232,10,0.392342,117
311,275,12,6.988501,493
160,144,10,7.483818,1188
86,112,5,12.714026,859
346,117,13,7.255992,266
54,85,5,1.307303,383
154,284,20,2.343852,242
89,121,20,9.265132,772
184,168,13,5.897296,1053
351,136,17,6.223186,1155
106,68,15,13.294128,767
65,317,7,17.493448,218
235,51,16,13.462590,559
336,346,19,18.039135,773
105,46,10,10.396307,866
270,159,14,12.793530,1065
109,250,6,15.753526,834
73,183,18,10.080450,318
378,175,19,16.225979,432
45,220,15,15.014874,419
230,131,20,7.791864,881
205,177,8,14.611847,1082
161,292,10,1.090355,1028
273,79,8,4.610408,129
378,3,12,4.684111,1144
74,295,9,2.766902,560
294,273,6,13.889445,234
40,371,8,12.518411,1036
353,387,11,3.819174,770
51,345,19,0.505134,641
365,327,7,6.182811,969
136,159,14,14.648081,950
15,86,9,16.907648,1025
167,5,12,20.267923,361
46,3,11,11.657394,329
375,250,14,0.235412,314
173,341,14,4.394204,919
246,109,10,1.017322,915
126,16,19,11.454086,557
194,68,6,5.039773,996
302,60,19,19.599520,919
96,350,12,0.649011,1090
334,198,14,3.481372,246
10,362,17,5.769649,1198
239,319,12,12.946032,840
294,105,17,5.852009,264
382,20,11,18.116473,420
198,233,10,9.961299,909
184,385,16,15.922139,896
80,178,10,11.299639,929
194,195,17,0.752840,1189
382,48,7,12.925436,549
330,268,19,18.372105,541
277,320,20,5.144090,738
144,263,5,14.662951,1155
301,274,18,4.954802,404
320,240,5,4.904912,793
33,115,5,7.111663,1105
146,154,13,2.502476,371
65,236,16,20.240704,672
345,235,8,10.378169,452
27,320,18,11.004785,252
388,198,8,20.090950,1150
374,210,13,10.919000,185
323,66,17,1.451127,449
208,105,16,2.228384,858
138,176,13,4.318471,179
248,243,18,0.623816,332
147,191,9,9.594867,427
159,99,5,9.856720,481
23,0,17,5.163458,102
242,348,12,19.034450,1053
39,84,15,9.341152,524
98,357,5,14.787224,204
56,61,11,5.738477,705
48,107,5,20.200382,547
259,395,19,4.237911,100
120,328,14,14.212451,186
253,343,17,8.505169,807
333,48,11,14.600036,981
345,240,9,13.720105,168
304,184,5,12.666371,1088
70,280,14,0.643357,1096
56,133,20,1.065697,1110
193,73,17,10.148021,729
317,202,6,11.532178,1001
206,25,16,20.111117,389
341,248,5,5.669927,257
118,235,19,12.267146,791
181,142,7,12.753816,300
72,131,16,11.813923,685
294,13,5,3.086007,639
165,99,9,12.822113,574
103,91,8,5.117511,834
116,231,8,0.157594,934
187,255,8,10.271775,461
373,61,16,13.571262,860
166,237,17,8.238417,770
280,61,13,7.742473,183
206,148,19,7.415817,910
239,241,16,2.578735,947
288,309,8,6.480345,860
179,325,20,10.971837,720
107,355,7,19.095398,335
391,221,12,2.179053,324
189,106,5,17.708819,319
291,316,15,7.240440,203
5,290,12,14.812787,524
220,271,15,8.187116,1136
92,112,7,9.020187,146
37,64,19,10.070983,510
264,265,18,11.523072,326
361,313,17,8.871473,828
176,119,13,3.989772,619
389,37,17,16.936433,363
72,121,20,16.764231,854
337,349,11,13.652190,158
273,216,20,14.689002,125
47,377,17,15.798091,653
138,376,8,17.087122,295
288,249,11,3.429488,942
169,112,11,4.745944,894
192,86,20,15.353728,1140
260,238,19,10.359348,301
322,328,15,15.000760,698
277,190,18,17.189318,975
265,12,12,17.040563,382
377,135,18,19.277416,620
186,344,5,0.284963,237
318,185,18,10.065420,1142
75,327,8,0.265399,186
390,105,5,10.954850,934
364,299,7,0.881234,444
193,265,16,7.879014,480
232,115,16,5.700596,265
111,152,9,4.622783,574
30,361,14,1.758335,140
79,89,7,15.637162,1120
15,27,13,0.095632,224
381,26,20,4.805666,819
329,57,19,10.878115,849
272,10,18,18.618707,644
244,206,14,20.326376,418
177,182,15,1.556321,146
389,144,15,20.147573,1164
239,26,20,7.252708,958
361,213,17,16.564155,799
261,170,20,10.988407,740
122,75,20,20.041535,890
74,51,15,11.796491,360
261,381,19,10.811534,1105
347,262,8,4.192204,1134
294,54,10,19.325596,409
210,193,20,14.819774,263
151,227,11,10.127363,173
344,99,13,15.495953,231
164,51,13,2.486157,918
3,294,19,10.905450,1091
182,370,11,17.500523,750
390,349,9,16.833916,731
9,46,10,17.448265,669
119,49,7,2.289939,458
44,201,14,18.933933,1122
173,8,6,5.813099,226
61,106,11,19.563574,699
340,119,6,8.962817,1034
35,212,20,6.946036,761
130,306,12,19.706875,920
304,130,16,0.818038,930
244,134,6,0.137788,653
97,206,12,17.135783,999
39,47,18,6.385919,607
318,160,18,11.256741,241
162,139,16,9.847875,684
166,64,16,6.206635,533
383,182,13,9.935567,905
170,390,10,1.935945,332
273,259,11,2.738806,985
100,67,8,6.723491,363
317,388,9,12.232801,1006
205,197,8,9.564611,1032
169,276,16,16.660177,226
30,132,10,12.880683,336
254,360,15,16.426351,228
51,106,6,18.938843,438
292,360,10,3.513626,879
175,371,12,4.563820,983
149,156,10,2.130954,724
387,237,8,6.453083,497
38,181,11,2.474953,252
148,114,9,6.861601,258
173,29,16,15.625778,365
359,296,17,7.287186,198
170,72,10,1.022505,923
376,248,20,7.511821,1137
269,359,20,12.851767,1143
150,91,14,20.375900,669
73,112,17,12.927863,201
278,264,16,4.996065,789
232,339,9,2.990216,763
113,160,5,3.530271,317
231,341,18,7.695187,1200
279,223,9,19.961353,987
13,40,5,16.532202,343
2,86,17,8.934157,681
248,10,10,8.856651,117
2,21,6,19.010239,803
154,253,12,9.763653,360
116,136,20,11.898594,1050
382,285,15,16.129495,607
351,203,16,0.908639,274
98,151,12,2.774916,886
264,56,12,15.969035,214
86,323,13,1.583629,226
99,90,14,15.677088,447
344,378,16,3.385883,292
346,108,19,5.352044,798
217,393,9,16.731354,762
371,35,7,10.137995,922
337,107,16,19.981488,562
199,145,13,16.364862,1047
364,61,20,14.052686,401
23,135,14,12.387638,313
216,205,18,2.279831,672
102,315,18,17.224982,554
350,78,19,14.985016,840
30,340,17,10.986329,118
63,295,10,8.795727,808
126,155,10,17.306784,1028
194,50,5,15.307415,324
122,399,19,14.693573,802
75,324,12,8.415273,1066
340,162,19,8.003363,993
44,123,16,6.048814,890
183,56,16,16.021294,1134
286,299,15,14.085077,832
134,149,5,2.104774,366
120,44,12,1.945692,972
355,96,6,6.048095,707
231,255,14,18.775967,286
134,343,7,8.900794,159
65,54,6,6.831818,960
102,286,17,9.117698,370
184,39,6,15.076651,1172
371,234,18,6.652812,411
241,44,5,14.570530,220
230,139,6,1.519788,613
115,7,8,8.488996,470
181,57,5,1.557726,383
135,354,10,5.988853,810
359,256,13,7.327517,1167
130,175,12,7.059707,271
266,199,19,14.461053,365
328,69,12,11.389182,629
281,383,12,1.056658,755
371,42,12,5.031916,1041
155,229,14,5.060160,938
308,280,12,10.812102,588
344,326,12,13.977754,137
164,168,19,14.395667,1143
144,203,20,2.090747,319
374,259,11,11.230765,264
301,141,6,1.238616,510
81,165,5,5.619415,154
360,300,11,6.940484,649
51,292,6,13.791678,433
177,276,7,8.034040,209
162,168,18,18.024006,593
27,153,9,3.798097,343
362,323,13,6.333812,855
376,301,14,5.972954,747
185,62,15,18.910778,983
212,87,18,1.284196,290
200,356,15,19.837625,871
21,193,8,19.083220,601
174,254,10,11.954911,517
234,256,10,9.865720,354
271,131,10,15.759070,654
7,296,18,12.753985,389
110,334,12,6.099479,1176
82,115,10,9.159530,455
23,341,6,1.597215,910
141,325,12,10.905107,997
235,129,17,8.101798,908
133,246,18,15.259400,785
272,271,16,4.783951,1047
357,8,19,3.408932,418
111,104,19,2.873510,1019
24,369,18,19.072135,494
158,36,9,16.352007,562
250,109,18,6.162487,1112
239,106,11,18.999870,806
347,380,5,5.735562,579
19,239,16,15.632967,1136
387,367,8,11.299310,292
88,149,19,14.556328,748
357,387,17,7.614994,134
314,343,17,15.751297,336
275,238,15,0.197572,724
334,74,15,16.585907,1135
303,165,19,10.939775,855
197,85,14,5.733139,286
193,253,13,7.398666,1014
277,259,10,18.125979,511
269,19,19,0.170512,1043
228,170,18,1.383386,1178
301,166,17,7.262166,458
327,378,12,16.779714,191
282,48,7,13.784279,672
89,164,14,8.111176,787
277,295,7,2.940217,990
265,382,5,4.342064,105
29,122,8,17.482798,402
228,54,10,3.958655,1175
362,68,10,12.383560,1034
161,363,19,3.340330,991
319,365,17,19.154569,540
158,153,16,8.285332,250
211,244,8,0.168449,279
376,317,8,1.892026,713
52,239,15,19.533486,449
234,227,5,15.745217,893
81,56,12,2.821797,286
78,46,7,19.369905,497
140,274,12,2.428623,1172
292,108,12,1.261053,372
171,54,12,7.929243,941
395,146,17,8.903424,1142
306,166,9,15.879089,398
238,306,7,18.208174,1083
92,180,17,7.282289,921
17,307,16,15.221215,117
87,80,9,16.138229,138
290,63,5,12.878745,942
209,261,20,14.557267,234
200,348,8,7.185314,1074
63,99,10,11.097794,217
382,287,13,4.766216,635
21,282,15,10.839641,675
242,366,7,7.176898,818
388,148,18,1.517073,232
284,275,12,12.964150,1191
249,253,14,6.658631,508
143,199,8,8.058321,574
92,30,9,15.265730,1081
383,51,13,0.457445,458
374,253,8,16.016193,941
104,74,5,14.188582,441
238,346,9,5.369001,777
79,351,9,10.670091,730
118,201,6,4.133945,477
172,191,19,10.855229,1196
206,42,20,0.347215,678
157,366,10,1.491427,499
217,197,19,15.608712,381
349,352,17,7.773627,1121
64,258,18,16.422125,714
326,149,5,11.345710,121
298,376,8,19.550917,612
329,264,12,12.992192,1043
124,386,8,12.646244,721
195,387,18,7.978998,1142
242,154,18,20.134294,987
345,98,12,11.001963,558
230,311,12,7.564054,607
47,151,18,11.063875,571
98,389,8,14.200612,1166
122,144,5,10.318136,156
174,235,20,5.031664,612
168,0,19,4.773509,901
305,137,12,6.465409,1156
340,43,15,13.717343,1074
3,141,5,19.216087,588
242,91,18,13.720012,913
138,226,14,5.894080,462
176,375,17,6.896574,518
342,133,9,7.079017,699
54,3,5,6.108169,160
359,393,8,12.285559,1138
387,33,9,5.496104,117
187,264,16,19.895246,1074
386,151,11,18.689849,281
76,314,12,0.898993,944
233,32,10,10.025848,687
244,292,12,9.571293,833
6,343,12,13.639165,352
260,154,18,4.778737,1076
33,36,10,19.868902,537
369,225,10,4.054301,1040
357,224,16,0.222189,436
324,378,10,8.013480,214
151,22,11,0.252499,886
372,20,5,4.191443,926
28,163,10,14.683647,621
367,160,7,17.858331,734
144,283,12,11.409815,701
258,157,14,5.929767,996
36,242,17,20.275515,1042
225,285,11,17.423698,106
377,11,10,9.955015,435
86,370,12,16.562638,455
292,92,10,17.335924,664
140,211,10,13.300721,435
363,91,10,4.720221,397
142,362,13,5.545952,621
340,80,19,5.797924,782
356,16,13,8.184627,968
377,198,9,4.867235,580
38,159,6,18.821035,577
282,355,6,11.156830,388
223,43,16,12.727259,972
245,45,9,2.655047,777
333,147,5,6.849550,725
345,329,8,14.053307,280
151,175,18,12.071554,269
116,105,13,2.370313,275
330,45,11,2.858053,114
244,68,19,11.348775,124
42,18,14,2.129477,799
228,64,11,3.837583,797
117,99,11,11.913767,802
170,2,8,11.660651,415
225,30,12,12.824981,418
281,221,15,3.423874,1130
79,265,20,0.156098,803
136,64,9,14.225428,381
234,360,6,7.456772,401
298,295,13,6.219994,775
375,173,17,4.939549,272
304,3,14,7.546649,471
221,97,13,19.959793,531
169,159,7,10.434979,1189
14,367,17,18.003709,468
380,197,20,10.865925,310
80,180,14,9.063655,1015
163,59,6,19.828333,388
228,357,10,19.421955,839
212,380,9,17.039980,549
160,245,12,12.079361,881
45,97,18,12.138549,628
180,356,19,15.223577,693
138,162,18,10.473874,998
344,320,15,15.961219,120
325,157,10,9.066834,712
108,312,8,3.663404,886
119,360,18,14.829493,1007
126,302,9,10.424875,727
35,209,12,8.316697,588
66,201,15,17.215248,865
136,46,14,8.239035,1194
17,116,14,0.858985,843
102,22,10,10.362040,172
326,34,7,7.534766,943
73,122,10,2.639550,663
249,235,12,18.686926,969
102,184,18,11.610927,398
192,169,11,11.836237,715
134,172,20,0.477199,686
279,115,14,19.572761,936
356,387,13,3.379436,981
309,380,16,11.966396,916
36,103,16,12.797230,621
75,182,6,4.029698,751
40,348,11,5.187220,1179
345,393,7,13.871218,604
328,350,10,10.825268,499
354,129,9,20.066185,380
376,379,16,6.660434,804
276,131,17,4.935420,1107
253,50,14,12.361465,143
171,264,9,0.431394,887
174,58,15,7.653696,807
280,380,8,13.737239,597
187,7,13,9.960644,991
375,12,5,17.299342,369
6,370,19,14.422051,1075
266,71,5,14.046211,358
293,368,6,0.289578,987
126,52,6,14.410822,503
220,81,20,16.145904,610
371,179,6,0.988795,928
371,228,16,8.449660,110
355,181,14,18.011863,316
386,360,10,3.484598,491
266,284,6,12.212113,769
209,198,19,10.679787,137
395,80,11,14.530776,561
24,87,15,6.635330,1148
382,387,5,15.837815,363
44,9,11,2.174589,514
319,356,9,0.270895,132
185,134,9,9.701323,997
60,131,18,11.360825,799
165,93,15,16.312610,1135
271,68,15,7.020678,113
209,247,16,10.511462,767
291,252,7,4.888441,1084
86,235,19,1.490244,987
290,85,8,11.819277,1099
22,143,15,11.127775,1077
139,34,13,9.898660,1178
301,142,13,4.606030,394
338,177,9,19.766596,534
88,112,8,15.847377,544
4,233,9,2.337435,594
375,284,20,19.476585,188
167,60,8,14.847175,829
380,108,14,2.590844,180
328,133,9,11.665507,1007
22,346,15,5.978156,405
347,239,7,2.806513,664
328,253,16,5.613626,872
315,91,6,19.594089,810
227,190,12,16.741476,1144
310,13,17,7.176975,1144
185,324,7,9.087539,864
246,121,11,13.816092,359
148,371,17,13.473231,727
385,65,13,13.198284,833
391,163,10,19.435989,967
51,144,19,12.546322,390
16,241,19,19.569607,133
196,3,11,7.146100,778
54,173,10,18.570323,1051
166,222,15,19.924078,354
224,151,17,10.273059,824
11,293,6,3.682043,845
61,198,19,1.597392,421
164,147,5,12.090297,630
277,117,13,10.811974,409
122,26,9,19.699342,1054
329,359,6,18.001303,609
346,15,10,1.508086,248
270,399,17,11.754093,288
3,64,10,16.414761,962
303,302,10,10.839748,895
398,105,12,16.670877,914
95,7,18,3.741981,836
133,399,11,20.440254,719
233,30,7,18.393986,819
223,322,17,4.407104,1127
390,20,16,1.087435,296
379,355,19,2.453834,326
240,11,15,14.021831,395
238,230,20,2.376976,107
84,32,15,3.412738,104
128,300,19,9.262017,604
370,5,9,17.915138,592
40,211,15,13.250471,121
166,352,12,1.558230,200
233,76,11,16.111662,703
296,256,20,19.392417,114
110,326,15,1.395120,1171
85,181,18,18.768955,673
28,72,12,10.473889,1018
185,261,5,3.983090,665
171,102,14,4.726330,772
192,43,17,13.308074,759
285,399,20,7.394956,901
263,163,10,4.504890,438
315,204,17,4.034446,298
126,64,5,6.563546,933
1,114,20,0.972470,825
376,303,13,13.168244,285
356,95,10,2.078138,351
375,324,11,3.596451,843
293,312,6,11.086502,653
73,196,13,2.916007,1175
263,238,11,6.490088,425
234,345,10,3.210345,1108
45,366,5,1.932994,904
338,165,6,16.934330,442
66,390,17,11.835180,776
3,186,18,14.124638,330
288,375,11,12.135824,768
232,158,13,18.944864,329
157,392,8,12.572427,166
113,343,19,11.898239,1181
332,333,6,17.898178,225
360,94,5,7.967769,368
394,83,16,14.768019,915
275,342,9,11.041998,889
338,139,18,6.773895,363
28,13,18,7.233079,306
381,267,19,12.898100,161
83,130,19,15.393445,991
102,6,6,13.997371,128
305,52,16,12.021379,616
186,268,16,3.355909,369
323,184,8,3.923610,953
38,285,8,18.626652,1052
132,311,20,15.296266,874
47,376,6,0.037758,409
169,82,16,9.060530,665
84,329,13,2.506547,1196
232,294,15,14.142504,1010
109,100,12,7.342927,640
54,94,14,12.597767,868
47,115,12,4.227493,408
108,56,16,1.585420,281
109,204,15,16.893587,351
31,11,11,19.066095,723
295,294,16,8.660476,621
394,160,12,6.079690,541
354,344,10,13.913660,1193
118,130,13,12.712070,780
183,73,14,3.679467,496
386,283,9,19.038842,229
379,302,8,19.518924,468
65,145,18,6.596263,1153
53,202,17,12.339001,806
260,352,16,3.195277,189
110,296,5,7.012441,238
16,193,11,1.569605,405
135,304,11,6.323596,217
343,199,12,13.415536,1141
339,397,12,13.452234,855
329,90,18,10.300190,664
19,393,8,7.657799,296
210,150,19,13.349879,814
88,232,20,3.885377,1172
208,382,5,10.505095,885
303,284,15,7.583906,188
368,355,5,16.716908,382
61,131,15,3.220478,427
277,186,20,3.835096,130
162,119,5,20.086997,811
19,137,7,1.797227,868
59,384,11,13.962912,619
199,212,9,3.268127,828
180,335,20,15.080629,324
161,56,12,0.873367,1094
343,355,18,6.045619,850
165,345,16,3.042125,1148
206,143,15,4.516523,890
323,223,14,19.147283,1181
398,121,6,16.710671,324
125,1,11,5.515375,1144
97,52,7,9.099678,293
173,325,13,15.308018,756
108,75,13,2.067988,175
123,54,9,2.082797,881
15,70,9,15.365900,227
261,364,11,0.702844,176
14,238,15,8.991035,208
171,14,16,6.574068,318
140,221,16,13.109907,506
242,21,18,15.067227,908
97,70,19,17.328494,472
125,257,19,19.227347,550
303,350,19,19.927603,100
63,302,17,0.711112,548
282,153,7,8.109546,514
360,146,9,9.882663,1189
261,348,6,20.098222,976
23,374,14,17.873675,270
140,192,8,7.402559,204
105,364,11,3.044236,1192
19,193,18,9.805037,705
60,384,9,10.051763,641
101,218,5,4.941393,925
331,22,18,5.622999,193
49,294,20,0.884425,846
250,260,6,19.183491,231
324,148,8,2.608868,1147
10,287,15,12.861579,365
13,187,19,11.216594,545
219,256,15,18.065690,906
258,131,9,6.256449,384
67,361,7,2.992894,994
395,240,11,10.513764,209
169,1,18,15.867404,934
35,27,20,10.093808,672
195,19,9,5.504795,268
49,46,7,10.101712,1028
385,203,14,13.492259,128
156,14,16,14.281328,1147
293,375,11,2.404475,700
288,161,9,10.272175,104
237,145,9,12.013877,703
22,240,11,19.210603,705
291,65,20,13.918018,275
21,26,15,7.605855,622
306,250,10,10.382561,313
290,379,13,19.079141,1016
159,309,7,9.838180,596
216,38,8,15.671097,421
331,7,14,0.495715,403
259,8,5,18.611125,901
290,185,5,13.998407,472
20,78,5,13.963097,107
156,161,9,5.960283,281
383,245,10,15.104152,210
126,371,14,3.459320,520
239,270,11,8.240126,916
58,55,11,6.553652,405
275,387,19,1.691424,201
283,131,6,12.931515,455
83,48,19,3.703576,247
266,245,8,15.323269,286
246,368,16,1.950849,158
245,111,15,19.387874,714
344,40,9,19.748641,381
168,351,12,16.474746,377
390,337,15,7.307378,1121
132,261,13,8.202364,1104
290,233,20,5.463530,949
335,304,20,2.251883,990
339,219,18,6.826970,203
83,61,13,12.487291,202
237,295,13,4.023040,256
170,29,10,5.779881,936
5,31,19,19.380766,104
212,153,6,18.071108,1107
364,385,18,16.436973,724
175,12,12,16.394313,1130
196,344,16,17.772611,1043
184,232,12,17.624389,1095
255,132,11,17.512629,894
313,126,13,0.061882,1083
114,189,7,18.389125,1192
130,186,9,11.720627,527
20,235,15,8.219476,242
224,317,5,9.954351,819
262,379,14,12.860134,666
314,350,20,6.157147,854
330,385,11,9.482687,878
274,168,17,5.403932,1047
91,233,10,6.152796,1162
344,134,9,7.285038,688
6,365,13,8.657741,672
238,164,15,2.551462,589
357,99,18,2.421490,125
376,313,14,6.236451,299
248,242,17,9.519417,1041
392,61,18,17.014182,870
242,146,11,19.032903,102
222,89,5,10.650000,826
52,91,8,1.828815,144
130,322,18,2.696624,837
224,268,19,18.892967,492
103,257,5,7.051790,1143
243,102,9,5.118781,554
182,247,6,2.036670,1048
81,94,12,2.442626,254
34,109,12,7.464776,1034
2,192,19,4.257074,899
194,127,10,7.710493,971
4,53,14,20.461905,202
198,244,12,5.327315,224
182,20,14,0.678874,955
205,111,15,11.365833,1081
326,246,10,13.881114,821
28,299,10,8.763889,789
192,24,11,3.334230,327
328,183,8,16.139958,388
317,39,9,13.428506,457
158,101,7,10.059121,446
155,81,17,13.834988,578
86,290,12,7.983946,731
345,399,10,5.696265,400
21,283,6,3.692482,584
356,70,17,9.447078,919
92,159,15,1.910729,436
374,40,15,10.577022,1112
246,114,18,10.066571,142
68,306,15,1.392444,856
327,31,18,17.761881,892
174,65,5,4.646758,912
92,64,12,16.275567,1010
321,239,16,17.879090,485
103,22,7,1.712352,676
318,199,12,13.695734,583
97,17,6,19.494182,622
161,112,8,20.144454,348
195,390,18,7.398983,427
318,384,16,7.418210,711
399,31,8,7.539377,283
290,357,19,3.703835,1098
68,300,11,15.777020,416
123,332,16,6.969679,1125
221,102,16,2.759378,644
307,138,8,6.210848,538
55,245,17,10.272255,957
169,55,17,18.362443,291
358,204,13,1.921440,641
204,233,7,3.960858,504
244,104,14,9.215205,283
246,139,13,11.955071,911
58,399,16,4.338818,717
321,263,13,2.236970,766
152,170,19,6.303923,692
393,122,11,15.574210,718
82,66,11,4.495252,394
293,249,5,9.038447,203
7,251,12,15.143745,339
196,229,20,17.964061,237
237,137,20,15.309303,576
71,0,8,20.431087,454
94,183,14,2.249563,436
84,322,19,0.955449,998
243,51,9,18.828975,467
323,39,20,7.611271,998
32,149,19,10.356265,725
21,183,10,18.732318,126
32,292,16,5.629511,450
183,241,15,11.291500,920
68,262,13,11.389264,411
225,108,14,12.991543,223
205,17,8,19.672515,1150
25,219,20,18.622106,1069
373,295,16,4.737457,333
166,201,15,1.286157,300
116,188,15,12.444033,1184
279,356,11,2.287011,309
107,4,17,9.003225,1087
229,299,15,11.989096,493
308,59,20,7.118302,402
63,393,8,7.939945,562
399,196,12,11.085659,179
294,116,11,1.501614,642
277,14,12,3.039159,705
233,5,11,16.933760,968
236,13,18,1.689848,307
56,43,17,3.443492,313
393,19,8,12.109587,848
13,336,16,14.168903,375
52,280,11,15.384781,178
229,120,14,14.030958,964
356,18,14,1.299401,699
226,223,18,11.733525,584
104,21,9,16.521115,838
293,345,6,13.821672,1046
36,91,15,7.122992,882
175,252,6,20.422783,137
6,218,19,9.849671,499
272,115,5,6.885673,1033
264,270,17,1.156396,684
29,13,17,2.898953,608
171,84,10,1.497886,867
239,93,9,10.419930,227
250,270,5,17.501164,307
282,333,8,2.940187,545
381,227,6,11.676834,306
153,193,17,4.176805,628
1,88,9,1.227859,264
157,86,11,10.317477,1107
197,64,18,11.149278,767
132,12,13,5.130431,479
143,119,16,9.830107,593
138,75,8,7.354603,1056
5,45,7,4.207724,318
372,25,11,19.879911,655
89,244,9,4.139662,178
228,68,5,16.645987,173
274,32,5,9.462243,200
71,254,13,6.867550,1055
337,384,6,3.993013,751
177,267,14,8.636344,526
127,196,10,13.439441,474
240,243,13,15.063956,790
395,47,6,9.517068,501
5,193,13,0.306004,957
263,171,6,16.882618,917
165,222,19,20.105870,526
364,356,7,8.471834,992
204,38,20,3.171317,575
70,249,6,2.291499,867
211,225,20,4.865320,407
101,71,10,0.325196,1120
227,291,13,11.954095,572
261,387,20,5.880244,405
266,290,8,4.868004,392
83,244,5,9.366236,358
298,288,15,17.373366,345
368,16,7,17.508741,1040
43,203,17,12.193788,1022
64,12,20,17.689937,429
153,289,13,19.463742,424
118,323,8,7.809375,1095
243,190,14,17.918434,1022
103,180,7,7.605442,930
58,174,14,16.571564,415
31,302,9,0.789717,619
57,154,6,11.269788,572
61,29,9,3.656661,1050
279,57,17,5.006503,1030
248,136,12,5.511213,381
89,11,7,12.221877,996
69,244,15,20.403624,263
222,3,13,16.856927,990
382,290,6,12.187438,675
392,97,13,13.550615,210
258,309,14,10.474109,891
187,30,9,12.138614,370
89,317,7,14.923283,945
312,54,7,10.831747,724
249,11,7,12.144171,498
192,296,17,8.218027,417
202,363,5,4.039991,210
2,148,11,15.069359,1055
209,298,13,7.076938,336
75,95,13,18.524324,403
374,236,20,11.503373,1041
247,325,6,6.140005,338
207,101,16,8.826084,989
134,129,10,15.894888,182
117,249,17,5.463055,377
213,59,6,8.561875,1088
188,325,20,5.387129,1167
110,59,14,3.096629,854
32,321,6,7.716508,763
135,151,19,11.938806,955
152,270,15,1.411738,702
39,40,16,9.137364,407
119,159,8,2.469042,1002
334,162,5,1.316643,403
103,27,15,7.449802,267
277,142,5,2.370796,951
278,30,11,15.508739,697
119,86,17,6.003074,633
49,4,5,7.234945,1181
299,12,6,9.086056,263
3,257,15,12.179033,643
121,15,19,14.986698,1042
176,155,17,1.296794,767
118,348,16,6.154306,241
169,114,17,4.711494,407
26,258,15,13.157802,228
273,383,17,3.251358,528
370,69,9,8.085515,679
282,309,9,13.978651,117
39,50,19,4.808911,775
221,114,8,17.176169,705
235,5,13,7.085483,773
292,127,15,2.464492,886
223,160,12,7.940164,1113
201,276,14,1.189507,965
235,73,7,12.980802,772
99,144,18,11.917247,177
174,317,15,16.285757,1074
171,81,16,13.515921,754
274,170,10,9.823304,566
18,119,17,14.864197,1154
150,273,12,14.927391,828
111,257,16,19.691125,1111
48,312,14,3.820015,188
308,102,16,9.896659,1046
386,135,9,19.708152,352
10,56,6,11.011285,979
365,338,13,17.838224,131
268,246,15,16.407224,643
364,76,8,13.678362,1139
133,0,10,12.469767,965
174,280,18,16.654722,462
26,206,15,15.622629,320
111,333,20,18.045375,1104
368,365,15,13.945721,998
257,70,8,8.067303,1193
211,236,7,13.783802,225
349,100,11,18.276528,141
221,321,14,17.423640,1118
18,35,14,18.072091,1046
288,360,5,8.871445,433
235,48,15,10.351929,1129
166,126,6,12.462461,746
45,66,10,17.627286,580
155,141,13,17.020925,652
44,368,17,6.738199,549
352,8,10,18.741074,1172
358,68,11,15.588519,486
108,290,15,12.108677,1135
73,68,7,13.482145,694
351,291,20,14.702200,435
124,206,10,0.751907,398
239,126,6,8.478426,1185
175,173,9,20.222342,559
201,261,17,14.950048,1172
189,171,12,20.279658,777
391,161,16,6.560799,1177
220,341,5,11.401489,1015
267,376,9,6.364628,751
124,150,10,11.993172,920
324,82,8,19.818018,148
139,101,8,12.424365,518
177,8,15,3.964958,475
55,282,19,19.185434,605
28,97,14,16.287635,319
354,328,13,10.816277,340
250,99,5,16.469029,463
269,178,9,3.255642,867
167,298,19,7.546886,612
12,314,17,9.166342,375
306,315,9,11.736667,1145
329,361,20,11.492486,1117
291,324,12,17.049121,335
199,220,17,11.425287,1161
150,258,20,17.963041,310
26,233,14,10.242913,138
324,369,19,4.827122,551
113,8,17,16.501946,792
69,274,7,13.951649,396
177,201,15,7.820535,561
347,227,20,2.115389,851
270,176,14,18.308346,580
68,5,19,1.483884,279
82,130,19,15.511407,253
361,89,11,20.136366,269
44,341,18,16.577483,335
120,201,11,16.135246,439
21,313,9,4.391598,683
233,8,12,10.796354,787
283,176,15,9.505829,1114
36,170,18,14.854834,269
304,48,12,19.270258,675
328,259,15,16.451816,704
60,381,20,19.011132,848
265,230,16,11.241298,847
31,51,10,10.627531,974
270,268,16,20.084660,985
58,188,7,16.985593,504
83,133,7,12.991574,103
42,65,7,20.107108,511
154,33,8,13.339424,372
21,81,13,3.840463,745
147,209,19,9.060278,318
235,346,6,0.115775,180
310,270,18,9.988254,1098
27,87,16,4.663128,517
237,274,16,12.891480,1043
135,128,8,5.631982,292
187,276,14,0.418984,143
249,283,18,2.516455,160
186,61,19,17.764484,618
44,244,9,17.761602,219
278,284,8,16.827657,553
345,297,9,1.892343,286
259,139,7,14.045476,984
169,48,17,13.760939,926
12,186,17,12.856953,932
272,102,17,12.746116,749
153,3,13,14.743286,576
200,152,13,10.881945,1148
320,192,11,6.066286,331
311,177,12,15.309322,1098
360,31,7,15.818852,890
20,138,20,13.838579,1115
255,341,5,20.239871,997
261,188,17,5.692845,263
299,282,16,7.501282,206
268,398,10,17.890977,323
246,398,16,7.911673,131
68,54,9,15.899486,1119
290,313,10,17.972989,748
142,81,9,19.661443,1032
219,208,7,15.330735,245
38,65,18,8.426165,110
106,175,11,19.163347,305
165,276,16,17.517928,984
197,39,5,2.591380,400
312,364,6,9.682545,283
297,267,11,3.833130,893
367,290,19,10.672213,1163
386,143,5,3.520124,202
97,378,8,1.742909,458
18,352,8,6.057113,465
324,196,20,5.035740,621
190,129,9,17.844223,490
240,288,18,19.570944,984
246,17,18,5.186482,305
117,183,7,0.588457,941
251,343,5,16.052326,420
231,32,20,10.798714,728
225,8,9,16.206238,1072
192,76,6,13.876693,1156
395,187,15,6.046144,1120
7,75,13,12.492014,291
335,339,14,2.324476,495
191,258,9,10.283265,828
143,258,8,6.261025,198
147,286,16,3.114559,318
123,30,6,10.188019,758
38,40,14,5.199089,670
20,350,12,14.701670,806
359,41,11,18.461139,526
12,313,19,15.833609,513
155,258,8,16.103481,786
18,81,11,6.425263,954
318,50,17,0.978552,134
117,66,6,15.423473,1075
218,29,17,17.712777,229
7,288,5,10.039852,1076
266,258,11,9.187903,1161
184,356,15,12.714151,603
168,31,20,12.096581,209
358,152,19,5.624320,540
97,22,14,6.583301,499
336,398,17,13.011826,378
81,42,11,12.825494,925
277,33,16,1.302574,1155
158,47,12,1.990989,936
378,149,8,10.915743,1036
58,231,17,0.318782,904
227,47,7,19.982025,955
243,251,15,19.056966,119
173,184,14,16.587726,550
25,3,16,10.494745,986
135,294,13,0.850120,914
197,74,8,17.462387,609
200,388,18,17.106464,978
358,164,9,2.993054,397
327,95,13,20.477444,949
128,131,9,16.254039,370
249,245,12,19.051415,431
243,383,19,2.585883,960
127,169,8,0.277545,942
7,24,6,13.723742,205
204,365,19,7.530909,662
178,136,7,7.195822,332
346,318,20,11.344816,188
198,393,17,4.697942,154
334,259,17,8.769892,1100
188,89,7,13.510361,1086
222,64,15,17.180546,675
12,256,12,3.381579,706
3,258,11,16.672995,703
353,325,13,8.489582,1165
41,147,16,16.728675,553
71,56,11,13.018977,904
289,48,5,2.170349,941
96,119,19,16.596531,241
8,22,5,20.390890,724
186,335,20,4.816040,1019
58,388,17,8.270497,832
195,191,10,15.812359,602
367,155,9,19.502697,369
115,345,17,7.507601,738
106,21,16,5.559525,442
87,265,11,6.040125,162
34,164,18,11.675951,254
146,143,20,10.776955,187
147,149,5,20.194305,382
265,165,14,13.947167,724
274,316,9,19.931737,1011
81,242,19,11.678480,797
351,129,19,5.733362,526
89,55,10,9.224090,330
329,83,16,9.118874,508
214,135,13,16.284130,547
137,334,13,1.514302,710
320,295,18,0.822548,454
177,320,14,13.230218,913
53,311,20,4.189467,766
132,341,14,10.603054,980
323,191,8,8.328931,343
58,292,13,16.375887,1124
85,311,16,15.068595,1082
43,42,9,19.181221,1088
378,310,8,3.826923,876
242,60,7,18.980769,221
361,384,9,1.104541,1133
190,186,14,4.744899,668
353,37,5,10.469672,1009
392,120,17,7.040079,1063
376,34,13,18.575103,1016
364,182,9,8.041050,239
297,105,9,11.918055,856
337,36,12,10.996985,225
243,336,13,9.129618,979
329,162,9,6.644727,1112
43,219,10,2.355799,280
182,123,15,4.301451,256
196,336,11,17.181004,683
121,257,17,5.315641,305
338,267,20,5.469433,730
29,387,12,20.264207,280
171,235,18,9.970750,972
182,365,20,7.164734,1040
14,6,20,12.394010,157
297,157,18,8.705096,305
192,185,17,14.981866,437
61,320,16,17.752176,453
1,256,20,10.801301,997
113,164,18,8.578514,465
101,229,12,18.898709,944
357,151,15,4.390426,955
306,204,10,12.485766,683
16,341,5,16.709056,522
328,176,14,10.611347,349
186,73,10,10.368965,818
396,127,11,17.906958,836
234,233,6,7.470541,985
267,114,15,14.532963,662
19,261,6,7.893557,184
8,2,20,14.441267,205
132,348,16,18.606735,159
335,324,17,9.293871,1085
142,371,5,18.066867,515
335,113,9,7.900369,101
336,210,11,12.376120,868
175,379,19,5.698092,1129
115,90,13,0.396938,567
349,189,10,13.747280,594
56,7,10,10.798181,818
172,306,16,11.103945,758
10,7,20,11.081415,683
208,256,19,11.861147,1067
223,47,15,6.811978,1092
264,349,6,2.100601,242
93,80,15,1.879967,864
321,155,6,12.304778,101
5,366,18,19.361520,960
167,316,13,2.462740,224
93,379,18,9.332694,818
328,32,11,17.501553,826
294,322,20,16.110738,459
343,146,14,11.758174,787
127,134,15,9.084381,704
388,46,17,9.903980,533
295,348,18,11.056181,1036
102,310,5,17.946921,249
81,96,10,14.481129,667
183,275,15,19.930769,175
225,156,9,12.485185,830
299,366,9,3.306695,654
111,131,7,2.532264,1171
291,233,10,20.001895,907
272,178,8,8.613788,1069
76,298,20,5.698638,121
73,361,10,15.573378,518
182,286,16,15.050605,809
28,244,14,19.052924,258
291,250,16,16.443873,523
121,20,19,0.246380,211
74,138,16,7.264190,315
177,142,14,6.174816,560
179,103,20,7.544982,1027
95,324,19,15.586268,1153
159,84,16,16.628596,438
241,272,19,6.459665,143
7,262,17,15.341759,173
154,353,20,3.712731,167
105,224,19,7.027201,746
60,8,19,8.353069,305
377,104,7,8.504600,931
156,136,9,13.643437,1161
103,150,6,2.031759,200
9,134,13,11.948287,1045
165,230,17,19.979519,1152
392,192,17,18.763912,1030
261,61,19,13.281267,1158
377,16,7,7.632058,639
301,29,7,3.309231,930
322,154,10,18.545913,943
359,59,10,9.919100,183
130,220,7,14.656203,960
346,204,19,14.415966,342
167,351,16,5.619290,735
109,8,8,15.615290,724
368,178,15,2.078643,1150
164,184,16,19.498771,189
164,345,12,10.269829,689
160,331,9,4.169837,884
41,119,14,1.379365,337
275,247,9,11.055003,733
161,213,20,3.761592,1112
279,162,12,12.685503,577
47,219,18,10.834236,596
34,338,19,4.038397,712
158,309,6,9.518691,660
29,352,8,1.350742,666
251,158,6,8.315926,341
52,250,14,10.669317,688
204,297,5,17.780110,155
133,249,8,10.257542,322
318,171,9,15.351215,784
143,16,11,8.624787,275
167,78,9,1.541919,474
158,280,8,14.573821,956
257,85,10,7.792170,966
32,291,12,2.992088,624
24,206,11,19.552310,797
147,18,6,8.641249,179
130,358,7,3.119140,1139
36,26,13,19.838263,646
211,265,6,16.907211,355
221,12,13,4.691784,349
204,66,12,5.558785,491
39,306,6,14.327352,339
233,13,13,18.875082,1105
158,166,10,5.973147,1053
259,40,17,7.237234,121
378,203,15,16.129843,839
230,182,20,5.926870,777
64,394,6,5.444247,724
285,393,17,9.317360,873
182,379,11,3.541736,263
339,129,5,4.062692,317
357,130,5,15.346254,424
164,307,14,19.198365,160
80,301,18,19.452720,646
214,309,13,9.432493,888
132,246,19,14.407132,592
95,170,15,15.027534,704
20,37,9,4.411875,292
250,344,9,6.825341,1051
113,2,12,14.349560,1161
296,128,6,13.578844,790
283,47,14,13.549220,177
137,10,16,7.531193,433
350,153,6,7.792397,552
304,159,19,4.234769,695
203,389,13,5.871913,894
316,73,6,1.202857,306
46,133,15,11.847530,420
79,239,7,14.004037,789
55,59,10,10.099338,950
122,40,19,12.169775,194
166,302,16,17.383421,389
279,317,9,17.689038,1040
363,241,18,17.496634,1021
358,203,18,13.402195,1008
396,251,14,12.064266,287
193,79,13,8.902812,495
324,361,9,15.230186,987
398,318,5,7.506794,1021
346,135,6,2.607258,1021
366,331,14,13.992431,1007
394,264,7,10.880953,477
116,94,12,1.772530,695
229,382,15,11.671926,349
389,327,20,11.261197,519
125,246,14,0.687222,281
165,198,19,13.585701,691
376,106,16,10.809379,288
329,304,12,10.545491,449
159,195,14,18.026377,713
5,93,11,11.114992,143
68,247,5,16.012046,603
61,81,5,9.241121,584
87,204,15,19.203794,1040
51,364,15,17.073033,1080
91,201,18,6.185420,1117
97,62,11,15.652284,312
319,135,17,17.006910,707
390,39,19,18.672612,813
131,165,14,2.262592,820
82,159,8,18.122791,957
338,31,13,14.480549,124
368,293,7,7.241793,350
120,131,11,17.138772,974
109,72,9,0.708369,239
29,235,15,1.177763,957
398,249,12,15.746375,753
69,86,20,9.410888,619
264,92,18,13.919428,661
131,320,12,18.343834,1089
120,112,12,16.016082,461
391,46,5,10.173072,1178
315,4,6,2.546773,743
118,64,8,12.021095,251
116,251,7,12.411386,896
220,300,18,11.244937,142
210,127,6,3.152702,1103
129,88,18,19.349587,676
322,375,7,12.638122,652
178,257,7,18.597214,385
136,287,15,11.595827,869
123,255,5,4.102767,412
242,87,5,15.844072,137
171,141,15,9.089380,678
229,216,13,4.653878,361
267,145,9,7.600670,1006
122,251,12,11.297446,647
70,89,20,11.739291,974
362,96,11,1.644140,467
96,276,7,0.230224,671
126,194,6,2.223431,751
315,11,20,15.758473,477
355,59,16,12.484907,383
177,370,9,4.320208,237
48,8,15,11.573986,1127
163,45,5,9.807775,539
198,378,15,8.400583,1050
30,242,13,6.325372,789
298,251,15,8.214896,1164
216,315,11,17.078028,883
238,54,17,19.218776,109
306,123,12,4.593424,600
96,287,16,17.867588,232
86,32,5,19.634630,881
231,152,9,14.576103,963
338,68,15,1.069601,889
79,155,14,9.286311,908
124,205,9,8.328835,310
384,246,20,19.519885,824
109,155,8,16.050456,684
33,128,5,11.382626,1000
67,204,14,3.453347,643
292,30,7,5.719817,446
142,358,13,15.028014,1131
243,70,20,6.688200,749
337,251,13,2.679555,859
312,144,19,1.612780,320
305,34,12,15.875050,389
161,245,16,5.243849,418
101,264,20,6.612269,683
260,245,16,2.404699,635
87,1,17,19.597946,361
356,218,7,3.771768,107
81,4,11,13.720057,458
44,81,16,15.524379,506
188,3,6,1.410846,274
100,331,11,4.845587,1113
242,156,17,1.664844,1072
233,80,13,20.417708,217
19,2,10,8.147522,270
277,272,11,20.187225,1122
212,27,14,5.644498,327
109,11,17,7.586177,1164
61,68,11,16.146612,432
68,288,18,5.032058,508
145,22,7,3.343470,1019
91,342,9,5.821656,929
163,336,5,15.083616,555
93,177,12,9.239462,1053
390,57,17,8.001746,991
258,395,11,7.830159,360
81,112,15,18.924967,586
59,179,12,8.214259,664
375,332,19,6.390682,535
304,177,9,14.423475,355
55,222,8,18.561984,881
287,271,6,0.734178,123
71,75,10,17.224147,1072
348,216,15,2.531794,537
42,334,5,4.898604,589
152,321,19,15.743358,1006
258,121,20,6.787078,228
19,161,17,18.655006,109
288,134,6,10.342377,1085
304,288,6,3.912863,1124
245,3,17,13.801507,1041
135,8,15,8.368112,831
216,49,19,15.953639,354
229,262,8,13.073626,371
5,166,12,6.746604,867
397,59,18,14.581758,1078
195,11,10,9.901983,386
81,29,13,3.586844,954
47,21,14,17.271149,448
197,30,12,2.781015,838
211,131,20,20.341197,799
94,291,6,2.499869,602
149,387,18,14.667261,429
336,370,13,16.631636,851
48,145,19,1.080675,915
149,116,19,0.664868,123
220,278,18,7.339708,952
271,381,18,8.455335,120
47,362,11,18.356466,723
349,362,14,9.617974,1084
324,54,6,14.205325,984
3,375,15,0.126299,559
198,398,10,5.414181,646
87,45,11,5.251257,532
282,74,6,8.568957,185
55,127,13,15.566039,885
254,115,14,19.934155,497
385,57,7,14.411673,979
388,33,17,18.817074,995
163,16,18,10.440512,1181
88,377,16,10.468417,462
50,61,10,1.136033,209
325,57,18,9.907550,406
139,382,9,18.115105,918
142,199,12,0.319684,1125
58,268,18,16.886044,175
346,192,18,9.092413,1065
362,211,12,11.011618,383
350,38,18,2.330670,189
38,115,12,13.786816,289
50,164,17,12.995556,471
90,267,15,17.519022,827
369,66,20,4.122686,985
308,331,11,1.687256,104
164,27,19,2.218824,979
130,126,15,9.901776,353
29,194,15,5.412591,666
398,89,9,7.308236,372
162,274,17,13.903586,371
197,29,9,18.333742,660
225,212,10,12.039800,142
386,120,8,14.786088,609
323,376,6,3.246025,149
225,244,18,19.985733,155
20,261,9,19.668390,513
310,179,17,6.246616,182
195,272,11,0.029587,485
352,57,5,7.227191,515
240,91,16,16.489135,118
366,162,12,8.920642,1099
314,171,8,1.512224,874
203,186,20,15.359223,396
345,106,11,1.565239,187
279,337,17,6.586271,885
305,314,20,1.302863,562
260,230,20,10.143619,1094
132,27,9,9.769171,169
79,150,15,17.625098,278
2,135,17,15.325941,654
382,322,18,11.581949,937
267,111,17,7.413555,1006
290,116,11,5.209234,1141
42,278,16,14.791385,952
265,242,19,10.268772,747
239,57,6,13.064095,630
147,248,8,19.844114,696
103,216,20,6.803297,460
16,294,6,16.644251,630
394,96,20,16.483445,201
132,359,16,3.771427,1019
53,95,19,17.120495,1008
57,183,6,0.375171,817
87,365,15,13.876715,337
357,327,18,2.127130,630
57,106,10,12.178652,723
352,325,19,2.965103,1196
356,9,20,18.859661,879
15,338,20,10.332816,810
345,319,6,15.400286,884
20,92,19,6.877445,419
208,275,11,18.657188,379
197,100,16,3.325089,918
367,86,10,1.920620,133
93,65,19,17.508164,1169
305,315,5,15.075793,1173
300,302,11,17.836727,124
120,94,18,9.169064,634
20,144,13,12.800995,1142
186,75,8,19.036894,562
303,122,8,0.591249,1160
283,209,10,3.043103,1189
204,331,7,2.681584,605
320,26,13,5.505070,469
94,273,6,15.635921,1073
262,302,8,13.570108,1158
386,68,16,14.865319,192
183,186,13,5.861382,752
287,326,17,4.450359,613
153,75,13,6.025828,731
225,29,9,20.226554,784
317,98,5,0.984397,689
3,337,7,13.183575,934
226,50,11,11.770692,197
114,370,6,17.939035,198
385,205,13,1.493077,712
230,285,7,12.028780,279
102,61,18,16.138238,907
145,118,18,17.258083,791
253,80,9,8.768674,681
126,363,8,5.615407,609
376,66,11,0.314326,261
270,308,6,19.716674,162
164,178,19,5.077286,901
292,250,15,14.342783,620
28,329,20,15.683848,112
285,288,11,8.923620,870
121,128,8,0.117965,626
289,39,14,5.797089,626
70,242,12,11.196509,108
367,158,14,10.507983,926
44,292,11,16.467418,598
394,84,15,15.364333,905
257,46,7,12.794067,181
390,70,9,13.915548,110
370,290,20,11.480967,333
337,244,13,0.718482,414
51,219,7,0.934261,929
397,263,7,12.636294,573
69,261,5,4.704687,702
381,293,13,14.482174,884
200,132,5,10.460832,440
21,30,5,6.893819,186
267,384,9,7.797475,1061
151,73,15,14.321100,809
306,62,15,3.145862,191
354,57,13,9.985105,1186
389,377,17,14.716600,369
159,19,9,1.642795,585
350,149,13,0.746687,1077
341,240,14,13.540576,969
276,238,20,13.289117,108
185,182,5,12.189026,685
276,177,18,15.091488,745
235,104,10,9.003907,700
289,199,6,16.958421,743
287,168,16,2.835687,916
364,187,17,5.807628,185
42,293,12,7.384374,169
121,143,20,18.586382,757
93,389,11,16.766186,1073
216,237,13,15.540700,620
265,303,6,11.608184,349
164,208,18,10.269568,281
68,203,16,0.123223,867
284,162,15,1.171488,479
352,173,8,10.411242,505
220,253,12,13.530820,889
2,122,10,10.110359,362
36,127,5,8.744046,809
381,346,7,17.798992,619
376,357,10,8.210238,1097
240,121,8,4.125946,738
358,169,12,4.773358,310
233,58,17,6.527526,1088
222,44,17,17.965574,261
369,210,11,19.812839,1122
196,395,9,16.680374,679
237,219,7,11.608476,265
318,249,18,16.477640,276
341,160,20,11.925218,664
131,367,9,5.331627,285
182,233,11,14.488393,891
219,90,20,8.343949,1064
346,151,18,9.741384,1166
11,46,19,4.408335,1018
214,185,13,13.615547,1125
305,292,8,9.194135,729
282,98,8,5.521839,887
284,147,16,2.924368,539
172,192,13,10.569798,123
50,240,19,10.111544,266
85,98,5,12.931470,260
338,9,12,2.853185,239
354,282,19,16.675158,589
172,329,6,15.295475,1068
39,234,12,19.378900,130
91,139,18,12.138401,356
151,360,9,2.891168,284
340,342,8,0.768310,926
367,263,17,20.215709,532
207,74,13,11.331541,294
384,378,6,2.747227,445
100,163,5,13.447187,197
363,394,11,14.570819,895
274,147,7,5.029402,701
284,382,20,4.522694,1068
303,294,20,10.832250,1054
161,242,6,6.792591,1194
241,199,19,17.707764,696
112,171,6,6.391807,1142
42,394,14,11.689372,489
191,45,9,18.615858,1082
222,311,17,9.059456,875
391,113,18,2.083232,204
51,281,11,13.631987,277
49,350,17,1.844790,706
253,90,16,0.900238,712
231,212,16,3.018961,756
392,285,5,2.081897,1132
139,214,6,2.719385,529
237,86,13,8.182528,667
250,376,11,18.347661,1150
200,258,7,0.696579,803
268,136,17,11.607457,471
375,286,20,4.139658,323
97,103,6,5.716796,1135
200,221,11,11.852466,472
204,10,6,18.274962,895
399,67,13,4.689795,572
391,246,18,4.757095,264
324,53,7,4.680325,1082
297,12,7,11.806124,259
45,209,11,4.975394,1039
267,125,17,17.828216,941
150,8,18,15.039117,757
157,223,16,4.360730,609
158,164,6,4.409919,934
309,99,8,15.711721,288
85,168,10,20.480899,549
158,155,11,9.661735,158
393,247,12,20.017207,284
54,194,12,5.406480,1159
302,233,14,6.598513,186
234,174,6,13.484251,215
344,335,10,7.867880,207
46,295,7,17.854710,1137
335,369,9,2.228761,1136
366,290,16,5.132659,494
67,52,14,6.540044,899
261,105,8,4.205891,179
89,265,12,12.361464,499
305,146,20,7.250004,104
178,52,7,14.677986,460
126,322,19,16.483287,1088
167,340,6,16.938369,1140
109,145,16,18.976883,328
138,137,11,10.411550,254
97,388,12,15.634999,758
254,223,9,1.663749,420
236,130,11,10.443898,994
121,68,20,1.075025,580
16,297,13,7.078296,1157
386,359,5,0.495675,298
387,48,19,15.212083,1197
371,31,5,7.707229,1016
364,14,8,11.368113,621
295,106,7,3.829692,922
169,313,14,9.375607,446
363,263,19,0.520933,282
44,249,18,15.585473,739
165,158,16,8.547214,391
109,323,17,7.352535,1071
257,109,18,20.410594,580
160,216,9,1.407073,912
277,55,8,15.525237,609
306,31,13,9.057522,715
350,310,20,1.813329,1087
315,51,14,14.268017,802
165,14,19,20.086587,936
77,134,17,5.923609,536
315,302,11,13.036880,1049
376,358,17,15.257600,678
266,156,13,11.963992,605
297,174,17,20.193311,818
110,92,19,1.791549,890
131,100,20,20.076253,505
27,44,14,10.085540,179
46,36,6,14.548726,266
35,267,17,18.718145,639
189,17,18,0.276095,1129
122,17,12,11.221740,582
224,170,9,16.709349,639
382,133,10,9.856546,587
198,16,11,0.792589,186
326,189,6,8.459797,359
132,2,13,5.126705,1169
290,324,13,12.574739,442
344,115,11,5.787143,1149
22,332,18,2.680719,524
161,13,5,19.338925,430
386,307,7,9.894965,1061
119,322,7,18.913804,444
119,106,6,6.101017,1164
283,237,12,6.553813,1099
135,358,19,19.078671,149
69,352,8,4.088981,165
89,180,14,20.221734,372
26,292,14,7.626529,704
76,218,13,5.253509,904
215,107,14,8.215932,1027
152,382,13,12.616921,298
122,364,14,8.946073,564
87,360,5,4.858070,603
201,177,19,18.184878,143
23,166,8,16.656497,500
99,353,9,16.530456,315
139,64,17,7.051380,1102
105,346,5,2.112393,1146
322,357,18,17.965725,248
161,377,13,9.488644,331
291,247,20,0.438318,730
394,58,18,3.823187,1077
70,79,20,17.183448,563
197,113,13,3.403286,174
54,247,10,5.368416,619
99,166,8,12.977944,127
295,2,12,19.046546,600
207,57,6,16.830294,317
310,122,14,7.107187,383
332,256,16,17.249097,644
263,307,7,4.647367,256
0,265,20,18.018539,615
174,307,8,0.608816,1120
193,54,16,5.214871,344
383,296,17,4.417073,698
325,356,13,12.349813,577
238,319,6,16.527346,982
343,63,16,19.398935,251
350,212,13,5.442720,964
66,86,9,6.711897,275
111,284,17,17.749706,755
83,360,17,2.472895,626
39,15,9,18.125984,1181
69,145,19,16.556873,1144
224,137,13,3.872618,522
28,34,11,7.770429,188
188,116,19,10.244147,610
106,24,14,0.697852,1186
90,397,19,9.581622,463
397,86,6,8.221974,889
168,76,6,3.620502,224
39,366,18,3.888488,808
221,370,19,1.042133,269
45,68,20,13.047988,1140
158,321,11,13.035641,680
364,70,5,2.969413,506
131,300,15,9.543571,456
256,211,20,5.644126,743
197,185,10,20.244619,614
137,278,6,7.732213,286
324,155,6,8.863132,1145
215,37,13,1.536670,444
38,311,6,7.943959,255
65,53,18,5.434530,566
147,220,17,18.298327,774
8,264,16,2.698173,1122
319,315,6,3.812066,183
135,136,9,9.743279,484
230,245,14,15.211910,527
272,231,10,15.943186,1092
172,386,19,10.445016,994
120,109,9,4.785853,606
127,317,18,12.839523,922
105,360,17,8.367948,543
11,19,13,8.482369,823
233,177,13,8.990144,864
199,132,8,5.445891,932
188,355,14,3.693012,449
41,358,11,6.444640,106
171,63,9,6.801928,1105
73,251,13,2.038186,861
110,164,19,2.637489,377
65,254,9,5.693214,1153
78,322,6,14.401359,826
287,171,15,5.194183,716
28,334,5,12.041381,947
115,33,7,4.654256,359
103,332,20,6.079216,877
2,107,20,13.356310,946
291,102,18,17.296136,1175
124,127,8,3.009027,694
136,227,20,3.855653,567
69,66,10,8.348260,991
218,190,10,20.473675,752
280,332,19,12.820055,575
303,161,7,6.337893,976
182,42,18,2.059613,145
187,66,6,2.475585,130
347,99,7,5.484754,130
83,137,13,16.212230,979
168,268,15,8.603396,1188
375,178,12,8.056515,1200
119,207,10,2.504686,585
117,157,20,20.343713,834
306,54,9,16.913148,886
357,48,15,5.559715,962
388,320,18,14.586569,962
152,174,12,13.223384,490
55,280,13,2.782073,997
41,362,6,14.722754,162
135,89,16,20.271763,152
184,166,13,16.182224,154
385,76,18,20.099838,620
116,41,9,8.005990,951
372,246,6,18.723476,192
70,284,13,8.958626,853
67,270,9,3.807349,907
50,222,20,13.189014,1025
33,326,19,16.632174,175
290,127,14,15.425527,372
320,196,8,16.032815,733
152,121,5,8.081183,329
331,206,7,19.546500,343
133,292,19,9.595750,857
99,357,12,11.158657,776
318,341,7,15.493719,751
321,176,7,3.299902,1078
391,118,18,14.915410,722
33,259,5,18.941362,706
41,62,15,17.668789,515
351,48,17,10.465604,107
47,9,6,8.253215,606
375,122,12,4.260624,974
180,289,11,2.959562,544
181,235,16,16.611612,659
375,152,7,20.392256,911
277,25,15,8.893345,227
65,392,19,18.316529,1187
283,304,5,8.679429,137
399,137,16,5.915509,161
41,195,11,14.190049,1000
378,270,19,7.933347,146
398,20,16,10.720714,226
11,390,7,20.463526,1164
215,356,14,3.971690,643
240,284,14,3.120372,503
230,202,18,6.225786,735
170,235,14,13.985847,1104
182,296,6,13.682633,379
151,196,20,16.594757,979
228,82,18,5.451966,543
128,356,10,8.226492,479
38,302,20,18.249039,404
329,315,20,7.532541,100
12,126,14,20.118838,486
10,331,13,14.971394,630
255,64,9,12.649691,212
2,346,15,10.035289,997
85,384,12,17.105358,1119
327,85,12,4.768210,950
374,358,7,19.836073,933
148,189,15,10.452554,178
224,213,18,0.452886,105
97,222,20,16.416151,583
398,50,13,9.743454,818
116,271,20,0.589066,339
168,362,19,18.489391,981
44,13,14,8.557785,573
30,39,13,20.417279,519
73,5,18,0.388057,841
321,386,10,14.527980,819
76,26,18,11.503836,328
31,188,9,7.407357,1162
370,181,15,1.779719,990
127,41,20,14.097630,119
288,147,20,16.720377,1038
344,118,11,4.270269,929
183,165,12,1.335576,545
231,108,19,9.289239,1000
248,377,5,6.502108,1090
374,22,11,17.687198,530
121,165,18,8.834346,992
312,198,15,15.539137,497
380,127,11,19.639529,559
62,369,19,12.706554,1022
44,156,5,5.293670,658
393,82,18,15.957260,317
330,249,18,2.750917,468
98,146,11,18.963656,347
281,393,18,1.117481,109
149,191,18,5.694918,285
213,8,13,17.361146,339
351,212,14,0.905741,887
368,317,7,3.152467,929
76,247,15,11.448389,673
36,82,7,11.440396,518
349,226,20,15.663301,450
40,381,12,1.984784,119
192,61,6,15.497415,589
323,118,17,17.514992,1161
165,101,11,9.308187,796
373,98,13,0.206077,834
319,154,20,11.728747,871
290,245,13,2.333988,1103
244,114,11,9.743573,607
359,91,13,17.832188,996
337,205,8,11.377879,426
373,86,6,19.890880,798
328,308,10,19.010517,574
149,15,11,12.985688,629
206,237,13,13.536093,1179
361,234,6,14.527004,816
71,276,11,19.832855,1061
315,44,9,17.807846,852
145,139,7,18.450363,904
98,377,11,13.847945,981
345,21,6,17.723435,712
95,109,11,14.638580,495
10,12,17,3.785109,771
276,31,9,13.781876,944
18,24,13,6.331744,679
272,101,18,16.188921,365
16,36,5,8.381354,797
390,249,11,15.156259,300
276,76,17,3.226788,837
51,325,12,8.416824,415
44,298,20,13.550068,972
266,288,19,8.803986,1002
42,89,19,10.407916,882
344,256,13,11.969029,1046
193,80,20,7.235786,945
180,182,20,15.652611,451
342,36,17,16.964803,1088
153,249,9,6.259372,774
262,205,18,16.119674,331
104,186,17,8.393335,1085
13,61,12,12.394822,722
29,227,19,18.772984,841
34,2,11,5.079762,288
185,264,7,7.909854,262
129,251,17,6.938200,486
224,350,13,5.931876,605
139,366,12,18.111669,1144
274,322,14,11.651693,239
242,394,8,1.685789,908
261,132,5,18.428346,230
322,183,6,17.780612,120
69,327,18,16.522839,1053
387,127,7,1.697067,183
89,318,17,17.523400,841
327,153,11,9.587014,292
373,252,12,6.972095,235
210,390,18,0.007872,1118
345,348,6,15.793562,266
355,89,5,10.317094,594
214,212,14,13.380696,529
376,243,18,4.597147,970
347,230,14,13.279603,652
77,18,6,15.890496,460
199,272,20,1.250325,707
131,282,7,16.951235,202
129,213,19,0.839373,347
75,93,19,6.724947,1031
107,138,7,1.079248,318
219,267,15,13.018994,571
356,289,12,4.479767,923
90,306,11,12.336298,585
283,323,5,10.369455,834
99,228,12,16.311554,907
68,95,13,9.265007,1183
234,301,8,11.610537,322
281,9,14,3.628890,475
57,63,14,3.251260,569
97,389,9,8.284997,1136
15,329,20,6.157436,168
59,55,5,11.930926,346
274,288,14,19.730299,1185
351,26,11,8.122931,702
247,73,5,13.960488,1109
115,300,7,19.725003,540
118,378,7,14.528933,305
320,73,9,8.678653,551
47,314,10,7.802100,493
17,289,17,19.052834,396
385,378,18,13.445626,969
19,247,16,3.256133,251
222,240,9,8.307016,117
344,366,18,2.711466,390
78,289,9,11.038535,720
389,111,18,4.118558,363
299,88,8,6.499776,1051
115,315,19,17.542648,112
3,262,11,5.443044,972
27,251,17,15.457375,576
74,58,10,12.940877,492
208,263,7,12.085552,605
179,301,10,2.872961,540
301,288,18,7.112264,540
105,322,7,0.528351,861
398,253,9,8.958412,691
72,25,9,15.513192,752
58,322,7,14.928629,499
323,321,17,14.286763,902
52,319,8,11.549440,101
178,107,17,9.564910,567
283,6,5,16.456038,529
316,129,5,2.048101,854
111,202,12,4.898398,806
283,358,8,18.992588,914
213,54,12,3.969864,686
130,223,5,3.479065,873
113,306,5,17.552950,781
318,36,17,16.261310,389
65,233,8,9.917543,470
306,103,5,2.554954,956
108,115,11,1.667582,657
286,176,7,7.499532,695
263,8,19,14.018091,432
291,179,19,2.873377,824
342,168,14,17.146127,872
149,153,13,4.182122,709
134,65,17,10.215818,789
380,302,10,14.950371,658
90,383,6,15.690891,532
55,182,18,8.617422,806
123,94,14,8.148448,323
106,54,9,9.087570,994
133,165,14,13.254782,197
393,17,20,11.146408,517
265,362,6,5.093204,488
226,10,17,0.542012,924
221,296,8,7.459069,440
92,117,17,14.846123,1137
311,389,17,19.698043,894
399,186,20,1.132311,400
373,16,15,2.539913,170
227,317,19,1.061606,678
224,88,16,16.375945,110
12,27,17,1.992769,897
27,180,19,3.399089,751
313,64,15,5.769667,468
152,104,7,4.405381,1026
237,260,18,17.353045,176
97,355,6,18.662645,236
51,324,17,14.889972,785
185,387,8,19.364918,752
195,223,5,16.274519,626
286,399,13,0.979863,263
268,321,16,7.053241,601
74,290,8,11.465774,785
19,54,15,19.927414,235
208,302,19,14.569436,988
20,255,14,8.559310,419
269,204,13,2.612515,1142
170,268,20,20.193763,1098
137,135,8,20.213403,709
126,281,9,0.250629,481
311,379,20,4.868407,604
312,390,17,18.154957,1139
24,143,18,19.710142,183
305,399,12,10.680106,595
379,42,19,18.752023,190
64,115,11,12.001877,212
379,274,12,16.590997,747
313,17,10,19.710882,811
17,382,19,0.284738,452
83,69,20,0.646138,101
345,309,7,10.613177,746
188,301,16,11.461435,1110
151,113,8,7.997320,606
191,121,13,10.719994,906
104,63,19,9.357136,564
60,228,19,12.564628,154
80,352,19,8.245996,273
219,230,19,5.774743,398
37,250,19,2.409435,1111
27,123,8,0.969993,860
62,90,17,18.119134,720
72,75,9,17.343211,659
357,116,9,16.609357,702
135,40,13,8.530260,715
273,368,20,1.862672,277
318,280,15,20.255805,596
290,177,16,18.754799,990
259,318,11,4.981871,739
295,7,12,2.801337,530
181,209,13,1.555719,999
366,147,18,8.600984,170
123,341,7,5.083801,731
107,264,17,13.367779,570
300,120,13,19.109396,670
120,206,18,17.621938,799
85,104,11,10.579528,854
276,207,5,8.134889,762
395,87,10,15.224249,1135
125,262,6,9.886450,1044
29,65,10,1.839670,1059
363,17,10,11.068053,778
193,329,12,10.493220,757
100,378,18,13.127213,814
119,313,5,9.842583,1026
39,207,17,15.183876,344
174,36,20,13.241205,370
61,295,5,18.637844,511
88,244,19,6.933999,771
321,54,13,15.003958,942
187,245,17,6.856887,524
211,47,19,11.153842,1034
3,117,14,14.768512,1000
362,183,10,6.648613,122
203,127,15,16.519737,628
221,136,17,5.911922,570
63,389,10,14.151372,798
238,370,18,14.827404,288
305,139,14,18.959608,523
193,254,9,6.393415,914
256,207,11,11.961594,432
212,136,17,12.942489,259
271,117,16,18.920214,467
385,160,19,0.707173,570
128,389,15,3.420283,998
386,333,14,6.570966,617
60,125,13,16.751519,520
148,270,11,0.707683,498
387,106,19,9.849740,184
144,164,6,5.312820,1199
211,336,13,13.571457,850
92,246,8,13.262364,882
284,72,9,3.603735,910
304,218,17,10.014202,276
269,340,11,1.732147,424
188,267,16,6.739992,619
131,136,8,6.568401,657
138,65,16,10.429562,1163
198,299,6,16.524084,557
157,342,18,7.018007,779
266,261,20,12.234653,451
36,40,18,1.196378,282
114,181,20,17.164736,788
342,231,13,1.713121,163
257,74,15,12.573081,685
6,252,6,8.106173,858
335,60,10,20.085565,771
125,2,17,18.665435,710
122,316,8,17.345479,475
81,48,12,4.369860,417
102,312,9,6.898545,430
61,126,13,2.756688,521
175,238,11,20.205761,785
329,22,11,15.332829,651
248,193,15,11.225762,885
30,395,8,9.702295,1093
237,370,12,7.478709,774
371,301,15,2.690248,650
382,84,19,0.475303,245
364,38,15,14.506026,1156
369,17,13,10.084376,353
271,274,8,18.184402,222
367,294,6,19.432387,800
336,254,9,5.368628,604
119,79,17,11.463540,291
22,52,14,6.246307,551
205,121,10,1.660594,834
184,333,5,16.152803,211
251,44,11,0.284903,913
204,259,17,1.493785,442
157,40,18,17.347887,285
374,176,5,12.788653,874
170,252,19,9.263935,955
284,377,8,17.231582,566
178,275,20,0.655575,1192
212,94,7,6.947570,394
68,315,12,17.577948,744
399,61,17,6.194931,1111
157,73,8,8.114134,955
23,288,10,0.061829,615
302,325,8,16.440480,1096
93,293,5,10.140961,192
314,385,8,5.175911,101
380,214,20,14.510120,1137
45,58,20,15.186461,256
304,360,18,14.223039,447
252,352,13,14.676284,1163
21,281,7,5.534782,852
277,91,11,5.748543,506
322,197,12,14.647546,710
129,308,6,3.311298,626
225,363,19,16.510276,142
175,169,10,6.162342,999
290,157,18,2.232113,858
264,232,7,13.034441,1199
317,286,13,16.620697,874
154,8,13,2.145442,176
59,237,7,10.746436,136
184,116,20,17.989176,522
79,258,14,0.921106,308
318,315,13,5.449279,664
264,382,18,0.005388,904
367,156,14,13.912090,701
302,181,19,4.727795,580
203,255,19,12.253704,273
55,389,8,15.357420,836
24,292,19,20.086981,1139
176,153,6,8.948742,802
256,197,6,18.675869,678
50,128,12,15.038210,1027
344,253,12,3.178277,768
73,4,7,5.958755,243
327,366,20,14.724736,1041
191,24,20,16.688984,248
66,364,10,13.877400,498
96,236,18,5.995709,207
209,356,7,11.867200,1005
137,369,8,11.418710,934
6,81,10,11.519453,549
201,292,5,13.693225,140
137,359,12,20.457794,479
266,178,17,20.371998,138
129,137,15,15.430974,116
220,138,20,8.073939,395
58,311,17,16.558899,537
351,42,18,13.567598,602
104,369,10,7.455140,778
113,268,19,0.515465,271
364,133,15,0.308984,658
19,260,5,0.791466,336
195,193,10,3.534158,202
326,299,17,2.418773,516
320,362,20,17.012525,534
33,183,19,18.436176,622
148,195,8,3.962328,168
73,220,13,10.079483,633
33,142,5,7.304602,1192
84,6,16,5.546583,220
291,208,12,19.053809,1151
225,26,19,6.040003,112
38,242,18,10.933835,1067
86,113,6,16.529136,115
377,369,16,17.142333,426
116,163,20,12.421376,449
0,274,11,18.834989,948
286,144,10,10.781259,748
152,4,9,19.055184,458
292,342,7,7.893922,949
31,216,17,12.620182,371
254,211,13,0.825624,538
156,351,20,19.506550,810
307,122,5,11.949363,536
9,247,5,6.251526,326
315,359,16,5.825447,1190
52,273,19,10.841729,302
307,123,19,1.339297,221
256,32,6,3.743453,1019
83,176,16,1.115715,309
58,143,13,11.894181,356
349,205,14,2.900040,874
352,334,11,1.919063,228
164,258,8,16.633503,462
308,106,9,2.989095,527
81,258,6,1.871234,145
300,311,8,12.196473,545
95,252,14,19.110940,539
119,236,20,2.152889,1180
94,89,13,20.322908,533
26,367,16,5.392588,1060
170,348,20,9.708783,793
395,52,10,1.505935,969
321,298,14,11.711393,606
98,80,13,4.881748,345
243,281,8,15.928872,118
10,164,16,5.747177,1169
179,135,7,5.016504,433
210,53,13,0.324973,1099
53,308,6,8.457995,1037
34,249,11,9.571781,458
260,130,9,11.913682,1133
86,283,12,18.213548,708
144,186,7,1.916209,164
19,64,16,11.438155,212
104,69,18,15.073817,1074
347,39,18,11.425232,612
2,202,20,11.992690,760
260,188,13,13.006940,1030
179,381,12,1.423118,671
46,202,5,6.058229,1076
226,230,6,2.811076,338
363,311,18,11.694501,823
112,286,18,10.451957,369
193,292,20,2.392756,532
153,9,15,1.374890,109
197,3,15,5.764910,877
122,91,12,4.390813,656
393,127,17,2.901916,169
207,147,11,4.647933,1053
226,236,10,18.397929,1058
206,321,8,13.045044,141
343,278,6,9.410485,787
127,256,20,12.539869,588
144,72,13,11.441614,472
256,267,19,2.272332,401
391,41,17,19.968772,1134
131,263,8,10.478505,778
313,389,10,12.583987,1198
335,121,15,20.418556,227
287,355,5,3.266354,1099
388,226,13,6.733772,930
115,125,14,11.774684,1185
72,390,14,5.745207,985
375,102,14,8.725127,423
348,187,14,1.793643,781
374,338,20,14.376065,1046
83,293,13,9.548213,798
247,267,15,3.909144,103
338,237,20,6.422965,872
40,97,18,1.048678,746
137,35,10,15.150551,322
375,195,8,13.065213,585
362,364,9,14.740253,826
4,70,11,4.057368,261
334,59,15,2.831881,376
219,227,5,19.918818,665
138,232,17,17.428198,335
192,186,9,17.212341,683
367,117,12,10.656616,1104
84,235,15,5.577006,720
6,129,20,17.116738,846
355,240,12,4.085652,741
369,209,8,7.400931,550
274,178,7,3.510684,912
295,31,5,10.958284,530
6,118,13,16.441367,127
100,188,13,2.807397,291
384,374,12,8.699883,561
247,256,20,11.075531,129
259,201,14,14.567319,649
161,231,10,19.113401,508
119,371,12,4.213751,107
93,229,9,10.800937,886
42,7,7,1.040025,804
79,176,10,10.157381,345
235,100,20,18.118658,1197
160,72,7,8.471378,448
398,397,19,1.538418,503
229,138,15,8.830383,575
264,239,16,18.280271,638
365,210,6,6.584767,222
279,72,17,3.024499,1195
216,107,9,6.427467,313
212,248,16,3.497014,1029
170,5,18,11.737705,734
79,164,13,13.138108,228
253,394,18,3.680332,854
3,101,18,4.353234,1193
368,366,17,1.126174,770
214,122,8,11.996610,448
143,276,12,17.002347,414
206,64,17,6.996861,752
132,250,11,16.824722,330
209,80,5,1.864043,908
187,118,13,20.366625,463
126,31,7,13.368913,1099
280,100,16,1.027625,388
59,395,20,0.876363,840
93,139,15,12.521764,773
154,212,17,2.557085,630
168,216,13,2.712571,1054
355,340,10,16.290127,831
277,265,11,16.936748,837
200,48,19,17.839303,872
152,139,15,1.614642,267
217,365,20,3.619220,828
75,270,12,14.183626,785
31,264,16,1.906355,207
241,397,5,2.314536,1097
376,141,17,1.484269,520
343,191,18,20.259008,818
311,150,9,12.498772,637
11,357,13,3.634547,1029
58,278,6,11.505443,287
177,113,5,16.049450,439
131,216,16,6.715931,981
361,34,11,14.591989,1176
215,147,11,19.240866,581
347,229,6,12.080000,433
314,328,6,11.354781,439
371,168,14,14.733029,168
289,174,20,8.350052,470
14,70,18,3.116939,420
169,352,7,17.521226,445
99,183,16,6.542397,936
85,151,18,16.130975,989
277,126,12,14.726030,947
284,159,14,18.974358,287
213,22,18,8.916873,620
15,209,9,10.255744,1135
346,38,13,16.374359,657
191,184,19,18.035015,967
125,15,9,17.436626,179
89,25,7,18.990249,467
65,81,14,7.788443,1139
383,399,9,17.757739,911
393,207,9,6.327083,987
162,48,15,18.366940,563
271,359,11,16.178733,153
174,144,8,0.534618,238
100,310,13,17.401684,274
300,78,11,19.670955,1048
295,127,9,5.952952,178
306,185,19,16.295565,584
147,249,18,18.652736,612
175,263,16,18.396826,231
320,134,15,7.128426,304
230,65,16,4.803236,920
288,14,17,12.336617,1101
349,95,12,5.959925,1065
344,87,11,3.119178,878
206,31,20,5.862167,324
331,138,9,13.104856,381
289,32,13,17.536844,915
226,125,12,5.702548,1100
41,253,12,1.880249,218
166,144,17,8.868885,818
93,321,7,7.000525,573
249,328,6,4.444114,469
49,123,10,4.931508,410
360,154,17,2.467490,587
299,4,9,7.858184,215
172,303,19,2.632465,1107
215,379,8,2.636500,561
18,289,6,15.534080,1028
313,106,15,1.855632,1072
350,376,15,9.221718,209
194,172,8,9.800427,352
310,278,17,15.578222,1008
290,325,8,0.994516,211
383,120,8,9.681567,950
63,357,16,20.306481,508
314,149,11,7.956321,938
279,324,17,18.789608,165
190,360,19,14.796927,177
391,189,12,6.527918,702
303,250,10,19.270014,965
78,293,6,1.179040,225
41,70,7,1.122836,1171
310,123,19,2.925309,923
23,397,18,8.613557,245
387,17,8,16.404321,1033
339,376,10,17.397010,161
224,206,20,13.899276,970
342,1,13,18.414230,367
103,70,7,4.431258,1080
81,95,16,3.265581,769
353,121,6,17.482423,227
337,307,9,17.071809,1098
352,310,14,7.841801,269
293,75,11,9.459609,1025
80,75,11,9.802601,743
280,199,17,0.377031,1091
49,377,8,11.817883,818
24,357,18,5.077766,991
22,307,5,17.481912,208
142,292,14,17.237283,849
82,104,11,2.025059,892
357,392,13,12.422395,1184
143,100,20,15.024274,557
8,143,19,19.179353,310
142,174,20,3.782944,817
280,106,9,5.309987,296
159,50,20,13.349796,293
239,151,13,13.818770,1112
14,275,11,6.218862,985
319,385,9,11.099314,535
93,176,15,5.948746,545
263,292,6,16.697592,255
153,233,13,11.845080,699
230,29,6,17.782132,245
89,149,12,13.791885,670
89,150,18,12.700597,321
290,51,17,14.486419,259
32,0,14,8.854367,653
105,270,7,14.322236,228
234,147,11,14.175901,680
390,307,13,11.338100,1168
245,334,8,15.112539,882
233,27,11,6.018751,628
329,147,10,7.877654,967
220,397,6,11.496740,776
83,364,8,4.116310,1061
234,369,15,10.888916,509
88,164,10,11.840408,727
331,94,15,4.622906,409
152,24,12,8.782730,358
121,201,18,5.155951,224
286,300,9,9.150541,1105
185,147,7,7.651350,728
230,8,15,8.805396,365
197,281,13,1.106705,224
17,312,12,13.531427,149
77,291,18,15.408748,751
56,302,15,10.139813,759
204,183,16,4.757617,942
235,317,10,15.309076,1196
31,261,13,19.366188,522
109,191,18,0.057854,469
32,246,20,14.172944,1017
264,14,16,8.932982,552
126,356,5,14.280579,1074
137,62,8,19.041640,1075
42,192,11,8.181895,182
101,163,9,13.892598,561
3,389,17,8.285927,715
271,291,8,12.092031,744
90,384,16,4.481255,522
352,251,9,19.741028,449
341,311,19,9.241310,986
107,150,8,8.389263,966
104,349,17,7.288119,303
301,299,14,6.060892,268
377,236,11,8.310311,1090
389,241,8,15.170099,812
114,216,17,15.669044,465
199,27,8,12.951412,950
173,115,5,15.682338,540
169,52,17,5.333572,1127
92,367,11,16.451709,1073
181,129,7,13.996287,516
278,149,20,1.943334,1089
326,388,16,20.178747,374
52,333,14,17.410094,667
283,300,17,12.220264,882
316,78,7,12.606755,685
321,103,7,0.555261,1112
342,26,6,3.846914,114
58,88,11,14.778084,561
19,244,13,13.071793,1001
77,111,6,18.617755,287
141,306,19,12.466614,162
108,319,6,17.837685,840
126,147,15,2.023309,548
256,242,17,17.649790,817
291,235,7,15.355988,1057
28,321,15,10.847595,168
319,382,17,0.979210,909
181,191,12,0.304319,1151
207,12,8,4.007071,1067
366,50,6,0.897165,163
171,273,9,2.837599,207
248,160,6,18.846673,849
363,216,13,15.192551,534
24,202,17,16.467307,770
158,43,18,3.780947,533
290,216,5,14.248846,1069
389,376,7,13.930788,952
343,159,14,19.503628,272
234,334,6,13.440327,1004
314,57,14,3.376007,562
387,88,5,20.364447,815
386,280,15,15.131804,828
188,122,5,16.229357,575
123,316,7,4.245218,431
55,393,11,11.804517,1060
210,232,9,16.455581,747
164,127,14,15.502209,547
307,70,20,11.748203,441
247,355,14,9.888929,496
133,306,19,14.792925,292
145,121,17,12.075281,1087
186,99,12,7.085632,137
394,5,12,9.006519,468
133,213,17,3.712392,344
23,212,14,9.526738,1055
18,350,5,13.241412,134
236,354,17,8.171890,584
301,2,14,7.453216,1165
399,398,12,6.203148,909
77,351,5,6.072103,849
144,66,5,12.084412,983
96,344,10,11.190905,998
344,62,18,19.044774,1011
140,336,10,16.491450,251
369,64,16,8.560205,518
148,361,9,2.471333,999
384,112,6,16.516774,931
107,199,14,15.099649,993
202,169,8,0.642329,535
86,162,13,6.229034,286
75,185,17,15.729930,861
153,59,20,8.823460,938
11,366,11,11.331468,470
248,399,7,6.754328,600
371,336,12,18.210369,878
1,0,19,0.721514,1055
295,164,17,2.366614,438
360,337,9,18.477878,400
258,91,15,1.032582,1000
198,399,17,14.451156,335
5,214,20,13.328959,299
202,259,18,14.983798,192
356,241,5,1.871289,850
287,84,14,13.153236,234
122,141,20,13.359107,531
181,42,13,15.103030,1196
240,5,12,7.963925,189
19,299,19,19.591457,453
8,130,12,14.452953,277
9,11,18,11.335044,315
220,287,13,13.180640,941
171,216,15,19.067925,1135
386,144,18,18.596857,193
216,210,14,12.209019,1134
171,309,17,6.007116,326
286,256,17,11.649128,205
365,50,16,14.389537,466
319,240,17,2.042003,223
42,59,18,10.847650,252
195,105,6,3.264488,389
69,106,11,8.189890,995
2,392,12,6.975093,975
250,352,14,5.521443,714
23,179,12,6.365776,427
176,85,8,1.853754,427
166,288,6,5.145185,234
304,359,6,16.582562,1075
165,245,15,6.326123,858
45,50,7,1.150541,1089
16,336,7,11.067152,284
66,326,10,12.057489,811
397,105,5,18.374695,574
152,358,6,8.022403,875
14,60,12,14.560829,576
296,171,16,11.347786,158
144,63,20,19.792471,731
242,35,14,15.941350,849
315,18,5,20.278071,617
325,169,6,19.204364,786
170,107,6,15.138745,481
259,343,16,6.567188,348
251,374,19,0.404724,287
26,385,8,2.976914,318
27,389,13,4.706639,877
16,87,10,6.702782,526
53,26,11,12.364564,1004
324,0,17,17.171890,683
228,79,12,6.398989,1197
14,338,8,0.624568,574
107,94,11,17.409358,680
217,135,14,13.599054,145
2,393,7,3.657137,708
389,174,8,16.041800,541
317,323,9,9.545064,192
72,56,16,19.019086,513
154,397,5,20.269784,391
71,24,14,15.342635,796
46,86,18,0.740429,290
335,98,19,12.938660,505
376,256,9,11.800933,1129
178,256,12,17.800928,296
349,163,9,18.295615,595
214,303,19,8.052639,339
229,71,7,9.321616,123
286,387,9,11.389176,663
161,310,18,7.220220,371
159,232,7,15.426220,268
120,145,18,18.869721,677
175,205,6,20.021840,1200
229,297,15,7.571470,273
353,398,20,16.640090,104
139,264,9,5.573039,775
220,324,15,19.333046,983
376,22,7,7.707015,355
64,273,16,8.707460,372
259,308,20,10.507398,1181
377,206,19,20.224923,786
57,231,8,16.531441,419
67,259,17,15.676400,135
100,339,14,7.147364,864
158,97,9,15.071296,283
240,108,18,7.026967,488
273,232,5,1.011361,613
360,248,15,18.046612,150
316,71,11,15.790829,995
359,298,18,17.331262,1083
58,390,7,0.688816,513
117,12,16,10.741965,1196
204,41,15,17.796689,975
309,365,5,6.741363,241
50,258,14,19.688210,912
74,255,19,5.899128,1182
319,260,6,13.450883,723
160,37,7,2.207230,689
87,257,6,0.286870,1077
6,267,6,19.658596,645
108,240,14,11.054508,794
386,291,9,12.575327,1057
234,357,10,18.791114,157
93,385,14,6.237881,403
110,287,6,8.415862,744
223,286,13,18.325513,811
337,96,14,5.017561,139
114,151,8,13.663391,1122
293,262,20,17.978786,1094
383,92,12,7.326749,509
273,35,5,8.867860,1044
393,81,8,8.011899,404
244,117,7,7.047017,377
91,118,6,19.446941,619
253,381,16,5.453786,674
86,61,13,2.108897,1023
355,390,8,1.266408,1021
356,263,11,16.000601,1173
379,363,7,6.100024,615
95,228,9,15.659300,513
207,304,9,4.126860,1011
342,195,20,1.794961,980
354,121,18,3.348878,195
10,393,15,5.064512,721
354,218,9,18.915040,778
269,206,20,10.714431,325
82,255,8,9.462139,648
189,384,14,3.162564,515
163,158,16,16.200965,936
199,382,10,2.518030,556
387,68,19,2.687820,1027
360,184,11,17.045954,333
315,240,13,14.126778,1053
222,340,20,3.587108,758
110,366,17,14.413040,113
10,202,16,0.753526,124
313,105,16,0.852653,109
248,99,20,19.604205,236
384,257,5,13.453171,1072
244,152,7,4.154142,594
267,270,19,12.289127,722
46,137,7,10.892867,1171
191,394,13,8.042626,844
97,292,17,2.042958,568
86,103,19,10.431022,632
352,227,13,19.193510,956
81,355,8,8.010339,816
396,195,11,0.232308,993
218,205,20,12.868523,959
97,51,14,14.804496,630
95,137,11,16.455341,598
329,206,19,4.657136,1078
347,343,8,17.550602,550
126,115,5,9.081423,348
131,96,16,18.343458,337
211,104,17,14.726330,649
272,366,15,19.213956,811
23,22,6,13.924802,654
289,265,19,8.668612,960
200,273,13,18.703497,501
183,236,8,19.546010,931
34,97,10,14.861784,574
198,19,7,13.763117,273
241,367,18,12.788039,288
161,253,14,13.040508,105
29,109,20,8.167235,353
388,249,12,14.425285,637
291,371,17,20.040539,129
144,285,10,20.212175,790
285,264,13,18.371903,571
357,356,18,3.877973,971
72,181,17,1.356389,1017
272,242,7,12.954839,503
324,204,9,7.292783,133
41,223,5,1.628891,134
242,125,7,18.508724,359
335,361,16,5.667731,1190
185,24,15,11.549540,843
179,394,11,12.202329,458
241,365,20,19.658577,594
55,371,5,14.799401,659
178,278,11,7.788551,1123
319,57,13,8.926943,282
122,21,7,4.102083,740
280,259,19,19.318553,340
285,16,16,5.553477,250
362,210,16,7.220074,582
348,87,10,6.493079,782
292,218,12,0.009417,108
247,147,5,4.526562,315
386,270,11,2.288090,1062
237,174,6,2.324866,911
122,374,20,10.121186,912
64,208,16,13.097723,994
284,98,17,10.936529,866
36,271,20,10.559777,447
128,129,12,8.977852,1075
73,382,20,13.116672,1198
8,219,9,6.706879,183
66,63,20,18.980070,895
83,201,11,11.226143,451
211,101,15,4.966744,566
1,185,10,20.043540,1051
118,175,12,7.349387,962
135,201,6,3.183904,502
35,399,7,12.422447,1020
103,232,18,2.867885,642
12,164,12,1.872396,276
86,212,12,7.615522,135
281,131,13,12.984046,747
140,286,16,10.316149,697
264,354,17,20.272307,1046
164,240,19,7.693915,102
73,325,11,6.180361,232
104,278,9,11.327854,634
34,134,13,2.487530,965
238,125,5,15.004574,222
100,15,11,11.358275,999
268,31,9,12.248482,828
36,377,15,9.458272,745
157,67,6,12.445392,263
29,282,15,12.376134,840
309,211,7,5.035128,1139
276,209,9,8.561999,608
22,227,15,2.922977,733
91,39,15,7.160160,952
269,144,6,19.138866,1101
293,201,8,0.101355,899
284,4,17,12.160971,1195
81,19,8,2.508131,564
117,390,18,10.387900,494
272,399,18,12.178812,209
348,112,20,17.559465,970
14,212,9,1.689277,108
29,190,12,11.839951,323
110,321,13,5.742867,639
182,249,16,11.474779,1173
386,294,19,16.581174,263
19,383,20,5.547988,949
380,96,20,7.344802,352
393,355,19,12.314151,877
278,210,19,17.694176,741
101,25,6,1.192436,754
93,96,8,6.683422,814
325,156,13,5.077559,881
352,304,14,1.648154,856
167,44,11,17.931874,768
119,169,6,15.080296,961
40,295,13,16.949995,1163
194,159,16,15.728796,400
60,85,5,18.836292,901
365,343,18,5.379979,536
116,166,18,14.159555,889
303,308,19,16.684460,429
193,380,10,8.027829,782
200,6,16,11.510707,667
103,177,18,8.481031,773
355,54,6,18.176328,509
323,33,11,6.886262,455
272,275,15,11.583118,552
74,13,11,10.445765,584
197,165,13,12.807690,574
349,0,17,10.516266,1195
385,128,15,10.735803,268
128,341,18,16.771911,588
130,293,12,8.312745,1194
341,235,9,14.811242,770
364,323,8,12.144839,504
73,380,18,7.141677,446
87,44,14,18.754533,593
0,191,12,4.584568,977
28,240,12,1.294536,586
4,155,11,11.283606,966
347,168,7,20.312157,726
1,334,15,20.389901,681
138,313,7,8.540946,975
114,144,5,7.394116,1067
366,68,15,1.570949,266
12,393,19,10.786816,971
392,225,6,10.644511,413
15,348,8,7.588320,918
274,88,6,8.795685,285
396,111,11,1.856710,748
7,287,19,0.967734,464
361,7,13,7.114082,434
309,148,5,1.818218,555
268,285,20,3.263885,162
306,4,16,2.949686,109
17,247,12,12.476893,827
383,236,6,12.925368,1111
129,80,6,0.423384,967
399,127,17,12.071783,381
270,262,15,2.932623,1141
16,389,6,9.189222,1069
93,221,14,8.535149,797
57,35,9,13.034785,1142
280,18,8,0.540326,148
318,302,6,17.769596,693
252,23,15,6.567062,958
31,195,11,6.961936,837
361,114,18,4.335882,693
326,190,18,6.889524,285
145,258,20,13.573712,526
331,122,6,13.901155,926
31,190,11,17.086488,915
45,338,5,9.362436,746
279,273,20,8.423370,229
55,328,14,1.994605,1093
254,390,10,4.928759,776
379,156,10,17.527865,797
109,52,16,14.420635,685
150,66,8,11.270629,650
73,262,7,20.201342,978
255,144,11,14.517421,641
353,106,10,9.054672,643
273,267,19,3.231790,301
163,274,14,19.165228,897
389,393,20,2.569674,753
109,29,15,13.818630,252
306,290,8,5.461406,1074
119,162,7,0.039024,184
121,309,17,15.478383,1160
149,129,10,14.337633,883
281,388,5,11.687839,1005
261,190,15,17.455852,198
71,153,18,10.295036,594
217,358,10,0.052209,485
113,36,6,1.719588,494
204,175,9,13.099970,505
235,236,20,17.070159,639
21,144,10,12.603793,1016
210,183,20,17.652817,976
357,117,9,2.244992,831
135,73,6,14.967641,146
121,356,5,4.029739,601
252,15,13,8.250386,217
39,263,13,8.174933,899
290,365,15,18.293957,920
361,148,7,7.051865,545
145,142,14,6.758706,335
76,121,6,5.504047,264
110,52,6,2.657377,1145
267,70,9,20.313902,294
193,349,18,14.473340,281
169,332,16,11.730933,466
99,338,9,10.425603,191
176,328,19,14.282832,106
332,395,14,19.462878,1180
319,107,19,20.448408,839
243,388,18,8.740220,647
100,186,18,15.694729,650
118,93,6,4.049383,508
342,87,13,4.763846,233
86,98,16,2.684955,868
73,185,15,17.033687,919
322,182,15,6.897666,278
200,368,17,9.923636,352
63,72,9,4.724506,385
65,366,9,7.280657,467
213,194,20,2.760162,209
146,1,13,20.170104,1059
73,321,18,4.678053,425
53,47,13,12.461727,1027
365,100,16,4.890518,920
285,136,5,13.937749,204
133,390,17,14.697238,152
267,94,6,1.685124,976
28,293,13,0.286390,295
16,157,20,0.285466,680
98,251,6,1.101515,279
159,62,18,4.076466,555
93,183,12,14.396290,1021
23,354,19,9.686837,291
234,274,6,12.681156,491
317,326,11,17.977232,197
251,204,12,19.330459,549
94,209,7,4.546555,781
399,353,13,0.888698,1109
325,285,5,18.538995,263
226,295,19,9.168787,225
186,37,5,4.025765,718
309,312,5,14.738380,390
74,101,13,14.664694,133
350,340,18,16.178286,1079
197,241,12,11.913128,989
98,294,7,0.869771,890
26,5,12,12.912889,139
297,94,14,2.352091,147
364,328,8,9.431722,137
120,380,8,15.082533,761
214,353,9,8.477532,885
366,275,19,13.741885,484
131,87,11,11.506310,998
142,238,17,18.297510,492
383,4,15,12.286738,531
354,24,10,1.011423,968
85,133,5,10.275636,347
83,32,20,4.165662,999
307,214,17,9.865498,1078
347,106,8,15.452861,250
7,62,9,11.324399,648
256,209,13,19.703552,189
155,74,15,13.006135,693
258,148,5,18.996793,198
35,94,15,11.553329,795
121,230,17,0.739553,430
243,35,14,12.680869,781
88,19,8,14.099705,445
196,44,19,10.051126,259
218,379,7,4.259920,376
120,122,10,3.789407,255
217,3,16,8.209016,1048
304,363,18,5.258795,213
334,29,20,15.014266,1002
221,53,17,18.345290,1153
95,52,9,11.512221,708
329,207,20,19.832757,603
37,6,19,2.269365,636
36,253,14,11.957787,1189
298,71,17,7.760970,356
151,51,14,15.927483,178
308,368,20,4.258370,274
188,46,20,12.957369,1088
128,32,20,8.515891,256
122,160,6,1.868501,141
254,317,7,17.282015,767
270,326,11,13.217970,1186
145,147,18,17.487062,120
257,331,17,12.461549,297
390,332,10,17.405945,937
328,287,11,6.276077,934
183,321,20,12.602443,347
373,150,6,8.429784,850
62,104,18,0.013548,362
178,154,15,6.485618,273
185,295,18,15.868806,569
91,97,5,12.692170,962
21,10,17,7.642036,285
251,68,14,4.710563,725
288,228,5,17.110912,958
216,57,7,8.517880,656
28,314,12,5.621404,136
277,133,9,13.596518,1171
337,69,11,16.592955,1059
37,198,20,1.969086,340
0,174,6,5.972392,863
132,201,12,3.457471,532
236,247,7,5.872867,248
198,370,9,13.594973,620
30,38,10,10.578489,921
173,61,8,19.880090,1097
147,351,16,14.454135,358
147,160,18,3.771923,1115
184,179,11,5.474303,512
115,265,11,12.396804,349
293,96,18,1.653617,986
363,154,5,10.948460,936
349,14,6,3.754548,857
73,157,9,4.070429,412
160,65,5,2.929458,1096
256,356,17,10.168229,692
230,370,9,3.412751,137
159,112,7,6.337529,313
219,356,18,8.060859,203
8,106,12,19.683939,221
328,82,12,9.168710,121
346,114,15,16.707018,781
218,295,20,16.461967,722
327,121,19,0.794447,521
246,112,6,18.185815,153
194,98,13,13.218028,379
53,104,10,8.810637,934
163,80,6,15.490130,267
395,8,17,9.233884,1151
69,231,10,0.183780,1167
179,192,17,4.601421,144
261,235,7,20.275058,1107
142,8,11,1.805387,253
177,294,15,5.279237,684
58,331,11,9.959409,739
323,210,7,13.612759,633
39,247,17,8.185499,844
160,150,16,5.918260,437
136,301,13,0.005122,497
53,387,10,0.264428,205
383,101,9,10.414269,1159
100,350,16,14.020625,555
191,89,7,5.351019,928
328,276,5,5.429936,1118
379,369,13,19.923006,724
297,89,13,13.586601,157
221,52,13,4.316339,404
222,24,10,0.814110,354
216,87,9,14.875143,1081
377,208,20,3.871655,427
155,137,14,14.878573,433
65,221,8,1.074028,321
59,292,17,10.442315,738
54,293,20,9.382975,385
19,63,9,5.219652,728
251,0,8,9.033932,415
388,21,11,18.252792,128
203,37,18,0.704261,119
99,169,5,9.274645,174
262,376,15,5.351015,1199
185,204,11,12.396988,120
340,201,11,9.447936,476
148,14,16,2.867164,530
88,100,6,14.204722,1158
246,360,17,4.477620,289
106,338,8,3.426627,108
189,235,9,11.025486,881
363,382,16,16.949015,897
373,37,17,0.407284,533
263,64,17,1.451318,779
139,276,8,16.386455,585
105,235,7,10.596406,738
57,228,16,3.272307,503
326,159,12,8.200265,683
371,134,5,18.560694,265
135,154,12,2.852705,1110
201,385,5,18.044790,1080
2,376,20,2.625239,319
226,135,5,13.750049,1099
130,94,8,12.786096,364
283,297,10,19.663907,831
24,365,13,3.364541,215
328,50,17,1.679026,470
256,69,16,3.188201,835
271,278,5,4.531386,505
78,342,19,6.013042,1176
217,399,18,8.262697,382
153,90,10,7.054554,994
135,394,14,7.779886,142
111,258,10,15.998512,842
195,18,10,8.502612,316
200,238,15,6.301672,664
289,307,10,7.406483,532
325,191,14,7.736146,1171
186,135,9,0.458238,402
380,318,12,2.493864,887
60,7,5,1.588645,521
316,80,6,6.549626,1013
239,112,7,16.242803,904
96,213,18,9.666418,825
271,160,20,9.553770,988
225,268,13,16.002062,668
212,172,15,20.007020,719
292,298,19,13.309340,964
146,166,12,7.501825,137
67,73,10,2.459234,1044
98,177,6,2.247544,479
316,51,18,11.902165,208
331,334,14,10.716636,113
84,333,6,12.395731,813
24,160,10,9.012822,1016
177,53,17,16.368506,904
83,115,8,12.976974,232
375,254,15,5.188026,348
289,51,12,10.038216,1120
77,0,11,8.192055,707
32,209,10,17.815958,766
309,153,20,9.612434,543
328,159,8,1.509453,881
108,303,11,18.896711,849
337,132,19,8.642714,1095
223,206,7,5.111287,957
66,155,13,12.194273,308
285,166,8,17.743310,1164
200,125,5,10.278893,490
53,333,16,17.320070,824
194,186,9,1.782999,1145
150,169,14,3.945969,102
22,196,12,0.788192,385
226,388,16,8.773972,660
183,150,17,5.115842,959
102,285,17,14.346547,317
241,385,17,7.261406,264
325,160,19,12.783929,428
277,58,5,8.694559,642
207,307,11,18.252719,1140
247,70,12,12.806792,772
153,121,12,7.613230,261
395,313,6,7.106042,590
45,242,10,7.350603,323
172,300,18,12.259788,343
395,25,12,1.765989,1171
185,146,11,11.059391,1036
95,309,9,0.316468,325
240,142,11,7.115608,1042
1,148,5,12.109281,215
322,367,14,11.699671,372
273,12,20,15.715768,645
338,169,10,18.281598,428
12,56,13,3.160509,1086
195,156,13,20.205343,593
167,54,11,14.207310,589
234,366,14,11.520465,865
148,180,8,0.313752,1007
391,282,16,20.102746,1051
158,360,19,20.062183,660
66,363,18,13.454400,1130
396,243,12,20.333167,616
143,259,9,1.352235,1047
125,141,8,9.292935,619
292,52,6,10.185486,756
101,243,13,15.877172,471
393,387,12,12.774529,519
99,302,8,9.513151,433
335,159,12,20.030656,737
161,55,7,8.817694,555
125,11,7,14.973494,483
303,157,5,8.072499,626
138,212,8,17.353139,1137
107,398,18,2.333770,421
125,9,8,10.917864,911
240,387,6,0.028938,556
297,68,8,19.592956,941
333,2,16,4.670467,442
245,358,13,13.386631,147
354,389,9,4.881573,561
163,334,7,8.751721,928
200,297,12,10.468821,672
271,125,19,0.632300,1097
363,58,20,19.892031,157
297,344,14,6.224187,948
360,97,19,14.229810,385
252,244,13,15.802455,627
251,64,16,5.139547,995
197,285,20,5.057805,696
367,123,8,12.303088,1087
257,323,6,14.012333,1098
165,87,7,5.905880,391
193,115,6,4.117222,1030
170,236,15,12.475158,949
95,196,17,15.717584,232
142,163,17,9.123474,646
332,324,5,11.308206,1030
191,264,18,1.798405,152
292,312,16,16.459231,170
143,104,6,6.997949,1028
51,119,16,6.653375,291
66,376,8,19.461595,371
386,59,11,15.372159,1160
188,374,11,16.835764,208
91,19,12,18.631018,729
210,371,18,2.589247,134
56,224,18,10.253337,473
183,272,12,18.786974,585
1,317,16,15.873518,553
48,308,12,0.775494,1095
174,244,8,20.288568,442
114,222,18,2.696512,564
65,10,9,1.526994,694
156,67,15,2.218522,949
117,220,14,16.252062,1026
322,398,11,4.516950,521
200,96,13,18.894171,940
197,268,18,17.391673,1160
389,58,19,8.899551,550
303,319,10,2.789528,1044
208,165,5,3.648725,1051
242,14,6,13.426374,159
0,204,8,20.456662,1005
268,67,12,15.513097,262
179,337,19,11.496139,760
384,306,12,12.555435,684
95,286,20,9.637506,700
376,337,13,7.662688,336
252,393,13,9.867832,119
300,381,13,20.067252,324
13,17,8,10.700508,838
210,61,20,2.687581,421
18,118,5,16.905484,959
41,193,9,11.716896,642
279,181,19,13.634239,917
263,27,13,17.913939,558
168,324,20,1.599915,529
372,60,15,15.986423,607
204,306,10,13.741683,146
69,259,15,0.260056,1011
127,260,10,9.569369,1010
109,375,12,18.100359,418
218,252,19,5.360844,491
193,324,16,4.757196,681
172,321,9,19.527919,242
49,163,20,18.757495,940
9,104,17,20.230795,750
75,192,17,4.572080,104
6,233,18,0.603214,419
358,370,19,17.780878,582
222,276,15,1.458676,510
129,226,11,7.606904,1189
287,172,15,5.280315,591
264,176,9,0.616838,664
83,278,12,7.945093,911
268,221,14,4.917773,1102
369,161,17,0.332801,304
289,221,13,0.763719,447
47,281,6,19.481183,417
60,386,20,6.954003,586
88,103,18,11.155726,656
350,120,9,6.553149,605
300,259,12,3.558282,752
152,189,19,20.287866,173
37,237,16,16.569208,300
219,292,7,7.333006,1110
169,193,18,17.460816,748
20,281,19,7.787384,1139
97,104,5,16.460807,1120
379,159,19,4.713228,353
120,54,19,18.108180,547
1,155,8,16.769978,102
165,173,7,2.156290,257
262,141,9,12.646891,840
132,116,6,13.782643,1042
398,371,8,7.394031,330
108,346,17,14.541903,1047
246,174,14,8.390423,593
9,264,15,0.855992,875
256,141,15,19.529151,567
8,41,20,5.211154,586
351,64,5,0.389370,1069
170,63,19,5.619052,665
380,225,16,6.807625,887
27,47,19,10.193757,268
162,184,10,14.626890,296
83,38,18,8.716646,215
220,86,10,3.133453,323
338,90,13,18.080000,142
168,368,11,13.460953,473
396,178,9,7.600322,568
32,254,9,5.161932,334
289,65,11,11.473622,111
108,374,15,12.747958,143
392,123,10,1.136035,489
170,213,11,2.870968,462
293,234,17,1.332890,1145
299,45,14,11.768855,602
167,181,16,1.645855,733
263,210,20,1.769621,780
347,115,16,18.037714,705
219,362,7,18.589006,507
285,221,18,12.959514,538
159,272,17,3.383552,570
75,98,13,15.713730,117
254,182,6,18.417792,131
154,313,10,13.526553,931
295,371,7,16.045230,529
150,115,8,6.864268,403
381,83,14,20.205983,776
296,327,5,18.012610,755
48,257,19,11.796263,705
176,135,15,10.734833,403
206,89,18,19.309602,284
176,332,19,2.437934,282
229,38,8,6.713642,643
57,364,7,5.368857,144
292,34,19,9.865240,262
258,317,8,8.227254,551
349,232,9,1.997784,113
364,57,17,3.445041,504
61,141,8,18.190914,336
93,393,16,1.505405,783
193,70,20,5.903334,1076
75,17,9,4.616066,1030
289,356,13,7.290673,986
33,1,19,19.873607,351
258,187,15,2.022631,876
224,368,19,12.854263,590
231,104,18,0.819817,815
78,58,7,20.368285,159
304,393,16,1.775178,875
373,44,12,0.977428,845
235,78,12,2.196101,223
198,85,9,6.931325,731
259,41,11,4.385018,1092
41,162,7,5.576256,401
14,151,5,5.917651,535
326,306,12,1.768016,537
371,148,16,0.842857,381
295,331,10,17.324439,290
162,143,6,4.691220,629
49,20,7,11.537039,944
5,22,6,3.318042,1028
369,387,7,10.056468,715
372,118,20,17.856925,1112
307,5,14,14.531546,236
373,119,19,18.752907,356
235,133,12,12.170766,1143
192,177,17,11.258432,796
243,135,6,3.047479,315
95,272,13,15.836544,515
109,253,16,9.581718,938
255,285,14,1.661010,635
101,18,20,13.372644,946
51,362,19,9.371935,1111
394,317,17,0.063112,844
179,64,10,15.416875,951
85,325,12,4.454975,531
58,180,15,1.603014,471
61,324,12,15.982953,224
117,314,6,12.332485,1193
314,331,14,16.003501,958
203,272,11,3.277636,872
129,23,18,12.902861,544
220,204,15,4.600674,387
217,376,11,11.079979,280
33,149,16,6.656505,887
0,152,6,15.327226,202
356,75,11,9.570225,105
49,360,20,15.738518,213
358,320,15,5.568488,450
54,393,20,18.261325,573
104,351,14,20.226270,964
193,360,12,4.381628,1189
96,298,5,10.983800,955
274,139,17,12.943011,912
357,354,13,7.069679,994
349,173,8,4.975541,1151
219,216,16,20.144212,1123
7,82,7,16.933927,1003
147,5,8,3.321193,882
269,336,6,16.036465,565
293,303,13,8.484641,220
273,173,14,0.453456,892
208,21,9,7.611746,1058
178,162,8,9.120317,1082
74,209,12,19.094283,1195
19,295,17,2.919444,283
152,100,20,8.571299,243
274,207,20,19.068715,270
56,231,8,19.451072,428
293,108,18,14.928167,319
360,232,13,7.015706,544
157,358,9,7.042410,1025
250,308,9,6.132235,312
187,356,12,3.804728,517
328,93,7,3.829701,999
197,178,8,2.344822,710
30,7,20,19.883961,406
186,246,7,18.207995,1142
166,239,17,5.255597,553
253,13,8,1.426606,1133
245,392,6,13.318953,408
173,272,16,4.620640,482
164,81,13,6.136926,1006
115,66,10,0.255999,768
42,69,6,10.302544,829
303,307,20,17.515638,173
63,339,7,9.182252,164
130,52,16,2.603139,248
204,37,13,15.105820,132
129,169,11,10.188476,152
279,117,11,8.926886,501
196,117,7,14.769763,332
88,365,11,7.145100,1086
16,151,8,4.454993,462
344,369,8,10.322175,1120
14,76,11,12.147634,947
110,137,6,15.262720,702
198,18,6,10.764282,605
227,368,13,8.730288,432
186,304,14,4.350825,879
273,179,6,0.197635,612
170,370,6,13.156414,580
86,67,14,17.351337,526
276,343,15,4.136780,461
170,377,17,16.780124,323
204,212,8,9.587524,1038
82,376,20,14.900735,335
136,104,19,20.402749,744
254,74,9,19.608994,242
376,51,20,6.226033,648
360,278,18,20.311894,1129
359,386,13,7.241357,553
90,172,16,9.958861,230
245,394,9,10.963391,709
32,230,20,19.597984,1022
48,118,19,19.764095,571
216,198,10,9.409404,487
247,144,15,5.151079,460
141,132,17,5.941496,832
260,398,15,7.933393,399
23,216,19,2.062045,556
151,386,6,0.115853,186
285,270,13,14.698271,671
229,112,16,13.936859,948
231,98,8,3.185546,839
299,104,15,2.804375,523
253,12,13,15.974275,352
139,180,13,12.585328,796
28,278,9,11.528720,124
162,123,17,15.664354,577
113,79,17,0.973817,817
206,56,8,16.474297,941
122,299,11,14.736805,506
388,18,7,5.019859,300
14,342,20,12.287156,885
73,33,18,7.782217,1074
305,148,12,11.750574,1041
143,222,8,0.151020,478
350,46,16,7.161574,873
176,236,13,20.140127,501
348,358,18,17.439351,505
32,196,14,7.366781,1005
128,171,16,2.880618,716
133,83,13,11.950789,354
10,29,7,7.146460,505
175,301,15,6.053558,715
336,205,5,12.147989,1140
199,136,7,11.641289,790
94,59,19,9.684280,1182
147,51,14,15.222919,254
23,97,12,2.159827,489
349,29,15,18.589885,732
80,328,8,7.572762,765
115,108,17,20.189356,757
264,233,6,12.402093,867
257,177,8,18.262076,556
182,199,8,4.261593,481
271,32,11,19.121142,731
152,203,5,20.005625,1197
30,72,19,6.128192,1133
390,137,16,8.086389,600
279,81,10,9.130332,738
240,15,13,7.643023,724
98,288,13,14.060481,568
218,383,10,7.379650,570
205,336,16,16.769991,587
85,313,15,6.017292,641
325,358,17,17.734662,280
239,262,5,18.460063,596
48,317,11,1.490530,118
33,7,9,16.042730,889
167,300,9,15.152991,943
216,329,19,13.847199,811
260,32,5,10.819756,1009
331,153,7,11.031224,699
156,31,8,16.718208,157
315,166,14,6.648013,278
383,193,11,18.231675,353
51,306,14,17.959524,215
2,14,19,13.244147,1080
115,1,5,8.800817,803
233,57,18,0.298711,1132
125,144,17,14.733562,220
120,278,12,15.148965,1014
206,363,5,6.360549,545
6,63,17,18.590333,922
141,226,12,3.094880,595
142,260,10,7.142546,1177
375,6,6,8.404395,633
364,260,6,17.989023,1130
77,130,17,19.965934,451
363,350,16,7.236708,613
244,58,10,15.871537,257
127,117,17,2.494394,592
388,199,13,7.452402,1129
345,157,6,6.682423,779
196,211,16,9.541912,172
223,26,9,7.587807,213
252,141,15,18.809752,1131
368,70,10,17.166845,651
176,66,5,13.467688,1137
264,212,16,13.958203,1080
100,258,12,14.828693,420
235,99,20,9.331583,103
131,177,12,14.144775,1057
282,252,8,2.159240,385
25,0,19,19.002274,374
102,111,13,17.517239,765
122,76,6,6.596998,1017
197,390,16,19.567641,665
309,36,14,16.850218,999
38,315,9,18.792932,770
32,127,12,6.011354,893
278,86,6,17.817343,440
158,165,9,12.072067,445
266,229,18,7.813257,509
139,148,8,11.930930,1050
20,64,16,9.899158,847
376,274,18,2.568011,330
237,239,11,12.448146,282
130,13,5,16.517866,353
159,353,7,14.475484,607
205,253,18,3.116995,979
331,105,9,5.626401,756
213,207,10,2.598293,918
293,6,19,2.847105,193
160,95,16,3.103403,836
189,71,10,16.004964,839
375,164,10,18.352038,666
145,113,15,4.605573,1066
116,315,15,0.841088,227
60,141,18,19.989202,125
361,56,6,7.125232,442
364,64,14,15.664666,865
115,361,18,0.461368,532
124,89,16,9.676492,616
137,323,5,15.006877,813
325,119,19,5.970681,644
143,14,10,15.628463,727
19,273,16,11.879184,151
52,188,5,10.444821,492
50,257,19,2.773284,1180
192,371,20,11.449090,889
214,275,16,2.972065,507
301,47,14,12.038461,1070
363,155,5,0.828602,279
64,293,18,13.952118,562
310,176,5,19.349016,1010
216,13,9,1.328916,967
173,137,13,10.763676,686
87,46,11,3.239451,573
64,190,20,17.733811,542
304,378,15,17.487141,1012
129,108,10,13.701056,442
251,232,18,12.344306,1058
354,174,20,18.774853,967
100,137,9,15.293999,295
189,100,12,17.808601,451
144,101,9,0.491250,1176
334,146,19,13.354490,956
248,312,7,14.103272,1157
270,331,7,16.141609,703
221,100,5,18.388144,1013
100,229,5,13.787786,660
133,72,20,19.676583,270
48,322,14,3.432097,129
97,120,16,2.028699,210
337,345,16,12.950455,926
333,6,20,9.519953,852
334,315,14,2.904499,309
177,80,7,16.174613,825
104,241,15,19.517160,914
357,308,6,15.818668,466
363,118,9,2.327908,1066
6,82,13,11.863907,570
347,365,14,19.652178,951
266,93,15,3.879232,366
392,359,20,16.197906,125
137,308,15,13.910854,365
162,390,17,16.872793,972
382,92,11,20.341766,872
212,300,6,5.072693,1163
264,173,10,0.982056,226
290,328,11,13.117769,871
64,290,14,0.841316,818
148,268,10,0.505245,168
157,20,7,17.090826,976
221,333,6,19.689012,226
23,300,19,7.655248,244
318,21,10,16.614250,853
13,276,11,7.221308,784
147,100,7,17.998724,439
321,153,14,9.077138,248
131,201,16,15.120087,623
3,159,16,14.562895,270
101,63,17,16.570543,800
200,257,20,1.668131,670
39,4,7,14.996564,901
89,58,6,13.829756,738
0,371,9,5.707410,446
231,346,10,11.090594,936
361,142,10,16.468024,238
229,104,19,9.609738,1067
253,233,7,20.300268,722
116,66,7,4.646793,459
304,309,15,20.135486,1176
303,91,16,18.132538,427
52,349,10,14.466187,705
352,161,5,2.781612,239
189,362,5,9.024850,866
144,133,12,11.193766,668
193,120,13,10.303597,951
289,138,17,8.878783,974
112,366,15,9.269509,682
366,53,9,1.906332,574
190,119,7,20.357206,609
198,69,9,4.515062,364
264,345,13,0.725879,288
193,198,13,16.067618,1123
228,192,17,15.867594,494
359,47,17,3.120718,104
166,161,17,1.157775,120
53,344,17,1.373552,705
197,230,5,16.356732,948
291,302,17,12.132073,319
303,223,7,4.919227,453
394,280,7,15.995888,399
14,74,15,12.107199,1112
167,72,12,0.004397,380
53,10,14,12.398651,338
77,223,19,9.234634,326
118,381,5,3.814141,1149
380,211,6,18.024104,780
5,346,19,6.068404,1043
374,334,15,11.107096,848
122,322,11,3.934818,423
341,153,19,19.156356,1001
123,221,12,15.711697,236
90,49,13,3.538250,751
65,175,20,8.861971,222
151,169,20,0.936944,620
131,340,20,2.605919,189
51,335,8,17.817586,240
331,232,13,10.392280,387
341,363,19,2.983856,327
276,27,10,14.738795,1080
312,143,11,0.947207,874
177,6,17,6.021529,872
215,55,17,8.614803,1079
291,190,11,5.652110,1039
305,338,16,14.961194,434
25,71,19,10.839009,543
265,290,17,11.618617,357
392,329,13,7.986920,626
223,238,7,3.619262,601
190,54,8,15.667640,413
304,52,9,16.605199,132
13,29,5,6.916677,164
99,253,8,5.819506,547
218,74,7,20.353143,887
122,314,6,9.448159,1186
374,361,18,5.818735,230
192,294,20,17.975606,743
127,341,13,1.123002,490
305,393,14,0.497191,814
42,171,14,13.007229,650
270,249,11,16.597023,747
160,120,6,8.110336,290
347,285,16,2.587082,185
319,112,11,2.325298,844
26,300,14,18.944090,974
126,260,18,14.630252,1119
106,212,19,5.568066,941
26,267,17,18.730712,588
120,64,5,0.385376,120
18,302,10,9.010750,601
94,324,18,5.132432,1096
304,145,5,0.272682,249
390,83,13,1.123030,834
376,180,19,19.518396,549
197,394,9,19.936539,123
28,74,9,19.133351,513
328,357,13,4.467477,411
201,72,10,14.132008,169
94,190,11,9.043461,398
45,319,6,1.314629,456
55,101,14,14.317172,1173
278,79,8,17.316773,668
310,174,8,10.392348,362
34,121,10,17.778386,275
365,324,5,0.214414,1030
25,378,13,11.281865,307
223,383,7,1.381730,1183
108,353,11,2.027977,690
388,127,14,5.745025,607
361,120,11,9.371214,1001
31,9,10,13.836480,413
259,38,8,15.573100,811
127,378,19,10.763091,857
175,390,5,14.718727,1015
102,261,17,15.312511,1166
308,18,7,3.688360,962
63,29,7,16.054793,737
226,213,20,15.796758,987
89,337,9,15.469461,1011
317,296,18,9.834515,927
217,35,14,18.047620,1103
356,126,20,17.068528,267
376,324,10,15.622330,341
23,225,14,17.508624,162
134,59,11,1.810469,197
155,260,19,17.063777,336
386,69,13,13.988523,908
48,314,11,18.758260,597
44,171,9,8.112671,200
103,291,7,0.098980,1105
338,387,12,14.100755,518
215,63,14,4.445332,605
136,366,7,2.335983,349
318,329,6,11.148260,234
50,272,9,1.037969,280
367,133,18,1.581405,471
171,351,11,5.558020,222
107,38,20,16.809393,483
168,294,13,6.325374,209
225,295,12,14.993320,747
366,21,7,19.781688,1198
353,202,11,5.352773,554
211,114,16,4.058663,181
348,123,14,0.781072,460
129,212,5,10.221366,738
235,399,20,4.292588,760
236,68,10,13.172498,433
176,34,20,19.612000,868
128,144,15,19.546876,555
319,4,9,8.878957,1167
250,108,12,6.698823,1080
174,341,18,9.144257,584
153,276,7,9.230012,1108
80,303,13,13.109548,806
108,340,18,12.867506,767
358,184,14,15.977749,926
23,191,11,14.475882,1193
237,24,14,20.374457,741
119,218,6,1.111263,706
222,100,11,16.549144,465
107,148,19,8.333016,140
99,340,16,10.013361,763
101,353,15,7.635745,1004
182,139,19,7.415994,253
42,15,5,14.613610,1088
310,291,13,19.190023,1173
217,329,8,13.275101,219
103,321,15,4.305906,1117
254,73,5,19.918879,442
222,361,7,20.322748,510
162,141,16,19.621941,606
87,174,5,9.560299,416
301,198,20,10.814579,800
37,252,9,5.097503,1026
369,349,9,1.026849,256
26,49,6,11.817519,679
339,384,10,2.358840,427
145,173,6,11.232594,391
61,39,8,9.128535,838
85,360,8,14.134895,654
138,397,19,3.930598,1136
315,275,6,11.052422,1126
89,90,8,6.442814,759
89,268,17,8.648050,650
214,233,16,2.149457,729
139,24,7,10.263083,1045
90,308,9,3.072995,568
37,1,6,7.291312,946
141,261,19,3.101313,126
278,357,12,2.432473,348
257,43,8,15.956529,994
340,364,10,19.762087,913
202,348,6,6.638656,645
250,201,15,10.768028,1193
215,360,11,19.800519,335
261,332,12,7.623836,957
280,304,8,9.912983,390
145,276,10,15.559788,1137
240,101,10,3.678441,1071
61,187,14,19.587786,364
296,182,20,5.766615,938
145,35,5,9.626703,141
103,196,13,0.388460,615
395,50,11,2.114616,434
47,274,9,16.047060,930
21,93,18,1.818071,499
279,343,6,6.560505,348
186,340,15,7.667918,107
60,394,19,19.329257,743
302,61,17,0.839923,621
177,280,5,20.425844,564
399,223,18,3.654013,225
193,46,5,17.892174,743
29,171,15,12.109135,1155
368,155,5,0.434295,822
242,363,19,11.195543,307
68,181,11,4.134472,1097
366,376,7,15.809058,800
185,308,9,16.307430,449
128,10,19,10.214340,949
337,300,15,18.880801,969
241,32,6,5.507709,728
295,24,7,5.453510,984
163,282,8,0.873098,1057
75,293,5,17.991078,314
3,370,18,1.823165,608
254,292,17,9.755297,229
210,142,6,3.853921,936
241,75,16,6.908979,501
235,318,10,1.867153,646
67,352,5,9.778965,783
190,172,9,0.251344,202
102,2,17,7.140684,1026
17,325,6,0.228491,932
81,80,11,7.895393,832
397,92,17,8.833776,273
63,170,12,5.985835,1006
134,291,10,5.413148,1040
152,374,10,3.543731,1139
118,358,18,4.964218,266
348,174,20,8.222010,981
347,76,12,8.132146,600
15,163,10,0.280836,197
174,27,11,7.596349,593
2,351,11,0.077000,122
120,358,9,10.623055,887
276,281,9,1.533296,815
123,102,15,16.957527,371
292,368,14,19.473454,1165
398,238,14,16.108468,665
21,365,8,13.812808,816
246,130,5,13.201554,646
279,202,9,18.051324,1194
28,174,5,11.725514,803
119,93,20,15.318492,864
238,201,18,1.802414,806
188,282,15,3.741387,476
333,361,17,18.889570,688
285,70,19,14.439150,787
388,282,19,19.641938,1136
122,333,8,15.720524,600
140,294,19,4.131754,1167
394,244,5,17.773651,889
286,178,12,18.446679,454
203,204,6,12.185769,968
242,72,18,4.941019,1084
8,165,5,4.510002,816
162,205,17,16.845450,619
124,3,19,13.224653,460
152,335,9,6.287753,468
159,220,8,3.756314,1079
177,130,19,3.086501,1139
88,118,13,12.324026,373
54,230,9,7.834723,1148
102,164,11,4.823807,284
153,175,8,18.219624,220
0,144,20,3.756584,101
338,186,8,15.579799,747
103,83,8,2.714180,1182
110,64,14,12.351988,428
114,304,7,11.279064,589
58,27,8,18.411724,1189
155,80,14,1.407998,1198
304,171,14,2.385923,967
236,55,5,0.200521,478
73,232,17,1.729239,701
136,122,8,0.408409,349
369,189,8,11.879374,251
14,230,16,1.010715,236
313,264,20,18.710539,463
306,301,5,9.577185,781
146,7,19,9.339722,842
17,197,19,20.032320,734
303,109,18,12.596293,1147
351,116,16,3.319917,138
370,389,16,17.165018,687
57,119,17,14.631688,577
45,249,8,5.185434,617
90,270,6,4.551404,699
380,123,20,15.579290,932
368,212,6,5.026269,1186
213,393,5,3.429579,538
126,209,19,3.885994,664
33,235,6,10.008164,886
52,297,11,2.345331,704
332,232,20,3.742235,1137
378,303,18,16.099370,1162
149,230,11,20.178949,1029
352,202,14,20.326231,866
74,378,13,7.634468,1005
236,184,8,7.403698,397
114,131,14,9.292076,623
39,398,11,18.520329,287
263,68,12,1.348284,224
230,186,9,2.092378,435
135,35,11,4.213519,221
7,145,15,16.690197,939
224,199,9,17.042751,461
310,312,19,13.933507,521
368,333,13,4.641715,175
6,151,14,14.053471,525
43,117,12,14.743909,511
223,234,12,14.692875,1014
80,333,7,19.170485,276
340,361,5,17.122190,920
281,229,9,17.053454,251
375,246,17,13.154554,937
90,285,8,10.473073,1184
37,256,19,16.277828,184
84,141,18,17.177382,783
228,358,16,19.897038,539
397,176,16,13.473718,761
304,135,5,18.091553,1121
80,117,17,14.837125,375
213,398,14,2.167336,1152
166,386,6,19.223109,104
101,48,19,14.089322,1131
210,244,12,15.336058,768
54,73,14,20.213798,227
261,213,14,1.445750,146
42,184,18,15.428948,324
99,264,5,11.038208,637
50,137,8,3.571061,299
259,91,15,7.159032,1154
271,128,7,19.094277,1124
22,286,20,9.813478,987
232,218,15,6.665077,553
338,296,15,12.290203,204
91,204,19,4.644922,832
220,268,19,3.355888,786
355,108,15,13.764459,110
86,46,16,2.879863,578
166,339,6,6.935852,592
387,23,18,10.625686,316
286,68,6,19.346705,865
358,134,17,18.278952,475
272,145,16,5.114741,380
141,324,10,9.850805,361
346,63,17,11.419919,136
284,171,14,8.367773,239
334,11,9,7.504183,671
117,49,9,18.756470,116
60,245,5,5.557553,395
27,49,10,14.107895,346
4,261,5,0.301108,950
322,112,12,7.843024,1126
95,173,12,17.101849,453
111,294,17,8.210585,941
267,395,17,6.281436,628
79,80,13,11.788588,229
313,15,12,9.331872,939
387,205,10,3.859618,188
301,107,5,1.682062,1097
216,86,8,7.010588,851
120,337,10,18.328316,723
6,50,17,2.037906,495
223,357,6,0.769417,780
150,6,7,12.363977,1098
178,35,6,0.338771,120
138,153,12,7.957424,547
228,274,11,8.709342,1079
94,283,16,2.540536,1171
26,190,17,4.836735,959
254,116,9,18.739693,566
361,19,5,16.118015,918
240,34,5,13.072941,918
289,100,6,15.791799,328
350,271,8,9.184589,1025
56,322,17,12.703376,328
23,238,8,10.496024,1105
191,78,5,10.581552,906
338,86,7,9.999123,981
15,360,19,18.439139,462
242,148,9,12.706196,838
86,303,14,1.940054,1056
61,246,5,13.691881,335
43,107,15,20.174717,389
244,270,10,16.807920,955
307,184,19,13.345435,370
311,37,18,11.575899,104
183,89,7,9.543826,1154
62,246,6,5.415371,666
369,194,9,10.166847,153
297,210,20,1.199054,982
150,337,6,15.059611,478
265,206,20,12.674037,566
399,32,13,7.310191,606
107,346,7,6.336230,884
363,273,6,9.359558,683
199,355,14,8.982762,829
132,53,15,8.374830,122
258,249,16,2.875659,150
125,102,12,3.672707,969
154,271,12,15.607313,559
294,253,6,10.406605,887
291,75,8,0.839554,994
263,137,17,14.524262,1198
257,191,18,11.884661,322
180,57,13,17.445767,972
